<?xml version="1.0" encoding="UTF-8"?>
<gpx version="1.1" creator="GarminFitSummaryExtractor" xmlns="http://www.topografix.com/GPX/1/1" xmlns:xsi="http://www.w3.org/2001/XMLSchema-instance" xsi:schemaLocation="http://www.topografix.com/GPX/1/1 http://www.topografix.com/GPX/1/1/gpx.xsd">
  <metadata>
    <name>2025-05-18-07-18-23</name>
    <time>2005-05-19T07:18:23-07:00</time>
  </metadata>
  <trk>
    <name>2025-05-18-07-18-23</name>
    <type>HIKING</type>
    <trkseg>
      <trkpt lat="34.339793203398585" lon="-117.17658556066453">
        <time>2005-05-19T07:18:23-07:00</time>
      </trkpt>
      <trkpt lat="34.33979538269341" lon="-117.17655496671796">
        <time>2005-05-19T07:18:24-07:00</time>
      </trkpt>
      <trkpt lat="34.339788258075714" lon="-117.17654088512063">
        <time>2005-05-19T07:18:27-07:00</time>
      </trkpt>
      <trkpt lat="34.339784905314445" lon="-117.17653501778841">
        <time>2005-05-19T07:18:31-07:00</time>
      </trkpt>
      <trkpt lat="34.33977920562029" lon="-117.17651783488691">
        <time>2005-05-19T07:18:33-07:00</time>
      </trkpt>
      <trkpt lat="34.33977476321161" lon="-117.17650911770761">
        <time>2005-05-19T07:18:36-07:00</time>
      </trkpt>
      <trkpt lat="34.339775098487735" lon="-117.17650861479342">
        <time>2005-05-19T07:18:39-07:00</time>
      </trkpt>
      <trkpt lat="34.33978331275284" lon="-117.17648833058774">
        <time>2005-05-19T07:18:43-07:00</time>
      </trkpt>
      <trkpt lat="34.33979144319892" lon="-117.17648036777973">
        <time>2005-05-19T07:18:45-07:00</time>
      </trkpt>
      <trkpt lat="34.33979823254049" lon="-117.1764646936208">
        <time>2005-05-19T07:18:46-07:00</time>
      </trkpt>
      <trkpt lat="34.33979739435017" lon="-117.17645136639476">
        <time>2005-05-19T07:18:48-07:00</time>
      </trkpt>
      <trkpt lat="34.33978448621929" lon="-117.17642781324685">
        <time>2005-05-19T07:18:50-07:00</time>
      </trkpt>
      <trkpt lat="34.339770236983895" lon="-117.17639378271997">
        <time>2005-05-19T07:18:52-07:00</time>
      </trkpt>
      <trkpt lat="34.33976797387004" lon="-117.17639185488224">
        <time>2005-05-19T07:18:54-07:00</time>
      </trkpt>
      <trkpt lat="34.33975565247238" lon="-117.17636913992465">
        <time>2005-05-19T07:18:56-07:00</time>
      </trkpt>
      <trkpt lat="34.33974903076887" lon="-117.17635991983116">
        <time>2005-05-19T07:18:58-07:00</time>
      </trkpt>
      <trkpt lat="34.33974743820727" lon="-117.17634667642415">
        <time>2005-05-19T07:19:00-07:00</time>
      </trkpt>
      <trkpt lat="34.33976713567972" lon="-117.1763148251921">
        <time>2005-05-19T07:19:03-07:00</time>
      </trkpt>
      <trkpt lat="34.339777026325464" lon="-117.17629537917674">
        <time>2005-05-19T07:19:07-07:00</time>
      </trkpt>
      <trkpt lat="34.33979261666536" lon="-117.17625439167023">
        <time>2005-05-19T07:19:09-07:00</time>
      </trkpt>
      <trkpt lat="34.339795634150505" lon="-117.17623083852232">
        <time>2005-05-19T07:19:13-07:00</time>
      </trkpt>
      <trkpt lat="34.339812733232975" lon="-117.17621181160212">
        <time>2005-05-19T07:19:14-07:00</time>
      </trkpt>
      <trkpt lat="34.33983008377254" lon="-117.1761864144355">
        <time>2005-05-19T07:19:16-07:00</time>
      </trkpt>
      <trkpt lat="34.33983779512346" lon="-117.17618255876005">
        <time>2005-05-19T07:19:20-07:00</time>
      </trkpt>
      <trkpt lat="34.33986721560359" lon="-117.17616411857307">
        <time>2005-05-19T07:19:22-07:00</time>
      </trkpt>
      <trkpt lat="34.33987752534449" lon="-117.17616386711597">
        <time>2005-05-19T07:19:27-07:00</time>
      </trkpt>
      <trkpt lat="34.33988431468606" lon="-117.17616386711597">
        <time>2005-05-19T07:19:29-07:00</time>
      </trkpt>
      <trkpt lat="34.33990644291043" lon="-117.17616361565888">
        <time>2005-05-19T07:19:33-07:00</time>
      </trkpt>
      <trkpt lat="34.33991868048906" lon="-117.17615271918476">
        <time>2005-05-19T07:19:37-07:00</time>
      </trkpt>
      <trkpt lat="34.33987207710743" lon="-117.17616956681013">
        <time>2005-05-19T07:19:38-07:00</time>
      </trkpt>
      <trkpt lat="34.33985925279558" lon="-117.17617057263851">
        <time>2005-05-19T07:19:42-07:00</time>
      </trkpt>
      <trkpt lat="34.339857157319784" lon="-117.17617048881948">
        <time>2005-05-19T07:19:45-07:00</time>
      </trkpt>
      <trkpt lat="34.33985707350075" lon="-117.17617090791464">
        <time>2005-05-19T07:19:49-07:00</time>
      </trkpt>
      <trkpt lat="34.33985690586269" lon="-117.17617124319077">
        <time>2005-05-19T07:19:55-07:00</time>
      </trkpt>
      <trkpt lat="34.339856151491404" lon="-117.17617199756205">
        <time>2005-05-19T07:20:02-07:00</time>
      </trkpt>
      <trkpt lat="34.33985590003431" lon="-117.17617208138108">
        <time>2005-05-19T07:20:07-07:00</time>
      </trkpt>
      <trkpt lat="34.33984508737922" lon="-117.17618490569293">
        <time>2005-05-19T07:20:12-07:00</time>
      </trkpt>
      <trkpt lat="34.339816672727466" lon="-117.17620996758342">
        <time>2005-05-19T07:20:20-07:00</time>
      </trkpt>
      <trkpt lat="34.33979689143598" lon="-117.17621332034469">
        <time>2005-05-19T07:20:22-07:00</time>
      </trkpt>
      <trkpt lat="34.33977912180126" lon="-117.17622396536171">
        <time>2005-05-19T07:20:24-07:00</time>
      </trkpt>
      <trkpt lat="34.33973687700927" lon="-117.17620284296572">
        <time>2005-05-19T07:20:30-07:00</time>
      </trkpt>
      <trkpt lat="34.33972757309675" lon="-117.17619387432933">
        <time>2005-05-19T07:20:31-07:00</time>
      </trkpt>
      <trkpt lat="34.33970091864467" lon="-117.1761766076088">
        <time>2005-05-19T07:20:32-07:00</time>
      </trkpt>
      <trkpt lat="34.33968935161829" lon="-117.17619286850095">
        <time>2005-05-19T07:20:35-07:00</time>
      </trkpt>
      <trkpt lat="34.33967065997422" lon="-117.17621742747724">
        <time>2005-05-19T07:20:37-07:00</time>
      </trkpt>
      <trkpt lat="34.33965817093849" lon="-117.1762347780168">
        <time>2005-05-19T07:20:39-07:00</time>
      </trkpt>
      <trkpt lat="34.33957250788808" lon="-117.17631256207824">
        <time>2005-05-19T07:20:43-07:00</time>
      </trkpt>
      <trkpt lat="34.339518612250686" lon="-117.17635908164084">
        <time>2005-05-19T07:20:44-07:00</time>
      </trkpt>
      <trkpt lat="34.3395006749779" lon="-117.17637450434268">
        <time>2005-05-19T07:20:48-07:00</time>
      </trkpt>
      <trkpt lat="34.33944107964635" lon="-117.1764160785824">
        <time>2005-05-19T07:20:50-07:00</time>
      </trkpt>
      <trkpt lat="34.339356841519475" lon="-117.17646687291563">
        <time>2005-05-19T07:20:54-07:00</time>
      </trkpt>
      <trkpt lat="34.33933010324836" lon="-117.17647735029459">
        <time>2005-05-19T07:20:56-07:00</time>
      </trkpt>
      <trkpt lat="34.339270843192935" lon="-117.17649294063449">
        <time>2005-05-19T07:21:04-07:00</time>
      </trkpt>
      <trkpt lat="34.33926279656589" lon="-117.17650207690895">
        <time>2005-05-19T07:21:10-07:00</time>
      </trkpt>
      <trkpt lat="34.33923555538058" lon="-117.17651297338307">
        <time>2005-05-19T07:21:12-07:00</time>
      </trkpt>
      <trkpt lat="34.33921644464135" lon="-117.17651959508657">
        <time>2005-05-19T07:21:18-07:00</time>
      </trkpt>
      <trkpt lat="34.339149137958884" lon="-117.17657282017171">
        <time>2005-05-19T07:21:25-07:00</time>
      </trkpt>
      <trkpt lat="34.339105216786265" lon="-117.17662185430527">
        <time>2005-05-19T07:21:27-07:00</time>
      </trkpt>
      <trkpt lat="34.33906288817525" lon="-117.17668195255101">
        <time>2005-05-19T07:21:34-07:00</time>
      </trkpt>
      <trkpt lat="34.33901268057525" lon="-117.1767635922879">
        <time>2005-05-19T07:21:35-07:00</time>
      </trkpt>
      <trkpt lat="34.33900287374854" lon="-117.17679225839674">
        <time>2005-05-19T07:21:38-07:00</time>
      </trkpt>
      <trkpt lat="34.339012429118156" lon="-117.17681891284883">
        <time>2005-05-19T07:21:40-07:00</time>
      </trkpt>
      <trkpt lat="34.339020727202296" lon="-117.17684464529157">
        <time>2005-05-19T07:21:47-07:00</time>
      </trkpt>
      <trkpt lat="34.339021649211645" lon="-117.1768703777343">
        <time>2005-05-19T07:21:53-07:00</time>
      </trkpt>
      <trkpt lat="34.33901997283101" lon="-117.17690172605217">
        <time>2005-05-19T07:21:59-07:00</time>
      </trkpt>
      <trkpt lat="34.33903497643769" lon="-117.1769790071994">
        <time>2005-05-19T07:22:06-07:00</time>
      </trkpt>
      <trkpt lat="34.339000107720494" lon="-117.17704128473997">
        <time>2005-05-19T07:22:08-07:00</time>
      </trkpt>
      <trkpt lat="34.33898284099996" lon="-117.17706173658371">
        <time>2005-05-19T07:22:10-07:00</time>
      </trkpt>
      <trkpt lat="34.33897001668811" lon="-117.17710515484214">
        <time>2005-05-19T07:22:12-07:00</time>
      </trkpt>
      <trkpt lat="34.33896951377392" lon="-117.17713013291359">
        <time>2005-05-19T07:22:14-07:00</time>
      </trkpt>
      <trkpt lat="34.3389549292624" lon="-117.17718235217035">
        <time>2005-05-19T07:22:16-07:00</time>
      </trkpt>
      <trkpt lat="34.3389686755836" lon="-117.17721093446016">
        <time>2005-05-19T07:22:22-07:00</time>
      </trkpt>
      <trkpt lat="34.33897010050714" lon="-117.17723909765482">
        <time>2005-05-19T07:22:29-07:00</time>
      </trkpt>
      <trkpt lat="34.338967837393284" lon="-117.17725099995732">
        <time>2005-05-19T07:22:32-07:00</time>
      </trkpt>
      <trkpt lat="34.338947888463736" lon="-117.1773019619286">
        <time>2005-05-19T07:22:36-07:00</time>
      </trkpt>
      <trkpt lat="34.338933723047376" lon="-117.17737387865782">
        <time>2005-05-19T07:22:38-07:00</time>
      </trkpt>
      <trkpt lat="34.33892651461065" lon="-117.1773865353316">
        <time>2005-05-19T07:22:43-07:00</time>
      </trkpt>
      <trkpt lat="34.3389065656811" lon="-117.17740841209888">
        <time>2005-05-19T07:22:45-07:00</time>
      </trkpt>
      <trkpt lat="34.33890229091048" lon="-117.17741679400206">
        <time>2005-05-19T07:22:47-07:00</time>
      </trkpt>
      <trkpt lat="34.33888024650514" lon="-117.17748745344579">
        <time>2005-05-19T07:22:48-07:00</time>
      </trkpt>
      <trkpt lat="34.33886784128845" lon="-117.17757160775363">
        <time>2005-05-19T07:22:53-07:00</time>
      </trkpt>
      <trkpt lat="34.33886834420264" lon="-117.17761896550655">
        <time>2005-05-19T07:22:59-07:00</time>
      </trkpt>
      <trkpt lat="34.33886985294521" lon="-117.17762759886682">
        <time>2005-05-19T07:23:04-07:00</time>
      </trkpt>
      <trkpt lat="34.3388737924397" lon="-117.17764059081674">
        <time>2005-05-19T07:23:41-07:00</time>
      </trkpt>
      <trkpt lat="34.338881922885776" lon="-117.17769289389253">
        <time>2005-05-19T07:23:42-07:00</time>
      </trkpt>
      <trkpt lat="34.338865326717496" lon="-117.17779473401606">
        <time>2005-05-19T07:23:47-07:00</time>
      </trkpt>
      <trkpt lat="34.338858453556895" lon="-117.17781962826848">
        <time>2005-05-19T07:23:52-07:00</time>
      </trkpt>
      <trkpt lat="34.338853592053056" lon="-117.17784150503576">
        <time>2005-05-19T07:23:56-07:00</time>
      </trkpt>
      <trkpt lat="34.338837917894125" lon="-117.17790009453893">
        <time>2005-05-19T07:23:57-07:00</time>
      </trkpt>
      <trkpt lat="34.33884202502668" lon="-117.17795616947114">
        <time>2005-05-19T07:23:58-07:00</time>
      </trkpt>
      <trkpt lat="34.3388373311609" lon="-117.177963713184">
        <time>2005-05-19T07:24:03-07:00</time>
      </trkpt>
      <trkpt lat="34.33882073499262" lon="-117.17800025828183">
        <time>2005-05-19T07:24:10-07:00</time>
      </trkpt>
      <trkpt lat="34.338810592889786" lon="-117.17801635153592">
        <time>2005-05-19T07:24:13-07:00</time>
      </trkpt>
      <trkpt lat="34.338810509070754" lon="-117.17807854525745">
        <time>2005-05-19T07:24:16-07:00</time>
      </trkpt>
      <trkpt lat="34.33881679549813" lon="-117.17808994464576">
        <time>2005-05-19T07:24:21-07:00</time>
      </trkpt>
      <trkpt lat="34.33887345716357" lon="-117.17815054580569">
        <time>2005-05-19T07:24:26-07:00</time>
      </trkpt>
      <trkpt lat="34.33887521736324" lon="-117.17816462740302">
        <time>2005-05-19T07:24:27-07:00</time>
      </trkpt>
      <trkpt lat="34.338881419971585" lon="-117.17821315862238">
        <time>2005-05-19T07:24:30-07:00</time>
      </trkpt>
      <trkpt lat="34.33888644911349" lon="-117.17822598293424">
        <time>2005-05-19T07:24:31-07:00</time>
      </trkpt>
      <trkpt lat="34.33889198116958" lon="-117.17830301262438">
        <time>2005-05-19T07:24:36-07:00</time>
      </trkpt>
      <trkpt lat="34.33889575302601" lon="-117.17831273563206">
        <time>2005-05-19T07:24:37-07:00</time>
      </trkpt>
      <trkpt lat="34.33892332948744" lon="-117.1783916093409">
        <time>2005-05-19T07:24:44-07:00</time>
      </trkpt>
      <trkpt lat="34.338933136314154" lon="-117.17842010781169">
        <time>2005-05-19T07:24:45-07:00</time>
      </trkpt>
      <trkpt lat="34.33894713409245" lon="-117.1784457564354">
        <time>2005-05-19T07:24:49-07:00</time>
      </trkpt>
      <trkpt lat="34.338954677805305" lon="-117.17845631763339">
        <time>2005-05-19T07:24:50-07:00</time>
      </trkpt>
      <trkpt lat="34.33896314352751" lon="-117.17848909087479">
        <time>2005-05-19T07:24:56-07:00</time>
      </trkpt>
      <trkpt lat="34.338969346135855" lon="-117.17852965928614">
        <time>2005-05-19T07:24:57-07:00</time>
      </trkpt>
      <trkpt lat="34.33898393064737" lon="-117.17858958989382">
        <time>2005-05-19T07:25:03-07:00</time>
      </trkpt>
      <trkpt lat="34.33900983072817" lon="-117.17866519466043">
        <time>2005-05-19T07:25:05-07:00</time>
      </trkpt>
      <trkpt lat="34.33902642689645" lon="-117.17874130234122">
        <time>2005-05-19T07:25:07-07:00</time>
      </trkpt>
      <trkpt lat="34.33903271332383" lon="-117.17875328846276">
        <time>2005-05-19T07:25:08-07:00</time>
      </trkpt>
      <trkpt lat="34.33907663449645" lon="-117.17879922129214">
        <time>2005-05-19T07:25:11-07:00</time>
      </trkpt>
      <trkpt lat="34.33908870443702" lon="-117.17881573364139">
        <time>2005-05-19T07:25:16-07:00</time>
      </trkpt>
      <trkpt lat="34.33911418542266" lon="-117.17886468395591">
        <time>2005-05-19T07:25:21-07:00</time>
      </trkpt>
      <trkpt lat="34.339131116867065" lon="-117.17891036532819">
        <time>2005-05-19T07:25:26-07:00</time>
      </trkpt>
      <trkpt lat="34.339132625609636" lon="-117.17893383465707">
        <time>2005-05-19T07:25:32-07:00</time>
      </trkpt>
      <trkpt lat="34.33914100751281" lon="-117.17898773029447">
        <time>2005-05-19T07:25:33-07:00</time>
      </trkpt>
      <trkpt lat="34.33915039524436" lon="-117.17899619601667">
        <time>2005-05-19T07:25:38-07:00</time>
      </trkpt>
      <trkpt lat="34.339167242869735" lon="-117.17907817102969">
        <time>2005-05-19T07:25:40-07:00</time>
      </trkpt>
      <trkpt lat="34.339175624772906" lon="-117.17913248576224">
        <time>2005-05-19T07:25:44-07:00</time>
      </trkpt>
      <trkpt lat="34.339191215112805" lon="-117.17916006222367">
        <time>2005-05-19T07:25:48-07:00</time>
      </trkpt>
      <trkpt lat="34.339265897870064" lon="-117.17922133393586">
        <time>2005-05-19T07:25:51-07:00</time>
      </trkpt>
      <trkpt lat="34.33929221704602" lon="-117.179234912619">
        <time>2005-05-19T07:25:56-07:00</time>
      </trkpt>
      <trkpt lat="34.33931266888976" lon="-117.17925360426307">
        <time>2005-05-19T07:25:57-07:00</time>
      </trkpt>
      <trkpt lat="34.33932155370712" lon="-117.17925796285272">
        <time>2005-05-19T07:26:03-07:00</time>
      </trkpt>
      <trkpt lat="34.33934971690178" lon="-117.17933096922934">
        <time>2005-05-19T07:26:07-07:00</time>
      </trkpt>
      <trkpt lat="34.33933270163834" lon="-117.17943398281932">
        <time>2005-05-19T07:26:09-07:00</time>
      </trkpt>
      <trkpt lat="34.339273776859045" lon="-117.1794521715492">
        <time>2005-05-19T07:26:16-07:00</time>
      </trkpt>
      <trkpt lat="34.3392638862133" lon="-117.17945208773017">
        <time>2005-05-19T07:26:18-07:00</time>
      </trkpt>
      <trkpt lat="34.33919481933117" lon="-117.17947564087808">
        <time>2005-05-19T07:26:20-07:00</time>
      </trkpt>
      <trkpt lat="34.33914293535054" lon="-117.17949265614152">
        <time>2005-05-19T07:26:21-07:00</time>
      </trkpt>
      <trkpt lat="34.3391084857285" lon="-117.17953087761998">
        <time>2005-05-19T07:26:27-07:00</time>
      </trkpt>
      <trkpt lat="34.33911234140396" lon="-117.17956096865237">
        <time>2005-05-19T07:26:34-07:00</time>
      </trkpt>
      <trkpt lat="34.33912206441164" lon="-117.1795766428113">
        <time>2005-05-19T07:26:38-07:00</time>
      </trkpt>
      <trkpt lat="34.33913245797157" lon="-117.17958318069577">
        <time>2005-05-19T07:26:39-07:00</time>
      </trkpt>
      <trkpt lat="34.339157016947865" lon="-117.17959424480796">
        <time>2005-05-19T07:26:45-07:00</time>
      </trkpt>
      <trkpt lat="34.33923404663801" lon="-117.17963699251413">
        <time>2005-05-19T07:26:50-07:00</time>
      </trkpt>
      <trkpt lat="34.33925659395754" lon="-117.17964973300695">
        <time>2005-05-19T07:26:54-07:00</time>
      </trkpt>
      <trkpt lat="34.3392866011709" lon="-117.1796850208193">
        <time>2005-05-19T07:26:56-07:00</time>
      </trkpt>
      <trkpt lat="34.33929062448442" lon="-117.17968904413283">
        <time>2005-05-19T07:26:58-07:00</time>
      </trkpt>
      <trkpt lat="34.339310489594936" lon="-117.1797098312527">
        <time>2005-05-19T07:26:59-07:00</time>
      </trkpt>
      <trkpt lat="34.33933085761964" lon="-117.17974620871246">
        <time>2005-05-19T07:27:01-07:00</time>
      </trkpt>
      <trkpt lat="34.33934519067407" lon="-117.17976691201329">
        <time>2005-05-19T07:27:08-07:00</time>
      </trkpt>
      <trkpt lat="34.33936052955687" lon="-117.17978443019092">
        <time>2005-05-19T07:27:10-07:00</time>
      </trkpt>
      <trkpt lat="34.33938232250512" lon="-117.17982726171613">
        <time>2005-05-19T07:27:13-07:00</time>
      </trkpt>
      <trkpt lat="34.33938886038959" lon="-117.17985249124467">
        <time>2005-05-19T07:27:14-07:00</time>
      </trkpt>
      <trkpt lat="34.339394895359874" lon="-117.17986464500427">
        <time>2005-05-19T07:27:17-07:00</time>
      </trkpt>
      <trkpt lat="34.33943563140929" lon="-117.17991552315652">
        <time>2005-05-19T07:27:20-07:00</time>
      </trkpt>
      <trkpt lat="34.339443761855364" lon="-117.17993882484734">
        <time>2005-05-19T07:27:22-07:00</time>
      </trkpt>
      <trkpt lat="34.339443342760205" lon="-117.17997972853482">
        <time>2005-05-19T07:27:24-07:00</time>
      </trkpt>
      <trkpt lat="34.33945817872882" lon="-117.18003395944834">
        <time>2005-05-19T07:27:28-07:00</time>
      </trkpt>
      <trkpt lat="34.339462369680405" lon="-117.18004728667438">
        <time>2005-05-19T07:27:30-07:00</time>
      </trkpt>
      <trkpt lat="34.33950520120561" lon="-117.1801102347672">
        <time>2005-05-19T07:27:31-07:00</time>
      </trkpt>
      <trkpt lat="34.33953898027539" lon="-117.18015507794917">
        <time>2005-05-19T07:27:37-07:00</time>
      </trkpt>
      <trkpt lat="34.33959010988474" lon="-117.18020738102496">
        <time>2005-05-19T07:27:39-07:00</time>
      </trkpt>
      <trkpt lat="34.339598156511784" lon="-117.18021349981427">
        <time>2005-05-19T07:27:42-07:00</time>
      </trkpt>
      <trkpt lat="34.33959932997823" lon="-117.18023026362062">
        <time>2005-05-19T07:27:47-07:00</time>
      </trkpt>
      <trkpt lat="34.33961902745068" lon="-117.18026814982295">
        <time>2005-05-19T07:27:48-07:00</time>
      </trkpt>
      <trkpt lat="34.33963553979993" lon="-117.18028323724866">
        <time>2005-05-19T07:27:54-07:00</time>
      </trkpt>
      <trkpt lat="34.33964501135051" lon="-117.18030930496752">
        <time>2005-05-19T07:27:58-07:00</time>
      </trkpt>
      <trkpt lat="34.339667055755854" lon="-117.18034258112311">
        <time>2005-05-19T07:28:03-07:00</time>
      </trkpt>
      <trkpt lat="34.3396922852844" lon="-117.18036965467036">
        <time>2005-05-19T07:28:04-07:00</time>
      </trkpt>
      <trkpt lat="34.33971877209842" lon="-117.18038231134415">
        <time>2005-05-19T07:28:05-07:00</time>
      </trkpt>
      <trkpt lat="34.339741822332144" lon="-117.18039580620825">
        <time>2005-05-19T07:28:09-07:00</time>
      </trkpt>
      <trkpt lat="34.339790185913444" lon="-117.18044358305633">
        <time>2005-05-19T07:28:11-07:00</time>
      </trkpt>
      <trkpt lat="34.33984751813114" lon="-117.18046881258488">
        <time>2005-05-19T07:28:14-07:00</time>
      </trkpt>
      <trkpt lat="34.33985682204366" lon="-117.18047350645065">
        <time>2005-05-19T07:28:17-07:00</time>
      </trkpt>
      <trkpt lat="34.3398857396096" lon="-117.18048415146768">
        <time>2005-05-19T07:28:20-07:00</time>
      </trkpt>
      <trkpt lat="34.33990275487304" lon="-117.18052061274648">
        <time>2005-05-19T07:28:23-07:00</time>
      </trkpt>
      <trkpt lat="34.339938797056675" lon="-117.18055321834981">
        <time>2005-05-19T07:28:26-07:00</time>
      </trkpt>
      <trkpt lat="34.33996779844165" lon="-117.18059814535081">
        <time>2005-05-19T07:28:32-07:00</time>
      </trkpt>
      <trkpt lat="34.33999042958021" lon="-117.18063175678253">
        <time>2005-05-19T07:28:37-07:00</time>
      </trkpt>
      <trkpt lat="34.340031165629625" lon="-117.18067517504096">
        <time>2005-05-19T07:28:38-07:00</time>
      </trkpt>
      <trkpt lat="34.34009243734181" lon="-117.18073275871575">
        <time>2005-05-19T07:28:41-07:00</time>
      </trkpt>
      <trkpt lat="34.340114733204246" lon="-117.180812722072">
        <time>2005-05-19T07:28:44-07:00</time>
      </trkpt>
      <trkpt lat="34.34012437239289" lon="-117.18084641732275">
        <time>2005-05-19T07:28:49-07:00</time>
      </trkpt>
      <trkpt lat="34.34015144594014" lon="-117.18088648281991">
        <time>2005-05-19T07:28:53-07:00</time>
      </trkpt>
      <trkpt lat="34.34019695967436" lon="-117.18097742646933">
        <time>2005-05-19T07:28:56-07:00</time>
      </trkpt>
      <trkpt lat="34.34025119058788" lon="-117.18101346865296">
        <time>2005-05-19T07:29:01-07:00</time>
      </trkpt>
      <trkpt lat="34.34033224359155" lon="-117.18098220415413">
        <time>2005-05-19T07:29:07-07:00</time>
      </trkpt>
      <trkpt lat="34.34037834405899" lon="-117.18095923773944">
        <time>2005-05-19T07:29:15-07:00</time>
      </trkpt>
      <trkpt lat="34.34039016254246" lon="-117.18095689080656">
        <time>2005-05-19T07:29:18-07:00</time>
      </trkpt>
      <trkpt lat="34.34043341316283" lon="-117.18094641342759">
        <time>2005-05-19T07:29:22-07:00</time>
      </trkpt>
      <trkpt lat="34.34049275703728" lon="-117.18093275092542">
        <time>2005-05-19T07:29:29-07:00</time>
      </trkpt>
      <trkpt lat="34.340516896918416" lon="-117.18092839233577">
        <time>2005-05-19T07:29:34-07:00</time>
      </trkpt>
      <trkpt lat="34.340554447844625" lon="-117.18092964962125">
        <time>2005-05-19T07:29:41-07:00</time>
      </trkpt>
      <trkpt lat="34.340630220249295" lon="-117.18095672316849">
        <time>2005-05-19T07:29:45-07:00</time>
      </trkpt>
      <trkpt lat="34.34067104011774" lon="-117.18098253943026">
        <time>2005-05-19T07:29:46-07:00</time>
      </trkpt>
      <trkpt lat="34.340678164735436" lon="-117.18098882585764">
        <time>2005-05-19T07:29:50-07:00</time>
      </trkpt>
      <trkpt lat="34.340734239667654" lon="-117.18101212754846">
        <time>2005-05-19T07:29:55-07:00</time>
      </trkpt>
      <trkpt lat="34.340791990980506" lon="-117.18104515224695">
        <time>2005-05-19T07:29:57-07:00</time>
      </trkpt>
      <trkpt lat="34.340803138911724" lon="-117.18105009756982">
        <time>2005-05-19T07:30:01-07:00</time>
      </trkpt>
      <trkpt lat="34.34084806591272" lon="-117.18106065876782">
        <time>2005-05-19T07:30:07-07:00</time>
      </trkpt>
      <trkpt lat="34.340900955721736" lon="-117.18106468208134">
        <time>2005-05-19T07:30:12-07:00</time>
      </trkpt>
      <trkpt lat="34.340909253805876" lon="-117.18106015585363">
        <time>2005-05-19T07:30:13-07:00</time>
      </trkpt>
      <trkpt lat="34.34092400595546" lon="-117.18105303123593">
        <time>2005-05-19T07:30:18-07:00</time>
      </trkpt>
      <trkpt lat="34.34096189215779" lon="-117.18105093576014">
        <time>2005-05-19T07:30:24-07:00</time>
      </trkpt>
      <trkpt lat="34.3410097528249" lon="-117.18103861436248">
        <time>2005-05-19T07:30:25-07:00</time>
      </trkpt>
      <trkpt lat="34.34106742031872" lon="-117.181032076478">
        <time>2005-05-19T07:30:29-07:00</time>
      </trkpt>
      <trkpt lat="34.34111368842423" lon="-117.18103442341089">
        <time>2005-05-19T07:30:34-07:00</time>
      </trkpt>
      <trkpt lat="34.34115333482623" lon="-117.1810495108366">
        <time>2005-05-19T07:30:35-07:00</time>
      </trkpt>
      <trkpt lat="34.34115752577782" lon="-117.18105462379754">
        <time>2005-05-19T07:30:36-07:00</time>
      </trkpt>
      <trkpt lat="34.341211253777146" lon="-117.18108538538218">
        <time>2005-05-19T07:30:40-07:00</time>
      </trkpt>
      <trkpt lat="34.3412758782506" lon="-117.1811187453568">
        <time>2005-05-19T07:30:44-07:00</time>
      </trkpt>
      <trkpt lat="34.341286858543754" lon="-117.18112838454545">
        <time>2005-05-19T07:30:49-07:00</time>
      </trkpt>
      <trkpt lat="34.34132181107998" lon="-117.1811462379992">
        <time>2005-05-19T07:30:54-07:00</time>
      </trkpt>
      <trkpt lat="34.341368582099676" lon="-117.18116417527199">
        <time>2005-05-19T07:30:58-07:00</time>
      </trkpt>
      <trkpt lat="34.34137168340385" lon="-117.18116945587099">
        <time>2005-05-19T07:30:59-07:00</time>
      </trkpt>
      <trkpt lat="34.34141116216779" lon="-117.18121061101556">
        <time>2005-05-19T07:31:04-07:00</time>
      </trkpt>
      <trkpt lat="34.341443348675966" lon="-117.18123667873442">
        <time>2005-05-19T07:31:10-07:00</time>
      </trkpt>
      <trkpt lat="34.3414590228349" lon="-117.18124170787632">
        <time>2005-05-19T07:31:11-07:00</time>
      </trkpt>
      <trkpt lat="34.34153605252504" lon="-117.18128353357315">
        <time>2005-05-19T07:31:15-07:00</time>
      </trkpt>
      <trkpt lat="34.34157251380384" lon="-117.18129912391305">
        <time>2005-05-19T07:31:19-07:00</time>
      </trkpt>
      <trkpt lat="34.3415935523808" lon="-117.18129912391305">
        <time>2005-05-19T07:31:20-07:00</time>
      </trkpt>
      <trkpt lat="34.34163219295442" lon="-117.18130256049335">
        <time>2005-05-19T07:31:24-07:00</time>
      </trkpt>
      <trkpt lat="34.341693883761764" lon="-117.18130247667432">
        <time>2005-05-19T07:31:28-07:00</time>
      </trkpt>
      <trkpt lat="34.34171768836677" lon="-117.18130432069302">
        <time>2005-05-19T07:31:30-07:00</time>
      </trkpt>
      <trkpt lat="34.34175683185458" lon="-117.18130490742624">
        <time>2005-05-19T07:31:37-07:00</time>
      </trkpt>
      <trkpt lat="34.34180117212236" lon="-117.18130683526397">
        <time>2005-05-19T07:31:41-07:00</time>
      </trkpt>
      <trkpt lat="34.34183235280216" lon="-117.18130432069302">
        <time>2005-05-19T07:31:44-07:00</time>
      </trkpt>
      <trkpt lat="34.34185062535107" lon="-117.18130633234978">
        <time>2005-05-19T07:31:47-07:00</time>
      </trkpt>
      <trkpt lat="34.34191550128162" lon="-117.18131865374744">
        <time>2005-05-19T07:31:52-07:00</time>
      </trkpt>
      <trkpt lat="34.34196235612035" lon="-117.18131454661489">
        <time>2005-05-19T07:31:54-07:00</time>
      </trkpt>
      <trkpt lat="34.34198347851634" lon="-117.18131798319519">
        <time>2005-05-19T07:31:58-07:00</time>
      </trkpt>
      <trkpt lat="34.34203636832535" lon="-117.18132309615612">
        <time>2005-05-19T07:32:03-07:00</time>
      </trkpt>
      <trkpt lat="34.34207484126091" lon="-117.18135796487331">
        <time>2005-05-19T07:32:06-07:00</time>
      </trkpt>
      <trkpt lat="34.34208104386926" lon="-117.18136123381555">
        <time>2005-05-19T07:32:08-07:00</time>
      </trkpt>
      <trkpt lat="34.34212136082351" lon="-117.18139559961855">
        <time>2005-05-19T07:32:15-07:00</time>
      </trkpt>
      <trkpt lat="34.342166036367416" lon="-117.18148126266897">
        <time>2005-05-19T07:32:19-07:00</time>
      </trkpt>
      <trkpt lat="34.34213208965957" lon="-117.18155133537948">
        <time>2005-05-19T07:32:21-07:00</time>
      </trkpt>
      <trkpt lat="34.342093113809824" lon="-117.18158352188766">
        <time>2005-05-19T07:32:26-07:00</time>
      </trkpt>
      <trkpt lat="34.34208213351667" lon="-117.1815920714289">
        <time>2005-05-19T07:32:32-07:00</time>
      </trkpt>
      <trkpt lat="34.342018933966756" lon="-117.18161411583424">
        <time>2005-05-19T07:32:33-07:00</time>
      </trkpt>
      <trkpt lat="34.34200066141784" lon="-117.18161210417747">
        <time>2005-05-19T07:32:37-07:00</time>
      </trkpt>
      <trkpt lat="34.34199286624789" lon="-117.18160849995911">
        <time>2005-05-19T07:32:45-07:00</time>
      </trkpt>
      <trkpt lat="34.34196587651968" lon="-117.18160221353173">
        <time>2005-05-19T07:32:51-07:00</time>
      </trkpt>
      <trkpt lat="34.34195858426392" lon="-117.18160489574075">
        <time>2005-05-19T07:32:55-07:00</time>
      </trkpt>
      <trkpt lat="34.34191449545324" lon="-117.18160539865494">
        <time>2005-05-19T07:32:56-07:00</time>
      </trkpt>
      <trkpt lat="34.341908879578114" lon="-117.18160690739751">
        <time>2005-05-19T07:33:03-07:00</time>
      </trkpt>
      <trkpt lat="34.34186085127294" lon="-117.18160523101687">
        <time>2005-05-19T07:33:06-07:00</time>
      </trkpt>
      <trkpt lat="34.34185381047428" lon="-117.18161051161587">
        <time>2005-05-19T07:33:09-07:00</time>
      </trkpt>
      <trkpt lat="34.3418147508055" lon="-117.18163792043924">
        <time>2005-05-19T07:33:13-07:00</time>
      </trkpt>
      <trkpt lat="34.341808799654245" lon="-117.18165845610201">
        <time>2005-05-19T07:33:14-07:00</time>
      </trkpt>
      <trkpt lat="34.341787761077285" lon="-117.18167857266963">
        <time>2005-05-19T07:33:18-07:00</time>
      </trkpt>
      <trkpt lat="34.34178004972637" lon="-117.18168150633574">
        <time>2005-05-19T07:33:19-07:00</time>
      </trkpt>
      <trkpt lat="34.34176655486226" lon="-117.18169793486595">
        <time>2005-05-19T07:33:25-07:00</time>
      </trkpt>
      <trkpt lat="34.34172154404223" lon="-117.18174462206662">
        <time>2005-05-19T07:33:26-07:00</time>
      </trkpt>
      <trkpt lat="34.341702265664935" lon="-117.18176482245326">
        <time>2005-05-19T07:33:30-07:00</time>
      </trkpt>
      <trkpt lat="34.34167167171836" lon="-117.18180019408464">
        <time>2005-05-19T07:33:32-07:00</time>
      </trkpt>
      <trkpt lat="34.34165893122554" lon="-117.18183430843055">
        <time>2005-05-19T07:33:35-07:00</time>
      </trkpt>
      <trkpt lat="34.341645520180464" lon="-117.18187035061419">
        <time>2005-05-19T07:33:36-07:00</time>
      </trkpt>
      <trkpt lat="34.341626493260264" lon="-117.18192181549966">
        <time>2005-05-19T07:33:38-07:00</time>
      </trkpt>
      <trkpt lat="34.341594809666276" lon="-117.18195458874106">
        <time>2005-05-19T07:33:44-07:00</time>
      </trkpt>
      <trkpt lat="34.34156312607229" lon="-117.18196850270033">
        <time>2005-05-19T07:33:46-07:00</time>
      </trkpt>
      <trkpt lat="34.34151107445359" lon="-117.18202834948897">
        <time>2005-05-19T07:33:51-07:00</time>
      </trkpt>
      <trkpt lat="34.3414933886379" lon="-117.1820580214262">
        <time>2005-05-19T07:33:57-07:00</time>
      </trkpt>
      <trkpt lat="34.341476960107684" lon="-117.18209699727595">
        <time>2005-05-19T07:34:00-07:00</time>
      </trkpt>
      <trkpt lat="34.34146505780518" lon="-117.18218995258212">
        <time>2005-05-19T07:34:05-07:00</time>
      </trkpt>
      <trkpt lat="34.34145432896912" lon="-117.18220034614205">
        <time>2005-05-19T07:34:08-07:00</time>
      </trkpt>
      <trkpt lat="34.34143245220184" lon="-117.18226832337677">
        <time>2005-05-19T07:34:11-07:00</time>
      </trkpt>
      <trkpt lat="34.34146153740585" lon="-117.18238927423954">
        <time>2005-05-19T07:34:18-07:00</time>
      </trkpt>
      <trkpt lat="34.341479893773794" lon="-117.18247971497476">
        <time>2005-05-19T07:34:21-07:00</time>
      </trkpt>
      <trkpt lat="34.341474613174796" lon="-117.1824946347624">
        <time>2005-05-19T07:34:24-07:00</time>
      </trkpt>
      <trkpt lat="34.34144879691303" lon="-117.18253059312701">
        <time>2005-05-19T07:34:31-07:00</time>
      </trkpt>
      <trkpt lat="34.34140688739717" lon="-117.18258088454604">
        <time>2005-05-19T07:34:32-07:00</time>
      </trkpt>
      <trkpt lat="34.341379730030894" lon="-117.1826122328639">
        <time>2005-05-19T07:34:38-07:00</time>
      </trkpt>
      <trkpt lat="34.34135818853974" lon="-117.18262832611799">
        <time>2005-05-19T07:34:46-07:00</time>
      </trkpt>
      <trkpt lat="34.34131309390068" lon="-117.18267350457609">
        <time>2005-05-19T07:34:52-07:00</time>
      </trkpt>
      <trkpt lat="34.3412811588496" lon="-117.18269538134336">
        <time>2005-05-19T07:34:53-07:00</time>
      </trkpt>
      <trkpt lat="34.3412655685097" lon="-117.18270451761782">
        <time>2005-05-19T07:34:56-07:00</time>
      </trkpt>
      <trkpt lat="34.34123145416379" lon="-117.18273452483118">
        <time>2005-05-19T07:35:00-07:00</time>
      </trkpt>
      <trkpt lat="34.341185353696346" lon="-117.18278984539211">
        <time>2005-05-19T07:35:03-07:00</time>
      </trkpt>
      <trkpt lat="34.34117705561221" lon="-117.18280208297074">
        <time>2005-05-19T07:35:05-07:00</time>
      </trkpt>
      <trkpt lat="34.341139504686" lon="-117.1828992292285">
        <time>2005-05-19T07:35:10-07:00</time>
      </trkpt>
      <trkpt lat="34.341108994558454" lon="-117.1829766780138">
        <time>2005-05-19T07:35:13-07:00</time>
      </trkpt>
      <trkpt lat="34.34110430069268" lon="-117.18298656865954">
        <time>2005-05-19T07:35:14-07:00</time>
      </trkpt>
      <trkpt lat="34.34107915498316" lon="-117.18307239934802">
        <time>2005-05-19T07:35:18-07:00</time>
      </trkpt>
      <trkpt lat="34.341075383126736" lon="-117.1830874029547">
        <time>2005-05-19T07:35:23-07:00</time>
      </trkpt>
      <trkpt lat="34.34105903841555" lon="-117.18311950564384">
        <time>2005-05-19T07:35:24-07:00</time>
      </trkpt>
      <trkpt lat="34.34102869592607" lon="-117.18317130580544">
        <time>2005-05-19T07:35:31-07:00</time>
      </trkpt>
      <trkpt lat="34.34101939201355" lon="-117.1831820346415">
        <time>2005-05-19T07:35:37-07:00</time>
      </trkpt>
      <trkpt lat="34.3409701064229" lon="-117.18324171379209">
        <time>2005-05-19T07:35:38-07:00</time>
      </trkpt>
      <trkpt lat="34.34094521217048" lon="-117.18328387476504">
        <time>2005-05-19T07:35:44-07:00</time>
      </trkpt>
      <trkpt lat="34.34091352857649" lon="-117.18332360498607">
        <time>2005-05-19T07:35:45-07:00</time>
      </trkpt>
      <trkpt lat="34.34088159352541" lon="-117.18336484394968">
        <time>2005-05-19T07:35:47-07:00</time>
      </trkpt>
      <trkpt lat="34.34086013585329" lon="-117.1834241040051">
        <time>2005-05-19T07:35:51-07:00</time>
      </trkpt>
      <trkpt lat="34.34085820801556" lon="-117.18347523361444">
        <time>2005-05-19T07:35:52-07:00</time>
      </trkpt>
      <trkpt lat="34.34085535816848" lon="-117.18348973430693">
        <time>2005-05-19T07:35:57-07:00</time>
      </trkpt>
      <trkpt lat="34.340820237994194" lon="-117.18357916921377">
        <time>2005-05-19T07:36:00-07:00</time>
      </trkpt>
      <trkpt lat="34.340808084234595" lon="-117.18359610065818">
        <time>2005-05-19T07:36:03-07:00</time>
      </trkpt>
      <trkpt lat="34.340757792815566" lon="-117.18364815227687">
        <time>2005-05-19T07:36:07-07:00</time>
      </trkpt>
      <trkpt lat="34.340724935755134" lon="-117.18370221555233">
        <time>2005-05-19T07:36:12-07:00</time>
      </trkpt>
      <trkpt lat="34.34070901013911" lon="-117.18376809731126">
        <time>2005-05-19T07:36:16-07:00</time>
      </trkpt>
      <trkpt lat="34.34070825576782" lon="-117.18380405567586">
        <time>2005-05-19T07:36:17-07:00</time>
      </trkpt>
      <trkpt lat="34.340697694569826" lon="-117.18392668291926">
        <time>2005-05-19T07:36:23-07:00</time>
      </trkpt>
      <trkpt lat="34.34067782945931" lon="-117.18402869068086">
        <time>2005-05-19T07:36:24-07:00</time>
      </trkpt>
      <trkpt lat="34.340670704841614" lon="-117.18403925187886">
        <time>2005-05-19T07:36:29-07:00</time>
      </trkpt>
      <trkpt lat="34.34063449501991" lon="-117.18409624882042">
        <time>2005-05-19T07:36:33-07:00</time>
      </trkpt>
      <trkpt lat="34.34062359854579" lon="-117.18412541784346">
        <time>2005-05-19T07:36:38-07:00</time>
      </trkpt>
      <trkpt lat="34.340590154752135" lon="-117.18419297598302">
        <time>2005-05-19T07:36:40-07:00</time>
      </trkpt>
      <trkpt lat="34.3405697029084" lon="-117.18422658741474">
        <time>2005-05-19T07:36:48-07:00</time>
      </trkpt>
      <trkpt lat="34.3405488319695" lon="-117.18427436426282">
        <time>2005-05-19T07:36:55-07:00</time>
      </trkpt>
      <trkpt lat="34.3405557051301" lon="-117.18438525684178">
        <time>2005-05-19T07:36:56-07:00</time>
      </trkpt>
      <trkpt lat="34.34055268764496" lon="-117.18440126627684">
        <time>2005-05-19T07:37:01-07:00</time>
      </trkpt>
      <trkpt lat="34.34055620804429" lon="-117.1844772901386">
        <time>2005-05-19T07:37:03-07:00</time>
      </trkpt>
      <trkpt lat="34.34057037346065" lon="-117.18458759598434">
        <time>2005-05-19T07:37:08-07:00</time>
      </trkpt>
      <trkpt lat="34.34055897407234" lon="-117.18466881662607">
        <time>2005-05-19T07:37:10-07:00</time>
      </trkpt>
      <trkpt lat="34.34056123718619" lon="-117.18472363427281">
        <time>2005-05-19T07:37:13-07:00</time>
      </trkpt>
      <trkpt lat="34.340562829747796" lon="-117.18475121073425">
        <time>2005-05-19T07:37:20-07:00</time>
      </trkpt>
      <trkpt lat="34.34053550474346" lon="-117.18483109027147">
        <time>2005-05-19T07:37:21-07:00</time>
      </trkpt>
      <trkpt lat="34.34053081087768" lon="-117.18484114855528">
        <time>2005-05-19T07:37:26-07:00</time>
      </trkpt>
      <trkpt lat="34.34051530435681" lon="-117.18492295593023">
        <time>2005-05-19T07:37:33-07:00</time>
      </trkpt>
      <trkpt lat="34.34051128104329" lon="-117.18495790846646">
        <time>2005-05-19T07:37:38-07:00</time>
      </trkpt>
      <trkpt lat="34.34050541371107" lon="-117.18501515686512">
        <time>2005-05-19T07:37:42-07:00</time>
      </trkpt>
      <trkpt lat="34.34048730880022" lon="-117.18510056845844">
        <time>2005-05-19T07:37:44-07:00</time>
      </trkpt>
      <trkpt lat="34.340501222759485" lon="-117.18518950045109">
        <time>2005-05-19T07:37:49-07:00</time>
      </trkpt>
      <trkpt lat="34.3405142147094" lon="-117.18523979187012">
        <time>2005-05-19T07:37:50-07:00</time>
      </trkpt>
      <trkpt lat="34.34051454998553" lon="-117.18528530560434">
        <time>2005-05-19T07:37:55-07:00</time>
      </trkpt>
      <trkpt lat="34.34050197713077" lon="-117.18531279824674">
        <time>2005-05-19T07:37:57-07:00</time>
      </trkpt>
      <trkpt lat="34.34049057774246" lon="-117.18532118014991">
        <time>2005-05-19T07:38:01-07:00</time>
      </trkpt>
      <trkpt lat="34.34045705012977" lon="-117.18532637692988">
        <time>2005-05-19T07:38:07-07:00</time>
      </trkpt>
      <trkpt lat="34.34043098241091" lon="-117.185326712206">
        <time>2005-05-19T07:38:14-07:00</time>
      </trkpt>
      <trkpt lat="34.34040650725365" lon="-117.185313468799">
        <time>2005-05-19T07:38:17-07:00</time>
      </trkpt>
      <trkpt lat="34.3403952755034" lon="-117.18530458398163">
        <time>2005-05-19T07:38:20-07:00</time>
      </trkpt>
      <trkpt lat="34.34031765908003" lon="-117.18528647907078">
        <time>2005-05-19T07:38:22-07:00</time>
      </trkpt>
      <trkpt lat="34.340250017121434" lon="-117.18525697477162">
        <time>2005-05-19T07:38:23-07:00</time>
      </trkpt>
      <trkpt lat="34.34021506458521" lon="-117.1852524485439">
        <time>2005-05-19T07:38:25-07:00</time>
      </trkpt>
      <trkpt lat="34.340204168111086" lon="-117.18525764532387">
        <time>2005-05-19T07:38:27-07:00</time>
      </trkpt>
      <trkpt lat="34.34013845399022" lon="-117.18530885875225">
        <time>2005-05-19T07:38:29-07:00</time>
      </trkpt>
      <trkpt lat="34.34006083756685" lon="-117.1852905023843">
        <time>2005-05-19T07:38:30-07:00</time>
      </trkpt>
      <trkpt lat="34.340040888637304" lon="-117.18531657010317">
        <time>2005-05-19T07:38:36-07:00</time>
      </trkpt>
      <trkpt lat="34.340027226135135" lon="-117.18535386957228">
        <time>2005-05-19T07:38:41-07:00</time>
      </trkpt>
      <trkpt lat="34.340012054890394" lon="-117.18536627478898">
        <time>2005-05-19T07:38:44-07:00</time>
      </trkpt>
      <trkpt lat="34.33999587781727" lon="-117.18535160645843">
        <time>2005-05-19T07:38:45-07:00</time>
      </trkpt>
      <trkpt lat="34.33998389169574" lon="-117.18534674495459">
        <time>2005-05-19T07:38:51-07:00</time>
      </trkpt>
      <trkpt lat="34.33991985395551" lon="-117.18533559702337">
        <time>2005-05-19T07:38:57-07:00</time>
      </trkpt>
      <trkpt lat="34.33991256169975" lon="-117.18532243743539">
        <time>2005-05-19T07:38:59-07:00</time>
      </trkpt>
      <trkpt lat="34.339854223653674" lon="-117.18531078658998">
        <time>2005-05-19T07:39:02-07:00</time>
      </trkpt>
      <trkpt lat="34.339825976639986" lon="-117.18532746657729">
        <time>2005-05-19T07:39:04-07:00</time>
      </trkpt>
      <trkpt lat="34.33978121727705" lon="-117.18533484265208">
        <time>2005-05-19T07:39:06-07:00</time>
      </trkpt>
      <trkpt lat="34.33976663276553" lon="-117.18533786013722">
        <time>2005-05-19T07:39:07-07:00</time>
      </trkpt>
      <trkpt lat="34.33971608988941" lon="-117.18535160645843">
        <time>2005-05-19T07:39:13-07:00</time>
      </trkpt>
      <trkpt lat="34.339712988585234" lon="-117.1853459905833">
        <time>2005-05-19T07:39:14-07:00</time>
      </trkpt>
      <trkpt lat="34.33969555422664" lon="-117.18534582294524">
        <time>2005-05-19T07:39:18-07:00</time>
      </trkpt>
      <trkpt lat="34.339648112654686" lon="-117.18534741550684">
        <time>2005-05-19T07:39:20-07:00</time>
      </trkpt>
      <trkpt lat="34.33963277377188" lon="-117.18534481711686">
        <time>2005-05-19T07:39:23-07:00</time>
      </trkpt>
      <trkpt lat="34.33960050344467" lon="-117.1853512711823">
        <time>2005-05-19T07:39:24-07:00</time>
      </trkpt>
      <trkpt lat="34.33955901302397" lon="-117.18537264503539">
        <time>2005-05-19T07:39:31-07:00</time>
      </trkpt>
      <trkpt lat="34.339518612250686" lon="-117.18540374189615">
        <time>2005-05-19T07:39:33-07:00</time>
      </trkpt>
      <trkpt lat="34.33946748264134" lon="-117.18544095754623">
        <time>2005-05-19T07:39:36-07:00</time>
      </trkpt>
      <trkpt lat="34.33941341936588" lon="-117.18550172634423">
        <time>2005-05-19T07:39:40-07:00</time>
      </trkpt>
      <trkpt lat="34.33941970579326" lon="-117.18553106300533">
        <time>2005-05-19T07:39:42-07:00</time>
      </trkpt>
      <trkpt lat="34.339424734935164" lon="-117.18554724007845">
        <time>2005-05-19T07:39:45-07:00</time>
      </trkpt>
      <trkpt lat="34.339469159021974" lon="-117.1855582203716">
        <time>2005-05-19T07:39:48-07:00</time>
      </trkpt>
      <trkpt lat="34.339481396600604" lon="-117.18556039966643">
        <time>2005-05-19T07:39:53-07:00</time>
      </trkpt>
      <trkpt lat="34.33953395113349" lon="-117.18558386899531">
        <time>2005-05-19T07:39:58-07:00</time>
      </trkpt>
      <trkpt lat="34.339559599757195" lon="-117.18560448847711">
        <time>2005-05-19T07:40:04-07:00</time>
      </trkpt>
      <trkpt lat="34.33957611210644" lon="-117.18562762252986">
        <time>2005-05-19T07:40:06-07:00</time>
      </trkpt>
      <trkpt lat="34.33958927169442" lon="-117.18565033748746">
        <time>2005-05-19T07:40:09-07:00</time>
      </trkpt>
      <trkpt lat="34.339653393253684" lon="-117.18569752760231">
        <time>2005-05-19T07:40:14-07:00</time>
      </trkpt>
      <trkpt lat="34.33969270437956" lon="-117.18573046848178">
        <time>2005-05-19T07:40:15-07:00</time>
      </trkpt>
      <trkpt lat="34.339703349396586" lon="-117.18576324172318">
        <time>2005-05-19T07:40:20-07:00</time>
      </trkpt>
      <trkpt lat="34.339761938899755" lon="-117.18587094917893">
        <time>2005-05-19T07:40:22-07:00</time>
      </trkpt>
      <trkpt lat="34.33981088921428" lon="-117.18594278208911">
        <time>2005-05-19T07:40:24-07:00</time>
      </trkpt>
      <trkpt lat="34.33987149037421" lon="-117.18599634245038">
        <time>2005-05-19T07:40:26-07:00</time>
      </trkpt>
      <trkpt lat="34.33990669436753" lon="-117.18606499023736">
        <time>2005-05-19T07:40:32-07:00</time>
      </trkpt>
      <trkpt lat="34.33991809375584" lon="-117.18606968410313">
        <time>2005-05-19T07:40:36-07:00</time>
      </trkpt>
      <trkpt lat="34.3399703130126" lon="-117.18611989170313">
        <time>2005-05-19T07:40:38-07:00</time>
      </trkpt>
      <trkpt lat="34.340051114559174" lon="-117.18618761748075">
        <time>2005-05-19T07:40:46-07:00</time>
      </trkpt>
      <trkpt lat="34.34010894969106" lon="-117.18619918450713">
        <time>2005-05-19T07:40:52-07:00</time>
      </trkpt>
      <trkpt lat="34.34015463106334" lon="-117.18622944317758">
        <time>2005-05-19T07:40:57-07:00</time>
      </trkpt>
      <trkpt lat="34.340236857533455" lon="-117.18624134548008">
        <time>2005-05-19T07:41:03-07:00</time>
      </trkpt>
      <trkpt lat="34.34025999158621" lon="-117.18624914065003">
        <time>2005-05-19T07:41:04-07:00</time>
      </trkpt>
      <trkpt lat="34.340318497270346" lon="-117.18627562746406">
        <time>2005-05-19T07:41:09-07:00</time>
      </trkpt>
      <trkpt lat="34.34037733823061" lon="-117.18631091527641">
        <time>2005-05-19T07:41:16-07:00</time>
      </trkpt>
      <trkpt lat="34.34042360633612" lon="-117.1863634698093">
        <time>2005-05-19T07:41:21-07:00</time>
      </trkpt>
      <trkpt lat="34.340439699590206" lon="-117.1863753721118">
        <time>2005-05-19T07:41:25-07:00</time>
      </trkpt>
      <trkpt lat="34.34051111340523" lon="-117.18640487641096">
        <time>2005-05-19T07:41:31-07:00</time>
      </trkpt>
      <trkpt lat="34.34059870429337" lon="-117.18642960302532">
        <time>2005-05-19T07:41:33-07:00</time>
      </trkpt>
      <trkpt lat="34.3406696151942" lon="-117.18646849505603">
        <time>2005-05-19T07:41:38-07:00</time>
      </trkpt>
      <trkpt lat="34.340728372335434" lon="-117.18649816699326">
        <time>2005-05-19T07:41:43-07:00</time>
      </trkpt>
      <trkpt lat="34.34081990271807" lon="-117.18653094023466">
        <time>2005-05-19T07:41:49-07:00</time>
      </trkpt>
      <trkpt lat="34.340914115309715" lon="-117.18654938042164">
        <time>2005-05-19T07:41:50-07:00</time>
      </trkpt>
      <trkpt lat="34.340986954048276" lon="-117.18655449338257">
        <time>2005-05-19T07:41:55-07:00</time>
      </trkpt>
      <trkpt lat="34.34099650941789" lon="-117.18656622804701">
        <time>2005-05-19T07:42:02-07:00</time>
      </trkpt>
      <trkpt lat="34.3410237506032" lon="-117.18661660328507">
        <time>2005-05-19T07:42:07-07:00</time>
      </trkpt>
      <trkpt lat="34.341034311801195" lon="-117.18664057552814">
        <time>2005-05-19T07:42:12-07:00</time>
      </trkpt>
      <trkpt lat="34.34104126878083" lon="-117.18665163964033">
        <time>2005-05-19T07:42:19-07:00</time>
      </trkpt>
      <trkpt lat="34.34106909669936" lon="-117.18670729547739">
        <time>2005-05-19T07:42:27-07:00</time>
      </trkpt>
      <trkpt lat="34.34111134149134" lon="-117.18675926327705">
        <time>2005-05-19T07:42:33-07:00</time>
      </trkpt>
      <trkpt lat="34.341166745871305" lon="-117.18687728047371">
        <time>2005-05-19T07:42:34-07:00</time>
      </trkpt>
      <trkpt lat="34.341174541041255" lon="-117.18689320608974">
        <time>2005-05-19T07:42:38-07:00</time>
      </trkpt>
      <trkpt lat="34.34118703007698" lon="-117.18697828240693">
        <time>2005-05-19T07:42:40-07:00</time>
      </trkpt>
      <trkpt lat="34.34120018966496" lon="-117.1870109718293">
        <time>2005-05-19T07:42:41-07:00</time>
      </trkpt>
      <trkpt lat="34.341232711449265" lon="-117.18707450665534">
        <time>2005-05-19T07:42:45-07:00</time>
      </trkpt>
      <trkpt lat="34.34128819964826" lon="-117.18715379945934">
        <time>2005-05-19T07:42:50-07:00</time>
      </trkpt>
      <trkpt lat="34.34131267480552" lon="-117.18716855160892">
        <time>2005-05-19T07:42:58-07:00</time>
      </trkpt>
      <trkpt lat="34.341327929869294" lon="-117.18716830015182">
        <time>2005-05-19T07:42:59-07:00</time>
      </trkpt>
      <trkpt lat="34.34135550633073" lon="-117.18718397431076">
        <time>2005-05-19T07:43:04-07:00</time>
      </trkpt>
      <trkpt lat="34.341361708939075" lon="-117.18720492906868">
        <time>2005-05-19T07:43:06-07:00</time>
      </trkpt>
      <trkpt lat="34.34137268923223" lon="-117.18726620078087">
        <time>2005-05-19T07:43:10-07:00</time>
      </trkpt>
      <trkpt lat="34.34142893180251" lon="-117.1873540431261">
        <time>2005-05-19T07:43:16-07:00</time>
      </trkpt>
      <trkpt lat="34.34144594706595" lon="-117.18740559183061">
        <time>2005-05-19T07:43:18-07:00</time>
      </trkpt>
      <trkpt lat="34.341436978429556" lon="-117.18743643723428">
        <time>2005-05-19T07:43:19-07:00</time>
      </trkpt>
      <trkpt lat="34.34144552797079" lon="-117.18751279637218">
        <time>2005-05-19T07:43:22-07:00</time>
      </trkpt>
      <trkpt lat="34.34147033840418" lon="-117.18758035451174">
        <time>2005-05-19T07:43:23-07:00</time>
      </trkpt>
      <trkpt lat="34.341492131352425" lon="-117.18761639669538">
        <time>2005-05-19T07:43:27-07:00</time>
      </trkpt>
      <trkpt lat="34.3415021058172" lon="-117.18764808028936">
        <time>2005-05-19T07:43:34-07:00</time>
      </trkpt>
      <trkpt lat="34.34153202921152" lon="-117.18770004808903">
        <time>2005-05-19T07:43:38-07:00</time>
      </trkpt>
      <trkpt lat="34.34154460206628" lon="-117.1877311449498">
        <time>2005-05-19T07:43:40-07:00</time>
      </trkpt>
      <trkpt lat="34.34156220406294" lon="-117.18782083131373">
        <time>2005-05-19T07:43:45-07:00</time>
      </trkpt>
      <trkpt lat="34.34162540361285" lon="-117.18790238723159">
        <time>2005-05-19T07:43:51-07:00</time>
      </trkpt>
      <trkpt lat="34.34168206527829" lon="-117.18794086016715">
        <time>2005-05-19T07:43:54-07:00</time>
      </trkpt>
      <trkpt lat="34.34176990762353" lon="-117.18801009468734">
        <time>2005-05-19T07:43:56-07:00</time>
      </trkpt>
      <trkpt lat="34.34178214520216" lon="-117.18801621347666">
        <time>2005-05-19T07:44:00-07:00</time>
      </trkpt>
      <trkpt lat="34.34185205027461" lon="-117.18801411800086">
        <time>2005-05-19T07:44:02-07:00</time>
      </trkpt>
      <trkpt lat="34.34190661646426" lon="-117.1880263555795">
        <time>2005-05-19T07:44:08-07:00</time>
      </trkpt>
      <trkpt lat="34.341916339471936" lon="-117.18802853487432">
        <time>2005-05-19T07:44:14-07:00</time>
      </trkpt>
      <trkpt lat="34.34197559952736" lon="-117.1880414430052">
        <time>2005-05-19T07:44:20-07:00</time>
      </trkpt>
      <trkpt lat="34.34204449877143" lon="-117.18805929645896">
        <time>2005-05-19T07:44:27-07:00</time>
      </trkpt>
      <trkpt lat="34.3420978076756" lon="-117.18808335252106">
        <time>2005-05-19T07:44:28-07:00</time>
      </trkpt>
      <trkpt lat="34.3421062733978" lon="-117.18808838166296">
        <time>2005-05-19T07:44:32-07:00</time>
      </trkpt>
      <trkpt lat="34.342168383300304" lon="-117.1881349850446">
        <time>2005-05-19T07:44:36-07:00</time>
      </trkpt>
      <trkpt lat="34.34221230447292" lon="-117.18818234279752">
        <time>2005-05-19T07:44:37-07:00</time>
      </trkpt>
      <trkpt lat="34.342223620042205" lon="-117.18819256871939">
        <time>2005-05-19T07:44:42-07:00</time>
      </trkpt>
      <trkpt lat="34.342248095199466" lon="-117.18821302056313">
        <time>2005-05-19T07:44:48-07:00</time>
      </trkpt>
      <trkpt lat="34.34228145517409" lon="-117.18824847601354">
        <time>2005-05-19T07:44:53-07:00</time>
      </trkpt>
      <trkpt lat="34.34230140410364" lon="-117.1882695145905">
        <time>2005-05-19T07:44:54-07:00</time>
      </trkpt>
      <trkpt lat="34.34232118539512" lon="-117.18834863975644">
        <time>2005-05-19T07:45:00-07:00</time>
      </trkpt>
      <trkpt lat="34.342317497357726" lon="-117.18836867250502">
        <time>2005-05-19T07:45:05-07:00</time>
      </trkpt>
      <trkpt lat="34.342297380790114" lon="-117.18842969276011">
        <time>2005-05-19T07:45:06-07:00</time>
      </trkpt>
      <trkpt lat="34.34228723868728" lon="-117.18844293616712">
        <time>2005-05-19T07:45:08-07:00</time>
      </trkpt>
      <trkpt lat="34.34225614182651" lon="-117.18850404024124">
        <time>2005-05-19T07:45:11-07:00</time>
      </trkpt>
      <trkpt lat="34.34224281460047" lon="-117.1885340474546">
        <time>2005-05-19T07:45:13-07:00</time>
      </trkpt>
      <trkpt lat="34.34222538024187" lon="-117.18857922591269">
        <time>2005-05-19T07:45:19-07:00</time>
      </trkpt>
      <trkpt lat="34.34220618568361" lon="-117.18862432055175">
        <time>2005-05-19T07:45:21-07:00</time>
      </trkpt>
      <trkpt lat="34.34218246489763" lon="-117.18868358060718">
        <time>2005-05-19T07:45:25-07:00</time>
      </trkpt>
      <trkpt lat="34.342148434370756" lon="-117.18876086175442">
        <time>2005-05-19T07:45:26-07:00</time>
      </trkpt>
      <trkpt lat="34.342120019719005" lon="-117.18878114596009">
        <time>2005-05-19T07:45:30-07:00</time>
      </trkpt>
      <trkpt lat="34.34207735583186" lon="-117.18880570493639">
        <time>2005-05-19T07:45:32-07:00</time>
      </trkpt>
      <trkpt lat="34.34206293895841" lon="-117.1888033580035">
        <time>2005-05-19T07:45:35-07:00</time>
      </trkpt>
      <trkpt lat="34.34199227951467" lon="-117.18881743960083">
        <time>2005-05-19T07:45:38-07:00</time>
      </trkpt>
      <trkpt lat="34.34197911992669" lon="-117.18883009627461">
        <time>2005-05-19T07:45:42-07:00</time>
      </trkpt>
      <trkpt lat="34.341959254816175" lon="-117.18891953118145">
        <time>2005-05-19T07:45:47-07:00</time>
      </trkpt>
      <trkpt lat="34.34196311049163" lon="-117.18895473517478">
        <time>2005-05-19T07:45:49-07:00</time>
      </trkpt>
      <trkpt lat="34.34199730865657" lon="-117.18904366716743">
        <time>2005-05-19T07:45:52-07:00</time>
      </trkpt>
      <trkpt lat="34.342010635882616" lon="-117.18907459639013">
        <time>2005-05-19T07:45:53-07:00</time>
      </trkpt>
      <trkpt lat="34.34204055927694" lon="-117.18915590085089">
        <time>2005-05-19T07:45:58-07:00</time>
      </trkpt>
      <trkpt lat="34.34205430559814" lon="-117.18918506987393">
        <time>2005-05-19T07:45:59-07:00</time>
      </trkpt>
      <trkpt lat="34.34206360951066" lon="-117.18924332410097">
        <time>2005-05-19T07:46:04-07:00</time>
      </trkpt>
      <trkpt lat="34.34205321595073" lon="-117.18926251865923">
        <time>2005-05-19T07:46:06-07:00</time>
      </trkpt>
      <trkpt lat="34.34202119708061" lon="-117.18940601684153">
        <time>2005-05-19T07:46:12-07:00</time>
      </trkpt>
      <trkpt lat="34.34197945520282" lon="-117.1895008161664">
        <time>2005-05-19T07:46:14-07:00</time>
      </trkpt>
      <trkpt lat="34.341973001137376" lon="-117.18951992690563">
        <time>2005-05-19T07:46:19-07:00</time>
      </trkpt>
      <trkpt lat="34.3419355340302" lon="-117.18955940566957">
        <time>2005-05-19T07:46:21-07:00</time>
      </trkpt>
      <trkpt lat="34.34192581102252" lon="-117.1895716432482">
        <time>2005-05-19T07:46:25-07:00</time>
      </trkpt>
      <trkpt lat="34.34186261147261" lon="-117.18962746672332">
        <time>2005-05-19T07:46:26-07:00</time>
      </trkpt>
      <trkpt lat="34.34184802696109" lon="-117.18963308259845">
        <time>2005-05-19T07:46:34-07:00</time>
      </trkpt>
      <trkpt lat="34.34175691567361" lon="-117.1896392852068">
        <time>2005-05-19T07:46:40-07:00</time>
      </trkpt>
      <trkpt lat="34.34174492955208" lon="-117.18963174149394">
        <time>2005-05-19T07:46:41-07:00</time>
      </trkpt>
      <trkpt lat="34.34166538529098" lon="-117.18963149003685">
        <time>2005-05-19T07:46:45-07:00</time>
      </trkpt>
      <trkpt lat="34.34165331535041" lon="-117.18964213505387">
        <time>2005-05-19T07:46:46-07:00</time>
      </trkpt>
      <trkpt lat="34.341623140498996" lon="-117.1897185780108">
        <time>2005-05-19T07:46:52-07:00</time>
      </trkpt>
      <trkpt lat="34.34161710552871" lon="-117.18973517417908">
        <time>2005-05-19T07:46:53-07:00</time>
      </trkpt>
      <trkpt lat="34.341583997011185" lon="-117.18979133293033">
        <time>2005-05-19T07:46:59-07:00</time>
      </trkpt>
      <trkpt lat="34.341534627601504" lon="-117.18983475118876">
        <time>2005-05-19T07:47:00-07:00</time>
      </trkpt>
      <trkpt lat="34.34145181439817" lon="-117.18986383639276">
        <time>2005-05-19T07:47:06-07:00</time>
      </trkpt>
      <trkpt lat="34.341440834105015" lon="-117.1898705419153">
        <time>2005-05-19T07:47:07-07:00</time>
      </trkpt>
      <trkpt lat="34.34138006530702" lon="-117.18990976922214">
        <time>2005-05-19T07:47:12-07:00</time>
      </trkpt>
      <trkpt lat="34.341288367286325" lon="-117.18993181362748">
        <time>2005-05-19T07:47:13-07:00</time>
      </trkpt>
      <trkpt lat="34.3412100803107" lon="-117.1899656765163">
        <time>2005-05-19T07:47:17-07:00</time>
      </trkpt>
      <trkpt lat="34.34116548858583" lon="-117.18999492935836">
        <time>2005-05-19T07:47:21-07:00</time>
      </trkpt>
      <trkpt lat="34.341143695637584" lon="-117.19001110643148">
        <time>2005-05-19T07:47:27-07:00</time>
      </trkpt>
      <trkpt lat="34.341083681210876" lon="-117.19006642699242">
        <time>2005-05-19T07:47:28-07:00</time>
      </trkpt>
      <trkpt lat="34.3410063162446" lon="-117.19011889770627">
        <time>2005-05-19T07:47:34-07:00</time>
      </trkpt>
      <trkpt lat="34.340943368151784" lon="-117.19014429487288">
        <time>2005-05-19T07:47:41-07:00</time>
      </trkpt>
      <trkpt lat="34.340874552726746" lon="-117.19009576365352">
        <time>2005-05-19T07:47:47-07:00</time>
      </trkpt>
      <trkpt lat="34.34083038009703" lon="-117.19007229432464">
        <time>2005-05-19T07:47:50-07:00</time>
      </trkpt>
      <trkpt lat="34.34082191437483" lon="-117.19006391242146">
        <time>2005-05-19T07:47:52-07:00</time>
      </trkpt>
      <trkpt lat="34.340741196647286" lon="-117.19002795405686">
        <time>2005-05-19T07:47:57-07:00</time>
      </trkpt>
      <trkpt lat="34.3407163862139" lon="-117.19002443365753">
        <time>2005-05-19T07:48:04-07:00</time>
      </trkpt>
      <trkpt lat="34.34065394103527" lon="-117.19003197737038">
        <time>2005-05-19T07:48:09-07:00</time>
      </trkpt>
      <trkpt lat="34.34060054831207" lon="-117.19003533013165">
        <time>2005-05-19T07:48:15-07:00</time>
      </trkpt>
      <trkpt lat="34.34050633572042" lon="-117.19006634317338">
        <time>2005-05-19T07:48:19-07:00</time>
      </trkpt>
      <trkpt lat="34.340431820601225" lon="-117.19008453190327">
        <time>2005-05-19T07:48:20-07:00</time>
      </trkpt>
      <trkpt lat="34.34040600433946" lon="-117.19011118635535">
        <time>2005-05-19T07:48:26-07:00</time>
      </trkpt>
      <trkpt lat="34.340379014611244" lon="-117.19013675116003">
        <time>2005-05-19T07:48:28-07:00</time>
      </trkpt>
      <trkpt lat="34.340370716527104" lon="-117.19014446251094">
        <time>2005-05-19T07:48:33-07:00</time>
      </trkpt>
      <trkpt lat="34.340360490605235" lon="-117.19017916359007">
        <time>2005-05-19T07:48:37-07:00</time>
      </trkpt>
      <trkpt lat="34.340363927185535" lon="-117.19019064679742">
        <time>2005-05-19T07:48:44-07:00</time>
      </trkpt>
      <trkpt lat="34.340364849194884" lon="-117.19019902870059">
        <time>2005-05-19T07:48:51-07:00</time>
      </trkpt>
      <trkpt lat="34.340371722355485" lon="-117.1902590431273">
        <time>2005-05-19T07:48:54-07:00</time>
      </trkpt>
      <trkpt lat="34.34038865379989" lon="-117.19029919244349">
        <time>2005-05-19T07:48:57-07:00</time>
      </trkpt>
      <trkpt lat="34.34040776453912" lon="-117.19036943279207">
        <time>2005-05-19T07:48:58-07:00</time>
      </trkpt>
      <trkpt lat="34.34041924774647" lon="-117.19038334675133">
        <time>2005-05-19T07:49:01-07:00</time>
      </trkpt>
      <trkpt lat="34.34042578563094" lon="-117.19038862735033">
        <time>2005-05-19T07:49:02-07:00</time>
      </trkpt>
      <trkpt lat="34.3404539488256" lon="-117.19040706753731">
        <time>2005-05-19T07:49:03-07:00</time>
      </trkpt>
      <trkpt lat="34.340474316850305" lon="-117.19041804783046">
        <time>2005-05-19T07:49:10-07:00</time>
      </trkpt>
      <trkpt lat="34.340517818927765" lon="-117.19044185243547">
        <time>2005-05-19T07:49:16-07:00</time>
      </trkpt>
      <trkpt lat="34.3405541125685" lon="-117.19050077721477">
        <time>2005-05-19T07:49:22-07:00</time>
      </trkpt>
      <trkpt lat="34.34062460437417" lon="-117.19054821878672">
        <time>2005-05-19T07:49:24-07:00</time>
      </trkpt>
      <trkpt lat="34.34068026021123" lon="-117.190599180758">
        <time>2005-05-19T07:49:25-07:00</time>
      </trkpt>
      <trkpt lat="34.34075511060655" lon="-117.19065877608955">
        <time>2005-05-19T07:49:28-07:00</time>
      </trkpt>
      <trkpt lat="34.34083130210638" lon="-117.19071954488754">
        <time>2005-05-19T07:49:30-07:00</time>
      </trkpt>
      <trkpt lat="34.34084353968501" lon="-117.19072734005749">
        <time>2005-05-19T07:49:35-07:00</time>
      </trkpt>
      <trkpt lat="34.34087430126965" lon="-117.1907685790211">
        <time>2005-05-19T07:49:41-07:00</time>
      </trkpt>
      <trkpt lat="34.34088838286698" lon="-117.19077645801008">
        <time>2005-05-19T07:49:47-07:00</time>
      </trkpt>
      <trkpt lat="34.340918054804206" lon="-117.19078844413161">
        <time>2005-05-19T07:49:52-07:00</time>
      </trkpt>
      <trkpt lat="34.340931633487344" lon="-117.1908061299473">
        <time>2005-05-19T07:49:59-07:00</time>
      </trkpt>
      <trkpt lat="34.34096071869135" lon="-117.19084166921675">
        <time>2005-05-19T07:50:07-07:00</time>
      </trkpt>
      <trkpt lat="34.340981505811214" lon="-117.19085206277668">
        <time>2005-05-19T07:50:08-07:00</time>
      </trkpt>
      <trkpt lat="34.34103012084961" lon="-117.19085759483278">
        <time>2005-05-19T07:50:12-07:00</time>
      </trkpt>
      <trkpt lat="34.34105752967298" lon="-117.19087410718203">
        <time>2005-05-19T07:50:13-07:00</time>
      </trkpt>
      <trkpt lat="34.3411064799875" lon="-117.19088902696967">
        <time>2005-05-19T07:50:16-07:00</time>
      </trkpt>
      <trkpt lat="34.34115475974977" lon="-117.19090947881341">
        <time>2005-05-19T07:50:18-07:00</time>
      </trkpt>
      <trkpt lat="34.34121527709067" lon="-117.19090403057635">
        <time>2005-05-19T07:50:21-07:00</time>
      </trkpt>
      <trkpt lat="34.3412809073925" lon="-117.19087737612426">
        <time>2005-05-19T07:50:23-07:00</time>
      </trkpt>
      <trkpt lat="34.34133714996278" lon="-117.19085700809956">
        <time>2005-05-19T07:50:27-07:00</time>
      </trkpt>
      <trkpt lat="34.34137268923223" lon="-117.19084611162543">
        <time>2005-05-19T07:50:29-07:00</time>
      </trkpt>
      <trkpt lat="34.34139649383724" lon="-117.19082465395331">
        <time>2005-05-19T07:50:33-07:00</time>
      </trkpt>
      <trkpt lat="34.3414296861738" lon="-117.19080856069922">
        <time>2005-05-19T07:50:38-07:00</time>
      </trkpt>
      <trkpt lat="34.341447204351425" lon="-117.19080101698637">
        <time>2005-05-19T07:50:42-07:00</time>
      </trkpt>
      <trkpt lat="34.34151677414775" lon="-117.19078978523612">
        <time>2005-05-19T07:50:47-07:00</time>
      </trkpt>
      <trkpt lat="34.34159941971302" lon="-117.19082850962877">
        <time>2005-05-19T07:50:52-07:00</time>
      </trkpt>
      <trkpt lat="34.341665133833885" lon="-117.19088634476066">
        <time>2005-05-19T07:50:55-07:00</time>
      </trkpt>
      <trkpt lat="34.341706121340394" lon="-117.19094946049154">
        <time>2005-05-19T07:50:57-07:00</time>
      </trkpt>
      <trkpt lat="34.341732608154416" lon="-117.19103830866516">
        <time>2005-05-19T07:51:00-07:00</time>
      </trkpt>
      <trkpt lat="34.34172942303121" lon="-117.19114601612091">
        <time>2005-05-19T07:51:02-07:00</time>
      </trkpt>
      <trkpt lat="34.34173193760216" lon="-117.19127769581974">
        <time>2005-05-19T07:51:06-07:00</time>
      </trkpt>
      <trkpt lat="34.341731602326035" lon="-117.19129445962608">
        <time>2005-05-19T07:51:12-07:00</time>
      </trkpt>
      <trkpt lat="34.34174702502787" lon="-117.1913812123239">
        <time>2005-05-19T07:51:18-07:00</time>
      </trkpt>
      <trkpt lat="34.341795556247234" lon="-117.19147525727749">
        <time>2005-05-19T07:51:23-07:00</time>
      </trkpt>
      <trkpt lat="34.34186822734773" lon="-117.19157483428717">
        <time>2005-05-19T07:51:29-07:00</time>
      </trkpt>
      <trkpt lat="34.34192229062319" lon="-117.19162420369685">
        <time>2005-05-19T07:51:36-07:00</time>
      </trkpt>
      <trkpt lat="34.3419926147908" lon="-117.1916732378304">
        <time>2005-05-19T07:51:44-07:00</time>
      </trkpt>
      <trkpt lat="34.342025220394135" lon="-117.19169243238866">
        <time>2005-05-19T07:51:45-07:00</time>
      </trkpt>
      <trkpt lat="34.342096634209156" lon="-117.19171405769885">
        <time>2005-05-19T07:51:51-07:00</time>
      </trkpt>
      <trkpt lat="34.34216100722551" lon="-117.1916991379112">
        <time>2005-05-19T07:51:57-07:00</time>
      </trkpt>
      <trkpt lat="34.34225404635072" lon="-117.19171045348048">
        <time>2005-05-19T07:52:05-07:00</time>
      </trkpt>
      <trkpt lat="34.34228187426925" lon="-117.19172361306846">
        <time>2005-05-19T07:52:10-07:00</time>
      </trkpt>
      <trkpt lat="34.342320850118995" lon="-117.19173735938966">
        <time>2005-05-19T07:52:16-07:00</time>
      </trkpt>
      <trkpt lat="34.34235722757876" lon="-117.19175328500569">
        <time>2005-05-19T07:52:19-07:00</time>
      </trkpt>
      <trkpt lat="34.34237600304186" lon="-117.1917596552521">
        <time>2005-05-19T07:52:24-07:00</time>
      </trkpt>
      <trkpt lat="34.34238966554403" lon="-117.19176108017564">
        <time>2005-05-19T07:52:30-07:00</time>
      </trkpt>
      <trkpt lat="34.342467449605465" lon="-117.19177465885878">
        <time>2005-05-19T07:52:36-07:00</time>
      </trkpt>
      <trkpt lat="34.34250785037875" lon="-117.19177105464041">
        <time>2005-05-19T07:52:39-07:00</time>
      </trkpt>
      <trkpt lat="34.34252226725221" lon="-117.19176828861237">
        <time>2005-05-19T07:52:42-07:00</time>
      </trkpt>
      <trkpt lat="34.342574570328" lon="-117.1917926799506">
        <time>2005-05-19T07:52:46-07:00</time>
      </trkpt>
      <trkpt lat="34.342586137354374" lon="-117.19179854728281">
        <time>2005-05-19T07:52:48-07:00</time>
      </trkpt>
      <trkpt lat="34.34263391420245" lon="-117.19183878041804">
        <time>2005-05-19T07:52:49-07:00</time>
      </trkpt>
      <trkpt lat="34.342648247256875" lon="-117.19184624031186">
        <time>2005-05-19T07:52:56-07:00</time>
      </trkpt>
      <trkpt lat="34.342659981921315" lon="-117.19184992834926">
        <time>2005-05-19T07:52:59-07:00</time>
      </trkpt>
      <trkpt lat="34.34273784980178" lon="-117.19187851063907">
        <time>2005-05-19T07:53:00-07:00</time>
      </trkpt>
      <trkpt lat="34.34280205518007" lon="-117.19191941432655">
        <time>2005-05-19T07:53:05-07:00</time>
      </trkpt>
      <trkpt lat="34.34283482842147" lon="-117.19193425029516">
        <time>2005-05-19T07:53:06-07:00</time>
      </trkpt>
      <trkpt lat="34.34285846538842" lon="-117.1919684484601">
        <time>2005-05-19T07:53:11-07:00</time>
      </trkpt>
      <trkpt lat="34.34290406294167" lon="-117.19203189946711">
        <time>2005-05-19T07:53:12-07:00</time>
      </trkpt>
      <trkpt lat="34.34290850535035" lon="-117.19204874709249">
        <time>2005-05-19T07:53:13-07:00</time>
      </trkpt>
      <trkpt lat="34.3429147079587" lon="-117.19215494580567">
        <time>2005-05-19T07:53:19-07:00</time>
      </trkpt>
      <trkpt lat="34.34291085228324" lon="-117.19222485087812">
        <time>2005-05-19T07:53:26-07:00</time>
      </trkpt>
      <trkpt lat="34.342916049063206" lon="-117.19225301407278">
        <time>2005-05-19T07:53:29-07:00</time>
      </trkpt>
      <trkpt lat="34.34294764883816" lon="-117.19231839291751">
        <time>2005-05-19T07:53:32-07:00</time>
      </trkpt>
      <trkpt lat="34.34298461303115" lon="-117.19237547367811">
        <time>2005-05-19T07:53:38-07:00</time>
      </trkpt>
      <trkpt lat="34.34300942346454" lon="-117.1923902258277">
        <time>2005-05-19T07:53:39-07:00</time>
      </trkpt>
      <trkpt lat="34.34307991527021" lon="-117.1924520842731">
        <time>2005-05-19T07:53:46-07:00</time>
      </trkpt>
      <trkpt lat="34.34309399686754" lon="-117.1925432793796">
        <time>2005-05-19T07:53:51-07:00</time>
      </trkpt>
      <trkpt lat="34.34309458360076" lon="-117.19255694188178">
        <time>2005-05-19T07:53:53-07:00</time>
      </trkpt>
      <trkpt lat="34.343104138970375" lon="-117.19265182502568">
        <time>2005-05-19T07:53:59-07:00</time>
      </trkpt>
      <trkpt lat="34.343128614127636" lon="-117.19275433570147">
        <time>2005-05-19T07:54:04-07:00</time>
      </trkpt>
      <trkpt lat="34.34317035600543" lon="-117.19282491132617">
        <time>2005-05-19T07:54:06-07:00</time>
      </trkpt>
      <trkpt lat="34.34321586973965" lon="-117.19289154745638">
        <time>2005-05-19T07:54:14-07:00</time>
      </trkpt>
      <trkpt lat="34.34325895272195" lon="-117.19293270260096">
        <time>2005-05-19T07:54:21-07:00</time>
      </trkpt>
      <trkpt lat="34.34335509315133" lon="-117.19297042116523">
        <time>2005-05-19T07:54:22-07:00</time>
      </trkpt>
      <trkpt lat="34.34341267682612" lon="-117.19303454272449">
        <time>2005-05-19T07:54:28-07:00</time>
      </trkpt>
      <trkpt lat="34.34341678395867" lon="-117.19305239617825">
        <time>2005-05-19T07:54:34-07:00</time>
      </trkpt>
      <trkpt lat="34.343424662947655" lon="-117.19315021298826">
        <time>2005-05-19T07:54:40-07:00</time>
      </trkpt>
      <trkpt lat="34.343438828364015" lon="-117.19320679083467">
        <time>2005-05-19T07:54:45-07:00</time>
      </trkpt>
      <trkpt lat="34.34344997629523" lon="-117.19325054436922">
        <time>2005-05-19T07:54:49-07:00</time>
      </trkpt>
      <trkpt lat="34.34350839816034" lon="-117.19334199093282">
        <time>2005-05-19T07:54:57-07:00</time>
      </trkpt>
      <trkpt lat="34.343567322939634" lon="-117.19342530705035">
        <time>2005-05-19T07:55:03-07:00</time>
      </trkpt>
      <trkpt lat="34.343617698177695" lon="-117.19350786879659">
        <time>2005-05-19T07:55:04-07:00</time>
      </trkpt>
      <trkpt lat="34.343692967668176" lon="-117.19358414411545">
        <time>2005-05-19T07:55:10-07:00</time>
      </trkpt>
      <trkpt lat="34.34374778531492" lon="-117.19366335310042">
        <time>2005-05-19T07:55:14-07:00</time>
      </trkpt>
      <trkpt lat="34.34378894045949" lon="-117.19372998923063">
        <time>2005-05-19T07:55:17-07:00</time>
      </trkpt>
      <trkpt lat="34.34385381639004" lon="-117.1938039176166">
        <time>2005-05-19T07:55:24-07:00</time>
      </trkpt>
      <trkpt lat="34.34391416609287" lon="-117.19387114048004">
        <time>2005-05-19T07:55:30-07:00</time>
      </trkpt>
      <trkpt lat="34.343953393399715" lon="-117.19391162507236">
        <time>2005-05-19T07:55:37-07:00</time>
      </trkpt>
      <trkpt lat="34.3439834844321" lon="-117.19394481740892">
        <time>2005-05-19T07:55:44-07:00</time>
      </trkpt>
      <trkpt lat="34.34402606450021" lon="-117.19399636611342">
        <time>2005-05-19T07:55:51-07:00</time>
      </trkpt>
      <trkpt lat="34.34408767148852" lon="-117.19405772164464">
        <time>2005-05-19T07:55:57-07:00</time>
      </trkpt>
      <trkpt lat="34.34413335286081" lon="-117.19412117265165">
        <time>2005-05-19T07:56:04-07:00</time>
      </trkpt>
      <trkpt lat="34.34420568868518" lon="-117.19417498447001">
        <time>2005-05-19T07:56:10-07:00</time>
      </trkpt>
      <trkpt lat="34.344271989539266" lon="-117.19424388371408">
        <time>2005-05-19T07:56:14-07:00</time>
      </trkpt>
      <trkpt lat="34.344331501051784" lon="-117.19432736746967">
        <time>2005-05-19T07:56:17-07:00</time>
      </trkpt>
      <trkpt lat="34.34436251409352" lon="-117.19435318373144">
        <time>2005-05-19T07:56:22-07:00</time>
      </trkpt>
      <trkpt lat="34.34442814439535" lon="-117.19438034109771">
        <time>2005-05-19T07:56:28-07:00</time>
      </trkpt>
      <trkpt lat="34.34449000284076" lon="-117.1943961828947">
        <time>2005-05-19T07:56:34-07:00</time>
      </trkpt>
      <trkpt lat="34.34450282715261" lon="-117.19439953565598">
        <time>2005-05-19T07:56:41-07:00</time>
      </trkpt>
      <trkpt lat="34.344575833529234" lon="-117.19441814348102">
        <time>2005-05-19T07:56:47-07:00</time>
      </trkpt>
      <trkpt lat="34.344621850177646" lon="-117.19443616457283">
        <time>2005-05-19T07:56:54-07:00</time>
      </trkpt>
      <trkpt lat="34.34463517740369" lon="-117.19444437883794">
        <time>2005-05-19T07:56:57-07:00</time>
      </trkpt>
      <trkpt lat="34.34466711245477" lon="-117.19450749456882">
        <time>2005-05-19T07:57:02-07:00</time>
      </trkpt>
      <trkpt lat="34.34466493315995" lon="-117.19452467747033">
        <time>2005-05-19T07:57:06-07:00</time>
      </trkpt>
      <trkpt lat="34.344644229859114" lon="-117.19455275684595">
        <time>2005-05-19T07:57:07-07:00</time>
      </trkpt>
      <trkpt lat="34.34462972916663" lon="-117.19456071965396">
        <time>2005-05-19T07:57:13-07:00</time>
      </trkpt>
      <trkpt lat="34.34457315132022" lon="-117.1945671737194">
        <time>2005-05-19T07:57:17-07:00</time>
      </trkpt>
      <trkpt lat="34.34453903697431" lon="-117.19457119703293">
        <time>2005-05-19T07:57:18-07:00</time>
      </trkpt>
      <trkpt lat="34.344516238197684" lon="-117.19458200968802">
        <time>2005-05-19T07:57:23-07:00</time>
      </trkpt>
      <trkpt lat="34.34448027983308" lon="-117.19459726475179">
        <time>2005-05-19T07:57:24-07:00</time>
      </trkpt>
      <trkpt lat="34.344424875453115" lon="-117.19463473185897">
        <time>2005-05-19T07:57:27-07:00</time>
      </trkpt>
      <trkpt lat="34.34439637698233" lon="-117.19465392641723">
        <time>2005-05-19T07:57:28-07:00</time>
      </trkpt>
      <trkpt lat="34.344370644539595" lon="-117.19466633163393">
        <time>2005-05-19T07:57:32-07:00</time>
      </trkpt>
      <trkpt lat="34.344308115541935" lon="-117.19469776377082">
        <time>2005-05-19T07:57:34-07:00</time>
      </trkpt>
      <trkpt lat="34.34429654851556" lon="-117.19470237381756">
        <time>2005-05-19T07:57:36-07:00</time>
      </trkpt>
      <trkpt lat="34.34425061568618" lon="-117.19471712596714">
        <time>2005-05-19T07:57:39-07:00</time>
      </trkpt>
      <trkpt lat="34.34423837810755" lon="-117.19471519812942">
        <time>2005-05-19T07:57:44-07:00</time>
      </trkpt>
      <trkpt lat="34.344181632623076" lon="-117.19472617842257">
        <time>2005-05-19T07:57:46-07:00</time>
      </trkpt>
      <trkpt lat="34.34416268952191" lon="-117.1947468817234">
        <time>2005-05-19T07:57:48-07:00</time>
      </trkpt>
      <trkpt lat="34.34409974142909" lon="-117.19478661194444">
        <time>2005-05-19T07:57:53-07:00</time>
      </trkpt>
      <trkpt lat="34.344075517728925" lon="-117.19480111263692">
        <time>2005-05-19T07:57:54-07:00</time>
      </trkpt>
      <trkpt lat="34.343994464725256" lon="-117.19484436325729">
        <time>2005-05-19T07:57:57-07:00</time>
      </trkpt>
      <trkpt lat="34.34396873228252" lon="-117.1948557626456">
        <time>2005-05-19T07:57:58-07:00</time>
      </trkpt>
      <trkpt lat="34.34392095543444" lon="-117.19488434493542">
        <time>2005-05-19T07:58:02-07:00</time>
      </trkpt>
      <trkpt lat="34.34389656409621" lon="-117.19489599578083">
        <time>2005-05-19T07:58:04-07:00</time>
      </trkpt>
      <trkpt lat="34.34385834261775" lon="-117.19490814954042">
        <time>2005-05-19T07:58:09-07:00</time>
      </trkpt>
      <trkpt lat="34.34382364153862" lon="-117.19490689225495">
        <time>2005-05-19T07:58:11-07:00</time>
      </trkpt>
      <trkpt lat="34.34378273785114" lon="-117.19490798190236">
        <time>2005-05-19T07:58:17-07:00</time>
      </trkpt>
      <trkpt lat="34.343713503330946" lon="-117.19493421725929">
        <time>2005-05-19T07:58:19-07:00</time>
      </trkpt>
      <trkpt lat="34.34366773813963" lon="-117.19495517201722">
        <time>2005-05-19T07:58:23-07:00</time>
      </trkpt>
      <trkpt lat="34.34365298599005" lon="-117.19496162608266">
        <time>2005-05-19T07:58:25-07:00</time>
      </trkpt>
      <trkpt lat="34.34361610561609" lon="-117.19497310929">
        <time>2005-05-19T07:58:28-07:00</time>
      </trkpt>
      <trkpt lat="34.34360194019973" lon="-117.19497486948967">
        <time>2005-05-19T07:58:30-07:00</time>
      </trkpt>
      <trkpt lat="34.34355298988521" lon="-117.19499817118049">
        <time>2005-05-19T07:58:33-07:00</time>
      </trkpt>
      <trkpt lat="34.343540919944644" lon="-117.19500529579818">
        <time>2005-05-19T07:58:38-07:00</time>
      </trkpt>
      <trkpt lat="34.34348543174565" lon="-117.19501954503357">
        <time>2005-05-19T07:58:42-07:00</time>
      </trkpt>
      <trkpt lat="34.3434707634151" lon="-117.19502759166062">
        <time>2005-05-19T07:58:43-07:00</time>
      </trkpt>
      <trkpt lat="34.34340630657971" lon="-117.19504863023758">
        <time>2005-05-19T07:58:46-07:00</time>
      </trkpt>
      <trkpt lat="34.343335814774036" lon="-117.1950700879097">
        <time>2005-05-19T07:58:47-07:00</time>
      </trkpt>
      <trkpt lat="34.343327935785055" lon="-117.19507612287998">
        <time>2005-05-19T07:58:51-07:00</time>
      </trkpt>
      <trkpt lat="34.34326666407287" lon="-117.19510545954108">
        <time>2005-05-19T07:58:52-07:00</time>
      </trkpt>
      <trkpt lat="34.34322886168957" lon="-117.19512934796512">
        <time>2005-05-19T07:58:56-07:00</time>
      </trkpt>
      <trkpt lat="34.34319483116269" lon="-117.19515206292272">
        <time>2005-05-19T07:58:57-07:00</time>
      </trkpt>
      <trkpt lat="34.34317379258573" lon="-117.19516254030168">
        <time>2005-05-19T07:59:02-07:00</time>
      </trkpt>
      <trkpt lat="34.34312886558473" lon="-117.19518642872572">
        <time>2005-05-19T07:59:07-07:00</time>
      </trkpt>
      <trkpt lat="34.343073293566704" lon="-117.1952254883945">
        <time>2005-05-19T07:59:08-07:00</time>
      </trkpt>
      <trkpt lat="34.34306331910193" lon="-117.19523278065026">
        <time>2005-05-19T07:59:13-07:00</time>
      </trkpt>
      <trkpt lat="34.34299550950527" lon="-117.19529069960117">
        <time>2005-05-19T07:59:16-07:00</time>
      </trkpt>
      <trkpt lat="34.34298746287823" lon="-117.19530092552304">
        <time>2005-05-19T07:59:19-07:00</time>
      </trkpt>
      <trkpt lat="34.34292795136571" lon="-117.1953586768359">
        <time>2005-05-19T07:59:21-07:00</time>
      </trkpt>
      <trkpt lat="34.34291169047356" lon="-117.19538164325058">
        <time>2005-05-19T07:59:25-07:00</time>
      </trkpt>
      <trkpt lat="34.34286097995937" lon="-117.19544953666627">
        <time>2005-05-19T07:59:30-07:00</time>
      </trkpt>
      <trkpt lat="34.34284899383783" lon="-117.19546185806394">
        <time>2005-05-19T07:59:31-07:00</time>
      </trkpt>
      <trkpt lat="34.34282183647156" lon="-117.19551533460617">
        <time>2005-05-19T07:59:37-07:00</time>
      </trkpt>
      <trkpt lat="34.342799708247185" lon="-117.19553955830634">
        <time>2005-05-19T07:59:38-07:00</time>
      </trkpt>
      <trkpt lat="34.34276567772031" lon="-117.1955880895257">
        <time>2005-05-19T07:59:43-07:00</time>
      </trkpt>
      <trkpt lat="34.34274908155203" lon="-117.19560954719782">
        <time>2005-05-19T07:59:45-07:00</time>
      </trkpt>
      <trkpt lat="34.34272326529026" lon="-117.19564944505692">
        <time>2005-05-19T07:59:51-07:00</time>
      </trkpt>
      <trkpt lat="34.34267724864185" lon="-117.19571197405457">
        <time>2005-05-19T07:59:52-07:00</time>
      </trkpt>
      <trkpt lat="34.342668280005455" lon="-117.1957265585661">
        <time>2005-05-19T07:59:56-07:00</time>
      </trkpt>
      <trkpt lat="34.34262067079544" lon="-117.1957812923938">
        <time>2005-05-19T07:59:58-07:00</time>
      </trkpt>
      <trkpt lat="34.342602733522654" lon="-117.19581155106425">
        <time>2005-05-19T08:00:02-07:00</time>
      </trkpt>
      <trkpt lat="34.34257281012833" lon="-117.19586125575006">
        <time>2005-05-19T08:00:04-07:00</time>
      </trkpt>
      <trkpt lat="34.342549005523324" lon="-117.19590643420815">
        <time>2005-05-19T08:00:07-07:00</time>
      </trkpt>
      <trkpt lat="34.342522183433175" lon="-117.19594809226692">
        <time>2005-05-19T08:00:12-07:00</time>
      </trkpt>
      <trkpt lat="34.34248052537441" lon="-117.19599486328661">
        <time>2005-05-19T08:00:13-07:00</time>
      </trkpt>
      <trkpt lat="34.342463510110974" lon="-117.19602042809129">
        <time>2005-05-19T08:00:18-07:00</time>
      </trkpt>
      <trkpt lat="34.34243945404887" lon="-117.19610064290464">
        <time>2005-05-19T08:00:20-07:00</time>
      </trkpt>
      <trkpt lat="34.342396119609475" lon="-117.19620147719979">
        <time>2005-05-19T08:00:24-07:00</time>
      </trkpt>
      <trkpt lat="34.34234297834337" lon="-117.19630918465555">
        <time>2005-05-19T08:00:27-07:00</time>
      </trkpt>
      <trkpt lat="34.34234851039946" lon="-117.1963222604245">
        <time>2005-05-19T08:00:30-07:00</time>
      </trkpt>
      <trkpt lat="34.34235731139779" lon="-117.1963151358068">
        <time>2005-05-19T08:00:35-07:00</time>
      </trkpt>
      <trkpt lat="34.34238254092634" lon="-117.19627230428159">
        <time>2005-05-19T08:00:37-07:00</time>
      </trkpt>
      <trkpt lat="34.34239888563752" lon="-117.19624238088727">
        <time>2005-05-19T08:00:42-07:00</time>
      </trkpt>
      <trkpt lat="34.34244456700981" lon="-117.1961904130876">
        <time>2005-05-19T08:00:49-07:00</time>
      </trkpt>
      <trkpt lat="34.34248781763017" lon="-117.19613257795572">
        <time>2005-05-19T08:00:56-07:00</time>
      </trkpt>
      <trkpt lat="34.3425053358078" lon="-117.19610835425556">
        <time>2005-05-19T08:00:57-07:00</time>
      </trkpt>
      <trkpt lat="34.34254481457174" lon="-117.1960526984185">
        <time>2005-05-19T08:00:58-07:00</time>
      </trkpt>
      <trkpt lat="34.34255629777908" lon="-117.19604691490531">
        <time>2005-05-19T08:01:01-07:00</time>
      </trkpt>
      <trkpt lat="34.34259770438075" lon="-117.19601548276842">
        <time>2005-05-19T08:01:03-07:00</time>
      </trkpt>
      <trkpt lat="34.342643804848194" lon="-117.19598195515573">
        <time>2005-05-19T08:01:07-07:00</time>
      </trkpt>
      <trkpt lat="34.34266459196806" lon="-117.19596292823553">
        <time>2005-05-19T08:01:11-07:00</time>
      </trkpt>
      <trkpt lat="34.34272184036672" lon="-117.19593074172735">
        <time>2005-05-19T08:01:13-07:00</time>
      </trkpt>
      <trkpt lat="34.342732233926654" lon="-117.19592546112835">
        <time>2005-05-19T08:01:17-07:00</time>
      </trkpt>
      <trkpt lat="34.34278596192598" lon="-117.19586988911033">
        <time>2005-05-19T08:01:18-07:00</time>
      </trkpt>
      <trkpt lat="34.342840276658535" lon="-117.19581968151033">
        <time>2005-05-19T08:01:22-07:00</time>
      </trkpt>
      <trkpt lat="34.34287363663316" lon="-117.19579822383821">
        <time>2005-05-19T08:01:26-07:00</time>
      </trkpt>
      <trkpt lat="34.342904230579734" lon="-117.19577450305223">
        <time>2005-05-19T08:01:28-07:00</time>
      </trkpt>
      <trkpt lat="34.34299299493432" lon="-117.19571675173938">
        <time>2005-05-19T08:01:33-07:00</time>
      </trkpt>
      <trkpt lat="34.34306759387255" lon="-117.19567710533738">
        <time>2005-05-19T08:01:34-07:00</time>
      </trkpt>
      <trkpt lat="34.34307849034667" lon="-117.19566822052002">
        <time>2005-05-19T08:01:39-07:00</time>
      </trkpt>
      <trkpt lat="34.34312425553799" lon="-117.19563066959381">
        <time>2005-05-19T08:01:45-07:00</time>
      </trkpt>
      <trkpt lat="34.343188628554344" lon="-117.19557006843388">
        <time>2005-05-19T08:01:48-07:00</time>
      </trkpt>
      <trkpt lat="34.34320933185518" lon="-117.19554416835308">
        <time>2005-05-19T08:01:51-07:00</time>
      </trkpt>
      <trkpt lat="34.34322643093765" lon="-117.19551642425358">
        <time>2005-05-19T08:02:00-07:00</time>
      </trkpt>
      <trkpt lat="34.3432323820889" lon="-117.19550896435976">
        <time>2005-05-19T08:02:05-07:00</time>
      </trkpt>
      <trkpt lat="34.34327672235668" lon="-117.19546529464424">
        <time>2005-05-19T08:02:06-07:00</time>
      </trkpt>
      <trkpt lat="34.34331066906452" lon="-117.19544551335275">
        <time>2005-05-19T08:02:11-07:00</time>
      </trkpt>
      <trkpt lat="34.34333103708923" lon="-117.19543763436377">
        <time>2005-05-19T08:02:18-07:00</time>
      </trkpt>
      <trkpt lat="34.343379735946655" lon="-117.19542296603322">
        <time>2005-05-19T08:02:20-07:00</time>
      </trkpt>
      <trkpt lat="34.343394320458174" lon="-117.19542145729065">
        <time>2005-05-19T08:02:23-07:00</time>
      </trkpt>
      <trkpt lat="34.34342189691961" lon="-117.19541491940618">
        <time>2005-05-19T08:02:24-07:00</time>
      </trkpt>
      <trkpt lat="34.34348928742111" lon="-117.19540301710367">
        <time>2005-05-19T08:02:28-07:00</time>
      </trkpt>
      <trkpt lat="34.34354812838137" lon="-117.19539924524724">
        <time>2005-05-19T08:02:31-07:00</time>
      </trkpt>
      <trkpt lat="34.3436037003994" lon="-117.19540201127529">
        <time>2005-05-19T08:02:33-07:00</time>
      </trkpt>
      <trkpt lat="34.34368282556534" lon="-117.19537292607129">
        <time>2005-05-19T08:02:37-07:00</time>
      </trkpt>
      <trkpt lat="34.34376111254096" lon="-117.1953391470015">
        <time>2005-05-19T08:02:38-07:00</time>
      </trkpt>
      <trkpt lat="34.34382221661508" lon="-117.19537041150033">
        <time>2005-05-19T08:02:40-07:00</time>
      </trkpt>
      <trkpt lat="34.34383747167885" lon="-117.19537552446127">
        <time>2005-05-19T08:02:45-07:00</time>
      </trkpt>
      <trkpt lat="34.34389832429588" lon="-117.19539480283856">
        <time>2005-05-19T08:02:50-07:00</time>
      </trkpt>
      <trkpt lat="34.34391885995865" lon="-117.19540284946561">
        <time>2005-05-19T08:02:55-07:00</time>
      </trkpt>
      <trkpt lat="34.343957751989365" lon="-117.19541097991168">
        <time>2005-05-19T08:03:01-07:00</time>
      </trkpt>
      <trkpt lat="34.34398700483143" lon="-117.19540938735008">
        <time>2005-05-19T08:03:08-07:00</time>
      </trkpt>
      <trkpt lat="34.343999745324254" lon="-117.19540184363723">
        <time>2005-05-19T08:03:13-07:00</time>
      </trkpt>
      <trkpt lat="34.344008630141616" lon="-117.19539765268564">
        <time>2005-05-19T08:03:14-07:00</time>
      </trkpt>
      <trkpt lat="34.344008630141616" lon="-117.19539765268564">
        <time>2005-05-19T08:03:19-07:00</time>
      </trkpt>
      <trkpt lat="34.344008630141616" lon="-117.19539765268564">
        <time>2005-05-19T08:03:21-07:00</time>
      </trkpt>
      <trkpt lat="34.34401315636933" lon="-117.19539756886661">
        <time>2005-05-19T08:03:24-07:00</time>
      </trkpt>
      <trkpt lat="34.34401256963611" lon="-117.19539958052337">
        <time>2005-05-19T08:03:27-07:00</time>
      </trkpt>
      <trkpt lat="34.344036374241114" lon="-117.19540754333138">
        <time>2005-05-19T08:03:28-07:00</time>
      </trkpt>
      <trkpt lat="34.34406906366348" lon="-117.19544501043856">
        <time>2005-05-19T08:03:31-07:00</time>
      </trkpt>
      <trkpt lat="34.34410644695163" lon="-117.1955362893641">
        <time>2005-05-19T08:03:32-07:00</time>
      </trkpt>
      <trkpt lat="34.34414869174361" lon="-117.19561792910099">
        <time>2005-05-19T08:03:36-07:00</time>
      </trkpt>
      <trkpt lat="34.34418314136565" lon="-117.19568749889731">
        <time>2005-05-19T08:03:40-07:00</time>
      </trkpt>
      <trkpt lat="34.344186410307884" lon="-117.19571851193905">
        <time>2005-05-19T08:03:50-07:00</time>
      </trkpt>
      <trkpt lat="34.34418506920338" lon="-117.19576511532068">
        <time>2005-05-19T08:03:55-07:00</time>
      </trkpt>
      <trkpt lat="34.34417635202408" lon="-117.19579294323921">
        <time>2005-05-19T08:04:02-07:00</time>
      </trkpt>
      <trkpt lat="34.34417635202408" lon="-117.19579294323921">
        <time>2005-05-19T08:04:09-07:00</time>
      </trkpt>
      <trkpt lat="34.3441716581583" lon="-117.19580484554172">
        <time>2005-05-19T08:04:15-07:00</time>
      </trkpt>
      <trkpt lat="34.3441716581583" lon="-117.19580484554172">
        <time>2005-05-19T08:04:22-07:00</time>
      </trkpt>
      <trkpt lat="34.3441716581583" lon="-117.19580484554172">
        <time>2005-05-19T08:04:26-07:00</time>
      </trkpt>
      <trkpt lat="34.3441716581583" lon="-117.19580484554172">
        <time>2005-05-19T08:04:31-07:00</time>
      </trkpt>
      <trkpt lat="34.34418238699436" lon="-117.19582261517644">
        <time>2005-05-19T08:04:36-07:00</time>
      </trkpt>
      <trkpt lat="34.34418456628919" lon="-117.19582546502352">
        <time>2005-05-19T08:04:37-07:00</time>
      </trkpt>
      <trkpt lat="34.344179118052125" lon="-117.19582948833704">
        <time>2005-05-19T08:06:58-07:00</time>
      </trkpt>
      <trkpt lat="34.34417140670121" lon="-117.19582973979414">
        <time>2005-05-19T08:06:59-07:00</time>
      </trkpt>
      <trkpt lat="34.34415849857032" lon="-117.19584004953504">
        <time>2005-05-19T08:07:02-07:00</time>
      </trkpt>
      <trkpt lat="34.344138130545616" lon="-117.19586645253003">
        <time>2005-05-19T08:07:08-07:00</time>
      </trkpt>
      <trkpt lat="34.34410024434328" lon="-117.19589763320982">
        <time>2005-05-19T08:07:09-07:00</time>
      </trkpt>
      <trkpt lat="34.3440820556134" lon="-117.19590794295073">
        <time>2005-05-19T08:07:17-07:00</time>
      </trkpt>
      <trkpt lat="34.34405556879938" lon="-117.19592445529997">
        <time>2005-05-19T08:07:23-07:00</time>
      </trkpt>
      <trkpt lat="34.34401717968285" lon="-117.19594708643854">
        <time>2005-05-19T08:07:30-07:00</time>
      </trkpt>
      <trkpt lat="34.344004355371" lon="-117.19595496542752">
        <time>2005-05-19T08:07:32-07:00</time>
      </trkpt>
      <trkpt lat="34.343970408663154" lon="-117.19597952440381">
        <time>2005-05-19T08:07:35-07:00</time>
      </trkpt>
      <trkpt lat="34.34395448304713" lon="-117.19598011113703">
        <time>2005-05-19T08:07:39-07:00</time>
      </trkpt>
      <trkpt lat="34.34394643642008" lon="-117.19597969204187">
        <time>2005-05-19T08:07:41-07:00</time>
      </trkpt>
      <trkpt lat="34.34392414055765" lon="-117.19596711918712">
        <time>2005-05-19T08:07:44-07:00</time>
      </trkpt>
      <trkpt lat="34.34389094822109" lon="-117.19594649970531">
        <time>2005-05-19T08:07:48-07:00</time>
      </trkpt>
      <trkpt lat="34.343869825825095" lon="-117.1959504391998">
        <time>2005-05-19T08:07:50-07:00</time>
      </trkpt>
      <trkpt lat="34.34384627267718" lon="-117.19595739617944">
        <time>2005-05-19T08:07:54-07:00</time>
      </trkpt>
      <trkpt lat="34.343790616840124" lon="-117.19602738507092">
        <time>2005-05-19T08:07:56-07:00</time>
      </trkpt>
      <trkpt lat="34.34374451637268" lon="-117.19613249413669">
        <time>2005-05-19T08:07:57-07:00</time>
      </trkpt>
      <trkpt lat="34.34367477893829" lon="-117.19617272727191">
        <time>2005-05-19T08:07:59-07:00</time>
      </trkpt>
      <trkpt lat="34.3436330370605" lon="-117.19622771255672">
        <time>2005-05-19T08:08:02-07:00</time>
      </trkpt>
      <trkpt lat="34.343622559681535" lon="-117.19624673947692">
        <time>2005-05-19T08:08:04-07:00</time>
      </trkpt>
      <trkpt lat="34.34358869679272" lon="-117.1963256970048">
        <time>2005-05-19T08:08:06-07:00</time>
      </trkpt>
      <trkpt lat="34.34354108758271" lon="-117.19639560207725">
        <time>2005-05-19T08:08:12-07:00</time>
      </trkpt>
      <trkpt lat="34.34350127354264" lon="-117.19646383076906">
        <time>2005-05-19T08:08:20-07:00</time>
      </trkpt>
      <trkpt lat="34.34348652139306" lon="-117.19649383798242">
        <time>2005-05-19T08:08:27-07:00</time>
      </trkpt>
      <trkpt lat="34.34342793188989" lon="-117.19653381966054">
        <time>2005-05-19T08:08:32-07:00</time>
      </trkpt>
      <trkpt lat="34.34336682781577" lon="-117.19653298147023">
        <time>2005-05-19T08:08:33-07:00</time>
      </trkpt>
      <trkpt lat="34.34335492551327" lon="-117.19652401283383">
        <time>2005-05-19T08:08:39-07:00</time>
      </trkpt>
      <trkpt lat="34.34330798685551" lon="-117.19650574028492">
        <time>2005-05-19T08:08:45-07:00</time>
      </trkpt>
      <trkpt lat="34.34324327856302" lon="-117.19652082771063">
        <time>2005-05-19T08:08:51-07:00</time>
      </trkpt>
      <trkpt lat="34.343172535300255" lon="-117.19659752212465">
        <time>2005-05-19T08:08:53-07:00</time>
      </trkpt>
      <trkpt lat="34.34312500990927" lon="-117.19663272611797">
        <time>2005-05-19T08:08:57-07:00</time>
      </trkpt>
      <trkpt lat="34.343107575550675" lon="-117.19667304307222">
        <time>2005-05-19T08:09:02-07:00</time>
      </trkpt>
      <trkpt lat="34.343102714046836" lon="-117.19670003280044">
        <time>2005-05-19T08:09:03-07:00</time>
      </trkpt>
      <trkpt lat="34.343074886128306" lon="-117.19681268557906">
        <time>2005-05-19T08:09:07-07:00</time>
      </trkpt>
      <trkpt lat="34.343082094565034" lon="-117.19692282378674">
        <time>2005-05-19T08:09:13-07:00</time>
      </trkpt>
      <trkpt lat="34.34314043261111" lon="-117.19702390953898">
        <time>2005-05-19T08:09:20-07:00</time>
      </trkpt>
      <trkpt lat="34.343187622725964" lon="-117.1970712672919">
        <time>2005-05-19T08:09:25-07:00</time>
      </trkpt>
      <trkpt lat="34.343242356553674" lon="-117.19716179184616">
        <time>2005-05-19T08:09:28-07:00</time>
      </trkpt>
      <trkpt lat="34.343275213614106" lon="-117.19724426977336">
        <time>2005-05-19T08:09:30-07:00</time>
      </trkpt>
      <trkpt lat="34.343343023210764" lon="-117.1973186172545">
        <time>2005-05-19T08:09:37-07:00</time>
      </trkpt>
      <trkpt lat="34.34342684224248" lon="-117.19739807769656">
        <time>2005-05-19T08:09:44-07:00</time>
      </trkpt>
      <trkpt lat="34.3435035366565" lon="-117.19745323061943">
        <time>2005-05-19T08:09:51-07:00</time>
      </trkpt>
      <trkpt lat="34.34357360936701" lon="-117.19748768024147">
        <time>2005-05-19T08:09:56-07:00</time>
      </trkpt>
      <trkpt lat="34.34365080669522" lon="-117.19750947318971">
        <time>2005-05-19T08:10:03-07:00</time>
      </trkpt>
      <trkpt lat="34.34374200180173" lon="-117.19756722450256">
        <time>2005-05-19T08:10:09-07:00</time>
      </trkpt>
      <trkpt lat="34.34374753385782" lon="-117.19757996499538">
        <time>2005-05-19T08:10:15-07:00</time>
      </trkpt>
      <trkpt lat="34.343779468908906" lon="-117.1976156719029">
        <time>2005-05-19T08:10:23-07:00</time>
      </trkpt>
      <trkpt lat="34.34381425380707" lon="-117.19766462221742">
        <time>2005-05-19T08:10:30-07:00</time>
      </trkpt>
      <trkpt lat="34.34385046362877" lon="-117.19772757031024">
        <time>2005-05-19T08:10:35-07:00</time>
      </trkpt>
      <trkpt lat="34.3439110647887" lon="-117.19780895859003">
        <time>2005-05-19T08:10:41-07:00</time>
      </trkpt>
      <trkpt lat="34.3439266551286" lon="-117.19782890751958">
        <time>2005-05-19T08:10:49-07:00</time>
      </trkpt>
      <trkpt lat="34.34395649470389" lon="-117.19785430468619">
        <time>2005-05-19T08:10:50-07:00</time>
      </trkpt>
      <trkpt lat="34.34396965429187" lon="-117.19787978567183">
        <time>2005-05-19T08:10:53-07:00</time>
      </trkpt>
      <trkpt lat="34.34398968704045" lon="-117.19789797440171">
        <time>2005-05-19T08:10:58-07:00</time>
      </trkpt>
      <trkpt lat="34.344003265723586" lon="-117.19792404212058">
        <time>2005-05-19T08:11:03-07:00</time>
      </trkpt>
      <trkpt lat="34.344005193561316" lon="-117.19795262441039">
        <time>2005-05-19T08:11:10-07:00</time>
      </trkpt>
      <trkpt lat="34.34401114471257" lon="-117.19797994941473">
        <time>2005-05-19T08:11:12-07:00</time>
      </trkpt>
      <trkpt lat="34.34402053244412" lon="-117.19799160026014">
        <time>2005-05-19T08:11:15-07:00</time>
      </trkpt>
      <trkpt lat="34.3440424092114" lon="-117.19802001491189">
        <time>2005-05-19T08:11:17-07:00</time>
      </trkpt>
      <trkpt lat="34.34409387409687" lon="-117.19808103516698">
        <time>2005-05-19T08:11:20-07:00</time>
      </trkpt>
      <trkpt lat="34.34409630484879" lon="-117.1981659438461">
        <time>2005-05-19T08:11:24-07:00</time>
      </trkpt>
      <trkpt lat="34.34405883774161" lon="-117.19828639179468">
        <time>2005-05-19T08:11:26-07:00</time>
      </trkpt>
      <trkpt lat="34.34407417662442" lon="-117.19834716059268">
        <time>2005-05-19T08:11:28-07:00</time>
      </trkpt>
      <trkpt lat="34.344095047563314" lon="-117.19843986444175">
        <time>2005-05-19T08:11:29-07:00</time>
      </trkpt>
      <trkpt lat="34.34410762041807" lon="-117.19850666821003">
        <time>2005-05-19T08:11:32-07:00</time>
      </trkpt>
      <trkpt lat="34.344134610146284" lon="-117.19862979836762">
        <time>2005-05-19T08:11:38-07:00</time>
      </trkpt>
      <trkpt lat="34.34412647970021" lon="-117.19870397821069">
        <time>2005-05-19T08:11:43-07:00</time>
      </trkpt>
      <trkpt lat="34.34411616995931" lon="-117.19879500567913">
        <time>2005-05-19T08:11:50-07:00</time>
      </trkpt>
      <trkpt lat="34.34412446804345" lon="-117.19887614250183">
        <time>2005-05-19T08:11:55-07:00</time>
      </trkpt>
      <trkpt lat="34.344144416972995" lon="-117.19894613139331">
        <time>2005-05-19T08:12:01-07:00</time>
      </trkpt>
      <trkpt lat="34.34414039365947" lon="-117.19895300455391">
        <time>2005-05-19T08:12:05-07:00</time>
      </trkpt>
      <trkpt lat="34.34413067065179" lon="-117.19900472089648">
        <time>2005-05-19T08:12:12-07:00</time>
      </trkpt>
      <trkpt lat="34.3441269826144" lon="-117.19902014359832">
        <time>2005-05-19T08:12:18-07:00</time>
      </trkpt>
      <trkpt lat="34.34413335286081" lon="-117.19909574836493">
        <time>2005-05-19T08:12:24-07:00</time>
      </trkpt>
      <trkpt lat="34.344139136374" lon="-117.19919775612652">
        <time>2005-05-19T08:12:29-07:00</time>
      </trkpt>
      <trkpt lat="34.34413150884211" lon="-117.19928442500532">
        <time>2005-05-19T08:12:35-07:00</time>
      </trkpt>
      <trkpt lat="34.34413184411824" lon="-117.19937419518828">
        <time>2005-05-19T08:12:36-07:00</time>
      </trkpt>
      <trkpt lat="34.34410594403744" lon="-117.19947217963636">
        <time>2005-05-19T08:12:40-07:00</time>
      </trkpt>
      <trkpt lat="34.34409303590655" lon="-117.19954543747008">
        <time>2005-05-19T08:12:41-07:00</time>
      </trkpt>
      <trkpt lat="34.34409001842141" lon="-117.19956379383802">
        <time>2005-05-19T08:12:46-07:00</time>
      </trkpt>
      <trkpt lat="34.34406780637801" lon="-117.19963856041431">
        <time>2005-05-19T08:12:53-07:00</time>
      </trkpt>
      <trkpt lat="34.34406193904579" lon="-117.19965532422066">
        <time>2005-05-19T08:12:59-07:00</time>
      </trkpt>
      <trkpt lat="34.3440300039947" lon="-117.19976051710546">
        <time>2005-05-19T08:13:05-07:00</time>
      </trkpt>
      <trkpt lat="34.34401516802609" lon="-117.19978189095855">
        <time>2005-05-19T08:13:12-07:00</time>
      </trkpt>
      <trkpt lat="34.34398926794529" lon="-117.19983033835888">
        <time>2005-05-19T08:13:17-07:00</time>
      </trkpt>
      <trkpt lat="34.34395020827651" lon="-117.19991323538125">
        <time>2005-05-19T08:13:18-07:00</time>
      </trkpt>
      <trkpt lat="34.343918189406395" lon="-117.19997157342732">
        <time>2005-05-19T08:13:22-07:00</time>
      </trkpt>
      <trkpt lat="34.34389220550656" lon="-117.19998674467206">
        <time>2005-05-19T08:13:23-07:00</time>
      </trkpt>
      <trkpt lat="34.34383990243077" lon="-117.20000652596354">
        <time>2005-05-19T08:13:30-07:00</time>
      </trkpt>
      <trkpt lat="34.34379137121141" lon="-117.20000862143934">
        <time>2005-05-19T08:13:32-07:00</time>
      </trkpt>
      <trkpt lat="34.34373194351792" lon="-117.2000505309552">
        <time>2005-05-19T08:13:36-07:00</time>
      </trkpt>
      <trkpt lat="34.343737894669175" lon="-117.20012521371245">
        <time>2005-05-19T08:13:42-07:00</time>
      </trkpt>
      <trkpt lat="34.343744767829776" lon="-117.20022546127439">
        <time>2005-05-19T08:13:46-07:00</time>
      </trkpt>
      <trkpt lat="34.34373412281275" lon="-117.20023484900594">
        <time>2005-05-19T08:13:48-07:00</time>
      </trkpt>
      <trkpt lat="34.34371333569288" lon="-117.20030282624066">
        <time>2005-05-19T08:13:52-07:00</time>
      </trkpt>
      <trkpt lat="34.34368693269789" lon="-117.20040927641094">
        <time>2005-05-19T08:13:55-07:00</time>
      </trkpt>
      <trkpt lat="34.34363789856434" lon="-117.20050499774516">
        <time>2005-05-19T08:14:00-07:00</time>
      </trkpt>
      <trkpt lat="34.34359934180975" lon="-117.20057783648372">
        <time>2005-05-19T08:14:06-07:00</time>
      </trkpt>
      <trkpt lat="34.343569250777364" lon="-117.20067934133112">
        <time>2005-05-19T08:14:12-07:00</time>
      </trkpt>
      <trkpt lat="34.343563383445144" lon="-117.2007516771555">
        <time>2005-05-19T08:14:13-07:00</time>
      </trkpt>
      <trkpt lat="34.34354963712394" lon="-117.20083365216851">
        <time>2005-05-19T08:14:18-07:00</time>
      </trkpt>
      <trkpt lat="34.343538573011756" lon="-117.20089760608971">
        <time>2005-05-19T08:14:25-07:00</time>
      </trkpt>
      <trkpt lat="34.34353396296501" lon="-117.20091068185866">
        <time>2005-05-19T08:14:32-07:00</time>
      </trkpt>
      <trkpt lat="34.343503871932626" lon="-117.20101084560156">
        <time>2005-05-19T08:14:37-07:00</time>
      </trkpt>
      <trkpt lat="34.34349381364882" lon="-117.20111989416182">
        <time>2005-05-19T08:14:43-07:00</time>
      </trkpt>
      <trkpt lat="34.34349129907787" lon="-117.2012469638139">
        <time>2005-05-19T08:14:47-07:00</time>
      </trkpt>
      <trkpt lat="34.3434829171747" lon="-117.2013576887548">
        <time>2005-05-19T08:14:52-07:00</time>
      </trkpt>
      <trkpt lat="34.34345626272261" lon="-117.20142080448568">
        <time>2005-05-19T08:14:57-07:00</time>
      </trkpt>
      <trkpt lat="34.343478390946984" lon="-117.20151065848768">
        <time>2005-05-19T08:14:58-07:00</time>
      </trkpt>
      <trkpt lat="34.34354452416301" lon="-117.2015609499067">
        <time>2005-05-19T08:15:04-07:00</time>
      </trkpt>
      <trkpt lat="34.3435968272388" lon="-117.2015767917037">
        <time>2005-05-19T08:15:11-07:00</time>
      </trkpt>
      <trkpt lat="34.3436433468014" lon="-117.20159045420587">
        <time>2005-05-19T08:15:19-07:00</time>
      </trkpt>
      <trkpt lat="34.343656254932284" lon="-117.20159472897649">
        <time>2005-05-19T08:15:25-07:00</time>
      </trkpt>
      <trkpt lat="34.343720292672515" lon="-117.20159783028066">
        <time>2005-05-19T08:15:29-07:00</time>
      </trkpt>
      <trkpt lat="34.34381056576967" lon="-117.20159850083292">
        <time>2005-05-19T08:15:36-07:00</time>
      </trkpt>
      <trkpt lat="34.34385976754129" lon="-117.20161685720086">
        <time>2005-05-19T08:15:42-07:00</time>
      </trkpt>
      <trkpt lat="34.34392347000539" lon="-117.20165046863258">
        <time>2005-05-19T08:15:46-07:00</time>
      </trkpt>
      <trkpt lat="34.343999829143286" lon="-117.20170067623258">
        <time>2005-05-19T08:15:49-07:00</time>
      </trkpt>
      <trkpt lat="34.34409814886749" lon="-117.20177862793207">
        <time>2005-05-19T08:15:50-07:00</time>
      </trkpt>
      <trkpt lat="34.344162018969655" lon="-117.20180905424058">
        <time>2005-05-19T08:15:55-07:00</time>
      </trkpt>
      <trkpt lat="34.34422588907182" lon="-117.20182657241821">
        <time>2005-05-19T08:16:02-07:00</time>
      </trkpt>
      <trkpt lat="34.34425363317132" lon="-117.2018165141344">
        <time>2005-05-19T08:16:06-07:00</time>
      </trkpt>
      <trkpt lat="34.34428003616631" lon="-117.20181525684893">
        <time>2005-05-19T08:16:11-07:00</time>
      </trkpt>
      <trkpt lat="34.344291016459465" lon="-117.20182095654309">
        <time>2005-05-19T08:16:17-07:00</time>
      </trkpt>
      <trkpt lat="34.344310043379664" lon="-117.20185213722289">
        <time>2005-05-19T08:16:25-07:00</time>
      </trkpt>
      <trkpt lat="34.34429654851556" lon="-117.20186957158148">
        <time>2005-05-19T08:16:31-07:00</time>
      </trkpt>
      <trkpt lat="34.34428540058434" lon="-117.20188423991203">
        <time>2005-05-19T08:16:36-07:00</time>
      </trkpt>
      <trkpt lat="34.34420417994261" lon="-117.20193696208298">
        <time>2005-05-19T08:16:38-07:00</time>
      </trkpt>
      <trkpt lat="34.34416453354061" lon="-117.20196537673473">
        <time>2005-05-19T08:16:40-07:00</time>
      </trkpt>
      <trkpt lat="34.34413284994662" lon="-117.20198742114007">
        <time>2005-05-19T08:16:41-07:00</time>
      </trkpt>
      <trkpt lat="34.34405816718936" lon="-117.20200745388865">
        <time>2005-05-19T08:16:44-07:00</time>
      </trkpt>
      <trkpt lat="34.344031093642116" lon="-117.20200778916478">
        <time>2005-05-19T08:16:46-07:00</time>
      </trkpt>
      <trkpt lat="34.343952890485525" lon="-117.2019983176142">
        <time>2005-05-19T08:16:47-07:00</time>
      </trkpt>
      <trkpt lat="34.3439472746104" lon="-117.20198901370168">
        <time>2005-05-19T08:16:54-07:00</time>
      </trkpt>
      <trkpt lat="34.34389002621174" lon="-117.2019568271935">
        <time>2005-05-19T08:16:57-07:00</time>
      </trkpt>
      <trkpt lat="34.34386278502643" lon="-117.2019549831748">
        <time>2005-05-19T08:16:59-07:00</time>
      </trkpt>
      <trkpt lat="34.343800423666835" lon="-117.20194526016712">
        <time>2005-05-19T08:17:05-07:00</time>
      </trkpt>
      <trkpt lat="34.343791622668505" lon="-117.20195716246963">
        <time>2005-05-19T08:17:07-07:00</time>
      </trkpt>
      <trkpt lat="34.34376932680607" lon="-117.20196495763958">
        <time>2005-05-19T08:17:13-07:00</time>
      </trkpt>
      <trkpt lat="34.34373370371759" lon="-117.20198373310268">
        <time>2005-05-19T08:17:14-07:00</time>
      </trkpt>
      <trkpt lat="34.34366815723479" lon="-117.20201994292438">
        <time>2005-05-19T08:17:19-07:00</time>
      </trkpt>
      <trkpt lat="34.34358618222177" lon="-117.20204232260585">
        <time>2005-05-19T08:17:21-07:00</time>
      </trkpt>
      <trkpt lat="34.343502866104245" lon="-117.20204810611904">
        <time>2005-05-19T08:17:26-07:00</time>
      </trkpt>
      <trkpt lat="34.34341359883547" lon="-117.20201357267797">
        <time>2005-05-19T08:17:27-07:00</time>
      </trkpt>
      <trkpt lat="34.34340094216168" lon="-117.20202220603824">
        <time>2005-05-19T08:17:29-07:00</time>
      </trkpt>
      <trkpt lat="34.34335350058973" lon="-117.2020482737571">
        <time>2005-05-19T08:17:32-07:00</time>
      </trkpt>
      <trkpt lat="34.343270268291235" lon="-117.20208859071136">
        <time>2005-05-19T08:17:38-07:00</time>
      </trkpt>
      <trkpt lat="34.34325895272195" lon="-117.20209806226194">
        <time>2005-05-19T08:17:44-07:00</time>
      </trkpt>
      <trkpt lat="34.343223329633474" lon="-117.20219026319683">
        <time>2005-05-19T08:17:50-07:00</time>
      </trkpt>
      <trkpt lat="34.34319709427655" lon="-117.20229394733906">
        <time>2005-05-19T08:17:57-07:00</time>
      </trkpt>
      <trkpt lat="34.34318301267922" lon="-117.20239520072937">
        <time>2005-05-19T08:17:58-07:00</time>
      </trkpt>
      <trkpt lat="34.34317387640476" lon="-117.2024592384696">
        <time>2005-05-19T08:18:02-07:00</time>
      </trkpt>
      <trkpt lat="34.34317655861378" lon="-117.20254414714873">
        <time>2005-05-19T08:18:08-07:00</time>
      </trkpt>
      <trkpt lat="34.34319826774299" lon="-117.20264992676675">
        <time>2005-05-19T08:18:09-07:00</time>
      </trkpt>
      <trkpt lat="34.34318368323147" lon="-117.20274564810097">
        <time>2005-05-19T08:18:16-07:00</time>
      </trkpt>
      <trkpt lat="34.34317278675735" lon="-117.20276006497443">
        <time>2005-05-19T08:18:23-07:00</time>
      </trkpt>
      <trkpt lat="34.343127608299255" lon="-117.20281194895506">
        <time>2005-05-19T08:18:28-07:00</time>
      </trkpt>
      <trkpt lat="34.343109084293246" lon="-117.20283206552267">
        <time>2005-05-19T08:18:33-07:00</time>
      </trkpt>
      <trkpt lat="34.34304915368557" lon="-117.2028670180589">
        <time>2005-05-19T08:18:38-07:00</time>
      </trkpt>
      <trkpt lat="34.34299291111529" lon="-117.20289006829262">
        <time>2005-05-19T08:18:44-07:00</time>
      </trkpt>
      <trkpt lat="34.34294697828591" lon="-117.20293189398944">
        <time>2005-05-19T08:18:50-07:00</time>
      </trkpt>
      <trkpt lat="34.34293105266988" lon="-117.20295737497509">
        <time>2005-05-19T08:18:51-07:00</time>
      </trkpt>
      <trkpt lat="34.34290699660778" lon="-117.20303365029395">
        <time>2005-05-19T08:18:55-07:00</time>
      </trkpt>
      <trkpt lat="34.34293138794601" lon="-117.20312953926623">
        <time>2005-05-19T08:18:57-07:00</time>
      </trkpt>
      <trkpt lat="34.34299039654434" lon="-117.2032193094492">
        <time>2005-05-19T08:19:03-07:00</time>
      </trkpt>
      <trkpt lat="34.34301931411028" lon="-117.20333053730428">
        <time>2005-05-19T08:19:08-07:00</time>
      </trkpt>
      <trkpt lat="34.343002466484904" lon="-117.20341896638274">
        <time>2005-05-19T08:19:12-07:00</time>
      </trkpt>
      <trkpt lat="34.34298117645085" lon="-117.20350320450962">
        <time>2005-05-19T08:19:14-07:00</time>
      </trkpt>
      <trkpt lat="34.342948319390416" lon="-117.20365449786186">
        <time>2005-05-19T08:19:19-07:00</time>
      </trkpt>
      <trkpt lat="34.34296902269125" lon="-117.20373529940844">
        <time>2005-05-19T08:19:25-07:00</time>
      </trkpt>
      <trkpt lat="34.34298771433532" lon="-117.20381400547922">
        <time>2005-05-19T08:19:32-07:00</time>
      </trkpt>
      <trkpt lat="34.342981511726975" lon="-117.20392431132495">
        <time>2005-05-19T08:19:39-07:00</time>
      </trkpt>
      <trkpt lat="34.343009339645505" lon="-117.20396940596402">
        <time>2005-05-19T08:19:44-07:00</time>
      </trkpt>
      <trkpt lat="34.34303792193532" lon="-117.20397870987654">
        <time>2005-05-19T08:19:50-07:00</time>
      </trkpt>
      <trkpt lat="34.343064995482564" lon="-117.20398197881877">
        <time>2005-05-19T08:19:59-07:00</time>
      </trkpt>
      <trkpt lat="34.343161303550005" lon="-117.20403243787587">
        <time>2005-05-19T08:20:04-07:00</time>
      </trkpt>
      <trkpt lat="34.343204302713275" lon="-117.20409379340708">
        <time>2005-05-19T08:20:10-07:00</time>
      </trkpt>
      <trkpt lat="34.34325098991394" lon="-117.20414567738771">
        <time>2005-05-19T08:20:17-07:00</time>
      </trkpt>
      <trkpt lat="34.34332416392863" lon="-117.20422170124948">
        <time>2005-05-19T08:20:21-07:00</time>
      </trkpt>
      <trkpt lat="34.34335417114198" lon="-117.2042933665216">
        <time>2005-05-19T08:20:23-07:00</time>
      </trkpt>
      <trkpt lat="34.34333992190659" lon="-117.2043274808675">
        <time>2005-05-19T08:20:26-07:00</time>
      </trkpt>
      <trkpt lat="34.34330195188522" lon="-117.20434583723545">
        <time>2005-05-19T08:20:33-07:00</time>
      </trkpt>
      <trkpt lat="34.343279488384724" lon="-117.20434374175966">
        <time>2005-05-19T08:20:39-07:00</time>
      </trkpt>
      <trkpt lat="34.34323288500309" lon="-117.20433158800006">
        <time>2005-05-19T08:20:44-07:00</time>
      </trkpt>
      <trkpt lat="34.34316691942513" lon="-117.20434986054897">
        <time>2005-05-19T08:20:51-07:00</time>
      </trkpt>
      <trkpt lat="34.34311721473932" lon="-117.20441984944046">
        <time>2005-05-19T08:20:56-07:00</time>
      </trkpt>
      <trkpt lat="34.34303406625986" lon="-117.20450123772025">
        <time>2005-05-19T08:20:59-07:00</time>
      </trkpt>
      <trkpt lat="34.343025516718626" lon="-117.20457726158202">
        <time>2005-05-19T08:21:02-07:00</time>
      </trkpt>
      <trkpt lat="34.34303498826921" lon="-117.20459419302642">
        <time>2005-05-19T08:21:04-07:00</time>
      </trkpt>
      <trkpt lat="34.34305158443749" lon="-117.20463618636131">
        <time>2005-05-19T08:21:07-07:00</time>
      </trkpt>
      <trkpt lat="34.34308712370694" lon="-117.20473676919937">
        <time>2005-05-19T08:21:12-07:00</time>
      </trkpt>
      <trkpt lat="34.34313012287021" lon="-117.20480139367282">
        <time>2005-05-19T08:21:17-07:00</time>
      </trkpt>
      <trkpt lat="34.34311746619642" lon="-117.2048840392381">
        <time>2005-05-19T08:21:24-07:00</time>
      </trkpt>
      <trkpt lat="34.34310137294233" lon="-117.20491304062307">
        <time>2005-05-19T08:21:29-07:00</time>
      </trkpt>
      <trkpt lat="34.34307346120477" lon="-117.20495327375829">
        <time>2005-05-19T08:21:30-07:00</time>
      </trkpt>
      <trkpt lat="34.34299894608557" lon="-117.20499660819769">
        <time>2005-05-19T08:21:33-07:00</time>
      </trkpt>
      <trkpt lat="34.342971201986074" lon="-117.20503742806613">
        <time>2005-05-19T08:21:40-07:00</time>
      </trkpt>
      <trkpt lat="34.34296717867255" lon="-117.2050999570638">
        <time>2005-05-19T08:21:45-07:00</time>
      </trkpt>
      <trkpt lat="34.342979080975056" lon="-117.20516768284142">
        <time>2005-05-19T08:21:50-07:00</time>
      </trkpt>
      <trkpt lat="34.342948822304606" lon="-117.2052566986531">
        <time>2005-05-19T08:21:52-07:00</time>
      </trkpt>
      <trkpt lat="34.34287363663316" lon="-117.20532819628716">
        <time>2005-05-19T08:21:56-07:00</time>
      </trkpt>
      <trkpt lat="34.34282426722348" lon="-117.20537211745977">
        <time>2005-05-19T08:22:02-07:00</time>
      </trkpt>
      <trkpt lat="34.34278788976371" lon="-117.20548016019166">
        <time>2005-05-19T08:22:05-07:00</time>
      </trkpt>
      <trkpt lat="34.34275981038809" lon="-117.20556112937629">
        <time>2005-05-19T08:22:08-07:00</time>
      </trkpt>
      <trkpt lat="34.34277414344251" lon="-117.20558585599065">
        <time>2005-05-19T08:22:13-07:00</time>
      </trkpt>
      <trkpt lat="34.34280146844685" lon="-117.20562893897295">
        <time>2005-05-19T08:22:19-07:00</time>
      </trkpt>
      <trkpt lat="34.34283373877406" lon="-117.20567361451685">
        <time>2005-05-19T08:22:25-07:00</time>
      </trkpt>
      <trkpt lat="34.34283616952598" lon="-117.20570588484406">
        <time>2005-05-19T08:22:31-07:00</time>
      </trkpt>
      <trkpt lat="34.34282912872732" lon="-117.20574284903705">
        <time>2005-05-19T08:22:38-07:00</time>
      </trkpt>
      <trkpt lat="34.34281839989126" lon="-117.20574913546443">
        <time>2005-05-19T08:22:43-07:00</time>
      </trkpt>
      <trkpt lat="34.34280549176037" lon="-117.20576154068112">
        <time>2005-05-19T08:22:45-07:00</time>
      </trkpt>
      <trkpt lat="34.34278612956405" lon="-117.2057765442878">
        <time>2005-05-19T08:22:48-07:00</time>
      </trkpt>
      <trkpt lat="34.34274916537106" lon="-117.20583295449615">
        <time>2005-05-19T08:22:52-07:00</time>
      </trkpt>
      <trkpt lat="34.34278042986989" lon="-117.20590872690082">
        <time>2005-05-19T08:22:54-07:00</time>
      </trkpt>
      <trkpt lat="34.34278973378241" lon="-117.20599321648479">
        <time>2005-05-19T08:22:57-07:00</time>
      </trkpt>
      <trkpt lat="34.34279174543917" lon="-117.20602976158261">
        <time>2005-05-19T08:22:58-07:00</time>
      </trkpt>
      <trkpt lat="34.3427817709744" lon="-117.20606815069914">
        <time>2005-05-19T08:22:59-07:00</time>
      </trkpt>
      <trkpt lat="34.342770371586084" lon="-117.20610100775957">
        <time>2005-05-19T08:23:01-07:00</time>
      </trkpt>
      <trkpt lat="34.342762157320976" lon="-117.20611785538495">
        <time>2005-05-19T08:23:06-07:00</time>
      </trkpt>
      <trkpt lat="34.34275846928358" lon="-117.20613151788712">
        <time>2005-05-19T08:23:11-07:00</time>
      </trkpt>
      <trkpt lat="34.34275100938976" lon="-117.20618256367743">
        <time>2005-05-19T08:23:17-07:00</time>
      </trkpt>
      <trkpt lat="34.34271203354001" lon="-117.20626068301499">
        <time>2005-05-19T08:23:20-07:00</time>
      </trkpt>
      <trkpt lat="34.34269828721881" lon="-117.20633402466774">
        <time>2005-05-19T08:23:23-07:00</time>
      </trkpt>
      <trkpt lat="34.34267154894769" lon="-117.20643242821097">
        <time>2005-05-19T08:23:26-07:00</time>
      </trkpt>
      <trkpt lat="34.34265327639878" lon="-117.20644944347441">
        <time>2005-05-19T08:23:28-07:00</time>
      </trkpt>
      <trkpt lat="34.34262318536639" lon="-117.20647282898426">
        <time>2005-05-19T08:23:29-07:00</time>
      </trkpt>
      <trkpt lat="34.34257037937641" lon="-117.20653619617224">
        <time>2005-05-19T08:23:34-07:00</time>
      </trkpt>
      <trkpt lat="34.34255168773234" lon="-117.20660140737891">
        <time>2005-05-19T08:23:40-07:00</time>
      </trkpt>
      <trkpt lat="34.342577923089266" lon="-117.2066938597709">
        <time>2005-05-19T08:23:45-07:00</time>
      </trkpt>
      <trkpt lat="34.34259049594402" lon="-117.20679712481797">
        <time>2005-05-19T08:23:52-07:00</time>
      </trkpt>
      <trkpt lat="34.342590160667896" lon="-117.20685806125402">
        <time>2005-05-19T08:23:54-07:00</time>
      </trkpt>
      <trkpt lat="34.342539785429835" lon="-117.20694766379893">
        <time>2005-05-19T08:23:57-07:00</time>
      </trkpt>
      <trkpt lat="34.3424620013684" lon="-117.20701237209141">
        <time>2005-05-19T08:24:03-07:00</time>
      </trkpt>
      <trkpt lat="34.34242964722216" lon="-117.20707054249942">
        <time>2005-05-19T08:24:07-07:00</time>
      </trkpt>
      <trkpt lat="34.34241631999612" lon="-117.20709828659892">
        <time>2005-05-19T08:24:13-07:00</time>
      </trkpt>
      <trkpt lat="34.342398047447205" lon="-117.20719710923731">
        <time>2005-05-19T08:24:20-07:00</time>
      </trkpt>
      <trkpt lat="34.34237793087959" lon="-117.20726164989173">
        <time>2005-05-19T08:24:25-07:00</time>
      </trkpt>
      <trkpt lat="34.34237382374704" lon="-117.20726961269975">
        <time>2005-05-19T08:24:32-07:00</time>
      </trkpt>
      <trkpt lat="34.342336943373084" lon="-117.20735963433981">
        <time>2005-05-19T08:24:38-07:00</time>
      </trkpt>
      <trkpt lat="34.34229218401015" lon="-117.20742400735617">
        <time>2005-05-19T08:24:42-07:00</time>
      </trkpt>
      <trkpt lat="34.342258824035525" lon="-117.20755074173212">
        <time>2005-05-19T08:24:44-07:00</time>
      </trkpt>
      <trkpt lat="34.342220183461905" lon="-117.20764386467636">
        <time>2005-05-19T08:24:50-07:00</time>
      </trkpt>
      <trkpt lat="34.342176262289286" lon="-117.20767973922193">
        <time>2005-05-19T08:24:55-07:00</time>
      </trkpt>
      <trkpt lat="34.34215069748461" lon="-117.20776012167335">
        <time>2005-05-19T08:24:56-07:00</time>
      </trkpt>
      <trkpt lat="34.34207827784121" lon="-117.20783882774413">
        <time>2005-05-19T08:25:02-07:00</time>
      </trkpt>
      <trkpt lat="34.34202597476542" lon="-117.20790462568402">
        <time>2005-05-19T08:25:07-07:00</time>
      </trkpt>
      <trkpt lat="34.34200678020716" lon="-117.20794536173344">
        <time>2005-05-19T08:25:15-07:00</time>
      </trkpt>
      <trkpt lat="34.341991022229195" lon="-117.20796556212008">
        <time>2005-05-19T08:25:21-07:00</time>
      </trkpt>
      <trkpt lat="34.34194525703788" lon="-117.20806220546365">
        <time>2005-05-19T08:25:26-07:00</time>
      </trkpt>
      <trkpt lat="34.34190879575908" lon="-117.20816421322525">
        <time>2005-05-19T08:25:31-07:00</time>
      </trkpt>
      <trkpt lat="34.34188423678279" lon="-117.20821844413877">
        <time>2005-05-19T08:25:39-07:00</time>
      </trkpt>
      <trkpt lat="34.34187895618379" lon="-117.20823646523058">
        <time>2005-05-19T08:25:45-07:00</time>
      </trkpt>
      <trkpt lat="34.34188524261117" lon="-117.20832590013742">
        <time>2005-05-19T08:25:49-07:00</time>
      </trkpt>
      <trkpt lat="34.341897731646895" lon="-117.20841441303492">
        <time>2005-05-19T08:25:51-07:00</time>
      </trkpt>
      <trkpt lat="34.34191516600549" lon="-117.20849680714309">
        <time>2005-05-19T08:25:57-07:00</time>
      </trkpt>
      <trkpt lat="34.34193980880082" lon="-117.20859051682055">
        <time>2005-05-19T08:26:03-07:00</time>
      </trkpt>
      <trkpt lat="34.341965205967426" lon="-117.20865187235177">
        <time>2005-05-19T08:26:07-07:00</time>
      </trkpt>
      <trkpt lat="34.34197870083153" lon="-117.20874139107764">
        <time>2005-05-19T08:26:08-07:00</time>
      </trkpt>
      <trkpt lat="34.341970570385456" lon="-117.20875589177012">
        <time>2005-05-19T08:26:15-07:00</time>
      </trkpt>
      <trkpt lat="34.34193888679147" lon="-117.20878782682121">
        <time>2005-05-19T08:26:21-07:00</time>
      </trkpt>
      <trkpt lat="34.34190561063588" lon="-117.20878036692739">
        <time>2005-05-19T08:26:26-07:00</time>
      </trkpt>
      <trkpt lat="34.341840986162424" lon="-117.20876066945493">
        <time>2005-05-19T08:26:32-07:00</time>
      </trkpt>
      <trkpt lat="34.341768231242895" lon="-117.20872420817614">
        <time>2005-05-19T08:26:37-07:00</time>
      </trkpt>
      <trkpt lat="34.34167368337512" lon="-117.20873074606061">
        <time>2005-05-19T08:26:43-07:00</time>
      </trkpt>
      <trkpt lat="34.34161199256778" lon="-117.20881992951035">
        <time>2005-05-19T08:26:44-07:00</time>
      </trkpt>
      <trkpt lat="34.34154954738915" lon="-117.20892185345292">
        <time>2005-05-19T08:26:46-07:00</time>
      </trkpt>
      <trkpt lat="34.341493556275964" lon="-117.2090473305434">
        <time>2005-05-19T08:26:48-07:00</time>
      </trkpt>
      <trkpt lat="34.34147955849767" lon="-117.20914330333471">
        <time>2005-05-19T08:26:53-07:00</time>
      </trkpt>
      <trkpt lat="34.341482911258936" lon="-117.20915931276977">
        <time>2005-05-19T08:26:58-07:00</time>
      </trkpt>
      <trkpt lat="34.341501435264945" lon="-117.20927137881517">
        <time>2005-05-19T08:27:06-07:00</time>
      </trkpt>
      <trkpt lat="34.34153781272471" lon="-117.20941035076976">
        <time>2005-05-19T08:27:13-07:00</time>
      </trkpt>
      <trkpt lat="34.34159581549466" lon="-117.20950523391366">
        <time>2005-05-19T08:27:21-07:00</time>
      </trkpt>
      <trkpt lat="34.341642586514354" lon="-117.20961989834905">
        <time>2005-05-19T08:27:29-07:00</time>
      </trkpt>
      <trkpt lat="34.341660691425204" lon="-117.2097363229841">
        <time>2005-05-19T08:27:35-07:00</time>
      </trkpt>
      <trkpt lat="34.34171324595809" lon="-117.20980203710496">
        <time>2005-05-19T08:27:36-07:00</time>
      </trkpt>
      <trkpt lat="34.341759430244565" lon="-117.20992223359644">
        <time>2005-05-19T08:27:43-07:00</time>
      </trkpt>
      <trkpt lat="34.34182036668062" lon="-117.21000052057207">
        <time>2005-05-19T08:27:52-07:00</time>
      </trkpt>
      <trkpt lat="34.34188264422119" lon="-117.2100867703557">
        <time>2005-05-19T08:27:59-07:00</time>
      </trkpt>
      <trkpt lat="34.341943580657244" lon="-117.21017360687256">
        <time>2005-05-19T08:28:07-07:00</time>
      </trkpt>
      <trkpt lat="34.34199722483754" lon="-117.21028374508023">
        <time>2005-05-19T08:28:14-07:00</time>
      </trkpt>
      <trkpt lat="34.342061430215836" lon="-117.21040612086654">
        <time>2005-05-19T08:28:20-07:00</time>
      </trkpt>
      <trkpt lat="34.34211834333837" lon="-117.21050720661879">
        <time>2005-05-19T08:28:28-07:00</time>
      </trkpt>
      <trkpt lat="34.342142483219504" lon="-117.21058775670826">
        <time>2005-05-19T08:28:34-07:00</time>
      </trkpt>
      <trkpt lat="34.342187410220504" lon="-117.21069085411727">
        <time>2005-05-19T08:28:41-07:00</time>
      </trkpt>
      <trkpt lat="34.34224767610431" lon="-117.21079864539206">
        <time>2005-05-19T08:28:48-07:00</time>
      </trkpt>
      <trkpt lat="34.342287657782435" lon="-117.21085455268621">
        <time>2005-05-19T08:28:56-07:00</time>
      </trkpt>
      <trkpt lat="34.342326717451215" lon="-117.21091683022678">
        <time>2005-05-19T08:29:04-07:00</time>
      </trkpt>
      <trkpt lat="34.34236912988126" lon="-117.21096334978938">
        <time>2005-05-19T08:29:11-07:00</time>
      </trkpt>
      <trkpt lat="34.342429814860225" lon="-117.21105890348554">
        <time>2005-05-19T08:29:17-07:00</time>
      </trkpt>
      <trkpt lat="34.34247298166156" lon="-117.21114532090724">
        <time>2005-05-19T08:29:25-07:00</time>
      </trkpt>
      <trkpt lat="34.34252872131765" lon="-117.21125721931458">
        <time>2005-05-19T08:29:33-07:00</time>
      </trkpt>
      <trkpt lat="34.34256794862449" lon="-117.21136249601841">
        <time>2005-05-19T08:29:38-07:00</time>
      </trkpt>
      <trkpt lat="34.34259954839945" lon="-117.21142318099737">
        <time>2005-05-19T08:29:43-07:00</time>
      </trkpt>
      <trkpt lat="34.342615054920316" lon="-117.21148143522441">
        <time>2005-05-19T08:29:48-07:00</time>
      </trkpt>
      <trkpt lat="34.34264715760946" lon="-117.21157807856798">
        <time>2005-05-19T08:29:55-07:00</time>
      </trkpt>
      <trkpt lat="34.34265336021781" lon="-117.21158679574728">
        <time>2005-05-19T08:30:01-07:00</time>
      </trkpt>
      <trkpt lat="34.34270666912198" lon="-117.21166256815195">
        <time>2005-05-19T08:30:09-07:00</time>
      </trkpt>
      <trkpt lat="34.34273994527757" lon="-117.21170674078166">
        <time>2005-05-19T08:30:15-07:00</time>
      </trkpt>
      <trkpt lat="34.34276978485286" lon="-117.21173071302474">
        <time>2005-05-19T08:30:19-07:00</time>
      </trkpt>
      <trkpt lat="34.342782609164715" lon="-117.2117409389466">
        <time>2005-05-19T08:30:22-07:00</time>
      </trkpt>
      <trkpt lat="34.342840276658535" lon="-117.21179164946079">
        <time>2005-05-19T08:30:29-07:00</time>
      </trkpt>
      <trkpt lat="34.3428885564208" lon="-117.21184420399368">
        <time>2005-05-19T08:30:30-07:00</time>
      </trkpt>
      <trkpt lat="34.34290079399943" lon="-117.2119169589132">
        <time>2005-05-19T08:30:37-07:00</time>
      </trkpt>
      <trkpt lat="34.3429041467607" lon="-117.21193288452923">
        <time>2005-05-19T08:30:41-07:00</time>
      </trkpt>
      <trkpt lat="34.34291378594935" lon="-117.21197680570185">
        <time>2005-05-19T08:30:44-07:00</time>
      </trkpt>
      <trkpt lat="34.34291722252965" lon="-117.21200941130519">
        <time>2005-05-19T08:30:45-07:00</time>
      </trkpt>
      <trkpt lat="34.34292049147189" lon="-117.21202399581671">
        <time>2005-05-19T08:30:50-07:00</time>
      </trkpt>
      <trkpt lat="34.34295343235135" lon="-117.21208191476762">
        <time>2005-05-19T08:30:55-07:00</time>
      </trkpt>
      <trkpt lat="34.342959551140666" lon="-117.21209591254592">
        <time>2005-05-19T08:30:59-07:00</time>
      </trkpt>
      <trkpt lat="34.34301361441612" lon="-117.21221015788615">
        <time>2005-05-19T08:31:00-07:00</time>
      </trkpt>
      <trkpt lat="34.34302484616637" lon="-117.21228115260601">
        <time>2005-05-19T08:31:03-07:00</time>
      </trkpt>
      <trkpt lat="34.34306055307388" lon="-117.21234971657395">
        <time>2005-05-19T08:31:05-07:00</time>
      </trkpt>
      <trkpt lat="34.34311855584383" lon="-117.2123990021646">
        <time>2005-05-19T08:31:06-07:00</time>
      </trkpt>
      <trkpt lat="34.343167170882225" lon="-117.21245189197361">
        <time>2005-05-19T08:31:10-07:00</time>
      </trkpt>
      <trkpt lat="34.343196004629135" lon="-117.21254417672753">
        <time>2005-05-19T08:31:11-07:00</time>
      </trkpt>
      <trkpt lat="34.34322073124349" lon="-117.21264526247978">
        <time>2005-05-19T08:31:19-07:00</time>
      </trkpt>
      <trkpt lat="34.34324420057237" lon="-117.2127187717706">
        <time>2005-05-19T08:31:23-07:00</time>
      </trkpt>
      <trkpt lat="34.34327135793865" lon="-117.21279948949814">
        <time>2005-05-19T08:31:29-07:00</time>
      </trkpt>
      <trkpt lat="34.34329348616302" lon="-117.2128961328417">
        <time>2005-05-19T08:31:34-07:00</time>
      </trkpt>
      <trkpt lat="34.34330555610359" lon="-117.21297584474087">
        <time>2005-05-19T08:31:39-07:00</time>
      </trkpt>
      <trkpt lat="34.34332190081477" lon="-117.2130948677659">
        <time>2005-05-19T08:31:45-07:00</time>
      </trkpt>
      <trkpt lat="34.34331259690225" lon="-117.21317474730313">
        <time>2005-05-19T08:31:51-07:00</time>
      </trkpt>
      <trkpt lat="34.343349393457174" lon="-117.21324834041297">
        <time>2005-05-19T08:31:56-07:00</time>
      </trkpt>
      <trkpt lat="34.343366576358676" lon="-117.21331715583801">
        <time>2005-05-19T08:32:01-07:00</time>
      </trkpt>
      <trkpt lat="34.34335199184716" lon="-117.21340524964035">
        <time>2005-05-19T08:32:07-07:00</time>
      </trkpt>
      <trkpt lat="34.34329926967621" lon="-117.21345889382064">
        <time>2005-05-19T08:32:12-07:00</time>
      </trkpt>
      <trkpt lat="34.343257024884224" lon="-117.2135163936764">
        <time>2005-05-19T08:32:20-07:00</time>
      </trkpt>
      <trkpt lat="34.34325769543648" lon="-117.21353206783533">
        <time>2005-05-19T08:32:25-07:00</time>
      </trkpt>
      <trkpt lat="34.343273201957345" lon="-117.2136009670794">
        <time>2005-05-19T08:32:30-07:00</time>
      </trkpt>
      <trkpt lat="34.34326993301511" lon="-117.21371412277222">
        <time>2005-05-19T08:32:36-07:00</time>
      </trkpt>
      <trkpt lat="34.34323154389858" lon="-117.21379190683365">
        <time>2005-05-19T08:32:41-07:00</time>
      </trkpt>
      <trkpt lat="34.3432133551687" lon="-117.21386818215251">
        <time>2005-05-19T08:32:46-07:00</time>
      </trkpt>
      <trkpt lat="34.34322743676603" lon="-117.21392568200827">
        <time>2005-05-19T08:32:51-07:00</time>
      </trkpt>
      <trkpt lat="34.34323665685952" lon="-117.21393917687237">
        <time>2005-05-19T08:32:52-07:00</time>
      </trkpt>
      <trkpt lat="34.343275213614106" lon="-117.21400287933648">
        <time>2005-05-19T08:32:57-07:00</time>
      </trkpt>
      <trkpt lat="34.343279572203755" lon="-117.21410287544131">
        <time>2005-05-19T08:33:04-07:00</time>
      </trkpt>
      <trkpt lat="34.3432979285717" lon="-117.21418149769306">
        <time>2005-05-19T08:33:09-07:00</time>
      </trkpt>
      <trkpt lat="34.34331209398806" lon="-117.21418568864465">
        <time>2005-05-19T08:33:14-07:00</time>
      </trkpt>
      <trkpt lat="34.34336464852095" lon="-117.21419750712812">
        <time>2005-05-19T08:33:18-07:00</time>
      </trkpt>
      <trkpt lat="34.343400271609426" lon="-117.21421016380191">
        <time>2005-05-19T08:33:19-07:00</time>
      </trkpt>
      <trkpt lat="34.343415359035134" lon="-117.21425525844097">
        <time>2005-05-19T08:33:24-07:00</time>
      </trkpt>
      <trkpt lat="34.343459364026785" lon="-117.21437687985599">
        <time>2005-05-19T08:33:31-07:00</time>
      </trkpt>
      <trkpt lat="34.34347663074732" lon="-117.21446011215448">
        <time>2005-05-19T08:33:36-07:00</time>
      </trkpt>
      <trkpt lat="34.34342407621443" lon="-117.214524904266">
        <time>2005-05-19T08:33:37-07:00</time>
      </trkpt>
      <trkpt lat="34.34336590580642" lon="-117.21461182460189">
        <time>2005-05-19T08:33:41-07:00</time>
      </trkpt>
      <trkpt lat="34.34331804513931" lon="-117.2146736830473">
        <time>2005-05-19T08:33:44-07:00</time>
      </trkpt>
      <trkpt lat="34.34329692274332" lon="-117.21473160199821">
        <time>2005-05-19T08:33:47-07:00</time>
      </trkpt>
      <trkpt lat="34.34329901821911" lon="-117.21477778628469">
        <time>2005-05-19T08:33:55-07:00</time>
      </trkpt>
      <trkpt lat="34.34329692274332" lon="-117.21482430584729">
        <time>2005-05-19T08:34:01-07:00</time>
      </trkpt>
      <trkpt lat="34.3432944919914" lon="-117.21485699526966">
        <time>2005-05-19T08:34:07-07:00</time>
      </trkpt>
      <trkpt lat="34.34331159107387" lon="-117.21494559198618">
        <time>2005-05-19T08:34:13-07:00</time>
      </trkpt>
      <trkpt lat="34.34331259690225" lon="-117.21503477543592">
        <time>2005-05-19T08:34:19-07:00</time>
      </trkpt>
      <trkpt lat="34.34332927688956" lon="-117.2151295747608">
        <time>2005-05-19T08:34:24-07:00</time>
      </trkpt>
      <trkpt lat="34.34332617558539" lon="-117.21520744264126">
        <time>2005-05-19T08:34:27-07:00</time>
      </trkpt>
      <trkpt lat="34.34331192635" lon="-117.21530609764159">
        <time>2005-05-19T08:34:30-07:00</time>
      </trkpt>
      <trkpt lat="34.343316201120615" lon="-117.21533392556012">
        <time>2005-05-19T08:34:32-07:00</time>
      </trkpt>
      <trkpt lat="34.34332374483347" lon="-117.21539502963424">
        <time>2005-05-19T08:34:37-07:00</time>
      </trkpt>
      <trkpt lat="34.34332634322345" lon="-117.21548773348331">
        <time>2005-05-19T08:34:43-07:00</time>
      </trkpt>
      <trkpt lat="34.34332617558539" lon="-117.21556350588799">
        <time>2005-05-19T08:34:49-07:00</time>
      </trkpt>
      <trkpt lat="34.34330128133297" lon="-117.21563064493239">
        <time>2005-05-19T08:34:54-07:00</time>
      </trkpt>
      <trkpt lat="34.343323577195406" lon="-117.2156832832843">
        <time>2005-05-19T08:35:00-07:00</time>
      </trkpt>
      <trkpt lat="34.34333807788789" lon="-117.21570566296577">
        <time>2005-05-19T08:35:02-07:00</time>
      </trkpt>
      <trkpt lat="34.343343526124954" lon="-117.21577104181051">
        <time>2005-05-19T08:35:06-07:00</time>
      </trkpt>
      <trkpt lat="34.34335274621844" lon="-117.21583491191268">
        <time>2005-05-19T08:35:12-07:00</time>
      </trkpt>
      <trkpt lat="34.343383591622114" lon="-117.21591554582119">
        <time>2005-05-19T08:35:16-07:00</time>
      </trkpt>
      <trkpt lat="34.34337696991861" lon="-117.21601461991668">
        <time>2005-05-19T08:35:21-07:00</time>
      </trkpt>
      <trkpt lat="34.34337655082345" lon="-117.21608318388462">
        <time>2005-05-19T08:35:24-07:00</time>
      </trkpt>
      <trkpt lat="34.34334671124816" lon="-117.21617815084755">
        <time>2005-05-19T08:35:26-07:00</time>
      </trkpt>
      <trkpt lat="34.34329784475267" lon="-117.21623464487493">
        <time>2005-05-19T08:35:31-07:00</time>
      </trkpt>
      <trkpt lat="34.34328652918339" lon="-117.21624160185456">
        <time>2005-05-19T08:35:36-07:00</time>
      </trkpt>
      <trkpt lat="34.34325057081878" lon="-117.21626062877476">
        <time>2005-05-19T08:35:41-07:00</time>
      </trkpt>
      <trkpt lat="34.343219390138984" lon="-117.21630069427192">
        <time>2005-05-19T08:35:46-07:00</time>
      </trkpt>
      <trkpt lat="34.34317077510059" lon="-117.21637210808694">
        <time>2005-05-19T08:35:51-07:00</time>
      </trkpt>
      <trkpt lat="34.343114951625466" lon="-117.21641141921282">
        <time>2005-05-19T08:35:58-07:00</time>
      </trkpt>
      <trkpt lat="34.34307807125151" lon="-117.21643438562751">
        <time>2005-05-19T08:36:03-07:00</time>
      </trkpt>
      <trkpt lat="34.34306566603482" lon="-117.21647185273468">
        <time>2005-05-19T08:36:04-07:00</time>
      </trkpt>
      <trkpt lat="34.343050830066204" lon="-117.21655081026256">
        <time>2005-05-19T08:36:07-07:00</time>
      </trkpt>
      <trkpt lat="34.34305711649358" lon="-117.21661442890763">
        <time>2005-05-19T08:36:11-07:00</time>
      </trkpt>
      <trkpt lat="34.343061139807105" lon="-117.21663236618042">
        <time>2005-05-19T08:36:17-07:00</time>
      </trkpt>
      <trkpt lat="34.34304974041879" lon="-117.21673345193267">
        <time>2005-05-19T08:36:22-07:00</time>
      </trkpt>
      <trkpt lat="34.343033730983734" lon="-117.21682263538241">
        <time>2005-05-19T08:36:26-07:00</time>
      </trkpt>
      <trkpt lat="34.34303012676537" lon="-117.21691014245152">
        <time>2005-05-19T08:36:29-07:00</time>
      </trkpt>
      <trkpt lat="34.343003472313285" lon="-117.21702422015369">
        <time>2005-05-19T08:36:34-07:00</time>
      </trkpt>
      <trkpt lat="34.342974219471216" lon="-117.21716822125018">
        <time>2005-05-19T08:36:38-07:00</time>
      </trkpt>
      <trkpt lat="34.34295913204551" lon="-117.21720962785184">
        <time>2005-05-19T08:36:39-07:00</time>
      </trkpt>
      <trkpt lat="34.342927699908614" lon="-117.21724877133965">
        <time>2005-05-19T08:36:45-07:00</time>
      </trkpt>
      <trkpt lat="34.34288000687957" lon="-117.21730568446219">
        <time>2005-05-19T08:36:51-07:00</time>
      </trkpt>
      <trkpt lat="34.3428298830986" lon="-117.21736863255501">
        <time>2005-05-19T08:36:57-07:00</time>
      </trkpt>
      <trkpt lat="34.342785039916635" lon="-117.21742638386786">
        <time>2005-05-19T08:37:04-07:00</time>
      </trkpt>
      <trkpt lat="34.342753775417805" lon="-117.21748447045684">
        <time>2005-05-19T08:37:13-07:00</time>
      </trkpt>
      <trkpt lat="34.342750422656536" lon="-117.2175123821944">
        <time>2005-05-19T08:37:16-07:00</time>
      </trkpt>
      <trkpt lat="34.34277690947056" lon="-117.2175868973136">
        <time>2005-05-19T08:37:19-07:00</time>
      </trkpt>
      <trkpt lat="34.34281907044351" lon="-117.21764020621777">
        <time>2005-05-19T08:37:24-07:00</time>
      </trkpt>
      <trkpt lat="34.34285184368491" lon="-117.2176992148161">
        <time>2005-05-19T08:37:29-07:00</time>
      </trkpt>
      <trkpt lat="34.342877911403775" lon="-117.21775772050023">
        <time>2005-05-19T08:37:34-07:00</time>
      </trkpt>
      <trkpt lat="34.342917976900935" lon="-117.21786291338503">
        <time>2005-05-19T08:37:38-07:00</time>
      </trkpt>
      <trkpt lat="34.34296793304384" lon="-117.21794824115932">
        <time>2005-05-19T08:37:40-07:00</time>
      </trkpt>
      <trkpt lat="34.343022499233484" lon="-117.21800934523344">
        <time>2005-05-19T08:37:45-07:00</time>
      </trkpt>
      <trkpt lat="34.34308645315468" lon="-117.21811973489821">
        <time>2005-05-19T08:37:49-07:00</time>
      </trkpt>
      <trkpt lat="34.34312626719475" lon="-117.21818402409554">
        <time>2005-05-19T08:37:54-07:00</time>
      </trkpt>
      <trkpt lat="34.34316582977772" lon="-117.21821319311857">
        <time>2005-05-19T08:37:59-07:00</time>
      </trkpt>
      <trkpt lat="34.34317085891962" lon="-117.2182219941169">
        <time>2005-05-19T08:38:06-07:00</time>
      </trkpt>
      <trkpt lat="34.34321955777705" lon="-117.21828971989453">
        <time>2005-05-19T08:38:13-07:00</time>
      </trkpt>
      <trkpt lat="34.34326062910259" lon="-117.21837873570621">
        <time>2005-05-19T08:38:18-07:00</time>
      </trkpt>
      <trkpt lat="34.34329013340175" lon="-117.21847688779235">
        <time>2005-05-19T08:38:26-07:00</time>
      </trkpt>
      <trkpt lat="34.34332902543247" lon="-117.2185481339693">
        <time>2005-05-19T08:38:31-07:00</time>
      </trkpt>
      <trkpt lat="34.34339323081076" lon="-117.21860605292022">
        <time>2005-05-19T08:38:35-07:00</time>
      </trkpt>
      <trkpt lat="34.34345827437937" lon="-117.21866237930954">
        <time>2005-05-19T08:38:36-07:00</time>
      </trkpt>
      <trkpt lat="34.34349389746785" lon="-117.21874812617898">
        <time>2005-05-19T08:38:41-07:00</time>
      </trkpt>
      <trkpt lat="34.343529269099236" lon="-117.21881618723273">
        <time>2005-05-19T08:38:47-07:00</time>
      </trkpt>
      <trkpt lat="34.343586349859834" lon="-117.21889665350318">
        <time>2005-05-19T08:38:54-07:00</time>
      </trkpt>
      <trkpt lat="34.34360520914197" lon="-117.21897225826979">
        <time>2005-05-19T08:38:59-07:00</time>
      </trkpt>
      <trkpt lat="34.343645023182034" lon="-117.2190460190177">
        <time>2005-05-19T08:39:04-07:00</time>
      </trkpt>
      <trkpt lat="34.34368693269789" lon="-117.21912438981235">
        <time>2005-05-19T08:39:10-07:00</time>
      </trkpt>
      <trkpt lat="34.34373923577368" lon="-117.21921030431986">
        <time>2005-05-19T08:39:16-07:00</time>
      </trkpt>
      <trkpt lat="34.343816516920924" lon="-117.21926805563271">
        <time>2005-05-19T08:39:21-07:00</time>
      </trkpt>
      <trkpt lat="34.34389899484813" lon="-117.21930786967278">
        <time>2005-05-19T08:39:27-07:00</time>
      </trkpt>
      <trkpt lat="34.34397107921541" lon="-117.2193325124681">
        <time>2005-05-19T08:39:32-07:00</time>
      </trkpt>
      <trkpt lat="34.34406738728285" lon="-117.21937484107912">
        <time>2005-05-19T08:39:38-07:00</time>
      </trkpt>
      <trkpt lat="34.34412228874862" lon="-117.21944893710315">
        <time>2005-05-19T08:39:43-07:00</time>
      </trkpt>
      <trkpt lat="34.34414424933493" lon="-117.21955228596926">
        <time>2005-05-19T08:39:50-07:00</time>
      </trkpt>
      <trkpt lat="34.34419739060104" lon="-117.21961221657693">
        <time>2005-05-19T08:39:57-07:00</time>
      </trkpt>
      <trkpt lat="34.344259751960635" lon="-117.21963744610548">
        <time>2005-05-19T08:40:03-07:00</time>
      </trkpt>
      <trkpt lat="34.344266541302204" lon="-117.2196501865983">
        <time>2005-05-19T08:40:08-07:00</time>
      </trkpt>
      <trkpt lat="34.34431658126414" lon="-117.21967323683202">
        <time>2005-05-19T08:40:15-07:00</time>
      </trkpt>
      <trkpt lat="34.3444013223052" lon="-117.21972143277526">
        <time>2005-05-19T08:40:22-07:00</time>
      </trkpt>
      <trkpt lat="34.3444671202451" lon="-117.21974733285606">
        <time>2005-05-19T08:40:29-07:00</time>
      </trkpt>
      <trkpt lat="34.344514813274145" lon="-117.21977951936424">
        <time>2005-05-19T08:40:36-07:00</time>
      </trkpt>
      <trkpt lat="34.344512382522225" lon="-117.21979678608477">
        <time>2005-05-19T08:40:41-07:00</time>
      </trkpt>
      <trkpt lat="34.34450718574226" lon="-117.21980701200664">
        <time>2005-05-19T08:40:42-07:00</time>
      </trkpt>
      <trkpt lat="34.344460079446435" lon="-117.21987012773752">
        <time>2005-05-19T08:40:46-07:00</time>
      </trkpt>
      <trkpt lat="34.34440836310387" lon="-117.21992678940296">
        <time>2005-05-19T08:40:53-07:00</time>
      </trkpt>
      <trkpt lat="34.34434055350721" lon="-117.22001295536757">
        <time>2005-05-19T08:40:59-07:00</time>
      </trkpt>
      <trkpt lat="34.344320353120565" lon="-117.2201042342931">
        <time>2005-05-19T08:41:03-07:00</time>
      </trkpt>
      <trkpt lat="34.344333009794354" lon="-117.2201906517148">
        <time>2005-05-19T08:41:04-07:00</time>
      </trkpt>
      <trkpt lat="34.344354048371315" lon="-117.22026508301497">
        <time>2005-05-19T08:41:05-07:00</time>
      </trkpt>
      <trkpt lat="34.34438355267048" lon="-117.22035367973149">
        <time>2005-05-19T08:41:10-07:00</time>
      </trkpt>
      <trkpt lat="34.3444240372628" lon="-117.22041176632047">
        <time>2005-05-19T08:41:15-07:00</time>
      </trkpt>
      <trkpt lat="34.34447139501572" lon="-117.22049189731479">
        <time>2005-05-19T08:41:22-07:00</time>
      </trkpt>
      <trkpt lat="34.34448145329952" lon="-117.22052341327071">
        <time>2005-05-19T08:41:28-07:00</time>
      </trkpt>
      <trkpt lat="34.34450123459101" lon="-117.22059248015285">
        <time>2005-05-19T08:41:34-07:00</time>
      </trkpt>
      <trkpt lat="34.34449587017298" lon="-117.22063891589642">
        <time>2005-05-19T08:41:39-07:00</time>
      </trkpt>
      <trkpt lat="34.34449704363942" lon="-117.22065106965601">
        <time>2005-05-19T08:41:45-07:00</time>
      </trkpt>
      <trkpt lat="34.34448949992657" lon="-117.22069247625768">
        <time>2005-05-19T08:41:50-07:00</time>
      </trkpt>
      <trkpt lat="34.344453793019056" lon="-117.2207797318697">
        <time>2005-05-19T08:41:57-07:00</time>
      </trkpt>
      <trkpt lat="34.3444359395653" lon="-117.22084041684866">
        <time>2005-05-19T08:41:59-07:00</time>
      </trkpt>
      <trkpt lat="34.344436107203364" lon="-117.22085835412145">
        <time>2005-05-19T08:42:04-07:00</time>
      </trkpt>
      <trkpt lat="34.344464940950274" lon="-117.22096840851009">
        <time>2005-05-19T08:42:07-07:00</time>
      </trkpt>
      <trkpt lat="34.34447634033859" lon="-117.22100076265633">
        <time>2005-05-19T08:42:08-07:00</time>
      </trkpt>
      <trkpt lat="34.3444964569062" lon="-117.22105532884598">
        <time>2005-05-19T08:42:11-07:00</time>
      </trkpt>
      <trkpt lat="34.34450274333358" lon="-117.2211264912039">
        <time>2005-05-19T08:42:17-07:00</time>
      </trkpt>
      <trkpt lat="34.34447533451021" lon="-117.22119455225766">
        <time>2005-05-19T08:42:21-07:00</time>
      </trkpt>
      <trkpt lat="34.34441783465445" lon="-117.22124517895281">
        <time>2005-05-19T08:42:22-07:00</time>
      </trkpt>
      <trkpt lat="34.34440811164677" lon="-117.2212559916079">
        <time>2005-05-19T08:42:29-07:00</time>
      </trkpt>
      <trkpt lat="34.34435656294227" lon="-117.22130066715181">
        <time>2005-05-19T08:42:31-07:00</time>
      </trkpt>
      <trkpt lat="34.344296380877495" lon="-117.22139806486666">
        <time>2005-05-19T08:42:35-07:00</time>
      </trkpt>
      <trkpt lat="34.3442945368588" lon="-117.22143184393644">
        <time>2005-05-19T08:42:40-07:00</time>
      </trkpt>
      <trkpt lat="34.3442961294204" lon="-117.22147576510906">
        <time>2005-05-19T08:42:45-07:00</time>
      </trkpt>
      <trkpt lat="34.344305684790015" lon="-117.22155899740756">
        <time>2005-05-19T08:42:50-07:00</time>
      </trkpt>
      <trkpt lat="34.344313563779" lon="-117.22161339595914">
        <time>2005-05-19T08:42:51-07:00</time>
      </trkpt>
      <trkpt lat="34.34432068839669" lon="-117.2216449957341">
        <time>2005-05-19T08:42:56-07:00</time>
      </trkpt>
      <trkpt lat="34.34432588517666" lon="-117.22169235348701">
        <time>2005-05-19T08:43:04-07:00</time>
      </trkpt>
      <trkpt lat="34.3443098757416" lon="-117.22174314782023">
        <time>2005-05-19T08:43:06-07:00</time>
      </trkpt>
      <trkpt lat="34.34423393569887" lon="-117.2218120470643">
        <time>2005-05-19T08:43:09-07:00</time>
      </trkpt>
      <trkpt lat="34.34415531344712" lon="-117.22187113948166">
        <time>2005-05-19T08:43:14-07:00</time>
      </trkpt>
      <trkpt lat="34.344093538820744" lon="-117.2219523601234">
        <time>2005-05-19T08:43:17-07:00</time>
      </trkpt>
      <trkpt lat="34.34403578750789" lon="-117.22203500568867">
        <time>2005-05-19T08:43:19-07:00</time>
      </trkpt>
      <trkpt lat="34.34399186633527" lon="-117.22213081084192">
        <time>2005-05-19T08:43:22-07:00</time>
      </trkpt>
      <trkpt lat="34.34392690658569" lon="-117.22223432734609">
        <time>2005-05-19T08:43:26-07:00</time>
      </trkpt>
      <trkpt lat="34.34390511363745" lon="-117.22234052605927">
        <time>2005-05-19T08:43:33-07:00</time>
      </trkpt>
      <trkpt lat="34.34394098818302" lon="-117.22240565344691">
        <time>2005-05-19T08:43:40-07:00</time>
      </trkpt>
      <trkpt lat="34.343988094478846" lon="-117.22252962179482">
        <time>2005-05-19T08:43:47-07:00</time>
      </trkpt>
      <trkpt lat="34.34397996403277" lon="-117.22254194319248">
        <time>2005-05-19T08:43:53-07:00</time>
      </trkpt>
      <trkpt lat="34.343924056738615" lon="-117.22259122878313">
        <time>2005-05-19T08:44:01-07:00</time>
      </trkpt>
      <trkpt lat="34.343855157494545" lon="-117.22263699397445">
        <time>2005-05-19T08:44:09-07:00</time>
      </trkpt>
      <trkpt lat="34.343842417001724" lon="-117.22264931537211">
        <time>2005-05-19T08:44:15-07:00</time>
      </trkpt>
      <trkpt lat="34.34381785802543" lon="-117.22268594428897">
        <time>2005-05-19T08:44:20-07:00</time>
      </trkpt>
      <trkpt lat="34.34381500817835" lon="-117.22273154184222">
        <time>2005-05-19T08:44:29-07:00</time>
      </trkpt>
      <trkpt lat="34.343823390081525" lon="-117.22279381938279">
        <time>2005-05-19T08:44:30-07:00</time>
      </trkpt>
      <trkpt lat="34.3438196182251" lon="-117.2228107508272">
        <time>2005-05-19T08:44:35-07:00</time>
      </trkpt>
      <trkpt lat="34.343794556334615" lon="-117.22291275858879">
        <time>2005-05-19T08:44:42-07:00</time>
      </trkpt>
      <trkpt lat="34.34375457465649" lon="-117.22301593981683">
        <time>2005-05-19T08:44:43-07:00</time>
      </trkpt>
      <trkpt lat="34.34374342672527" lon="-117.22308936528862">
        <time>2005-05-19T08:44:46-07:00</time>
      </trkpt>
      <trkpt lat="34.343731105327606" lon="-117.22311308607459">
        <time>2005-05-19T08:44:49-07:00</time>
      </trkpt>
      <trkpt lat="34.34370981529355" lon="-117.22314669750631">
        <time>2005-05-19T08:44:54-07:00</time>
      </trkpt>
      <trkpt lat="34.34365449473262" lon="-117.22321190871298">
        <time>2005-05-19T08:44:55-07:00</time>
      </trkpt>
      <trkpt lat="34.343635216355324" lon="-117.22326706163585">
        <time>2005-05-19T08:45:01-07:00</time>
      </trkpt>
      <trkpt lat="34.34361107647419" lon="-117.22327737137675">
        <time>2005-05-19T08:45:08-07:00</time>
      </trkpt>
      <trkpt lat="34.343570759519935" lon="-117.22329002805054">
        <time>2005-05-19T08:45:13-07:00</time>
      </trkpt>
      <trkpt lat="34.34352692216635" lon="-117.22335834056139">
        <time>2005-05-19T08:45:15-07:00</time>
      </trkpt>
      <trkpt lat="34.34348853304982" lon="-117.22340770997107">
        <time>2005-05-19T08:45:18-07:00</time>
      </trkpt>
      <trkpt lat="34.343471098691225" lon="-117.22343411296606">
        <time>2005-05-19T08:45:23-07:00</time>
      </trkpt>
      <trkpt lat="34.34345634654164" lon="-117.22346772439778">
        <time>2005-05-19T08:45:27-07:00</time>
      </trkpt>
      <trkpt lat="34.34340823441744" lon="-117.22356772050261">
        <time>2005-05-19T08:45:29-07:00</time>
      </trkpt>
      <trkpt lat="34.34336288832128" lon="-117.22365899942815">
        <time>2005-05-19T08:45:32-07:00</time>
      </trkpt>
      <trkpt lat="34.34331016615033" lon="-117.2237444948405">
        <time>2005-05-19T08:45:37-07:00</time>
      </trkpt>
      <trkpt lat="34.34327328577638" lon="-117.22381331026554">
        <time>2005-05-19T08:45:42-07:00</time>
      </trkpt>
      <trkpt lat="34.343226850032806" lon="-117.2238776832819">
        <time>2005-05-19T08:45:45-07:00</time>
      </trkpt>
      <trkpt lat="34.34319038875401" lon="-117.22393753007054">
        <time>2005-05-19T08:45:48-07:00</time>
      </trkpt>
      <trkpt lat="34.34316582977772" lon="-117.22397910431027">
        <time>2005-05-19T08:45:55-07:00</time>
      </trkpt>
      <trkpt lat="34.34312425553799" lon="-117.22402336075902">
        <time>2005-05-19T08:46:02-07:00</time>
      </trkpt>
      <trkpt lat="34.34306759387255" lon="-117.22406619228423">
        <time>2005-05-19T08:46:08-07:00</time>
      </trkpt>
      <trkpt lat="34.34302023611963" lon="-117.22410986199975">
        <time>2005-05-19T08:46:13-07:00</time>
      </trkpt>
      <trkpt lat="34.342953683808446" lon="-117.22415839321911">
        <time>2005-05-19T08:46:18-07:00</time>
      </trkpt>
      <trkpt lat="34.34289685450494" lon="-117.22422117367387">
        <time>2005-05-19T08:46:23-07:00</time>
      </trkpt>
      <trkpt lat="34.342864751815796" lon="-117.22432636655867">
        <time>2005-05-19T08:46:27-07:00</time>
      </trkpt>
      <trkpt lat="34.342878414317966" lon="-117.22435377538204">
        <time>2005-05-19T08:46:31-07:00</time>
      </trkpt>
      <trkpt lat="34.34292124584317" lon="-117.22438788972795">
        <time>2005-05-19T08:46:37-07:00</time>
      </trkpt>
      <trkpt lat="34.342987881973386" lon="-117.22443130798638">
        <time>2005-05-19T08:46:41-07:00</time>
      </trkpt>
      <trkpt lat="34.34305602684617" lon="-117.22446911036968">
        <time>2005-05-19T08:46:47-07:00</time>
      </trkpt>
      <trkpt lat="34.343082094565034" lon="-117.22447732463479">
        <time>2005-05-19T08:46:53-07:00</time>
      </trkpt>
      <trkpt lat="34.343150071799755" lon="-117.22451152279973">
        <time>2005-05-19T08:47:00-07:00</time>
      </trkpt>
      <trkpt lat="34.34322601184249" lon="-117.22454647533596">
        <time>2005-05-19T08:47:02-07:00</time>
      </trkpt>
      <trkpt lat="34.343306897208095" lon="-117.22459542565048">
        <time>2005-05-19T08:47:06-07:00</time>
      </trkpt>
      <trkpt lat="34.34337152168155" lon="-117.22461855970323">
        <time>2005-05-19T08:47:12-07:00</time>
      </trkpt>
      <trkpt lat="34.343458944931626" lon="-117.22466222941875">
        <time>2005-05-19T08:47:17-07:00</time>
      </trkpt>
      <trkpt lat="34.34355114586651" lon="-117.22468838095665">
        <time>2005-05-19T08:47:19-07:00</time>
      </trkpt>
      <trkpt lat="34.34362473897636" lon="-117.22471813671291">
        <time>2005-05-19T08:47:25-07:00</time>
      </trkpt>
      <trkpt lat="34.34369573369622" lon="-117.22472593188286">
        <time>2005-05-19T08:47:31-07:00</time>
      </trkpt>
      <trkpt lat="34.343759855255485" lon="-117.22476524300873">
        <time>2005-05-19T08:47:38-07:00</time>
      </trkpt>
      <trkpt lat="34.34381207451224" lon="-117.22479692660272">
        <time>2005-05-19T08:47:44-07:00</time>
      </trkpt>
      <trkpt lat="34.34387192130089" lon="-117.22480958327651">
        <time>2005-05-19T08:47:51-07:00</time>
      </trkpt>
      <trkpt lat="34.34389103204012" lon="-117.22481503151357">
        <time>2005-05-19T08:47:58-07:00</time>
      </trkpt>
      <trkpt lat="34.34395657852292" lon="-117.22485417500138">
        <time>2005-05-19T08:48:04-07:00</time>
      </trkpt>
      <trkpt lat="34.3439628649503" lon="-117.22486364655197">
        <time>2005-05-19T08:48:10-07:00</time>
      </trkpt>
      <trkpt lat="34.344002762809396" lon="-117.22490488551557">
        <time>2005-05-19T08:48:16-07:00</time>
      </trkpt>
      <trkpt lat="34.34405665844679" lon="-117.22493858076632">
        <time>2005-05-19T08:48:20-07:00</time>
      </trkpt>
      <trkpt lat="34.34415430761874" lon="-117.22495794296265">
        <time>2005-05-19T08:48:25-07:00</time>
      </trkpt>
      <trkpt lat="34.34420878998935" lon="-117.2249739523977">
        <time>2005-05-19T08:48:26-07:00</time>
      </trkpt>
      <trkpt lat="34.34424717910588" lon="-117.22499725408852">
        <time>2005-05-19T08:48:32-07:00</time>
      </trkpt>
      <trkpt lat="34.34428355656564" lon="-117.22502382472157">
        <time>2005-05-19T08:48:33-07:00</time>
      </trkpt>
      <trkpt lat="34.34432999230921" lon="-117.22507235594094">
        <time>2005-05-19T08:48:38-07:00</time>
      </trkpt>
      <trkpt lat="34.34436402283609" lon="-117.22515466623008">
        <time>2005-05-19T08:48:43-07:00</time>
      </trkpt>
      <trkpt lat="34.344427222386" lon="-117.22524384967983">
        <time>2005-05-19T08:48:51-07:00</time>
      </trkpt>
      <trkpt lat="34.344471814110875" lon="-117.22527167759836">
        <time>2005-05-19T08:48:56-07:00</time>
      </trkpt>
      <trkpt lat="34.34454532340169" lon="-117.2253164369613">
        <time>2005-05-19T08:48:59-07:00</time>
      </trkpt>
      <trkpt lat="34.344627633690834" lon="-117.2253542393446">
        <time>2005-05-19T08:49:02-07:00</time>
      </trkpt>
      <trkpt lat="34.3446656037122" lon="-117.22535365261137">
        <time>2005-05-19T08:49:07-07:00</time>
      </trkpt>
      <trkpt lat="34.344705836847425" lon="-117.22535440698266">
        <time>2005-05-19T08:49:13-07:00</time>
      </trkpt>
      <trkpt lat="34.34479267336428" lon="-117.225371170789">
        <time>2005-05-19T08:49:21-07:00</time>
      </trkpt>
      <trkpt lat="34.34487657621503" lon="-117.22538852132857">
        <time>2005-05-19T08:49:25-07:00</time>
      </trkpt>
      <trkpt lat="34.34490297921002" lon="-117.22544828429818">
        <time>2005-05-19T08:49:31-07:00</time>
      </trkpt>
      <trkpt lat="34.34493348933756" lon="-117.22549455240369">
        <time>2005-05-19T08:49:38-07:00</time>
      </trkpt>
      <trkpt lat="34.3449557852" lon="-117.22553956322372">
        <time>2005-05-19T08:49:41-07:00</time>
      </trkpt>
      <trkpt lat="34.34498948045075" lon="-117.22561575472355">
        <time>2005-05-19T08:49:44-07:00</time>
      </trkpt>
      <trkpt lat="34.34499643743038" lon="-117.22569085657597">
        <time>2005-05-19T08:49:51-07:00</time>
      </trkpt>
      <trkpt lat="34.345014123246074" lon="-117.22576696425676">
        <time>2005-05-19T08:49:57-07:00</time>
      </trkpt>
      <trkpt lat="34.34508578851819" lon="-117.22582496702671">
        <time>2005-05-19T08:50:02-07:00</time>
      </trkpt>
      <trkpt lat="34.345163237303495" lon="-117.22580032423139">
        <time>2005-05-19T08:50:06-07:00</time>
      </trkpt>
      <trkpt lat="34.34523867443204" lon="-117.22581960260868">
        <time>2005-05-19T08:50:09-07:00</time>
      </trkpt>
      <trkpt lat="34.345307322219014" lon="-117.2257805429399">
        <time>2005-05-19T08:50:14-07:00</time>
      </trkpt>
      <trkpt lat="34.34533942490816" lon="-117.22578649409115">
        <time>2005-05-19T08:50:19-07:00</time>
      </trkpt>
      <trkpt lat="34.34536188840866" lon="-117.22579973749816">
        <time>2005-05-19T08:50:24-07:00</time>
      </trkpt>
      <trkpt lat="34.345379658043385" lon="-117.2258344385773">
        <time>2005-05-19T08:50:31-07:00</time>
      </trkpt>
      <trkpt lat="34.34538284316659" lon="-117.2258775215596">
        <time>2005-05-19T08:50:37-07:00</time>
      </trkpt>
      <trkpt lat="34.34538485482335" lon="-117.22593292593956">
        <time>2005-05-19T08:50:43-07:00</time>
      </trkpt>
      <trkpt lat="34.34541989117861" lon="-117.22598849795759">
        <time>2005-05-19T08:50:49-07:00</time>
      </trkpt>
      <trkpt lat="34.34542190283537" lon="-117.22602336667478">
        <time>2005-05-19T08:50:52-07:00</time>
      </trkpt>
      <trkpt lat="34.34542341157794" lon="-117.22608321346343">
        <time>2005-05-19T08:50:54-07:00</time>
      </trkpt>
      <trkpt lat="34.34540388174355" lon="-117.22616787068546">
        <time>2005-05-19T08:50:57-07:00</time>
      </trkpt>
      <trkpt lat="34.345391476526856" lon="-117.22624205052853">
        <time>2005-05-19T08:51:00-07:00</time>
      </trkpt>
      <trkpt lat="34.3453908059746" lon="-117.22635210491717">
        <time>2005-05-19T08:51:05-07:00</time>
      </trkpt>
      <trkpt lat="34.34542684815824" lon="-117.2264365106821">
        <time>2005-05-19T08:51:10-07:00</time>
      </trkpt>
      <trkpt lat="34.345497507601976" lon="-117.22651496529579">
        <time>2005-05-19T08:51:12-07:00</time>
      </trkpt>
      <trkpt lat="34.345514103770256" lon="-117.22655025310814">
        <time>2005-05-19T08:51:16-07:00</time>
      </trkpt>
      <trkpt lat="34.34553690254688" lon="-117.2265852894634">
        <time>2005-05-19T08:51:22-07:00</time>
      </trkpt>
      <trkpt lat="34.34562172740698" lon="-117.22664857283235">
        <time>2005-05-19T08:51:27-07:00</time>
      </trkpt>
      <trkpt lat="34.345675287768245" lon="-117.22666533663869">
        <time>2005-05-19T08:51:34-07:00</time>
      </trkpt>
      <trkpt lat="34.34569858945906" lon="-117.2266664262861">
        <time>2005-05-19T08:51:41-07:00</time>
      </trkpt>
      <trkpt lat="34.345712922513485" lon="-117.22668327391148">
        <time>2005-05-19T08:51:48-07:00</time>
      </trkpt>
      <trkpt lat="34.34573505073786" lon="-117.22672786563635">
        <time>2005-05-19T08:51:51-07:00</time>
      </trkpt>
      <trkpt lat="34.34577050618827" lon="-117.22681076265872">
        <time>2005-05-19T08:51:54-07:00</time>
      </trkpt>
      <trkpt lat="34.34583940543234" lon="-117.22684563137591">
        <time>2005-05-19T08:52:01-07:00</time>
      </trkpt>
      <trkpt lat="34.3459056224674" lon="-117.22688846290112">
        <time>2005-05-19T08:52:05-07:00</time>
      </trkpt>
      <trkpt lat="34.3459555786103" lon="-117.22692316398025">
        <time>2005-05-19T08:52:07-07:00</time>
      </trkpt>
      <trkpt lat="34.34595658443868" lon="-117.22693213261664">
        <time>2005-05-19T08:52:09-07:00</time>
      </trkpt>
      <trkpt lat="34.34596345759928" lon="-117.22694428637624">
        <time>2005-05-19T08:52:13-07:00</time>
      </trkpt>
      <trkpt lat="34.34596639126539" lon="-117.22695727832615">
        <time>2005-05-19T08:52:19-07:00</time>
      </trkpt>
      <trkpt lat="34.34597946703434" lon="-117.22700941376388">
        <time>2005-05-19T08:52:25-07:00</time>
      </trkpt>
      <trkpt lat="34.34598910622299" lon="-117.22703288309276">
        <time>2005-05-19T08:52:31-07:00</time>
      </trkpt>
      <trkpt lat="34.34601307846606" lon="-117.22704319283366">
        <time>2005-05-19T08:52:36-07:00</time>
      </trkpt>
      <trkpt lat="34.34603311121464" lon="-117.22704629413784">
        <time>2005-05-19T08:52:37-07:00</time>
      </trkpt>
      <trkpt lat="34.346052473410964" lon="-117.22707001492381">
        <time>2005-05-19T08:52:38-07:00</time>
      </trkpt>
      <trkpt lat="34.34607435017824" lon="-117.22716850228608">
        <time>2005-05-19T08:52:39-07:00</time>
      </trkpt>
      <trkpt lat="34.3460972327739" lon="-117.22718216478825">
        <time>2005-05-19T08:52:42-07:00</time>
      </trkpt>
      <trkpt lat="34.34611919336021" lon="-117.22719373181462">
        <time>2005-05-19T08:52:44-07:00</time>
      </trkpt>
      <trkpt lat="34.346129670739174" lon="-117.22719850949943">
        <time>2005-05-19T08:52:46-07:00</time>
      </trkpt>
      <trkpt lat="34.3461923673749" lon="-117.22723580896854">
        <time>2005-05-19T08:52:48-07:00</time>
      </trkpt>
      <trkpt lat="34.34625321999192" lon="-117.22730093635619">
        <time>2005-05-19T08:52:51-07:00</time>
      </trkpt>
      <trkpt lat="34.3462906870991" lon="-117.22736815921962">
        <time>2005-05-19T08:52:57-07:00</time>
      </trkpt>
      <trkpt lat="34.34628247283399" lon="-117.22744954749942">
        <time>2005-05-19T08:52:59-07:00</time>
      </trkpt>
      <trkpt lat="34.34626679867506" lon="-117.2274608630687">
        <time>2005-05-19T08:53:01-07:00</time>
      </trkpt>
      <trkpt lat="34.34624827466905" lon="-117.22748693078756">
        <time>2005-05-19T08:53:02-07:00</time>
      </trkpt>
      <trkpt lat="34.34620577841997" lon="-117.22756982780993">
        <time>2005-05-19T08:53:09-07:00</time>
      </trkpt>
      <trkpt lat="34.3461921159178" lon="-117.22764090634882">
        <time>2005-05-19T08:53:15-07:00</time>
      </trkpt>
      <trkpt lat="34.346205862239" lon="-117.22773218527436">
        <time>2005-05-19T08:53:20-07:00</time>
      </trkpt>
      <trkpt lat="34.34623075649142" lon="-117.22779136151075">
        <time>2005-05-19T08:53:25-07:00</time>
      </trkpt>
      <trkpt lat="34.346288088709116" lon="-117.22788976505399">
        <time>2005-05-19T08:53:27-07:00</time>
      </trkpt>
      <trkpt lat="34.34634215198457" lon="-117.22794726490974">
        <time>2005-05-19T08:53:29-07:00</time>
      </trkpt>
      <trkpt lat="34.34640954248607" lon="-117.22799319773912">
        <time>2005-05-19T08:53:35-07:00</time>
      </trkpt>
      <trkpt lat="34.34644365683198" lon="-117.22805120050907">
        <time>2005-05-19T08:53:40-07:00</time>
      </trkpt>
      <trkpt lat="34.34647257439792" lon="-117.22810727544129">
        <time>2005-05-19T08:53:46-07:00</time>
      </trkpt>
      <trkpt lat="34.34648908674717" lon="-117.22813694737852">
        <time>2005-05-19T08:53:52-07:00</time>
      </trkpt>
      <trkpt lat="34.34649461880326" lon="-117.22820769064128">
        <time>2005-05-19T08:54:00-07:00</time>
      </trkpt>
      <trkpt lat="34.346515070647" lon="-117.2282743267715">
        <time>2005-05-19T08:54:06-07:00</time>
      </trkpt>
      <trkpt lat="34.346531834453344" lon="-117.22835353575647">
        <time>2005-05-19T08:54:12-07:00</time>
      </trkpt>
      <trkpt lat="34.34655639342964" lon="-117.22845361568034">
        <time>2005-05-19T08:54:17-07:00</time>
      </trkpt>
      <trkpt lat="34.34655203483999" lon="-117.22854254767299">
        <time>2005-05-19T08:54:21-07:00</time>
      </trkpt>
      <trkpt lat="34.34654373675585" lon="-117.22860851325095">
        <time>2005-05-19T08:54:24-07:00</time>
      </trkpt>
      <trkpt lat="34.34651750139892" lon="-117.22866500727832">
        <time>2005-05-19T08:54:30-07:00</time>
      </trkpt>
      <trkpt lat="34.346482465043664" lon="-117.22873172722757">
        <time>2005-05-19T08:54:35-07:00</time>
      </trkpt>
      <trkpt lat="34.34645329602063" lon="-117.22882099449635">
        <time>2005-05-19T08:54:40-07:00</time>
      </trkpt>
      <trkpt lat="34.34646075591445" lon="-117.22893624566495">
        <time>2005-05-19T08:54:46-07:00</time>
      </trkpt>
      <trkpt lat="34.34651582501829" lon="-117.22899391315877">
        <time>2005-05-19T08:54:52-07:00</time>
      </trkpt>
      <trkpt lat="34.34660014696419" lon="-117.22902785986662">
        <time>2005-05-19T08:54:56-07:00</time>
      </trkpt>
      <trkpt lat="34.34665379114449" lon="-117.2290930710733">
        <time>2005-05-19T08:55:01-07:00</time>
      </trkpt>
      <trkpt lat="34.34667809866369" lon="-117.22916004247963">
        <time>2005-05-19T08:55:06-07:00</time>
      </trkpt>
      <trkpt lat="34.346726797521114" lon="-117.22925375215709">
        <time>2005-05-19T08:55:12-07:00</time>
      </trkpt>
      <trkpt lat="34.34676803648472" lon="-117.22930035553873">
        <time>2005-05-19T08:55:19-07:00</time>
      </trkpt>
      <trkpt lat="34.34684246778488" lon="-117.22937378101051">
        <time>2005-05-19T08:55:25-07:00</time>
      </trkpt>
      <trkpt lat="34.346920838579535" lon="-117.22945290617645">
        <time>2005-05-19T08:55:31-07:00</time>
      </trkpt>
      <trkpt lat="34.34698412194848" lon="-117.22950210794806">
        <time>2005-05-19T08:55:38-07:00</time>
      </trkpt>
      <trkpt lat="34.34702846221626" lon="-117.22960621118546">
        <time>2005-05-19T08:55:43-07:00</time>
      </trkpt>
      <trkpt lat="34.34703541919589" lon="-117.22964694723487">
        <time>2005-05-19T08:55:50-07:00</time>
      </trkpt>
      <trkpt lat="34.34705159626901" lon="-117.22971517592669">
        <time>2005-05-19T08:55:55-07:00</time>
      </trkpt>
      <trkpt lat="34.34706618078053" lon="-117.22975817508996">
        <time>2005-05-19T08:56:02-07:00</time>
      </trkpt>
      <trkpt lat="34.34707104228437" lon="-117.22980343736708">
        <time>2005-05-19T08:56:09-07:00</time>
      </trkpt>
      <trkpt lat="34.34706970117986" lon="-117.22983671352267">
        <time>2005-05-19T08:56:15-07:00</time>
      </trkpt>
      <trkpt lat="34.34707531705499" lon="-117.22988122142851">
        <time>2005-05-19T08:56:22-07:00</time>
      </trkpt>
      <trkpt lat="34.347087889909744" lon="-117.22994157113135">
        <time>2005-05-19T08:56:25-07:00</time>
      </trkpt>
      <trkpt lat="34.34709442779422" lon="-117.22999052144587">
        <time>2005-05-19T08:56:29-07:00</time>
      </trkpt>
      <trkpt lat="34.347092751413584" lon="-117.23004877567291">
        <time>2005-05-19T08:56:32-07:00</time>
      </trkpt>
      <trkpt lat="34.34708462096751" lon="-117.23005346953869">
        <time>2005-05-19T08:56:35-07:00</time>
      </trkpt>
      <trkpt lat="34.34707397595048" lon="-117.23005246371031">
        <time>2005-05-19T08:56:37-07:00</time>
      </trkpt>
      <trkpt lat="34.34705059044063" lon="-117.23004324361682">
        <time>2005-05-19T08:56:40-07:00</time>
      </trkpt>
      <trkpt lat="34.34705100953579" lon="-117.23004299215972">
        <time>2005-05-19T08:56:45-07:00</time>
      </trkpt>
      <trkpt lat="34.347024857997894" lon="-117.22998918034136">
        <time>2005-05-19T08:56:47-07:00</time>
      </trkpt>
      <trkpt lat="34.34700038284063" lon="-117.22993050701916">
        <time>2005-05-19T08:56:51-07:00</time>
      </trkpt>
      <trkpt lat="34.34698294848204" lon="-117.22988926805556">
        <time>2005-05-19T08:56:52-07:00</time>
      </trkpt>
      <trkpt lat="34.346978422254324" lon="-117.22986035048962">
        <time>2005-05-19T08:56:53-07:00</time>
      </trkpt>
      <trkpt lat="34.34697565622628" lon="-117.22985037602484">
        <time>2005-05-19T08:56:57-07:00</time>
      </trkpt>
      <trkpt lat="34.346942799165845" lon="-117.22977552562952">
        <time>2005-05-19T08:57:00-07:00</time>
      </trkpt>
      <trkpt lat="34.34693240560591" lon="-117.22976471297443">
        <time>2005-05-19T08:57:06-07:00</time>
      </trkpt>
      <trkpt lat="34.34691899456084" lon="-117.22973998636007">
        <time>2005-05-19T08:57:10-07:00</time>
      </trkpt>
      <trkpt lat="34.34690055437386" lon="-117.22971157170832">
        <time>2005-05-19T08:57:13-07:00</time>
      </trkpt>
      <trkpt lat="34.34684338979423" lon="-117.22963412292302">
        <time>2005-05-19T08:57:18-07:00</time>
      </trkpt>
      <trkpt lat="34.34678127989173" lon="-117.22957151010633">
        <time>2005-05-19T08:57:19-07:00</time>
      </trkpt>
      <trkpt lat="34.34670592658222" lon="-117.2295175306499">
        <time>2005-05-19T08:57:25-07:00</time>
      </trkpt>
      <trkpt lat="34.34669226408005" lon="-117.22950923256576">
        <time>2005-05-19T08:57:26-07:00</time>
      </trkpt>
      <trkpt lat="34.34661967679858" lon="-117.22947134636343">
        <time>2005-05-19T08:57:28-07:00</time>
      </trkpt>
      <trkpt lat="34.34660140424967" lon="-117.22947218455374">
        <time>2005-05-19T08:57:30-07:00</time>
      </trkpt>
      <trkpt lat="34.346565026789904" lon="-117.22945240326226">
        <time>2005-05-19T08:57:36-07:00</time>
      </trkpt>
      <trkpt lat="34.346554800868034" lon="-117.22944519482553">
        <time>2005-05-19T08:57:42-07:00</time>
      </trkpt>
      <trkpt lat="34.34651171788573" lon="-117.22942013293505">
        <time>2005-05-19T08:57:48-07:00</time>
      </trkpt>
      <trkpt lat="34.34649059548974" lon="-117.22940756008029">
        <time>2005-05-19T08:57:49-07:00</time>
      </trkpt>
      <trkpt lat="34.34644751250744" lon="-117.22938995808363">
        <time>2005-05-19T08:57:55-07:00</time>
      </trkpt>
      <trkpt lat="34.34641540981829" lon="-117.22937042824924">
        <time>2005-05-19T08:57:57-07:00</time>
      </trkpt>
      <trkpt lat="34.34639856219292" lon="-117.2293415106833">
        <time>2005-05-19T08:58:01-07:00</time>
      </trkpt>
      <trkpt lat="34.34639026410878" lon="-117.2293192986399">
        <time>2005-05-19T08:58:02-07:00</time>
      </trkpt>
      <trkpt lat="34.346374589949846" lon="-117.2293082345277">
        <time>2005-05-19T08:58:06-07:00</time>
      </trkpt>
      <trkpt lat="34.34636830352247" lon="-117.22930354066193">
        <time>2005-05-19T08:58:08-07:00</time>
      </trkpt>
      <trkpt lat="34.34631214477122" lon="-117.22928560338914">
        <time>2005-05-19T08:58:12-07:00</time>
      </trkpt>
      <trkpt lat="34.346299823373556" lon="-117.22928090952337">
        <time>2005-05-19T08:58:15-07:00</time>
      </trkpt>
      <trkpt lat="34.34624961577356" lon="-117.22923506051302">
        <time>2005-05-19T08:58:18-07:00</time>
      </trkpt>
      <trkpt lat="34.346239222213626" lon="-117.22923128865659">
        <time>2005-05-19T08:58:20-07:00</time>
      </trkpt>
      <trkpt lat="34.34622346423566" lon="-117.2292328812182">
        <time>2005-05-19T08:58:22-07:00</time>
      </trkpt>
      <trkpt lat="34.346224972978234" lon="-117.22928015515208">
        <time>2005-05-19T08:58:23-07:00</time>
      </trkpt>
      <trkpt lat="34.34626679867506" lon="-117.22933078184724">
        <time>2005-05-19T08:58:28-07:00</time>
      </trkpt>
      <trkpt lat="34.3462769407779" lon="-117.22934771329165">
        <time>2005-05-19T08:58:29-07:00</time>
      </trkpt>
      <trkpt lat="34.34629856608808" lon="-117.22940538078547">
        <time>2005-05-19T08:58:34-07:00</time>
      </trkpt>
      <trkpt lat="34.3463113065809" lon="-117.2294274251908">
        <time>2005-05-19T08:58:35-07:00</time>
      </trkpt>
      <trkpt lat="34.346326142549515" lon="-117.22947620786726">
        <time>2005-05-19T08:58:36-07:00</time>
      </trkpt>
      <trkpt lat="34.34635849669576" lon="-117.22951644100249">
        <time>2005-05-19T08:58:39-07:00</time>
      </trkpt>
      <trkpt lat="34.34637282975018" lon="-117.22954393364489">
        <time>2005-05-19T08:58:43-07:00</time>
      </trkpt>
      <trkpt lat="34.34641482308507" lon="-117.22958743572235">
        <time>2005-05-19T08:58:44-07:00</time>
      </trkpt>
      <trkpt lat="34.346420438960195" lon="-117.22959187813103">
        <time>2005-05-19T08:58:48-07:00</time>
      </trkpt>
      <trkpt lat="34.34641691856086" lon="-117.22958852536976">
        <time>2005-05-19T08:58:50-07:00</time>
      </trkpt>
      <trkpt lat="34.346414152532816" lon="-117.22958508878946">
        <time>2005-05-19T08:58:53-07:00</time>
      </trkpt>
      <trkpt lat="34.346416499465704" lon="-117.22960704937577">
        <time>2005-05-19T08:58:57-07:00</time>
      </trkpt>
      <trkpt lat="34.34644122608006" lon="-117.22967184148729">
        <time>2005-05-19T08:58:59-07:00</time>
      </trkpt>
      <trkpt lat="34.346452290192246" lon="-117.22970059141517">
        <time>2005-05-19T08:59:03-07:00</time>
      </trkpt>
      <trkpt lat="34.346467377617955" lon="-117.22972515039146">
        <time>2005-05-19T08:59:04-07:00</time>
      </trkpt>
      <trkpt lat="34.34649537317455" lon="-117.22977879457176">
        <time>2005-05-19T08:59:07-07:00</time>
      </trkpt>
      <trkpt lat="34.34651263989508" lon="-117.22982196137309">
        <time>2005-05-19T08:59:10-07:00</time>
      </trkpt>
      <trkpt lat="34.3465375341475" lon="-117.22985305823386">
        <time>2005-05-19T08:59:18-07:00</time>
      </trkpt>
      <trkpt lat="34.346555387601256" lon="-117.22990728914738">
        <time>2005-05-19T08:59:22-07:00</time>
      </trkpt>
      <trkpt lat="34.34655228629708" lon="-117.22993997856975">
        <time>2005-05-19T08:59:24-07:00</time>
      </trkpt>
      <trkpt lat="34.34653258882463" lon="-117.22994442097843">
        <time>2005-05-19T08:59:26-07:00</time>
      </trkpt>
      <trkpt lat="34.34652118943632" lon="-117.22993662580848">
        <time>2005-05-19T08:59:29-07:00</time>
      </trkpt>
      <trkpt lat="34.346513729542494" lon="-117.22992631606758">
        <time>2005-05-19T08:59:32-07:00</time>
      </trkpt>
      <trkpt lat="34.34646184556186" lon="-117.22986051812768">
        <time>2005-05-19T08:59:35-07:00</time>
      </trkpt>
      <trkpt lat="34.346448769792914" lon="-117.22984677180648">
        <time>2005-05-19T08:59:38-07:00</time>
      </trkpt>
      <trkpt lat="34.34639663435519" lon="-117.22979757003486">
        <time>2005-05-19T08:59:40-07:00</time>
      </trkpt>
      <trkpt lat="34.34637090191245" lon="-117.22976840101182">
        <time>2005-05-19T08:59:42-07:00</time>
      </trkpt>
      <trkpt lat="34.34631566517055" lon="-117.22973613068461">
        <time>2005-05-19T08:59:43-07:00</time>
      </trkpt>
      <trkpt lat="34.346301667392254" lon="-117.22972959280014">
        <time>2005-05-19T08:59:44-07:00</time>
      </trkpt>
      <trkpt lat="34.34625523164868" lon="-117.22972179763019">
        <time>2005-05-19T08:59:49-07:00</time>
      </trkpt>
      <trkpt lat="34.346205946058035" lon="-117.22971794195473">
        <time>2005-05-19T08:59:50-07:00</time>
      </trkpt>
      <trkpt lat="34.346180967986584" lon="-117.22971006296575">
        <time>2005-05-19T08:59:55-07:00</time>
      </trkpt>
      <trkpt lat="34.346159510314465" lon="-117.22971333190799">
        <time>2005-05-19T08:59:58-07:00</time>
      </trkpt>
      <trkpt lat="34.34617191553116" lon="-117.2297538165003">
        <time>2005-05-19T09:00:03-07:00</time>
      </trkpt>
      <trkpt lat="34.346212316304445" lon="-117.22979891113937">
        <time>2005-05-19T09:00:04-07:00</time>
      </trkpt>
      <trkpt lat="34.34622572734952" lon="-117.22982564941049">
        <time>2005-05-19T09:00:07-07:00</time>
      </trkpt>
      <trkpt lat="34.34625489637256" lon="-117.22986387088895">
        <time>2005-05-19T09:00:10-07:00</time>
      </trkpt>
      <trkpt lat="34.346267469227314" lon="-117.22990326583385">
        <time>2005-05-19T09:00:12-07:00</time>
      </trkpt>
      <trkpt lat="34.34629261493683" lon="-117.22994794137776">
        <time>2005-05-19T09:00:14-07:00</time>
      </trkpt>
      <trkpt lat="34.34629864990711" lon="-117.22997761331499">
        <time>2005-05-19T09:00:16-07:00</time>
      </trkpt>
      <trkpt lat="34.34630795381963" lon="-117.23004248924553">
        <time>2005-05-19T09:00:20-07:00</time>
      </trkpt>
      <trkpt lat="34.34629462659359" lon="-117.23005061969161">
        <time>2005-05-19T09:00:22-07:00</time>
      </trkpt>
      <trkpt lat="34.34624441899359" lon="-117.23005497828126">
        <time>2005-05-19T09:00:25-07:00</time>
      </trkpt>
      <trkpt lat="34.34620779007673" lon="-117.23000502213836">
        <time>2005-05-19T09:00:28-07:00</time>
      </trkpt>
      <trkpt lat="34.34619605541229" lon="-117.22999144345522">
        <time>2005-05-19T09:00:32-07:00</time>
      </trkpt>
      <trkpt lat="34.34611718170345" lon="-117.22995892167091">
        <time>2005-05-19T09:00:34-07:00</time>
      </trkpt>
      <trkpt lat="34.34605968184769" lon="-117.22994676791131">
        <time>2005-05-19T09:00:39-07:00</time>
      </trkpt>
      <trkpt lat="34.346037385985255" lon="-117.2299424931407">
        <time>2005-05-19T09:00:40-07:00</time>
      </trkpt>
      <trkpt lat="34.34600980952382" lon="-117.2299443371594">
        <time>2005-05-19T09:00:44-07:00</time>
      </trkpt>
      <trkpt lat="34.34598525054753" lon="-117.22993763163686">
        <time>2005-05-19T09:00:48-07:00</time>
      </trkpt>
      <trkpt lat="34.34595515951514" lon="-117.22993394359946">
        <time>2005-05-19T09:00:49-07:00</time>
      </trkpt>
      <trkpt lat="34.34592263773084" lon="-117.22995825111866">
        <time>2005-05-19T09:00:55-07:00</time>
      </trkpt>
      <trkpt lat="34.34591685421765" lon="-117.2299631126225">
        <time>2005-05-19T09:01:01-07:00</time>
      </trkpt>
      <trkpt lat="34.34590855613351" lon="-117.22995657473803">
        <time>2005-05-19T09:01:03-07:00</time>
      </trkpt>
      <trkpt lat="34.34586061164737" lon="-117.22992271184921">
        <time>2005-05-19T09:01:06-07:00</time>
      </trkpt>
      <trkpt lat="34.34579523280263" lon="-117.22989857196808">
        <time>2005-05-19T09:01:08-07:00</time>
      </trkpt>
      <trkpt lat="34.34579120948911" lon="-117.22990150563419">
        <time>2005-05-19T09:01:11-07:00</time>
      </trkpt>
      <trkpt lat="34.34580151923001" lon="-117.22991256974638">
        <time>2005-05-19T09:01:14-07:00</time>
      </trkpt>
      <trkpt lat="34.34582356363535" lon="-117.22993486560881">
        <time>2005-05-19T09:01:15-07:00</time>
      </trkpt>
      <trkpt lat="34.34582222253084" lon="-117.22992614842951">
        <time>2005-05-19T09:01:16-07:00</time>
      </trkpt>
      <trkpt lat="34.345780313014984" lon="-117.2299110610038">
        <time>2005-05-19T09:01:20-07:00</time>
      </trkpt>
      <trkpt lat="34.3456690851599" lon="-117.22984040156007">
        <time>2005-05-19T09:01:25-07:00</time>
      </trkpt>
      <trkpt lat="34.345656260848045" lon="-117.22983403131366">
        <time>2005-05-19T09:01:26-07:00</time>
      </trkpt>
      <trkpt lat="34.34556607156992" lon="-117.22977854311466">
        <time>2005-05-19T09:01:27-07:00</time>
      </trkpt>
      <trkpt lat="34.345571268349886" lon="-117.2297831531614">
        <time>2005-05-19T09:01:30-07:00</time>
      </trkpt>
      <trkpt lat="34.34556070715189" lon="-117.22981768660247">
        <time>2005-05-19T09:01:31-07:00</time>
      </trkpt>
      <trkpt lat="34.3455586116761" lon="-117.22984325140715">
        <time>2005-05-19T09:01:34-07:00</time>
      </trkpt>
      <trkpt lat="34.345540003851056" lon="-117.2298611048609">
        <time>2005-05-19T09:01:43-07:00</time>
      </trkpt>
      <trkpt lat="34.34553137049079" lon="-117.22986512817442">
        <time>2005-05-19T09:01:44-07:00</time>
      </trkpt>
      <trkpt lat="34.34552550315857" lon="-117.22987216897309">
        <time>2005-05-19T09:01:52-07:00</time>
      </trkpt>
      <trkpt lat="34.34552206657827" lon="-117.22989438101649">
        <time>2005-05-19T09:01:57-07:00</time>
      </trkpt>
      <trkpt lat="34.34552835300565" lon="-117.22990242764354">
        <time>2005-05-19T09:02:00-07:00</time>
      </trkpt>
      <trkpt lat="34.34553824365139" lon="-117.22992564551532">
        <time>2005-05-19T09:02:02-07:00</time>
      </trkpt>
      <trkpt lat="34.34554637409747" lon="-117.2299599274993">
        <time>2005-05-19T09:02:04-07:00</time>
      </trkpt>
      <trkpt lat="34.34556447900832" lon="-117.22997828386724">
        <time>2005-05-19T09:02:05-07:00</time>
      </trkpt>
      <trkpt lat="34.3455757945776" lon="-117.22998624667525">
        <time>2005-05-19T09:02:06-07:00</time>
      </trkpt>
      <trkpt lat="34.34558660723269" lon="-117.22999680787325">
        <time>2005-05-19T09:02:08-07:00</time>
      </trkpt>
      <trkpt lat="34.34563010931015" lon="-117.23003637045622">
        <time>2005-05-19T09:02:09-07:00</time>
      </trkpt>
      <trkpt lat="34.345639580860734" lon="-117.23008138127625">
        <time>2005-05-19T09:02:11-07:00</time>
      </trkpt>
      <trkpt lat="34.34561879374087" lon="-117.23013326525688">
        <time>2005-05-19T09:02:14-07:00</time>
      </trkpt>
      <trkpt lat="34.34559976682067" lon="-117.23014726303518">
        <time>2005-05-19T09:02:16-07:00</time>
      </trkpt>
      <trkpt lat="34.34556062333286" lon="-117.23016352392733">
        <time>2005-05-19T09:02:17-07:00</time>
      </trkpt>
      <trkpt lat="34.345499435439706" lon="-117.23021716810763">
        <time>2005-05-19T09:02:18-07:00</time>
      </trkpt>
      <trkpt lat="34.34548116289079" lon="-117.23023938015103">
        <time>2005-05-19T09:02:22-07:00</time>
      </trkpt>
      <trkpt lat="34.34546289034188" lon="-117.23027139902115">
        <time>2005-05-19T09:02:25-07:00</time>
      </trkpt>
      <trkpt lat="34.345423579216" lon="-117.23031138069928">
        <time>2005-05-19T09:02:28-07:00</time>
      </trkpt>
      <trkpt lat="34.34535996057093" lon="-117.23036712035537">
        <time>2005-05-19T09:02:30-07:00</time>
      </trkpt>
      <trkpt lat="34.3453131057322" lon="-117.23039193078876">
        <time>2005-05-19T09:02:34-07:00</time>
      </trkpt>
      <trkpt lat="34.34525376185775" lon="-117.23039595410228">
        <time>2005-05-19T09:02:40-07:00</time>
      </trkpt>
      <trkpt lat="34.345181258395314" lon="-117.23041883669794">
        <time>2005-05-19T09:02:43-07:00</time>
      </trkpt>
      <trkpt lat="34.34510322287679" lon="-117.23042001016438">
        <time>2005-05-19T09:02:45-07:00</time>
      </trkpt>
      <trkpt lat="34.34504488483071" lon="-117.23040970042348">
        <time>2005-05-19T09:02:49-07:00</time>
      </trkpt>
      <trkpt lat="34.34503801167011" lon="-117.23043903708458">
        <time>2005-05-19T09:02:55-07:00</time>
      </trkpt>
      <trkpt lat="34.34504672884941" lon="-117.23049251362681">
        <time>2005-05-19T09:02:59-07:00</time>
      </trkpt>
      <trkpt lat="34.34505485929549" lon="-117.23057867959142">
        <time>2005-05-19T09:03:04-07:00</time>
      </trkpt>
      <trkpt lat="34.34505242854357" lon="-117.23065411671996">
        <time>2005-05-19T09:03:10-07:00</time>
      </trkpt>
      <trkpt lat="34.34501546435058" lon="-117.23072469234467">
        <time>2005-05-19T09:03:16-07:00</time>
      </trkpt>
      <trkpt lat="34.34497246518731" lon="-117.23079753108323">
        <time>2005-05-19T09:03:22-07:00</time>
      </trkpt>
      <trkpt lat="34.34492846019566" lon="-117.23088989965618">
        <time>2005-05-19T09:03:25-07:00</time>
      </trkpt>
      <trkpt lat="34.34491479769349" lon="-117.23091538064182">
        <time>2005-05-19T09:03:28-07:00</time>
      </trkpt>
      <trkpt lat="34.344906751066446" lon="-117.23093667067587">
        <time>2005-05-19T09:03:34-07:00</time>
      </trkpt>
      <trkpt lat="34.34491722844541" lon="-117.2310392651707">
        <time>2005-05-19T09:03:39-07:00</time>
      </trkpt>
      <trkpt lat="34.344935081899166" lon="-117.23112241365016">
        <time>2005-05-19T09:03:44-07:00</time>
      </trkpt>
      <trkpt lat="34.344948660582304" lon="-117.23117589019239">
        <time>2005-05-19T09:03:50-07:00</time>
      </trkpt>
      <trkpt lat="34.344931142404675" lon="-117.23120237700641">
        <time>2005-05-19T09:03:56-07:00</time>
      </trkpt>
      <trkpt lat="34.34492150321603" lon="-117.2312044724822">
        <time>2005-05-19T09:03:59-07:00</time>
      </trkpt>
      <trkpt lat="34.34490641579032" lon="-117.23119977861643">
        <time>2005-05-19T09:04:01-07:00</time>
      </trkpt>
      <trkpt lat="34.34484061785042" lon="-117.23121620714664">
        <time>2005-05-19T09:04:08-07:00</time>
      </trkpt>
      <trkpt lat="34.344831900671124" lon="-117.23122383467853">
        <time>2005-05-19T09:04:13-07:00</time>
      </trkpt>
      <trkpt lat="34.34479359537363" lon="-117.23127219825983">
        <time>2005-05-19T09:04:17-07:00</time>
      </trkpt>
      <trkpt lat="34.34472905471921" lon="-117.23135937005281">
        <time>2005-05-19T09:04:20-07:00</time>
      </trkpt>
      <trkpt lat="34.34471162036061" lon="-117.23138895817101">
        <time>2005-05-19T09:04:21-07:00</time>
      </trkpt>
      <trkpt lat="34.34467046521604" lon="-117.23142743110657">
        <time>2005-05-19T09:04:22-07:00</time>
      </trkpt>
      <trkpt lat="34.344605170190334" lon="-117.2314515709877">
        <time>2005-05-19T09:04:27-07:00</time>
      </trkpt>
      <trkpt lat="34.344590585678816" lon="-117.23146657459438">
        <time>2005-05-19T09:04:28-07:00</time>
      </trkpt>
      <trkpt lat="34.344530487433076" lon="-117.23155282437801">
        <time>2005-05-19T09:04:33-07:00</time>
      </trkpt>
      <trkpt lat="34.34451858513057" lon="-117.23160403780639">
        <time>2005-05-19T09:04:40-07:00</time>
      </trkpt>
      <trkpt lat="34.344490841031075" lon="-117.23166145384312">
        <time>2005-05-19T09:04:42-07:00</time>
      </trkpt>
      <trkpt lat="34.34444951824844" lon="-117.23175826482475">
        <time>2005-05-19T09:04:46-07:00</time>
      </trkpt>
      <trkpt lat="34.34444172307849" lon="-117.23180118016899">
        <time>2005-05-19T09:04:51-07:00</time>
      </trkpt>
      <trkpt lat="34.3444237858057" lon="-117.23185071721673">
        <time>2005-05-19T09:04:52-07:00</time>
      </trkpt>
      <trkpt lat="34.3444100394845" lon="-117.23185817711055">
        <time>2005-05-19T09:04:59-07:00</time>
      </trkpt>
      <trkpt lat="34.344376008957624" lon="-117.2318834066391">
        <time>2005-05-19T09:05:02-07:00</time>
      </trkpt>
      <trkpt lat="34.34434943832457" lon="-117.23188558593392">
        <time>2005-05-19T09:05:06-07:00</time>
      </trkpt>
      <trkpt lat="34.3443394638598" lon="-117.23189229145646">
        <time>2005-05-19T09:05:12-07:00</time>
      </trkpt>
      <trkpt lat="34.344303756952286" lon="-117.23191492259502">
        <time>2005-05-19T09:05:14-07:00</time>
      </trkpt>
      <trkpt lat="34.34429554268718" lon="-117.23192975856364">
        <time>2005-05-19T09:05:17-07:00</time>
      </trkpt>
      <trkpt lat="34.344288585707545" lon="-117.23194669000804">
        <time>2005-05-19T09:05:18-07:00</time>
      </trkpt>
      <trkpt lat="34.3442615121603" lon="-117.2319885995239">
        <time>2005-05-19T09:05:21-07:00</time>
      </trkpt>
      <trkpt lat="34.344243155792356" lon="-117.23203076049685">
        <time>2005-05-19T09:05:23-07:00</time>
      </trkpt>
      <trkpt lat="34.34423670172691" lon="-117.23204945214093">
        <time>2005-05-19T09:05:24-07:00</time>
      </trkpt>
      <trkpt lat="34.344188841059804" lon="-117.23211768083274">
        <time>2005-05-19T09:05:27-07:00</time>
      </trkpt>
      <trkpt lat="34.344149278476834" lon="-117.23214676603675">
        <time>2005-05-19T09:05:28-07:00</time>
      </trkpt>
      <trkpt lat="34.34413972310722" lon="-117.23214844241738">
        <time>2005-05-19T09:05:29-07:00</time>
      </trkpt>
      <trkpt lat="34.34412421658635" lon="-117.2321662120521">
        <time>2005-05-19T09:05:32-07:00</time>
      </trkpt>
      <trkpt lat="34.34409035369754" lon="-117.23219747655094">
        <time>2005-05-19T09:05:35-07:00</time>
      </trkpt>
      <trkpt lat="34.34407870285213" lon="-117.23221189342439">
        <time>2005-05-19T09:05:36-07:00</time>
      </trkpt>
      <trkpt lat="34.34399773366749" lon="-117.23225573077798">
        <time>2005-05-19T09:05:40-07:00</time>
      </trkpt>
      <trkpt lat="34.34398792684078" lon="-117.23226352594793">
        <time>2005-05-19T09:05:44-07:00</time>
      </trkpt>
      <trkpt lat="34.343928499147296" lon="-117.23230702802539">
        <time>2005-05-19T09:05:45-07:00</time>
      </trkpt>
      <trkpt lat="34.343915255740285" lon="-117.23234541714191">
        <time>2005-05-19T09:05:47-07:00</time>
      </trkpt>
      <trkpt lat="34.34389698319137" lon="-117.23237995058298">
        <time>2005-05-19T09:05:50-07:00</time>
      </trkpt>
      <trkpt lat="34.34385783970356" lon="-117.23241406492889">
        <time>2005-05-19T09:05:51-07:00</time>
      </trkpt>
      <trkpt lat="34.34382950887084" lon="-117.23242403939366">
        <time>2005-05-19T09:05:57-07:00</time>
      </trkpt>
      <trkpt lat="34.34381006285548" lon="-117.23242236301303">
        <time>2005-05-19T09:05:58-07:00</time>
      </trkpt>
      <trkpt lat="34.3438005913049" lon="-117.23240811377764">
        <time>2005-05-19T09:06:03-07:00</time>
      </trkpt>
      <trkpt lat="34.34378206729889" lon="-117.23238699138165">
        <time>2005-05-19T09:06:05-07:00</time>
      </trkpt>
      <trkpt lat="34.34376999735832" lon="-117.2323791962117">
        <time>2005-05-19T09:06:07-07:00</time>
      </trkpt>
      <trkpt lat="34.34376245364547" lon="-117.23238254897296">
        <time>2005-05-19T09:06:10-07:00</time>
      </trkpt>
      <trkpt lat="34.34374300763011" lon="-117.23240417428315">
        <time>2005-05-19T09:06:12-07:00</time>
      </trkpt>
      <trkpt lat="34.3437366373837" lon="-117.23241708241403">
        <time>2005-05-19T09:06:14-07:00</time>
      </trkpt>
      <trkpt lat="34.34371911920607" lon="-117.23244918510318">
        <time>2005-05-19T09:06:15-07:00</time>
      </trkpt>
      <trkpt lat="34.34370051138103" lon="-117.23246485926211">
        <time>2005-05-19T09:06:17-07:00</time>
      </trkpt>
      <trkpt lat="34.34369648806751" lon="-117.23247315734625">
        <time>2005-05-19T09:06:18-07:00</time>
      </trkpt>
      <trkpt lat="34.34366430155933" lon="-117.23250408656895">
        <time>2005-05-19T09:06:19-07:00</time>
      </trkpt>
      <trkpt lat="34.34365441091359" lon="-117.2325086966157">
        <time>2005-05-19T09:06:21-07:00</time>
      </trkpt>
      <trkpt lat="34.34362222440541" lon="-117.2325169108808">
        <time>2005-05-19T09:06:22-07:00</time>
      </trkpt>
      <trkpt lat="34.34358911588788" lon="-117.2325295675546">
        <time>2005-05-19T09:06:25-07:00</time>
      </trkpt>
      <trkpt lat="34.34356313198805" lon="-117.23254851065576">
        <time>2005-05-19T09:06:28-07:00</time>
      </trkpt>
      <trkpt lat="34.34352868236601" lon="-117.2325668670237">
        <time>2005-05-19T09:06:29-07:00</time>
      </trkpt>
      <trkpt lat="34.34351443313062" lon="-117.23257332108915">
        <time>2005-05-19T09:06:33-07:00</time>
      </trkpt>
      <trkpt lat="34.343483336269855" lon="-117.23260299302638">
        <time>2005-05-19T09:06:34-07:00</time>
      </trkpt>
      <trkpt lat="34.34346171095967" lon="-117.23261590115726">
        <time>2005-05-19T09:06:37-07:00</time>
      </trkpt>
      <trkpt lat="34.34342969208956" lon="-117.23264381289482">
        <time>2005-05-19T09:06:40-07:00</time>
      </trkpt>
      <trkpt lat="34.34338761493564" lon="-117.23268069326878">
        <time>2005-05-19T09:06:42-07:00</time>
      </trkpt>
      <trkpt lat="34.343368001282215" lon="-117.2326881531626">
        <time>2005-05-19T09:06:45-07:00</time>
      </trkpt>
      <trkpt lat="34.343322990462184" lon="-117.23269016481936">
        <time>2005-05-19T09:06:46-07:00</time>
      </trkpt>
      <trkpt lat="34.34330438263714" lon="-117.23270483314991">
        <time>2005-05-19T09:06:49-07:00</time>
      </trkpt>
      <trkpt lat="34.343280494213104" lon="-117.23271807655692">
        <time>2005-05-19T09:06:51-07:00</time>
      </trkpt>
      <trkpt lat="34.34325870126486" lon="-117.23272813484073">
        <time>2005-05-19T09:06:54-07:00</time>
      </trkpt>
      <trkpt lat="34.34321469627321" lon="-117.23277205601335">
        <time>2005-05-19T09:06:58-07:00</time>
      </trkpt>
      <trkpt lat="34.34318502433598" lon="-117.23282301798463">
        <time>2005-05-19T09:07:00-07:00</time>
      </trkpt>
      <trkpt lat="34.3431530892849" lon="-117.23285989835858">
        <time>2005-05-19T09:07:04-07:00</time>
      </trkpt>
      <trkpt lat="34.34312869794667" lon="-117.23290004767478">
        <time>2005-05-19T09:07:06-07:00</time>
      </trkpt>
      <trkpt lat="34.343086536973715" lon="-117.2329730540514">
        <time>2005-05-19T09:07:08-07:00</time>
      </trkpt>
      <trkpt lat="34.34302568435669" lon="-117.23308495245874">
        <time>2005-05-19T09:07:10-07:00</time>
      </trkpt>
      <trkpt lat="34.34298972599208" lon="-117.23317765630782">
        <time>2005-05-19T09:07:14-07:00</time>
      </trkpt>
      <trkpt lat="34.342953097075224" lon="-117.23323901183903">
        <time>2005-05-19T09:07:18-07:00</time>
      </trkpt>
      <trkpt lat="34.34290498495102" lon="-117.23331998102367">
        <time>2005-05-19T09:07:21-07:00</time>
      </trkpt>
      <trkpt lat="34.34289970435202" lon="-117.23332819528878">
        <time>2005-05-19T09:07:24-07:00</time>
      </trkpt>
      <trkpt lat="34.34288444928825" lon="-117.23335426300764">
        <time>2005-05-19T09:07:30-07:00</time>
      </trkpt>
      <trkpt lat="34.342864165082574" lon="-117.23339499905705">
        <time>2005-05-19T09:07:38-07:00</time>
      </trkpt>
      <trkpt lat="34.34282032772899" lon="-117.23346733488142">
        <time>2005-05-19T09:07:43-07:00</time>
      </trkpt>
      <trkpt lat="34.34278026223183" lon="-117.23356314003468">
        <time>2005-05-19T09:07:49-07:00</time>
      </trkpt>
      <trkpt lat="34.342727875337005" lon="-117.23366296850145">
        <time>2005-05-19T09:07:54-07:00</time>
      </trkpt>
      <trkpt lat="34.34266794472933" lon="-117.233756929636">
        <time>2005-05-19T09:07:55-07:00</time>
      </trkpt>
      <trkpt lat="34.34262419119477" lon="-117.23385801538825">
        <time>2005-05-19T09:07:57-07:00</time>
      </trkpt>
      <trkpt lat="34.34256652370095" lon="-117.233960442245">
        <time>2005-05-19T09:08:00-07:00</time>
      </trkpt>
      <trkpt lat="34.34250860475004" lon="-117.2341010067612">
        <time>2005-05-19T09:08:06-07:00</time>
      </trkpt>
      <trkpt lat="34.342493768781424" lon="-117.23413604311645">
        <time>2005-05-19T09:08:13-07:00</time>
      </trkpt>
      <trkpt lat="34.34244465082884" lon="-117.23423142917454">
        <time>2005-05-19T09:08:20-07:00</time>
      </trkpt>
      <trkpt lat="34.342431323602796" lon="-117.23426193930209">
        <time>2005-05-19T09:08:27-07:00</time>
      </trkpt>
      <trkpt lat="34.342417661100626" lon="-117.23430460318923">
        <time>2005-05-19T09:08:34-07:00</time>
      </trkpt>
      <trkpt lat="34.342382960021496" lon="-117.23437291570008">
        <time>2005-05-19T09:08:42-07:00</time>
      </trkpt>
      <trkpt lat="34.34237147681415" lon="-117.23441792652011">
        <time>2005-05-19T09:08:51-07:00</time>
      </trkpt>
      <trkpt lat="34.342364771291614" lon="-117.2344427369535">
        <time>2005-05-19T09:08:54-07:00</time>
      </trkpt>
      <trkpt lat="34.342357981950045" lon="-117.2344548907131">
        <time>2005-05-19T09:09:01-07:00</time>
      </trkpt>
      <trkpt lat="34.34232646599412" lon="-117.23454340361059">
        <time>2005-05-19T09:09:03-07:00</time>
      </trkpt>
      <trkpt lat="34.34229335747659" lon="-117.23461909219623">
        <time>2005-05-19T09:09:06-07:00</time>
      </trkpt>
      <trkpt lat="34.342262763530016" lon="-117.23472252488136">
        <time>2005-05-19T09:09:11-07:00</time>
      </trkpt>
      <trkpt lat="34.34224868193269" lon="-117.23475848324597">
        <time>2005-05-19T09:09:14-07:00</time>
      </trkpt>
      <trkpt lat="34.342228984460235" lon="-117.23478689789772">
        <time>2005-05-19T09:09:16-07:00</time>
      </trkpt>
      <trkpt lat="34.342179698869586" lon="-117.23487205803394">
        <time>2005-05-19T09:09:17-07:00</time>
      </trkpt>
      <trkpt lat="34.34217014349997" lon="-117.23488530144095">
        <time>2005-05-19T09:09:23-07:00</time>
      </trkpt>
      <trkpt lat="34.34210409410298" lon="-117.23493173718452">
        <time>2005-05-19T09:09:29-07:00</time>
      </trkpt>
      <trkpt lat="34.34206495061517" lon="-117.23491597920656">
        <time>2005-05-19T09:09:36-07:00</time>
      </trkpt>
      <trkpt lat="34.34205589815974" lon="-117.23490558564663">
        <time>2005-05-19T09:09:39-07:00</time>
      </trkpt>
      <trkpt lat="34.34204156510532" lon="-117.23489569500089">
        <time>2005-05-19T09:09:42-07:00</time>
      </trkpt>
      <trkpt lat="34.34197082184255" lon="-117.23489820957184">
        <time>2005-05-19T09:09:49-07:00</time>
      </trkpt>
      <trkpt lat="34.341938216239214" lon="-117.23491162061691">
        <time>2005-05-19T09:09:50-07:00</time>
      </trkpt>
      <trkpt lat="34.341909382492304" lon="-117.23491162061691">
        <time>2005-05-19T09:09:57-07:00</time>
      </trkpt>
      <trkpt lat="34.3418181873858" lon="-117.23489904776216">
        <time>2005-05-19T09:10:02-07:00</time>
      </trkpt>
      <trkpt lat="34.34181047603488" lon="-117.23489552736282">
        <time>2005-05-19T09:10:04-07:00</time>
      </trkpt>
      <trkpt lat="34.341751635074615" lon="-117.23486023955047">
        <time>2005-05-19T09:10:06-07:00</time>
      </trkpt>
      <trkpt lat="34.34173285961151" lon="-117.23483383655548">
        <time>2005-05-19T09:10:12-07:00</time>
      </trkpt>
      <trkpt lat="34.341717353090644" lon="-117.23479678854346">
        <time>2005-05-19T09:10:15-07:00</time>
      </trkpt>
      <trkpt lat="34.3417145870626" lon="-117.2347620036453">
        <time>2005-05-19T09:10:18-07:00</time>
      </trkpt>
      <trkpt lat="34.34171383269131" lon="-117.23474993370473">
        <time>2005-05-19T09:10:25-07:00</time>
      </trkpt>
      <trkpt lat="34.34170645661652" lon="-117.23472805693746">
        <time>2005-05-19T09:10:26-07:00</time>
      </trkpt>
      <trkpt lat="34.3416886869818" lon="-117.23476527258754">
        <time>2005-05-19T09:10:32-07:00</time>
      </trkpt>
      <trkpt lat="34.341694889590144" lon="-117.23478304222226">
        <time>2005-05-19T09:10:35-07:00</time>
      </trkpt>
      <trkpt lat="34.341611405834556" lon="-117.23466376774013">
        <time>2005-05-19T09:10:39-07:00</time>
      </trkpt>
      <trkpt lat="34.341611405834556" lon="-117.23466376774013">
        <time>2005-05-19T09:10:46-07:00</time>
      </trkpt>
      <trkpt lat="34.341551810503006" lon="-117.23486258648336">
        <time>2005-05-19T09:10:57-07:00</time>
      </trkpt>
      <trkpt lat="34.341552313417196" lon="-117.2348761651665">
        <time>2005-05-19T09:11:03-07:00</time>
      </trkpt>
      <trkpt lat="34.3415502179414" lon="-117.23489401862025">
        <time>2005-05-19T09:11:09-07:00</time>
      </trkpt>
      <trkpt lat="34.341527838259935" lon="-117.2349311504513">
        <time>2005-05-19T09:11:13-07:00</time>
      </trkpt>
      <trkpt lat="34.34151006862521" lon="-117.23494808189571">
        <time>2005-05-19T09:22:36-07:00</time>
      </trkpt>
      <trkpt lat="34.341472517699" lon="-117.2349623311311">
        <time>2005-05-19T09:22:37-07:00</time>
      </trkpt>
      <trkpt lat="34.34145776554942" lon="-117.23497121594846">
        <time>2005-05-19T09:38:34-07:00</time>
      </trkpt>
      <trkpt lat="34.341442761942744" lon="-117.23498244769871">
        <time>2005-05-19T09:38:35-07:00</time>
      </trkpt>
      <trkpt lat="34.34143681079149" lon="-117.2349919192493">
        <time>2005-05-19T09:38:36-07:00</time>
      </trkpt>
      <trkpt lat="34.34139020740986" lon="-117.23505319096148">
        <time>2005-05-19T09:38:39-07:00</time>
      </trkpt>
      <trkpt lat="34.34137721545994" lon="-117.23505629226565">
        <time>2005-05-19T09:38:41-07:00</time>
      </trkpt>
      <trkpt lat="34.34132776223123" lon="-117.23504195921123">
        <time>2005-05-19T09:38:47-07:00</time>
      </trkpt>
      <trkpt lat="34.341304963454604" lon="-117.23503718152642">
        <time>2005-05-19T09:38:50-07:00</time>
      </trkpt>
      <trkpt lat="34.34129985049367" lon="-117.23503516986966">
        <time>2005-05-19T09:38:52-07:00</time>
      </trkpt>
      <trkpt lat="34.34125877916813" lon="-117.23502301611006">
        <time>2005-05-19T09:38:53-07:00</time>
      </trkpt>
      <trkpt lat="34.34123153798282" lon="-117.23500206135213">
        <time>2005-05-19T09:38:59-07:00</time>
      </trkpt>
      <trkpt lat="34.34118644334376" lon="-117.23499476909637">
        <time>2005-05-19T09:39:00-07:00</time>
      </trkpt>
      <trkpt lat="34.34113916940987" lon="-117.23497867584229">
        <time>2005-05-19T09:39:04-07:00</time>
      </trkpt>
      <trkpt lat="34.34112835675478" lon="-117.23497699946165">
        <time>2005-05-19T09:39:08-07:00</time>
      </trkpt>
      <trkpt lat="34.341088961809874" lon="-117.23498404026031">
        <time>2005-05-19T09:39:09-07:00</time>
      </trkpt>
      <trkpt lat="34.34106985107064" lon="-117.23500004969537">
        <time>2005-05-19T09:39:14-07:00</time>
      </trkpt>
      <trkpt lat="34.341069515794516" lon="-117.23502854816616">
        <time>2005-05-19T09:39:16-07:00</time>
      </trkpt>
      <trkpt lat="34.34106591157615" lon="-117.23504598252475">
        <time>2005-05-19T09:39:21-07:00</time>
      </trkpt>
      <trkpt lat="34.341104719787836" lon="-117.23511563614011">
        <time>2005-05-19T09:39:26-07:00</time>
      </trkpt>
      <trkpt lat="34.34109742753208" lon="-117.23515662364662">
        <time>2005-05-19T09:39:27-07:00</time>
      </trkpt>
      <trkpt lat="34.34112726710737" lon="-117.23519652150571">
        <time>2005-05-19T09:39:31-07:00</time>
      </trkpt>
      <trkpt lat="34.341146713122725" lon="-117.2352887224406">
        <time>2005-05-19T09:39:33-07:00</time>
      </trkpt>
      <trkpt lat="34.34115316718817" lon="-117.23536575213075">
        <time>2005-05-19T09:39:36-07:00</time>
      </trkpt>
      <trkpt lat="34.341131122782826" lon="-117.23545610904694">
        <time>2005-05-19T09:39:43-07:00</time>
      </trkpt>
      <trkpt lat="34.341127183288336" lon="-117.23554261028767">
        <time>2005-05-19T09:39:49-07:00</time>
      </trkpt>
      <trkpt lat="34.34113221243024" lon="-117.23555996082723">
        <time>2005-05-19T09:39:54-07:00</time>
      </trkpt>
      <trkpt lat="34.341148640960455" lon="-117.2356410138309">
        <time>2005-05-19T09:39:59-07:00</time>
      </trkpt>
      <trkpt lat="34.34116163291037" lon="-117.23567831330001">
        <time>2005-05-19T09:40:05-07:00</time>
      </trkpt>
      <trkpt lat="34.341167164966464" lon="-117.23570982925594">
        <time>2005-05-19T09:40:11-07:00</time>
      </trkpt>
      <trkpt lat="34.34118124656379" lon="-117.23580387420952">
        <time>2005-05-19T09:40:17-07:00</time>
      </trkpt>
      <trkpt lat="34.34118451550603" lon="-117.23589439876378">
        <time>2005-05-19T09:40:22-07:00</time>
      </trkpt>
      <trkpt lat="34.34118753299117" lon="-117.2359864320606">
        <time>2005-05-19T09:40:23-07:00</time>
      </trkpt>
      <trkpt lat="34.341196501627564" lon="-117.23606321029365">
        <time>2005-05-19T09:40:29-07:00</time>
      </trkpt>
      <trkpt lat="34.341193567961454" lon="-117.23614828661084">
        <time>2005-05-19T09:40:32-07:00</time>
      </trkpt>
      <trkpt lat="34.341186694800854" lon="-117.23619061522186">
        <time>2005-05-19T09:40:34-07:00</time>
      </trkpt>
      <trkpt lat="34.341173535212874" lon="-117.23624509759247">
        <time>2005-05-19T09:40:41-07:00</time>
      </trkpt>
      <trkpt lat="34.341146210208535" lon="-117.23629756830633">
        <time>2005-05-19T09:40:47-07:00</time>
      </trkpt>
      <trkpt lat="34.341147216036916" lon="-117.23632212728262">
        <time>2005-05-19T09:40:54-07:00</time>
      </trkpt>
      <trkpt lat="34.34115811251104" lon="-117.23637602292001">
        <time>2005-05-19T09:41:00-07:00</time>
      </trkpt>
      <trkpt lat="34.341149646788836" lon="-117.23645615391433">
        <time>2005-05-19T09:41:06-07:00</time>
      </trkpt>
      <trkpt lat="34.34110849164426" lon="-117.23655128851533">
        <time>2005-05-19T09:41:09-07:00</time>
      </trkpt>
      <trkpt lat="34.341102205216885" lon="-117.2366117220372">
        <time>2005-05-19T09:41:13-07:00</time>
      </trkpt>
      <trkpt lat="34.34110295958817" lon="-117.23662697710097">
        <time>2005-05-19T09:41:18-07:00</time>
      </trkpt>
      <trkpt lat="34.34110430069268" lon="-117.23671113140881">
        <time>2005-05-19T09:41:20-07:00</time>
      </trkpt>
      <trkpt lat="34.34110731817782" lon="-117.23678983747959">
        <time>2005-05-19T09:41:24-07:00</time>
      </trkpt>
      <trkpt lat="34.34111092239618" lon="-117.23681800067425">
        <time>2005-05-19T09:41:30-07:00</time>
      </trkpt>
      <trkpt lat="34.34111695736647" lon="-117.23686502315104">
        <time>2005-05-19T09:41:37-07:00</time>
      </trkpt>
      <trkpt lat="34.341144282370806" lon="-117.23692839033902">
        <time>2005-05-19T09:41:41-07:00</time>
      </trkpt>
      <trkpt lat="34.34117102064192" lon="-117.23696501925588">
        <time>2005-05-19T09:41:42-07:00</time>
      </trkpt>
      <trkpt lat="34.34117663651705" lon="-117.23698982968926">
        <time>2005-05-19T09:41:48-07:00</time>
      </trkpt>
      <trkpt lat="34.34117512777448" lon="-117.23701413720846">
        <time>2005-05-19T09:41:54-07:00</time>
      </trkpt>
      <trkpt lat="34.3411669973284" lon="-117.23708286881447">
        <time>2005-05-19T09:41:56-07:00</time>
      </trkpt>
      <trkpt lat="34.34116456657648" lon="-117.23709477111697">
        <time>2005-05-19T09:41:59-07:00</time>
      </trkpt>
      <trkpt lat="34.341148221865296" lon="-117.23713567480445">
        <time>2005-05-19T09:42:05-07:00</time>
      </trkpt>
      <trkpt lat="34.34113506227732" lon="-117.23714405670762">
        <time>2005-05-19T09:42:10-07:00</time>
      </trkpt>
      <trkpt lat="34.34113170951605" lon="-117.23716073669493">
        <time>2005-05-19T09:42:12-07:00</time>
      </trkpt>
      <trkpt lat="34.34113665483892" lon="-117.23717884160578">
        <time>2005-05-19T09:42:14-07:00</time>
      </trkpt>
      <trkpt lat="34.341147132217884" lon="-117.23719736561179">
        <time>2005-05-19T09:42:19-07:00</time>
      </trkpt>
      <trkpt lat="34.341155933216214" lon="-117.2372867166996">
        <time>2005-05-19T09:42:20-07:00</time>
      </trkpt>
      <trkpt lat="34.34115819633007" lon="-117.23736022599041">
        <time>2005-05-19T09:42:24-07:00</time>
      </trkpt>
      <trkpt lat="34.34114067815244" lon="-117.23741336725652">
        <time>2005-05-19T09:42:26-07:00</time>
      </trkpt>
      <trkpt lat="34.34110891073942" lon="-117.23748955875635">
        <time>2005-05-19T09:42:28-07:00</time>
      </trkpt>
      <trkpt lat="34.34109130874276" lon="-117.23755317740142">
        <time>2005-05-19T09:42:30-07:00</time>
      </trkpt>
      <trkpt lat="34.34107521548867" lon="-117.23760556429625">
        <time>2005-05-19T09:42:32-07:00</time>
      </trkpt>
      <trkpt lat="34.341064151376486" lon="-117.23763842135668">
        <time>2005-05-19T09:42:39-07:00</time>
      </trkpt>
      <trkpt lat="34.34106490574777" lon="-117.23768427036703">
        <time>2005-05-19T09:42:45-07:00</time>
      </trkpt>
      <trkpt lat="34.341063564643264" lon="-117.23770254291594">
        <time>2005-05-19T09:42:50-07:00</time>
      </trkpt>
      <trkpt lat="34.34104369953275" lon="-117.23777680657804">
        <time>2005-05-19T09:42:55-07:00</time>
      </trkpt>
      <trkpt lat="34.34100673533976" lon="-117.23783690482378">
        <time>2005-05-19T09:43:00-07:00</time>
      </trkpt>
      <trkpt lat="34.341007405892015" lon="-117.23786649294198">
        <time>2005-05-19T09:43:04-07:00</time>
      </trkpt>
      <trkpt lat="34.341015201061964" lon="-117.23791318014264">
        <time>2005-05-19T09:43:07-07:00</time>
      </trkpt>
      <trkpt lat="34.34102425351739" lon="-117.23797445185483">
        <time>2005-05-19T09:43:10-07:00</time>
      </trkpt>
      <trkpt lat="34.3410131894052" lon="-117.2380238212645">
        <time>2005-05-19T09:43:11-07:00</time>
      </trkpt>
      <trkpt lat="34.3410166259855" lon="-117.23803455010056">
        <time>2005-05-19T09:43:16-07:00</time>
      </trkpt>
      <trkpt lat="34.34101394377649" lon="-117.23809934221208">
        <time>2005-05-19T09:43:22-07:00</time>
      </trkpt>
      <trkpt lat="34.34101545251906" lon="-117.23820646293461">
        <time>2005-05-19T09:43:24-07:00</time>
      </trkpt>
      <trkpt lat="34.34100388549268" lon="-117.23828349262476">
        <time>2005-05-19T09:43:27-07:00</time>
      </trkpt>
      <trkpt lat="34.340994162485" lon="-117.23838835023344">
        <time>2005-05-19T09:43:32-07:00</time>
      </trkpt>
      <trkpt lat="34.340980499982834" lon="-117.2384712472558">
        <time>2005-05-19T09:43:37-07:00</time>
      </trkpt>
      <trkpt lat="34.34097362682223" lon="-117.23856571130455">
        <time>2005-05-19T09:43:38-07:00</time>
      </trkpt>
      <trkpt lat="34.340956611558795" lon="-117.23866595886648">
        <time>2005-05-19T09:43:43-07:00</time>
      </trkpt>
      <trkpt lat="34.34092953801155" lon="-117.23872614093125">
        <time>2005-05-19T09:43:51-07:00</time>
      </trkpt>
      <trkpt lat="34.34095015749335" lon="-117.23880124278367">
        <time>2005-05-19T09:43:57-07:00</time>
      </trkpt>
      <trkpt lat="34.34098117053509" lon="-117.23885782063007">
        <time>2005-05-19T09:44:04-07:00</time>
      </trkpt>
      <trkpt lat="34.34098552912474" lon="-117.23887139931321">
        <time>2005-05-19T09:44:09-07:00</time>
      </trkpt>
      <trkpt lat="34.34098561294377" lon="-117.23892571404576">
        <time>2005-05-19T09:44:16-07:00</time>
      </trkpt>
      <trkpt lat="34.34098519384861" lon="-117.23893870599568">
        <time>2005-05-19T09:44:23-07:00</time>
      </trkpt>
      <trkpt lat="34.34095988050103" lon="-117.23901397548616">
        <time>2005-05-19T09:44:29-07:00</time>
      </trkpt>
      <trkpt lat="34.34093683026731" lon="-117.2391240298748">
        <time>2005-05-19T09:44:35-07:00</time>
      </trkpt>
      <trkpt lat="34.3409270234406" lon="-117.23919192329049">
        <time>2005-05-19T09:44:41-07:00</time>
      </trkpt>
      <trkpt lat="34.340912690386176" lon="-117.23929250612855">
        <time>2005-05-19T09:44:42-07:00</time>
      </trkpt>
      <trkpt lat="34.34090849943459" lon="-117.23935520276427">
        <time>2005-05-19T09:44:46-07:00</time>
      </trkpt>
      <trkpt lat="34.34089575894177" lon="-117.23941479809582">
        <time>2005-05-19T09:44:47-07:00</time>
      </trkpt>
      <trkpt lat="34.34087346307933" lon="-117.23951026797295">
        <time>2005-05-19T09:44:52-07:00</time>
      </trkpt>
      <trkpt lat="34.340860806405544" lon="-117.23959752358496">
        <time>2005-05-19T09:45:00-07:00</time>
      </trkpt>
      <trkpt lat="34.34085234068334" lon="-117.23967363126576">
        <time>2005-05-19T09:45:06-07:00</time>
      </trkpt>
      <trkpt lat="34.34083624742925" lon="-117.23974479362369">
        <time>2005-05-19T09:45:14-07:00</time>
      </trkpt>
      <trkpt lat="34.3408094253391" lon="-117.23983749747276">
        <time>2005-05-19T09:45:19-07:00</time>
      </trkpt>
      <trkpt lat="34.340775813907385" lon="-117.23990748636425">
        <time>2005-05-19T09:45:24-07:00</time>
      </trkpt>
      <trkpt lat="34.34073097072542" lon="-117.23996389657259">
        <time>2005-05-19T09:45:31-07:00</time>
      </trkpt>
      <trkpt lat="34.34072468429804" lon="-117.23997487686574">
        <time>2005-05-19T09:45:38-07:00</time>
      </trkpt>
      <trkpt lat="34.34069593437016" lon="-117.24002030678093">
        <time>2005-05-19T09:45:44-07:00</time>
      </trkpt>
      <trkpt lat="34.340687803924084" lon="-117.2400738671422">
        <time>2005-05-19T09:45:49-07:00</time>
      </trkpt>
      <trkpt lat="34.34068503789604" lon="-117.24015324376523">
        <time>2005-05-19T09:45:57-07:00</time>
      </trkpt>
      <trkpt lat="34.34064153581858" lon="-117.24026162177324">
        <time>2005-05-19T09:46:03-07:00</time>
      </trkpt>
      <trkpt lat="34.34060893021524" lon="-117.24035130813718">
        <time>2005-05-19T09:46:09-07:00</time>
      </trkpt>
      <trkpt lat="34.34057624079287" lon="-117.240438060835">
        <time>2005-05-19T09:46:10-07:00</time>
      </trkpt>
      <trkpt lat="34.34055821970105" lon="-117.24050930701196">
        <time>2005-05-19T09:46:14-07:00</time>
      </trkpt>
      <trkpt lat="34.3405332416296" lon="-117.24055758677423">
        <time>2005-05-19T09:46:18-07:00</time>
      </trkpt>
      <trkpt lat="34.34052427299321" lon="-117.2405657172203">
        <time>2005-05-19T09:46:24-07:00</time>
      </trkpt>
      <trkpt lat="34.34050817973912" lon="-117.2406003344804">
        <time>2005-05-19T09:46:31-07:00</time>
      </trkpt>
      <trkpt lat="34.34048445895314" lon="-117.24065749906003">
        <time>2005-05-19T09:46:38-07:00</time>
      </trkpt>
      <trkpt lat="34.34047347865999" lon="-117.24068163894117">
        <time>2005-05-19T09:46:44-07:00</time>
      </trkpt>
      <trkpt lat="34.34046912007034" lon="-117.24070435389876">
        <time>2005-05-19T09:46:49-07:00</time>
      </trkpt>
      <trkpt lat="34.34045813977718" lon="-117.24074458703399">
        <time>2005-05-19T09:46:54-07:00</time>
      </trkpt>
      <trkpt lat="34.34045855887234" lon="-117.24076621234417">
        <time>2005-05-19T09:46:55-07:00</time>
      </trkpt>
      <trkpt lat="34.34044296853244" lon="-117.24085019901395">
        <time>2005-05-19T09:46:59-07:00</time>
      </trkpt>
      <trkpt lat="34.340431317687035" lon="-117.24090099334717">
        <time>2005-05-19T09:47:03-07:00</time>
      </trkpt>
      <trkpt lat="34.3404433876276" lon="-117.2409251332283">
        <time>2005-05-19T09:47:05-07:00</time>
      </trkpt>
      <trkpt lat="34.34041782282293" lon="-117.24100400693715">
        <time>2005-05-19T09:47:07-07:00</time>
      </trkpt>
      <trkpt lat="34.340399550274014" lon="-117.24103200249374">
        <time>2005-05-19T09:47:10-07:00</time>
      </trkpt>
      <trkpt lat="34.340393263846636" lon="-117.24105781875551">
        <time>2005-05-19T09:47:12-07:00</time>
      </trkpt>
      <trkpt lat="34.34039301238954" lon="-117.24106879904866">
        <time>2005-05-19T09:47:17-07:00</time>
      </trkpt>
      <trkpt lat="34.34041069820523" lon="-117.24111272022128">
        <time>2005-05-19T09:47:20-07:00</time>
      </trkpt>
      <trkpt lat="34.34041698463261" lon="-117.24115706048906">
        <time>2005-05-19T09:47:22-07:00</time>
      </trkpt>
      <trkpt lat="34.34042855165899" lon="-117.24126309156418">
        <time>2005-05-19T09:47:28-07:00</time>
      </trkpt>
      <trkpt lat="34.34044531546533" lon="-117.24132536910474">
        <time>2005-05-19T09:47:31-07:00</time>
      </trkpt>
      <trkpt lat="34.34043207205832" lon="-117.2413968667388">
        <time>2005-05-19T09:47:34-07:00</time>
      </trkpt>
      <trkpt lat="34.340432742610574" lon="-117.24148345179856">
        <time>2005-05-19T09:47:35-07:00</time>
      </trkpt>
      <trkpt lat="34.340442130342126" lon="-117.24155830219388">
        <time>2005-05-19T09:47:39-07:00</time>
      </trkpt>
      <trkpt lat="34.34045009315014" lon="-117.24162410013378">
        <time>2005-05-19T09:47:42-07:00</time>
      </trkpt>
      <trkpt lat="34.34046182781458" lon="-117.24169543012977">
        <time>2005-05-19T09:47:49-07:00</time>
      </trkpt>
      <trkpt lat="34.34045989997685" lon="-117.24172191694379">
        <time>2005-05-19T09:47:54-07:00</time>
      </trkpt>
      <trkpt lat="34.340471886098385" lon="-117.24176416173577">
        <time>2005-05-19T09:48:00-07:00</time>
      </trkpt>
      <trkpt lat="34.340471383184195" lon="-117.2417769022286">
        <time>2005-05-19T09:48:06-07:00</time>
      </trkpt>
      <trkpt lat="34.340467946603894" lon="-117.24183884449303">
        <time>2005-05-19T09:48:11-07:00</time>
      </trkpt>
      <trkpt lat="34.3404695391655" lon="-117.24185108207166">
        <time>2005-05-19T09:48:16-07:00</time>
      </trkpt>
      <trkpt lat="34.340472891926765" lon="-117.24191780202091">
        <time>2005-05-19T09:48:21-07:00</time>
      </trkpt>
      <trkpt lat="34.340479681268334" lon="-117.24199273623526">
        <time>2005-05-19T09:48:23-07:00</time>
      </trkpt>
      <trkpt lat="34.34048186056316" lon="-117.24201620556414">
        <time>2005-05-19T09:48:26-07:00</time>
      </trkpt>
      <trkpt lat="34.34048336930573" lon="-117.24211569875479">
        <time>2005-05-19T09:48:27-07:00</time>
      </trkpt>
      <trkpt lat="34.34046786278486" lon="-117.24221820943058">
        <time>2005-05-19T09:48:32-07:00</time>
      </trkpt>
      <trkpt lat="34.34044975787401" lon="-117.24226648919284">
        <time>2005-05-19T09:48:33-07:00</time>
      </trkpt>
      <trkpt lat="34.34044296853244" lon="-117.24228870123625">
        <time>2005-05-19T09:48:38-07:00</time>
      </trkpt>
      <trkpt lat="34.340430898591876" lon="-117.24237562157214">
        <time>2005-05-19T09:48:44-07:00</time>
      </trkpt>
      <trkpt lat="34.34041631408036" lon="-117.24244569428265">
        <time>2005-05-19T09:48:46-07:00</time>
      </trkpt>
      <trkpt lat="34.34040625579655" lon="-117.24248676560819">
        <time>2005-05-19T09:48:53-07:00</time>
      </trkpt>
      <trkpt lat="34.34037457220256" lon="-117.24255692213774">
        <time>2005-05-19T09:49:00-07:00</time>
      </trkpt>
      <trkpt lat="34.3403622508049" lon="-117.24257779307663">
        <time>2005-05-19T09:49:04-07:00</time>
      </trkpt>
      <trkpt lat="34.34033811092377" lon="-117.242631604895">
        <time>2005-05-19T09:49:06-07:00</time>
      </trkpt>
      <trkpt lat="34.3403260409832" lon="-117.2426746878773">
        <time>2005-05-19T09:49:12-07:00</time>
      </trkpt>
      <trkpt lat="34.340311121195555" lon="-117.24270410835743">
        <time>2005-05-19T09:49:17-07:00</time>
      </trkpt>
      <trkpt lat="34.34026317670941" lon="-117.24277937784791">
        <time>2005-05-19T09:49:20-07:00</time>
      </trkpt>
      <trkpt lat="34.340252028778195" lon="-117.24279371090233">
        <time>2005-05-19T09:49:26-07:00</time>
      </trkpt>
      <trkpt lat="34.34024398215115" lon="-117.24279563874006">
        <time>2005-05-19T09:49:28-07:00</time>
      </trkpt>
      <trkpt lat="34.34021648950875" lon="-117.24281852133572">
        <time>2005-05-19T09:49:33-07:00</time>
      </trkpt>
      <trkpt lat="34.340158235281706" lon="-117.24287250079215">
        <time>2005-05-19T09:49:36-07:00</time>
      </trkpt>
      <trkpt lat="34.34011925943196" lon="-117.242930252105">
        <time>2005-05-19T09:49:39-07:00</time>
      </trkpt>
      <trkpt lat="34.340108782052994" lon="-117.24295556545258">
        <time>2005-05-19T09:49:45-07:00</time>
      </trkpt>
      <trkpt lat="34.34011255390942" lon="-117.24299864843488">
        <time>2005-05-19T09:49:47-07:00</time>
      </trkpt>
      <trkpt lat="34.340069303289056" lon="-117.24306369200349">
        <time>2005-05-19T09:49:48-07:00</time>
      </trkpt>
      <trkpt lat="34.34001482091844" lon="-117.24312311969697">
        <time>2005-05-19T09:49:51-07:00</time>
      </trkpt>
      <trkpt lat="34.340000404044986" lon="-117.24313485436141">
        <time>2005-05-19T09:49:58-07:00</time>
      </trkpt>
      <trkpt lat="34.339974001049995" lon="-117.2431739140302">
        <time>2005-05-19T09:50:05-07:00</time>
      </trkpt>
      <trkpt lat="34.3399428203702" lon="-117.24322143942118">
        <time>2005-05-19T09:50:08-07:00</time>
      </trkpt>
      <trkpt lat="34.33993519283831" lon="-117.24323325790465">
        <time>2005-05-19T09:50:11-07:00</time>
      </trkpt>
      <trkpt lat="34.33989638462663" lon="-117.24327097646892">
        <time>2005-05-19T09:50:17-07:00</time>
      </trkpt>
      <trkpt lat="34.33985003270209" lon="-117.24331640638411">
        <time>2005-05-19T09:50:24-07:00</time>
      </trkpt>
      <trkpt lat="34.339794209226966" lon="-117.24335270002484">
        <time>2005-05-19T09:50:26-07:00</time>
      </trkpt>
      <trkpt lat="34.339781468734145" lon="-117.24336879327893">
        <time>2005-05-19T09:50:30-07:00</time>
      </trkpt>
      <trkpt lat="34.339719861745834" lon="-117.24341489374638">
        <time>2005-05-19T09:50:35-07:00</time>
      </trkpt>
      <trkpt lat="34.33967703022063" lon="-117.24344230256975">
        <time>2005-05-19T09:50:36-07:00</time>
      </trkpt>
      <trkpt lat="34.33965255506337" lon="-117.2434620000422">
        <time>2005-05-19T09:50:41-07:00</time>
      </trkpt>
      <trkpt lat="34.33958474546671" lon="-117.2435085196048">
        <time>2005-05-19T09:50:47-07:00</time>
      </trkpt>
      <trkpt lat="34.33956613764167" lon="-117.24352084100246">
        <time>2005-05-19T09:50:53-07:00</time>
      </trkpt>
      <trkpt lat="34.33954652398825" lon="-117.24354405887425">
        <time>2005-05-19T09:50:55-07:00</time>
      </trkpt>
      <trkpt lat="34.3395109847188" lon="-117.24356409162283">
        <time>2005-05-19T09:51:01-07:00</time>
      </trkpt>
      <trkpt lat="34.33948298916221" lon="-117.24358881823719">
        <time>2005-05-19T09:51:05-07:00</time>
      </trkpt>
      <trkpt lat="34.33945910073817" lon="-117.24361170083284">
        <time>2005-05-19T09:51:08-07:00</time>
      </trkpt>
      <trkpt lat="34.33943470939994" lon="-117.24361781962216">
        <time>2005-05-19T09:51:14-07:00</time>
      </trkpt>
      <trkpt lat="34.339389111846685" lon="-117.24366014823318">
        <time>2005-05-19T09:51:16-07:00</time>
      </trkpt>
      <trkpt lat="34.339368073269725" lon="-117.24367221817374">
        <time>2005-05-19T09:51:19-07:00</time>
      </trkpt>
      <trkpt lat="34.33932691812515" lon="-117.24370658397675">
        <time>2005-05-19T09:51:23-07:00</time>
      </trkpt>
      <trkpt lat="34.33927503414452" lon="-117.2437344957143">
        <time>2005-05-19T09:51:26-07:00</time>
      </trkpt>
      <trkpt lat="34.339231280609965" lon="-117.24377900362015">
        <time>2005-05-19T09:51:28-07:00</time>
      </trkpt>
      <trkpt lat="34.33920814655721" lon="-117.24379006773233">
        <time>2005-05-19T09:51:31-07:00</time>
      </trkpt>
      <trkpt lat="34.33915609493852" lon="-117.24382971413434">
        <time>2005-05-19T09:51:36-07:00</time>
      </trkpt>
      <trkpt lat="34.33908845297992" lon="-117.24387992173433">
        <time>2005-05-19T09:51:38-07:00</time>
      </trkpt>
      <trkpt lat="34.33904335834086" lon="-117.24391403608024">
        <time>2005-05-19T09:51:42-07:00</time>
      </trkpt>
      <trkpt lat="34.33902340941131" lon="-117.24392602220178">
        <time>2005-05-19T09:51:47-07:00</time>
      </trkpt>
      <trkpt lat="34.3389567732811" lon="-117.24396960809827">
        <time>2005-05-19T09:51:51-07:00</time>
      </trkpt>
      <trkpt lat="34.33889525011182" lon="-117.24400925450027">
        <time>2005-05-19T09:51:53-07:00</time>
      </trkpt>
      <trkpt lat="34.33888737112284" lon="-117.24401730112731">
        <time>2005-05-19T09:51:59-07:00</time>
      </trkpt>
      <trkpt lat="34.33883330784738" lon="-117.24407069385052">
        <time>2005-05-19T09:52:06-07:00</time>
      </trkpt>
      <trkpt lat="34.3387580383569" lon="-117.24411671049893">
        <time>2005-05-19T09:52:10-07:00</time>
      </trkpt>
      <trkpt lat="34.3386769015342" lon="-117.24417052231729">
        <time>2005-05-19T09:52:12-07:00</time>
      </trkpt>
      <trkpt lat="34.33859978802502" lon="-117.24423849955201">
        <time>2005-05-19T09:52:19-07:00</time>
      </trkpt>
      <trkpt lat="34.338557375594974" lon="-117.24426733329892">
        <time>2005-05-19T09:52:26-07:00</time>
      </trkpt>
      <trkpt lat="34.33850976638496" lon="-117.24429968744516">
        <time>2005-05-19T09:52:27-07:00</time>
      </trkpt>
      <trkpt lat="34.33846693485975" lon="-117.24434117786586">
        <time>2005-05-19T09:52:34-07:00</time>
      </trkpt>
      <trkpt lat="34.33840490877628" lon="-117.2443859372288">
        <time>2005-05-19T09:52:41-07:00</time>
      </trkpt>
      <trkpt lat="34.338348666206" lon="-117.24443103186786">
        <time>2005-05-19T09:52:49-07:00</time>
      </trkpt>
      <trkpt lat="34.33829074725509" lon="-117.24448358640075">
        <time>2005-05-19T09:52:56-07:00</time>
      </trkpt>
      <trkpt lat="34.33822939172387" lon="-117.24452298134565">
        <time>2005-05-19T09:53:00-07:00</time>
      </trkpt>
      <trkpt lat="34.338172394782305" lon="-117.24457402713597">
        <time>2005-05-19T09:53:04-07:00</time>
      </trkpt>
      <trkpt lat="34.3380864802748" lon="-117.24464057944715">
        <time>2005-05-19T09:53:09-07:00</time>
      </trkpt>
      <trkpt lat="34.33801867067814" lon="-117.24469983950257">
        <time>2005-05-19T09:53:14-07:00</time>
      </trkpt>
      <trkpt lat="34.33796075172722" lon="-117.24475591443479">
        <time>2005-05-19T09:53:20-07:00</time>
      </trkpt>
      <trkpt lat="34.33794683776796" lon="-117.24477510899305">
        <time>2005-05-19T09:53:25-07:00</time>
      </trkpt>
      <trkpt lat="34.337927643209696" lon="-117.24479648284614">
        <time>2005-05-19T09:53:31-07:00</time>
      </trkpt>
      <trkpt lat="34.33786134235561" lon="-117.24485071375966">
        <time>2005-05-19T09:53:37-07:00</time>
      </trkpt>
      <trkpt lat="34.337813230231404" lon="-117.24489614367485">
        <time>2005-05-19T09:53:45-07:00</time>
      </trkpt>
      <trkpt lat="34.33774307370186" lon="-117.24495925940573">
        <time>2005-05-19T09:53:51-07:00</time>
      </trkpt>
      <trkpt lat="34.337684735655785" lon="-117.24501583725214">
        <time>2005-05-19T09:53:57-07:00</time>
      </trkpt>
      <trkpt lat="34.337637796998024" lon="-117.24505883641541">
        <time>2005-05-19T09:53:59-07:00</time>
      </trkpt>
      <trkpt lat="34.33758918195963" lon="-117.24510409869254">
        <time>2005-05-19T09:54:01-07:00</time>
      </trkpt>
      <trkpt lat="34.33753402903676" lon="-117.24510636180639">
        <time>2005-05-19T09:54:07-07:00</time>
      </trkpt>
      <trkpt lat="34.337462363764644" lon="-117.24512530490756">
        <time>2005-05-19T09:54:13-07:00</time>
      </trkpt>
      <trkpt lat="34.3374146707356" lon="-117.24517157301307">
        <time>2005-05-19T09:54:19-07:00</time>
      </trkpt>
      <trkpt lat="34.33734208345413" lon="-117.24522043950856">
        <time>2005-05-19T09:54:25-07:00</time>
      </trkpt>
      <trkpt lat="34.3372661434114" lon="-117.24524105899036">
        <time>2005-05-19T09:54:30-07:00</time>
      </trkpt>
      <trkpt lat="34.337201518937945" lon="-117.2452805377543">
        <time>2005-05-19T09:54:35-07:00</time>
      </trkpt>
      <trkpt lat="34.33714913204312" lon="-117.24532026797533">
        <time>2005-05-19T09:54:40-07:00</time>
      </trkpt>
      <trkpt lat="34.33713806793094" lon="-117.24532630294561">
        <time>2005-05-19T09:54:46-07:00</time>
      </trkpt>
      <trkpt lat="34.337090542539954" lon="-117.24535144865513">
        <time>2005-05-19T09:54:52-07:00</time>
      </trkpt>
      <trkpt lat="34.33706145733595" lon="-117.24537005648017">
        <time>2005-05-19T09:54:59-07:00</time>
      </trkpt>
      <trkpt lat="34.33703698217869" lon="-117.24537952803075">
        <time>2005-05-19T09:55:05-07:00</time>
      </trkpt>
      <trkpt lat="34.33698149397969" lon="-117.24541682749987">
        <time>2005-05-19T09:55:12-07:00</time>
      </trkpt>
      <trkpt lat="34.33697202242911" lon="-117.24542244337499">
        <time>2005-05-19T09:55:18-07:00</time>
      </trkpt>
      <trkpt lat="34.33692458085716" lon="-117.24546359851956">
        <time>2005-05-19T09:55:19-07:00</time>
      </trkpt>
      <trkpt lat="34.336880994960666" lon="-117.24552780389786">
        <time>2005-05-19T09:55:23-07:00</time>
      </trkpt>
      <trkpt lat="34.33685987256467" lon="-117.24555613473058">
        <time>2005-05-19T09:55:26-07:00</time>
      </trkpt>
      <trkpt lat="34.33684637770057" lon="-117.24557004868984">
        <time>2005-05-19T09:55:28-07:00</time>
      </trkpt>
      <trkpt lat="34.33681905269623" lon="-117.24562293849885">
        <time>2005-05-19T09:55:34-07:00</time>
      </trkpt>
      <trkpt lat="34.33678770437837" lon="-117.24569058045745">
        <time>2005-05-19T09:55:35-07:00</time>
      </trkpt>
      <trkpt lat="34.336729533970356" lon="-117.24576333537698">
        <time>2005-05-19T09:55:40-07:00</time>
      </trkpt>
      <trkpt lat="34.336709417402744" lon="-117.24579099565744">
        <time>2005-05-19T09:55:45-07:00</time>
      </trkpt>
      <trkpt lat="34.3366873729974" lon="-117.24582896567881">
        <time>2005-05-19T09:55:48-07:00</time>
      </trkpt>
      <trkpt lat="34.33665267191827" lon="-117.24589174613357">
        <time>2005-05-19T09:55:50-07:00</time>
      </trkpt>
      <trkpt lat="34.33660020120442" lon="-117.24590574391186">
        <time>2005-05-19T09:55:54-07:00</time>
      </trkpt>
      <trkpt lat="34.33656550012529" lon="-117.24593223072588">
        <time>2005-05-19T09:56:00-07:00</time>
      </trkpt>
      <trkpt lat="34.3365129455924" lon="-117.24594647996128">
        <time>2005-05-19T09:56:07-07:00</time>
      </trkpt>
      <trkpt lat="34.33646944351494" lon="-117.24597036838531">
        <time>2005-05-19T09:56:10-07:00</time>
      </trkpt>
      <trkpt lat="34.3364648334682" lon="-117.2459727153182">
        <time>2005-05-19T09:56:13-07:00</time>
      </trkpt>
      <trkpt lat="34.336415799334645" lon="-117.24599760957062">
        <time>2005-05-19T09:56:19-07:00</time>
      </trkpt>
      <trkpt lat="34.336365927010775" lon="-117.24603096954525">
        <time>2005-05-19T09:56:24-07:00</time>
      </trkpt>
      <trkpt lat="34.33635653927922" lon="-117.24603960290551">
        <time>2005-05-19T09:56:28-07:00</time>
      </trkpt>
      <trkpt lat="34.33631337247789" lon="-117.24608209915459">
        <time>2005-05-19T09:56:33-07:00</time>
      </trkpt>
      <trkpt lat="34.33625193312764" lon="-117.24615074694157">
        <time>2005-05-19T09:56:38-07:00</time>
      </trkpt>
      <trkpt lat="34.336179848760366" lon="-117.24620891734958">
        <time>2005-05-19T09:56:39-07:00</time>
      </trkpt>
      <trkpt lat="34.33612226508558" lon="-117.24625644274056">
        <time>2005-05-19T09:56:43-07:00</time>
      </trkpt>
      <trkpt lat="34.336097622290254" lon="-117.24627421237528">
        <time>2005-05-19T09:56:48-07:00</time>
      </trkpt>
      <trkpt lat="34.336021514609456" lon="-117.24631000310183">
        <time>2005-05-19T09:56:49-07:00</time>
      </trkpt>
      <trkpt lat="34.335937863215804" lon="-117.24635920487344">
        <time>2005-05-19T09:56:54-07:00</time>
      </trkpt>
      <trkpt lat="34.33587768115103" lon="-117.24639373831451">
        <time>2005-05-19T09:57:00-07:00</time>
      </trkpt>
      <trkpt lat="34.33578967116773" lon="-117.24642500281334">
        <time>2005-05-19T09:57:08-07:00</time>
      </trkpt>
      <trkpt lat="34.33572462759912" lon="-117.2464389167726">
        <time>2005-05-19T09:57:14-07:00</time>
      </trkpt>
      <trkpt lat="34.335700990632176" lon="-117.24644637666643">
        <time>2005-05-19T09:57:16-07:00</time>
      </trkpt>
      <trkpt lat="34.33564692735672" lon="-117.24646884016693">
        <time>2005-05-19T09:57:22-07:00</time>
      </trkpt>
      <trkpt lat="34.33556143194437" lon="-117.24651812575758">
        <time>2005-05-19T09:57:29-07:00</time>
      </trkpt>
      <trkpt lat="34.33550946414471" lon="-117.2465586103499">
        <time>2005-05-19T09:57:35-07:00</time>
      </trkpt>
      <trkpt lat="34.335459508001804" lon="-117.24657562561333">
        <time>2005-05-19T09:57:42-07:00</time>
      </trkpt>
      <trkpt lat="34.33541910722852" lon="-117.24658417515457">
        <time>2005-05-19T09:57:47-07:00</time>
      </trkpt>
      <trkpt lat="34.33535607531667" lon="-117.24657420068979">
        <time>2005-05-19T09:57:49-07:00</time>
      </trkpt>
      <trkpt lat="34.33527074754238" lon="-117.24659004248679">
        <time>2005-05-19T09:57:54-07:00</time>
      </trkpt>
      <trkpt lat="34.33520679362118" lon="-117.24662055261433">
        <time>2005-05-19T09:58:01-07:00</time>
      </trkpt>
      <trkpt lat="34.335133619606495" lon="-117.24663555622101">
        <time>2005-05-19T09:58:06-07:00</time>
      </trkpt>
      <trkpt lat="34.33507033623755" lon="-117.24664888344705">
        <time>2005-05-19T09:58:10-07:00</time>
      </trkpt>
      <trkpt lat="34.3350022751838" lon="-117.24666296504438">
        <time>2005-05-19T09:58:13-07:00</time>
      </trkpt>
      <trkpt lat="34.33493555523455" lon="-117.24668006412685">
        <time>2005-05-19T09:58:18-07:00</time>
      </trkpt>
      <trkpt lat="34.33485793881118" lon="-117.24671015515924">
        <time>2005-05-19T09:58:24-07:00</time>
      </trkpt>
      <trkpt lat="34.33479582890868" lon="-117.24673027172685">
        <time>2005-05-19T09:58:29-07:00</time>
      </trkpt>
      <trkpt lat="34.33473011478782" lon="-117.2467549983412">
        <time>2005-05-19T09:58:35-07:00</time>
      </trkpt>
      <trkpt lat="34.334711004048586" lon="-117.24675600416958">
        <time>2005-05-19T09:58:41-07:00</time>
      </trkpt>
      <trkpt lat="34.33467504568398" lon="-117.2467882744968">
        <time>2005-05-19T09:58:47-07:00</time>
      </trkpt>
      <trkpt lat="34.334664484485984" lon="-117.24680101498961">
        <time>2005-05-19T09:58:53-07:00</time>
      </trkpt>
      <trkpt lat="34.334623916074634" lon="-117.24682892672718">
        <time>2005-05-19T09:58:59-07:00</time>
      </trkpt>
      <trkpt lat="34.33459642343223" lon="-117.24684024229646">
        <time>2005-05-19T09:59:05-07:00</time>
      </trkpt>
      <trkpt lat="34.334523333236575" lon="-117.24687041714787">
        <time>2005-05-19T09:59:11-07:00</time>
      </trkpt>
      <trkpt lat="34.33451444841921" lon="-117.24687326699495">
        <time>2005-05-19T09:59:13-07:00</time>
      </trkpt>
      <trkpt lat="34.33445854112506" lon="-117.24689455702901">
        <time>2005-05-19T09:59:16-07:00</time>
      </trkpt>
      <trkpt lat="34.33443373069167" lon="-117.24690159782767">
        <time>2005-05-19T09:59:17-07:00</time>
      </trkpt>
      <trkpt lat="34.33436759747565" lon="-117.24694300442934">
        <time>2005-05-19T09:59:21-07:00</time>
      </trkpt>
      <trkpt lat="34.334291238337755" lon="-117.24694996140897">
        <time>2005-05-19T09:59:24-07:00</time>
      </trkpt>
      <trkpt lat="34.33425427414477" lon="-117.24693981930614">
        <time>2005-05-19T09:59:30-07:00</time>
      </trkpt>
      <trkpt lat="34.33423474431038" lon="-117.24692984484136">
        <time>2005-05-19T09:59:31-07:00</time>
      </trkpt>
      <trkpt lat="34.33414933271706" lon="-117.24693504162133">
        <time>2005-05-19T09:59:36-07:00</time>
      </trkpt>
      <trkpt lat="34.33411102741957" lon="-117.24693403579295">
        <time>2005-05-19T09:59:38-07:00</time>
      </trkpt>
      <trkpt lat="34.334074314683676" lon="-117.24692733027041">
        <time>2005-05-19T09:59:44-07:00</time>
      </trkpt>
      <trkpt lat="34.33399971574545" lon="-117.24691559560597">
        <time>2005-05-19T09:59:50-07:00</time>
      </trkpt>
      <trkpt lat="34.3339522741735" lon="-117.2468934673816">
        <time>2005-05-19T09:59:54-07:00</time>
      </trkpt>
      <trkpt lat="34.33393618091941" lon="-117.24688927643001">
        <time>2005-05-19T09:59:56-07:00</time>
      </trkpt>
      <trkpt lat="34.333852948620915" lon="-117.24685574881732">
        <time>2005-05-19T10:00:03-07:00</time>
      </trkpt>
      <trkpt lat="34.33384096249938" lon="-117.2468535695225">
        <time>2005-05-19T10:00:06-07:00</time>
      </trkpt>
      <trkpt lat="34.33375647291541" lon="-117.24683948792517">
        <time>2005-05-19T10:00:09-07:00</time>
      </trkpt>
      <trkpt lat="34.33367181569338" lon="-117.24684946238995">
        <time>2005-05-19T10:00:15-07:00</time>
      </trkpt>
      <trkpt lat="34.33357626199722" lon="-117.24684652872384">
        <time>2005-05-19T10:00:20-07:00</time>
      </trkpt>
      <trkpt lat="34.33348624035716" lon="-117.24683814682066">
        <time>2005-05-19T10:00:21-07:00</time>
      </trkpt>
      <trkpt lat="34.33339236304164" lon="-117.2468255739659">
        <time>2005-05-19T10:00:28-07:00</time>
      </trkpt>
      <trkpt lat="34.333376521244645" lon="-117.24682037718594">
        <time>2005-05-19T10:00:29-07:00</time>
      </trkpt>
      <trkpt lat="34.3333253916353" lon="-117.24681702442467">
        <time>2005-05-19T10:00:36-07:00</time>
      </trkpt>
      <trkpt lat="34.33331122621894" lon="-117.24681593477726">
        <time>2005-05-19T10:00:43-07:00</time>
      </trkpt>
      <trkpt lat="34.333295468240976" lon="-117.24680939689279">
        <time>2005-05-19T10:00:50-07:00</time>
      </trkpt>
      <trkpt lat="34.333285577595234" lon="-117.24680922925472">
        <time>2005-05-19T10:00:58-07:00</time>
      </trkpt>
      <trkpt lat="34.33326336555183" lon="-117.24680612795055">
        <time>2005-05-19T10:01:05-07:00</time>
      </trkpt>
      <trkpt lat="34.33324467390776" lon="-117.246815264225">
        <time>2005-05-19T10:01:06-07:00</time>
      </trkpt>
      <trkpt lat="34.33322782628238" lon="-117.2468192037195">
        <time>2005-05-19T10:01:10-07:00</time>
      </trkpt>
      <trkpt lat="34.333202512934804" lon="-117.24681769497693">
        <time>2005-05-19T10:01:11-07:00</time>
      </trkpt>
      <trkpt lat="34.33318625204265" lon="-117.24681174382567">
        <time>2005-05-19T10:01:13-07:00</time>
      </trkpt>
      <trkpt lat="34.33317334391177" lon="-117.24681115709245">
        <time>2005-05-19T10:01:14-07:00</time>
      </trkpt>
      <trkpt lat="34.333162447437644" lon="-117.24680881015956">
        <time>2005-05-19T10:01:16-07:00</time>
      </trkpt>
      <trkpt lat="34.3331335298717" lon="-117.24680235609412">
        <time>2005-05-19T10:01:19-07:00</time>
      </trkpt>
      <trkpt lat="34.33309639804065" lon="-117.24677117541432">
        <time>2005-05-19T10:01:21-07:00</time>
      </trkpt>
      <trkpt lat="34.33307711966336" lon="-117.24676044657826">
        <time>2005-05-19T10:01:24-07:00</time>
      </trkpt>
      <trkpt lat="34.333043759688735" lon="-117.24675131030381">
        <time>2005-05-19T10:01:26-07:00</time>
      </trkpt>
      <trkpt lat="34.333033449947834" lon="-117.2467499691993">
        <time>2005-05-19T10:01:27-07:00</time>
      </trkpt>
      <trkpt lat="34.333010567352176" lon="-117.246746532619">
        <time>2005-05-19T10:01:28-07:00</time>
      </trkpt>
      <trkpt lat="34.33299858123064" lon="-117.24673949182034">
        <time>2005-05-19T10:01:31-07:00</time>
      </trkpt>
      <trkpt lat="34.33298592455685" lon="-117.24673722870648">
        <time>2005-05-19T10:01:35-07:00</time>
      </trkpt>
      <trkpt lat="34.33298232033849" lon="-117.24674116820097">
        <time>2005-05-19T10:01:37-07:00</time>
      </trkpt>
      <trkpt lat="34.33293932117522" lon="-117.24673898890615">
        <time>2005-05-19T10:01:41-07:00</time>
      </trkpt>
      <trkpt lat="34.33290780521929" lon="-117.2467378154397">
        <time>2005-05-19T10:01:42-07:00</time>
      </trkpt>
      <trkpt lat="34.33287679217756" lon="-117.2467311937362">
        <time>2005-05-19T10:01:44-07:00</time>
      </trkpt>
      <trkpt lat="34.33285298757255" lon="-117.24672549404204">
        <time>2005-05-19T10:01:46-07:00</time>
      </trkpt>
      <trkpt lat="34.33280345052481" lon="-117.2467171959579">
        <time>2005-05-19T10:01:47-07:00</time>
      </trkpt>
      <trkpt lat="34.33272055350244" lon="-117.24670168943703">
        <time>2005-05-19T10:01:48-07:00</time>
      </trkpt>
      <trkpt lat="34.332626508548856" lon="-117.24669867195189">
        <time>2005-05-19T10:01:53-07:00</time>
      </trkpt>
      <trkpt lat="34.3325774744153" lon="-117.24670294672251">
        <time>2005-05-19T10:01:56-07:00</time>
      </trkpt>
      <trkpt lat="34.33248351328075" lon="-117.24668224342167">
        <time>2005-05-19T10:01:58-07:00</time>
      </trkpt>
      <trkpt lat="34.33244093321264" lon="-117.24667562171817">
        <time>2005-05-19T10:02:00-07:00</time>
      </trkpt>
      <trkpt lat="34.33241872116923" lon="-117.2466772980988">
        <time>2005-05-19T10:02:05-07:00</time>
      </trkpt>
      <trkpt lat="34.332378236576915" lon="-117.24668148905039">
        <time>2005-05-19T10:02:12-07:00</time>
      </trkpt>
      <trkpt lat="34.33236767537892" lon="-117.24669070914388">
        <time>2005-05-19T10:02:19-07:00</time>
      </trkpt>
      <trkpt lat="34.332354348152876" lon="-117.24667109549046">
        <time>2005-05-19T10:02:23-07:00</time>
      </trkpt>
      <trkpt lat="34.332336662337184" lon="-117.24666086956859">
        <time>2005-05-19T10:02:30-07:00</time>
      </trkpt>
      <trkpt lat="34.33234085328877" lon="-117.24665684625506">
        <time>2005-05-19T10:02:34-07:00</time>
      </trkpt>
      <trkpt lat="34.33232610113919" lon="-117.24663471803069">
        <time>2005-05-19T10:02:36-07:00</time>
      </trkpt>
      <trkpt lat="34.33228871785104" lon="-117.24660420790315">
        <time>2005-05-19T10:02:41-07:00</time>
      </trkpt>
      <trkpt lat="34.33226868510246" lon="-117.24659473635256">
        <time>2005-05-19T10:02:47-07:00</time>
      </trkpt>
      <trkpt lat="34.33223809115589" lon="-117.24658258259296">
        <time>2005-05-19T10:02:53-07:00</time>
      </trkpt>
      <trkpt lat="34.332233648747206" lon="-117.24658275023103">
        <time>2005-05-19T10:03:00-07:00</time>
      </trkpt>
      <trkpt lat="34.33218302205205" lon="-117.24657671526074">
        <time>2005-05-19T10:03:03-07:00</time>
      </trkpt>
      <trkpt lat="34.33216357603669" lon="-117.24657453596592">
        <time>2005-05-19T10:03:06-07:00</time>
      </trkpt>
      <trkpt lat="34.33211915194988" lon="-117.24655726924539">
        <time>2005-05-19T10:03:11-07:00</time>
      </trkpt>
      <trkpt lat="34.33210666291416" lon="-117.24654972553253">
        <time>2005-05-19T10:03:13-07:00</time>
      </trkpt>
      <trkpt lat="34.3320491630584" lon="-117.24652424454689">
        <time>2005-05-19T10:03:18-07:00</time>
      </trkpt>
      <trkpt lat="34.332020580768585" lon="-117.24651359952986">
        <time>2005-05-19T10:03:19-07:00</time>
      </trkpt>
      <trkpt lat="34.331999123096466" lon="-117.24649541079998">
        <time>2005-05-19T10:03:25-07:00</time>
      </trkpt>
      <trkpt lat="34.33196551166475" lon="-117.24649884738028">
        <time>2005-05-19T10:03:27-07:00</time>
      </trkpt>
      <trkpt lat="34.33193575590849" lon="-117.24651946686208">
        <time>2005-05-19T10:03:31-07:00</time>
      </trkpt>
      <trkpt lat="34.33187616057694" lon="-117.24652784876525">
        <time>2005-05-19T10:03:32-07:00</time>
      </trkpt>
      <trkpt lat="34.33182142674923" lon="-117.24653388373554">
        <time>2005-05-19T10:03:37-07:00</time>
      </trkpt>
      <trkpt lat="34.331801729276776" lon="-117.24653698503971">
        <time>2005-05-19T10:03:40-07:00</time>
      </trkpt>
      <trkpt lat="34.331751270219684" lon="-117.24654763005674">
        <time>2005-05-19T10:03:43-07:00</time>
      </trkpt>
      <trkpt lat="34.33174129575491" lon="-117.24654997698963">
        <time>2005-05-19T10:03:46-07:00</time>
      </trkpt>
      <trkpt lat="34.33169603347778" lon="-117.24655743688345">
        <time>2005-05-19T10:03:49-07:00</time>
      </trkpt>
      <trkpt lat="34.33165647089481" lon="-117.24653623066843">
        <time>2005-05-19T10:03:54-07:00</time>
      </trkpt>
      <trkpt lat="34.3316466640681" lon="-117.2465327102691">
        <time>2005-05-19T10:03:59-07:00</time>
      </trkpt>
      <trkpt lat="34.33160936459899" lon="-117.2465308662504">
        <time>2005-05-19T10:04:01-07:00</time>
      </trkpt>
      <trkpt lat="34.33158933185041" lon="-117.246532458812">
        <time>2005-05-19T10:04:05-07:00</time>
      </trkpt>
      <trkpt lat="34.331544656306505" lon="-117.24653044715524">
        <time>2005-05-19T10:04:06-07:00</time>
      </trkpt>
      <trkpt lat="34.33149889111519" lon="-117.24652022123337">
        <time>2005-05-19T10:04:11-07:00</time>
      </trkpt>
      <trkpt lat="34.33149050921202" lon="-117.24651653319597">
        <time>2005-05-19T10:04:15-07:00</time>
      </trkpt>
      <trkpt lat="34.33143166825175" lon="-117.24650639109313">
        <time>2005-05-19T10:04:16-07:00</time>
      </trkpt>
      <trkpt lat="34.33141247369349" lon="-117.24649658426642">
        <time>2005-05-19T10:04:21-07:00</time>
      </trkpt>
      <trkpt lat="34.33136997744441" lon="-117.24646942690015">
        <time>2005-05-19T10:04:23-07:00</time>
      </trkpt>
      <trkpt lat="34.331331169232726" lon="-117.24646523594856">
        <time>2005-05-19T10:04:28-07:00</time>
      </trkpt>
      <trkpt lat="34.331305185332894" lon="-117.2464648168534">
        <time>2005-05-19T10:04:34-07:00</time>
      </trkpt>
      <trkpt lat="34.33124433271587" lon="-117.24649457260966">
        <time>2005-05-19T10:04:35-07:00</time>
      </trkpt>
      <trkpt lat="34.331203596666455" lon="-117.24649189040065">
        <time>2005-05-19T10:04:40-07:00</time>
      </trkpt>
      <trkpt lat="34.33117979206145" lon="-117.24648996256292">
        <time>2005-05-19T10:04:42-07:00</time>
      </trkpt>
      <trkpt lat="34.33114022947848" lon="-117.24648920819163">
        <time>2005-05-19T10:04:46-07:00</time>
      </trkpt>
      <trkpt lat="34.33112857863307" lon="-117.24648811854422">
        <time>2005-05-19T10:04:50-07:00</time>
      </trkpt>
      <trkpt lat="34.33108264580369" lon="-117.2465152759105">
        <time>2005-05-19T10:04:52-07:00</time>
      </trkpt>
      <trkpt lat="34.33107233606279" lon="-117.24651795811951">
        <time>2005-05-19T10:04:58-07:00</time>
      </trkpt>
      <trkpt lat="34.331043334677815" lon="-117.24650739692152">
        <time>2005-05-19T10:05:02-07:00</time>
      </trkpt>
      <trkpt lat="34.33103528805077" lon="-117.24650421179831">
        <time>2005-05-19T10:05:05-07:00</time>
      </trkpt>
      <trkpt lat="34.33100008405745" lon="-117.24647068418562">
        <time>2005-05-19T10:05:09-07:00</time>
      </trkpt>
      <trkpt lat="34.33099564164877" lon="-117.24646171554923">
        <time>2005-05-19T10:05:10-07:00</time>
      </trkpt>
      <trkpt lat="34.33098256587982" lon="-117.24641905166209">
        <time>2005-05-19T10:05:15-07:00</time>
      </trkpt>
      <trkpt lat="34.33094568550587" lon="-117.24635794758797">
        <time>2005-05-19T10:05:16-07:00</time>
      </trkpt>
      <trkpt lat="34.33093713596463" lon="-117.24634914658964">
        <time>2005-05-19T10:05:20-07:00</time>
      </trkpt>
      <trkpt lat="34.330908469855785" lon="-117.24632274359465">
        <time>2005-05-19T10:05:21-07:00</time>
      </trkpt>
      <trkpt lat="34.330901093780994" lon="-117.24631687626243">
        <time>2005-05-19T10:05:26-07:00</time>
      </trkpt>
      <trkpt lat="34.33087460696697" lon="-117.24627605639398">
        <time>2005-05-19T10:05:27-07:00</time>
      </trkpt>
      <trkpt lat="34.33084066025913" lon="-117.24620698951185">
        <time>2005-05-19T10:05:32-07:00</time>
      </trkpt>
      <trkpt lat="34.33081065304577" lon="-117.24616005085409">
        <time>2005-05-19T10:05:38-07:00</time>
      </trkpt>
      <trkpt lat="34.330808725208044" lon="-117.24615518935025">
        <time>2005-05-19T10:05:39-07:00</time>
      </trkpt>
      <trkpt lat="34.33078123256564" lon="-117.24610146135092">
        <time>2005-05-19T10:05:43-07:00</time>
      </trkpt>
      <trkpt lat="34.33077201247215" lon="-117.24609173834324">
        <time>2005-05-19T10:05:44-07:00</time>
      </trkpt>
      <trkpt lat="34.33073186315596" lon="-117.24603314884007">
        <time>2005-05-19T10:05:49-07:00</time>
      </trkpt>
      <trkpt lat="34.33070152066648" lon="-117.24600951187313">
        <time>2005-05-19T10:05:55-07:00</time>
      </trkpt>
      <trkpt lat="34.33068240992725" lon="-117.24599920213223">
        <time>2005-05-19T10:06:00-07:00</time>
      </trkpt>
      <trkpt lat="34.33064091950655" lon="-117.24595670588315">
        <time>2005-05-19T10:06:01-07:00</time>
      </trkpt>
      <trkpt lat="34.33059699833393" lon="-117.2459142934531">
        <time>2005-05-19T10:06:06-07:00</time>
      </trkpt>
      <trkpt lat="34.330545952543616" lon="-117.24586718715727">
        <time>2005-05-19T10:06:07-07:00</time>
      </trkpt>
      <trkpt lat="34.33050253428519" lon="-117.24584103561938">
        <time>2005-05-19T10:06:12-07:00</time>
      </trkpt>
      <trkpt lat="34.33049809187651" lon="-117.24583810195327">
        <time>2005-05-19T10:06:16-07:00</time>
      </trkpt>
      <trkpt lat="34.33045710437" lon="-117.24581588990986">
        <time>2005-05-19T10:06:18-07:00</time>
      </trkpt>
      <trkpt lat="34.33044930920005" lon="-117.24581295624375">
        <time>2005-05-19T10:06:23-07:00</time>
      </trkpt>
      <trkpt lat="34.33040915988386" lon="-117.24579996429384">
        <time>2005-05-19T10:06:29-07:00</time>
      </trkpt>
      <trkpt lat="34.330397844314575" lon="-117.24578646942973">
        <time>2005-05-19T10:06:35-07:00</time>
      </trkpt>
      <trkpt lat="34.3303862772882" lon="-117.24578009918332">
        <time>2005-05-19T10:06:40-07:00</time>
      </trkpt>
      <trkpt lat="34.33037965558469" lon="-117.24578127264977">
        <time>2005-05-19T10:06:41-07:00</time>
      </trkpt>
      <trkpt lat="34.33035425841808" lon="-117.24576853215694">
        <time>2005-05-19T10:06:46-07:00</time>
      </trkpt>
      <trkpt lat="34.33033020235598" lon="-117.24573123268783">
        <time>2005-05-19T10:06:47-07:00</time>
      </trkpt>
      <trkpt lat="34.33031486347318" lon="-117.24571346305311">
        <time>2005-05-19T10:06:52-07:00</time>
      </trkpt>
      <trkpt lat="34.3302998598665" lon="-117.24571463651955">
        <time>2005-05-19T10:06:54-07:00</time>
      </trkpt>
      <trkpt lat="34.33028653264046" lon="-117.24571597762406">
        <time>2005-05-19T10:06:57-07:00</time>
      </trkpt>
      <trkpt lat="34.33024026453495" lon="-117.24569426849484">
        <time>2005-05-19T10:06:58-07:00</time>
      </trkpt>
      <trkpt lat="34.33019869029522" lon="-117.24568638950586">
        <time>2005-05-19T10:07:01-07:00</time>
      </trkpt>
      <trkpt lat="34.33019718155265" lon="-117.24569192156196">
        <time>2005-05-19T10:07:05-07:00</time>
      </trkpt>
      <trkpt lat="34.33018536306918" lon="-117.24572075530887">
        <time>2005-05-19T10:07:07-07:00</time>
      </trkpt>
      <trkpt lat="34.33014831505716" lon="-117.24572025239468">
        <time>2005-05-19T10:07:10-07:00</time>
      </trkpt>
      <trkpt lat="34.33012652210891" lon="-117.24572444334626">
        <time>2005-05-19T10:07:13-07:00</time>
      </trkpt>
      <trkpt lat="34.33012065477669" lon="-117.24574665538967">
        <time>2005-05-19T10:07:19-07:00</time>
      </trkpt>
      <trkpt lat="34.3301045615226" lon="-117.24576509557664">
        <time>2005-05-19T10:07:25-07:00</time>
      </trkpt>
      <trkpt lat="34.330075895413756" lon="-117.24577867425978">
        <time>2005-05-19T10:07:26-07:00</time>
      </trkpt>
      <trkpt lat="34.33002853766084" lon="-117.24579099565744">
        <time>2005-05-19T10:07:30-07:00</time>
      </trkpt>
      <trkpt lat="34.33002283796668" lon="-117.24586031399667">
        <time>2005-05-19T10:07:35-07:00</time>
      </trkpt>
      <trkpt lat="34.33001973666251" lon="-117.24588462151587">
        <time>2005-05-19T10:07:38-07:00</time>
      </trkpt>
      <trkpt lat="34.33001973666251" lon="-117.24588462151587">
        <time>2005-05-19T10:07:41-07:00</time>
      </trkpt>
      <trkpt lat="34.33001973666251" lon="-117.24588462151587">
        <time>2005-05-19T10:07:44-07:00</time>
      </trkpt>
      <trkpt lat="34.330017725005746" lon="-117.24587012082338">
        <time>2005-05-19T10:07:48-07:00</time>
      </trkpt>
      <trkpt lat="34.33002920821309" lon="-117.24589426070452">
        <time>2005-05-19T10:07:54-07:00</time>
      </trkpt>
      <trkpt lat="34.33006642386317" lon="-117.24597129039466">
        <time>2005-05-19T10:07:59-07:00</time>
      </trkpt>
      <trkpt lat="34.33011034503579" lon="-117.24605804309249">
        <time>2005-05-19T10:08:05-07:00</time>
      </trkpt>
      <trkpt lat="34.33011579327285" lon="-117.24606692790985">
        <time>2005-05-19T10:08:06-07:00</time>
      </trkpt>
      <trkpt lat="34.33012534864247" lon="-117.24609710276127">
        <time>2005-05-19T10:08:08-07:00</time>
      </trkpt>
      <trkpt lat="34.33012601919472" lon="-117.24612945690751">
        <time>2005-05-19T10:08:17-07:00</time>
      </trkpt>
      <trkpt lat="34.33013121597469" lon="-117.24613985046744">
        <time>2005-05-19T10:08:26-07:00</time>
      </trkpt>
      <trkpt lat="34.33013465255499" lon="-117.24615317769349">
        <time>2005-05-19T10:08:32-07:00</time>
      </trkpt>
      <trkpt lat="34.33014202862978" lon="-117.24620967172086">
        <time>2005-05-19T10:08:39-07:00</time>
      </trkpt>
      <trkpt lat="34.33014236390591" lon="-117.24621989764273">
        <time>2005-05-19T10:08:40-07:00</time>
      </trkpt>
      <trkpt lat="34.33014932088554" lon="-117.24629047326744">
        <time>2005-05-19T10:08:42-07:00</time>
      </trkpt>
      <trkpt lat="34.33016147464514" lon="-117.24635342136025">
        <time>2005-05-19T10:08:44-07:00</time>
      </trkpt>
      <trkpt lat="34.330171532928944" lon="-117.24639717489481">
        <time>2005-05-19T10:08:45-07:00</time>
      </trkpt>
      <trkpt lat="34.33017949573696" lon="-117.24644838832319">
        <time>2005-05-19T10:08:46-07:00</time>
      </trkpt>
      <trkpt lat="34.33016742579639" lon="-117.2465689200908">
        <time>2005-05-19T10:08:51-07:00</time>
      </trkpt>
      <trkpt lat="34.330162815749645" lon="-117.24658015184104">
        <time>2005-05-19T10:08:52-07:00</time>
      </trkpt>
      <trkpt lat="34.33015082962811" lon="-117.24663840606809">
        <time>2005-05-19T10:08:58-07:00</time>
      </trkpt>
      <trkpt lat="34.330150159075856" lon="-117.24673664197326">
        <time>2005-05-19T10:09:03-07:00</time>
      </trkpt>
      <trkpt lat="34.330152506008744" lon="-117.24676799029112">
        <time>2005-05-19T10:09:06-07:00</time>
      </trkpt>
      <trkpt lat="34.3301375862211" lon="-117.2468411643058">
        <time>2005-05-19T10:09:09-07:00</time>
      </trkpt>
      <trkpt lat="34.33013565838337" lon="-117.24689397029579">
        <time>2005-05-19T10:09:17-07:00</time>
      </trkpt>
      <trkpt lat="34.330137837678194" lon="-117.2469074651599">
        <time>2005-05-19T10:09:18-07:00</time>
      </trkpt>
      <trkpt lat="34.33014119043946" lon="-117.24697007797658">
        <time>2005-05-19T10:09:23-07:00</time>
      </trkpt>
      <trkpt lat="34.33014211244881" lon="-117.24698265083134">
        <time>2005-05-19T10:09:29-07:00</time>
      </trkpt>
      <trkpt lat="34.33013381436467" lon="-117.24704568274319">
        <time>2005-05-19T10:09:31-07:00</time>
      </trkpt>
      <trkpt lat="34.33012878522277" lon="-117.2470626141876">
        <time>2005-05-19T10:09:37-07:00</time>
      </trkpt>
      <trkpt lat="34.330123672261834" lon="-117.24710921756923">
        <time>2005-05-19T10:09:40-07:00</time>
      </trkpt>
      <trkpt lat="34.3301270250231" lon="-117.24713838659227">
        <time>2005-05-19T10:09:41-07:00</time>
      </trkpt>
      <trkpt lat="34.330123756080866" lon="-117.24723092280328">
        <time>2005-05-19T10:09:46-07:00</time>
      </trkpt>
      <trkpt lat="34.33011470362544" lon="-117.24731021560729">
        <time>2005-05-19T10:09:47-07:00</time>
      </trkpt>
      <trkpt lat="34.330105651170015" lon="-117.24739713594317">
        <time>2005-05-19T10:09:52-07:00</time>
      </trkpt>
      <trkpt lat="34.33010347187519" lon="-117.24741197191179">
        <time>2005-05-19T10:09:54-07:00</time>
      </trkpt>
      <trkpt lat="34.33009970001876" lon="-117.24749478511512">
        <time>2005-05-19T10:09:57-07:00</time>
      </trkpt>
      <trkpt lat="34.330101292580366" lon="-117.24758095107973">
        <time>2005-05-19T10:09:59-07:00</time>
      </trkpt>
      <trkpt lat="34.33010447770357" lon="-117.2476083599031">
        <time>2005-05-19T10:10:05-07:00</time>
      </trkpt>
      <trkpt lat="34.33011034503579" lon="-117.24767382256687">
        <time>2005-05-19T10:10:11-07:00</time>
      </trkpt>
      <trkpt lat="34.33011763729155" lon="-117.24774071015418">
        <time>2005-05-19T10:10:17-07:00</time>
      </trkpt>
      <trkpt lat="34.330124761909246" lon="-117.247827462852">
        <time>2005-05-19T10:10:18-07:00</time>
      </trkpt>
      <trkpt lat="34.33014093898237" lon="-117.24789929576218">
        <time>2005-05-19T10:10:24-07:00</time>
      </trkpt>
      <trkpt lat="34.33014068752527" lon="-117.24791052751243">
        <time>2005-05-19T10:10:30-07:00</time>
      </trkpt>
      <trkpt lat="34.33014538139105" lon="-117.24797691218555">
        <time>2005-05-19T10:10:32-07:00</time>
      </trkpt>
      <trkpt lat="34.33015275746584" lon="-117.24804413504899">
        <time>2005-05-19T10:10:36-07:00</time>
      </trkpt>
      <trkpt lat="34.3301756400615" lon="-117.24810842424631">
        <time>2005-05-19T10:10:41-07:00</time>
      </trkpt>
      <trkpt lat="34.33017052710056" lon="-117.24811353720725">
        <time>2005-05-19T10:10:47-07:00</time>
      </trkpt>
      <trkpt lat="34.3301529251039" lon="-117.24816584028304">
        <time>2005-05-19T10:10:52-07:00</time>
      </trkpt>
      <trkpt lat="34.33014823123813" lon="-117.24818226881325">
        <time>2005-05-19T10:10:53-07:00</time>
      </trkpt>
      <trkpt lat="34.330141860991716" lon="-117.24822828546166">
        <time>2005-05-19T10:10:58-07:00</time>
      </trkpt>
      <trkpt lat="34.33014797978103" lon="-117.24825552664697">
        <time>2005-05-19T10:11:03-07:00</time>
      </trkpt>
      <trkpt lat="34.330158457159996" lon="-117.24830221384764">
        <time>2005-05-19T10:11:09-07:00</time>
      </trkpt>
      <trkpt lat="34.33017295785248" lon="-117.2483457159251">
        <time>2005-05-19T10:11:10-07:00</time>
      </trkpt>
      <trkpt lat="34.33017572388053" lon="-117.24837656132877">
        <time>2005-05-19T10:11:14-07:00</time>
      </trkpt>
      <trkpt lat="34.330181842669845" lon="-117.24843682721257">
        <time>2005-05-19T10:11:15-07:00</time>
      </trkpt>
      <trkpt lat="34.330182345584035" lon="-117.24845057353377">
        <time>2005-05-19T10:11:19-07:00</time>
      </trkpt>
      <trkpt lat="34.3301944155246" lon="-117.24852995015681">
        <time>2005-05-19T10:11:21-07:00</time>
      </trkpt>
      <trkpt lat="34.33020799420774" lon="-117.24855853244662">
        <time>2005-05-19T10:11:25-07:00</time>
      </trkpt>
      <trkpt lat="34.330228781327605" lon="-117.24858904257417">
        <time>2005-05-19T10:11:28-07:00</time>
      </trkpt>
      <trkpt lat="34.33027043938637" lon="-117.24865450523794">
        <time>2005-05-19T10:11:30-07:00</time>
      </trkpt>
      <trkpt lat="34.33031251654029" lon="-117.2487270925194">
        <time>2005-05-19T10:11:35-07:00</time>
      </trkpt>
      <trkpt lat="34.33034495450556" lon="-117.24877612665296">
        <time>2005-05-19T10:11:36-07:00</time>
      </trkpt>
      <trkpt lat="34.33034931309521" lon="-117.2487839218229">
        <time>2005-05-19T10:11:42-07:00</time>
      </trkpt>
      <trkpt lat="34.33035375550389" lon="-117.24879833869636">
        <time>2005-05-19T10:11:44-07:00</time>
      </trkpt>
      <trkpt lat="34.330360628664494" lon="-117.24885567091405">
        <time>2005-05-19T10:11:47-07:00</time>
      </trkpt>
      <trkpt lat="34.33037797920406" lon="-117.248942758888">
        <time>2005-05-19T10:11:53-07:00</time>
      </trkpt>
      <trkpt lat="34.33041620068252" lon="-117.24900939501822">
        <time>2005-05-19T10:11:59-07:00</time>
      </trkpt>
      <trkpt lat="34.33042550459504" lon="-117.24905071780086">
        <time>2005-05-19T10:12:04-07:00</time>
      </trkpt>
      <trkpt lat="34.33041368611157" lon="-117.24907142110169">
        <time>2005-05-19T10:12:05-07:00</time>
      </trkpt>
      <trkpt lat="34.33036490343511" lon="-117.24911986850202">
        <time>2005-05-19T10:12:06-07:00</time>
      </trkpt>
      <trkpt lat="34.33031980879605" lon="-117.24917502142489">
        <time>2005-05-19T10:12:10-07:00</time>
      </trkpt>
      <trkpt lat="34.33031243272126" lon="-117.24917921237648">
        <time>2005-05-19T10:12:16-07:00</time>
      </trkpt>
      <trkpt lat="34.330245880410075" lon="-117.2492432501167">
        <time>2005-05-19T10:12:22-07:00</time>
      </trkpt>
      <trkpt lat="34.33022794313729" lon="-117.24926470778883">
        <time>2005-05-19T10:12:25-07:00</time>
      </trkpt>
      <trkpt lat="34.330197013914585" lon="-117.24928624927998">
        <time>2005-05-19T10:12:27-07:00</time>
      </trkpt>
      <trkpt lat="34.33013322763145" lon="-117.24937719292939">
        <time>2005-05-19T10:12:32-07:00</time>
      </trkpt>
      <trkpt lat="34.33012233115733" lon="-117.24938624538481">
        <time>2005-05-19T10:12:37-07:00</time>
      </trkpt>
      <trkpt lat="34.33006592094898" lon="-117.2494279872626">
        <time>2005-05-19T10:12:38-07:00</time>
      </trkpt>
      <trkpt lat="34.3300511687994" lon="-117.24944273941219">
        <time>2005-05-19T10:12:44-07:00</time>
      </trkpt>
      <trkpt lat="34.32999358512461" lon="-117.24950476549566">
        <time>2005-05-19T10:12:46-07:00</time>
      </trkpt>
      <trkpt lat="34.32994890958071" lon="-117.24955849349499">
        <time>2005-05-19T10:12:49-07:00</time>
      </trkpt>
      <trkpt lat="34.32989534921944" lon="-117.24961062893271">
        <time>2005-05-19T10:12:57-07:00</time>
      </trkpt>
      <trkpt lat="34.32987565174699" lon="-117.24962563253939">
        <time>2005-05-19T10:12:58-07:00</time>
      </trkpt>
      <trkpt lat="34.329833406955004" lon="-117.24967399612069">
        <time>2005-05-19T10:13:04-07:00</time>
      </trkpt>
      <trkpt lat="34.329827120527625" lon="-117.24968623369932">
        <time>2005-05-19T10:13:06-07:00</time>
      </trkpt>
      <trkpt lat="34.32979669421911" lon="-117.24972194060683">
        <time>2005-05-19T10:13:12-07:00</time>
      </trkpt>
      <trkpt lat="34.32976031675935" lon="-117.2497583180666">
        <time>2005-05-19T10:13:17-07:00</time>
      </trkpt>
      <trkpt lat="34.329728465527296" lon="-117.24979117512703">
        <time>2005-05-19T10:13:23-07:00</time>
      </trkpt>
      <trkpt lat="34.32969460263848" lon="-117.24983216263354">
        <time>2005-05-19T10:13:25-07:00</time>
      </trkpt>
      <trkpt lat="34.32966995984316" lon="-117.24985647015274">
        <time>2005-05-19T10:13:30-07:00</time>
      </trkpt>
      <trkpt lat="34.32961145415902" lon="-117.24989343434572">
        <time>2005-05-19T10:13:31-07:00</time>
      </trkpt>
      <trkpt lat="34.32956392876804" lon="-117.24992612376809">
        <time>2005-05-19T10:13:35-07:00</time>
      </trkpt>
      <trkpt lat="34.329505674541" lon="-117.24993509240448">
        <time>2005-05-19T10:13:39-07:00</time>
      </trkpt>
      <trkpt lat="34.329464016482234" lon="-117.24994925782084">
        <time>2005-05-19T10:13:43-07:00</time>
      </trkpt>
      <trkpt lat="34.32945211417973" lon="-117.2499533649534">
        <time>2005-05-19T10:13:47-07:00</time>
      </trkpt>
      <trkpt lat="34.32939360849559" lon="-117.24997155368328">
        <time>2005-05-19T10:13:50-07:00</time>
      </trkpt>
      <trkpt lat="34.32936653494835" lon="-117.24997750483453">
        <time>2005-05-19T10:13:56-07:00</time>
      </trkpt>
      <trkpt lat="34.32932831346989" lon="-117.24998001940548">
        <time>2005-05-19T10:14:02-07:00</time>
      </trkpt>
      <trkpt lat="34.329294534400105" lon="-117.2499863896519">
        <time>2005-05-19T10:14:08-07:00</time>
      </trkpt>
      <trkpt lat="34.32925622910261" lon="-117.24999795667827">
        <time>2005-05-19T10:14:13-07:00</time>
      </trkpt>
      <trkpt lat="34.329189006239176" lon="-117.25001094862819">
        <time>2005-05-19T10:14:14-07:00</time>
      </trkpt>
      <trkpt lat="34.329134691506624" lon="-117.2500260360539">
        <time>2005-05-19T10:14:20-07:00</time>
      </trkpt>
      <trkpt lat="34.329106947407126" lon="-117.25003072991967">
        <time>2005-05-19T10:14:23-07:00</time>
      </trkpt>
      <trkpt lat="34.32904542423785" lon="-117.2500358428806">
        <time>2005-05-19T10:14:26-07:00</time>
      </trkpt>
      <trkpt lat="34.3290357850492" lon="-117.25003567524254">
        <time>2005-05-19T10:14:30-07:00</time>
      </trkpt>
      <trkpt lat="34.328949116170406" lon="-117.25002570077777">
        <time>2005-05-19T10:14:33-07:00</time>
      </trkpt>
      <trkpt lat="34.328911397606134" lon="-117.24999083206058">
        <time>2005-05-19T10:14:39-07:00</time>
      </trkpt>
      <trkpt lat="34.32888574898243" lon="-117.2499570529908">
        <time>2005-05-19T10:14:44-07:00</time>
      </trkpt>
      <trkpt lat="34.328875271603465" lon="-117.24993232637644">
        <time>2005-05-19T10:14:46-07:00</time>
      </trkpt>
      <trkpt lat="34.32885238900781" lon="-117.24985219538212">
        <time>2005-05-19T10:14:51-07:00</time>
      </trkpt>
      <trkpt lat="34.328852305188775" lon="-117.24980039522052">
        <time>2005-05-19T10:14:52-07:00</time>
      </trkpt>
      <trkpt lat="34.32885222136974" lon="-117.24975362420082">
        <time>2005-05-19T10:14:59-07:00</time>
      </trkpt>
      <trkpt lat="34.32885171845555" lon="-117.24968925118446">
        <time>2005-05-19T10:15:05-07:00</time>
      </trkpt>
      <trkpt lat="34.3288494553417" lon="-117.24964331835508">
        <time>2005-05-19T10:15:08-07:00</time>
      </trkpt>
      <trkpt lat="34.32884098961949" lon="-117.24960182793438">
        <time>2005-05-19T10:15:10-07:00</time>
      </trkpt>
      <trkpt lat="34.328824896365404" lon="-117.24953225813806">
        <time>2005-05-19T10:15:16-07:00</time>
      </trkpt>
      <trkpt lat="34.32880989275873" lon="-117.24947048351169">
        <time>2005-05-19T10:15:19-07:00</time>
      </trkpt>
      <trkpt lat="34.32880327105522" lon="-117.24945765919983">
        <time>2005-05-19T10:15:23-07:00</time>
      </trkpt>
      <trkpt lat="34.328765803948045" lon="-117.24938616156578">
        <time>2005-05-19T10:15:28-07:00</time>
      </trkpt>
      <trkpt lat="34.328757002949715" lon="-117.2493560705334">
        <time>2005-05-19T10:15:31-07:00</time>
      </trkpt>
      <trkpt lat="34.328744262456894" lon="-117.24932044744492">
        <time>2005-05-19T10:15:34-07:00</time>
      </trkpt>
      <trkpt lat="34.32871366851032" lon="-117.2492435015738">
        <time>2005-05-19T10:15:39-07:00</time>
      </trkpt>
      <trkpt lat="34.32870855554938" lon="-117.24922137334943">
        <time>2005-05-19T10:15:44-07:00</time>
      </trkpt>
      <trkpt lat="34.32868734933436" lon="-117.2491676453501">
        <time>2005-05-19T10:15:45-07:00</time>
      </trkpt>
      <trkpt lat="34.3286594375968" lon="-117.24909463897347">
        <time>2005-05-19T10:15:50-07:00</time>
      </trkpt>
      <trkpt lat="34.32860545814037" lon="-117.24901769310236">
        <time>2005-05-19T10:15:53-07:00</time>
      </trkpt>
      <trkpt lat="34.32857385836542" lon="-117.2489911224693">
        <time>2005-05-19T10:15:56-07:00</time>
      </trkpt>
      <trkpt lat="34.32854569517076" lon="-117.24896790459752">
        <time>2005-05-19T10:16:02-07:00</time>
      </trkpt>
      <trkpt lat="34.328478556126356" lon="-117.24892892874777">
        <time>2005-05-19T10:16:04-07:00</time>
      </trkpt>
      <trkpt lat="34.32842776179314" lon="-117.24886790849268">
        <time>2005-05-19T10:16:08-07:00</time>
      </trkpt>
      <trkpt lat="34.328427175059915" lon="-117.2487807366997">
        <time>2005-05-19T10:16:14-07:00</time>
      </trkpt>
      <trkpt lat="34.32841896079481" lon="-117.24868962541223">
        <time>2005-05-19T10:16:21-07:00</time>
      </trkpt>
      <trkpt lat="34.32840638794005" lon="-117.24868308752775">
        <time>2005-05-19T10:16:24-07:00</time>
      </trkpt>
      <trkpt lat="34.32832986116409" lon="-117.24868015386164">
        <time>2005-05-19T10:16:27-07:00</time>
      </trkpt>
      <trkpt lat="34.3282725289464" lon="-117.24866665899754">
        <time>2005-05-19T10:16:33-07:00</time>
      </trkpt>
      <trkpt lat="34.32825140655041" lon="-117.24865660071373">
        <time>2005-05-19T10:16:39-07:00</time>
      </trkpt>
      <trkpt lat="34.32816716842353" lon="-117.24861335009336">
        <time>2005-05-19T10:16:44-07:00</time>
      </trkpt>
      <trkpt lat="34.32812291197479" lon="-117.24858208559453">
        <time>2005-05-19T10:16:50-07:00</time>
      </trkpt>
      <trkpt lat="34.328119391575456" lon="-117.2485645674169">
        <time>2005-05-19T10:16:51-07:00</time>
      </trkpt>
      <trkpt lat="34.32811285369098" lon="-117.24847781471908">
        <time>2005-05-19T10:16:57-07:00</time>
      </trkpt>
      <trkpt lat="34.32812601327896" lon="-117.24840640090406">
        <time>2005-05-19T10:17:01-07:00</time>
      </trkpt>
      <trkpt lat="34.32813338935375" lon="-117.24839952774346">
        <time>2005-05-19T10:17:03-07:00</time>
      </trkpt>
      <trkpt lat="34.328200109303" lon="-117.24834529682994">
        <time>2005-05-19T10:17:11-07:00</time>
      </trkpt>
      <trkpt lat="34.328243024647236" lon="-117.24829031154513">
        <time>2005-05-19T10:17:15-07:00</time>
      </trkpt>
      <trkpt lat="34.328219052404165" lon="-117.24827413447201">
        <time>2005-05-19T10:17:17-07:00</time>
      </trkpt>
      <trkpt lat="34.32820547372103" lon="-117.24827589467168">
        <time>2005-05-19T10:17:23-07:00</time>
      </trkpt>
      <trkpt lat="34.328143782913685" lon="-117.24825971759856">
        <time>2005-05-19T10:17:28-07:00</time>
      </trkpt>
      <trkpt lat="34.32806893251836" lon="-117.2482196521014">
        <time>2005-05-19T10:17:29-07:00</time>
      </trkpt>
      <trkpt lat="34.32798678986728" lon="-117.24815452471375">
        <time>2005-05-19T10:17:35-07:00</time>
      </trkpt>
      <trkpt lat="34.32789199054241" lon="-117.2481231763959">
        <time>2005-05-19T10:17:40-07:00</time>
      </trkpt>
      <trkpt lat="34.327819822356105" lon="-117.24810037761927">
        <time>2005-05-19T10:17:42-07:00</time>
      </trkpt>
      <trkpt lat="34.3277857080102" lon="-117.24816265515983">
        <time>2005-05-19T10:17:43-07:00</time>
      </trkpt>
      <trkpt lat="34.32775813154876" lon="-117.2481882199645">
        <time>2005-05-19T10:17:48-07:00</time>
      </trkpt>
      <trkpt lat="34.32774715125561" lon="-117.24819106981158">
        <time>2005-05-19T10:17:54-07:00</time>
      </trkpt>
      <trkpt lat="34.327723514288664" lon="-117.24818989634514">
        <time>2005-05-19T10:18:01-07:00</time>
      </trkpt>
      <trkpt lat="34.327638521790504" lon="-117.24816491827369">
        <time>2005-05-19T10:18:08-07:00</time>
      </trkpt>
      <trkpt lat="34.32755243964493" lon="-117.24817556329072">
        <time>2005-05-19T10:18:15-07:00</time>
      </trkpt>
      <trkpt lat="34.32752394117415" lon="-117.24818302318454">
        <time>2005-05-19T10:18:20-07:00</time>
      </trkpt>
      <trkpt lat="34.327451437711716" lon="-117.24817045032978">
        <time>2005-05-19T10:18:23-07:00</time>
      </trkpt>
      <trkpt lat="34.32738631032407" lon="-117.24818947724998">
        <time>2005-05-19T10:18:24-07:00</time>
      </trkpt>
      <trkpt lat="34.32735965587199" lon="-117.24824546836317">
        <time>2005-05-19T10:18:26-07:00</time>
      </trkpt>
      <trkpt lat="34.327364433556795" lon="-117.24825519137084">
        <time>2005-05-19T10:18:33-07:00</time>
      </trkpt>
      <trkpt lat="34.32737541384995" lon="-117.24832157604396">
        <time>2005-05-19T10:18:39-07:00</time>
      </trkpt>
      <trkpt lat="34.327381532639265" lon="-117.24837354384363">
        <time>2005-05-19T10:18:41-07:00</time>
      </trkpt>
      <trkpt lat="34.32738580740988" lon="-117.24839852191508">
        <time>2005-05-19T10:18:47-07:00</time>
      </trkpt>
      <trkpt lat="34.32736870832741" lon="-117.24842484109104">
        <time>2005-05-19T10:18:52-07:00</time>
      </trkpt>
      <trkpt lat="34.32735839858651" lon="-117.2484321333468">
        <time>2005-05-19T10:18:57-07:00</time>
      </trkpt>
      <trkpt lat="34.32736275717616" lon="-117.24841352552176">
        <time>2005-05-19T10:18:58-07:00</time>
      </trkpt>
      <trkpt lat="34.32734255678952" lon="-117.24840983748436">
        <time>2005-05-19T10:19:03-07:00</time>
      </trkpt>
      <trkpt lat="34.32727860286832" lon="-117.24839902482927">
        <time>2005-05-19T10:19:07-07:00</time>
      </trkpt>
      <trkpt lat="34.32724071666598" lon="-117.24838200956583">
        <time>2005-05-19T10:19:09-07:00</time>
      </trkpt>
      <trkpt lat="34.3272172473371" lon="-117.24837220273912">
        <time>2005-05-19T10:19:12-07:00</time>
      </trkpt>
      <trkpt lat="34.32712337002158" lon="-117.24836884997785">
        <time>2005-05-19T10:19:14-07:00</time>
      </trkpt>
      <trkpt lat="34.327111300081015" lon="-117.24836893379688">
        <time>2005-05-19T10:19:20-07:00</time>
      </trkpt>
      <trkpt lat="34.32704919017851" lon="-117.24840321578085">
        <time>2005-05-19T10:19:28-07:00</time>
      </trkpt>
      <trkpt lat="34.32701624929905" lon="-117.24848552607">
        <time>2005-05-19T10:19:35-07:00</time>
      </trkpt>
      <trkpt lat="34.32701247744262" lon="-117.24849851801991">
        <time>2005-05-19T10:19:38-07:00</time>
      </trkpt>
      <trkpt lat="34.326972076669335" lon="-117.2485785651952">
        <time>2005-05-19T10:19:40-07:00</time>
      </trkpt>
      <trkpt lat="34.3269117269665" lon="-117.24861360155046">
        <time>2005-05-19T10:19:47-07:00</time>
      </trkpt>
      <trkpt lat="34.3268649559468" lon="-117.24865408614278">
        <time>2005-05-19T10:19:48-07:00</time>
      </trkpt>
      <trkpt lat="34.326840061694384" lon="-117.24867420271039">
        <time>2005-05-19T10:19:55-07:00</time>
      </trkpt>
      <trkpt lat="34.32681784965098" lon="-117.24868602119386">
        <time>2005-05-19T10:20:01-07:00</time>
      </trkpt>
      <trkpt lat="34.32676998898387" lon="-117.24874150939286">
        <time>2005-05-19T10:20:02-07:00</time>
      </trkpt>
      <trkpt lat="34.32674325071275" lon="-117.24879171699286">
        <time>2005-05-19T10:20:08-07:00</time>
      </trkpt>
      <trkpt lat="34.32673973031342" lon="-117.24880739115179">
        <time>2005-05-19T10:20:13-07:00</time>
      </trkpt>
      <trkpt lat="34.32669379748404" lon="-117.24889758042991">
        <time>2005-05-19T10:20:17-07:00</time>
      </trkpt>
      <trkpt lat="34.32663721963763" lon="-117.24898324348032">
        <time>2005-05-19T10:20:19-07:00</time>
      </trkpt>
      <trkpt lat="34.326583575457335" lon="-117.24904795177281">
        <time>2005-05-19T10:20:21-07:00</time>
      </trkpt>
      <trkpt lat="34.32650528848171" lon="-117.24911022931337">
        <time>2005-05-19T10:20:26-07:00</time>
      </trkpt>
      <trkpt lat="34.32645147666335" lon="-117.24915264174342">
        <time>2005-05-19T10:20:30-07:00</time>
      </trkpt>
      <trkpt lat="34.3264420889318" lon="-117.24916110746562">
        <time>2005-05-19T10:20:31-07:00</time>
      </trkpt>
      <trkpt lat="34.3263902887702" lon="-117.24919765256345">
        <time>2005-05-19T10:20:37-07:00</time>
      </trkpt>
      <trkpt lat="34.32632524520159" lon="-117.24925179965794">
        <time>2005-05-19T10:20:44-07:00</time>
      </trkpt>
      <trkpt lat="34.32624234817922" lon="-117.24927979521453">
        <time>2005-05-19T10:20:50-07:00</time>
      </trkpt>
      <trkpt lat="34.32618618942797" lon="-117.24926671944559">
        <time>2005-05-19T10:20:56-07:00</time>
      </trkpt>
      <trkpt lat="34.32609415613115" lon="-117.24923864006996">
        <time>2005-05-19T10:21:01-07:00</time>
      </trkpt>
      <trkpt lat="34.32602047920227" lon="-117.2492091357708">
        <time>2005-05-19T10:21:02-07:00</time>
      </trkpt>
      <trkpt lat="34.32597010396421" lon="-117.24918055348098">
        <time>2005-05-19T10:21:07-07:00</time>
      </trkpt>
      <trkpt lat="34.325915118679404" lon="-117.24913705140352">
        <time>2005-05-19T10:21:13-07:00</time>
      </trkpt>
      <trkpt lat="34.325832640752196" lon="-117.24909287877381">
        <time>2005-05-19T10:21:20-07:00</time>
      </trkpt>
      <trkpt lat="34.32575267739594" lon="-117.24904895760119">
        <time>2005-05-19T10:21:25-07:00</time>
      </trkpt>
      <trkpt lat="34.32568293996155" lon="-117.24900830537081">
        <time>2005-05-19T10:21:32-07:00</time>
      </trkpt>
      <trkpt lat="34.32565988972783" lon="-117.24899103865027">
        <time>2005-05-19T10:21:39-07:00</time>
      </trkpt>
      <trkpt lat="34.32558512315154" lon="-117.24890646524727">
        <time>2005-05-19T10:21:43-07:00</time>
      </trkpt>
      <trkpt lat="34.32553080841899" lon="-117.24883714690804">
        <time>2005-05-19T10:21:48-07:00</time>
      </trkpt>
      <trkpt lat="34.325508596375585" lon="-117.24880102090538">
        <time>2005-05-19T10:21:54-07:00</time>
      </trkpt>
      <trkpt lat="34.32549032382667" lon="-117.2487569320947">
        <time>2005-05-19T10:22:01-07:00</time>
      </trkpt>
      <trkpt lat="34.325439697131515" lon="-117.24866305477917">
        <time>2005-05-19T10:22:07-07:00</time>
      </trkpt>
      <trkpt lat="34.32540784589946" lon="-117.24856766872108">
        <time>2005-05-19T10:22:09-07:00</time>
      </trkpt>
      <trkpt lat="34.32539309374988" lon="-117.24848845973611">
        <time>2005-05-19T10:22:16-07:00</time>
      </trkpt>
      <trkpt lat="34.32538907043636" lon="-117.24843917414546">
        <time>2005-05-19T10:22:23-07:00</time>
      </trkpt>
      <trkpt lat="34.32536853477359" lon="-117.24834135733545">
        <time>2005-05-19T10:22:26-07:00</time>
      </trkpt>
      <trkpt lat="34.32533131912351" lon="-117.24827229045331">
        <time>2005-05-19T10:22:29-07:00</time>
      </trkpt>
      <trkpt lat="34.32529058307409" lon="-117.2482093423605">
        <time>2005-05-19T10:22:36-07:00</time>
      </trkpt>
      <trkpt lat="34.32527096942067" lon="-117.24818905815482">
        <time>2005-05-19T10:22:43-07:00</time>
      </trkpt>
      <trkpt lat="34.32524045929313" lon="-117.24810884334147">
        <time>2005-05-19T10:22:48-07:00</time>
      </trkpt>
      <trkpt lat="34.32521665468812" lon="-117.24804103374481">
        <time>2005-05-19T10:22:51-07:00</time>
      </trkpt>
      <trkpt lat="34.325196370482445" lon="-117.24800356663764">
        <time>2005-05-19T10:22:58-07:00</time>
      </trkpt>
      <trkpt lat="34.32517575100064" lon="-117.24790994077921">
        <time>2005-05-19T10:23:05-07:00</time>
      </trkpt>
      <trkpt lat="34.325144989416" lon="-117.24781312979758">
        <time>2005-05-19T10:23:10-07:00</time>
      </trkpt>
      <trkpt lat="34.32513082399964" lon="-117.24771967157722">
        <time>2005-05-19T10:23:12-07:00</time>
      </trkpt>
      <trkpt lat="34.325110372155905" lon="-117.24760701879859">
        <time>2005-05-19T10:23:18-07:00</time>
      </trkpt>
      <trkpt lat="34.32510710321367" lon="-117.24758916534483">
        <time>2005-05-19T10:23:23-07:00</time>
      </trkpt>
      <trkpt lat="34.32510416954756" lon="-117.24751389585435">
        <time>2005-05-19T10:23:27-07:00</time>
      </trkpt>
      <trkpt lat="34.325110875070095" lon="-117.24740241654217">
        <time>2005-05-19T10:23:32-07:00</time>
      </trkpt>
      <trkpt lat="34.325097128748894" lon="-117.24731826223433">
        <time>2005-05-19T10:23:38-07:00</time>
      </trkpt>
      <trkpt lat="34.32507642544806" lon="-117.24724810570478">
        <time>2005-05-19T10:23:43-07:00</time>
      </trkpt>
      <trkpt lat="34.32506971992552" lon="-117.24723058752716">
        <time>2005-05-19T10:23:50-07:00</time>
      </trkpt>
      <trkpt lat="34.32504071854055" lon="-117.24718633107841">
        <time>2005-05-19T10:23:51-07:00</time>
      </trkpt>
      <trkpt lat="34.325000988319516" lon="-117.24714484065771">
        <time>2005-05-19T10:23:56-07:00</time>
      </trkpt>
      <trkpt lat="34.3249533791095" lon="-117.24710511043668">
        <time>2005-05-19T10:24:03-07:00</time>
      </trkpt>
      <trkpt lat="34.324875846505165" lon="-117.24704291671515">
        <time>2005-05-19T10:24:10-07:00</time>
      </trkpt>
      <trkpt lat="34.32486134581268" lon="-117.24700511433184">
        <time>2005-05-19T10:24:15-07:00</time>
      </trkpt>
      <trkpt lat="34.32483888231218" lon="-117.2469621989876">
        <time>2005-05-19T10:24:16-07:00</time>
      </trkpt>
      <trkpt lat="34.324817759916186" lon="-117.24682842381299">
        <time>2005-05-19T10:24:19-07:00</time>
      </trkpt>
      <trkpt lat="34.3247926980257" lon="-117.24675977602601">
        <time>2005-05-19T10:24:23-07:00</time>
      </trkpt>
      <trkpt lat="34.32478431612253" lon="-117.24674276076257">
        <time>2005-05-19T10:24:28-07:00</time>
      </trkpt>
      <trkpt lat="34.32473385706544" lon="-117.24669297225773">
        <time>2005-05-19T10:24:36-07:00</time>
      </trkpt>
      <trkpt lat="34.32466898113489" lon="-117.24665625952184">
        <time>2005-05-19T10:24:39-07:00</time>
      </trkpt>
      <trkpt lat="34.32460972107947" lon="-117.24657411687076">
        <time>2005-05-19T10:24:42-07:00</time>
      </trkpt>
      <trkpt lat="34.32456764392555" lon="-117.24655928090215">
        <time>2005-05-19T10:24:51-07:00</time>
      </trkpt>
      <trkpt lat="34.324557753279805" lon="-117.24657361395657">
        <time>2005-05-19T10:24:56-07:00</time>
      </trkpt>
      <trkpt lat="34.3245461024344" lon="-117.24665701389313">
        <time>2005-05-19T10:24:57-07:00</time>
      </trkpt>
      <trkpt lat="34.324542162939906" lon="-117.24674896337092">
        <time>2005-05-19T10:25:03-07:00</time>
      </trkpt>
      <trkpt lat="34.32452389039099" lon="-117.24684124812484">
        <time>2005-05-19T10:25:09-07:00</time>
      </trkpt>
      <trkpt lat="34.32451902888715" lon="-117.24688332527876">
        <time>2005-05-19T10:25:16-07:00</time>
      </trkpt>
      <trkpt lat="34.324519196525216" lon="-117.24693026393652">
        <time>2005-05-19T10:25:20-07:00</time>
      </trkpt>
      <trkpt lat="34.32447980158031" lon="-117.2470052819699">
        <time>2005-05-19T10:25:21-07:00</time>
      </trkpt>
      <trkpt lat="34.32446856983006" lon="-117.24701383151114">
        <time>2005-05-19T10:25:27-07:00</time>
      </trkpt>
      <trkpt lat="34.324432695284486" lon="-117.24704903550446">
        <time>2005-05-19T10:25:33-07:00</time>
      </trkpt>
      <trkpt lat="34.32441081851721" lon="-117.24706345237792">
        <time>2005-05-19T10:25:39-07:00</time>
      </trkpt>
      <trkpt lat="34.32436052709818" lon="-117.24711030721664">
        <time>2005-05-19T10:25:42-07:00</time>
      </trkpt>
      <trkpt lat="34.32428936474025" lon="-117.24716311320662">
        <time>2005-05-19T10:25:45-07:00</time>
      </trkpt>
      <trkpt lat="34.32424200698733" lon="-117.24723427556455">
        <time>2005-05-19T10:25:51-07:00</time>
      </trkpt>
      <trkpt lat="34.32418601587415" lon="-117.2472922783345">
        <time>2005-05-19T10:25:52-07:00</time>
      </trkpt>
      <trkpt lat="34.32413689792156" lon="-117.24736771546304">
        <time>2005-05-19T10:25:56-07:00</time>
      </trkpt>
      <trkpt lat="34.32406581938267" lon="-117.24744784645736">
        <time>2005-05-19T10:25:58-07:00</time>
      </trkpt>
      <trkpt lat="34.32398468255997" lon="-117.2475256305188">
        <time>2005-05-19T10:26:03-07:00</time>
      </trkpt>
      <trkpt lat="34.323943108320236" lon="-117.2475547157228">
        <time>2005-05-19T10:26:09-07:00</time>
      </trkpt>
      <trkpt lat="34.32392408140004" lon="-117.24756443873048">
        <time>2005-05-19T10:26:15-07:00</time>
      </trkpt>
      <trkpt lat="34.32391192764044" lon="-117.24757315590978">
        <time>2005-05-19T10:26:21-07:00</time>
      </trkpt>
      <trkpt lat="34.32388812303543" lon="-117.24758757278323">
        <time>2005-05-19T10:26:27-07:00</time>
      </trkpt>
      <trkpt lat="34.32380899786949" lon="-117.24759813398123">
        <time>2005-05-19T10:26:34-07:00</time>
      </trkpt>
      <trkpt lat="34.32372861541808" lon="-117.2476097010076">
        <time>2005-05-19T10:26:41-07:00</time>
      </trkpt>
      <trkpt lat="34.32370238006115" lon="-117.24761607125401">
        <time>2005-05-19T10:26:46-07:00</time>
      </trkpt>
      <trkpt lat="34.32363733649254" lon="-117.2476117964834">
        <time>2005-05-19T10:26:48-07:00</time>
      </trkpt>
      <trkpt lat="34.32352351024747" lon="-117.24759209901094">
        <time>2005-05-19T10:26:49-07:00</time>
      </trkpt>
      <trkpt lat="34.32345754466951" lon="-117.24756888113916">
        <time>2005-05-19T10:26:51-07:00</time>
      </trkpt>
      <trkpt lat="34.3233890645206" lon="-117.24756125360727">
        <time>2005-05-19T10:26:57-07:00</time>
      </trkpt>
      <trkpt lat="34.32333500124514" lon="-117.24753954447806">
        <time>2005-05-19T10:27:03-07:00</time>
      </trkpt>
      <trkpt lat="34.323294684290886" lon="-117.24753845483065">
        <time>2005-05-19T10:27:05-07:00</time>
      </trkpt>
      <trkpt lat="34.32322243228555" lon="-117.2475095372647">
        <time>2005-05-19T10:27:10-07:00</time>
      </trkpt>
      <trkpt lat="34.323142720386386" lon="-117.24750484339893">
        <time>2005-05-19T10:27:19-07:00</time>
      </trkpt>
      <trkpt lat="34.32303786277771" lon="-117.24752412177622">
        <time>2005-05-19T10:27:24-07:00</time>
      </trkpt>
      <trkpt lat="34.32296737097204" lon="-117.24751674570143">
        <time>2005-05-19T10:27:30-07:00</time>
      </trkpt>
      <trkpt lat="34.3229107093066" lon="-117.24748154170811">
        <time>2005-05-19T10:27:34-07:00</time>
      </trkpt>
      <trkpt lat="34.32288103736937" lon="-117.24741549231112">
        <time>2005-05-19T10:27:37-07:00</time>
      </trkpt>
      <trkpt lat="34.32281465269625" lon="-117.24730979651213">
        <time>2005-05-19T10:27:43-07:00</time>
      </trkpt>
      <trkpt lat="34.32280635461211" lon="-117.24729814566672">
        <time>2005-05-19T10:27:49-07:00</time>
      </trkpt>
      <trkpt lat="34.322789842262864" lon="-117.24728750064969">
        <time>2005-05-19T10:27:57-07:00</time>
      </trkpt>
      <trkpt lat="34.32274466380477" lon="-117.24726151674986">
        <time>2005-05-19T10:28:03-07:00</time>
      </trkpt>
      <trkpt lat="34.3227172549814" lon="-117.24725573323667">
        <time>2005-05-19T10:28:09-07:00</time>
      </trkpt>
      <trkpt lat="34.32264709845185" lon="-117.24722187034786">
        <time>2005-05-19T10:28:14-07:00</time>
      </trkpt>
      <trkpt lat="34.3225911911577" lon="-117.24724626168609">
        <time>2005-05-19T10:28:22-07:00</time>
      </trkpt>
      <trkpt lat="34.32259672321379" lon="-117.24727559834719">
        <time>2005-05-19T10:28:23-07:00</time>
      </trkpt>
      <trkpt lat="34.32260644622147" lon="-117.24731516093016">
        <time>2005-05-19T10:28:26-07:00</time>
      </trkpt>
      <trkpt lat="34.322656486183405" lon="-117.24739755503833">
        <time>2005-05-19T10:28:30-07:00</time>
      </trkpt>
      <trkpt lat="34.32270032353699" lon="-117.24742244929075">
        <time>2005-05-19T10:28:32-07:00</time>
      </trkpt>
      <trkpt lat="34.32270568795502" lon="-117.24743694998324">
        <time>2005-05-19T10:28:38-07:00</time>
      </trkpt>
      <trkpt lat="34.322717087343335" lon="-117.2474941983819">
        <time>2005-05-19T10:28:43-07:00</time>
      </trkpt>
      <trkpt lat="34.32271490804851" lon="-117.24756745621562">
        <time>2005-05-19T10:28:45-07:00</time>
      </trkpt>
      <trkpt lat="34.32271918281913" lon="-117.24765412509441">
        <time>2005-05-19T10:28:48-07:00</time>
      </trkpt>
      <trkpt lat="34.322729744017124" lon="-117.24768270738423">
        <time>2005-05-19T10:28:54-07:00</time>
      </trkpt>
      <trkpt lat="34.322763439267874" lon="-117.24772218614817">
        <time>2005-05-19T10:28:58-07:00</time>
      </trkpt>
      <trkpt lat="34.322832925245166" lon="-117.24775881506503">
        <time>2005-05-19T10:28:59-07:00</time>
      </trkpt>
      <trkpt lat="34.32292336598039" lon="-117.24775655195117">
        <time>2005-05-19T10:29:03-07:00</time>
      </trkpt>
      <trkpt lat="34.3229934386909" lon="-117.24779728800058">
        <time>2005-05-19T10:29:08-07:00</time>
      </trkpt>
      <trkpt lat="34.32302763685584" lon="-117.24781153723598">
        <time>2005-05-19T10:29:13-07:00</time>
      </trkpt>
      <trkpt lat="34.323052698746324" lon="-117.24784824997187">
        <time>2005-05-19T10:29:15-07:00</time>
      </trkpt>
      <trkpt lat="34.323110450059175" lon="-117.24790449254215">
        <time>2005-05-19T10:29:19-07:00</time>
      </trkpt>
      <trkpt lat="34.323187563568354" lon="-117.24794061854482">
        <time>2005-05-19T10:29:25-07:00</time>
      </trkpt>
      <trkpt lat="34.32320826686919" lon="-117.24796266295016">
        <time>2005-05-19T10:29:34-07:00</time>
      </trkpt>
      <trkpt lat="34.32325000874698" lon="-117.24799459800124">
        <time>2005-05-19T10:29:40-07:00</time>
      </trkpt>
      <trkpt lat="34.32327272370458" lon="-117.24802083335817">
        <time>2005-05-19T10:29:43-07:00</time>
      </trkpt>
      <trkpt lat="34.323284877464175" lon="-117.24803047254682">
        <time>2005-05-19T10:29:46-07:00</time>
      </trkpt>
      <trkpt lat="34.32331429794431" lon="-117.24806022830307">
        <time>2005-05-19T10:29:52-07:00</time>
      </trkpt>
      <trkpt lat="34.32334681972861" lon="-117.24810440093279">
        <time>2005-05-19T10:29:58-07:00</time>
      </trkpt>
      <trkpt lat="34.3233473226428" lon="-117.24815469235182">
        <time>2005-05-19T10:30:00-07:00</time>
      </trkpt>
      <trkpt lat="34.32335411198437" lon="-117.24819257855415">
        <time>2005-05-19T10:30:04-07:00</time>
      </trkpt>
      <trkpt lat="34.323362996801734" lon="-117.24819635041058">
        <time>2005-05-19T10:30:06-07:00</time>
      </trkpt>
      <trkpt lat="34.3234009668231" lon="-117.24822518415749">
        <time>2005-05-19T10:30:07-07:00</time>
      </trkpt>
      <trkpt lat="34.3234305549413" lon="-117.24830933846533">
        <time>2005-05-19T10:30:10-07:00</time>
      </trkpt>
      <trkpt lat="34.32343021966517" lon="-117.24832476116717">
        <time>2005-05-19T10:30:13-07:00</time>
      </trkpt>
      <trkpt lat="34.32345352135599" lon="-117.24835828877985">
        <time>2005-05-19T10:30:16-07:00</time>
      </trkpt>
      <trkpt lat="34.32346441783011" lon="-117.24835979752243">
        <time>2005-05-19T10:30:19-07:00</time>
      </trkpt>
      <trkpt lat="34.323514038696885" lon="-117.24838452413678">
        <time>2005-05-19T10:30:20-07:00</time>
      </trkpt>
      <trkpt lat="34.32352418079972" lon="-117.24839290603995">
        <time>2005-05-19T10:30:24-07:00</time>
      </trkpt>
      <trkpt lat="34.32355670258403" lon="-117.2484213206917">
        <time>2005-05-19T10:30:30-07:00</time>
      </trkpt>
      <trkpt lat="34.32359106838703" lon="-117.24842517636716">
        <time>2005-05-19T10:30:31-07:00</time>
      </trkpt>
      <trkpt lat="34.32363289408386" lon="-117.24846071563661">
        <time>2005-05-19T10:30:35-07:00</time>
      </trkpt>
      <trkpt lat="34.323652759194374" lon="-117.24847353994846">
        <time>2005-05-19T10:30:36-07:00</time>
      </trkpt>
      <trkpt lat="34.32368888519704" lon="-117.24849751219153">
        <time>2005-05-19T10:30:40-07:00</time>
      </trkpt>
      <trkpt lat="34.32374789379537" lon="-117.24855308420956">
        <time>2005-05-19T10:30:41-07:00</time>
      </trkpt>
      <trkpt lat="34.32380631566048" lon="-117.24865727126598">
        <time>2005-05-19T10:30:44-07:00</time>
      </trkpt>
      <trkpt lat="34.323848225176334" lon="-117.24873706698418">
        <time>2005-05-19T10:30:47-07:00</time>
      </trkpt>
      <trkpt lat="34.32390279136598" lon="-117.24882641807199">
        <time>2005-05-19T10:30:51-07:00</time>
      </trkpt>
      <trkpt lat="34.32391637004912" lon="-117.24885893985629">
        <time>2005-05-19T10:30:53-07:00</time>
      </trkpt>
      <trkpt lat="34.323945455253124" lon="-117.24892633035779">
        <time>2005-05-19T10:30:56-07:00</time>
      </trkpt>
      <trkpt lat="34.32397504337132" lon="-117.2489760350436">
        <time>2005-05-19T10:31:02-07:00</time>
      </trkpt>
      <trkpt lat="34.324023658409715" lon="-117.24904929287732">
        <time>2005-05-19T10:31:09-07:00</time>
      </trkpt>
      <trkpt lat="34.32405366562307" lon="-117.24908935837448">
        <time>2005-05-19T10:31:16-07:00</time>
      </trkpt>
      <trkpt lat="34.32412365451455" lon="-117.24916957318783">
        <time>2005-05-19T10:31:23-07:00</time>
      </trkpt>
      <trkpt lat="34.32416573166847" lon="-117.2492606844753">
        <time>2005-05-19T10:31:25-07:00</time>
      </trkpt>
      <trkpt lat="34.32418132200837" lon="-117.24930200725794">
        <time>2005-05-19T10:31:30-07:00</time>
      </trkpt>
      <trkpt lat="34.324193559587" lon="-117.24933670833707">
        <time>2005-05-19T10:31:34-07:00</time>
      </trkpt>
      <trkpt lat="34.32418718934059" lon="-117.24945288151503">
        <time>2005-05-19T10:31:40-07:00</time>
      </trkpt>
      <trkpt lat="34.3241555057466" lon="-117.2495614271611">
        <time>2005-05-19T10:31:44-07:00</time>
      </trkpt>
      <trkpt lat="34.324154583737254" lon="-117.24961901083589">
        <time>2005-05-19T10:31:51-07:00</time>
      </trkpt>
      <trkpt lat="34.32414351962507" lon="-117.24964792840183">
        <time>2005-05-19T10:31:59-07:00</time>
      </trkpt>
      <trkpt lat="34.32413639500737" lon="-117.24971372634172">
        <time>2005-05-19T10:32:02-07:00</time>
      </trkpt>
      <trkpt lat="34.32412541471422" lon="-117.24978053011">
        <time>2005-05-19T10:32:04-07:00</time>
      </trkpt>
      <trkpt lat="34.32406925596297" lon="-117.24987717345357">
        <time>2005-05-19T10:32:11-07:00</time>
      </trkpt>
      <trkpt lat="34.323991388082504" lon="-117.24993215873837">
        <time>2005-05-19T10:32:18-07:00</time>
      </trkpt>
      <trkpt lat="34.323943527415395" lon="-117.24996015429497">
        <time>2005-05-19T10:32:22-07:00</time>
      </trkpt>
      <trkpt lat="34.32391821406782" lon="-117.2499806061387">
        <time>2005-05-19T10:32:24-07:00</time>
      </trkpt>
      <trkpt lat="34.32385199703276" lon="-117.25002033635974">
        <time>2005-05-19T10:32:28-07:00</time>
      </trkpt>
      <trkpt lat="34.323796927928925" lon="-117.25006140768528">
        <time>2005-05-19T10:32:33-07:00</time>
      </trkpt>
      <trkpt lat="34.323739847168326" lon="-117.25009803660214">
        <time>2005-05-19T10:32:41-07:00</time>
      </trkpt>
      <trkpt lat="34.32371403090656" lon="-117.25011329166591">
        <time>2005-05-19T10:32:47-07:00</time>
      </trkpt>
      <trkpt lat="34.323661644011736" lon="-117.25013734772801">
        <time>2005-05-19T10:32:51-07:00</time>
      </trkpt>
      <trkpt lat="34.32363121770322" lon="-117.25015830248594">
        <time>2005-05-19T10:32:53-07:00</time>
      </trkpt>
      <trkpt lat="34.32356868870556" lon="-117.2501986194402">
        <time>2005-05-19T10:32:59-07:00</time>
      </trkpt>
      <trkpt lat="34.32351387105882" lon="-117.25022368133068">
        <time>2005-05-19T10:33:04-07:00</time>
      </trkpt>
      <trkpt lat="34.32350356131792" lon="-117.25022896192968">
        <time>2005-05-19T10:33:09-07:00</time>
      </trkpt>
      <trkpt lat="34.323408426716924" lon="-117.2502435464412">
        <time>2005-05-19T10:33:11-07:00</time>
      </trkpt>
      <trkpt lat="34.323321003466845" lon="-117.25027849897742">
        <time>2005-05-19T10:33:15-07:00</time>
      </trkpt>
      <trkpt lat="34.32323626242578" lon="-117.25032392889261">
        <time>2005-05-19T10:33:18-07:00</time>
      </trkpt>
      <trkpt lat="34.323204662650824" lon="-117.25032568909228">
        <time>2005-05-19T10:33:24-07:00</time>
      </trkpt>
      <trkpt lat="34.32318655773997" lon="-117.25032954476774">
        <time>2005-05-19T10:33:29-07:00</time>
      </trkpt>
      <trkpt lat="34.323122100904584" lon="-117.25033264607191">
        <time>2005-05-19T10:33:30-07:00</time>
      </trkpt>
      <trkpt lat="34.32310290634632" lon="-117.25032879039645">
        <time>2005-05-19T10:33:37-07:00</time>
      </trkpt>
      <trkpt lat="34.32307122275233" lon="-117.25033113732934">
        <time>2005-05-19T10:33:44-07:00</time>
      </trkpt>
      <trkpt lat="34.3230349291116" lon="-117.25034731440246">
        <time>2005-05-19T10:33:50-07:00</time>
      </trkpt>
      <trkpt lat="34.32297960855067" lon="-117.25036131218076">
        <time>2005-05-19T10:33:54-07:00</time>
      </trkpt>
      <trkpt lat="34.32295496575534" lon="-117.25035754032433">
        <time>2005-05-19T10:33:56-07:00</time>
      </trkpt>
      <trkpt lat="34.32286821305752" lon="-117.25034656003118">
        <time>2005-05-19T10:34:01-07:00</time>
      </trkpt>
      <trkpt lat="34.322780622169375" lon="-117.25035871379077">
        <time>2005-05-19T10:34:03-07:00</time>
      </trkpt>
      <trkpt lat="34.322737539187074" lon="-117.2503627371043">
        <time>2005-05-19T10:34:06-07:00</time>
      </trkpt>
      <trkpt lat="34.322691606357694" lon="-117.25034312345088">
        <time>2005-05-19T10:34:09-07:00</time>
      </trkpt>
      <trkpt lat="34.322642823681235" lon="-117.25032141432166">
        <time>2005-05-19T10:34:13-07:00</time>
      </trkpt>
      <trkpt lat="34.32262974791229" lon="-117.25031697191298">
        <time>2005-05-19T10:34:15-07:00</time>
      </trkpt>
      <trkpt lat="34.32254827581346" lon="-117.25029819644988">
        <time>2005-05-19T10:34:22-07:00</time>
      </trkpt>
      <trkpt lat="34.322508461773396" lon="-117.25028126500547">
        <time>2005-05-19T10:34:29-07:00</time>
      </trkpt>
      <trkpt lat="34.322495302185416" lon="-117.25025494582951">
        <time>2005-05-19T10:34:33-07:00</time>
      </trkpt>
      <trkpt lat="34.32245314121246" lon="-117.25024664774537">
        <time>2005-05-19T10:34:36-07:00</time>
      </trkpt>
      <trkpt lat="34.32239580899477" lon="-117.25020465441048">
        <time>2005-05-19T10:34:40-07:00</time>
      </trkpt>
      <trkpt lat="34.322341829538345" lon="-117.25024069659412">
        <time>2005-05-19T10:34:41-07:00</time>
      </trkpt>
      <trkpt lat="34.322300255298615" lon="-117.25026877596974">
        <time>2005-05-19T10:34:47-07:00</time>
      </trkpt>
      <trkpt lat="34.32226496748626" lon="-117.25027305074036">
        <time>2005-05-19T10:34:53-07:00</time>
      </trkpt>
      <trkpt lat="34.322219621390104" lon="-117.25028386339545">
        <time>2005-05-19T10:34:59-07:00</time>
      </trkpt>
      <trkpt lat="34.32220729999244" lon="-117.2503093443811">
        <time>2005-05-19T10:35:04-07:00</time>
      </trkpt>
      <trkpt lat="34.32219531387091" lon="-117.25034035742283">
        <time>2005-05-19T10:35:09-07:00</time>
      </trkpt>
      <trkpt lat="34.32217586785555" lon="-117.25039165467024">
        <time>2005-05-19T10:35:14-07:00</time>
      </trkpt>
      <trkpt lat="34.32216363027692" lon="-117.25040649063885">
        <time>2005-05-19T10:35:19-07:00</time>
      </trkpt>
      <trkpt lat="34.322110656648874" lon="-117.2504248470068">
        <time>2005-05-19T10:35:22-07:00</time>
      </trkpt>
      <trkpt lat="34.32209967635572" lon="-117.25042082369328">
        <time>2005-05-19T10:35:26-07:00</time>
      </trkpt>
      <trkpt lat="34.32200638577342" lon="-117.25039777345955">
        <time>2005-05-19T10:35:28-07:00</time>
      </trkpt>
      <trkpt lat="34.32190622203052" lon="-117.2504108492285">
        <time>2005-05-19T10:35:31-07:00</time>
      </trkpt>
      <trkpt lat="34.32185182347894" lon="-117.25044169463217">
        <time>2005-05-19T10:35:36-07:00</time>
      </trkpt>
      <trkpt lat="34.321811590343714" lon="-117.25046868436038">
        <time>2005-05-19T10:35:38-07:00</time>
      </trkpt>
      <trkpt lat="34.321778900921345" lon="-117.25050128996372">
        <time>2005-05-19T10:35:43-07:00</time>
      </trkpt>
      <trkpt lat="34.32176683098078" lon="-117.25054143927991">
        <time>2005-05-19T10:35:44-07:00</time>
      </trkpt>
      <trkpt lat="34.321750067174435" lon="-117.25057865493">
        <time>2005-05-19T10:35:52-07:00</time>
      </trkpt>
      <trkpt lat="34.321726597845554" lon="-117.25059198215604">
        <time>2005-05-19T10:35:59-07:00</time>
      </trkpt>
      <trkpt lat="34.32168929837644" lon="-117.2506045550108">
        <time>2005-05-19T10:36:04-07:00</time>
      </trkpt>
      <trkpt lat="34.32165099307895" lon="-117.25066549144685">
        <time>2005-05-19T10:36:08-07:00</time>
      </trkpt>
      <trkpt lat="34.32171662338078" lon="-117.25070756860077">
        <time>2005-05-19T10:36:11-07:00</time>
      </trkpt>
      <trkpt lat="34.321754006668925" lon="-117.25072450004518">
        <time>2005-05-19T10:36:14-07:00</time>
      </trkpt>
      <trkpt lat="34.32176071219146" lon="-117.25074193440378">
        <time>2005-05-19T10:36:17-07:00</time>
      </trkpt>
      <trkpt lat="34.32177395559847" lon="-117.25076724775136">
        <time>2005-05-19T10:36:19-07:00</time>
      </trkpt>
      <trkpt lat="34.321764735504985" lon="-117.25083354860544">
        <time>2005-05-19T10:36:22-07:00</time>
      </trkpt>
      <trkpt lat="34.321753000840545" lon="-117.25085450336337">
        <time>2005-05-19T10:36:28-07:00</time>
      </trkpt>
      <trkpt lat="34.321714360266924" lon="-117.2509238217026">
        <time>2005-05-19T10:36:35-07:00</time>
      </trkpt>
      <trkpt lat="34.32169600389898" lon="-117.25100386887789">
        <time>2005-05-19T10:36:38-07:00</time>
      </trkpt>
      <trkpt lat="34.321701284497976" lon="-117.25101669318974">
        <time>2005-05-19T10:36:39-07:00</time>
      </trkpt>
      <trkpt lat="34.32174394838512" lon="-117.25108517333865">
        <time>2005-05-19T10:36:41-07:00</time>
      </trkpt>
      <trkpt lat="34.32178057730198" lon="-117.25113085471094">
        <time>2005-05-19T10:36:45-07:00</time>
      </trkpt>
      <trkpt lat="34.321817457675934" lon="-117.2512343712151">
        <time>2005-05-19T10:36:47-07:00</time>
      </trkpt>
      <trkpt lat="34.32180253788829" lon="-117.25131743587554">
        <time>2005-05-19T10:36:52-07:00</time>
      </trkpt>
      <trkpt lat="34.32178879156709" lon="-117.25132808089256">
        <time>2005-05-19T10:36:57-07:00</time>
      </trkpt>
      <trkpt lat="34.3217655736953" lon="-117.25137636065483">
        <time>2005-05-19T10:36:58-07:00</time>
      </trkpt>
      <trkpt lat="34.321769177913666" lon="-117.25143587216735">
        <time>2005-05-19T10:37:04-07:00</time>
      </trkpt>
      <trkpt lat="34.321795497089624" lon="-117.25146252661943">
        <time>2005-05-19T10:37:09-07:00</time>
      </trkpt>
      <trkpt lat="34.32185836136341" lon="-117.25151415914297">
        <time>2005-05-19T10:37:16-07:00</time>
      </trkpt>
      <trkpt lat="34.32191686704755" lon="-117.25156931206584">
        <time>2005-05-19T10:37:22-07:00</time>
      </trkpt>
      <trkpt lat="34.321946538984776" lon="-117.2516508679837">
        <time>2005-05-19T10:37:23-07:00</time>
      </trkpt>
      <trkpt lat="34.32196305133402" lon="-117.2516994830221">
        <time>2005-05-19T10:37:27-07:00</time>
      </trkpt>
      <trkpt lat="34.321983586996794" lon="-117.25172345526516">
        <time>2005-05-19T10:37:31-07:00</time>
      </trkpt>
      <trkpt lat="34.32201719842851" lon="-117.25176352076232">
        <time>2005-05-19T10:37:33-07:00</time>
      </trkpt>
      <trkpt lat="34.32202021591365" lon="-117.25177986547351">
        <time>2005-05-19T10:37:39-07:00</time>
      </trkpt>
      <trkpt lat="34.32202331721783" lon="-117.25185186602175">
        <time>2005-05-19T10:37:45-07:00</time>
      </trkpt>
      <trkpt lat="34.32199800387025" lon="-117.25194599479437">
        <time>2005-05-19T10:37:51-07:00</time>
      </trkpt>
      <trkpt lat="34.3219830840826" lon="-117.25203014910221">
        <time>2005-05-19T10:37:54-07:00</time>
      </trkpt>
      <trkpt lat="34.32195760309696" lon="-117.25211765617132">
        <time>2005-05-19T10:37:56-07:00</time>
      </trkpt>
      <trkpt lat="34.32194838300347" lon="-117.25216576829553">
        <time>2005-05-19T10:38:01-07:00</time>
      </trkpt>
      <trkpt lat="34.32195416651666" lon="-117.25218831561506">
        <time>2005-05-19T10:38:02-07:00</time>
      </trkpt>
      <trkpt lat="34.32197067886591" lon="-117.25228713825345">
        <time>2005-05-19T10:38:07-07:00</time>
      </trkpt>
      <trkpt lat="34.321975791826844" lon="-117.25236341357231">
        <time>2005-05-19T10:38:14-07:00</time>
      </trkpt>
      <trkpt lat="34.321995405480266" lon="-117.25246944464743">
        <time>2005-05-19T10:38:20-07:00</time>
      </trkpt>
      <trkpt lat="34.32202784344554" lon="-117.25255695171654">
        <time>2005-05-19T10:38:26-07:00</time>
      </trkpt>
      <trkpt lat="34.322081906720996" lon="-117.25262191146612">
        <time>2005-05-19T10:38:30-07:00</time>
      </trkpt>
      <trkpt lat="34.32209758087993" lon="-117.25271075963974">
        <time>2005-05-19T10:38:31-07:00</time>
      </trkpt>
      <trkpt lat="34.322064220905304" lon="-117.25279508158565">
        <time>2005-05-19T10:38:37-07:00</time>
      </trkpt>
      <trkpt lat="34.32205910794437" lon="-117.25285157561302">
        <time>2005-05-19T10:38:43-07:00</time>
      </trkpt>
      <trkpt lat="34.32205080986023" lon="-117.25288912653923">
        <time>2005-05-19T10:38:49-07:00</time>
      </trkpt>
      <trkpt lat="34.322031699121" lon="-117.25292215123773">
        <time>2005-05-19T10:38:55-07:00</time>
      </trkpt>
      <trkpt lat="34.32203471660614" lon="-117.25295676849782">
        <time>2005-05-19T10:39:01-07:00</time>
      </trkpt>
      <trkpt lat="34.322044271975756" lon="-117.25296908989549">
        <time>2005-05-19T10:39:07-07:00</time>
      </trkpt>
      <trkpt lat="34.322081319987774" lon="-117.25299892947078">
        <time>2005-05-19T10:39:13-07:00</time>
      </trkpt>
      <trkpt lat="34.32214988395572" lon="-117.2530616261065">
        <time>2005-05-19T10:39:17-07:00</time>
      </trkpt>
      <trkpt lat="34.32222565636039" lon="-117.25311828777194">
        <time>2005-05-19T10:39:20-07:00</time>
      </trkpt>
      <trkpt lat="34.3222198728472" lon="-117.25319045595825">
        <time>2005-05-19T10:39:23-07:00</time>
      </trkpt>
      <trkpt lat="34.32217746041715" lon="-117.25325273349881">
        <time>2005-05-19T10:39:25-07:00</time>
      </trkpt>
      <trkpt lat="34.322114093229175" lon="-117.25330562330782">
        <time>2005-05-19T10:39:26-07:00</time>
      </trkpt>
      <trkpt lat="34.3220575992018" lon="-117.25335532799363">
        <time>2005-05-19T10:39:30-07:00</time>
      </trkpt>
      <trkpt lat="34.32202935218811" lon="-117.25344903767109">
        <time>2005-05-19T10:39:36-07:00</time>
      </trkpt>
      <trkpt lat="34.322019293904305" lon="-117.25353218615055">
        <time>2005-05-19T10:39:43-07:00</time>
      </trkpt>
      <trkpt lat="34.32198476046324" lon="-117.25361340679228">
        <time>2005-05-19T10:39:49-07:00</time>
      </trkpt>
      <trkpt lat="34.32193270884454" lon="-117.25365950725973">
        <time>2005-05-19T10:39:54-07:00</time>
      </trkpt>
      <trkpt lat="34.32187730446458" lon="-117.25370099768043">
        <time>2005-05-19T10:40:00-07:00</time>
      </trkpt>
      <trkpt lat="34.32181913405657" lon="-117.2537469305098">
        <time>2005-05-19T10:40:06-07:00</time>
      </trkpt>
      <trkpt lat="34.321781415492296" lon="-117.25382957607508">
        <time>2005-05-19T10:40:12-07:00</time>
      </trkpt>
      <trkpt lat="34.32177630253136" lon="-117.25386687554419">
        <time>2005-05-19T10:40:18-07:00</time>
      </trkpt>
      <trkpt lat="34.32177655398846" lon="-117.2538856510073">
        <time>2005-05-19T10:40:23-07:00</time>
      </trkpt>
      <trkpt lat="34.32178015820682" lon="-117.25394415669143">
        <time>2005-05-19T10:40:28-07:00</time>
      </trkpt>
      <trkpt lat="34.32179398834705" lon="-117.2539784386754">
        <time>2005-05-19T10:40:34-07:00</time>
      </trkpt>
      <trkpt lat="34.32180454954505" lon="-117.25400065071881">
        <time>2005-05-19T10:40:39-07:00</time>
      </trkpt>
      <trkpt lat="34.321817541494966" lon="-117.25406259298325">
        <time>2005-05-19T10:40:45-07:00</time>
      </trkpt>
      <trkpt lat="34.32181821204722" lon="-117.2540801949799">
        <time>2005-05-19T10:40:47-07:00</time>
      </trkpt>
      <trkpt lat="34.321809662505984" lon="-117.25410626269877">
        <time>2005-05-19T10:40:48-07:00</time>
      </trkpt>
      <trkpt lat="34.321784768253565" lon="-117.25413601845503">
        <time>2005-05-19T10:40:52-07:00</time>
      </trkpt>
      <trkpt lat="34.32175861671567" lon="-117.2541684564203">
        <time>2005-05-19T10:40:55-07:00</time>
      </trkpt>
      <trkpt lat="34.3217309564352" lon="-117.25420072674751">
        <time>2005-05-19T10:40:57-07:00</time>
      </trkpt>
      <trkpt lat="34.321691393852234" lon="-117.25424372591078">
        <time>2005-05-19T10:41:01-07:00</time>
      </trkpt>
      <trkpt lat="34.32164344936609" lon="-117.25431061349809">
        <time>2005-05-19T10:41:02-07:00</time>
      </trkpt>
      <trkpt lat="34.32159148156643" lon="-117.25438831374049">
        <time>2005-05-19T10:41:04-07:00</time>
      </trkpt>
      <trkpt lat="34.321558959782124" lon="-117.25442619994283">
        <time>2005-05-19T10:41:07-07:00</time>
      </trkpt>
      <trkpt lat="34.321538507938385" lon="-117.25445184856653">
        <time>2005-05-19T10:41:10-07:00</time>
      </trkpt>
      <trkpt lat="34.321504728868604" lon="-117.25449794903398">
        <time>2005-05-19T10:41:13-07:00</time>
      </trkpt>
      <trkpt lat="34.321492156013846" lon="-117.25451999343932">
        <time>2005-05-19T10:41:17-07:00</time>
      </trkpt>
      <trkpt lat="34.321464244276285" lon="-117.25457330234349">
        <time>2005-05-19T10:41:23-07:00</time>
      </trkpt>
      <trkpt lat="34.32150933891535" lon="-117.25463013164699">
        <time>2005-05-19T10:41:29-07:00</time>
      </trkpt>
      <trkpt lat="34.321569269523025" lon="-117.2546869609505">
        <time>2005-05-19T10:41:32-07:00</time>
      </trkpt>
      <trkpt lat="34.32161629199982" lon="-117.25472367368639">
        <time>2005-05-19T10:41:34-07:00</time>
      </trkpt>
      <trkpt lat="34.32162861339748" lon="-117.25473071448505">
        <time>2005-05-19T10:41:38-07:00</time>
      </trkpt>
      <trkpt lat="34.32164881378412" lon="-117.25474236533046">
        <time>2005-05-19T10:41:41-07:00</time>
      </trkpt>
      <trkpt lat="34.32169742882252" lon="-117.25476616993546">
        <time>2005-05-19T10:41:47-07:00</time>
      </trkpt>
      <trkpt lat="34.321760879829526" lon="-117.25479274056852">
        <time>2005-05-19T10:41:53-07:00</time>
      </trkpt>
      <trkpt lat="34.32181586511433" lon="-117.25482400506735">
        <time>2005-05-19T10:41:59-07:00</time>
      </trkpt>
      <trkpt lat="34.3218778911978" lon="-117.25486130453646">
        <time>2005-05-19T10:42:04-07:00</time>
      </trkpt>
      <trkpt lat="34.32194955646992" lon="-117.25490187294781">
        <time>2005-05-19T10:42:05-07:00</time>
      </trkpt>
      <trkpt lat="34.32197512127459" lon="-117.25491763092577">
        <time>2005-05-19T10:42:07-07:00</time>
      </trkpt>
      <trkpt lat="34.32201962918043" lon="-117.254952583462">
        <time>2005-05-19T10:42:11-07:00</time>
      </trkpt>
      <trkpt lat="34.32209489867091" lon="-117.25500958040357">
        <time>2005-05-19T10:42:16-07:00</time>
      </trkpt>
      <trkpt lat="34.32213789783418" lon="-117.25506406277418">
        <time>2005-05-19T10:42:21-07:00</time>
      </trkpt>
      <trkpt lat="34.32214896194637" lon="-117.25507755763829">
        <time>2005-05-19T10:42:27-07:00</time>
      </trkpt>
      <trkpt lat="34.32218768633902" lon="-117.2551389131695">
        <time>2005-05-19T10:42:33-07:00</time>
      </trkpt>
      <trkpt lat="34.322235798463225" lon="-117.25517093203962">
        <time>2005-05-19T10:42:35-07:00</time>
      </trkpt>
      <trkpt lat="34.32225692085922" lon="-117.25522231310606">
        <time>2005-05-19T10:42:39-07:00</time>
      </trkpt>
      <trkpt lat="34.322256334125996" lon="-117.25524469278753">
        <time>2005-05-19T10:42:46-07:00</time>
      </trkpt>
      <trkpt lat="34.32224401272833" lon="-117.25531434640288">
        <time>2005-05-19T10:42:50-07:00</time>
      </trkpt>
      <trkpt lat="34.3222267460078" lon="-117.25534745492041">
        <time>2005-05-19T10:42:51-07:00</time>
      </trkpt>
      <trkpt lat="34.32223931886256" lon="-117.2553804796189">
        <time>2005-05-19T10:42:57-07:00</time>
      </trkpt>
      <trkpt lat="34.32224057614803" lon="-117.25549506023526">
        <time>2005-05-19T10:43:03-07:00</time>
      </trkpt>
      <trkpt lat="34.32222037576139" lon="-117.25555566139519">
        <time>2005-05-19T10:43:07-07:00</time>
      </trkpt>
      <trkpt lat="34.32221660390496" lon="-117.2555707488209">
        <time>2005-05-19T10:43:09-07:00</time>
      </trkpt>
      <trkpt lat="34.322187937796116" lon="-117.25565775297582">
        <time>2005-05-19T10:43:14-07:00</time>
      </trkpt>
      <trkpt lat="34.32221073657274" lon="-117.2557036858052">
        <time>2005-05-19T10:43:17-07:00</time>
      </trkpt>
      <trkpt lat="34.322221549227834" lon="-117.25571223534644">
        <time>2005-05-19T10:43:19-07:00</time>
      </trkpt>
      <trkpt lat="34.32227795943618" lon="-117.25574391894042">
        <time>2005-05-19T10:43:26-07:00</time>
      </trkpt>
      <trkpt lat="34.32236437685788" lon="-117.25578499026597">
        <time>2005-05-19T10:43:30-07:00</time>
      </trkpt>
      <trkpt lat="34.32243847288191" lon="-117.25578255951405">
        <time>2005-05-19T10:43:31-07:00</time>
      </trkpt>
      <trkpt lat="34.322523549199104" lon="-117.25578540936112">
        <time>2005-05-19T10:43:37-07:00</time>
      </trkpt>
      <trkpt lat="34.32253419421613" lon="-117.25579119287431">
        <time>2005-05-19T10:43:41-07:00</time>
      </trkpt>
      <trkpt lat="34.322556825354695" lon="-117.25581633858383">
        <time>2005-05-19T10:43:42-07:00</time>
      </trkpt>
      <trkpt lat="34.32255112566054" lon="-117.25583888590336">
        <time>2005-05-19T10:43:47-07:00</time>
      </trkpt>
      <trkpt lat="34.32250678539276" lon="-117.25587920285761">
        <time>2005-05-19T10:43:54-07:00</time>
      </trkpt>
      <trkpt lat="34.322460601106286" lon="-117.25595430471003">
        <time>2005-05-19T10:44:00-07:00</time>
      </trkpt>
      <trkpt lat="34.32243327610195" lon="-117.25601733662188">
        <time>2005-05-19T10:44:06-07:00</time>
      </trkpt>
      <trkpt lat="34.32245682924986" lon="-117.256112806499">
        <time>2005-05-19T10:44:07-07:00</time>
      </trkpt>
      <trkpt lat="34.3224839027971" lon="-117.25619863718748">
        <time>2005-05-19T10:44:11-07:00</time>
      </trkpt>
      <trkpt lat="34.3224928714335" lon="-117.25625873543322">
        <time>2005-05-19T10:44:13-07:00</time>
      </trkpt>
      <trkpt lat="34.32248566299677" lon="-117.25629888474941">
        <time>2005-05-19T10:44:17-07:00</time>
      </trkpt>
      <trkpt lat="34.32248373515904" lon="-117.2564119566232">
        <time>2005-05-19T10:44:23-07:00</time>
      </trkpt>
      <trkpt lat="34.32249496690929" lon="-117.25648429244757">
        <time>2005-05-19T10:44:27-07:00</time>
      </trkpt>
      <trkpt lat="34.32249739766121" lon="-117.25652662105858">
        <time>2005-05-19T10:44:33-07:00</time>
      </trkpt>
      <trkpt lat="34.32248909957707" lon="-117.25662888027728">
        <time>2005-05-19T10:44:39-07:00</time>
      </trkpt>
      <trkpt lat="34.32248021475971" lon="-117.25669928826392">
        <time>2005-05-19T10:44:43-07:00</time>
      </trkpt>
      <trkpt lat="34.32247250340879" lon="-117.25674379616976">
        <time>2005-05-19T10:44:46-07:00</time>
      </trkpt>
      <trkpt lat="34.322446435689926" lon="-117.25680842064321">
        <time>2005-05-19T10:44:54-07:00</time>
      </trkpt>
      <trkpt lat="34.32242757640779" lon="-117.25684404373169">
        <time>2005-05-19T10:44:58-07:00</time>
      </trkpt>
      <trkpt lat="34.32240268215537" lon="-117.25687338039279">
        <time>2005-05-19T10:45:01-07:00</time>
      </trkpt>
      <trkpt lat="34.32237032800913" lon="-117.25690254941583">
        <time>2005-05-19T10:45:08-07:00</time>
      </trkpt>
      <trkpt lat="34.32234694249928" lon="-117.25692685693502">
        <time>2005-05-19T10:45:13-07:00</time>
      </trkpt>
      <trkpt lat="34.322320371866226" lon="-117.257011346519">
        <time>2005-05-19T10:45:16-07:00</time>
      </trkpt>
      <trkpt lat="34.32233369909227" lon="-117.25703313946724">
        <time>2005-05-19T10:45:20-07:00</time>
      </trkpt>
      <trkpt lat="34.32235146872699" lon="-117.2570525854826">
        <time>2005-05-19T10:45:23-07:00</time>
      </trkpt>
      <trkpt lat="34.32239480316639" lon="-117.25712969899178">
        <time>2005-05-19T10:45:26-07:00</time>
      </trkpt>
      <trkpt lat="34.322423888370395" lon="-117.25723422132432">
        <time>2005-05-19T10:45:29-07:00</time>
      </trkpt>
      <trkpt lat="34.32242162525654" lon="-117.25728115998209">
        <time>2005-05-19T10:45:31-07:00</time>
      </trkpt>
      <trkpt lat="34.322411650791764" lon="-117.2573269251734">
        <time>2005-05-19T10:45:36-07:00</time>
      </trkpt>
      <trkpt lat="34.32238491252065" lon="-117.25741627626121">
        <time>2005-05-19T10:45:38-07:00</time>
      </trkpt>
      <trkpt lat="34.32239832356572" lon="-117.25751660764217">
        <time>2005-05-19T10:45:40-07:00</time>
      </trkpt>
      <trkpt lat="34.32241785340011" lon="-117.25758039392531">
        <time>2005-05-19T10:45:46-07:00</time>
      </trkpt>
      <trkpt lat="34.32243017479777" lon="-117.25760939531028">
        <time>2005-05-19T10:45:53-07:00</time>
      </trkpt>
      <trkpt lat="34.32245347648859" lon="-117.2576411627233">
        <time>2005-05-19T10:45:56-07:00</time>
      </trkpt>
      <trkpt lat="34.32251583784819" lon="-117.25769522599876">
        <time>2005-05-19T10:45:59-07:00</time>
      </trkpt>
      <trkpt lat="34.322594460099936" lon="-117.2577601019293">
        <time>2005-05-19T10:46:05-07:00</time>
      </trkpt>
      <trkpt lat="34.3225875031203" lon="-117.25784400478005">
        <time>2005-05-19T10:46:11-07:00</time>
      </trkpt>
      <trkpt lat="34.322577361017466" lon="-117.25787401199341">
        <time>2005-05-19T10:46:15-07:00</time>
      </trkpt>
      <trkpt lat="34.322550036013126" lon="-117.25792757235467">
        <time>2005-05-19T10:46:17-07:00</time>
      </trkpt>
      <trkpt lat="34.32249781675637" lon="-117.25796847604215">
        <time>2005-05-19T10:46:21-07:00</time>
      </trkpt>
      <trkpt lat="34.322418104857206" lon="-117.25799378938973">
        <time>2005-05-19T10:46:26-07:00</time>
      </trkpt>
      <trkpt lat="34.322402346879244" lon="-117.25799622014165">
        <time>2005-05-19T10:46:34-07:00</time>
      </trkpt>
      <trkpt lat="34.32231911458075" lon="-117.25799999199808">
        <time>2005-05-19T10:46:39-07:00</time>
      </trkpt>
      <trkpt lat="34.32226337492466" lon="-117.25799722597003">
        <time>2005-05-19T10:46:41-07:00</time>
      </trkpt>
      <trkpt lat="34.32224954478443" lon="-117.25799320265651">
        <time>2005-05-19T10:46:45-07:00</time>
      </trkpt>
      <trkpt lat="34.322161450982094" lon="-117.25802631117404">
        <time>2005-05-19T10:46:50-07:00</time>
      </trkpt>
      <trkpt lat="34.322150722146034" lon="-117.25804433226585">
        <time>2005-05-19T10:46:57-07:00</time>
      </trkpt>
      <trkpt lat="34.32211736217141" lon="-117.25810032337904">
        <time>2005-05-19T10:46:58-07:00</time>
      </trkpt>
      <trkpt lat="34.322070172056556" lon="-117.25816293619573">
        <time>2005-05-19T10:47:04-07:00</time>
      </trkpt>
      <trkpt lat="34.32198928669095" lon="-117.25821213796735">
        <time>2005-05-19T10:47:08-07:00</time>
      </trkpt>
      <trkpt lat="34.32190915569663" lon="-117.25823904387653">
        <time>2005-05-19T10:47:09-07:00</time>
      </trkpt>
      <trkpt lat="34.32181519456208" lon="-117.25828992202878">
        <time>2005-05-19T10:47:16-07:00</time>
      </trkpt>
      <trkpt lat="34.321719305589795" lon="-117.25831624120474">
        <time>2005-05-19T10:47:17-07:00</time>
      </trkpt>
      <trkpt lat="34.32165208272636" lon="-117.25833711214364">
        <time>2005-05-19T10:47:21-07:00</time>
      </trkpt>
      <trkpt lat="34.321639593690634" lon="-117.2583420574665">
        <time>2005-05-19T10:47:26-07:00</time>
      </trkpt>
      <trkpt lat="34.32157354429364" lon="-117.25835270248353">
        <time>2005-05-19T10:47:33-07:00</time>
      </trkpt>
      <trkpt lat="34.32152761146426" lon="-117.25835127756">
        <time>2005-05-19T10:47:40-07:00</time>
      </trkpt>
      <trkpt lat="34.321454018354416" lon="-117.25832177326083">
        <time>2005-05-19T10:47:48-07:00</time>
      </trkpt>
      <trkpt lat="34.32141839526594" lon="-117.2582926042378">
        <time>2005-05-19T10:47:56-07:00</time>
      </trkpt>
      <trkpt lat="34.32138134725392" lon="-117.25828237831593">
        <time>2005-05-19T10:48:02-07:00</time>
      </trkpt>
      <trkpt lat="34.321344466879964" lon="-117.25824843160808">
        <time>2005-05-19T10:48:03-07:00</time>
      </trkpt>
      <trkpt lat="34.321338599547744" lon="-117.258216496557">
        <time>2005-05-19T10:48:08-07:00</time>
      </trkpt>
      <trkpt lat="34.32131580077112" lon="-117.25811935029924">
        <time>2005-05-19T10:48:11-07:00</time>
      </trkpt>
      <trkpt lat="34.32129727676511" lon="-117.25802362896502">
        <time>2005-05-19T10:48:17-07:00</time>
      </trkpt>
      <trkpt lat="34.32128520682454" lon="-117.25801608525217">
        <time>2005-05-19T10:48:20-07:00</time>
      </trkpt>
      <trkpt lat="34.321233658120036" lon="-117.25802044384181">
        <time>2005-05-19T10:48:23-07:00</time>
      </trkpt>
      <trkpt lat="34.32116936892271" lon="-117.25802924484015">
        <time>2005-05-19T10:48:27-07:00</time>
      </trkpt>
      <trkpt lat="34.321107510477304" lon="-117.25801499560475">
        <time>2005-05-19T10:48:29-07:00</time>
      </trkpt>
      <trkpt lat="34.32109669782221" lon="-117.25801072083414">
        <time>2005-05-19T10:48:35-07:00</time>
      </trkpt>
      <trkpt lat="34.32103073224425" lon="-117.25797182880342">
        <time>2005-05-19T10:48:41-07:00</time>
      </trkpt>
      <trkpt lat="34.32099309749901" lon="-117.2579347807914">
        <time>2005-05-19T10:48:42-07:00</time>
      </trkpt>
      <trkpt lat="34.320962419733405" lon="-117.25789127871394">
        <time>2005-05-19T10:48:47-07:00</time>
      </trkpt>
      <trkpt lat="34.32094691321254" lon="-117.25787049159408">
        <time>2005-05-19T10:48:52-07:00</time>
      </trkpt>
      <trkpt lat="34.32091757655144" lon="-117.2577860020101">
        <time>2005-05-19T10:48:57-07:00</time>
      </trkpt>
      <trkpt lat="34.32091380469501" lon="-117.2577688191086">
        <time>2005-05-19T10:48:58-07:00</time>
      </trkpt>
      <trkpt lat="34.32091145776212" lon="-117.25767812691629">
        <time>2005-05-19T10:49:04-07:00</time>
      </trkpt>
      <trkpt lat="34.3208971247077" lon="-117.2576675657183">
        <time>2005-05-19T10:49:09-07:00</time>
      </trkpt>
      <trkpt lat="34.32087172754109" lon="-117.25763336755335">
        <time>2005-05-19T10:49:13-07:00</time>
      </trkpt>
      <trkpt lat="34.32084574364126" lon="-117.25758173502982">
        <time>2005-05-19T10:49:15-07:00</time>
      </trkpt>
      <trkpt lat="34.320831494405866" lon="-117.25758944638073">
        <time>2005-05-19T10:49:21-07:00</time>
      </trkpt>
      <trkpt lat="34.32077986188233" lon="-117.25758885964751">
        <time>2005-05-19T10:49:22-07:00</time>
      </trkpt>
      <trkpt lat="34.320720853284" lon="-117.25756698288023">
        <time>2005-05-19T10:49:28-07:00</time>
      </trkpt>
      <trkpt lat="34.32066595181823" lon="-117.25753865204751">
        <time>2005-05-19T10:49:29-07:00</time>
      </trkpt>
      <trkpt lat="34.32064013555646" lon="-117.25753890350461">
        <time>2005-05-19T10:49:33-07:00</time>
      </trkpt>
      <trkpt lat="34.32061264291406" lon="-117.25757326930761">
        <time>2005-05-19T10:49:37-07:00</time>
      </trkpt>
      <trkpt lat="34.320554891601205" lon="-117.2576448507607">
        <time>2005-05-19T10:49:38-07:00</time>
      </trkpt>
      <trkpt lat="34.32054257020354" lon="-117.25773051381111">
        <time>2005-05-19T10:49:43-07:00</time>
      </trkpt>
      <trkpt lat="34.32053301483393" lon="-117.25780745968223">
        <time>2005-05-19T10:49:48-07:00</time>
      </trkpt>
      <trkpt lat="34.32052907533944" lon="-117.25781818851829">
        <time>2005-05-19T10:49:53-07:00</time>
      </trkpt>
      <trkpt lat="34.320462103933096" lon="-117.2579139098525">
        <time>2005-05-19T10:49:55-07:00</time>
      </trkpt>
      <trkpt lat="34.320383816957474" lon="-117.25801298394799">
        <time>2005-05-19T10:49:58-07:00</time>
      </trkpt>
      <trkpt lat="34.320359928533435" lon="-117.25803025066853">
        <time>2005-05-19T10:50:04-07:00</time>
      </trkpt>
      <trkpt lat="34.3202995788306" lon="-117.25807501003146">
        <time>2005-05-19T10:50:10-07:00</time>
      </trkpt>
      <trkpt lat="34.32024182751775" lon="-117.25812236778438">
        <time>2005-05-19T10:50:15-07:00</time>
      </trkpt>
      <trkpt lat="34.32021785527468" lon="-117.25817877799273">
        <time>2005-05-19T10:50:16-07:00</time>
      </trkpt>
      <trkpt lat="34.32023688219488" lon="-117.25821188651025">
        <time>2005-05-19T10:50:24-07:00</time>
      </trkpt>
      <trkpt lat="34.320281222462654" lon="-117.25824683904648">
        <time>2005-05-19T10:50:32-07:00</time>
      </trkpt>
      <trkpt lat="34.320332352072" lon="-117.25831020623446">
        <time>2005-05-19T10:50:34-07:00</time>
      </trkpt>
      <trkpt lat="34.32039177976549" lon="-117.25836938247085">
        <time>2005-05-19T10:50:39-07:00</time>
      </trkpt>
      <trkpt lat="34.32040276005864" lon="-117.2584009822458">
        <time>2005-05-19T10:50:45-07:00</time>
      </trkpt>
      <trkpt lat="34.32039781473577" lon="-117.25849863141775">
        <time>2005-05-19T10:50:49-07:00</time>
      </trkpt>
      <trkpt lat="34.320358000695705" lon="-117.2585859708488">
        <time>2005-05-19T10:50:51-07:00</time>
      </trkpt>
      <trkpt lat="34.32031290605664" lon="-117.25866635330021">
        <time>2005-05-19T10:50:55-07:00</time>
      </trkpt>
      <trkpt lat="34.32027116417885" lon="-117.25872661918402">
        <time>2005-05-19T10:51:01-07:00</time>
      </trkpt>
      <trkpt lat="34.320261776447296" lon="-117.25874522700906">
        <time>2005-05-19T10:51:07-07:00</time>
      </trkpt>
      <trkpt lat="34.32022682391107" lon="-117.25881085731089">
        <time>2005-05-19T10:51:09-07:00</time>
      </trkpt>
      <trkpt lat="34.32017787359655" lon="-117.25888235494494">
        <time>2005-05-19T10:51:15-07:00</time>
      </trkpt>
      <trkpt lat="34.32011961936951" lon="-117.25896307267249">
        <time>2005-05-19T10:51:21-07:00</time>
      </trkpt>
      <trkpt lat="34.32009941898286" lon="-117.25898050703108">
        <time>2005-05-19T10:51:27-07:00</time>
      </trkpt>
      <trkpt lat="34.32006320916116" lon="-117.25901034660637">
        <time>2005-05-19T10:51:33-07:00</time>
      </trkpt>
      <trkpt lat="34.32005373761058" lon="-117.25905384868383">
        <time>2005-05-19T10:51:34-07:00</time>
      </trkpt>
      <trkpt lat="34.32005533017218" lon="-117.25911168381572">
        <time>2005-05-19T10:51:39-07:00</time>
      </trkpt>
      <trkpt lat="34.320043846964836" lon="-117.25919164717197">
        <time>2005-05-19T10:51:45-07:00</time>
      </trkpt>
      <trkpt lat="34.32001853361726" lon="-117.25927940569818">
        <time>2005-05-19T10:51:51-07:00</time>
      </trkpt>
      <trkpt lat="34.320002188906074" lon="-117.25938778370619">
        <time>2005-05-19T10:51:53-07:00</time>
      </trkpt>
      <trkpt lat="34.319988107308745" lon="-117.2594647295773">
        <time>2005-05-19T10:51:57-07:00</time>
      </trkpt>
      <trkpt lat="34.31996329687536" lon="-117.25955341011286">
        <time>2005-05-19T10:52:00-07:00</time>
      </trkpt>
      <trkpt lat="34.31994158774614" lon="-117.25963220000267">
        <time>2005-05-19T10:52:03-07:00</time>
      </trkpt>
      <trkpt lat="34.31989783421159" lon="-117.25971308536828">
        <time>2005-05-19T10:52:08-07:00</time>
      </trkpt>
      <trkpt lat="34.31988903321326" lon="-117.25972683168948">
        <time>2005-05-19T10:52:14-07:00</time>
      </trkpt>
      <trkpt lat="34.319849302992225" lon="-117.2597792185843">
        <time>2005-05-19T10:52:22-07:00</time>
      </trkpt>
      <trkpt lat="34.31979197077453" lon="-117.2598357964307">
        <time>2005-05-19T10:52:27-07:00</time>
      </trkpt>
      <trkpt lat="34.31971661746502" lon="-117.25985557772219">
        <time>2005-05-19T10:52:34-07:00</time>
      </trkpt>
      <trkpt lat="34.319607904180884" lon="-117.25984266959131">
        <time>2005-05-19T10:52:40-07:00</time>
      </trkpt>
      <trkpt lat="34.319553170353174" lon="-117.25981559604406">
        <time>2005-05-19T10:52:47-07:00</time>
      </trkpt>
      <trkpt lat="34.319544956088066" lon="-117.25979899987578">
        <time>2005-05-19T10:52:48-07:00</time>
      </trkpt>
      <trkpt lat="34.31952022947371" lon="-117.25974569097161">
        <time>2005-05-19T10:52:53-07:00</time>
      </trkpt>
      <trkpt lat="34.319506818428636" lon="-117.25972171872854">
        <time>2005-05-19T10:52:59-07:00</time>
      </trkpt>
      <trkpt lat="34.31945074349642" lon="-117.25967679172754">
        <time>2005-05-19T10:53:05-07:00</time>
      </trkpt>
      <trkpt lat="34.319397769868374" lon="-117.25970143452287">
        <time>2005-05-19T10:53:13-07:00</time>
      </trkpt>
      <trkpt lat="34.31937715038657" lon="-117.2597189527005">
        <time>2005-05-19T10:53:17-07:00</time>
      </trkpt>
      <trkpt lat="34.3193151243031" lon="-117.25979782640934">
        <time>2005-05-19T10:53:18-07:00</time>
      </trkpt>
      <trkpt lat="34.319231137633324" lon="-117.25985180586576">
        <time>2005-05-19T10:53:22-07:00</time>
      </trkpt>
      <trkpt lat="34.31918369606137" lon="-117.25985080003738">
        <time>2005-05-19T10:53:24-07:00</time>
      </trkpt>
      <trkpt lat="34.31914723478258" lon="-117.25984862074256">
        <time>2005-05-19T10:53:29-07:00</time>
      </trkpt>
      <trkpt lat="34.319078754633665" lon="-117.25986178033054">
        <time>2005-05-19T10:53:33-07:00</time>
      </trkpt>
      <trkpt lat="34.319042544811964" lon="-117.25987946614623">
        <time>2005-05-19T10:53:35-07:00</time>
      </trkpt>
      <trkpt lat="34.31897582486272" lon="-117.25988231599331">
        <time>2005-05-19T10:53:42-07:00</time>
      </trkpt>
      <trkpt lat="34.31890013627708" lon="-117.25987636484206">
        <time>2005-05-19T10:53:49-07:00</time>
      </trkpt>
      <trkpt lat="34.3188526108861" lon="-117.25991500541568">
        <time>2005-05-19T10:53:53-07:00</time>
      </trkpt>
      <trkpt lat="34.31878915987909" lon="-117.2599398996681">
        <time>2005-05-19T10:53:56-07:00</time>
      </trkpt>
      <trkpt lat="34.31878915987909" lon="-117.2599398996681">
        <time>2005-05-19T10:54:03-07:00</time>
      </trkpt>
      <trkpt lat="34.31878915987909" lon="-117.2599398996681">
        <time>2005-05-19T10:54:07-07:00</time>
      </trkpt>
      <trkpt lat="34.31878915987909" lon="-117.2599398996681">
        <time>2005-05-19T10:54:13-07:00</time>
      </trkpt>
      <trkpt lat="34.31878915987909" lon="-117.2599398996681">
        <time>2005-05-19T10:54:19-07:00</time>
      </trkpt>
      <trkpt lat="34.31878915987909" lon="-117.2599398996681">
        <time>2005-05-19T10:54:24-07:00</time>
      </trkpt>
      <trkpt lat="34.31878915987909" lon="-117.2599398996681">
        <time>2005-05-19T10:54:30-07:00</time>
      </trkpt>
      <trkpt lat="34.31878915987909" lon="-117.2599398996681">
        <time>2005-05-19T10:54:34-07:00</time>
      </trkpt>
      <trkpt lat="34.31878915987909" lon="-117.2599398996681">
        <time>2005-05-19T10:54:35-07:00</time>
      </trkpt>
      <trkpt lat="34.31878915987909" lon="-117.2599398996681">
        <time>2005-05-19T10:54:42-07:00</time>
      </trkpt>
      <trkpt lat="34.31878915987909" lon="-117.2599398996681">
        <time>2005-05-19T10:54:45-07:00</time>
      </trkpt>
      <trkpt lat="34.31878915987909" lon="-117.2599398996681">
        <time>2005-05-19T10:54:50-07:00</time>
      </trkpt>
      <trkpt lat="34.31878915987909" lon="-117.2599398996681">
        <time>2005-05-19T10:54:54-07:00</time>
      </trkpt>
      <trkpt lat="34.31878915987909" lon="-117.2599398996681">
        <time>2005-05-19T10:55:03-07:00</time>
      </trkpt>
      <trkpt lat="34.31878915987909" lon="-117.2599398996681">
        <time>2005-05-19T10:55:11-07:00</time>
      </trkpt>
      <trkpt lat="34.31878915987909" lon="-117.2599398996681">
        <time>2005-05-19T10:55:20-07:00</time>
      </trkpt>
      <trkpt lat="34.31878915987909" lon="-117.2599398996681">
        <time>2005-05-19T10:55:29-07:00</time>
      </trkpt>
      <trkpt lat="34.31878915987909" lon="-117.2599398996681">
        <time>2005-05-19T10:55:36-07:00</time>
      </trkpt>
      <trkpt lat="34.31878915987909" lon="-117.2599398996681">
        <time>2005-05-19T10:55:37-07:00</time>
      </trkpt>
      <trkpt lat="34.31878915987909" lon="-117.2599398996681">
        <time>2005-05-19T10:55:39-07:00</time>
      </trkpt>
      <trkpt lat="34.31877910159528" lon="-117.25994585081935">
        <time>2005-05-19T10:55:47-07:00</time>
      </trkpt>
      <trkpt lat="34.31877910159528" lon="-117.25994601845741">
        <time>2005-05-19T10:55:56-07:00</time>
      </trkpt>
      <trkpt lat="34.31877910159528" lon="-117.25994635373354">
        <time>2005-05-19T10:56:07-07:00</time>
      </trkpt>
      <trkpt lat="34.31877885013819" lon="-117.25994769483805">
        <time>2005-05-19T10:56:19-07:00</time>
      </trkpt>
      <trkpt lat="34.31874322704971" lon="-117.25995859131217">
        <time>2005-05-19T10:56:28-07:00</time>
      </trkpt>
      <trkpt lat="34.31864465586841" lon="-117.259960770607">
        <time>2005-05-19T10:56:38-07:00</time>
      </trkpt>
      <trkpt lat="34.31856553070247" lon="-117.2599705774337">
        <time>2005-05-19T10:56:45-07:00</time>
      </trkpt>
      <trkpt lat="34.318551952019334" lon="-117.25997845642269">
        <time>2005-05-19T10:56:47-07:00</time>
      </trkpt>
      <trkpt lat="34.31850593537092" lon="-117.26001516915858">
        <time>2005-05-19T10:56:48-07:00</time>
      </trkpt>
      <trkpt lat="34.31845271028578" lon="-117.26005305536091">
        <time>2005-05-19T10:56:54-07:00</time>
      </trkpt>
      <trkpt lat="34.318394120782614" lon="-117.26007032208145">
        <time>2005-05-19T10:56:57-07:00</time>
      </trkpt>
      <trkpt lat="34.318308709189296" lon="-117.26007962599397">
        <time>2005-05-19T10:57:04-07:00</time>
      </trkpt>
      <trkpt lat="34.318294040858746" lon="-117.26007560268044">
        <time>2005-05-19T10:57:10-07:00</time>
      </trkpt>
      <trkpt lat="34.31822723709047" lon="-117.26006621494889">
        <time>2005-05-19T10:57:11-07:00</time>
      </trkpt>
      <trkpt lat="34.31821307167411" lon="-117.26006051525474">
        <time>2005-05-19T10:57:15-07:00</time>
      </trkpt>
      <trkpt lat="34.31812405586243" lon="-117.26005523465574">
        <time>2005-05-19T10:57:21-07:00</time>
      </trkpt>
      <trkpt lat="34.31805322878063" lon="-117.26005833595991">
        <time>2005-05-19T10:57:26-07:00</time>
      </trkpt>
      <trkpt lat="34.31798877194524" lon="-117.26003696210682">
        <time>2005-05-19T10:57:32-07:00</time>
      </trkpt>
      <trkpt lat="34.31791132315993" lon="-117.26004752330482">
        <time>2005-05-19T10:57:33-07:00</time>
      </trkpt>
      <trkpt lat="34.31784259155393" lon="-117.26007459685206">
        <time>2005-05-19T10:57:38-07:00</time>
      </trkpt>
      <trkpt lat="34.31781526654959" lon="-117.26007610559464">
        <time>2005-05-19T10:57:39-07:00</time>
      </trkpt>
      <trkpt lat="34.31775575503707" lon="-117.26008867844939">
        <time>2005-05-19T10:57:45-07:00</time>
      </trkpt>
      <trkpt lat="34.31768492795527" lon="-117.26013645529747">
        <time>2005-05-19T10:57:51-07:00</time>
      </trkpt>
      <trkpt lat="34.31761644780636" lon="-117.26018775254488">
        <time>2005-05-19T10:57:57-07:00</time>
      </trkpt>
      <trkpt lat="34.3175332993269" lon="-117.26018825545907">
        <time>2005-05-19T10:58:03-07:00</time>
      </trkpt>
      <trkpt lat="34.31745585054159" lon="-117.26015816442668">
        <time>2005-05-19T10:58:09-07:00</time>
      </trkpt>
      <trkpt lat="34.31741025298834" lon="-117.26009923964739">
        <time>2005-05-19T10:58:11-07:00</time>
      </trkpt>
      <trkpt lat="34.31739700958133" lon="-117.26009379141033">
        <time>2005-05-19T10:58:15-07:00</time>
      </trkpt>
      <trkpt lat="34.31731419637799" lon="-117.26007677614689">
        <time>2005-05-19T10:58:22-07:00</time>
      </trkpt>
      <trkpt lat="34.31723523885012" lon="-117.26007677614689">
        <time>2005-05-19T10:58:29-07:00</time>
      </trkpt>
      <trkpt lat="34.31715494021773" lon="-117.26008557714522">
        <time>2005-05-19T10:58:36-07:00</time>
      </trkpt>
      <trkpt lat="34.31708964519203" lon="-117.26009982638061">
        <time>2005-05-19T10:58:44-07:00</time>
      </trkpt>
      <trkpt lat="34.31703491136432" lon="-117.26011122576892">
        <time>2005-05-19T10:58:50-07:00</time>
      </trkpt>
      <trkpt lat="34.31702761910856" lon="-117.26010871119797">
        <time>2005-05-19T10:58:51-07:00</time>
      </trkpt>
      <trkpt lat="34.31701077148318" lon="-117.26011516526341">
        <time>2005-05-19T10:58:58-07:00</time>
      </trkpt>
      <trkpt lat="34.31699207983911" lon="-117.26011684164405">
        <time>2005-05-19T10:59:04-07:00</time>
      </trkpt>
      <trkpt lat="34.316974729299545" lon="-117.26012857630849">
        <time>2005-05-19T10:59:11-07:00</time>
      </trkpt>
      <trkpt lat="34.316903399303555" lon="-117.2601764369756">
        <time>2005-05-19T10:59:16-07:00</time>
      </trkpt>
      <trkpt lat="34.31684120558202" lon="-117.26022580638528">
        <time>2005-05-19T10:59:22-07:00</time>
      </trkpt>
      <trkpt lat="34.31683483533561" lon="-117.26022580638528">
        <time>2005-05-19T10:59:23-07:00</time>
      </trkpt>
      <trkpt lat="34.31678798049688" lon="-117.26022806949914">
        <time>2005-05-19T10:59:25-07:00</time>
      </trkpt>
      <trkpt lat="34.31678186170757" lon="-117.26023435592651">
        <time>2005-05-19T10:59:28-07:00</time>
      </trkpt>
      <trkpt lat="34.31677498854697" lon="-117.26026545278728">
        <time>2005-05-19T10:59:30-07:00</time>
      </trkpt>
      <trkpt lat="34.31680583395064" lon="-117.26030082441866">
        <time>2005-05-19T10:59:36-07:00</time>
      </trkpt>
      <trkpt lat="34.31680893525481" lon="-117.26032580249012">
        <time>2005-05-19T10:59:43-07:00</time>
      </trkpt>
      <trkpt lat="34.316811952739954" lon="-117.26034298539162">
        <time>2005-05-19T10:59:44-07:00</time>
      </trkpt>
      <trkpt lat="34.316811030730605" lon="-117.26039570756257">
        <time>2005-05-19T10:59:49-07:00</time>
      </trkpt>
      <trkpt lat="34.31680985726416" lon="-117.26040752604604">
        <time>2005-05-19T10:59:50-07:00</time>
      </trkpt>
      <trkpt lat="34.316815389320254" lon="-117.26043778471649">
        <time>2005-05-19T10:59:55-07:00</time>
      </trkpt>
      <trkpt lat="34.31682435795665" lon="-117.26052436977625">
        <time>2005-05-19T11:00:00-07:00</time>
      </trkpt>
      <trkpt lat="34.31685562245548" lon="-117.26059829816222">
        <time>2005-05-19T11:00:04-07:00</time>
      </trkpt>
      <trkpt lat="34.31685587391257" lon="-117.26062503643334">
        <time>2005-05-19T11:00:06-07:00</time>
      </trkpt>
      <trkpt lat="34.31683709844947" lon="-117.26067557930946">
        <time>2005-05-19T11:00:10-07:00</time>
      </trkpt>
      <trkpt lat="34.31682066991925" lon="-117.26071983575821">
        <time>2005-05-19T11:00:11-07:00</time>
      </trkpt>
      <trkpt lat="34.316815473139286" lon="-117.26077314466238">
        <time>2005-05-19T11:00:14-07:00</time>
      </trkpt>
      <trkpt lat="34.31678161025047" lon="-117.26085260510445">
        <time>2005-05-19T11:00:21-07:00</time>
      </trkpt>
      <trkpt lat="34.31678454391658" lon="-117.26090583018959">
        <time>2005-05-19T11:00:26-07:00</time>
      </trkpt>
      <trkpt lat="34.31678186170757" lon="-117.26097162812948">
        <time>2005-05-19T11:00:28-07:00</time>
      </trkpt>
      <trkpt lat="34.316774317994714" lon="-117.26105025038123">
        <time>2005-05-19T11:00:32-07:00</time>
      </trkpt>
      <trkpt lat="34.316759230569005" lon="-117.26108235307038">
        <time>2005-05-19T11:00:36-07:00</time>
      </trkpt>
      <trkpt lat="34.31674380786717" lon="-117.26114111021161">
        <time>2005-05-19T11:00:39-07:00</time>
      </trkpt>
      <trkpt lat="34.31671891361475" lon="-117.26125502027571">
        <time>2005-05-19T11:00:44-07:00</time>
      </trkpt>
      <trkpt lat="34.316706424579024" lon="-117.26130103692412">
        <time>2005-05-19T11:00:49-07:00</time>
      </trkpt>
      <trkpt lat="34.31669066660106" lon="-117.26138267666101">
        <time>2005-05-19T11:00:53-07:00</time>
      </trkpt>
      <trkpt lat="34.31665780954063" lon="-117.26144688203931">
        <time>2005-05-19T11:00:57-07:00</time>
      </trkpt>
      <trkpt lat="34.316639034077525" lon="-117.2614613827318">
        <time>2005-05-19T11:00:59-07:00</time>
      </trkpt>
      <trkpt lat="34.31656301021576" lon="-117.26152106188238">
        <time>2005-05-19T11:01:03-07:00</time>
      </trkpt>
      <trkpt lat="34.316560411825776" lon="-117.26153288036585">
        <time>2005-05-19T11:01:10-07:00</time>
      </trkpt>
      <trkpt lat="34.31650483980775" lon="-117.26160731166601">
        <time>2005-05-19T11:01:13-07:00</time>
      </trkpt>
      <trkpt lat="34.316440131515265" lon="-117.26167721673846">
        <time>2005-05-19T11:01:18-07:00</time>
      </trkpt>
      <trkpt lat="34.31640911847353" lon="-117.26172398775816">
        <time>2005-05-19T11:01:23-07:00</time>
      </trkpt>
      <trkpt lat="34.3164003174752" lon="-117.26175583899021">
        <time>2005-05-19T11:01:25-07:00</time>
      </trkpt>
      <trkpt lat="34.31642638519406" lon="-117.26183571852744">
        <time>2005-05-19T11:01:32-07:00</time>
      </trkpt>
      <trkpt lat="34.31643401272595" lon="-117.2619083058089">
        <time>2005-05-19T11:01:33-07:00</time>
      </trkpt>
      <trkpt lat="34.316414231434464" lon="-117.26200595498085">
        <time>2005-05-19T11:01:39-07:00</time>
      </trkpt>
      <trkpt lat="34.316432336345315" lon="-117.26208918727934">
        <time>2005-05-19T11:01:46-07:00</time>
      </trkpt>
      <trkpt lat="34.31643049232662" lon="-117.26220259442925">
        <time>2005-05-19T11:01:49-07:00</time>
      </trkpt>
      <trkpt lat="34.31641045957804" lon="-117.262281216681">
        <time>2005-05-19T11:01:51-07:00</time>
      </trkpt>
      <trkpt lat="34.316375674679875" lon="-117.2623144928366">
        <time>2005-05-19T11:01:57-07:00</time>
      </trkpt>
      <trkpt lat="34.31630308739841" lon="-117.26232052780688">
        <time>2005-05-19T11:02:02-07:00</time>
      </trkpt>
      <trkpt lat="34.31624097749591" lon="-117.26233201101422">
        <time>2005-05-19T11:02:08-07:00</time>
      </trkpt>
      <trkpt lat="34.31622966192663" lon="-117.26234022527933">
        <time>2005-05-19T11:02:14-07:00</time>
      </trkpt>
      <trkpt lat="34.31617124006152" lon="-117.26237333379686">
        <time>2005-05-19T11:02:21-07:00</time>
      </trkpt>
      <trkpt lat="34.31610284373164" lon="-117.26237593218684">
        <time>2005-05-19T11:02:26-07:00</time>
      </trkpt>
      <trkpt lat="34.316100999712944" lon="-117.2623935341835">
        <time>2005-05-19T11:02:31-07:00</time>
      </trkpt>
      <trkpt lat="34.31611650623381" lon="-117.26246871985495">
        <time>2005-05-19T11:02:37-07:00</time>
      </trkpt>
      <trkpt lat="34.31617559865117" lon="-117.2625354398042">
        <time>2005-05-19T11:02:42-07:00</time>
      </trkpt>
      <trkpt lat="34.31621088646352" lon="-117.262590425089">
        <time>2005-05-19T11:02:43-07:00</time>
      </trkpt>
      <trkpt lat="34.31625070050359" lon="-117.26267784833908">
        <time>2005-05-19T11:02:49-07:00</time>
      </trkpt>
      <trkpt lat="34.316306691616774" lon="-117.26279159076512">
        <time>2005-05-19T11:02:55-07:00</time>
      </trkpt>
      <trkpt lat="34.31635798886418" lon="-117.26285018026829">
        <time>2005-05-19T11:02:56-07:00</time>
      </trkpt>
      <trkpt lat="34.31639235466719" lon="-117.2629014775157">
        <time>2005-05-19T11:03:02-07:00</time>
      </trkpt>
      <trkpt lat="34.31638699024916" lon="-117.26292218081653">
        <time>2005-05-19T11:03:08-07:00</time>
      </trkpt>
      <trkpt lat="34.316374165937304" lon="-117.26293341256678">
        <time>2005-05-19T11:03:13-07:00</time>
      </trkpt>
      <trkpt lat="34.316361006349325" lon="-117.26293827407062">
        <time>2005-05-19T11:03:20-07:00</time>
      </trkpt>
      <trkpt lat="34.31631381623447" lon="-117.26297833956778">
        <time>2005-05-19T11:03:29-07:00</time>
      </trkpt>
      <trkpt lat="34.31630325503647" lon="-117.26298982277513">
        <time>2005-05-19T11:03:34-07:00</time>
      </trkpt>
      <trkpt lat="34.31625765748322" lon="-117.2630220092833">
        <time>2005-05-19T11:03:39-07:00</time>
      </trkpt>
      <trkpt lat="34.31621960364282" lon="-117.26305880583823">
        <time>2005-05-19T11:03:41-07:00</time>
      </trkpt>
      <trkpt lat="34.31621650233865" lon="-117.26307171396911">
        <time>2005-05-19T11:03:43-07:00</time>
      </trkpt>
      <trkpt lat="34.31624449789524" lon="-117.26311102509499">
        <time>2005-05-19T11:03:45-07:00</time>
      </trkpt>
      <trkpt lat="34.316279869526625" lon="-117.26318210363388">
        <time>2005-05-19T11:03:50-07:00</time>
      </trkpt>
      <trkpt lat="34.3162602558732" lon="-117.26325745694339">
        <time>2005-05-19T11:03:51-07:00</time>
      </trkpt>
      <trkpt lat="34.31622647680342" lon="-117.2633298765868">
        <time>2005-05-19T11:03:55-07:00</time>
      </trkpt>
      <trkpt lat="34.31620275601745" lon="-117.2633605543524">
        <time>2005-05-19T11:03:59-07:00</time>
      </trkpt>
      <trkpt lat="34.31619429029524" lon="-117.26336508058012">
        <time>2005-05-19T11:04:00-07:00</time>
      </trkpt>
      <trkpt lat="34.31617056950927" lon="-117.2633729595691">
        <time>2005-05-19T11:04:04-07:00</time>
      </trkpt>
      <trkpt lat="34.31611063890159" lon="-117.2633695229888">
        <time>2005-05-19T11:04:10-07:00</time>
      </trkpt>
      <trkpt lat="34.31605925783515" lon="-117.26334027014673">
        <time>2005-05-19T11:04:16-07:00</time>
      </trkpt>
      <trkpt lat="34.31604861281812" lon="-117.26334052160382">
        <time>2005-05-19T11:04:22-07:00</time>
      </trkpt>
      <trkpt lat="34.31600737385452" lon="-117.26335401646793">
        <time>2005-05-19T11:04:26-07:00</time>
      </trkpt>
      <trkpt lat="34.315970158204436" lon="-117.26338628679514">
        <time>2005-05-19T11:04:27-07:00</time>
      </trkpt>
      <trkpt lat="34.31596311740577" lon="-117.26339709945023">
        <time>2005-05-19T11:04:29-07:00</time>
      </trkpt>
      <trkpt lat="34.31593663059175" lon="-117.26346172392368">
        <time>2005-05-19T11:04:34-07:00</time>
      </trkpt>
      <trkpt lat="34.31594844907522" lon="-117.26353690959513">
        <time>2005-05-19T11:04:39-07:00</time>
      </trkpt>
      <trkpt lat="34.31599765084684" lon="-117.26359600201249">
        <time>2005-05-19T11:04:40-07:00</time>
      </trkpt>
      <trkpt lat="34.31600603275001" lon="-117.26360782049596">
        <time>2005-05-19T11:04:44-07:00</time>
      </trkpt>
      <trkpt lat="34.31600745767355" lon="-117.26365450769663">
        <time>2005-05-19T11:04:48-07:00</time>
      </trkpt>
      <trkpt lat="34.31595825590193" lon="-117.26370010524988">
        <time>2005-05-19T11:04:49-07:00</time>
      </trkpt>
      <trkpt lat="34.31591751985252" lon="-117.26371091790497">
        <time>2005-05-19T11:04:54-07:00</time>
      </trkpt>
      <trkpt lat="34.3158804718405" lon="-117.26375391706824">
        <time>2005-05-19T11:04:59-07:00</time>
      </trkpt>
      <trkpt lat="34.31585951708257" lon="-117.26379465311766">
        <time>2005-05-19T11:05:05-07:00</time>
      </trkpt>
      <trkpt lat="34.31586027145386" lon="-117.2638026997447">
        <time>2005-05-19T11:05:06-07:00</time>
      </trkpt>
      <trkpt lat="34.31585658341646" lon="-117.26385869085789">
        <time>2005-05-19T11:05:10-07:00</time>
      </trkpt>
      <trkpt lat="34.315881645306945" lon="-117.26393580436707">
        <time>2005-05-19T11:05:15-07:00</time>
      </trkpt>
      <trkpt lat="34.315893882885575" lon="-117.26395013742149">
        <time>2005-05-19T11:05:19-07:00</time>
      </trkpt>
      <trkpt lat="34.3159253988415" lon="-117.26400654762983">
        <time>2005-05-19T11:05:23-07:00</time>
      </trkpt>
      <trkpt lat="34.315900253131986" lon="-117.26404896005988">
        <time>2005-05-19T11:05:27-07:00</time>
      </trkpt>
      <trkpt lat="34.31587586179376" lon="-117.26410578936338">
        <time>2005-05-19T11:05:30-07:00</time>
      </trkpt>
      <trkpt lat="34.31587661616504" lon="-117.26415541023016">
        <time>2005-05-19T11:05:37-07:00</time>
      </trkpt>
      <trkpt lat="34.31590930558741" lon="-117.26420871913433">
        <time>2005-05-19T11:05:43-07:00</time>
      </trkpt>
      <trkpt lat="34.31595356203616" lon="-117.26426638662815">
        <time>2005-05-19T11:05:45-07:00</time>
      </trkpt>
      <trkpt lat="34.31597325950861" lon="-117.2642865870148">
        <time>2005-05-19T11:05:50-07:00</time>
      </trkpt>
      <trkpt lat="34.31600888259709" lon="-117.26430653594434">
        <time>2005-05-19T11:05:54-07:00</time>
      </trkpt>
      <trkpt lat="34.31602765806019" lon="-117.2643278259784">
        <time>2005-05-19T11:05:58-07:00</time>
      </trkpt>
      <trkpt lat="34.31606135331094" lon="-117.2643793746829">
        <time>2005-05-19T11:06:01-07:00</time>
      </trkpt>
      <trkpt lat="34.31609060615301" lon="-117.26441457867622">
        <time>2005-05-19T11:06:06-07:00</time>
      </trkpt>
      <trkpt lat="34.31609312072396" lon="-117.2644279897213">
        <time>2005-05-19T11:06:11-07:00</time>
      </trkpt>
      <trkpt lat="34.316104436293244" lon="-117.26450451649725">
        <time>2005-05-19T11:06:13-07:00</time>
      </trkpt>
      <trkpt lat="34.31610535830259" lon="-117.2645297460258">
        <time>2005-05-19T11:06:16-07:00</time>
      </trkpt>
      <trkpt lat="34.31610904633999" lon="-117.26458749733865">
        <time>2005-05-19T11:06:18-07:00</time>
      </trkpt>
      <trkpt lat="34.316113740205765" lon="-117.26461021229625">
        <time>2005-05-19T11:06:23-07:00</time>
      </trkpt>
      <trkpt lat="34.3161172606051" lon="-117.26464223116636">
        <time>2005-05-19T11:06:27-07:00</time>
      </trkpt>
      <trkpt lat="34.316127402707934" lon="-117.26473451592028">
        <time>2005-05-19T11:06:28-07:00</time>
      </trkpt>
      <trkpt lat="34.316132850944996" lon="-117.26476049982011">
        <time>2005-05-19T11:06:34-07:00</time>
      </trkpt>
      <trkpt lat="34.31616285815835" lon="-117.26484121754766">
        <time>2005-05-19T11:06:36-07:00</time>
      </trkpt>
      <trkpt lat="34.31617786176503" lon="-117.26493802852929">
        <time>2005-05-19T11:06:40-07:00</time>
      </trkpt>
      <trkpt lat="34.31616671383381" lon="-117.26500064134598">
        <time>2005-05-19T11:06:42-07:00</time>
      </trkpt>
      <trkpt lat="34.31616294197738" lon="-117.26505604572594">
        <time>2005-05-19T11:06:45-07:00</time>
      </trkpt>
      <trkpt lat="34.31616269052029" lon="-117.26509694941342">
        <time>2005-05-19T11:06:51-07:00</time>
      </trkpt>
      <trkpt lat="34.31616545654833" lon="-117.26512025110424">
        <time>2005-05-19T11:06:53-07:00</time>
      </trkpt>
      <trkpt lat="34.31616763584316" lon="-117.26516811177135">
        <time>2005-05-19T11:06:59-07:00</time>
      </trkpt>
      <trkpt lat="34.31616419926286" lon="-117.26518856361508">
        <time>2005-05-19T11:07:06-07:00</time>
      </trkpt>
      <trkpt lat="34.316142071038485" lon="-117.26521069183946">
        <time>2005-05-19T11:07:11-07:00</time>
      </trkpt>
      <trkpt lat="34.316135197877884" lon="-117.26521790027618">
        <time>2005-05-19T11:07:16-07:00</time>
      </trkpt>
      <trkpt lat="34.316098652780056" lon="-117.26524019613862">
        <time>2005-05-19T11:07:19-07:00</time>
      </trkpt>
      <trkpt lat="34.31602179072797" lon="-117.2653088439256">
        <time>2005-05-19T11:07:21-07:00</time>
      </trkpt>
      <trkpt lat="34.315959764644504" lon="-117.26535217836499">
        <time>2005-05-19T11:07:27-07:00</time>
      </trkpt>
      <trkpt lat="34.31593746878207" lon="-117.26536181755364">
        <time>2005-05-19T11:07:29-07:00</time>
      </trkpt>
      <trkpt lat="34.31588147766888" lon="-117.26539358496666">
        <time>2005-05-19T11:07:33-07:00</time>
      </trkpt>
      <trkpt lat="34.315853733569384" lon="-117.26539995521307">
        <time>2005-05-19T11:07:34-07:00</time>
      </trkpt>
      <trkpt lat="34.31579547934234" lon="-117.26543415337801">
        <time>2005-05-19T11:07:38-07:00</time>
      </trkpt>
      <trkpt lat="34.315745271742344" lon="-117.26546273566782">
        <time>2005-05-19T11:07:45-07:00</time>
      </trkpt>
      <trkpt lat="34.31570654734969" lon="-117.2654811758548">
        <time>2005-05-19T11:07:50-07:00</time>
      </trkpt>
      <trkpt lat="34.3156629614532" lon="-117.26549249142408">
        <time>2005-05-19T11:07:52-07:00</time>
      </trkpt>
      <trkpt lat="34.31560143828392" lon="-117.26547941565514">
        <time>2005-05-19T11:07:57-07:00</time>
      </trkpt>
      <trkpt lat="34.31557201780379" lon="-117.265471117571">
        <time>2005-05-19T11:07:59-07:00</time>
      </trkpt>
      <trkpt lat="34.3155680783093" lon="-117.26547413505614">
        <time>2005-05-19T11:08:04-07:00</time>
      </trkpt>
      <trkpt lat="34.315563049167395" lon="-117.26546684280038">
        <time>2005-05-19T11:08:08-07:00</time>
      </trkpt>
      <trkpt lat="34.31554636918008" lon="-117.26546365767717">
        <time>2005-05-19T11:08:11-07:00</time>
      </trkpt>
      <trkpt lat="34.315528851002455" lon="-117.26546147838235">
        <time>2005-05-19T11:08:15-07:00</time>
      </trkpt>
      <trkpt lat="34.315442852675915" lon="-117.26543842814863">
        <time>2005-05-19T11:08:20-07:00</time>
      </trkpt>
      <trkpt lat="34.31543237529695" lon="-117.26543432101607">
        <time>2005-05-19T11:08:23-07:00</time>
      </trkpt>
      <trkpt lat="34.31534444913268" lon="-117.2653963509947">
        <time>2005-05-19T11:08:25-07:00</time>
      </trkpt>
      <trkpt lat="34.315332882106304" lon="-117.26538922637701">
        <time>2005-05-19T11:08:26-07:00</time>
      </trkpt>
      <trkpt lat="34.31528275832534" lon="-117.26535955443978">
        <time>2005-05-19T11:08:28-07:00</time>
      </trkpt>
      <trkpt lat="34.31524948216975" lon="-117.265341617167">
        <time>2005-05-19T11:08:30-07:00</time>
      </trkpt>
      <trkpt lat="34.315206315368414" lon="-117.26531328633428">
        <time>2005-05-19T11:08:37-07:00</time>
      </trkpt>
      <trkpt lat="34.31517831981182" lon="-117.26528897881508">
        <time>2005-05-19T11:08:38-07:00</time>
      </trkpt>
      <trkpt lat="34.31513272225857" lon="-117.2652583848685">
        <time>2005-05-19T11:08:45-07:00</time>
      </trkpt>
      <trkpt lat="34.3150688521564" lon="-117.26523474790156">
        <time>2005-05-19T11:08:46-07:00</time>
      </trkpt>
      <trkpt lat="34.315057285130024" lon="-117.26523047313094">
        <time>2005-05-19T11:08:51-07:00</time>
      </trkpt>
      <trkpt lat="34.3149721249938" lon="-117.26523097604513">
        <time>2005-05-19T11:08:54-07:00</time>
      </trkpt>
      <trkpt lat="34.314930718392134" lon="-117.26521773263812">
        <time>2005-05-19T11:08:58-07:00</time>
      </trkpt>
      <trkpt lat="34.31489769369364" lon="-117.26519644260406">
        <time>2005-05-19T11:09:01-07:00</time>
      </trkpt>
      <trkpt lat="34.314882354810834" lon="-117.26517858915031">
        <time>2005-05-19T11:09:05-07:00</time>
      </trkpt>
      <trkpt lat="34.3148288782686" lon="-117.26512980647385">
        <time>2005-05-19T11:09:10-07:00</time>
      </trkpt>
      <trkpt lat="34.31481848470867" lon="-117.2651183232665">
        <time>2005-05-19T11:09:11-07:00</time>
      </trkpt>
      <trkpt lat="34.31474681943655" lon="-117.26509468629956">
        <time>2005-05-19T11:09:18-07:00</time>
      </trkpt>
      <trkpt lat="34.31473474949598" lon="-117.26509384810925">
        <time>2005-05-19T11:09:21-07:00</time>
      </trkpt>
      <trkpt lat="34.31464632041752" lon="-117.26511178538203">
        <time>2005-05-19T11:09:24-07:00</time>
      </trkpt>
      <trkpt lat="34.314627293497324" lon="-117.2651032358408">
        <time>2005-05-19T11:09:26-07:00</time>
      </trkpt>
      <trkpt lat="34.31457624770701" lon="-117.26509653031826">
        <time>2005-05-19T11:09:31-07:00</time>
      </trkpt>
      <trkpt lat="34.31456694379449" lon="-117.26508798077703">
        <time>2005-05-19T11:09:32-07:00</time>
      </trkpt>
      <trkpt lat="34.3144818674773" lon="-117.26499150507152">
        <time>2005-05-19T11:09:38-07:00</time>
      </trkpt>
      <trkpt lat="34.31446879170835" lon="-117.26498689502478">
        <time>2005-05-19T11:09:39-07:00</time>
      </trkpt>
      <trkpt lat="34.31441154330969" lon="-117.26496074348688">
        <time>2005-05-19T11:09:46-07:00</time>
      </trkpt>
      <trkpt lat="34.31435479782522" lon="-117.26496493443847">
        <time>2005-05-19T11:09:48-07:00</time>
      </trkpt>
      <trkpt lat="34.31431481614709" lon="-117.26497247815132">
        <time>2005-05-19T11:09:53-07:00</time>
      </trkpt>
      <trkpt lat="34.31425245478749" lon="-117.2649819497019">
        <time>2005-05-19T11:09:54-07:00</time>
      </trkpt>
      <trkpt lat="34.31423996575177" lon="-117.2649856377393">
        <time>2005-05-19T11:10:01-07:00</time>
      </trkpt>
      <trkpt lat="34.31414240039885" lon="-117.26500743068755">
        <time>2005-05-19T11:10:02-07:00</time>
      </trkpt>
      <trkpt lat="34.31404424831271" lon="-117.26501489058137">
        <time>2005-05-19T11:10:06-07:00</time>
      </trkpt>
      <trkpt lat="34.31400409899652" lon="-117.26501790806651">
        <time>2005-05-19T11:10:10-07:00</time>
      </trkpt>
      <trkpt lat="34.313956992700696" lon="-117.26502561941743">
        <time>2005-05-19T11:10:13-07:00</time>
      </trkpt>
      <trkpt lat="34.31392162106931" lon="-117.26503727026284">
        <time>2005-05-19T11:10:18-07:00</time>
      </trkpt>
      <trkpt lat="34.31387946009636" lon="-117.26504447869956">
        <time>2005-05-19T11:10:19-07:00</time>
      </trkpt>
      <trkpt lat="34.31378533132374" lon="-117.2650723066181">
        <time>2005-05-19T11:10:27-07:00</time>
      </trkpt>
      <trkpt lat="34.3136995844543" lon="-117.26510055363178">
        <time>2005-05-19T11:10:36-07:00</time>
      </trkpt>
      <trkpt lat="34.313673516735435" lon="-117.26510918699205">
        <time>2005-05-19T11:10:39-07:00</time>
      </trkpt>
      <trkpt lat="34.31357863359153" lon="-117.2651396971196">
        <time>2005-05-19T11:10:43-07:00</time>
      </trkpt>
      <trkpt lat="34.31351887062192" lon="-117.26516752503812">
        <time>2005-05-19T11:10:46-07:00</time>
      </trkpt>
      <trkpt lat="34.31347402743995" lon="-117.26519979536533">
        <time>2005-05-19T11:10:50-07:00</time>
      </trkpt>
      <trkpt lat="34.313407726585865" lon="-117.26525846868753">
        <time>2005-05-19T11:10:59-07:00</time>
      </trkpt>
      <trkpt lat="34.31334234774113" lon="-117.26533600129187">
        <time>2005-05-19T11:11:06-07:00</time>
      </trkpt>
      <trkpt lat="34.313276298344135" lon="-117.26540590636432">
        <time>2005-05-19T11:11:08-07:00</time>
      </trkpt>
      <trkpt lat="34.31319231167436" lon="-117.26545753888786">
        <time>2005-05-19T11:11:16-07:00</time>
      </trkpt>
      <trkpt lat="34.31311670690775" lon="-117.26548385806382">
        <time>2005-05-19T11:11:21-07:00</time>
      </trkpt>
      <trkpt lat="34.31306633166969" lon="-117.26547304540873">
        <time>2005-05-19T11:11:25-07:00</time>
      </trkpt>
      <trkpt lat="34.313037414103746" lon="-117.26545292884111">
        <time>2005-05-19T11:11:31-07:00</time>
      </trkpt>
      <trkpt lat="34.31297513656318" lon="-117.26540523581207">
        <time>2005-05-19T11:11:38-07:00</time>
      </trkpt>
      <trkpt lat="34.31292911991477" lon="-117.26535921916366">
        <time>2005-05-19T11:11:45-07:00</time>
      </trkpt>
      <trkpt lat="34.31289207190275" lon="-117.26532854139805">
        <time>2005-05-19T11:11:53-07:00</time>
      </trkpt>
      <trkpt lat="34.31286080740392" lon="-117.26531278342009">
        <time>2005-05-19T11:12:00-07:00</time>
      </trkpt>
      <trkpt lat="34.312855610623956" lon="-117.2653088439256">
        <time>2005-05-19T11:12:05-07:00</time>
      </trkpt>
      <trkpt lat="34.312824765220284" lon="-117.26529627107084">
        <time>2005-05-19T11:12:08-07:00</time>
      </trkpt>
      <trkpt lat="34.312804732471704" lon="-117.26528101600707">
        <time>2005-05-19T11:12:14-07:00</time>
      </trkpt>
      <trkpt lat="34.31276827119291" lon="-117.26524212397635">
        <time>2005-05-19T11:12:19-07:00</time>
      </trkpt>
      <trkpt lat="34.31275469250977" lon="-117.26521236822009">
        <time>2005-05-19T11:12:26-07:00</time>
      </trkpt>
      <trkpt lat="34.312742706388235" lon="-117.26518236100674">
        <time>2005-05-19T11:12:32-07:00</time>
      </trkpt>
      <trkpt lat="34.312742706388235" lon="-117.26518236100674">
        <time>2005-05-19T11:12:41-07:00</time>
      </trkpt>
      <trkpt lat="34.312742706388235" lon="-117.26518236100674">
        <time>2005-05-19T11:12:47-07:00</time>
      </trkpt>
      <trkpt lat="34.312747567892075" lon="-117.26518646813929">
        <time>2005-05-19T11:12:53-07:00</time>
      </trkpt>
      <trkpt lat="34.31274639442563" lon="-117.26518747396767">
        <time>2005-05-19T11:12:59-07:00</time>
      </trkpt>
      <trkpt lat="34.31274597533047" lon="-117.2651878092438">
        <time>2005-05-19T11:13:06-07:00</time>
      </trkpt>
      <trkpt lat="34.312742706388235" lon="-117.26518236100674">
        <time>2005-05-19T11:13:12-07:00</time>
      </trkpt>
      <trkpt lat="34.312742706388235" lon="-117.26518236100674">
        <time>2005-05-19T11:13:13-07:00</time>
      </trkpt>
      <trkpt lat="34.31274966336787" lon="-117.2651925869286">
        <time>2005-05-19T11:13:19-07:00</time>
      </trkpt>
      <trkpt lat="34.312742706388235" lon="-117.26518236100674">
        <time>2005-05-19T11:13:20-07:00</time>
      </trkpt>
      <trkpt lat="34.312742706388235" lon="-117.26518236100674">
        <time>2005-05-19T11:13:26-07:00</time>
      </trkpt>
      <trkpt lat="34.312742706388235" lon="-117.26518236100674">
        <time>2005-05-19T11:13:28-07:00</time>
      </trkpt>
      <trkpt lat="34.312742706388235" lon="-117.26518236100674">
        <time>2005-05-19T11:13:31-07:00</time>
      </trkpt>
      <trkpt lat="34.31275611743331" lon="-117.26518479175866">
        <time>2005-05-19T11:13:33-07:00</time>
      </trkpt>
      <trkpt lat="34.312753519043326" lon="-117.26518554612994">
        <time>2005-05-19T11:13:39-07:00</time>
      </trkpt>
      <trkpt lat="34.312753519043326" lon="-117.26518554612994">
        <time>2005-05-19T11:13:49-07:00</time>
      </trkpt>
      <trkpt lat="34.312753519043326" lon="-117.26518554612994">
        <time>2005-05-19T11:13:50-07:00</time>
      </trkpt>
      <trkpt lat="34.312753519043326" lon="-117.26518554612994">
        <time>2005-05-19T11:13:51-07:00</time>
      </trkpt>
      <trkpt lat="34.312753519043326" lon="-117.26518554612994">
        <time>2005-05-19T11:13:52-07:00</time>
      </trkpt>
      <trkpt lat="34.31274941191077" lon="-117.26518336683512">
        <time>2005-05-19T11:13:53-07:00</time>
      </trkpt>
      <trkpt lat="34.312753519043326" lon="-117.26518554612994">
        <time>2005-05-19T11:13:58-07:00</time>
      </trkpt>
      <trkpt lat="34.31272493675351" lon="-117.26527171209455">
        <time>2005-05-19T11:14:00-07:00</time>
      </trkpt>
      <trkpt lat="34.3127291277051" lon="-117.2652705386281">
        <time>2005-05-19T11:14:02-07:00</time>
      </trkpt>
      <trkpt lat="34.31272929534316" lon="-117.26526693440974">
        <time>2005-05-19T11:14:10-07:00</time>
      </trkpt>
      <trkpt lat="34.31271077133715" lon="-117.26526877842844">
        <time>2005-05-19T11:14:18-07:00</time>
      </trkpt>
      <trkpt lat="34.31270440109074" lon="-117.2652726341039">
        <time>2005-05-19T11:14:21-07:00</time>
      </trkpt>
      <trkpt lat="34.312687469646335" lon="-117.26527305319905">
        <time>2005-05-19T11:14:31-07:00</time>
      </trkpt>
      <trkpt lat="34.312683613970876" lon="-117.26527280174196">
        <time>2005-05-19T12:05:35-07:00</time>
      </trkpt>
      <trkpt lat="34.312662994489074" lon="-117.26527992635965">
        <time>2005-05-19T12:05:43-07:00</time>
      </trkpt>
      <trkpt lat="34.312634244561195" lon="-117.26527171209455">
        <time>2005-05-19T12:05:49-07:00</time>
      </trkpt>
      <trkpt lat="34.31258009746671" lon="-117.26529752835631">
        <time>2005-05-19T12:05:53-07:00</time>
      </trkpt>
      <trkpt lat="34.31255822069943" lon="-117.26530373096466">
        <time>2005-05-19T12:05:55-07:00</time>
      </trkpt>
      <trkpt lat="34.31253072805703" lon="-117.2653276193887">
        <time>2005-05-19T12:05:57-07:00</time>
      </trkpt>
      <trkpt lat="34.31250558234751" lon="-117.26533591747284">
        <time>2005-05-19T12:06:01-07:00</time>
      </trkpt>
      <trkpt lat="34.31248211301863" lon="-117.26534203626215">
        <time>2005-05-19T12:06:07-07:00</time>
      </trkpt>
      <trkpt lat="34.312464678660035" lon="-117.26534362882376">
        <time>2005-05-19T12:06:13-07:00</time>
      </trkpt>
      <trkpt lat="34.312414387241006" lon="-117.2653934173286">
        <time>2005-05-19T12:06:20-07:00</time>
      </trkpt>
      <trkpt lat="34.31240374222398" lon="-117.26539936847985">
        <time>2005-05-19T12:06:24-07:00</time>
      </trkpt>
      <trkpt lat="34.3123353458941" lon="-117.26544789969921">
        <time>2005-05-19T12:06:29-07:00</time>
      </trkpt>
      <trkpt lat="34.312294693663716" lon="-117.26546910591424">
        <time>2005-05-19T12:06:34-07:00</time>
      </trkpt>
      <trkpt lat="34.312278516590595" lon="-117.2654885519296">
        <time>2005-05-19T12:06:36-07:00</time>
      </trkpt>
      <trkpt lat="34.31222956627607" lon="-117.26550883613527">
        <time>2005-05-19T12:06:40-07:00</time>
      </trkpt>
      <trkpt lat="34.31221808306873" lon="-117.26550380699337">
        <time>2005-05-19T12:06:46-07:00</time>
      </trkpt>
      <trkpt lat="34.31218262761831" lon="-117.26547673344612">
        <time>2005-05-19T12:06:47-07:00</time>
      </trkpt>
      <trkpt lat="34.31215999647975" lon="-117.26545862853527">
        <time>2005-05-19T12:06:54-07:00</time>
      </trkpt>
      <trkpt lat="34.312119176611304" lon="-117.26541261188686">
        <time>2005-05-19T12:06:59-07:00</time>
      </trkpt>
      <trkpt lat="34.31209210306406" lon="-117.26536299102008">
        <time>2005-05-19T12:07:01-07:00</time>
      </trkpt>
      <trkpt lat="34.312074249610305" lon="-117.2652985341847">
        <time>2005-05-19T12:07:06-07:00</time>
      </trkpt>
      <trkpt lat="34.31204767897725" lon="-117.26523189805448">
        <time>2005-05-19T12:07:07-07:00</time>
      </trkpt>
      <trkpt lat="34.31199965067208" lon="-117.2651669383049">
        <time>2005-05-19T12:07:11-07:00</time>
      </trkpt>
      <trkpt lat="34.311953550204635" lon="-117.26516056805849">
        <time>2005-05-19T12:07:13-07:00</time>
      </trkpt>
      <trkpt lat="34.31194550357759" lon="-117.2651669383049">
        <time>2005-05-19T12:07:17-07:00</time>
      </trkpt>
      <trkpt lat="34.31194072589278" lon="-117.26518294773996">
        <time>2005-05-19T12:07:22-07:00</time>
      </trkpt>
      <trkpt lat="34.31193184107542" lon="-117.2652208339423">
        <time>2005-05-19T12:07:27-07:00</time>
      </trkpt>
      <trkpt lat="34.31191918440163" lon="-117.26527799852192">
        <time>2005-05-19T12:07:33-07:00</time>
      </trkpt>
      <trkpt lat="34.31191700510681" lon="-117.26528973318636">
        <time>2005-05-19T12:07:39-07:00</time>
      </trkpt>
      <trkpt lat="34.3119085393846" lon="-117.26535662077367">
        <time>2005-05-19T12:07:44-07:00</time>
      </trkpt>
      <trkpt lat="34.31190594099462" lon="-117.26536709815264">
        <time>2005-05-19T12:07:45-07:00</time>
      </trkpt>
      <trkpt lat="34.31189906783402" lon="-117.26536877453327">
        <time>2005-05-19T12:07:46-07:00</time>
      </trkpt>
      <trkpt lat="34.31187652051449" lon="-117.26542476564646">
        <time>2005-05-19T12:07:50-07:00</time>
      </trkpt>
      <trkpt lat="34.311874844133854" lon="-117.26547354832292">
        <time>2005-05-19T12:07:54-07:00</time>
      </trkpt>
      <trkpt lat="34.31187693960965" lon="-117.26549785584211">
        <time>2005-05-19T12:07:55-07:00</time>
      </trkpt>
      <trkpt lat="34.31185414083302" lon="-117.26553892716765">
        <time>2005-05-19T12:08:00-07:00</time>
      </trkpt>
      <trkpt lat="34.31183913722634" lon="-117.26554471068084">
        <time>2005-05-19T12:08:01-07:00</time>
      </trkpt>
      <trkpt lat="34.31184441782534" lon="-117.265555690974">
        <time>2005-05-19T12:08:02-07:00</time>
      </trkpt>
      <trkpt lat="34.31183787994087" lon="-117.26557379588485">
        <time>2005-05-19T12:08:07-07:00</time>
      </trkpt>
      <trkpt lat="34.31183695793152" lon="-117.26559701375663">
        <time>2005-05-19T12:08:11-07:00</time>
      </trkpt>
      <trkpt lat="34.311840729787946" lon="-117.26561201736331">
        <time>2005-05-19T12:08:13-07:00</time>
      </trkpt>
      <trkpt lat="34.3118604272604" lon="-117.26565727964044">
        <time>2005-05-19T12:08:17-07:00</time>
      </trkpt>
      <trkpt lat="34.31188096292317" lon="-117.26571888662875">
        <time>2005-05-19T12:08:19-07:00</time>
      </trkpt>
      <trkpt lat="34.31189973838627" lon="-117.26581033319235">
        <time>2005-05-19T12:08:20-07:00</time>
      </trkpt>
      <trkpt lat="34.31190434843302" lon="-117.26587370038033">
        <time>2005-05-19T12:08:21-07:00</time>
      </trkpt>
      <trkpt lat="34.311918932944536" lon="-117.26591728627682">
        <time>2005-05-19T12:08:23-07:00</time>
      </trkpt>
      <trkpt lat="34.311928655952215" lon="-117.26594871841371">
        <time>2005-05-19T12:08:24-07:00</time>
      </trkpt>
      <trkpt lat="34.31194541975856" lon="-117.26603295654058">
        <time>2005-05-19T12:08:28-07:00</time>
      </trkpt>
      <trkpt lat="34.311953550204635" lon="-117.26615474559367">
        <time>2005-05-19T12:08:33-07:00</time>
      </trkpt>
      <trkpt lat="34.31196570396423" lon="-117.26621760986745">
        <time>2005-05-19T12:08:39-07:00</time>
      </trkpt>
      <trkpt lat="34.311968721449375" lon="-117.26627083495259">
        <time>2005-05-19T12:08:44-07:00</time>
      </trkpt>
      <trkpt lat="34.31198003701866" lon="-117.26630955934525">
        <time>2005-05-19T12:08:47-07:00</time>
      </trkpt>
      <trkpt lat="34.311999483034015" lon="-117.26636714302003">
        <time>2005-05-19T12:08:50-07:00</time>
      </trkpt>
      <trkpt lat="34.312033681198955" lon="-117.26642648689449">
        <time>2005-05-19T12:08:56-07:00</time>
      </trkpt>
      <trkpt lat="34.31206217966974" lon="-117.2664740961045">
        <time>2005-05-19T12:09:04-07:00</time>
      </trkpt>
      <trkpt lat="34.31207366287708" lon="-117.26650125347078">
        <time>2005-05-19T12:09:09-07:00</time>
      </trkpt>
      <trkpt lat="34.312105011194944" lon="-117.26657182909548">
        <time>2005-05-19T12:09:12-07:00</time>
      </trkpt>
      <trkpt lat="34.312148513272405" lon="-117.26662916131318">
        <time>2005-05-19T12:09:15-07:00</time>
      </trkpt>
      <trkpt lat="34.312161672860384" lon="-117.26664491929114">
        <time>2005-05-19T12:09:20-07:00</time>
      </trkpt>
      <trkpt lat="34.312193524092436" lon="-117.26668347604573">
        <time>2005-05-19T12:09:25-07:00</time>
      </trkpt>
      <trkpt lat="34.31222797371447" lon="-117.26676528342068">
        <time>2005-05-19T12:09:29-07:00</time>
      </trkpt>
      <trkpt lat="34.31224909611046" lon="-117.26683904416859">
        <time>2005-05-19T12:09:31-07:00</time>
      </trkpt>
      <trkpt lat="34.312268793582916" lon="-117.26692034862936">
        <time>2005-05-19T12:09:37-07:00</time>
      </trkpt>
      <trkpt lat="34.312307350337505" lon="-117.267014561221">
        <time>2005-05-19T12:09:42-07:00</time>
      </trkpt>
      <trkpt lat="34.312347834929824" lon="-117.26710022427142">
        <time>2005-05-19T12:09:44-07:00</time>
      </trkpt>
      <trkpt lat="34.312398713082075" lon="-117.2671715542674">
        <time>2005-05-19T12:09:48-07:00</time>
      </trkpt>
      <trkpt lat="34.312413884326816" lon="-117.26721949875355">
        <time>2005-05-19T12:09:54-07:00</time>
      </trkpt>
      <trkpt lat="34.31242000311613" lon="-117.26723433472216">
        <time>2005-05-19T12:10:00-07:00</time>
      </trkpt>
      <trkpt lat="34.31244548410177" lon="-117.26728219538927">
        <time>2005-05-19T12:10:06-07:00</time>
      </trkpt>
      <trkpt lat="34.31247507221997" lon="-117.26736987009645">
        <time>2005-05-19T12:10:13-07:00</time>
      </trkpt>
      <trkpt lat="34.31251044385135" lon="-117.2674432117492">
        <time>2005-05-19T12:10:20-07:00</time>
      </trkpt>
      <trkpt lat="34.31252242997289" lon="-117.26745863445103">
        <time>2005-05-19T12:10:27-07:00</time>
      </trkpt>
      <trkpt lat="34.312557969242334" lon="-117.26750741712749">
        <time>2005-05-19T12:10:32-07:00</time>
      </trkpt>
      <trkpt lat="34.31258671917021" lon="-117.26756600663066">
        <time>2005-05-19T12:10:33-07:00</time>
      </trkpt>
      <trkpt lat="34.31260800920427" lon="-117.26759953424335">
        <time>2005-05-19T12:10:38-07:00</time>
      </trkpt>
      <trkpt lat="34.312631227076054" lon="-117.26764077320695">
        <time>2005-05-19T12:10:45-07:00</time>
      </trkpt>
      <trkpt lat="34.312674729153514" lon="-117.2677085828036">
        <time>2005-05-19T12:10:50-07:00</time>
      </trkpt>
      <trkpt lat="34.31268981657922" lon="-117.26775091141462">
        <time>2005-05-19T12:10:52-07:00</time>
      </trkpt>
      <trkpt lat="34.31269736029208" lon="-117.26776516065001">
        <time>2005-05-19T12:10:56-07:00</time>
      </trkpt>
      <trkpt lat="34.31273985654116" lon="-117.26782400161028">
        <time>2005-05-19T12:11:01-07:00</time>
      </trkpt>
      <trkpt lat="34.3127772398293" lon="-117.26785853505135">
        <time>2005-05-19T12:11:04-07:00</time>
      </trkpt>
      <trkpt lat="34.3127999547869" lon="-117.26788552477956">
        <time>2005-05-19T12:11:08-07:00</time>
      </trkpt>
      <trkpt lat="34.31282635778189" lon="-117.267931625247">
        <time>2005-05-19T12:11:14-07:00</time>
      </trkpt>
      <trkpt lat="34.312847815454006" lon="-117.2679509036243">
        <time>2005-05-19T12:11:18-07:00</time>
      </trkpt>
      <trkpt lat="34.312880923971534" lon="-117.26797848008573">
        <time>2005-05-19T12:11:19-07:00</time>
      </trkpt>
      <trkpt lat="34.31292677298188" lon="-117.26803623139858">
        <time>2005-05-19T12:11:25-07:00</time>
      </trkpt>
      <trkpt lat="34.3129603844136" lon="-117.26806783117354">
        <time>2005-05-19T12:11:29-07:00</time>
      </trkpt>
      <trkpt lat="34.31297346018255" lon="-117.26807562634349">
        <time>2005-05-19T12:11:32-07:00</time>
      </trkpt>
      <trkpt lat="34.31298536248505" lon="-117.26807872764766">
        <time>2005-05-19T12:11:37-07:00</time>
      </trkpt>
      <trkpt lat="34.31302182376385" lon="-117.26808417588472">
        <time>2005-05-19T12:11:40-07:00</time>
      </trkpt>
      <trkpt lat="34.313046634197235" lon="-117.26809507235885">
        <time>2005-05-19T12:11:43-07:00</time>
      </trkpt>
      <trkpt lat="34.313097009435296" lon="-117.26812642067671">
        <time>2005-05-19T12:11:48-07:00</time>
      </trkpt>
      <trkpt lat="34.31316900998354" lon="-117.26818199269474">
        <time>2005-05-19T12:11:52-07:00</time>
      </trkpt>
      <trkpt lat="34.31320287287235" lon="-117.26819699630141">
        <time>2005-05-19T12:11:53-07:00</time>
      </trkpt>
      <trkpt lat="34.31326238438487" lon="-117.26826237514615">
        <time>2005-05-19T12:11:54-07:00</time>
      </trkpt>
      <trkpt lat="34.31331560947001" lon="-117.26831736043096">
        <time>2005-05-19T12:11:58-07:00</time>
      </trkpt>
      <trkpt lat="34.313368583098054" lon="-117.2683705855161">
        <time>2005-05-19T12:12:00-07:00</time>
      </trkpt>
      <trkpt lat="34.31338484399021" lon="-117.26838324218988">
        <time>2005-05-19T12:12:05-07:00</time>
      </trkpt>
      <trkpt lat="34.31342055089772" lon="-117.26842272095382">
        <time>2005-05-19T12:12:12-07:00</time>
      </trkpt>
      <trkpt lat="34.3134733568877" lon="-117.26851768791676">
        <time>2005-05-19T12:12:16-07:00</time>
      </trkpt>
      <trkpt lat="34.31347637437284" lon="-117.2685706615448">
        <time>2005-05-19T12:12:23-07:00</time>
      </trkpt>
      <trkpt lat="34.31347142904997" lon="-117.26862866431475">
        <time>2005-05-19T12:12:29-07:00</time>
      </trkpt>
      <trkpt lat="34.313473692163825" lon="-117.26869437843561">
        <time>2005-05-19T12:12:35-07:00</time>
      </trkpt>
      <trkpt lat="34.31347017176449" lon="-117.2687170933932">
        <time>2005-05-19T12:12:37-07:00</time>
      </trkpt>
      <trkpt lat="34.31347670964897" lon="-117.2687625233084">
        <time>2005-05-19T12:12:41-07:00</time>
      </trkpt>
      <trkpt lat="34.31345977820456" lon="-117.26888095960021">
        <time>2005-05-19T12:12:48-07:00</time>
      </trkpt>
      <trkpt lat="34.31344226002693" lon="-117.26896528154612">
        <time>2005-05-19T12:12:52-07:00</time>
      </trkpt>
      <trkpt lat="34.31340713985264" lon="-117.26901850663126">
        <time>2005-05-19T12:12:57-07:00</time>
      </trkpt>
      <trkpt lat="34.313397919759154" lon="-117.2690247092396">
        <time>2005-05-19T12:13:02-07:00</time>
      </trkpt>
      <trkpt lat="34.31336774490774" lon="-117.26907399483025">
        <time>2005-05-19T12:13:04-07:00</time>
      </trkpt>
      <trkpt lat="34.31338652037084" lon="-117.26914406754076">
        <time>2005-05-19T12:13:07-07:00</time>
      </trkpt>
      <trkpt lat="34.31344997137785" lon="-117.26917617022991">
        <time>2005-05-19T12:13:15-07:00</time>
      </trkpt>
      <trkpt lat="34.313529850915074" lon="-117.26919234730303">
        <time>2005-05-19T12:13:21-07:00</time>
      </trkpt>
      <trkpt lat="34.31359263136983" lon="-117.26917549967766">
        <time>2005-05-19T12:13:26-07:00</time>
      </trkpt>
      <trkpt lat="34.31365340016782" lon="-117.26914088241756">
        <time>2005-05-19T12:13:27-07:00</time>
      </trkpt>
      <trkpt lat="34.313729759305716" lon="-117.2691459953785">
        <time>2005-05-19T12:13:32-07:00</time>
      </trkpt>
      <trkpt lat="34.31378675624728" lon="-117.26914859376848">
        <time>2005-05-19T12:13:36-07:00</time>
      </trkpt>
      <trkpt lat="34.31386076845229" lon="-117.26915479637682">
        <time>2005-05-19T12:13:42-07:00</time>
      </trkpt>
      <trkpt lat="34.31391566991806" lon="-117.26913962513208">
        <time>2005-05-19T12:13:48-07:00</time>
      </trkpt>
      <trkpt lat="34.313969649374485" lon="-117.26913987658918">
        <time>2005-05-19T12:13:53-07:00</time>
      </trkpt>
      <trkpt lat="34.31403863243759" lon="-117.269147336483">
        <time>2005-05-19T12:13:59-07:00</time>
      </trkpt>
      <trkpt lat="34.314098646864295" lon="-117.26917306892574">
        <time>2005-05-19T12:14:05-07:00</time>
      </trkpt>
      <trkpt lat="34.31414575316012" lon="-117.2691957000643">
        <time>2005-05-19T12:14:10-07:00</time>
      </trkpt>
      <trkpt lat="34.31418062187731" lon="-117.26922595873475">
        <time>2005-05-19T12:14:15-07:00</time>
      </trkpt>
      <trkpt lat="34.314209036529064" lon="-117.26923920214176">
        <time>2005-05-19T12:14:20-07:00</time>
      </trkpt>
      <trkpt lat="34.31426988914609" lon="-117.26928010582924">
        <time>2005-05-19T12:14:25-07:00</time>
      </trkpt>
      <trkpt lat="34.31430316530168" lon="-117.26930097676814">
        <time>2005-05-19T12:14:31-07:00</time>
      </trkpt>
      <trkpt lat="34.31433971039951" lon="-117.26932276971638">
        <time>2005-05-19T12:14:36-07:00</time>
      </trkpt>
      <trkpt lat="34.31436904706061" lon="-117.26936451159418">
        <time>2005-05-19T12:14:41-07:00</time>
      </trkpt>
      <trkpt lat="34.31439260020852" lon="-117.26943626068532">
        <time>2005-05-19T12:14:44-07:00</time>
      </trkpt>
      <trkpt lat="34.31440031155944" lon="-117.26950717158616">
        <time>2005-05-19T12:14:47-07:00</time>
      </trkpt>
      <trkpt lat="34.3144091963768" lon="-117.26954606361687">
        <time>2005-05-19T12:14:53-07:00</time>
      </trkpt>
      <trkpt lat="34.31441648863256" lon="-117.26957221515477">
        <time>2005-05-19T12:14:56-07:00</time>
      </trkpt>
      <trkpt lat="34.314423529431224" lon="-117.26965762674809">
        <time>2005-05-19T12:14:59-07:00</time>
      </trkpt>
      <trkpt lat="34.31440969929099" lon="-117.26970976218581">
        <time>2005-05-19T12:15:04-07:00</time>
      </trkpt>
      <trkpt lat="34.31437248364091" lon="-117.2697691898793">
        <time>2005-05-19T12:15:09-07:00</time>
      </trkpt>
      <trkpt lat="34.31436527520418" lon="-117.26978058926761">
        <time>2005-05-19T12:15:14-07:00</time>
      </trkpt>
      <trkpt lat="34.3143195938319" lon="-117.26985602639616">
        <time>2005-05-19T12:15:17-07:00</time>
      </trkpt>
      <trkpt lat="34.31427718140185" lon="-117.2699385881424">
        <time>2005-05-19T12:15:19-07:00</time>
      </trkpt>
      <trkpt lat="34.314258405938745" lon="-117.26998242549598">
        <time>2005-05-19T12:15:25-07:00</time>
      </trkpt>
      <trkpt lat="34.31424994021654" lon="-117.26999114267528">
        <time>2005-05-19T12:15:30-07:00</time>
      </trkpt>
      <trkpt lat="34.314186573028564" lon="-117.27006264030933">
        <time>2005-05-19T12:15:35-07:00</time>
      </trkpt>
      <trkpt lat="34.31416251696646" lon="-117.27013112045825">
        <time>2005-05-19T12:15:36-07:00</time>
      </trkpt>
      <trkpt lat="34.314148519188166" lon="-117.27019004523754">
        <time>2005-05-19T12:15:42-07:00</time>
      </trkpt>
      <trkpt lat="34.31414432823658" lon="-117.27021058090031">
        <time>2005-05-19T12:15:48-07:00</time>
      </trkpt>
      <trkpt lat="34.314126055687666" lon="-117.270254669711">
        <time>2005-05-19T12:15:52-07:00</time>
      </trkpt>
      <trkpt lat="34.314117757603526" lon="-117.27025332860649">
        <time>2005-05-19T12:15:53-07:00</time>
      </trkpt>
      <trkpt lat="34.31406914256513" lon="-117.27023371495306">
        <time>2005-05-19T12:16:00-07:00</time>
      </trkpt>
      <trkpt lat="34.31399228051305" lon="-117.27017931640148">
        <time>2005-05-19T12:16:05-07:00</time>
      </trkpt>
      <trkpt lat="34.313983814790845" lon="-117.27017076686025">
        <time>2005-05-19T12:16:10-07:00</time>
      </trkpt>
      <trkpt lat="34.31393561884761" lon="-117.27013304829597">
        <time>2005-05-19T12:16:11-07:00</time>
      </trkpt>
      <trkpt lat="34.31388524360955" lon="-117.27008401416242">
        <time>2005-05-19T12:16:15-07:00</time>
      </trkpt>
      <trkpt lat="34.31385858915746" lon="-117.27005492895842">
        <time>2005-05-19T12:16:16-07:00</time>
      </trkpt>
      <trkpt lat="34.31383059360087" lon="-117.27002777159214">
        <time>2005-05-19T12:16:20-07:00</time>
      </trkpt>
      <trkpt lat="34.313789354637265" lon="-117.26998745463789">
        <time>2005-05-19T12:16:27-07:00</time>
      </trkpt>
      <trkpt lat="34.31372640654445" lon="-117.26992945186794">
        <time>2005-05-19T12:16:28-07:00</time>
      </trkpt>
      <trkpt lat="34.3136649671942" lon="-117.26991235278547">
        <time>2005-05-19T12:16:33-07:00</time>
      </trkpt>
      <trkpt lat="34.31358190253377" lon="-117.26988879963756">
        <time>2005-05-19T12:16:38-07:00</time>
      </trkpt>
      <trkpt lat="34.31352473795414" lon="-117.2698881290853">
        <time>2005-05-19T12:16:42-07:00</time>
      </trkpt>
      <trkpt lat="34.31351359002292" lon="-117.26989391259849">
        <time>2005-05-19T12:16:45-07:00</time>
      </trkpt>
      <trkpt lat="34.31346229277551" lon="-117.26990363560617">
        <time>2005-05-19T12:16:49-07:00</time>
      </trkpt>
      <trkpt lat="34.31341174989939" lon="-117.26992911659181">
        <time>2005-05-19T12:16:55-07:00</time>
      </trkpt>
      <trkpt lat="34.313359782099724" lon="-117.26998041383922">
        <time>2005-05-19T12:17:01-07:00</time>
      </trkpt>
      <trkpt lat="34.313323153182864" lon="-117.2700020391494">
        <time>2005-05-19T12:17:07-07:00</time>
      </trkpt>
      <trkpt lat="34.313303623348475" lon="-117.2700210660696">
        <time>2005-05-19T12:17:12-07:00</time>
      </trkpt>
      <trkpt lat="34.313234807923436" lon="-117.27007093839347">
        <time>2005-05-19T12:17:13-07:00</time>
      </trkpt>
      <trkpt lat="34.31316104717553" lon="-117.2700646519661">
        <time>2005-05-19T12:17:17-07:00</time>
      </trkpt>
      <trkpt lat="34.313084771856666" lon="-117.27005149237812">
        <time>2005-05-19T12:17:22-07:00</time>
      </trkpt>
      <trkpt lat="34.3130174651742" lon="-117.27004931308329">
        <time>2005-05-19T12:17:28-07:00</time>
      </trkpt>
      <trkpt lat="34.31293540634215" lon="-117.2700768057257">
        <time>2005-05-19T12:17:31-07:00</time>
      </trkpt>
      <trkpt lat="34.312895592302084" lon="-117.27010195143521">
        <time>2005-05-19T12:17:33-07:00</time>
      </trkpt>
      <trkpt lat="34.31282644160092" lon="-117.27010421454906">
        <time>2005-05-19T12:17:40-07:00</time>
      </trkpt>
      <trkpt lat="34.312810683622956" lon="-117.27009683847427">
        <time>2005-05-19T12:17:46-07:00</time>
      </trkpt>
      <trkpt lat="34.31276676245034" lon="-117.2700710222125">
        <time>2005-05-19T12:17:52-07:00</time>
      </trkpt>
      <trkpt lat="34.31271806359291" lon="-117.27004922926426">
        <time>2005-05-19T12:17:58-07:00</time>
      </trkpt>
      <trkpt lat="34.31265201419592" lon="-117.27000866085291">
        <time>2005-05-19T12:18:04-07:00</time>
      </trkpt>
      <trkpt lat="34.31264220736921" lon="-117.27000371553004">
        <time>2005-05-19T12:18:09-07:00</time>
      </trkpt>
      <trkpt lat="34.312597615644336" lon="-117.2699816711247">
        <time>2005-05-19T12:18:15-07:00</time>
      </trkpt>
      <trkpt lat="34.31254656985402" lon="-117.26994981989264">
        <time>2005-05-19T12:18:17-07:00</time>
      </trkpt>
      <trkpt lat="34.312525363639" lon="-117.26994043216109">
        <time>2005-05-19T12:18:21-07:00</time>
      </trkpt>
      <trkpt lat="34.312472054734826" lon="-117.26994160562754">
        <time>2005-05-19T12:18:26-07:00</time>
      </trkpt>
      <trkpt lat="34.31243458762765" lon="-117.27002525702119">
        <time>2005-05-19T12:18:32-07:00</time>
      </trkpt>
      <trkpt lat="34.312440203502774" lon="-117.27007169276476">
        <time>2005-05-19T12:18:33-07:00</time>
      </trkpt>
      <trkpt lat="34.312420170754194" lon="-117.27015458978713">
        <time>2005-05-19T12:18:37-07:00</time>
      </trkpt>
      <trkpt lat="34.312380189076066" lon="-117.27016741409898">
        <time>2005-05-19T12:18:42-07:00</time>
      </trkpt>
      <trkpt lat="34.31236979551613" lon="-117.27016758173704">
        <time>2005-05-19T12:18:44-07:00</time>
      </trkpt>
      <trkpt lat="34.31231045164168" lon="-117.27020647376776">
        <time>2005-05-19T12:18:48-07:00</time>
      </trkpt>
      <trkpt lat="34.312309278175235" lon="-117.27022457867861">
        <time>2005-05-19T12:18:54-07:00</time>
      </trkpt>
      <trkpt lat="34.31232386268675" lon="-117.27027101442218">
        <time>2005-05-19T12:18:58-07:00</time>
      </trkpt>
      <trkpt lat="34.31237465701997" lon="-117.27034117095172">
        <time>2005-05-19T12:19:05-07:00</time>
      </trkpt>
      <trkpt lat="34.31238278746605" lon="-117.27034963667393">
        <time>2005-05-19T12:19:09-07:00</time>
      </trkpt>
      <trkpt lat="34.312419248744845" lon="-117.27038291282952">
        <time>2005-05-19T12:19:10-07:00</time>
      </trkpt>
      <trkpt lat="34.31245260871947" lon="-117.27043848484755">
        <time>2005-05-19T12:19:16-07:00</time>
      </trkpt>
      <trkpt lat="34.3124836217612" lon="-117.2704843338579">
        <time>2005-05-19T12:19:17-07:00</time>
      </trkpt>
      <trkpt lat="34.312492590397596" lon="-117.2704975772649">
        <time>2005-05-19T12:19:20-07:00</time>
      </trkpt>
      <trkpt lat="34.31250927038491" lon="-117.27054560557008">
        <time>2005-05-19T12:19:26-07:00</time>
      </trkpt>
      <trkpt lat="34.31249703280628" lon="-117.27057410404086">
        <time>2005-05-19T12:19:27-07:00</time>
      </trkpt>
      <trkpt lat="34.31244129315019" lon="-117.27063302882016">
        <time>2005-05-19T12:19:31-07:00</time>
      </trkpt>
      <trkpt lat="34.31239544413984" lon="-117.27062154561281">
        <time>2005-05-19T12:19:36-07:00</time>
      </trkpt>
      <trkpt lat="34.31234389543533" lon="-117.2705860901624">
        <time>2005-05-19T12:19:40-07:00</time>
      </trkpt>
      <trkpt lat="34.31232235394418" lon="-117.270582402125">
        <time>2005-05-19T12:19:41-07:00</time>
      </trkpt>
      <trkpt lat="34.31228371337056" lon="-117.27056463249028">
        <time>2005-05-19T12:19:45-07:00</time>
      </trkpt>
      <trkpt lat="34.31221674196422" lon="-117.27052247151732">
        <time>2005-05-19T12:19:47-07:00</time>
      </trkpt>
      <trkpt lat="34.31215479969978" lon="-117.27051408961415">
        <time>2005-05-19T12:19:53-07:00</time>
      </trkpt>
      <trkpt lat="34.31214432232082" lon="-117.27052465081215">
        <time>2005-05-19T12:19:58-07:00</time>
      </trkpt>
      <trkpt lat="34.31210341863334" lon="-117.2705652192235">
        <time>2005-05-19T12:20:04-07:00</time>
      </trkpt>
      <trkpt lat="34.312095791101456" lon="-117.27057242766023">
        <time>2005-05-19T12:20:11-07:00</time>
      </trkpt>
      <trkpt lat="34.312076093629" lon="-117.27063462138176">
        <time>2005-05-19T12:20:15-07:00</time>
      </trkpt>
      <trkpt lat="34.31204893626273" lon="-117.27070653811097">
        <time>2005-05-19T12:20:22-07:00</time>
      </trkpt>
      <trkpt lat="34.31202655658126" lon="-117.27071634493768">
        <time>2005-05-19T12:20:28-07:00</time>
      </trkpt>
      <trkpt lat="34.31198364123702" lon="-117.27072120644152">
        <time>2005-05-19T12:20:29-07:00</time>
      </trkpt>
      <trkpt lat="34.31197039783001" lon="-117.27072170935571">
        <time>2005-05-19T12:20:33-07:00</time>
      </trkpt>
      <trkpt lat="34.31189621798694" lon="-117.27072849869728">
        <time>2005-05-19T12:20:34-07:00</time>
      </trkpt>
      <trkpt lat="34.31183251552284" lon="-117.27074727416039">
        <time>2005-05-19T12:20:39-07:00</time>
      </trkpt>
      <trkpt lat="34.31181097403169" lon="-117.27074601687491">
        <time>2005-05-19T12:20:45-07:00</time>
      </trkpt>
      <trkpt lat="34.311774177476764" lon="-117.27076864801347">
        <time>2005-05-19T12:20:47-07:00</time>
      </trkpt>
      <trkpt lat="34.31176034733653" lon="-117.2708297520876">
        <time>2005-05-19T12:20:50-07:00</time>
      </trkpt>
      <trkpt lat="34.311756156384945" lon="-117.270870488137">
        <time>2005-05-19T12:20:51-07:00</time>
      </trkpt>
      <trkpt lat="34.31175850331783" lon="-117.27093938738108">
        <time>2005-05-19T12:20:57-07:00</time>
      </trkpt>
      <trkpt lat="34.311727322638035" lon="-117.27100904099643">
        <time>2005-05-19T12:21:03-07:00</time>
      </trkpt>
      <trkpt lat="34.311706870794296" lon="-117.2710176743567">
        <time>2005-05-19T12:21:05-07:00</time>
      </trkpt>
      <trkpt lat="34.31169496849179" lon="-117.27102396078408">
        <time>2005-05-19T12:21:09-07:00</time>
      </trkpt>
      <trkpt lat="34.31165624409914" lon="-117.27105438709259">
        <time>2005-05-19T12:21:14-07:00</time>
      </trkpt>
      <trkpt lat="34.311647694557905" lon="-117.27106612175703">
        <time>2005-05-19T12:21:17-07:00</time>
      </trkpt>
      <trkpt lat="34.3116305116564" lon="-117.2710935305804">
        <time>2005-05-19T12:21:22-07:00</time>
      </trkpt>
      <trkpt lat="34.31162003427744" lon="-117.27111062966287">
        <time>2005-05-19T12:21:28-07:00</time>
      </trkpt>
      <trkpt lat="34.311591535806656" lon="-117.27115178480744">
        <time>2005-05-19T12:21:31-07:00</time>
      </trkpt>
      <trkpt lat="34.31158307008445" lon="-117.27115865796804">
        <time>2005-05-19T12:21:33-07:00</time>
      </trkpt>
      <trkpt lat="34.311531353741884" lon="-117.27120014838874">
        <time>2005-05-19T12:21:39-07:00</time>
      </trkpt>
      <trkpt lat="34.3114838283509" lon="-117.27123811841011">
        <time>2005-05-19T12:21:41-07:00</time>
      </trkpt>
      <trkpt lat="34.31146874092519" lon="-117.27125722914934">
        <time>2005-05-19T12:21:44-07:00</time>
      </trkpt>
      <trkpt lat="34.31145046837628" lon="-117.27128094993532">
        <time>2005-05-19T12:21:46-07:00</time>
      </trkpt>
      <trkpt lat="34.31141375564039" lon="-117.27130852639675">
        <time>2005-05-19T12:21:51-07:00</time>
      </trkpt>
      <trkpt lat="34.31138928048313" lon="-117.27132562547922">
        <time>2005-05-19T12:21:52-07:00</time>
      </trkpt>
      <trkpt lat="34.31136044673622" lon="-117.271348843351">
        <time>2005-05-19T12:21:59-07:00</time>
      </trkpt>
      <trkpt lat="34.31132750585675" lon="-117.27136845700443">
        <time>2005-05-19T12:22:05-07:00</time>
      </trkpt>
      <trkpt lat="34.31128601543605" lon="-117.27140625938773">
        <time>2005-05-19T12:22:08-07:00</time>
      </trkpt>
      <trkpt lat="34.31122004985809" lon="-117.27143215946853">
        <time>2005-05-19T12:22:11-07:00</time>
      </trkpt>
      <trkpt lat="34.31120906956494" lon="-117.2714371047914">
        <time>2005-05-19T12:22:15-07:00</time>
      </trkpt>
      <trkpt lat="34.31116129271686" lon="-117.27147775702178">
        <time>2005-05-19T12:22:18-07:00</time>
      </trkpt>
      <trkpt lat="34.31114746257663" lon="-117.27149217389524">
        <time>2005-05-19T12:22:22-07:00</time>
      </trkpt>
      <trkpt lat="34.31112474761903" lon="-117.27152628824115">
        <time>2005-05-19T12:22:25-07:00</time>
      </trkpt>
      <trkpt lat="34.31111142039299" lon="-117.27154531516135">
        <time>2005-05-19T12:22:30-07:00</time>
      </trkpt>
      <trkpt lat="34.3110765516758" lon="-117.2715636715293">
        <time>2005-05-19T12:22:37-07:00</time>
      </trkpt>
      <trkpt lat="34.31106833741069" lon="-117.27157113142312">
        <time>2005-05-19T12:22:38-07:00</time>
      </trkpt>
      <trkpt lat="34.31101712398231" lon="-117.2716099396348">
        <time>2005-05-19T12:22:43-07:00</time>
      </trkpt>
      <trkpt lat="34.31097521446645" lon="-117.27163542062044">
        <time>2005-05-19T12:22:45-07:00</time>
      </trkpt>
      <trkpt lat="34.310965575277805" lon="-117.27164304815233">
        <time>2005-05-19T12:22:50-07:00</time>
      </trkpt>
      <trkpt lat="34.310911260545254" lon="-117.27165880613029">
        <time>2005-05-19T12:22:52-07:00</time>
      </trkpt>
      <trkpt lat="34.31089784950018" lon="-117.27166048251092">
        <time>2005-05-19T12:22:56-07:00</time>
      </trkpt>
      <trkpt lat="34.310834649950266" lon="-117.27166878059506">
        <time>2005-05-19T12:22:57-07:00</time>
      </trkpt>
      <trkpt lat="34.31078729219735" lon="-117.27167163044214">
        <time>2005-05-19T12:23:03-07:00</time>
      </trkpt>
      <trkpt lat="34.31077664718032" lon="-117.27167095988989">
        <time>2005-05-19T12:23:08-07:00</time>
      </trkpt>
      <trkpt lat="34.31075569242239" lon="-117.2716720495373">
        <time>2005-05-19T12:23:09-07:00</time>
      </trkpt>
      <trkpt lat="34.310696767643094" lon="-117.27168638259172">
        <time>2005-05-19T12:23:15-07:00</time>
      </trkpt>
      <trkpt lat="34.310671370476484" lon="-117.27168797515333">
        <time>2005-05-19T12:23:16-07:00</time>
      </trkpt>
      <trkpt lat="34.310651589185" lon="-117.27168831042945">
        <time>2005-05-19T12:23:22-07:00</time>
      </trkpt>
      <trkpt lat="34.310617642477155" lon="-117.2716878913343">
        <time>2005-05-19T12:23:26-07:00</time>
      </trkpt>
      <trkpt lat="34.3105929158628" lon="-117.27169074118137">
        <time>2005-05-19T12:23:27-07:00</time>
      </trkpt>
      <trkpt lat="34.31057933717966" lon="-117.27169593796134">
        <time>2005-05-19T12:23:29-07:00</time>
      </trkpt>
      <trkpt lat="34.310547234490514" lon="-117.27169434539974">
        <time>2005-05-19T12:23:35-07:00</time>
      </trkpt>
      <trkpt lat="34.31049526669085" lon="-117.27170658297837">
        <time>2005-05-19T12:23:37-07:00</time>
      </trkpt>
      <trkpt lat="34.31048537604511" lon="-117.27171177975833">
        <time>2005-05-19T12:23:39-07:00</time>
      </trkpt>
      <trkpt lat="34.31043080985546" lon="-117.27171546779573">
        <time>2005-05-19T12:23:42-07:00</time>
      </trkpt>
      <trkpt lat="34.310369873419404" lon="-117.27170490659773">
        <time>2005-05-19T12:23:44-07:00</time>
      </trkpt>
      <trkpt lat="34.310333831235766" lon="-117.27169568650424">
        <time>2005-05-19T12:23:46-07:00</time>
      </trkpt>
      <trkpt lat="34.31031505577266" lon="-117.27168688550591">
        <time>2005-05-19T12:23:49-07:00</time>
      </trkpt>
      <trkpt lat="34.31026015430689" lon="-117.27165578864515">
        <time>2005-05-19T12:23:54-07:00</time>
      </trkpt>
      <trkpt lat="34.310241965577006" lon="-117.27163910865784">
        <time>2005-05-19T12:23:55-07:00</time>
      </trkpt>
      <trkpt lat="34.310203744098544" lon="-117.27160750888288">
        <time>2005-05-19T12:24:00-07:00</time>
      </trkpt>
      <trkpt lat="34.31013870052993" lon="-117.27156400680542">
        <time>2005-05-19T12:24:06-07:00</time>
      </trkpt>
      <trkpt lat="34.31012830697" lon="-117.27155855856836">
        <time>2005-05-19T12:24:09-07:00</time>
      </trkpt>
      <trkpt lat="34.31006267666817" lon="-117.27151958271861">
        <time>2005-05-19T12:24:11-07:00</time>
      </trkpt>
      <trkpt lat="34.31004339829087" lon="-117.27150508202612">
        <time>2005-05-19T12:24:18-07:00</time>
      </trkpt>
      <trkpt lat="34.31001112796366" lon="-117.27148873731494">
        <time>2005-05-19T12:24:20-07:00</time>
      </trkpt>
      <trkpt lat="34.30997399613261" lon="-117.27144959382713">
        <time>2005-05-19T12:24:24-07:00</time>
      </trkpt>
      <trkpt lat="34.30997039191425" lon="-117.27144707925618">
        <time>2005-05-19T12:24:30-07:00</time>
      </trkpt>
      <trkpt lat="34.309948682785034" lon="-117.27140290662646">
        <time>2005-05-19T12:24:31-07:00</time>
      </trkpt>
      <trkpt lat="34.309937953948975" lon="-117.2713855560869">
        <time>2005-05-19T12:24:38-07:00</time>
      </trkpt>
      <trkpt lat="34.30990777909756" lon="-117.27135001681745">
        <time>2005-05-19T12:24:40-07:00</time>
      </trkpt>
      <trkpt lat="34.30986184626818" lon="-117.27134004235268">
        <time>2005-05-19T12:24:44-07:00</time>
      </trkpt>
      <trkpt lat="34.30984818376601" lon="-117.27135051973164">
        <time>2005-05-19T12:24:48-07:00</time>
      </trkpt>
      <trkpt lat="34.3098159134388" lon="-117.27139159105718">
        <time>2005-05-19T12:24:49-07:00</time>
      </trkpt>
      <trkpt lat="34.309791354462504" lon="-117.27140391245484">
        <time>2005-05-19T12:24:53-07:00</time>
      </trkpt>
      <trkpt lat="34.30977115407586" lon="-117.27142050862312">
        <time>2005-05-19T12:24:55-07:00</time>
      </trkpt>
      <trkpt lat="34.309759670868516" lon="-117.2714220173657">
        <time>2005-05-19T12:24:59-07:00</time>
      </trkpt>
      <trkpt lat="34.30971683934331" lon="-117.27142939344049">
        <time>2005-05-19T12:25:03-07:00</time>
      </trkpt>
      <trkpt lat="34.30964659899473" lon="-117.27142620831728">
        <time>2005-05-19T12:25:04-07:00</time>
      </trkpt>
      <trkpt lat="34.3095740955323" lon="-117.27141547948122">
        <time>2005-05-19T12:25:09-07:00</time>
      </trkpt>
      <trkpt lat="34.30956596508622" lon="-117.27140860632062">
        <time>2005-05-19T12:25:12-07:00</time>
      </trkpt>
      <trkpt lat="34.30954299867153" lon="-117.2714008949697">
        <time>2005-05-19T12:25:15-07:00</time>
      </trkpt>
      <trkpt lat="34.309496730566025" lon="-117.27138496935368">
        <time>2005-05-19T12:25:16-07:00</time>
      </trkpt>
      <trkpt lat="34.30948591791093" lon="-117.2713770903647">
        <time>2005-05-19T12:25:20-07:00</time>
      </trkpt>
      <trkpt lat="34.309404361993074" lon="-117.27134373039007">
        <time>2005-05-19T12:25:26-07:00</time>
      </trkpt>
      <trkpt lat="34.309343760833144" lon="-117.27131095714867">
        <time>2005-05-19T12:25:33-07:00</time>
      </trkpt>
      <trkpt lat="34.30930461734533" lon="-117.27128027938306">
        <time>2005-05-19T12:25:34-07:00</time>
      </trkpt>
      <trkpt lat="34.3092891946435" lon="-117.27126787416637">
        <time>2005-05-19T12:25:36-07:00</time>
      </trkpt>
      <trkpt lat="34.30921937339008" lon="-117.27124591358006">
        <time>2005-05-19T12:25:40-07:00</time>
      </trkpt>
      <trkpt lat="34.309185426682234" lon="-117.27124851197004">
        <time>2005-05-19T12:25:41-07:00</time>
      </trkpt>
      <trkpt lat="34.309151228517294" lon="-117.27123585529625">
        <time>2005-05-19T12:25:48-07:00</time>
      </trkpt>
      <trkpt lat="34.30913287214935" lon="-117.27121674455702">
        <time>2005-05-19T12:25:54-07:00</time>
      </trkpt>
      <trkpt lat="34.30910160765052" lon="-117.2711627651006">
        <time>2005-05-19T12:25:58-07:00</time>
      </trkpt>
      <trkpt lat="34.30908752605319" lon="-117.27115153335035">
        <time>2005-05-19T12:26:00-07:00</time>
      </trkpt>
      <trkpt lat="34.309077970683575" lon="-117.27113451808691">
        <time>2005-05-19T12:26:06-07:00</time>
      </trkpt>
      <trkpt lat="34.30905617773533" lon="-117.2710903454572">
        <time>2005-05-19T12:26:09-07:00</time>
      </trkpt>
      <trkpt lat="34.309042850509286" lon="-117.27107928134501">
        <time>2005-05-19T12:26:12-07:00</time>
      </trkpt>
      <trkpt lat="34.30900689214468" lon="-117.27106042206287">
        <time>2005-05-19T12:26:15-07:00</time>
      </trkpt>
      <trkpt lat="34.308977387845516" lon="-117.27104910649359">
        <time>2005-05-19T12:26:20-07:00</time>
      </trkpt>
      <trkpt lat="34.308967497199774" lon="-117.27104416117072">
        <time>2005-05-19T12:26:22-07:00</time>
      </trkpt>
      <trkpt lat="34.30891024880111" lon="-117.27102060802281">
        <time>2005-05-19T12:26:25-07:00</time>
      </trkpt>
      <trkpt lat="34.30883288383484" lon="-117.27098003961146">
        <time>2005-05-19T12:26:28-07:00</time>
      </trkpt>
      <trkpt lat="34.30882257409394" lon="-117.2709743399173">
        <time>2005-05-19T12:26:29-07:00</time>
      </trkpt>
      <trkpt lat="34.30873230099678" lon="-117.27093360386789">
        <time>2005-05-19T12:26:32-07:00</time>
      </trkpt>
      <trkpt lat="34.308659294620156" lon="-117.27087451145053">
        <time>2005-05-19T12:26:35-07:00</time>
      </trkpt>
      <trkpt lat="34.30860732682049" lon="-117.2708036005497">
        <time>2005-05-19T12:26:36-07:00</time>
      </trkpt>
      <trkpt lat="34.30854697711766" lon="-117.27074316702783">
        <time>2005-05-19T12:26:41-07:00</time>
      </trkpt>
      <trkpt lat="34.30853406898677" lon="-117.27074962109327">
        <time>2005-05-19T12:26:49-07:00</time>
      </trkpt>
      <trkpt lat="34.308477407321334" lon="-117.27080821059644">
        <time>2005-05-19T12:26:50-07:00</time>
      </trkpt>
      <trkpt lat="34.308461397886276" lon="-117.27083176374435">
        <time>2005-05-19T12:26:58-07:00</time>
      </trkpt>
      <trkpt lat="34.30844597518444" lon="-117.27085431106389">
        <time>2005-05-19T12:27:06-07:00</time>
      </trkpt>
      <trkpt lat="34.308443292975426" lon="-117.2708881739527">
        <time>2005-05-19T12:27:14-07:00</time>
      </trkpt>
      <trkpt lat="34.30843331851065" lon="-117.27090493775904">
        <time>2005-05-19T12:27:20-07:00</time>
      </trkpt>
      <trkpt lat="34.30840934626758" lon="-117.27090829052031">
        <time>2005-05-19T12:27:21-07:00</time>
      </trkpt>
      <trkpt lat="34.30839912034571" lon="-117.27090435102582">
        <time>2005-05-19T12:27:28-07:00</time>
      </trkpt>
      <trkpt lat="34.308363581076264" lon="-117.2708670515567">
        <time>2005-05-19T12:27:30-07:00</time>
      </trkpt>
      <trkpt lat="34.30835570208728" lon="-117.27085347287357">
        <time>2005-05-19T12:27:32-07:00</time>
      </trkpt>
      <trkpt lat="34.30830230936408" lon="-117.27082170546055">
        <time>2005-05-19T12:27:36-07:00</time>
      </trkpt>
      <trkpt lat="34.308215053752065" lon="-117.27082883007824">
        <time>2005-05-19T12:27:38-07:00</time>
      </trkpt>
      <trkpt lat="34.30812251754105" lon="-117.27084735408425">
        <time>2005-05-19T12:27:41-07:00</time>
      </trkpt>
      <trkpt lat="34.30811279453337" lon="-117.27084810845554">
        <time>2005-05-19T12:27:42-07:00</time>
      </trkpt>
      <trkpt lat="34.3080473318696" lon="-117.27086319588125">
        <time>2005-05-19T12:27:46-07:00</time>
      </trkpt>
      <trkpt lat="34.30799645371735" lon="-117.27086084894836">
        <time>2005-05-19T12:27:47-07:00</time>
      </trkpt>
      <trkpt lat="34.307959992438555" lon="-117.27085649035871">
        <time>2005-05-19T12:27:52-07:00</time>
      </trkpt>
      <trkpt lat="34.307900397107005" lon="-117.27081516757607">
        <time>2005-05-19T12:27:59-07:00</time>
      </trkpt>
      <trkpt lat="34.307873575016856" lon="-117.27075230330229">
        <time>2005-05-19T12:28:06-07:00</time>
      </trkpt>
      <trkpt lat="34.30785287171602" lon="-117.27068994194269">
        <time>2005-05-19T12:28:07-07:00</time>
      </trkpt>
      <trkpt lat="34.30781716480851" lon="-117.27057963609695">
        <time>2005-05-19T12:28:12-07:00</time>
      </trkpt>
      <trkpt lat="34.30780819617212" lon="-117.27050771936774">
        <time>2005-05-19T12:28:16-07:00</time>
      </trkpt>
      <trkpt lat="34.307796796783805" lon="-117.27049631997943">
        <time>2005-05-19T12:28:19-07:00</time>
      </trkpt>
      <trkpt lat="34.30775497108698" lon="-117.27049380540848">
        <time>2005-05-19T12:28:25-07:00</time>
      </trkpt>
      <trkpt lat="34.307686826214194" lon="-117.27048953063786">
        <time>2005-05-19T12:28:29-07:00</time>
      </trkpt>
      <trkpt lat="34.307624381035566" lon="-117.27048140019178">
        <time>2005-05-19T12:28:33-07:00</time>
      </trkpt>
      <trkpt lat="34.30758414790034" lon="-117.27041501551867">
        <time>2005-05-19T12:28:40-07:00</time>
      </trkpt>
      <trkpt lat="34.30755170993507" lon="-117.27039095945656">
        <time>2005-05-19T12:28:45-07:00</time>
      </trkpt>
      <trkpt lat="34.30752681568265" lon="-117.2703891992569">
        <time>2005-05-19T12:28:46-07:00</time>
      </trkpt>
      <trkpt lat="34.307453306391835" lon="-117.2704114113003">
        <time>2005-05-19T12:28:50-07:00</time>
      </trkpt>
      <trkpt lat="34.3073879275471" lon="-117.27037184871733">
        <time>2005-05-19T12:28:56-07:00</time>
      </trkpt>
      <trkpt lat="34.30733327753842" lon="-117.27030160836875">
        <time>2005-05-19T12:29:01-07:00</time>
      </trkpt>
      <trkpt lat="34.30729824118316" lon="-117.27022960782051">
        <time>2005-05-19T12:29:06-07:00</time>
      </trkpt>
      <trkpt lat="34.30725901387632" lon="-117.27019297890365">
        <time>2005-05-19T12:29:09-07:00</time>
      </trkpt>
      <trkpt lat="34.30724233388901" lon="-117.27019608020782">
        <time>2005-05-19T12:29:11-07:00</time>
      </trkpt>
      <trkpt lat="34.307228084653616" lon="-117.27019784040749">
        <time>2005-05-19T12:29:17-07:00</time>
      </trkpt>
      <trkpt lat="34.30715306662023" lon="-117.27021577768028">
        <time>2005-05-19T12:29:22-07:00</time>
      </trkpt>
      <trkpt lat="34.30709238164127" lon="-117.2702195495367">
        <time>2005-05-19T12:29:28-07:00</time>
      </trkpt>
      <trkpt lat="34.30700805969536" lon="-117.27022625505924">
        <time>2005-05-19T12:29:34-07:00</time>
      </trkpt>
      <trkpt lat="34.30693857371807" lon="-117.2702266741544">
        <time>2005-05-19T12:29:37-07:00</time>
      </trkpt>
      <trkpt lat="34.30686372332275" lon="-117.27026112377644">
        <time>2005-05-19T12:29:38-07:00</time>
      </trkpt>
      <trkpt lat="34.30678769946098" lon="-117.27030362002552">
        <time>2005-05-19T12:29:39-07:00</time>
      </trkpt>
      <trkpt lat="34.30672584101558" lon="-117.27033589035273">
        <time>2005-05-19T12:29:45-07:00</time>
      </trkpt>
      <trkpt lat="34.306652415543795" lon="-117.27034318260849">
        <time>2005-05-19T12:29:50-07:00</time>
      </trkpt>
      <trkpt lat="34.306608913466334" lon="-117.27039481513202">
        <time>2005-05-19T12:29:56-07:00</time>
      </trkpt>
      <trkpt lat="34.30661712773144" lon="-117.27045742794871">
        <time>2005-05-19T12:30:01-07:00</time>
      </trkpt>
      <trkpt lat="34.30664830841124" lon="-117.27052825503051">
        <time>2005-05-19T12:30:07-07:00</time>
      </trkpt>
      <trkpt lat="34.30665316991508" lon="-117.27054292336106">
        <time>2005-05-19T12:30:14-07:00</time>
      </trkpt>
      <trkpt lat="34.30665333755314" lon="-117.27055616676807">
        <time>2005-05-19T12:30:20-07:00</time>
      </trkpt>
      <trkpt lat="34.30666130036116" lon="-117.27059757336974">
        <time>2005-05-19T12:30:26-07:00</time>
      </trkpt>
      <trkpt lat="34.306660210713744" lon="-117.27062858641148">
        <time>2005-05-19T12:30:31-07:00</time>
      </trkpt>
      <trkpt lat="34.30663079023361" lon="-117.27071332745254">
        <time>2005-05-19T12:30:36-07:00</time>
      </trkpt>
      <trkpt lat="34.30660245940089" lon="-117.27079178206623">
        <time>2005-05-19T12:30:42-07:00</time>
      </trkpt>
      <trkpt lat="34.30659416131675" lon="-117.27089278399944">
        <time>2005-05-19T12:30:43-07:00</time>
      </trkpt>
      <trkpt lat="34.30659106001258" lon="-117.27097107097507">
        <time>2005-05-19T12:30:44-07:00</time>
      </trkpt>
      <trkpt lat="34.306592401117086" lon="-117.27098607458174">
        <time>2005-05-19T12:30:47-07:00</time>
      </trkpt>
      <trkpt lat="34.30659416131675" lon="-117.27106310427189">
        <time>2005-05-19T12:30:49-07:00</time>
      </trkpt>
      <trkpt lat="34.30659265257418" lon="-117.2710813768208">
        <time>2005-05-19T12:30:55-07:00</time>
      </trkpt>
      <trkpt lat="34.30658829398453" lon="-117.27110836654902">
        <time>2005-05-19T12:31:01-07:00</time>
      </trkpt>
      <trkpt lat="34.306577229872346" lon="-117.27113493718207">
        <time>2005-05-19T12:31:07-07:00</time>
      </trkpt>
      <trkpt lat="34.30654906667769" lon="-117.2711643576622">
        <time>2005-05-19T12:31:13-07:00</time>
      </trkpt>
      <trkpt lat="34.30651285685599" lon="-117.27117659524083">
        <time>2005-05-19T12:31:14-07:00</time>
      </trkpt>
      <trkpt lat="34.306417470797896" lon="-117.27116771042347">
        <time>2005-05-19T12:31:20-07:00</time>
      </trkpt>
      <trkpt lat="34.30638796649873" lon="-117.27115899324417">
        <time>2005-05-19T12:31:21-07:00</time>
      </trkpt>
      <trkpt lat="34.30632367730141" lon="-117.27115287445486">
        <time>2005-05-19T12:31:23-07:00</time>
      </trkpt>
      <trkpt lat="34.3063101824373" lon="-117.27115329355001">
        <time>2005-05-19T12:31:25-07:00</time>
      </trkpt>
      <trkpt lat="34.30621915496886" lon="-117.27113937959075">
        <time>2005-05-19T12:31:28-07:00</time>
      </trkpt>
      <trkpt lat="34.306192165240645" lon="-117.27113284170628">
        <time>2005-05-19T12:31:31-07:00</time>
      </trkpt>
      <trkpt lat="34.30617766454816" lon="-117.27112948894501">
        <time>2005-05-19T12:31:39-07:00</time>
      </trkpt>
      <trkpt lat="34.30614924989641" lon="-117.27112194523215">
        <time>2005-05-19T12:31:41-07:00</time>
      </trkpt>
      <trkpt lat="34.306071968749166" lon="-117.27109679952264">
        <time>2005-05-19T12:31:46-07:00</time>
      </trkpt>
      <trkpt lat="34.30602544918656" lon="-117.27108246646821">
        <time>2005-05-19T12:31:47-07:00</time>
      </trkpt>
      <trkpt lat="34.30599242448807" lon="-117.27106159552932">
        <time>2005-05-19T12:31:54-07:00</time>
      </trkpt>
      <trkpt lat="34.30590734817088" lon="-117.27100946009159">
        <time>2005-05-19T12:31:56-07:00</time>
      </trkpt>
      <trkpt lat="34.30584942921996" lon="-117.27092287503183">
        <time>2005-05-19T12:31:57-07:00</time>
      </trkpt>
      <trkpt lat="34.305823193863034" lon="-117.27085238322616">
        <time>2005-05-19T12:31:59-07:00</time>
      </trkpt>
      <trkpt lat="34.30578203871846" lon="-117.27075397968292">
        <time>2005-05-19T12:32:05-07:00</time>
      </trkpt>
      <trkpt lat="34.30573015473783" lon="-117.27072271518409">
        <time>2005-05-19T12:32:09-07:00</time>
      </trkpt>
      <trkpt lat="34.305652203038335" lon="-117.2707623615861">
        <time>2005-05-19T12:32:12-07:00</time>
      </trkpt>
      <trkpt lat="34.30558833293617" lon="-117.27076328359544">
        <time>2005-05-19T12:32:19-07:00</time>
      </trkpt>
      <trkpt lat="34.30556545034051" lon="-117.27075188420713">
        <time>2005-05-19T12:32:26-07:00</time>
      </trkpt>
      <trkpt lat="34.305535862222314" lon="-117.27072338573635">
        <time>2005-05-19T12:32:31-07:00</time>
      </trkpt>
      <trkpt lat="34.30552085861564" lon="-117.27069614455104">
        <time>2005-05-19T12:32:38-07:00</time>
      </trkpt>
      <trkpt lat="34.30550476536155" lon="-117.27066529914737">
        <time>2005-05-19T12:32:44-07:00</time>
      </trkpt>
      <trkpt lat="34.305477775633335" lon="-117.27063361555338">
        <time>2005-05-19T12:32:51-07:00</time>
      </trkpt>
      <trkpt lat="34.30541759356856" lon="-117.27059707045555">
        <time>2005-05-19T12:32:57-07:00</time>
      </trkpt>
      <trkpt lat="34.30540418252349" lon="-117.27059514261782">
        <time>2005-05-19T12:32:59-07:00</time>
      </trkpt>
      <trkpt lat="34.305326314643025" lon="-117.27058181539178">
        <time>2005-05-19T12:33:02-07:00</time>
      </trkpt>
      <trkpt lat="34.30531131103635" lon="-117.27059531025589">
        <time>2005-05-19T12:33:04-07:00</time>
      </trkpt>
      <trkpt lat="34.30530225858092" lon="-117.27063168771565">
        <time>2005-05-19T12:33:06-07:00</time>
      </trkpt>
      <trkpt lat="34.305310389027" lon="-117.27065264247358">
        <time>2005-05-19T12:33:09-07:00</time>
      </trkpt>
      <trkpt lat="34.305324805900455" lon="-117.27069186978042">
        <time>2005-05-19T12:33:14-07:00</time>
      </trkpt>
      <trkpt lat="34.30532991886139" lon="-117.27069731801748">
        <time>2005-05-19T12:33:15-07:00</time>
      </trkpt>
      <trkpt lat="34.30534282699227" lon="-117.27075758390129">
        <time>2005-05-19T12:33:21-07:00</time>
      </trkpt>
      <trkpt lat="34.30535431019962" lon="-117.27083763107657">
        <time>2005-05-19T12:33:22-07:00</time>
      </trkpt>
      <trkpt lat="34.30535581894219" lon="-117.27093410678208">
        <time>2005-05-19T12:33:24-07:00</time>
      </trkpt>
      <trkpt lat="34.305296055972576" lon="-117.27096553891897">
        <time>2005-05-19T12:33:25-07:00</time>
      </trkpt>
      <trkpt lat="34.30525657720864" lon="-117.27094676345587">
        <time>2005-05-19T12:33:28-07:00</time>
      </trkpt>
      <trkpt lat="34.30523168295622" lon="-117.27091918699443">
        <time>2005-05-19T12:33:29-07:00</time>
      </trkpt>
      <trkpt lat="34.30515691637993" lon="-117.27080988697708">
        <time>2005-05-19T12:33:34-07:00</time>
      </trkpt>
      <trkpt lat="34.30509732104838" lon="-117.27076588198543">
        <time>2005-05-19T12:33:40-07:00</time>
      </trkpt>
      <trkpt lat="34.30503009818494" lon="-117.27074065245688">
        <time>2005-05-19T12:33:47-07:00</time>
      </trkpt>
      <trkpt lat="34.30495818145573" lon="-117.27069899439812">
        <time>2005-05-19T12:33:54-07:00</time>
      </trkpt>
      <trkpt lat="34.304894395172596" lon="-117.27069614455104">
        <time>2005-05-19T12:33:58-07:00</time>
      </trkpt>
      <trkpt lat="34.30487276986241" lon="-117.27070938795805">
        <time>2005-05-19T12:34:01-07:00</time>
      </trkpt>
      <trkpt lat="34.30486874654889" lon="-117.2707378026098">
        <time>2005-05-19T12:34:10-07:00</time>
      </trkpt>
      <trkpt lat="34.30488861165941" lon="-117.27078381925821">
        <time>2005-05-19T12:34:16-07:00</time>
      </trkpt>
      <trkpt lat="34.30491283535957" lon="-117.2708792053163">
        <time>2005-05-19T12:34:22-07:00</time>
      </trkpt>
      <trkpt lat="34.30493177846074" lon="-117.27091273292899">
        <time>2005-05-19T12:34:29-07:00</time>
      </trkpt>
      <trkpt lat="34.30495776236057" lon="-117.27095807902515">
        <time>2005-05-19T12:34:34-07:00</time>
      </trkpt>
      <trkpt lat="34.30495549924672" lon="-117.27103636600077">
        <time>2005-05-19T12:34:36-07:00</time>
      </trkpt>
      <trkpt lat="34.30490545928478" lon="-117.27108079008758">
        <time>2005-05-19T12:34:39-07:00</time>
      </trkpt>
      <trkpt lat="34.30488877929747" lon="-117.27110392414033">
        <time>2005-05-19T12:34:43-07:00</time>
      </trkpt>
      <trkpt lat="34.304871931672096" lon="-117.27114868350327">
        <time>2005-05-19T12:34:50-07:00</time>
      </trkpt>
      <trkpt lat="34.30487226694822" lon="-117.27117734961212">
        <time>2005-05-19T12:34:53-07:00</time>
      </trkpt>
      <trkpt lat="34.304886013269424" lon="-117.27120039984584">
        <time>2005-05-19T12:34:56-07:00</time>
      </trkpt>
      <trkpt lat="34.30491954088211" lon="-117.27119117975235">
        <time>2005-05-19T12:35:01-07:00</time>
      </trkpt>
      <trkpt lat="34.30497326888144" lon="-117.27118983864784">
        <time>2005-05-19T12:35:06-07:00</time>
      </trkpt>
      <trkpt lat="34.305032193660736" lon="-117.27124138735235">
        <time>2005-05-19T12:35:08-07:00</time>
      </trkpt>
      <trkpt lat="34.3050669785589" lon="-117.27132026106119">
        <time>2005-05-19T12:35:11-07:00</time>
      </trkpt>
      <trkpt lat="34.305054657161236" lon="-117.27138605900109">
        <time>2005-05-19T12:35:13-07:00</time>
      </trkpt>
      <trkpt lat="34.30502255447209" lon="-117.27144976146519">
        <time>2005-05-19T12:35:15-07:00</time>
      </trkpt>
      <trkpt lat="34.30502909235656" lon="-117.27146442979574">
        <time>2005-05-19T12:35:18-07:00</time>
      </trkpt>
      <trkpt lat="34.30505055002868" lon="-117.27148052304983">
        <time>2005-05-19T12:35:23-07:00</time>
      </trkpt>
      <trkpt lat="34.30507033132017" lon="-117.2714910004288">
        <time>2005-05-19T12:35:29-07:00</time>
      </trkpt>
      <trkpt lat="34.30512607097626" lon="-117.27155176922679">
        <time>2005-05-19T12:35:35-07:00</time>
      </trkpt>
      <trkpt lat="34.30518642067909" lon="-117.27163148112595">
        <time>2005-05-19T12:35:40-07:00</time>
      </trkpt>
      <trkpt lat="34.305193880572915" lon="-117.27164120413363">
        <time>2005-05-19T12:35:45-07:00</time>
      </trkpt>
      <trkpt lat="34.30524333380163" lon="-117.27174279280007">
        <time>2005-05-19T12:35:46-07:00</time>
      </trkpt>
      <trkpt lat="34.30527183227241" lon="-117.2718226723373">
        <time>2005-05-19T12:35:48-07:00</time>
      </trkpt>
      <trkpt lat="34.30529186502099" lon="-117.2718623187393">
        <time>2005-05-19T12:35:50-07:00</time>
      </trkpt>
      <trkpt lat="34.30530611425638" lon="-117.27189593017101">
        <time>2005-05-19T12:35:57-07:00</time>
      </trkpt>
      <trkpt lat="34.30534425191581" lon="-117.27193892933428">
        <time>2005-05-19T12:36:04-07:00</time>
      </trkpt>
      <trkpt lat="34.30535330437124" lon="-117.27194898761809">
        <time>2005-05-19T12:36:05-07:00</time>
      </trkpt>
      <trkpt lat="34.30539630353451" lon="-117.2720362432301">
        <time>2005-05-19T12:36:13-07:00</time>
      </trkpt>
      <trkpt lat="34.30541298352182" lon="-117.272072955966">
        <time>2005-05-19T12:36:19-07:00</time>
      </trkpt>
      <trkpt lat="34.30542019195855" lon="-117.27208913303912">
        <time>2005-05-19T12:36:22-07:00</time>
      </trkpt>
      <trkpt lat="34.30546880699694" lon="-117.27217379026115">
        <time>2005-05-19T12:36:25-07:00</time>
      </trkpt>
      <trkpt lat="34.305509040132165" lon="-117.27224646136165">
        <time>2005-05-19T12:36:30-07:00</time>
      </trkpt>
      <trkpt lat="34.305545669049025" lon="-117.27233028039336">
        <time>2005-05-19T12:36:31-07:00</time>
      </trkpt>
      <trkpt lat="34.30555480532348" lon="-117.27235274389386">
        <time>2005-05-19T12:36:38-07:00</time>
      </trkpt>
      <trkpt lat="34.305579867213964" lon="-117.27239767089486">
        <time>2005-05-19T12:36:42-07:00</time>
      </trkpt>
      <trkpt lat="34.305600905790925" lon="-117.27246380411088">
        <time>2005-05-19T12:36:44-07:00</time>
      </trkpt>
      <trkpt lat="34.30559277534485" lon="-117.27253555320203">
        <time>2005-05-19T12:36:52-07:00</time>
      </trkpt>
      <trkpt lat="34.30558858439326" lon="-117.27260554209352">
        <time>2005-05-19T12:36:57-07:00</time>
      </trkpt>
      <trkpt lat="34.30558640509844" lon="-117.27261962369084">
        <time>2005-05-19T12:37:04-07:00</time>
      </trkpt>
      <trkpt lat="34.305572994053364" lon="-117.272675530985">
        <time>2005-05-19T12:37:06-07:00</time>
      </trkpt>
      <trkpt lat="34.30555949918926" lon="-117.27273252792656">
        <time>2005-05-19T12:37:10-07:00</time>
      </trkpt>
      <trkpt lat="34.30555916391313" lon="-117.27274526841938">
        <time>2005-05-19T12:37:14-07:00</time>
      </trkpt>
      <trkpt lat="34.3055537994951" lon="-117.2727635409683">
        <time>2005-05-19T12:37:19-07:00</time>
      </trkpt>
      <trkpt lat="34.30553527548909" lon="-117.27281735278666">
        <time>2005-05-19T12:37:24-07:00</time>
      </trkpt>
      <trkpt lat="34.30546201765537" lon="-117.27289337664843">
        <time>2005-05-19T12:37:25-07:00</time>
      </trkpt>
      <trkpt lat="34.30540778674185" lon="-117.27295003831387">
        <time>2005-05-19T12:37:30-07:00</time>
      </trkpt>
      <trkpt lat="34.30541750974953" lon="-117.2729622758925">
        <time>2005-05-19T12:37:35-07:00</time>
      </trkpt>
      <trkpt lat="34.305471405386925" lon="-117.27300653234124">
        <time>2005-05-19T12:37:36-07:00</time>
      </trkpt>
      <trkpt lat="34.30554298684001" lon="-117.27303377352655">
        <time>2005-05-19T12:37:37-07:00</time>
      </trkpt>
      <trkpt lat="34.305588668212295" lon="-117.27304860949516">
        <time>2005-05-19T12:37:42-07:00</time>
      </trkpt>
      <trkpt lat="34.30561834014952" lon="-117.2730590030551">
        <time>2005-05-19T12:37:50-07:00</time>
      </trkpt>
      <trkpt lat="34.305623872205615" lon="-117.27306646294892">
        <time>2005-05-19T12:37:56-07:00</time>
      </trkpt>
      <trkpt lat="34.30564717389643" lon="-117.2730828076601">
        <time>2005-05-19T12:37:57-07:00</time>
      </trkpt>
      <trkpt lat="34.30566569790244" lon="-117.27310066111386">
        <time>2005-05-19T12:38:03-07:00</time>
      </trkpt>
      <trkpt lat="34.30571213364601" lon="-117.27314441464841">
        <time>2005-05-19T12:38:09-07:00</time>
      </trkpt>
      <trkpt lat="34.305763095617294" lon="-117.27320057339966">
        <time>2005-05-19T12:38:13-07:00</time>
      </trkpt>
      <trkpt lat="34.3057749979198" lon="-117.27322521619499">
        <time>2005-05-19T12:38:16-07:00</time>
      </trkpt>
      <trkpt lat="34.305822188034654" lon="-117.27331071160734">
        <time>2005-05-19T12:38:17-07:00</time>
      </trkpt>
      <trkpt lat="34.30583819746971" lon="-117.27338958531618">
        <time>2005-05-19T12:38:20-07:00</time>
      </trkpt>
      <trkpt lat="34.30583752691746" lon="-117.27340056560934">
        <time>2005-05-19T12:38:22-07:00</time>
      </trkpt>
      <trkpt lat="34.30584356188774" lon="-117.27349888533354">
        <time>2005-05-19T12:38:27-07:00</time>
      </trkpt>
      <trkpt lat="34.305846244096756" lon="-117.2735112067312">
        <time>2005-05-19T12:38:33-07:00</time>
      </trkpt>
      <trkpt lat="34.30586602538824" lon="-117.27358060888946">
        <time>2005-05-19T12:38:35-07:00</time>
      </trkpt>
      <trkpt lat="34.30587122216821" lon="-117.2735891584307">
        <time>2005-05-19T12:38:43-07:00</time>
      </trkpt>
      <trkpt lat="34.305905252695084" lon="-117.27363827638328">
        <time>2005-05-19T12:38:49-07:00</time>
      </trkpt>
      <trkpt lat="34.3059528619051" lon="-117.27369510568678">
        <time>2005-05-19T12:38:50-07:00</time>
      </trkpt>
      <trkpt lat="34.30601413361728" lon="-117.27377221919596">
        <time>2005-05-19T12:38:58-07:00</time>
      </trkpt>
      <trkpt lat="34.306024610996246" lon="-117.27381052449346">
        <time>2005-05-19T12:38:59-07:00</time>
      </trkpt>
      <trkpt lat="34.306038273498416" lon="-117.27385017089546">
        <time>2005-05-19T12:39:05-07:00</time>
      </trkpt>
      <trkpt lat="34.30604564957321" lon="-117.27385779842734">
        <time>2005-05-19T12:39:06-07:00</time>
      </trkpt>
      <trkpt lat="34.30608336813748" lon="-117.27392896078527">
        <time>2005-05-19T12:39:11-07:00</time>
      </trkpt>
      <trkpt lat="34.30610046721995" lon="-117.2739948425442">
        <time>2005-05-19T12:39:18-07:00</time>
      </trkpt>
      <trkpt lat="34.30612284690142" lon="-117.27407589554787">
        <time>2005-05-19T12:39:25-07:00</time>
      </trkpt>
      <trkpt lat="34.306124774739146" lon="-117.274089474231">
        <time>2005-05-19T12:39:28-07:00</time>
      </trkpt>
      <trkpt lat="34.306103149428964" lon="-117.27416918613017">
        <time>2005-05-19T12:39:31-07:00</time>
      </trkpt>
      <trkpt lat="34.30608588270843" lon="-117.27421218529344">
        <time>2005-05-19T12:39:32-07:00</time>
      </trkpt>
      <trkpt lat="34.30608043447137" lon="-117.27422283031046">
        <time>2005-05-19T12:39:39-07:00</time>
      </trkpt>
      <trkpt lat="34.306034836918116" lon="-117.2742884606123">
        <time>2005-05-19T12:39:44-07:00</time>
      </trkpt>
      <trkpt lat="34.306001560762525" lon="-117.27433271706104">
        <time>2005-05-19T12:39:51-07:00</time>
      </trkpt>
      <trkpt lat="34.3059682007879" lon="-117.27434805594385">
        <time>2005-05-19T12:39:52-07:00</time>
      </trkpt>
      <trkpt lat="34.30593299679458" lon="-117.27436423301697">
        <time>2005-05-19T12:39:58-07:00</time>
      </trkpt>
      <trkpt lat="34.30587952025235" lon="-117.27440480142832">
        <time>2005-05-19T12:40:02-07:00</time>
      </trkpt>
      <trkpt lat="34.30580877698958" lon="-117.27442525327206">
        <time>2005-05-19T12:40:03-07:00</time>
      </trkpt>
      <trkpt lat="34.305740213021636" lon="-117.27444687858224">
        <time>2005-05-19T12:40:10-07:00</time>
      </trkpt>
      <trkpt lat="34.30567215196788" lon="-117.27449926547706">
        <time>2005-05-19T12:40:16-07:00</time>
      </trkpt>
      <trkpt lat="34.30565379559994" lon="-117.27451234124601">
        <time>2005-05-19T12:40:19-07:00</time>
      </trkpt>
      <trkpt lat="34.30563200265169" lon="-117.27453379891813">
        <time>2005-05-19T12:40:22-07:00</time>
      </trkpt>
      <trkpt lat="34.30561029352248" lon="-117.2745453659445">
        <time>2005-05-19T12:40:28-07:00</time>
      </trkpt>
      <trkpt lat="34.30551767349243" lon="-117.27458601817489">
        <time>2005-05-19T12:40:34-07:00</time>
      </trkpt>
      <trkpt lat="34.30542916059494" lon="-117.27454829961061">
        <time>2005-05-19T12:40:40-07:00</time>
      </trkpt>
      <trkpt lat="34.305384987965226" lon="-117.27452918887138">
        <time>2005-05-19T12:40:47-07:00</time>
      </trkpt>
      <trkpt lat="34.3053450062871" lon="-117.27453547529876">
        <time>2005-05-19T12:40:49-07:00</time>
      </trkpt>
      <trkpt lat="34.305273592472076" lon="-117.27456187829375">
        <time>2005-05-19T12:40:51-07:00</time>
      </trkpt>
      <trkpt lat="34.3051893543452" lon="-117.2745781391859">
        <time>2005-05-19T12:40:53-07:00</time>
      </trkpt>
      <trkpt lat="34.305151803418994" lon="-117.27457168512046">
        <time>2005-05-19T12:41:01-07:00</time>
      </trkpt>
      <trkpt lat="34.305115258321166" lon="-117.27456975728273">
        <time>2005-05-19T12:41:08-07:00</time>
      </trkpt>
      <trkpt lat="34.30504518561065" lon="-117.27454528212547">
        <time>2005-05-19T12:41:11-07:00</time>
      </trkpt>
      <trkpt lat="34.305033618584275" lon="-117.27454016916454">
        <time>2005-05-19T12:41:14-07:00</time>
      </trkpt>
      <trkpt lat="34.304975029081106" lon="-117.27451728656888">
        <time>2005-05-19T12:41:20-07:00</time>
      </trkpt>
      <trkpt lat="34.30492985062301" lon="-117.27449482306838">
        <time>2005-05-19T12:41:27-07:00</time>
      </trkpt>
      <trkpt lat="34.30491300299764" lon="-117.27447789162397">
        <time>2005-05-19T12:41:30-07:00</time>
      </trkpt>
      <trkpt lat="34.304848881438375" lon="-117.2743939049542">
        <time>2005-05-19T12:41:33-07:00</time>
      </trkpt>
      <trkpt lat="34.304789789021015" lon="-117.27430388331413">
        <time>2005-05-19T12:41:39-07:00</time>
      </trkpt>
      <trkpt lat="34.30476866662502" lon="-117.27428183890879">
        <time>2005-05-19T12:41:40-07:00</time>
      </trkpt>
      <trkpt lat="34.304697001352906" lon="-117.27423054166138">
        <time>2005-05-19T12:41:45-07:00</time>
      </trkpt>
      <trkpt lat="34.304612427949905" lon="-117.27422576397657">
        <time>2005-05-19T12:41:49-07:00</time>
      </trkpt>
      <trkpt lat="34.30457563139498" lon="-117.27420330047607">
        <time>2005-05-19T12:41:51-07:00</time>
      </trkpt>
      <trkpt lat="34.30455165915191" lon="-117.27420472539961">
        <time>2005-05-19T12:41:58-07:00</time>
      </trkpt>
      <trkpt lat="34.30452533997595" lon="-117.27421243675053">
        <time>2005-05-19T12:42:06-07:00</time>
      </trkpt>
      <trkpt lat="34.3045037984848" lon="-117.27424797601998">
        <time>2005-05-19T12:42:08-07:00</time>
      </trkpt>
      <trkpt lat="34.30453288368881" lon="-117.27431293576956">
        <time>2005-05-19T12:42:15-07:00</time>
      </trkpt>
      <trkpt lat="34.30457437410951" lon="-117.27440438233316">
        <time>2005-05-19T12:42:22-07:00</time>
      </trkpt>
      <trkpt lat="34.30459784343839" lon="-117.27442734874785">
        <time>2005-05-19T12:42:26-07:00</time>
      </trkpt>
      <trkpt lat="34.3046092428267" lon="-117.27446925826371">
        <time>2005-05-19T12:42:28-07:00</time>
      </trkpt>
      <trkpt lat="34.30461712181568" lon="-117.27457897737622">
        <time>2005-05-19T12:42:30-07:00</time>
      </trkpt>
      <trkpt lat="34.30457638576627" lon="-117.2746368125081">
        <time>2005-05-19T12:42:33-07:00</time>
      </trkpt>
      <trkpt lat="34.304517544806004" lon="-117.27468073368073">
        <time>2005-05-19T12:42:38-07:00</time>
      </trkpt>
      <trkpt lat="34.30451050400734" lon="-117.27470336481929">
        <time>2005-05-19T12:42:45-07:00</time>
      </trkpt>
      <trkpt lat="34.30452944710851" lon="-117.27472264319658">
        <time>2005-05-19T12:42:48-07:00</time>
      </trkpt>
      <trkpt lat="34.304587952792645" lon="-117.2747700009495">
        <time>2005-05-19T12:42:51-07:00</time>
      </trkpt>
      <trkpt lat="34.3045954965055" lon="-117.2747784666717">
        <time>2005-05-19T12:42:59-07:00</time>
      </trkpt>
      <trkpt lat="34.30464838631451" lon="-117.27486228570342">
        <time>2005-05-19T12:43:05-07:00</time>
      </trkpt>
      <trkpt lat="34.30470387451351" lon="-117.27493663318455">
        <time>2005-05-19T12:43:10-07:00</time>
      </trkpt>
      <trkpt lat="34.30475533939898" lon="-117.27499237284064">
        <time>2005-05-19T12:43:11-07:00</time>
      </trkpt>
      <trkpt lat="34.304808815941215" lon="-117.27505456656218">
        <time>2005-05-19T12:43:13-07:00</time>
      </trkpt>
      <trkpt lat="34.30483790114522" lon="-117.27512681856751">
        <time>2005-05-19T12:43:19-07:00</time>
      </trkpt>
      <trkpt lat="34.30486589670181" lon="-117.27521658875048">
        <time>2005-05-19T12:43:20-07:00</time>
      </trkpt>
      <trkpt lat="34.30491602048278" lon="-117.27527559734881">
        <time>2005-05-19T12:43:28-07:00</time>
      </trkpt>
      <trkpt lat="34.304924653843045" lon="-117.2752845659852">
        <time>2005-05-19T12:43:35-07:00</time>
      </trkpt>
      <trkpt lat="34.30497771129012" lon="-117.2753379587084">
        <time>2005-05-19T12:43:41-07:00</time>
      </trkpt>
      <trkpt lat="34.30502423085272" lon="-117.27539772167802">
        <time>2005-05-19T12:43:48-07:00</time>
      </trkpt>
      <trkpt lat="34.305094135925174" lon="-117.27545807138085">
        <time>2005-05-19T12:43:55-07:00</time>
      </trkpt>
      <trkpt lat="34.3051531445235" lon="-117.2754988912493">
        <time>2005-05-19T12:44:01-07:00</time>
      </trkpt>
      <trkpt lat="34.30522388778627" lon="-117.27555748075247">
        <time>2005-05-19T12:44:08-07:00</time>
      </trkpt>
      <trkpt lat="34.30526554584503" lon="-117.2756109572947">
        <time>2005-05-19T12:44:09-07:00</time>
      </trkpt>
      <trkpt lat="34.30528641678393" lon="-117.27563166059554">
        <time>2005-05-19T12:44:14-07:00</time>
      </trkpt>
      <trkpt lat="34.30534173734486" lon="-117.27567742578685">
        <time>2005-05-19T12:44:20-07:00</time>
      </trkpt>
      <trkpt lat="34.30540577508509" lon="-117.27573735639453">
        <time>2005-05-19T12:44:27-07:00</time>
      </trkpt>
      <trkpt lat="34.30541700683534" lon="-117.27574112825096">
        <time>2005-05-19T12:44:33-07:00</time>
      </trkpt>
      <trkpt lat="34.305461682379246" lon="-117.27577054873109">
        <time>2005-05-19T12:44:40-07:00</time>
      </trkpt>
      <trkpt lat="34.30548230186105" lon="-117.27578504942358">
        <time>2005-05-19T12:44:45-07:00</time>
      </trkpt>
      <trkpt lat="34.305532509461045" lon="-117.27582637220621">
        <time>2005-05-19T12:44:47-07:00</time>
      </trkpt>
      <trkpt lat="34.305585231631994" lon="-117.2758770827204">
        <time>2005-05-19T12:44:53-07:00</time>
      </trkpt>
      <trkpt lat="34.30565153248608" lon="-117.27594598196447">
        <time>2005-05-19T12:44:59-07:00</time>
      </trkpt>
      <trkpt lat="34.30565983057022" lon="-117.27595570497215">
        <time>2005-05-19T12:45:00-07:00</time>
      </trkpt>
      <trkpt lat="34.30572411976755" lon="-117.27602133527398">
        <time>2005-05-19T12:45:04-07:00</time>
      </trkpt>
      <trkpt lat="34.305823780596256" lon="-117.27609601803124">
        <time>2005-05-19T12:45:06-07:00</time>
      </trkpt>
      <trkpt lat="34.305896535515785" lon="-117.27616391144693">
        <time>2005-05-19T12:45:11-07:00</time>
      </trkpt>
      <trkpt lat="34.30588840506971" lon="-117.27623448707163">
        <time>2005-05-19T12:45:17-07:00</time>
      </trkpt>
      <trkpt lat="34.30584951303899" lon="-117.2763084154576">
        <time>2005-05-19T12:45:24-07:00</time>
      </trkpt>
      <trkpt lat="34.30581615306437" lon="-117.27637245319784">
        <time>2005-05-19T12:45:25-07:00</time>
      </trkpt>
      <trkpt lat="34.30580341257155" lon="-117.27638997137547">
        <time>2005-05-19T12:45:32-07:00</time>
      </trkpt>
      <trkpt lat="34.305799808353186" lon="-117.27640489116311">
        <time>2005-05-19T12:45:42-07:00</time>
      </trkpt>
      <trkpt lat="34.305746080353856" lon="-117.27647563442588">
        <time>2005-05-19T12:45:50-07:00</time>
      </trkpt>
      <trkpt lat="34.305721605196595" lon="-117.27655408903956">
        <time>2005-05-19T12:45:55-07:00</time>
      </trkpt>
      <trkpt lat="34.30570123717189" lon="-117.27664637379348">
        <time>2005-05-19T12:46:01-07:00</time>
      </trkpt>
      <trkpt lat="34.305687826126814" lon="-117.27676489390433">
        <time>2005-05-19T12:46:06-07:00</time>
      </trkpt>
      <trkpt lat="34.305680533871055" lon="-117.27685114368796">
        <time>2005-05-19T12:46:08-07:00</time>
      </trkpt>
      <trkpt lat="34.30565639398992" lon="-117.276925239712">
        <time>2005-05-19T12:46:09-07:00</time>
      </trkpt>
      <trkpt lat="34.30562596768141" lon="-117.27695935405791">
        <time>2005-05-19T12:46:16-07:00</time>
      </trkpt>
      <trkpt lat="34.305608281865716" lon="-117.27697636932135">
        <time>2005-05-19T12:46:22-07:00</time>
      </trkpt>
      <trkpt lat="34.30559730157256" lon="-117.2769839130342">
        <time>2005-05-19T12:46:29-07:00</time>
      </trkpt>
      <trkpt lat="34.30553871206939" lon="-117.27703797630966">
        <time>2005-05-19T12:46:38-07:00</time>
      </trkpt>
      <trkpt lat="34.30547886528075" lon="-117.27706991136074">
        <time>2005-05-19T12:46:45-07:00</time>
      </trkpt>
      <trkpt lat="34.30545472539961" lon="-117.2770684864372">
        <time>2005-05-19T12:46:51-07:00</time>
      </trkpt>
      <trkpt lat="34.30544248782098" lon="-117.27706647478044">
        <time>2005-05-19T12:46:54-07:00</time>
      </trkpt>
      <trkpt lat="34.3053706549108" lon="-117.27704803459346">
        <time>2005-05-19T12:46:56-07:00</time>
      </trkpt>
      <trkpt lat="34.30534902960062" lon="-117.27704744786024">
        <time>2005-05-19T12:46:57-07:00</time>
      </trkpt>
      <trkpt lat="34.305315585806966" lon="-117.27702607400715">
        <time>2005-05-19T12:47:03-07:00</time>
      </trkpt>
      <trkpt lat="34.30530494078994" lon="-117.27701123803854">
        <time>2005-05-19T12:47:09-07:00</time>
      </trkpt>
      <trkpt lat="34.3052361253649" lon="-117.27694200351834">
        <time>2005-05-19T12:47:11-07:00</time>
      </trkpt>
      <trkpt lat="34.305190024897456" lon="-117.27688115090132">
        <time>2005-05-19T12:47:12-07:00</time>
      </trkpt>
      <trkpt lat="34.30518080480397" lon="-117.27687193080783">
        <time>2005-05-19T12:47:18-07:00</time>
      </trkpt>
      <trkpt lat="34.305108888074756" lon="-117.27682901546359">
        <time>2005-05-19T12:47:20-07:00</time>
      </trkpt>
      <trkpt lat="34.305098075419664" lon="-117.27682197466493">
        <time>2005-05-19T12:47:23-07:00</time>
      </trkpt>
      <trkpt lat="34.30503194220364" lon="-117.27677344344556">
        <time>2005-05-19T12:47:24-07:00</time>
      </trkpt>
      <trkpt lat="34.30494720116258" lon="-117.2767370659858">
        <time>2005-05-19T12:47:31-07:00</time>
      </trkpt>
      <trkpt lat="34.304881654679775" lon="-117.2767146024853">
        <time>2005-05-19T12:47:36-07:00</time>
      </trkpt>
      <trkpt lat="34.3048700876534" lon="-117.27671384811401">
        <time>2005-05-19T12:47:37-07:00</time>
      </trkpt>
      <trkpt lat="34.30482323281467" lon="-117.27671192027628">
        <time>2005-05-19T12:47:44-07:00</time>
      </trkpt>
      <trkpt lat="34.30480169132352" lon="-117.27670311927795">
        <time>2005-05-19T12:47:45-07:00</time>
      </trkpt>
      <trkpt lat="34.30476791225374" lon="-117.27668300271034">
        <time>2005-05-19T12:47:51-07:00</time>
      </trkpt>
      <trkpt lat="34.30471921339631" lon="-117.27662726305425">
        <time>2005-05-19T12:47:58-07:00</time>
      </trkpt>
      <trkpt lat="34.304663222283125" lon="-117.27653615176678">
        <time>2005-05-19T12:48:03-07:00</time>
      </trkpt>
      <trkpt lat="34.3046367354691" lon="-117.27650119923055">
        <time>2005-05-19T12:48:04-07:00</time>
      </trkpt>
      <trkpt lat="34.30461402051151" lon="-117.27649197913706">
        <time>2005-05-19T12:48:08-07:00</time>
      </trkpt>
      <trkpt lat="34.30456917732954" lon="-117.27644445374608">
        <time>2005-05-19T12:48:10-07:00</time>
      </trkpt>
      <trkpt lat="34.304512683302164" lon="-117.27637873962522">
        <time>2005-05-19T12:48:13-07:00</time>
      </trkpt>
      <trkpt lat="34.30446515791118" lon="-117.2763343155384">
        <time>2005-05-19T12:48:18-07:00</time>
      </trkpt>
      <trkpt lat="34.30442693643272" lon="-117.27631981484592">
        <time>2005-05-19T12:48:24-07:00</time>
      </trkpt>
      <trkpt lat="34.30440790951252" lon="-117.2763398475945">
        <time>2005-05-19T12:48:27-07:00</time>
      </trkpt>
      <trkpt lat="34.30439667776227" lon="-117.27636197581887">
        <time>2005-05-19T12:48:29-07:00</time>
      </trkpt>
      <trkpt lat="34.30436331778765" lon="-117.27642484009266">
        <time>2005-05-19T12:48:34-07:00</time>
      </trkpt>
      <trkpt lat="34.304336830973625" lon="-117.27652626112103">
        <time>2005-05-19T12:48:40-07:00</time>
      </trkpt>
      <trkpt lat="34.30432685650885" lon="-117.27653581649065">
        <time>2005-05-19T12:48:45-07:00</time>
      </trkpt>
      <trkpt lat="34.30427975021303" lon="-117.27654461748898">
        <time>2005-05-19T12:48:48-07:00</time>
      </trkpt>
      <trkpt lat="34.30425686761737" lon="-117.27654000744224">
        <time>2005-05-19T12:48:50-07:00</time>
      </trkpt>
      <trkpt lat="34.304195092990994" lon="-117.27652634494007">
        <time>2005-05-19T12:48:52-07:00</time>
      </trkpt>
      <trkpt lat="34.30411328561604" lon="-117.27648912928998">
        <time>2005-05-19T12:48:57-07:00</time>
      </trkpt>
      <trkpt lat="34.30405285209417" lon="-117.27644780650735">
        <time>2005-05-19T12:49:04-07:00</time>
      </trkpt>
      <trkpt lat="34.304033322259784" lon="-117.27642576210201">
        <time>2005-05-19T12:49:05-07:00</time>
      </trkpt>
      <trkpt lat="34.303993759676814" lon="-117.2763636521995">
        <time>2005-05-19T12:49:09-07:00</time>
      </trkpt>
      <trkpt lat="34.303951347246766" lon="-117.27629072964191">
        <time>2005-05-19T12:49:11-07:00</time>
      </trkpt>
      <trkpt lat="34.30391329340637" lon="-117.27621478959918">
        <time>2005-05-19T12:49:16-07:00</time>
      </trkpt>
      <trkpt lat="34.3038977868855" lon="-117.27621085010469">
        <time>2005-05-19T12:49:23-07:00</time>
      </trkpt>
      <trkpt lat="34.303873563185334" lon="-117.27622811682522">
        <time>2005-05-19T12:49:29-07:00</time>
      </trkpt>
      <trkpt lat="34.30380784906447" lon="-117.27628896944225">
        <time>2005-05-19T12:49:31-07:00</time>
      </trkpt>
      <trkpt lat="34.3037407938391" lon="-117.27631377987564">
        <time>2005-05-19T12:49:36-07:00</time>
      </trkpt>
      <trkpt lat="34.30373031646013" lon="-117.27630933746696">
        <time>2005-05-19T12:49:42-07:00</time>
      </trkpt>
      <trkpt lat="34.30364373140037" lon="-117.27628888562322">
        <time>2005-05-19T12:49:48-07:00</time>
      </trkpt>
      <trkpt lat="34.30360207334161" lon="-117.27626424282789">
        <time>2005-05-19T12:49:49-07:00</time>
      </trkpt>
      <trkpt lat="34.3035869859159" lon="-117.27624789811671">
        <time>2005-05-19T12:49:52-07:00</time>
      </trkpt>
      <trkpt lat="34.30355119518936" lon="-117.27622535079718">
        <time>2005-05-19T12:49:59-07:00</time>
      </trkpt>
      <trkpt lat="34.30353979580104" lon="-117.27620632387698">
        <time>2005-05-19T12:50:04-07:00</time>
      </trkpt>
      <trkpt lat="34.30347860790789" lon="-117.27616734802723">
        <time>2005-05-19T12:50:05-07:00</time>
      </trkpt>
      <trkpt lat="34.30346637032926" lon="-117.27614865638316">
        <time>2005-05-19T12:50:12-07:00</time>
      </trkpt>
      <trkpt lat="34.30344499647617" lon="-117.27612091228366">
        <time>2005-05-19T12:50:15-07:00</time>
      </trkpt>
      <trkpt lat="34.30340685881674" lon="-117.27613725699484">
        <time>2005-05-19T12:50:17-07:00</time>
      </trkpt>
      <trkpt lat="34.30340342223644" lon="-117.27615787647665">
        <time>2005-05-19T12:50:21-07:00</time>
      </trkpt>
      <trkpt lat="34.30339738726616" lon="-117.27620699442923">
        <time>2005-05-19T12:50:23-07:00</time>
      </trkpt>
      <trkpt lat="34.3034228682518" lon="-117.27628720924258">
        <time>2005-05-19T12:50:29-07:00</time>
      </trkpt>
      <trkpt lat="34.303440721705556" lon="-117.276391396299">
        <time>2005-05-19T12:50:31-07:00</time>
      </trkpt>
      <trkpt lat="34.30344826541841" lon="-117.27645409293473">
        <time>2005-05-19T12:50:35-07:00</time>
      </trkpt>
      <trkpt lat="34.30349403060973" lon="-117.27652994915843">
        <time>2005-05-19T12:50:39-07:00</time>
      </trkpt>
      <trkpt lat="34.30354172363877" lon="-117.27658795192838">
        <time>2005-05-19T12:50:40-07:00</time>
      </trkpt>
      <trkpt lat="34.30356938391924" lon="-117.27660580538213">
        <time>2005-05-19T12:50:44-07:00</time>
      </trkpt>
      <trkpt lat="34.30360316298902" lon="-117.27662483230233">
        <time>2005-05-19T12:50:50-07:00</time>
      </trkpt>
      <trkpt lat="34.303655214607716" lon="-117.27668643929064">
        <time>2005-05-19T12:50:57-07:00</time>
      </trkpt>
      <trkpt lat="34.30367943830788" lon="-117.27673932909966">
        <time>2005-05-19T12:51:02-07:00</time>
      </trkpt>
      <trkpt lat="34.30368119850755" lon="-117.27674561552703">
        <time>2005-05-19T12:51:08-07:00</time>
      </trkpt>
      <trkpt lat="34.30373073555529" lon="-117.27679967880249">
        <time>2005-05-19T12:51:14-07:00</time>
      </trkpt>
      <trkpt lat="34.303746493533254" lon="-117.27685424499214">
        <time>2005-05-19T12:51:17-07:00</time>
      </trkpt>
      <trkpt lat="34.30375504307449" lon="-117.2769025247544">
        <time>2005-05-19T12:51:20-07:00</time>
      </trkpt>
      <trkpt lat="34.303719168528914" lon="-117.27695206180215">
        <time>2005-05-19T12:51:27-07:00</time>
      </trkpt>
      <trkpt lat="34.303675247356296" lon="-117.27701928466558">
        <time>2005-05-19T12:51:32-07:00</time>
      </trkpt>
      <trkpt lat="34.3036802764982" lon="-117.27703085169196">
        <time>2005-05-19T12:51:33-07:00</time>
      </trkpt>
      <trkpt lat="34.303713301196694" lon="-117.27708424441516">
        <time>2005-05-19T12:51:39-07:00</time>
      </trkpt>
      <trkpt lat="34.30376149713993" lon="-117.2771530598402">
        <time>2005-05-19T12:51:43-07:00</time>
      </trkpt>
      <trkpt lat="34.30377189069986" lon="-117.27714518085122">
        <time>2005-05-19T12:51:46-07:00</time>
      </trkpt>
      <trkpt lat="34.30380072444677" lon="-117.27712313644588">
        <time>2005-05-19T12:51:51-07:00</time>
      </trkpt>
      <trkpt lat="34.303835006430745" lon="-117.2771120723337">
        <time>2005-05-19T12:51:57-07:00</time>
      </trkpt>
      <trkpt lat="34.30384640581906" lon="-117.27711584419012">
        <time>2005-05-19T12:51:58-07:00</time>
      </trkpt>
      <trkpt lat="34.30391991510987" lon="-117.2771305963397">
        <time>2005-05-19T12:52:03-07:00</time>
      </trkpt>
      <trkpt lat="34.30400222539902" lon="-117.27719999849796">
        <time>2005-05-19T12:52:09-07:00</time>
      </trkpt>
      <trkpt lat="34.30404379963875" lon="-117.27725783362985">
        <time>2005-05-19T12:52:10-07:00</time>
      </trkpt>
      <trkpt lat="34.304094677791" lon="-117.2773187700659">
        <time>2005-05-19T12:52:13-07:00</time>
      </trkpt>
      <trkpt lat="34.304111525416374" lon="-117.27733578532934">
        <time>2005-05-19T12:52:17-07:00</time>
      </trkpt>
      <trkpt lat="34.304158044978976" lon="-117.27737501263618">
        <time>2005-05-19T12:52:18-07:00</time>
      </trkpt>
      <trkpt lat="34.30421160534024" lon="-117.27744734846056">
        <time>2005-05-19T12:52:24-07:00</time>
      </trkpt>
      <trkpt lat="34.3042257707566" lon="-117.27747618220747">
        <time>2005-05-19T12:52:33-07:00</time>
      </trkpt>
      <trkpt lat="34.30424630641937" lon="-117.27750484831631">
        <time>2005-05-19T12:52:39-07:00</time>
      </trkpt>
      <trkpt lat="34.304281594231725" lon="-117.2775745857507">
        <time>2005-05-19T12:52:45-07:00</time>
      </trkpt>
      <trkpt lat="34.304301124066114" lon="-117.27765480056405">
        <time>2005-05-19T12:52:47-07:00</time>
      </trkpt>
      <trkpt lat="34.30430514737964" lon="-117.27769360877573">
        <time>2005-05-19T12:52:54-07:00</time>
      </trkpt>
      <trkpt lat="34.30431461893022" lon="-117.2777141444385">
        <time>2005-05-19T12:53:00-07:00</time>
      </trkpt>
      <trkpt lat="34.304334903135896" lon="-117.27777080610394">
        <time>2005-05-19T12:53:02-07:00</time>
      </trkpt>
      <trkpt lat="34.30433599278331" lon="-117.27778488770127">
        <time>2005-05-19T12:53:05-07:00</time>
      </trkpt>
      <trkpt lat="34.30434261448681" lon="-117.27785403840244">
        <time>2005-05-19T12:53:11-07:00</time>
      </trkpt>
      <trkpt lat="34.304346553981304" lon="-117.27788077667356">
        <time>2005-05-19T12:53:17-07:00</time>
      </trkpt>
      <trkpt lat="34.30434378795326" lon="-117.27792939171195">
        <time>2005-05-19T12:53:20-07:00</time>
      </trkpt>
      <trkpt lat="34.30432207882404" lon="-117.27801823988557">
        <time>2005-05-19T12:53:22-07:00</time>
      </trkpt>
      <trkpt lat="34.30430925451219" lon="-117.27806366980076">
        <time>2005-05-19T12:53:27-07:00</time>
      </trkpt>
      <trkpt lat="34.30429349653423" lon="-117.27810038253665">
        <time>2005-05-19T12:53:28-07:00</time>
      </trkpt>
      <trkpt lat="34.30428737774491" lon="-117.27813106030226">
        <time>2005-05-19T12:53:33-07:00</time>
      </trkpt>
      <trkpt lat="34.30428980849683" lon="-117.27817137725651">
        <time>2005-05-19T12:53:35-07:00</time>
      </trkpt>
      <trkpt lat="34.30430104024708" lon="-117.27826584130526">
        <time>2005-05-19T12:53:39-07:00</time>
      </trkpt>
      <trkpt lat="34.30433087982237" lon="-117.27835829369724">
        <time>2005-05-19T12:53:46-07:00</time>
      </trkpt>
      <trkpt lat="34.30435216985643" lon="-117.27841143496335">
        <time>2005-05-19T12:53:49-07:00</time>
      </trkpt>
      <trkpt lat="34.3043882958591" lon="-117.27848184294999">
        <time>2005-05-19T12:53:52-07:00</time>
      </trkpt>
      <trkpt lat="34.3044004496187" lon="-117.27850120514631">
        <time>2005-05-19T12:53:54-07:00</time>
      </trkpt>
      <trkpt lat="34.30441780015826" lon="-117.27855593897402">
        <time>2005-05-19T12:53:57-07:00</time>
      </trkpt>
      <trkpt lat="34.30441780015826" lon="-117.27856499142945">
        <time>2005-05-19T12:54:04-07:00</time>
      </trkpt>
      <trkpt lat="34.30443246848881" lon="-117.27860329672694">
        <time>2005-05-19T12:54:11-07:00</time>
      </trkpt>
      <trkpt lat="34.30444219149649" lon="-117.27862668223679">
        <time>2005-05-19T12:54:16-07:00</time>
      </trkpt>
      <trkpt lat="34.30446364916861" lon="-117.2787070646882">
        <time>2005-05-19T12:54:21-07:00</time>
      </trkpt>
      <trkpt lat="34.3044588714838" lon="-117.27873648516834">
        <time>2005-05-19T12:54:23-07:00</time>
      </trkpt>
      <trkpt lat="34.30446557700634" lon="-117.2787818312645">
        <time>2005-05-19T12:54:28-07:00</time>
      </trkpt>
      <trkpt lat="34.304510252550244" lon="-117.27885366417468">
        <time>2005-05-19T12:54:29-07:00</time>
      </trkpt>
      <trkpt lat="34.304520059376955" lon="-117.27889481931925">
        <time>2005-05-19T12:54:32-07:00</time>
      </trkpt>
      <trkpt lat="34.30451720952988" lon="-117.27890378795564">
        <time>2005-05-19T12:54:34-07:00</time>
      </trkpt>
      <trkpt lat="34.30452517233789" lon="-117.27891627699137">
        <time>2005-05-19T12:54:41-07:00</time>
      </trkpt>
      <trkpt lat="34.304525423794985" lon="-117.27893664501607">
        <time>2005-05-19T12:54:43-07:00</time>
      </trkpt>
      <trkpt lat="34.30451896972954" lon="-117.27894636802375">
        <time>2005-05-19T12:54:47-07:00</time>
      </trkpt>
      <trkpt lat="34.304514694958925" lon="-117.27897746488452">
        <time>2005-05-19T12:54:53-07:00</time>
      </trkpt>
      <trkpt lat="34.30450715124607" lon="-117.27902641519904">
        <time>2005-05-19T12:54:56-07:00</time>
      </trkpt>
      <trkpt lat="34.30448016151786" lon="-117.27906371466815">
        <time>2005-05-19T12:54:57-07:00</time>
      </trkpt>
      <trkpt lat="34.30446901358664" lon="-117.27906446903944">
        <time>2005-05-19T12:54:58-07:00</time>
      </trkpt>
      <trkpt lat="34.30441671051085" lon="-117.27907285094261">
        <time>2005-05-19T12:55:01-07:00</time>
      </trkpt>
      <trkpt lat="34.30437823757529" lon="-117.27912347763777">
        <time>2005-05-19T12:55:02-07:00</time>
      </trkpt>
      <trkpt lat="34.30436449125409" lon="-117.27914828807116">
        <time>2005-05-19T12:55:05-07:00</time>
      </trkpt>
      <trkpt lat="34.30434144102037" lon="-117.2792012616992">
        <time>2005-05-19T12:55:09-07:00</time>
      </trkpt>
      <trkpt lat="34.304325096309185" lon="-117.27923537604511">
        <time>2005-05-19T12:55:13-07:00</time>
      </trkpt>
      <trkpt lat="34.30429701693356" lon="-117.27927435189486">
        <time>2005-05-19T12:55:14-07:00</time>
      </trkpt>
      <trkpt lat="34.30422459729016" lon="-117.27926387451589">
        <time>2005-05-19T12:55:19-07:00</time>
      </trkpt>
      <trkpt lat="34.304199032485485" lon="-117.27925406768918">
        <time>2005-05-19T12:55:24-07:00</time>
      </trkpt>
      <trkpt lat="34.304179921746254" lon="-117.2792425006628">
        <time>2005-05-19T12:55:26-07:00</time>
      </trkpt>
      <trkpt lat="34.30417573079467" lon="-117.27923361584544">
        <time>2005-05-19T12:55:30-07:00</time>
      </trkpt>
      <trkpt lat="34.304137928411365" lon="-117.2791648004204">
        <time>2005-05-19T12:55:33-07:00</time>
      </trkpt>
      <trkpt lat="34.3041155487299" lon="-117.27912180125713">
        <time>2005-05-19T12:55:36-07:00</time>
      </trkpt>
      <trkpt lat="34.3041033949703" lon="-117.27911082096398">
        <time>2005-05-19T12:55:42-07:00</time>
      </trkpt>
      <trkpt lat="34.30409140884876" lon="-117.27910579182208">
        <time>2005-05-19T12:55:44-07:00</time>
      </trkpt>
      <trkpt lat="34.30407866835594" lon="-117.27910688146949">
        <time>2005-05-19T12:55:46-07:00</time>
      </trkpt>
      <trkpt lat="34.30404153652489" lon="-117.27911291643977">
        <time>2005-05-19T12:55:47-07:00</time>
      </trkpt>
      <trkpt lat="34.30396668612957" lon="-117.27907385677099">
        <time>2005-05-19T12:55:52-07:00</time>
      </trkpt>
      <trkpt lat="34.30394170805812" lon="-117.27906757034361">
        <time>2005-05-19T12:55:55-07:00</time>
      </trkpt>
      <trkpt lat="34.30392703972757" lon="-117.27908290922642">
        <time>2005-05-19T12:55:56-07:00</time>
      </trkpt>
      <trkpt lat="34.30388253182173" lon="-117.27909179404378">
        <time>2005-05-19T12:55:57-07:00</time>
      </trkpt>
      <trkpt lat="34.303870042786" lon="-117.27908701635897">
        <time>2005-05-19T12:55:58-07:00</time>
      </trkpt>
      <trkpt lat="34.30381782352924" lon="-117.27906363084912">
        <time>2005-05-19T12:56:02-07:00</time>
      </trkpt>
      <trkpt lat="34.303807681426406" lon="-117.27905667386949">
        <time>2005-05-19T12:56:09-07:00</time>
      </trkpt>
      <trkpt lat="34.303741129115224" lon="-117.27899716235697">
        <time>2005-05-19T12:56:11-07:00</time>
      </trkpt>
      <trkpt lat="34.303704500198364" lon="-117.27898358367383">
        <time>2005-05-19T12:56:13-07:00</time>
      </trkpt>
      <trkpt lat="34.30368572473526" lon="-117.27896371856332">
        <time>2005-05-19T12:56:17-07:00</time>
      </trkpt>
      <trkpt lat="34.30368178524077" lon="-117.27895315736532">
        <time>2005-05-19T12:56:18-07:00</time>
      </trkpt>
      <trkpt lat="34.303638534620404" lon="-117.27887772023678">
        <time>2005-05-19T12:56:23-07:00</time>
      </trkpt>
      <trkpt lat="34.303630320355296" lon="-117.27885517291725">
        <time>2005-05-19T12:56:24-07:00</time>
      </trkpt>
      <trkpt lat="34.3035835493356" lon="-117.27880924008787">
        <time>2005-05-19T12:56:30-07:00</time>
      </trkpt>
      <trkpt lat="34.30357282049954" lon="-117.27881602942944">
        <time>2005-05-19T12:56:33-07:00</time>
      </trkpt>
      <trkpt lat="34.30353878997266" lon="-117.27885005995631">
        <time>2005-05-19T12:56:35-07:00</time>
      </trkpt>
      <trkpt lat="34.303532084450126" lon="-117.27886020205915">
        <time>2005-05-19T12:56:36-07:00</time>
      </trkpt>
      <trkpt lat="34.30348791182041" lon="-117.27893421426415">
        <time>2005-05-19T12:56:43-07:00</time>
      </trkpt>
      <trkpt lat="34.30346678942442" lon="-117.27898651733994">
        <time>2005-05-19T12:56:45-07:00</time>
      </trkpt>
      <trkpt lat="34.30345413275063" lon="-117.27902884595096">
        <time>2005-05-19T12:56:50-07:00</time>
      </trkpt>
      <trkpt lat="34.30342462845147" lon="-117.27913923561573">
        <time>2005-05-19T12:56:51-07:00</time>
      </trkpt>
      <trkpt lat="34.303420688956976" lon="-117.2791528981179">
        <time>2005-05-19T12:56:55-07:00</time>
      </trkpt>
      <trkpt lat="34.30339730344713" lon="-117.2792337834835">
        <time>2005-05-19T12:56:56-07:00</time>
      </trkpt>
      <trkpt lat="34.30337592959404" lon="-117.27934216149151">
        <time>2005-05-19T12:57:03-07:00</time>
      </trkpt>
      <trkpt lat="34.30335874669254" lon="-117.27942304685712">
        <time>2005-05-19T12:57:07-07:00</time>
      </trkpt>
      <trkpt lat="34.30334525182843" lon="-117.27948716841638">
        <time>2005-05-19T12:57:10-07:00</time>
      </trkpt>
      <trkpt lat="34.30334374308586" lon="-117.27949915453792">
        <time>2005-05-19T12:57:17-07:00</time>
      </trkpt>
      <trkpt lat="34.30336712859571" lon="-117.27958674542606">
        <time>2005-05-19T12:57:18-07:00</time>
      </trkpt>
      <trkpt lat="34.30340618826449" lon="-117.27967215701938">
        <time>2005-05-19T12:57:24-07:00</time>
      </trkpt>
      <trkpt lat="34.30343074724078" lon="-117.27972471155226">
        <time>2005-05-19T12:57:32-07:00</time>
      </trkpt>
      <trkpt lat="34.303441895172" lon="-117.2797438222915">
        <time>2005-05-19T12:57:37-07:00</time>
      </trkpt>
      <trkpt lat="34.30347181856632" lon="-117.2798175830394">
        <time>2005-05-19T12:57:42-07:00</time>
      </trkpt>
      <trkpt lat="34.303492521867156" lon="-117.27986854501069">
        <time>2005-05-19T12:57:43-07:00</time>
      </trkpt>
      <trkpt lat="34.30349696427584" lon="-117.27987919002771">
        <time>2005-05-19T12:57:49-07:00</time>
      </trkpt>
      <trkpt lat="34.30353979580104" lon="-117.27994255721569">
        <time>2005-05-19T12:57:55-07:00</time>
      </trkpt>
      <trkpt lat="34.30357441306114" lon="-117.28000273928046">
        <time>2005-05-19T12:57:59-07:00</time>
      </trkpt>
      <trkpt lat="34.30363995954394" lon="-117.28009846061468">
        <time>2005-05-19T12:58:01-07:00</time>
      </trkpt>
      <trkpt lat="34.30368958041072" lon="-117.28019158355892">
        <time>2005-05-19T12:58:07-07:00</time>
      </trkpt>
      <trkpt lat="34.303710367530584" lon="-117.28028420358896">
        <time>2005-05-19T12:58:11-07:00</time>
      </trkpt>
      <trkpt lat="34.30370148271322" lon="-117.28036207146943">
        <time>2005-05-19T12:58:12-07:00</time>
      </trkpt>
      <trkpt lat="34.303712295368314" lon="-117.28044941090047">
        <time>2005-05-19T12:58:17-07:00</time>
      </trkpt>
      <trkpt lat="34.30371556431055" lon="-117.28046466596425">
        <time>2005-05-19T12:58:23-07:00</time>
      </trkpt>
      <trkpt lat="34.30372486822307" lon="-117.28055929765105">
        <time>2005-05-19T12:58:31-07:00</time>
      </trkpt>
      <trkpt lat="34.30372243747115" lon="-117.28064361959696">
        <time>2005-05-19T12:58:39-07:00</time>
      </trkpt>
      <trkpt lat="34.30372193455696" lon="-117.28074529208243">
        <time>2005-05-19T12:58:45-07:00</time>
      </trkpt>
      <trkpt lat="34.303703997284174" lon="-117.28080949746072">
        <time>2005-05-19T12:58:51-07:00</time>
      </trkpt>
      <trkpt lat="34.303703494369984" lon="-117.28082408197224">
        <time>2005-05-19T12:58:56-07:00</time>
      </trkpt>
      <trkpt lat="34.30368773639202" lon="-117.28090630844235">
        <time>2005-05-19T12:58:57-07:00</time>
      </trkpt>
      <trkpt lat="34.30370148271322" lon="-117.28100689128041">
        <time>2005-05-19T12:59:03-07:00</time>
      </trkpt>
      <trkpt lat="34.30373609997332" lon="-117.28106539696455">
        <time>2005-05-19T12:59:09-07:00</time>
      </trkpt>
      <trkpt lat="34.30379561148584" lon="-117.28110034950078">
        <time>2005-05-19T12:59:15-07:00</time>
      </trkpt>
      <trkpt lat="34.3038684502244" lon="-117.28113890625536">
        <time>2005-05-19T12:59:19-07:00</time>
      </trkpt>
      <trkpt lat="34.303891165181994" lon="-117.28115625679493">
        <time>2005-05-19T12:59:20-07:00</time>
      </trkpt>
      <trkpt lat="34.303913628682494" lon="-117.28114075027406">
        <time>2005-05-19T12:59:26-07:00</time>
      </trkpt>
      <trkpt lat="34.30392905138433" lon="-117.28114024735987">
        <time>2005-05-19T12:59:33-07:00</time>
      </trkpt>
      <trkpt lat="34.30395411327481" lon="-117.28114041499794">
        <time>2005-05-19T12:59:37-07:00</time>
      </trkpt>
      <trkpt lat="34.303973726928234" lon="-117.2811389900744">
        <time>2005-05-19T12:59:43-07:00</time>
      </trkpt>
      <trkpt lat="34.30402326397598" lon="-117.28115768171847">
        <time>2005-05-19T12:59:50-07:00</time>
      </trkpt>
      <trkpt lat="34.30405016988516" lon="-117.2812026925385">
        <time>2005-05-19T12:59:53-07:00</time>
      </trkpt>
      <trkpt lat="34.30405804887414" lon="-117.28121425956488">
        <time>2005-05-19T12:59:55-07:00</time>
      </trkpt>
      <trkpt lat="34.30408881045878" lon="-117.28130176663399">
        <time>2005-05-19T12:59:56-07:00</time>
      </trkpt>
      <trkpt lat="34.30409233085811" lon="-117.28131568059325">
        <time>2005-05-19T12:59:58-07:00</time>
      </trkpt>
      <trkpt lat="34.30412208661437" lon="-117.28140226565301">
        <time>2005-05-19T13:00:00-07:00</time>
      </trkpt>
      <trkpt lat="34.30414589121938" lon="-117.28146186098456">
        <time>2005-05-19T13:00:05-07:00</time>
      </trkpt>
      <trkpt lat="34.3041414488107" lon="-117.28149580769241">
        <time>2005-05-19T13:00:09-07:00</time>
      </trkpt>
      <trkpt lat="34.30415293201804" lon="-117.28158658370376">
        <time>2005-05-19T13:00:10-07:00</time>
      </trkpt>
      <trkpt lat="34.30418511852622" lon="-117.2815983183682">
        <time>2005-05-19T13:00:16-07:00</time>
      </trkpt>
      <trkpt lat="34.30422669276595" lon="-117.28160351514816">
        <time>2005-05-19T13:00:17-07:00</time>
      </trkpt>
      <trkpt lat="34.30427731946111" lon="-117.28165707550943">
        <time>2005-05-19T13:00:23-07:00</time>
      </trkpt>
      <trkpt lat="34.304335908964276" lon="-117.28171097114682">
        <time>2005-05-19T13:00:27-07:00</time>
      </trkpt>
      <trkpt lat="34.3044245056808" lon="-117.28176168166101">
        <time>2005-05-19T13:00:30-07:00</time>
      </trkpt>
      <trkpt lat="34.304451160132885" lon="-117.28177517652512">
        <time>2005-05-19T13:00:37-07:00</time>
      </trkpt>
      <trkpt lat="34.30448259226978" lon="-117.28179101832211">
        <time>2005-05-19T13:00:40-07:00</time>
      </trkpt>
      <trkpt lat="34.3045592866838" lon="-117.28184189647436">
        <time>2005-05-19T13:00:44-07:00</time>
      </trkpt>
      <trkpt lat="34.304632963612676" lon="-117.28186285123229">
        <time>2005-05-19T13:00:50-07:00</time>
      </trkpt>
      <trkpt lat="34.3047215603292" lon="-117.28189839050174">
        <time>2005-05-19T13:00:56-07:00</time>
      </trkpt>
      <trkpt lat="34.30479800328612" lon="-117.28192663751543">
        <time>2005-05-19T13:01:05-07:00</time>
      </trkpt>
      <trkpt lat="34.304835218936205" lon="-117.28194491006434">
        <time>2005-05-19T13:01:08-07:00</time>
      </trkpt>
      <trkpt lat="34.30485852062702" lon="-117.28198120370507">
        <time>2005-05-19T13:01:12-07:00</time>
      </trkpt>
      <trkpt lat="34.304893305525184" lon="-117.28205286897719">
        <time>2005-05-19T13:01:19-07:00</time>
      </trkpt>
      <trkpt lat="34.30493412539363" lon="-117.28211120702326">
        <time>2005-05-19T13:01:25-07:00</time>
      </trkpt>
      <trkpt lat="34.304934376850724" lon="-117.28212671354413">
        <time>2005-05-19T13:01:32-07:00</time>
      </trkpt>
      <trkpt lat="34.304933957755566" lon="-117.28215554729104">
        <time>2005-05-19T13:01:37-07:00</time>
      </trkpt>
      <trkpt lat="34.304914344102144" lon="-117.28219041600823">
        <time>2005-05-19T13:01:40-07:00</time>
      </trkpt>
      <trkpt lat="34.304871428757906" lon="-117.28226099163294">
        <time>2005-05-19T13:01:43-07:00</time>
      </trkpt>
      <trkpt lat="34.304811749607325" lon="-117.28234288282692">
        <time>2005-05-19T13:01:48-07:00</time>
      </trkpt>
      <trkpt lat="34.30473631247878" lon="-117.28240692056715">
        <time>2005-05-19T13:01:53-07:00</time>
      </trkpt>
      <trkpt lat="34.304723320528865" lon="-117.28241236880422">
        <time>2005-05-19T13:01:54-07:00</time>
      </trkpt>
      <trkpt lat="34.304690547287464" lon="-117.28244665078819">
        <time>2005-05-19T13:01:57-07:00</time>
      </trkpt>
      <trkpt lat="34.3046298623085" lon="-117.28249568492174">
        <time>2005-05-19T13:02:01-07:00</time>
      </trkpt>
      <trkpt lat="34.304619804024696" lon="-117.28249895386398">
        <time>2005-05-19T13:02:07-07:00</time>
      </trkpt>
      <trkpt lat="34.304566998034716" lon="-117.28251102380455">
        <time>2005-05-19T13:02:14-07:00</time>
      </trkpt>
      <trkpt lat="34.30455685593188" lon="-117.28251320309937">
        <time>2005-05-19T13:02:22-07:00</time>
      </trkpt>
      <trkpt lat="34.30449893698096" lon="-117.28248973377049">
        <time>2005-05-19T13:02:23-07:00</time>
      </trkpt>
      <trkpt lat="34.30443121120334" lon="-117.2824374306947">
        <time>2005-05-19T13:02:27-07:00</time>
      </trkpt>
      <trkpt lat="34.30440531112254" lon="-117.2824530210346">
        <time>2005-05-19T13:02:33-07:00</time>
      </trkpt>
      <trkpt lat="34.304387709125876" lon="-117.28249434381723">
        <time>2005-05-19T13:02:34-07:00</time>
      </trkpt>
      <trkpt lat="34.304372454062104" lon="-117.28255712427199">
        <time>2005-05-19T13:02:38-07:00</time>
      </trkpt>
      <trkpt lat="34.3043742980808" lon="-117.28257170878351">
        <time>2005-05-19T13:02:39-07:00</time>
      </trkpt>
      <trkpt lat="34.30436633527279" lon="-117.28261864744127">
        <time>2005-05-19T13:02:44-07:00</time>
      </trkpt>
      <trkpt lat="34.30435091257095" lon="-117.28263029828668">
        <time>2005-05-19T13:02:50-07:00</time>
      </trkpt>
      <trkpt lat="34.304340770468116" lon="-117.28263147175312">
        <time>2005-05-19T13:02:52-07:00</time>
      </trkpt>
      <trkpt lat="34.30428855121136" lon="-117.28263901546597">
        <time>2005-05-19T13:02:55-07:00</time>
      </trkpt>
      <trkpt lat="34.304280169308186" lon="-117.28264865465462">
        <time>2005-05-19T13:03:00-07:00</time>
      </trkpt>
      <trkpt lat="34.30427053011954" lon="-117.28266055695713">
        <time>2005-05-19T13:03:01-07:00</time>
      </trkpt>
      <trkpt lat="34.304209258407354" lon="-117.2827344853431">
        <time>2005-05-19T13:03:05-07:00</time>
      </trkpt>
      <trkpt lat="34.30416860617697" lon="-117.28275820612907">
        <time>2005-05-19T13:03:07-07:00</time>
      </trkpt>
      <trkpt lat="34.304140442982316" lon="-117.28275728411973">
        <time>2005-05-19T13:03:08-07:00</time>
      </trkpt>
      <trkpt lat="34.304066598415375" lon="-117.2827704437077">
        <time>2005-05-19T13:03:13-07:00</time>
      </trkpt>
      <trkpt lat="34.30403952486813" lon="-117.28278268128633">
        <time>2005-05-19T13:03:14-07:00</time>
      </trkpt>
      <trkpt lat="34.30403424426913" lon="-117.28278561495245">
        <time>2005-05-19T13:03:15-07:00</time>
      </trkpt>
      <trkpt lat="34.303982108831406" lon="-117.28278620168567">
        <time>2005-05-19T13:03:21-07:00</time>
      </trkpt>
      <trkpt lat="34.303908348083496" lon="-117.28279248811305">
        <time>2005-05-19T13:03:25-07:00</time>
      </trkpt>
      <trkpt lat="34.30388077162206" lon="-117.28286775760353">
        <time>2005-05-19T13:03:28-07:00</time>
      </trkpt>
      <trkpt lat="34.30387339554727" lon="-117.28290086612105">
        <time>2005-05-19T13:03:34-07:00</time>
      </trkpt>
      <trkpt lat="34.303864846006036" lon="-117.28295685723424">
        <time>2005-05-19T13:03:40-07:00</time>
      </trkpt>
      <trkpt lat="34.30383978411555" lon="-117.28301435709">
        <time>2005-05-19T13:03:41-07:00</time>
      </trkpt>
      <trkpt lat="34.30382461287081" lon="-117.28303036652505">
        <time>2005-05-19T13:03:47-07:00</time>
      </trkpt>
      <trkpt lat="34.30379125289619" lon="-117.28311158716679">
        <time>2005-05-19T13:03:53-07:00</time>
      </trkpt>
      <trkpt lat="34.30375965312123" lon="-117.28319817222655">
        <time>2005-05-19T13:03:59-07:00</time>
      </trkpt>
      <trkpt lat="34.3037770036608" lon="-117.28324075229466">
        <time>2005-05-19T13:04:01-07:00</time>
      </trkpt>
      <trkpt lat="34.30379628203809" lon="-117.28323136456311">
        <time>2005-05-19T13:04:05-07:00</time>
      </trkpt>
      <trkpt lat="34.30383215658367" lon="-117.28319314308465">
        <time>2005-05-19T13:04:09-07:00</time>
      </trkpt>
      <trkpt lat="34.30385428480804" lon="-117.28317855857313">
        <time>2005-05-19T13:04:11-07:00</time>
      </trkpt>
      <trkpt lat="34.30387725122273" lon="-117.28318459354341">
        <time>2005-05-19T13:04:17-07:00</time>
      </trkpt>
      <trkpt lat="34.303914215415716" lon="-117.28319465182722">
        <time>2005-05-19T13:04:23-07:00</time>
      </trkpt>
      <trkpt lat="34.30394036695361" lon="-117.28320739232004">
        <time>2005-05-19T13:04:26-07:00</time>
      </trkpt>
      <trkpt lat="34.30398344993591" lon="-117.28323731571436">
        <time>2005-05-19T13:04:28-07:00</time>
      </trkpt>
      <trkpt lat="34.30403248406947" lon="-117.28330872952938">
        <time>2005-05-19T13:04:32-07:00</time>
      </trkpt>
      <trkpt lat="34.30404824204743" lon="-117.28333664126694">
        <time>2005-05-19T13:04:35-07:00</time>
      </trkpt>
      <trkpt lat="34.3040616530925" lon="-117.28335893712938">
        <time>2005-05-19T13:04:37-07:00</time>
      </trkpt>
      <trkpt lat="34.30407531559467" lon="-117.28338056243956">
        <time>2005-05-19T13:04:40-07:00</time>
      </trkpt>
      <trkpt lat="34.30409258231521" lon="-117.28343730792403">
        <time>2005-05-19T13:04:42-07:00</time>
      </trkpt>
      <trkpt lat="34.30409434251487" lon="-117.28344610892236">
        <time>2005-05-19T13:04:47-07:00</time>
      </trkpt>
      <trkpt lat="34.30412166751921" lon="-117.28350042365491">
        <time>2005-05-19T13:04:53-07:00</time>
      </trkpt>
      <trkpt lat="34.304173551499844" lon="-117.28356814943254">
        <time>2005-05-19T13:04:56-07:00</time>
      </trkpt>
      <trkpt lat="34.30422451347113" lon="-117.28360259905457">
        <time>2005-05-19T13:04:58-07:00</time>
      </trkpt>
      <trkpt lat="34.304237086325884" lon="-117.28360746055841">
        <time>2005-05-19T13:05:00-07:00</time>
      </trkpt>
      <trkpt lat="34.30431118234992" lon="-117.28365020826459">
        <time>2005-05-19T13:05:04-07:00</time>
      </trkpt>
      <trkpt lat="34.304352421313524" lon="-117.28371617384255">
        <time>2005-05-19T13:05:05-07:00</time>
      </trkpt>
      <trkpt lat="34.304383266717196" lon="-117.28380024433136">
        <time>2005-05-19T13:05:10-07:00</time>
      </trkpt>
      <trkpt lat="34.30442249402404" lon="-117.28385254740715">
        <time>2005-05-19T13:05:16-07:00</time>
      </trkpt>
      <trkpt lat="34.30444051511586" lon="-117.28390057571232">
        <time>2005-05-19T13:05:21-07:00</time>
      </trkpt>
      <trkpt lat="34.30445954203606" lon="-117.28393544442952">
        <time>2005-05-19T13:05:22-07:00</time>
      </trkpt>
      <trkpt lat="34.30447831749916" lon="-117.284005433321">
        <time>2005-05-19T13:05:28-07:00</time>
      </trkpt>
      <trkpt lat="34.30449047125876" lon="-117.28409109637141">
        <time>2005-05-19T13:05:34-07:00</time>
      </trkpt>
      <trkpt lat="34.30448862724006" lon="-117.28416636586189">
        <time>2005-05-19T13:05:40-07:00</time>
      </trkpt>
      <trkpt lat="34.30448418483138" lon="-117.28419394232333">
        <time>2005-05-19T13:05:45-07:00</time>
      </trkpt>
      <trkpt lat="34.304472617805004" lon="-117.28427885100245">
        <time>2005-05-19T13:05:48-07:00</time>
      </trkpt>
      <trkpt lat="34.30447177961469" lon="-117.28430693037808">
        <time>2005-05-19T13:05:51-07:00</time>
      </trkpt>
      <trkpt lat="34.30447060614824" lon="-117.28439678438008">
        <time>2005-05-19T13:05:56-07:00</time>
      </trkpt>
      <trkpt lat="34.304459039121866" lon="-117.28446601890028">
        <time>2005-05-19T13:06:02-07:00</time>
      </trkpt>
      <trkpt lat="34.304451579228044" lon="-117.28449426591396">
        <time>2005-05-19T13:06:07-07:00</time>
      </trkpt>
      <trkpt lat="34.30441821925342" lon="-117.28456618264318">
        <time>2005-05-19T13:06:09-07:00</time>
      </trkpt>
      <trkpt lat="34.30440799333155" lon="-117.2845749836415">
        <time>2005-05-19T13:06:14-07:00</time>
      </trkpt>
      <trkpt lat="34.30434932000935" lon="-117.28467045351863">
        <time>2005-05-19T13:06:16-07:00</time>
      </trkpt>
      <trkpt lat="34.304317804053426" lon="-117.28471261449158">
        <time>2005-05-19T13:06:23-07:00</time>
      </trkpt>
      <trkpt lat="34.30429944768548" lon="-117.28473055176437">
        <time>2005-05-19T13:06:27-07:00</time>
      </trkpt>
      <trkpt lat="34.304237170144916" lon="-117.28478360921144">
        <time>2005-05-19T13:06:29-07:00</time>
      </trkpt>
      <trkpt lat="34.30420615710318" lon="-117.28478394448757">
        <time>2005-05-19T13:06:34-07:00</time>
      </trkpt>
      <trkpt lat="34.30419785901904" lon="-117.28477522730827">
        <time>2005-05-19T13:06:35-07:00</time>
      </trkpt>
      <trkpt lat="34.30419584736228" lon="-117.28476533666253">
        <time>2005-05-19T13:06:43-07:00</time>
      </trkpt>
      <trkpt lat="34.30417438969016" lon="-117.28474815376103">
        <time>2005-05-19T13:06:47-07:00</time>
      </trkpt>
      <trkpt lat="34.304137509316206" lon="-117.2847343236208">
        <time>2005-05-19T13:06:49-07:00</time>
      </trkpt>
      <trkpt lat="34.304100880399346" lon="-117.28474035859108">
        <time>2005-05-19T13:06:55-07:00</time>
      </trkpt>
      <trkpt lat="34.30409182794392" lon="-117.284748069942">
        <time>2005-05-19T13:06:58-07:00</time>
      </trkpt>
      <trkpt lat="34.30408579297364" lon="-117.28477681986988">
        <time>2005-05-19T13:06:59-07:00</time>
      </trkpt>
      <trkpt lat="34.304043632000685" lon="-117.28486390784383">
        <time>2005-05-19T13:07:00-07:00</time>
      </trkpt>
      <trkpt lat="34.30401127785444" lon="-117.28487497195601">
        <time>2005-05-19T13:07:02-07:00</time>
      </trkpt>
      <trkpt lat="34.30397263728082" lon="-117.28487488813698">
        <time>2005-05-19T13:07:05-07:00</time>
      </trkpt>
      <trkpt lat="34.303891249001026" lon="-117.28481856174767">
        <time>2005-05-19T13:07:08-07:00</time>
      </trkpt>
      <trkpt lat="34.30387884378433" lon="-117.28482015430927">
        <time>2005-05-19T13:07:09-07:00</time>
      </trkpt>
      <trkpt lat="34.303876496851444" lon="-117.28488142602146">
        <time>2005-05-19T13:07:11-07:00</time>
      </trkpt>
      <trkpt lat="34.30389141663909" lon="-117.28495107963681">
        <time>2005-05-19T13:07:17-07:00</time>
      </trkpt>
      <trkpt lat="34.303905833512545" lon="-117.28498837910593">
        <time>2005-05-19T13:07:20-07:00</time>
      </trkpt>
      <trkpt lat="34.30392217822373" lon="-117.28506951592863">
        <time>2005-05-19T13:07:23-07:00</time>
      </trkpt>
      <trkpt lat="34.30393156595528" lon="-117.28510782122612">
        <time>2005-05-19T13:07:30-07:00</time>
      </trkpt>
      <trkpt lat="34.303947910666466" lon="-117.28514989838004">
        <time>2005-05-19T13:07:31-07:00</time>
      </trkpt>
      <trkpt lat="34.30398931726813" lon="-117.28521117009223">
        <time>2005-05-19T13:07:35-07:00</time>
      </trkpt>
      <trkpt lat="34.304028544574976" lon="-117.28529113344848">
        <time>2005-05-19T13:07:40-07:00</time>
      </trkpt>
      <trkpt lat="34.30401253513992" lon="-117.28537034243345">
        <time>2005-05-19T13:07:42-07:00</time>
      </trkpt>
      <trkpt lat="34.303971296176314" lon="-117.28543672710657">
        <time>2005-05-19T13:07:48-07:00</time>
      </trkpt>
      <trkpt lat="34.30392351932824" lon="-117.28546673431993">
        <time>2005-05-19T13:07:51-07:00</time>
      </trkpt>
      <trkpt lat="34.3039133772254" lon="-117.28545801714063">
        <time>2005-05-19T13:07:54-07:00</time>
      </trkpt>
      <trkpt lat="34.303907258436084" lon="-117.28544594720006">
        <time>2005-05-19T13:07:59-07:00</time>
      </trkpt>
      <trkpt lat="34.303875574842095" lon="-117.285424657166">
        <time>2005-05-19T13:08:05-07:00</time>
      </trkpt>
      <trkpt lat="34.30386174470186" lon="-117.28541979566216">
        <time>2005-05-19T13:08:11-07:00</time>
      </trkpt>
      <trkpt lat="34.303848249837756" lon="-117.28542205877602">
        <time>2005-05-19T13:08:16-07:00</time>
      </trkpt>
      <trkpt lat="34.3038010597229" lon="-117.28544443845749">
        <time>2005-05-19T13:08:21-07:00</time>
      </trkpt>
      <trkpt lat="34.30379527620971" lon="-117.28546053171158">
        <time>2005-05-19T13:08:22-07:00</time>
      </trkpt>
      <trkpt lat="34.3037976231426" lon="-117.28547587059438">
        <time>2005-05-19T13:08:23-07:00</time>
      </trkpt>
      <trkpt lat="34.30380055680871" lon="-117.28548844344914">
        <time>2005-05-19T13:08:26-07:00</time>
      </trkpt>
      <trkpt lat="34.30381212383509" lon="-117.28549556806684">
        <time>2005-05-19T13:08:27-07:00</time>
      </trkpt>
      <trkpt lat="34.303819332271814" lon="-117.28550503961742">
        <time>2005-05-19T13:08:28-07:00</time>
      </trkpt>
      <trkpt lat="34.30386166088283" lon="-117.28555507957935">
        <time>2005-05-19T13:08:32-07:00</time>
      </trkpt>
      <trkpt lat="34.303862331435084" lon="-117.28557083755732">
        <time>2005-05-19T13:08:33-07:00</time>
      </trkpt>
      <trkpt lat="34.30387180298567" lon="-117.28566211648285">
        <time>2005-05-19T13:08:34-07:00</time>
      </trkpt>
      <trkpt lat="34.30390985682607" lon="-117.2857066243887">
        <time>2005-05-19T13:08:35-07:00</time>
      </trkpt>
      <trkpt lat="34.30392351932824" lon="-117.28570201434195">
        <time>2005-05-19T13:08:36-07:00</time>
      </trkpt>
      <trkpt lat="34.30397607386112" lon="-117.28567712008953">
        <time>2005-05-19T13:08:37-07:00</time>
      </trkpt>
      <trkpt lat="34.30404916405678" lon="-117.28560855612159">
        <time>2005-05-19T13:08:42-07:00</time>
      </trkpt>
      <trkpt lat="34.30411571636796" lon="-117.28558491915464">
        <time>2005-05-19T13:08:43-07:00</time>
      </trkpt>
      <trkpt lat="34.30415192618966" lon="-117.28555675595999">
        <time>2005-05-19T13:08:50-07:00</time>
      </trkpt>
      <trkpt lat="34.304201463237405" lon="-117.28549682535231">
        <time>2005-05-19T13:08:55-07:00</time>
      </trkpt>
      <trkpt lat="34.3042138684541" lon="-117.28548416867852">
        <time>2005-05-19T13:08:56-07:00</time>
      </trkpt>
      <trkpt lat="34.304240019991994" lon="-117.2854608669877">
        <time>2005-05-19T13:09:01-07:00</time>
      </trkpt>
      <trkpt lat="34.30427949875593" lon="-117.28540923446417">
        <time>2005-05-19T13:09:09-07:00</time>
      </trkpt>
      <trkpt lat="34.304290395230055" lon="-117.28533052839339">
        <time>2005-05-19T13:09:14-07:00</time>
      </trkpt>
      <trkpt lat="34.30428955703974" lon="-117.28528610430658">
        <time>2005-05-19T13:09:18-07:00</time>
      </trkpt>
      <trkpt lat="34.30429274216294" lon="-117.28526892140508">
        <time>2005-05-19T13:09:24-07:00</time>
      </trkpt>
      <trkpt lat="34.30432568304241" lon="-117.28521720506251">
        <time>2005-05-19T13:09:26-07:00</time>
      </trkpt>
      <trkpt lat="34.30438008159399" lon="-117.28519826196134">
        <time>2005-05-19T13:09:29-07:00</time>
      </trkpt>
      <trkpt lat="34.30439474992454" lon="-117.28521460667253">
        <time>2005-05-19T13:09:34-07:00</time>
      </trkpt>
      <trkpt lat="34.304427187889814" lon="-117.28522868826985">
        <time>2005-05-19T13:09:39-07:00</time>
      </trkpt>
      <trkpt lat="34.30444948375225" lon="-117.28523623198271">
        <time>2005-05-19T13:09:42-07:00</time>
      </trkpt>
      <trkpt lat="34.30449038743973" lon="-117.28525861166418">
        <time>2005-05-19T13:09:44-07:00</time>
      </trkpt>
      <trkpt lat="34.30453581735492" lon="-117.28527763858438">
        <time>2005-05-19T13:09:51-07:00</time>
      </trkpt>
      <trkpt lat="34.30455492809415" lon="-117.2852885350585">
        <time>2005-05-19T13:09:56-07:00</time>
      </trkpt>
      <trkpt lat="34.304605051875114" lon="-117.28532709181309">
        <time>2005-05-19T13:09:58-07:00</time>
      </trkpt>
      <trkpt lat="34.30465903133154" lon="-117.2853680793196">
        <time>2005-05-19T13:10:01-07:00</time>
      </trkpt>
      <trkpt lat="34.30468208156526" lon="-117.28538794443011">
        <time>2005-05-19T13:10:03-07:00</time>
      </trkpt>
      <trkpt lat="34.30472273379564" lon="-117.28542507626116">
        <time>2005-05-19T13:10:08-07:00</time>
      </trkpt>
      <trkpt lat="34.30475684814155" lon="-117.28546162135899">
        <time>2005-05-19T13:10:12-07:00</time>
      </trkpt>
      <trkpt lat="34.30481510236859" lon="-117.28552524000406">
        <time>2005-05-19T13:10:14-07:00</time>
      </trkpt>
      <trkpt lat="34.30484661832452" lon="-117.28561584837735">
        <time>2005-05-19T13:10:19-07:00</time>
      </trkpt>
      <trkpt lat="34.30485516786575" lon="-117.28569145314395">
        <time>2005-05-19T13:10:24-07:00</time>
      </trkpt>
      <trkpt lat="34.30485248565674" lon="-117.28576429188251">
        <time>2005-05-19T13:10:27-07:00</time>
      </trkpt>
      <trkpt lat="34.30486581288278" lon="-117.28583788499236">
        <time>2005-05-19T13:10:31-07:00</time>
      </trkpt>
      <trkpt lat="34.30490763857961" lon="-117.28591390885413">
        <time>2005-05-19T13:10:34-07:00</time>
      </trkpt>
      <trkpt lat="34.304939741268754" lon="-117.28601197712123">
        <time>2005-05-19T13:10:41-07:00</time>
      </trkpt>
      <trkpt lat="34.30495658889413" lon="-117.28607358410954">
        <time>2005-05-19T13:10:48-07:00</time>
      </trkpt>
      <trkpt lat="34.30495759472251" lon="-117.28608255274594">
        <time>2005-05-19T13:10:53-07:00</time>
      </trkpt>
      <trkpt lat="34.30496438406408" lon="-117.28614944033325">
        <time>2005-05-19T13:10:58-07:00</time>
      </trkpt>
      <trkpt lat="34.30496798828244" lon="-117.28626150637865">
        <time>2005-05-19T13:11:03-07:00</time>
      </trkpt>
      <trkpt lat="34.304959354922175" lon="-117.28638178668916">
        <time>2005-05-19T13:11:10-07:00</time>
      </trkpt>
      <trkpt lat="34.30494150146842" lon="-117.28644456714392">
        <time>2005-05-19T13:11:18-07:00</time>
      </trkpt>
      <trkpt lat="34.30495021864772" lon="-117.28651648387313">
        <time>2005-05-19T13:11:23-07:00</time>
      </trkpt>
      <trkpt lat="34.30495189502835" lon="-117.28654146194458">
        <time>2005-05-19T13:11:24-07:00</time>
      </trkpt>
      <trkpt lat="34.30494485422969" lon="-117.2866200003773">
        <time>2005-05-19T13:11:29-07:00</time>
      </trkpt>
      <trkpt lat="34.304930940270424" lon="-117.28668412193656">
        <time>2005-05-19T13:11:37-07:00</time>
      </trkpt>
      <trkpt lat="34.304929515346885" lon="-117.2867114469409">
        <time>2005-05-19T13:11:45-07:00</time>
      </trkpt>
      <trkpt lat="34.304910404607654" lon="-117.28678788989782">
        <time>2005-05-19T13:11:51-07:00</time>
      </trkpt>
      <trkpt lat="34.30489841848612" lon="-117.28687657043338">
        <time>2005-05-19T13:11:57-07:00</time>
      </trkpt>
      <trkpt lat="34.30487796664238" lon="-117.28695435449481">
        <time>2005-05-19T13:11:59-07:00</time>
      </trkpt>
      <trkpt lat="34.30486950092018" lon="-117.28703398257494">
        <time>2005-05-19T13:12:04-07:00</time>
      </trkpt>
      <trkpt lat="34.30487117730081" lon="-117.28704898618162">
        <time>2005-05-19T13:12:09-07:00</time>
      </trkpt>
      <trkpt lat="34.30485592223704" lon="-117.28714814409614">
        <time>2005-05-19T13:12:11-07:00</time>
      </trkpt>
      <trkpt lat="34.3048423435539" lon="-117.28724076412618">
        <time>2005-05-19T13:12:16-07:00</time>
      </trkpt>
      <trkpt lat="34.30482272990048" lon="-117.28734754957259">
        <time>2005-05-19T13:12:22-07:00</time>
      </trkpt>
      <trkpt lat="34.304801020771265" lon="-117.28742114268243">
        <time>2005-05-19T13:12:28-07:00</time>
      </trkpt>
      <trkpt lat="34.304783921688795" lon="-117.28749096393585">
        <time>2005-05-19T13:12:34-07:00</time>
      </trkpt>
      <trkpt lat="34.304762380197644" lon="-117.28752633556724">
        <time>2005-05-19T13:12:35-07:00</time>
      </trkpt>
      <trkpt lat="34.30475726723671" lon="-117.28755114600062">
        <time>2005-05-19T13:12:42-07:00</time>
      </trkpt>
      <trkpt lat="34.30475441738963" lon="-117.28756422176957">
        <time>2005-05-19T13:12:48-07:00</time>
      </trkpt>
      <trkpt lat="34.30470982566476" lon="-117.28764183819294">
        <time>2005-05-19T13:12:55-07:00</time>
      </trkpt>
      <trkpt lat="34.304629024118185" lon="-117.28768584318459">
        <time>2005-05-19T13:13:01-07:00</time>
      </trkpt>
      <trkpt lat="34.30456666275859" lon="-117.28769288398325">
        <time>2005-05-19T13:13:06-07:00</time>
      </trkpt>
      <trkpt lat="34.30454118177295" lon="-117.28769606910646">
        <time>2005-05-19T13:13:09-07:00</time>
      </trkpt>
      <trkpt lat="34.304521065205336" lon="-117.28771392256021">
        <time>2005-05-19T13:13:11-07:00</time>
      </trkpt>
      <trkpt lat="34.30451167747378" lon="-117.28775055147707">
        <time>2005-05-19T13:13:12-07:00</time>
      </trkpt>
      <trkpt lat="34.30452408269048" lon="-117.28781383484602">
        <time>2005-05-19T13:13:18-07:00</time>
      </trkpt>
      <trkpt lat="34.30452508851886" lon="-117.2878753580153">
        <time>2005-05-19T13:13:25-07:00</time>
      </trkpt>
      <trkpt lat="34.304510252550244" lon="-117.28796445764601">
        <time>2005-05-19T13:13:30-07:00</time>
      </trkpt>
      <trkpt lat="34.30447421036661" lon="-117.28804601356387">
        <time>2005-05-19T13:13:32-07:00</time>
      </trkpt>
      <trkpt lat="34.30444210767746" lon="-117.28808054700494">
        <time>2005-05-19T13:13:34-07:00</time>
      </trkpt>
      <trkpt lat="34.30444101803005" lon="-117.28809580206871">
        <time>2005-05-19T13:13:37-07:00</time>
      </trkpt>
      <trkpt lat="34.304432552307844" lon="-117.28813041932881">
        <time>2005-05-19T13:13:41-07:00</time>
      </trkpt>
      <trkpt lat="34.30438888259232" lon="-117.28819244541228">
        <time>2005-05-19T13:13:46-07:00</time>
      </trkpt>
      <trkpt lat="34.30433842353523" lon="-117.28823510929942">
        <time>2005-05-19T13:13:52-07:00</time>
      </trkpt>
      <trkpt lat="34.30431512184441" lon="-117.28824743069708">
        <time>2005-05-19T13:13:58-07:00</time>
      </trkpt>
      <trkpt lat="34.30427731946111" lon="-117.28826511651278">
        <time>2005-05-19T13:14:02-07:00</time>
      </trkpt>
      <trkpt lat="34.304203977808356" lon="-117.28833351284266">
        <time>2005-05-19T13:14:04-07:00</time>
      </trkpt>
      <trkpt lat="34.304189728572965" lon="-117.28833577595651">
        <time>2005-05-19T13:14:10-07:00</time>
      </trkpt>
      <trkpt lat="34.30416030809283" lon="-117.28836360387504">
        <time>2005-05-19T13:14:17-07:00</time>
      </trkpt>
      <trkpt lat="34.30411043576896" lon="-117.28843124583364">
        <time>2005-05-19T13:14:22-07:00</time>
      </trkpt>
      <trkpt lat="34.304091995581985" lon="-117.28846033103764">
        <time>2005-05-19T13:14:24-07:00</time>
      </trkpt>
      <trkpt lat="34.30410062894225" lon="-117.28850048035383">
        <time>2005-05-19T13:14:28-07:00</time>
      </trkpt>
      <trkpt lat="34.30413139052689" lon="-117.28856862522662">
        <time>2005-05-19T13:14:35-07:00</time>
      </trkpt>
      <trkpt lat="34.304167767986655" lon="-117.28863383643329">
        <time>2005-05-19T13:14:36-07:00</time>
      </trkpt>
      <trkpt lat="34.304191237315536" lon="-117.28872494772077">
        <time>2005-05-19T13:14:39-07:00</time>
      </trkpt>
      <trkpt lat="34.304193165153265" lon="-117.2887355927378">
        <time>2005-05-19T13:14:45-07:00</time>
      </trkpt>
      <trkpt lat="34.30420280434191" lon="-117.28881371207535">
        <time>2005-05-19T13:14:48-07:00</time>
      </trkpt>
      <trkpt lat="34.304200541228056" lon="-117.28882410563529">
        <time>2005-05-19T13:14:52-07:00</time>
      </trkpt>
      <trkpt lat="34.30419626645744" lon="-117.28892561048269">
        <time>2005-05-19T13:14:58-07:00</time>
      </trkpt>
      <trkpt lat="34.30416994728148" lon="-117.28901856578887">
        <time>2005-05-19T13:15:04-07:00</time>
      </trkpt>
      <trkpt lat="34.30416609160602" lon="-117.28903013281524">
        <time>2005-05-19T13:15:11-07:00</time>
      </trkpt>
      <trkpt lat="34.30413566529751" lon="-117.28907941840589">
        <time>2005-05-19T13:15:12-07:00</time>
      </trkpt>
      <trkpt lat="34.304074980318546" lon="-117.28914538398385">
        <time>2005-05-19T13:15:17-07:00</time>
      </trkpt>
      <trkpt lat="34.304061736911535" lon="-117.28915586136281">
        <time>2005-05-19T13:15:18-07:00</time>
      </trkpt>
      <trkpt lat="34.30401002056897" lon="-117.28920531459153">
        <time>2005-05-19T13:15:25-07:00</time>
      </trkpt>
      <trkpt lat="34.30393550544977" lon="-117.28924345225096">
        <time>2005-05-19T13:15:32-07:00</time>
      </trkpt>
      <trkpt lat="34.303898960351944" lon="-117.28926499374211">
        <time>2005-05-19T13:15:33-07:00</time>
      </trkpt>
      <trkpt lat="34.30385755375028" lon="-117.28928728960454">
        <time>2005-05-19T13:15:37-07:00</time>
      </trkpt>
      <trkpt lat="34.30380592122674" lon="-117.28931796737015">
        <time>2005-05-19T13:15:44-07:00</time>
      </trkpt>
      <trkpt lat="34.30371212773025" lon="-117.28932802565396">
        <time>2005-05-19T13:15:45-07:00</time>
      </trkpt>
      <trkpt lat="34.30364255793393" lon="-117.28928779251873">
        <time>2005-05-19T13:15:50-07:00</time>
      </trkpt>
      <trkpt lat="34.30359737947583" lon="-117.28925426490605">
        <time>2005-05-19T13:15:56-07:00</time>
      </trkpt>
      <trkpt lat="34.30357592180371" lon="-117.28926968760788">
        <time>2005-05-19T13:15:59-07:00</time>
      </trkpt>
      <trkpt lat="34.30356846190989" lon="-117.2892929892987">
        <time>2005-05-19T13:16:03-07:00</time>
      </trkpt>
      <trkpt lat="34.30353082716465" lon="-117.28939407505095">
        <time>2005-05-19T13:16:08-07:00</time>
      </trkpt>
      <trkpt lat="34.30352202616632" lon="-117.28943925350904">
        <time>2005-05-19T13:16:15-07:00</time>
      </trkpt>
      <trkpt lat="34.30351825430989" lon="-117.28947035036981">
        <time>2005-05-19T13:16:22-07:00</time>
      </trkpt>
      <trkpt lat="34.303495958447456" lon="-117.28957059793174">
        <time>2005-05-19T13:16:27-07:00</time>
      </trkpt>
      <trkpt lat="34.30349092930555" lon="-117.28958451189101">
        <time>2005-05-19T13:16:29-07:00</time>
      </trkpt>
      <trkpt lat="34.303452456369996" lon="-117.28965760208666">
        <time>2005-05-19T13:16:31-07:00</time>
      </trkpt>
      <trkpt lat="34.30341054685414" lon="-117.28973496705294">
        <time>2005-05-19T13:16:38-07:00</time>
      </trkpt>
      <trkpt lat="34.30336679331958" lon="-117.28981484659016">
        <time>2005-05-19T13:16:41-07:00</time>
      </trkpt>
      <trkpt lat="34.30331440642476" lon="-117.28987502865493">
        <time>2005-05-19T13:16:43-07:00</time>
      </trkpt>
      <trkpt lat="34.30325414054096" lon="-117.28993487544358">
        <time>2005-05-19T13:16:50-07:00</time>
      </trkpt>
      <trkpt lat="34.30321600288153" lon="-117.2899684868753">
        <time>2005-05-19T13:16:51-07:00</time>
      </trkpt>
      <trkpt lat="34.303170908242464" lon="-117.29001140221953">
        <time>2005-05-19T13:16:57-07:00</time>
      </trkpt>
      <trkpt lat="34.3031070381403" lon="-117.2900390625">
        <time>2005-05-19T13:17:03-07:00</time>
      </trkpt>
      <trkpt lat="34.3030393961817" lon="-117.29003269225359">
        <time>2005-05-19T13:17:09-07:00</time>
      </trkpt>
      <trkpt lat="34.30297141894698" lon="-117.29006018489599">
        <time>2005-05-19T13:17:15-07:00</time>
      </trkpt>
      <trkpt lat="34.30291567929089" lon="-117.29008801281452">
        <time>2005-05-19T13:17:22-07:00</time>
      </trkpt>
      <trkpt lat="34.302889527752995" lon="-117.2901064530015">
        <time>2005-05-19T13:17:26-07:00</time>
      </trkpt>
      <trkpt lat="34.30287544615567" lon="-117.29013905860484">
        <time>2005-05-19T13:17:30-07:00</time>
      </trkpt>
      <trkpt lat="34.30288827046752" lon="-117.29016990400851">
        <time>2005-05-19T13:17:35-07:00</time>
      </trkpt>
      <trkpt lat="34.3028998374939" lon="-117.29017627425492">
        <time>2005-05-19T13:17:41-07:00</time>
      </trkpt>
      <trkpt lat="34.30291417054832" lon="-117.29017660953104">
        <time>2005-05-19T13:17:47-07:00</time>
      </trkpt>
      <trkpt lat="34.30292406119406" lon="-117.29019295424223">
        <time>2005-05-19T13:17:52-07:00</time>
      </trkpt>
      <trkpt lat="34.30292783305049" lon="-117.29021055623889">
        <time>2005-05-19T13:17:54-07:00</time>
      </trkpt>
      <trkpt lat="34.302965719252825" lon="-117.29027937166393">
        <time>2005-05-19T13:17:56-07:00</time>
      </trkpt>
      <trkpt lat="34.303010227158666" lon="-117.29034869000316">
        <time>2005-05-19T13:17:58-07:00</time>
      </trkpt>
      <trkpt lat="34.303063452243805" lon="-117.29040727950633">
        <time>2005-05-19T13:17:59-07:00</time>
      </trkpt>
      <trkpt lat="34.30312916636467" lon="-117.2904555592686">
        <time>2005-05-19T13:18:00-07:00</time>
      </trkpt>
      <trkpt lat="34.30318079888821" lon="-117.29046100750566">
        <time>2005-05-19T13:18:02-07:00</time>
      </trkpt>
      <trkpt lat="34.30323947221041" lon="-117.29049394838512">
        <time>2005-05-19T13:18:04-07:00</time>
      </trkpt>
      <trkpt lat="34.30330912582576" lon="-117.29053426533937">
        <time>2005-05-19T13:18:10-07:00</time>
      </trkpt>
      <trkpt lat="34.30332379415631" lon="-117.29053736664355">
        <time>2005-05-19T13:18:16-07:00</time>
      </trkpt>
      <trkpt lat="34.303405517712235" lon="-117.29056527838111">
        <time>2005-05-19T13:18:22-07:00</time>
      </trkpt>
      <trkpt lat="34.30345279164612" lon="-117.29057801887393">
        <time>2005-05-19T13:18:28-07:00</time>
      </trkpt>
      <trkpt lat="34.303497802466154" lon="-117.29059050790966">
        <time>2005-05-19T13:18:33-07:00</time>
      </trkpt>
      <trkpt lat="34.30351666174829" lon="-117.29060190729797">
        <time>2005-05-19T13:18:39-07:00</time>
      </trkpt>
      <trkpt lat="34.30355639196932" lon="-117.29064205661416">
        <time>2005-05-19T13:18:45-07:00</time>
      </trkpt>
      <trkpt lat="34.30356443859637" lon="-117.29065655730665">
        <time>2005-05-19T13:18:46-07:00</time>
      </trkpt>
      <trkpt lat="34.30360358208418" lon="-117.29072822257876">
        <time>2005-05-19T13:18:53-07:00</time>
      </trkpt>
      <trkpt lat="34.30363199673593" lon="-117.29078421369195">
        <time>2005-05-19T13:18:57-07:00</time>
      </trkpt>
      <trkpt lat="34.30363425984979" lon="-117.2908142209053">
        <time>2005-05-19T13:19:01-07:00</time>
      </trkpt>
      <trkpt lat="34.30363543331623" lon="-117.29082117788494">
        <time>2005-05-19T13:19:03-07:00</time>
      </trkpt>
      <trkpt lat="34.30364255793393" lon="-117.29085696861148">
        <time>2005-05-19T13:19:07-07:00</time>
      </trkpt>
      <trkpt lat="34.30365303531289" lon="-117.29086719453335">
        <time>2005-05-19T13:19:08-07:00</time>
      </trkpt>
      <trkpt lat="34.30367491208017" lon="-117.29090415872633">
        <time>2005-05-19T13:19:14-07:00</time>
      </trkpt>
      <trkpt lat="34.303726963698864" lon="-117.29093642905354">
        <time>2005-05-19T13:19:19-07:00</time>
      </trkpt>
      <trkpt lat="34.30373643524945" lon="-117.29093274101615">
        <time>2005-05-19T13:19:21-07:00</time>
      </trkpt>
      <trkpt lat="34.30377549491823" lon="-117.29090097360313">
        <time>2005-05-19T13:19:22-07:00</time>
      </trkpt>
      <trkpt lat="34.30383517406881" lon="-117.2908956091851">
        <time>2005-05-19T13:19:26-07:00</time>
      </trkpt>
      <trkpt lat="34.303921423852444" lon="-117.29090264998376">
        <time>2005-05-19T13:19:27-07:00</time>
      </trkpt>
      <trkpt lat="34.30399510078132" lon="-117.29091245681047">
        <time>2005-05-19T13:19:31-07:00</time>
      </trkpt>
      <trkpt lat="34.30405469611287" lon="-117.29095352813601">
        <time>2005-05-19T13:19:37-07:00</time>
      </trkpt>
      <trkpt lat="34.304103311151266" lon="-117.29100599884987">
        <time>2005-05-19T13:19:38-07:00</time>
      </trkpt>
      <trkpt lat="34.30411437526345" lon="-117.2910874709487">
        <time>2005-05-19T13:19:43-07:00</time>
      </trkpt>
      <trkpt lat="34.30408009327948" lon="-117.29119819588959">
        <time>2005-05-19T13:19:49-07:00</time>
      </trkpt>
      <trkpt lat="34.30403558537364" lon="-117.29128662496805">
        <time>2005-05-19T13:19:57-07:00</time>
      </trkpt>
      <trkpt lat="34.30399878881872" lon="-117.29135259054601">
        <time>2005-05-19T13:20:03-07:00</time>
      </trkpt>
      <trkpt lat="34.30399116128683" lon="-117.29136290028691">
        <time>2005-05-19T13:20:09-07:00</time>
      </trkpt>
      <trkpt lat="34.30396853014827" lon="-117.29138469323516">
        <time>2005-05-19T13:20:15-07:00</time>
      </trkpt>
      <trkpt lat="34.30390331894159" lon="-117.29141377843916">
        <time>2005-05-19T13:20:21-07:00</time>
      </trkpt>
      <trkpt lat="34.303879430517554" lon="-117.2914167959243">
        <time>2005-05-19T13:20:29-07:00</time>
      </trkpt>
      <trkpt lat="34.30382846854627" lon="-117.29142727330327">
        <time>2005-05-19T13:20:36-07:00</time>
      </trkpt>
      <trkpt lat="34.3037957791239" lon="-117.29144713841379">
        <time>2005-05-19T13:20:41-07:00</time>
      </trkpt>
      <trkpt lat="34.30376962758601" lon="-117.29146666824818">
        <time>2005-05-19T13:20:42-07:00</time>
      </trkpt>
      <trkpt lat="34.3036905862391" lon="-117.29151570238173">
        <time>2005-05-19T13:20:44-07:00</time>
      </trkpt>
      <trkpt lat="34.30365697480738" lon="-117.29158560745418">
        <time>2005-05-19T13:20:49-07:00</time>
      </trkpt>
      <trkpt lat="34.303607773035765" lon="-117.29162860661745">
        <time>2005-05-19T13:20:51-07:00</time>
      </trkpt>
      <trkpt lat="34.303585812449455" lon="-117.29164319112897">
        <time>2005-05-19T13:20:55-07:00</time>
      </trkpt>
      <trkpt lat="34.30352848023176" lon="-117.29171326383948">
        <time>2005-05-19T13:20:57-07:00</time>
      </trkpt>
      <trkpt lat="34.303522277623415" lon="-117.29176020249724">
        <time>2005-05-19T13:21:00-07:00</time>
      </trkpt>
      <trkpt lat="34.30352747440338" lon="-117.29177956469357">
        <time>2005-05-19T13:21:07-07:00</time>
      </trkpt>
      <trkpt lat="34.30352361872792" lon="-117.2918504755944">
        <time>2005-05-19T13:21:14-07:00</time>
      </trkpt>
      <trkpt lat="34.303511548787355" lon="-117.2918644733727">
        <time>2005-05-19T13:21:19-07:00</time>
      </trkpt>
      <trkpt lat="34.30347919464111" lon="-117.29190772399306">
        <time>2005-05-19T13:21:21-07:00</time>
      </trkpt>
      <trkpt lat="34.3034852296114" lon="-117.29193781502545">
        <time>2005-05-19T13:21:27-07:00</time>
      </trkpt>
      <trkpt lat="34.303493443876505" lon="-117.29194988496602">
        <time>2005-05-19T13:21:30-07:00</time>
      </trkpt>
      <trkpt lat="34.303514985367656" lon="-117.29196488857269">
        <time>2005-05-19T13:21:32-07:00</time>
      </trkpt>
      <trkpt lat="34.30359771475196" lon="-117.29203823022544">
        <time>2005-05-19T13:21:40-07:00</time>
      </trkpt>
      <trkpt lat="34.30361699312925" lon="-117.29204979725182">
        <time>2005-05-19T13:21:42-07:00</time>
      </trkpt>
      <trkpt lat="34.30364431813359" lon="-117.29209338314831">
        <time>2005-05-19T13:21:46-07:00</time>
      </trkpt>
      <trkpt lat="34.303676253184676" lon="-117.2921575885266">
        <time>2005-05-19T13:21:48-07:00</time>
      </trkpt>
      <trkpt lat="34.30374305695295" lon="-117.29220570065081">
        <time>2005-05-19T13:21:49-07:00</time>
      </trkpt>
      <trkpt lat="34.30380072444677" lon="-117.29221768677235">
        <time>2005-05-19T13:21:51-07:00</time>
      </trkpt>
      <trkpt lat="34.303842298686504" lon="-117.29225951246917">
        <time>2005-05-19T13:22:00-07:00</time>
      </trkpt>
      <trkpt lat="34.30385864339769" lon="-117.29227853938937">
        <time>2005-05-19T13:22:02-07:00</time>
      </trkpt>
      <trkpt lat="34.30387666448951" lon="-117.29232589714229">
        <time>2005-05-19T13:22:06-07:00</time>
      </trkpt>
      <trkpt lat="34.303880603984" lon="-117.29233645834029">
        <time>2005-05-19T13:22:11-07:00</time>
      </trkpt>
      <trkpt lat="34.30390818044543" lon="-117.29240879416466">
        <time>2005-05-19T13:22:18-07:00</time>
      </trkpt>
      <trkpt lat="34.30392502807081" lon="-117.29248498566449">
        <time>2005-05-19T13:22:24-07:00</time>
      </trkpt>
      <trkpt lat="34.30393525399268" lon="-117.29251264594495">
        <time>2005-05-19T13:22:29-07:00</time>
      </trkpt>
      <trkpt lat="34.30395545437932" lon="-117.29256989434361">
        <time>2005-05-19T13:22:31-07:00</time>
      </trkpt>
      <trkpt lat="34.303976241499186" lon="-117.29262856766582">
        <time>2005-05-19T13:22:35-07:00</time>
      </trkpt>
      <trkpt lat="34.30397263728082" lon="-117.29268120601773">
        <time>2005-05-19T13:22:36-07:00</time>
      </trkpt>
      <trkpt lat="34.303972804918885" lon="-117.29271473363042">
        <time>2005-05-19T13:22:41-07:00</time>
      </trkpt>
      <trkpt lat="34.30397464893758" lon="-117.29280383326113">
        <time>2005-05-19T13:22:47-07:00</time>
      </trkpt>
      <trkpt lat="34.30396123789251" lon="-117.29287239722908">
        <time>2005-05-19T13:22:49-07:00</time>
      </trkpt>
      <trkpt lat="34.303954700008035" lon="-117.29288547299802">
        <time>2005-05-19T13:22:53-07:00</time>
      </trkpt>
      <trkpt lat="34.30393206886947" lon="-117.29291338473558">
        <time>2005-05-19T13:22:57-07:00</time>
      </trkpt>
      <trkpt lat="34.30387934669852" lon="-117.2929485887289">
        <time>2005-05-19T13:23:01-07:00</time>
      </trkpt>
      <trkpt lat="34.303816985338926" lon="-117.29300198145211">
        <time>2005-05-19T13:23:03-07:00</time>
      </trkpt>
      <trkpt lat="34.30376107804477" lon="-117.29302042163908">
        <time>2005-05-19T13:23:09-07:00</time>
      </trkpt>
      <trkpt lat="34.303683545440435" lon="-117.29302989318967">
        <time>2005-05-19T13:23:13-07:00</time>
      </trkpt>
      <trkpt lat="34.30366896092892" lon="-117.29305554181337">
        <time>2005-05-19T13:23:14-07:00</time>
      </trkpt>
      <trkpt lat="34.30366074666381" lon="-117.29309359565377">
        <time>2005-05-19T13:23:17-07:00</time>
      </trkpt>
      <trkpt lat="34.30364993400872" lon="-117.29311731643975">
        <time>2005-05-19T13:23:22-07:00</time>
      </trkpt>
      <trkpt lat="34.303620513528585" lon="-117.29318487457931">
        <time>2005-05-19T13:23:29-07:00</time>
      </trkpt>
      <trkpt lat="34.30362612940371" lon="-117.29321354068816">
        <time>2005-05-19T13:23:34-07:00</time>
      </trkpt>
      <trkpt lat="34.30364892818034" lon="-117.29322544299066">
        <time>2005-05-19T13:23:40-07:00</time>
      </trkpt>
      <trkpt lat="34.303659154102206" lon="-117.29322091676295">
        <time>2005-05-19T13:23:42-07:00</time>
      </trkpt>
      <trkpt lat="34.303709361702204" lon="-117.29321463033557">
        <time>2005-05-19T13:23:45-07:00</time>
      </trkpt>
      <trkpt lat="34.303782787173986" lon="-117.29322887957096">
        <time>2005-05-19T13:23:47-07:00</time>
      </trkpt>
      <trkpt lat="34.303867779672146" lon="-117.29324849322438">
        <time>2005-05-19T13:23:52-07:00</time>
      </trkpt>
      <trkpt lat="34.30392469279468" lon="-117.29325452819467">
        <time>2005-05-19T13:23:54-07:00</time>
      </trkpt>
      <trkpt lat="34.30401060730219" lon="-117.29328629560769">
        <time>2005-05-19T13:23:56-07:00</time>
      </trkpt>
      <trkpt lat="34.304080260917544" lon="-117.29331236332655">
        <time>2005-05-19T13:23:57-07:00</time>
      </trkpt>
      <trkpt lat="34.30414739996195" lon="-117.29333247989416">
        <time>2005-05-19T13:24:01-07:00</time>
      </trkpt>
      <trkpt lat="34.304210264235735" lon="-117.29336558841169">
        <time>2005-05-19T13:24:07-07:00</time>
      </trkpt>
      <trkpt lat="34.304232727736235" lon="-117.29338637553155">
        <time>2005-05-19T13:24:14-07:00</time>
      </trkpt>
      <trkpt lat="34.30425745435059" lon="-117.29341562837362">
        <time>2005-05-19T13:24:19-07:00</time>
      </trkpt>
      <trkpt lat="34.304271284490824" lon="-117.29342292062938">
        <time>2005-05-19T13:24:27-07:00</time>
      </trkpt>
      <trkpt lat="34.30432987399399" lon="-117.29346625506878">
        <time>2005-05-19T13:24:34-07:00</time>
      </trkpt>
      <trkpt lat="34.30435962975025" lon="-117.29350313544273">
        <time>2005-05-19T13:24:39-07:00</time>
      </trkpt>
      <trkpt lat="34.30437605828047" lon="-117.29352124035358">
        <time>2005-05-19T13:24:45-07:00</time>
      </trkpt>
      <trkpt lat="34.30444370023906" lon="-117.29359282180667">
        <time>2005-05-19T13:24:48-07:00</time>
      </trkpt>
      <trkpt lat="34.304495584219694" lon="-117.29365820065141">
        <time>2005-05-19T13:24:51-07:00</time>
      </trkpt>
      <trkpt lat="34.30456884205341" lon="-117.29372072964907">
        <time>2005-05-19T13:24:52-07:00</time>
      </trkpt>
      <trkpt lat="34.304617792367935" lon="-117.2938001062721">
        <time>2005-05-19T13:24:57-07:00</time>
      </trkpt>
      <trkpt lat="34.30463229306042" lon="-117.29388023726642">
        <time>2005-05-19T13:25:01-07:00</time>
      </trkpt>
      <trkpt lat="34.30465718731284" lon="-117.29397252202034">
        <time>2005-05-19T13:25:03-07:00</time>
      </trkpt>
      <trkpt lat="34.30465182289481" lon="-117.29406556114554">
        <time>2005-05-19T13:25:11-07:00</time>
      </trkpt>
      <trkpt lat="34.30462541989982" lon="-117.29414636269212">
        <time>2005-05-19T13:25:17-07:00</time>
      </trkpt>
      <trkpt lat="34.30461661890149" lon="-117.29417159222066">
        <time>2005-05-19T13:25:24-07:00</time>
      </trkpt>
      <trkpt lat="34.304578313604" lon="-117.29423127137125">
        <time>2005-05-19T13:25:30-07:00</time>
      </trkpt>
      <trkpt lat="34.30451896972954" lon="-117.29430100880563">
        <time>2005-05-19T13:25:36-07:00</time>
      </trkpt>
      <trkpt lat="34.30444998666644" lon="-117.29432607069612">
        <time>2005-05-19T13:25:42-07:00</time>
      </trkpt>
      <trkpt lat="34.304393325001" lon="-117.29435197077692">
        <time>2005-05-19T13:25:48-07:00</time>
      </trkpt>
      <trkpt lat="34.30438016541302" lon="-117.2943614423275">
        <time>2005-05-19T13:25:54-07:00</time>
      </trkpt>
      <trkpt lat="34.30431017652154" lon="-117.2943648789078">
        <time>2005-05-19T13:25:56-07:00</time>
      </trkpt>
      <trkpt lat="34.304272374138236" lon="-117.29437393136322">
        <time>2005-05-19T13:26:00-07:00</time>
      </trkpt>
      <trkpt lat="34.30423163808882" lon="-117.29437141679227">
        <time>2005-05-19T13:26:07-07:00</time>
      </trkpt>
      <trkpt lat="34.30415536276996" lon="-117.2943651303649">
        <time>2005-05-19T13:26:13-07:00</time>
      </trkpt>
      <trkpt lat="34.30409912019968" lon="-117.29434652253985">
        <time>2005-05-19T13:26:17-07:00</time>
      </trkpt>
      <trkpt lat="34.30407506413758" lon="-117.2943392302841">
        <time>2005-05-19T13:26:18-07:00</time>
      </trkpt>
      <trkpt lat="34.304013373330235" lon="-117.29430126026273">
        <time>2005-05-19T13:26:24-07:00</time>
      </trkpt>
      <trkpt lat="34.303921004757285" lon="-117.29429312981665">
        <time>2005-05-19T13:26:27-07:00</time>
      </trkpt>
      <trkpt lat="34.303825115785" lon="-117.29428064078093">
        <time>2005-05-19T13:26:30-07:00</time>
      </trkpt>
      <trkpt lat="34.30377792567015" lon="-117.2942803055048">
        <time>2005-05-19T13:26:35-07:00</time>
      </trkpt>
      <trkpt lat="34.30372612550855" lon="-117.29427351616323">
        <time>2005-05-19T13:26:39-07:00</time>
      </trkpt>
      <trkpt lat="34.30366015993059" lon="-117.29429237544537">
        <time>2005-05-19T13:26:41-07:00</time>
      </trkpt>
      <trkpt lat="34.30365898646414" lon="-117.29431450366974">
        <time>2005-05-19T13:26:47-07:00</time>
      </trkpt>
      <trkpt lat="34.30367055349052" lon="-117.29435062967241">
        <time>2005-05-19T13:26:54-07:00</time>
      </trkpt>
      <trkpt lat="34.30366619490087" lon="-117.29446076788008">
        <time>2005-05-19T13:27:01-07:00</time>
      </trkpt>
      <trkpt lat="34.30369268171489" lon="-117.29452195577323">
        <time>2005-05-19T13:27:05-07:00</time>
      </trkpt>
      <trkpt lat="34.303706176579" lon="-117.29452338069677">
        <time>2005-05-19T13:27:09-07:00</time>
      </trkpt>
      <trkpt lat="34.30376015603542" lon="-117.29451214894652">
        <time>2005-05-19T13:27:14-07:00</time>
      </trkpt>
      <trkpt lat="34.303772477433085" lon="-117.29451424442232">
        <time>2005-05-19T13:27:16-07:00</time>
      </trkpt>
      <trkpt lat="34.30379971861839" lon="-117.29452229104936">
        <time>2005-05-19T13:27:19-07:00</time>
      </trkpt>
      <trkpt lat="34.303853027522564" lon="-117.29456981644034">
        <time>2005-05-19T13:27:27-07:00</time>
      </trkpt>
      <trkpt lat="34.30388890206814" lon="-117.2946151625365">
        <time>2005-05-19T13:27:32-07:00</time>
      </trkpt>
      <trkpt lat="34.303945479914546" lon="-117.29468246921897">
        <time>2005-05-19T13:27:33-07:00</time>
      </trkpt>
      <trkpt lat="34.30399065837264" lon="-117.29474533349276">
        <time>2005-05-19T13:27:38-07:00</time>
      </trkpt>
      <trkpt lat="34.30404664948583" lon="-117.29479495435953">
        <time>2005-05-19T13:27:39-07:00</time>
      </trkpt>
      <trkpt lat="34.30407028645277" lon="-117.2948466707021">
        <time>2005-05-19T13:27:42-07:00</time>
      </trkpt>
      <trkpt lat="34.30409031920135" lon="-117.29487366043031">
        <time>2005-05-19T13:27:48-07:00</time>
      </trkpt>
      <trkpt lat="34.3041327316314" lon="-117.2949053440243">
        <time>2005-05-19T13:27:53-07:00</time>
      </trkpt>
      <trkpt lat="34.30419542826712" lon="-117.29499687440693">
        <time>2005-05-19T13:27:59-07:00</time>
      </trkpt>
      <trkpt lat="34.304224010556936" lon="-117.29504993185401">
        <time>2005-05-19T13:28:05-07:00</time>
      </trkpt>
      <trkpt lat="34.30427002720535" lon="-117.2951418813318">
        <time>2005-05-19T13:28:10-07:00</time>
      </trkpt>
      <trkpt lat="34.30430280044675" lon="-117.29519862681627">
        <time>2005-05-19T13:28:14-07:00</time>
      </trkpt>
      <trkpt lat="34.30433372966945" lon="-117.29524145834148">
        <time>2005-05-19T13:28:17-07:00</time>
      </trkpt>
      <trkpt lat="34.3043552711606" lon="-117.29527892544866">
        <time>2005-05-19T13:28:21-07:00</time>
      </trkpt>
      <trkpt lat="34.3043711129576" lon="-117.29531186632812">
        <time>2005-05-19T13:28:29-07:00</time>
      </trkpt>
      <trkpt lat="34.304443784058094" lon="-117.29538403451443">
        <time>2005-05-19T13:28:34-07:00</time>
      </trkpt>
      <trkpt lat="34.30452366359532" lon="-117.29541295208037">
        <time>2005-05-19T13:28:41-07:00</time>
      </trkpt>
      <trkpt lat="34.30458786897361" lon="-117.29546391405165">
        <time>2005-05-19T13:28:46-07:00</time>
      </trkpt>
      <trkpt lat="34.30460681207478" lon="-117.29550842195749">
        <time>2005-05-19T13:28:51-07:00</time>
      </trkpt>
      <trkpt lat="34.30460723116994" lon="-117.29551864787936">
        <time>2005-05-19T13:28:54-07:00</time>
      </trkpt>
      <trkpt lat="34.304581666365266" lon="-117.29558503255248">
        <time>2005-05-19T13:28:57-07:00</time>
      </trkpt>
      <trkpt lat="34.30452416650951" lon="-117.29565694928169">
        <time>2005-05-19T13:29:04-07:00</time>
      </trkpt>
      <trkpt lat="34.30447831749916" lon="-117.29569785296917">
        <time>2005-05-19T13:29:11-07:00</time>
      </trkpt>
      <trkpt lat="34.30444403551519" lon="-117.29572920128703">
        <time>2005-05-19T13:29:17-07:00</time>
      </trkpt>
      <trkpt lat="34.30441620759666" lon="-117.29577496647835">
        <time>2005-05-19T13:29:21-07:00</time>
      </trkpt>
      <trkpt lat="34.30437714792788" lon="-117.2958467155695">
        <time>2005-05-19T13:29:22-07:00</time>
      </trkpt>
      <trkpt lat="34.30435334332287" lon="-117.29586641304195">
        <time>2005-05-19T13:29:27-07:00</time>
      </trkpt>
      <trkpt lat="34.30430539883673" lon="-117.29588334448636">
        <time>2005-05-19T13:29:33-07:00</time>
      </trkpt>
      <trkpt lat="34.30426122620702" lon="-117.29590220376849">
        <time>2005-05-19T13:29:37-07:00</time>
      </trkpt>
      <trkpt lat="34.30418210104108" lon="-117.29594604112208">
        <time>2005-05-19T13:29:41-07:00</time>
      </trkpt>
      <trkpt lat="34.30414706468582" lon="-117.29598878882825">
        <time>2005-05-19T13:29:45-07:00</time>
      </trkpt>
      <trkpt lat="34.304152177646756" lon="-117.29601603001356">
        <time>2005-05-19T13:29:49-07:00</time>
      </trkpt>
      <trkpt lat="34.3041602242738" lon="-117.29602441191673">
        <time>2005-05-19T13:29:51-07:00</time>
      </trkpt>
      <trkpt lat="34.30419542826712" lon="-117.29606573469937">
        <time>2005-05-19T13:29:55-07:00</time>
      </trkpt>
      <trkpt lat="34.30423675104976" lon="-117.29612331837416">
        <time>2005-05-19T13:29:58-07:00</time>
      </trkpt>
      <trkpt lat="34.30428863503039" lon="-117.29618727229536">
        <time>2005-05-19T13:30:05-07:00</time>
      </trkpt>
      <trkpt lat="34.30433607660234" lon="-117.2962503042072">
        <time>2005-05-19T13:30:09-07:00</time>
      </trkpt>
      <trkpt lat="34.30438888259232" lon="-117.29630344547331">
        <time>2005-05-19T13:30:11-07:00</time>
      </trkpt>
      <trkpt lat="34.304396426305175" lon="-117.2963200416416">
        <time>2005-05-19T13:30:12-07:00</time>
      </trkpt>
      <trkpt lat="34.30441721342504" lon="-117.29634652845562">
        <time>2005-05-19T13:30:16-07:00</time>
      </trkpt>
      <trkpt lat="34.30443732999265" lon="-117.29637125506997">
        <time>2005-05-19T13:30:22-07:00</time>
      </trkpt>
      <trkpt lat="34.30443732999265" lon="-117.29637125506997">
        <time>2005-05-19T13:30:28-07:00</time>
      </trkpt>
      <trkpt lat="34.30443732999265" lon="-117.29637125506997">
        <time>2005-05-19T13:30:34-07:00</time>
      </trkpt>
      <trkpt lat="34.30443732999265" lon="-117.29637125506997">
        <time>2005-05-19T13:30:40-07:00</time>
      </trkpt>
      <trkpt lat="34.30444210767746" lon="-117.29637997224927">
        <time>2005-05-19T13:30:42-07:00</time>
      </trkpt>
      <trkpt lat="34.304442359134555" lon="-117.29637963697314">
        <time>2005-05-19T13:30:52-07:00</time>
      </trkpt>
      <trkpt lat="34.304442359134555" lon="-117.2963798046112">
        <time>2005-05-19T13:30:56-07:00</time>
      </trkpt>
      <trkpt lat="34.30447530001402" lon="-117.29642406105995">
        <time>2005-05-19T13:31:00-07:00</time>
      </trkpt>
      <trkpt lat="34.30452953092754" lon="-117.29647452011704">
        <time>2005-05-19T13:31:11-07:00</time>
      </trkpt>
      <trkpt lat="34.30455987341702" lon="-117.29652103967965">
        <time>2005-05-19T13:31:19-07:00</time>
      </trkpt>
      <trkpt lat="34.30456674657762" lon="-117.29653034359217">
        <time>2005-05-19T13:31:29-07:00</time>
      </trkpt>
      <trkpt lat="34.30460195057094" lon="-117.29657921008766">
        <time>2005-05-19T13:31:36-07:00</time>
      </trkpt>
      <trkpt lat="34.30462500080466" lon="-117.29662388563156">
        <time>2005-05-19T13:31:39-07:00</time>
      </trkpt>
      <trkpt lat="34.30464553646743" lon="-117.29668708518147">
        <time>2005-05-19T13:31:45-07:00</time>
      </trkpt>
      <trkpt lat="34.30464897304773" lon="-117.29675925336778">
        <time>2005-05-19T13:31:51-07:00</time>
      </trkpt>
      <trkpt lat="34.30465014651418" lon="-117.29685547761619">
        <time>2005-05-19T13:31:56-07:00</time>
      </trkpt>
      <trkpt lat="34.304655846208334" lon="-117.29693996720016">
        <time>2005-05-19T13:31:57-07:00</time>
      </trkpt>
      <trkpt lat="34.30466305464506" lon="-117.29702554643154">
        <time>2005-05-19T13:32:01-07:00</time>
      </trkpt>
      <trkpt lat="34.304662803187966" lon="-117.29705588892102">
        <time>2005-05-19T13:32:04-07:00</time>
      </trkpt>
      <trkpt lat="34.30465911515057" lon="-117.29710198938847">
        <time>2005-05-19T13:32:09-07:00</time>
      </trkpt>
      <trkpt lat="34.3046488892287" lon="-117.29720600880682">
        <time>2005-05-19T13:32:14-07:00</time>
      </trkpt>
      <trkpt lat="34.304642686620355" lon="-117.29725076816976">
        <time>2005-05-19T13:32:20-07:00</time>
      </trkpt>
      <trkpt lat="34.30461209267378" lon="-117.29731019586325">
        <time>2005-05-19T13:32:26-07:00</time>
      </trkpt>
      <trkpt lat="34.30457060225308" lon="-117.29737599380314">
        <time>2005-05-19T13:32:32-07:00</time>
      </trkpt>
      <trkpt lat="34.30456632748246" lon="-117.29739007540047">
        <time>2005-05-19T13:32:34-07:00</time>
      </trkpt>
      <trkpt lat="34.30450664833188" lon="-117.2974144667387">
        <time>2005-05-19T13:32:37-07:00</time>
      </trkpt>
      <trkpt lat="34.30442274548113" lon="-117.29741798713803">
        <time>2005-05-19T13:32:44-07:00</time>
      </trkpt>
      <trkpt lat="34.30441101081669" lon="-117.29741849005222">
        <time>2005-05-19T13:32:47-07:00</time>
      </trkpt>
      <trkpt lat="34.30433599278331" lon="-117.29742569848895">
        <time>2005-05-19T13:32:51-07:00</time>
      </trkpt>
      <trkpt lat="34.304300704970956" lon="-117.29743651114404">
        <time>2005-05-19T13:32:56-07:00</time>
      </trkpt>
      <trkpt lat="34.30425250902772" lon="-117.29743617586792">
        <time>2005-05-19T13:32:57-07:00</time>
      </trkpt>
      <trkpt lat="34.304198529571295" lon="-117.29743408039212">
        <time>2005-05-19T13:33:03-07:00</time>
      </trkpt>
      <trkpt lat="34.30413574911654" lon="-117.29743357747793">
        <time>2005-05-19T13:33:09-07:00</time>
      </trkpt>
      <trkpt lat="34.30402720347047" lon="-117.29742460884154">
        <time>2005-05-19T13:33:10-07:00</time>
      </trkpt>
      <trkpt lat="34.30399401113391" lon="-117.29743064381182">
        <time>2005-05-19T13:33:17-07:00</time>
      </trkpt>
      <trkpt lat="34.30394522845745" lon="-117.2974401153624">
        <time>2005-05-19T13:33:20-07:00</time>
      </trkpt>
      <trkpt lat="34.303897535428405" lon="-117.29745520278811">
        <time>2005-05-19T13:33:24-07:00</time>
      </trkpt>
      <trkpt lat="34.30385529063642" lon="-117.29747565463185">
        <time>2005-05-19T13:33:28-07:00</time>
      </trkpt>
      <trkpt lat="34.30383467115462" lon="-117.29748009704053">
        <time>2005-05-19T13:33:33-07:00</time>
      </trkpt>
      <trkpt lat="34.30378329008818" lon="-117.29748168960214">
        <time>2005-05-19T13:33:41-07:00</time>
      </trkpt>
      <trkpt lat="34.30371405556798" lon="-117.29747221805155">
        <time>2005-05-19T13:33:44-07:00</time>
      </trkpt>
      <trkpt lat="34.30363199673593" lon="-117.29745218530297">
        <time>2005-05-19T13:33:48-07:00</time>
      </trkpt>
      <trkpt lat="34.303544238209724" lon="-117.29741052724421">
        <time>2005-05-19T13:33:52-07:00</time>
      </trkpt>
      <trkpt lat="34.3034765124321" lon="-117.29733056388795">
        <time>2005-05-19T13:33:56-07:00</time>
      </trkpt>
      <trkpt lat="34.30340828374028" lon="-117.29731187224388">
        <time>2005-05-19T13:33:58-07:00</time>
      </trkpt>
      <trkpt lat="34.30340828374028" lon="-117.29733006097376">
        <time>2005-05-19T13:34:02-07:00</time>
      </trkpt>
      <trkpt lat="34.30340878665447" lon="-117.29736099019647">
        <time>2005-05-19T13:34:08-07:00</time>
      </trkpt>
      <trkpt lat="34.303423119708896" lon="-117.29743567295372">
        <time>2005-05-19T13:34:14-07:00</time>
      </trkpt>
      <trkpt lat="34.303416246548295" lon="-117.29754690080881">
        <time>2005-05-19T13:34:22-07:00</time>
      </trkpt>
      <trkpt lat="34.30341314524412" lon="-117.29759543202817">
        <time>2005-05-19T13:34:28-07:00</time>
      </trkpt>
      <trkpt lat="34.30342337116599" lon="-117.29762175120413">
        <time>2005-05-19T13:34:34-07:00</time>
      </trkpt>
      <trkpt lat="34.303435860201716" lon="-117.29767061769962">
        <time>2005-05-19T13:34:36-07:00</time>
      </trkpt>
      <trkpt lat="34.303435776382685" lon="-117.29768713004887">
        <time>2005-05-19T13:34:39-07:00</time>
      </trkpt>
      <trkpt lat="34.303469471633434" lon="-117.2977566998452">
        <time>2005-05-19T13:34:45-07:00</time>
      </trkpt>
      <trkpt lat="34.30348196066916" lon="-117.2977617289871">
        <time>2005-05-19T13:34:54-07:00</time>
      </trkpt>
      <trkpt lat="34.30352755822241" lon="-117.2978100925684">
        <time>2005-05-19T13:34:58-07:00</time>
      </trkpt>
      <trkpt lat="34.30354356765747" lon="-117.29784965515137">
        <time>2005-05-19T13:35:00-07:00</time>
      </trkpt>
      <trkpt lat="34.30354801006615" lon="-117.29786398820579">
        <time>2005-05-19T13:35:04-07:00</time>
      </trkpt>
      <trkpt lat="34.30354591459036" lon="-117.29793858714402">
        <time>2005-05-19T13:35:06-07:00</time>
      </trkpt>
      <trkpt lat="34.30354448966682" lon="-117.29797873646021">
        <time>2005-05-19T13:35:13-07:00</time>
      </trkpt>
      <trkpt lat="34.30353535339236" lon="-117.29801184497774">
        <time>2005-05-19T13:35:14-07:00</time>
      </trkpt>
      <trkpt lat="34.30353116244078" lon="-117.2980791516602">
        <time>2005-05-19T13:35:19-07:00</time>
      </trkpt>
      <trkpt lat="34.30353074334562" lon="-117.29809298180044">
        <time>2005-05-19T13:35:23-07:00</time>
      </trkpt>
      <trkpt lat="34.30353426374495" lon="-117.29815978556871">
        <time>2005-05-19T13:35:24-07:00</time>
      </trkpt>
      <trkpt lat="34.303531581535935" lon="-117.29819230735302">
        <time>2005-05-19T13:35:30-07:00</time>
      </trkpt>
      <trkpt lat="34.30354516021907" lon="-117.29824285022914">
        <time>2005-05-19T13:35:33-07:00</time>
      </trkpt>
      <trkpt lat="34.30361037142575" lon="-117.29828878305852">
        <time>2005-05-19T13:35:36-07:00</time>
      </trkpt>
      <trkpt lat="34.30366083048284" lon="-117.29832817800343">
        <time>2005-05-19T13:35:42-07:00</time>
      </trkpt>
      <trkpt lat="34.303666362538934" lon="-117.29833194985986">
        <time>2005-05-19T13:35:43-07:00</time>
      </trkpt>
      <trkpt lat="34.30369351990521" lon="-117.29837159626186">
        <time>2005-05-19T13:35:48-07:00</time>
      </trkpt>
      <trkpt lat="34.30372201837599" lon="-117.29844963178039">
        <time>2005-05-19T13:35:50-07:00</time>
      </trkpt>
      <trkpt lat="34.30373668670654" lon="-117.2985419165343">
        <time>2005-05-19T13:35:54-07:00</time>
      </trkpt>
      <trkpt lat="34.30373802781105" lon="-117.29857904836535">
        <time>2005-05-19T13:36:01-07:00</time>
      </trkpt>
      <trkpt lat="34.303743140771985" lon="-117.29865876026452">
        <time>2005-05-19T13:36:06-07:00</time>
      </trkpt>
      <trkpt lat="34.303761748597026" lon="-117.29876797646284">
        <time>2005-05-19T13:36:07-07:00</time>
      </trkpt>
      <trkpt lat="34.30376191623509" lon="-117.29878247715533">
        <time>2005-05-19T13:36:11-07:00</time>
      </trkpt>
      <trkpt lat="34.30374934338033" lon="-117.29885171167552">
        <time>2005-05-19T13:36:17-07:00</time>
      </trkpt>
      <trkpt lat="34.30375571362674" lon="-117.29889529757202">
        <time>2005-05-19T13:36:24-07:00</time>
      </trkpt>
      <trkpt lat="34.30376476608217" lon="-117.29892848990858">
        <time>2005-05-19T13:36:26-07:00</time>
      </trkpt>
      <trkpt lat="34.30378060787916" lon="-117.29899294674397">
        <time>2005-05-19T13:36:31-07:00</time>
      </trkpt>
      <trkpt lat="34.30380776524544" lon="-117.29906561784446">
        <time>2005-05-19T13:36:39-07:00</time>
      </trkpt>
      <trkpt lat="34.30381488986313" lon="-117.29907081462443">
        <time>2005-05-19T13:36:40-07:00</time>
      </trkpt>
      <trkpt lat="34.30382343940437" lon="-117.29909218847752">
        <time>2005-05-19T13:36:46-07:00</time>
      </trkpt>
      <trkpt lat="34.30382545106113" lon="-117.29912035167217">
        <time>2005-05-19T13:36:49-07:00</time>
      </trkpt>
      <trkpt lat="34.30384213104844" lon="-117.29920509271324">
        <time>2005-05-19T13:36:51-07:00</time>
      </trkpt>
      <trkpt lat="34.30385872721672" lon="-117.299270555377">
        <time>2005-05-19T13:36:56-07:00</time>
      </trkpt>
      <trkpt lat="34.30386325344443" lon="-117.2992779314518">
        <time>2005-05-19T13:37:02-07:00</time>
      </trkpt>
      <trkpt lat="34.30388890206814" lon="-117.29932545684278">
        <time>2005-05-19T13:37:03-07:00</time>
      </trkpt>
      <trkpt lat="34.30392938666046" lon="-117.29939913377166">
        <time>2005-05-19T13:37:05-07:00</time>
      </trkpt>
      <trkpt lat="34.303930224850774" lon="-117.2994145564735">
        <time>2005-05-19T13:37:07-07:00</time>
      </trkpt>
      <trkpt lat="34.30392460897565" lon="-117.29944028891623">
        <time>2005-05-19T13:37:13-07:00</time>
      </trkpt>
      <trkpt lat="34.303914131596684" lon="-117.29945638217032">
        <time>2005-05-19T13:37:18-07:00</time>
      </trkpt>
      <trkpt lat="34.30390600115061" lon="-117.29946434497833">
        <time>2005-05-19T13:37:19-07:00</time>
      </trkpt>
      <trkpt lat="34.30383492261171" lon="-117.29952486231923">
        <time>2005-05-19T13:37:23-07:00</time>
      </trkpt>
      <trkpt lat="34.30380340665579" lon="-117.29954933747649">
        <time>2005-05-19T13:37:29-07:00</time>
      </trkpt>
      <trkpt lat="34.30376912467182" lon="-117.29956517927349">
        <time>2005-05-19T13:37:30-07:00</time>
      </trkpt>
      <trkpt lat="34.30368572473526" lon="-117.29963877238333">
        <time>2005-05-19T13:37:32-07:00</time>
      </trkpt>
      <trkpt lat="34.303647419437766" lon="-117.29967959225178">
        <time>2005-05-19T13:37:34-07:00</time>
      </trkpt>
      <trkpt lat="34.30362403392792" lon="-117.2997010499239">
        <time>2005-05-19T13:37:35-07:00</time>
      </trkpt>
      <trkpt lat="34.30358807556331" lon="-117.29972250759602">
        <time>2005-05-19T13:37:41-07:00</time>
      </trkpt>
      <trkpt lat="34.303524289280176" lon="-117.29976282455027">
        <time>2005-05-19T13:37:44-07:00</time>
      </trkpt>
      <trkpt lat="34.303458323702216" lon="-117.29980641044676">
        <time>2005-05-19T13:37:47-07:00</time>
      </trkpt>
      <trkpt lat="34.30338917300105" lon="-117.29985712096095">
        <time>2005-05-19T13:37:55-07:00</time>
      </trkpt>
      <trkpt lat="34.303388334810734" lon="-117.29987422004342">
        <time>2005-05-19T13:38:00-07:00</time>
      </trkpt>
      <trkpt lat="34.30340333841741" lon="-117.29995049536228">
        <time>2005-05-19T13:38:02-07:00</time>
      </trkpt>
      <trkpt lat="34.30335204117" lon="-117.30000413954258">
        <time>2005-05-19T13:38:06-07:00</time>
      </trkpt>
      <trkpt lat="34.303273083642125" lon="-117.30006331577897">
        <time>2005-05-19T13:38:12-07:00</time>
      </trkpt>
      <trkpt lat="34.30327819660306" lon="-117.30009491555393">
        <time>2005-05-19T13:38:18-07:00</time>
      </trkpt>
      <trkpt lat="34.30329588241875" lon="-117.300118887797">
        <time>2005-05-19T13:38:25-07:00</time>
      </trkpt>
      <trkpt lat="34.303344413638115" lon="-117.30015886947513">
        <time>2005-05-19T13:38:26-07:00</time>
      </trkpt>
      <trkpt lat="34.30338682606816" lon="-117.30022575706244">
        <time>2005-05-19T13:38:32-07:00</time>
      </trkpt>
      <trkpt lat="34.30340979248285" lon="-117.30029943399131">
        <time>2005-05-19T13:38:38-07:00</time>
      </trkpt>
      <trkpt lat="34.30342982523143" lon="-117.3003451153636">
        <time>2005-05-19T13:38:45-07:00</time>
      </trkpt>
      <trkpt lat="34.30343544110656" lon="-117.30035685002804">
        <time>2005-05-19T13:38:47-07:00</time>
      </trkpt>
      <trkpt lat="34.30347709916532" lon="-117.30042080394924">
        <time>2005-05-19T13:38:49-07:00</time>
      </trkpt>
      <trkpt lat="34.30350107140839" lon="-117.30047914199531">
        <time>2005-05-19T13:38:54-07:00</time>
      </trkpt>
      <trkpt lat="34.303505681455135" lon="-117.30049288831651">
        <time>2005-05-19T13:39:00-07:00</time>
      </trkpt>
      <trkpt lat="34.3035005684942" lon="-117.3005626257509">
        <time>2005-05-19T13:39:06-07:00</time>
      </trkpt>
      <trkpt lat="34.3034833855927" lon="-117.30066739954054">
        <time>2005-05-19T13:39:10-07:00</time>
      </trkpt>
      <trkpt lat="34.30350065231323" lon="-117.30077284388244">
        <time>2005-05-19T13:39:11-07:00</time>
      </trkpt>
      <trkpt lat="34.30352345108986" lon="-117.30082330293953">
        <time>2005-05-19T13:39:17-07:00</time>
      </trkpt>
      <trkpt lat="34.30353996343911" lon="-117.30086420662701">
        <time>2005-05-19T13:39:22-07:00</time>
      </trkpt>
      <trkpt lat="34.30354583077133" lon="-117.30089253745973">
        <time>2005-05-19T13:39:23-07:00</time>
      </trkpt>
      <trkpt lat="34.30356812663376" lon="-117.30096210725605">
        <time>2005-05-19T13:39:28-07:00</time>
      </trkpt>
      <trkpt lat="34.30358220823109" lon="-117.30103645473719">
        <time>2005-05-19T13:39:35-07:00</time>
      </trkpt>
      <trkpt lat="34.30357533507049" lon="-117.30106897652149">
        <time>2005-05-19T13:39:42-07:00</time>
      </trkpt>
      <trkpt lat="34.3035539612174" lon="-117.3010909371078">
        <time>2005-05-19T13:39:47-07:00</time>
      </trkpt>
      <trkpt lat="34.303491013124585" lon="-117.30112295597792">
        <time>2005-05-19T13:39:50-07:00</time>
      </trkpt>
      <trkpt lat="34.30343049578369" lon="-117.30118406005204">
        <time>2005-05-19T13:39:52-07:00</time>
      </trkpt>
      <trkpt lat="34.30343125015497" lon="-117.30122278444469">
        <time>2005-05-19T13:39:57-07:00</time>
      </trkpt>
      <trkpt lat="34.30345421656966" lon="-117.30123560875654">
        <time>2005-05-19T13:40:02-07:00</time>
      </trkpt>
      <trkpt lat="34.30350987240672" lon="-117.30126787908375">
        <time>2005-05-19T13:40:05-07:00</time>
      </trkpt>
      <trkpt lat="34.30351481772959" lon="-117.30127550661564">
        <time>2005-05-19T13:40:07-07:00</time>
      </trkpt>
      <trkpt lat="34.30354884825647" lon="-117.30132185854018">
        <time>2005-05-19T13:40:12-07:00</time>
      </trkpt>
      <trkpt lat="34.303602408617735" lon="-117.30138547718525">
        <time>2005-05-19T13:40:18-07:00</time>
      </trkpt>
      <trkpt lat="34.303654627874494" lon="-117.30144456960261">
        <time>2005-05-19T13:40:20-07:00</time>
      </trkpt>
      <trkpt lat="34.303667955100536" lon="-117.30144591070712">
        <time>2005-05-19T13:40:22-07:00</time>
      </trkpt>
      <trkpt lat="34.303701147437096" lon="-117.3014643508941">
        <time>2005-05-19T13:40:27-07:00</time>
      </trkpt>
      <trkpt lat="34.30371078662574" lon="-117.30146896094084">
        <time>2005-05-19T13:40:28-07:00</time>
      </trkpt>
      <trkpt lat="34.303722186014056" lon="-117.30146720074117">
        <time>2005-05-19T13:40:33-07:00</time>
      </trkpt>
      <trkpt lat="34.3037355132401" lon="-117.30146770365536">
        <time>2005-05-19T13:40:39-07:00</time>
      </trkpt>
      <trkpt lat="34.30382888764143" lon="-117.30150039307773">
        <time>2005-05-19T13:40:46-07:00</time>
      </trkpt>
      <trkpt lat="34.30384607054293" lon="-117.30153224430978">
        <time>2005-05-19T13:40:47-07:00</time>
      </trkpt>
      <trkpt lat="34.303856547921896" lon="-117.30155127122998">
        <time>2005-05-19T13:40:50-07:00</time>
      </trkpt>
      <trkpt lat="34.30391647852957" lon="-117.30163014493883">
        <time>2005-05-19T13:40:51-07:00</time>
      </trkpt>
      <trkpt lat="34.303927794098854" lon="-117.30170013383031">
        <time>2005-05-19T13:40:52-07:00</time>
      </trkpt>
      <trkpt lat="34.303901894018054" lon="-117.30179141275585">
        <time>2005-05-19T13:40:53-07:00</time>
      </trkpt>
      <trkpt lat="34.30391044355929" lon="-117.30183080770075">
        <time>2005-05-19T13:41:00-07:00</time>
      </trkpt>
      <trkpt lat="34.303925363346934" lon="-117.30185151100159">
        <time>2005-05-19T13:41:03-07:00</time>
      </trkpt>
      <trkpt lat="34.30396609939635" lon="-117.3018956836313">
        <time>2005-05-19T13:41:05-07:00</time>
      </trkpt>
      <trkpt lat="34.30400365032256" lon="-117.30195838026702">
        <time>2005-05-19T13:41:11-07:00</time>
      </trkpt>
      <trkpt lat="34.304057881236076" lon="-117.30207597836852">
        <time>2005-05-19T13:41:16-07:00</time>
      </trkpt>
      <trkpt lat="34.30409803055227" lon="-117.30214035138488">
        <time>2005-05-19T13:41:23-07:00</time>
      </trkpt>
      <trkpt lat="34.304146310314536" lon="-117.3021959234029">
        <time>2005-05-19T13:41:26-07:00</time>
      </trkpt>
      <trkpt lat="34.304158966988325" lon="-117.30222006328404">
        <time>2005-05-19T13:41:29-07:00</time>
      </trkpt>
      <trkpt lat="34.304183861240745" lon="-117.30226021260023">
        <time>2005-05-19T13:41:35-07:00</time>
      </trkpt>
      <trkpt lat="34.30423700250685" lon="-117.30232374742627">
        <time>2005-05-19T13:41:41-07:00</time>
      </trkpt>
      <trkpt lat="34.304283019155264" lon="-117.30236171744764">
        <time>2005-05-19T13:41:51-07:00</time>
      </trkpt>
      <trkpt lat="34.304341776296496" lon="-117.3024136852473">
        <time>2005-05-19T13:41:57-07:00</time>
      </trkpt>
      <trkpt lat="34.30435719899833" lon="-117.30244050733745">
        <time>2005-05-19T13:42:02-07:00</time>
      </trkpt>
      <trkpt lat="34.304364658892155" lon="-117.30246087536216">
        <time>2005-05-19T13:42:04-07:00</time>
      </trkpt>
      <trkpt lat="34.304374465718865" lon="-117.30248250067234">
        <time>2005-05-19T13:42:08-07:00</time>
      </trkpt>
      <trkpt lat="34.30439751595259" lon="-117.30254360474646">
        <time>2005-05-19T13:42:14-07:00</time>
      </trkpt>
      <trkpt lat="34.30441872216761" lon="-117.30262331664562">
        <time>2005-05-19T13:42:19-07:00</time>
      </trkpt>
      <trkpt lat="34.3044348154217" lon="-117.30271895416081">
        <time>2005-05-19T13:42:25-07:00</time>
      </trkpt>
      <trkpt lat="34.30445476435125" lon="-117.30279564857483">
        <time>2005-05-19T13:42:27-07:00</time>
      </trkpt>
      <trkpt lat="34.30445250123739" lon="-117.30285859666765">
        <time>2005-05-19T13:42:29-07:00</time>
      </trkpt>
      <trkpt lat="34.30442249402404" lon="-117.3029787093401">
        <time>2005-05-19T13:42:31-07:00</time>
      </trkpt>
      <trkpt lat="34.30441142991185" lon="-117.30300578288734">
        <time>2005-05-19T13:42:36-07:00</time>
      </trkpt>
      <trkpt lat="34.30438100360334" lon="-117.30306923389435">
        <time>2005-05-19T13:42:41-07:00</time>
      </trkpt>
      <trkpt lat="34.30435569025576" lon="-117.30315028689802">
        <time>2005-05-19T13:42:47-07:00</time>
      </trkpt>
      <trkpt lat="34.30436147376895" lon="-117.30320141650736">
        <time>2005-05-19T13:42:53-07:00</time>
      </trkpt>
      <trkpt lat="34.30437237024307" lon="-117.30320896022022">
        <time>2005-05-19T13:42:58-07:00</time>
      </trkpt>
      <trkpt lat="34.304382763803005" lon="-117.30321357026696">
        <time>2005-05-19T13:43:06-07:00</time>
      </trkpt>
      <trkpt lat="34.3044364079833" lon="-117.3032342735678">
        <time>2005-05-19T13:43:08-07:00</time>
      </trkpt>
      <trkpt lat="34.30449927225709" lon="-117.30326511897147">
        <time>2005-05-19T13:43:13-07:00</time>
      </trkpt>
      <trkpt lat="34.304529866203666" lon="-117.30328129604459">
        <time>2005-05-19T13:43:19-07:00</time>
      </trkpt>
      <trkpt lat="34.30459080263972" lon="-117.30333636514843">
        <time>2005-05-19T13:43:23-07:00</time>
      </trkpt>
      <trkpt lat="34.30459599941969" lon="-117.3033465910703">
        <time>2005-05-19T13:43:24-07:00</time>
      </trkpt>
      <trkpt lat="34.30463765747845" lon="-117.30343652889132">
        <time>2005-05-19T13:43:25-07:00</time>
      </trkpt>
      <trkpt lat="34.30464620701969" lon="-117.30353174731135">
        <time>2005-05-19T13:43:31-07:00</time>
      </trkpt>
      <trkpt lat="34.30463816039264" lon="-117.30362956412137">
        <time>2005-05-19T13:43:37-07:00</time>
      </trkpt>
      <trkpt lat="34.3046213965863" lon="-117.30373593047261">
        <time>2005-05-19T13:43:41-07:00</time>
      </trkpt>
      <trkpt lat="34.30460304021835" lon="-117.30379284359515">
        <time>2005-05-19T13:43:47-07:00</time>
      </trkpt>
      <trkpt lat="34.30457554757595" lon="-117.30387230403721">
        <time>2005-05-19T13:43:48-07:00</time>
      </trkpt>
      <trkpt lat="34.3045714404434" lon="-117.30388588272035">
        <time>2005-05-19T13:43:55-07:00</time>
      </trkpt>
      <trkpt lat="34.30454512126744" lon="-117.30392762459815">
        <time>2005-05-19T13:44:02-07:00</time>
      </trkpt>
      <trkpt lat="34.30447781458497" lon="-117.30398772284389">
        <time>2005-05-19T13:44:09-07:00</time>
      </trkpt>
      <trkpt lat="34.30446054786444" lon="-117.30400616303086">
        <time>2005-05-19T13:44:16-07:00</time>
      </trkpt>
      <trkpt lat="34.30441687814891" lon="-117.30404782108963">
        <time>2005-05-19T13:44:20-07:00</time>
      </trkpt>
      <trkpt lat="34.30435158312321" lon="-117.30410154908895">
        <time>2005-05-19T13:44:26-07:00</time>
      </trkpt>
      <trkpt lat="34.30427631363273" lon="-117.30415091849864">
        <time>2005-05-19T13:44:27-07:00</time>
      </trkpt>
      <trkpt lat="34.30418939329684" lon="-117.30420322157443">
        <time>2005-05-19T13:44:31-07:00</time>
      </trkpt>
      <trkpt lat="34.30410733446479" lon="-117.30423842556775">
        <time>2005-05-19T13:44:37-07:00</time>
      </trkpt>
      <trkpt lat="34.30403348989785" lon="-117.30427379719913">
        <time>2005-05-19T13:44:39-07:00</time>
      </trkpt>
      <trkpt lat="34.303982527926564" lon="-117.30427983216941">
        <time>2005-05-19T13:44:43-07:00</time>
      </trkpt>
      <trkpt lat="34.30396316573024" lon="-117.30428008362651">
        <time>2005-05-19T13:44:49-07:00</time>
      </trkpt>
      <trkpt lat="34.303928297013044" lon="-117.30428955517709">
        <time>2005-05-19T13:44:56-07:00</time>
      </trkpt>
      <trkpt lat="34.303912706673145" lon="-117.30429659597576">
        <time>2005-05-19T13:45:03-07:00</time>
      </trkpt>
      <trkpt lat="34.30385478772223" lon="-117.30434806086123">
        <time>2005-05-19T13:45:11-07:00</time>
      </trkpt>
      <trkpt lat="34.30381220765412" lon="-117.30440765619278">
        <time>2005-05-19T13:45:17-07:00</time>
      </trkpt>
      <trkpt lat="34.303815979510546" lon="-117.30442467145622">
        <time>2005-05-19T13:45:22-07:00</time>
      </trkpt>
      <trkpt lat="34.30383123457432" lon="-117.30444478802383">
        <time>2005-05-19T13:45:24-07:00</time>
      </trkpt>
      <trkpt lat="34.30385671555996" lon="-117.30445920489728">
        <time>2005-05-19T13:45:27-07:00</time>
      </trkpt>
      <trkpt lat="34.30386912077665" lon="-117.30445568449795">
        <time>2005-05-19T13:45:28-07:00</time>
      </trkpt>
      <trkpt lat="34.30391388013959" lon="-117.3044483922422">
        <time>2005-05-19T13:45:33-07:00</time>
      </trkpt>
      <trkpt lat="34.30398629978299" lon="-117.30447839945555">
        <time>2005-05-19T13:45:37-07:00</time>
      </trkpt>
      <trkpt lat="34.304029047489166" lon="-117.30450237169862">
        <time>2005-05-19T13:45:38-07:00</time>
      </trkpt>
      <trkpt lat="34.30405612103641" lon="-117.30451653711498">
        <time>2005-05-19T13:45:39-07:00</time>
      </trkpt>
      <trkpt lat="34.30409316904843" lon="-117.30453774333">
        <time>2005-05-19T13:45:41-07:00</time>
      </trkpt>
      <trkpt lat="34.304130552336574" lon="-117.30454419739544">
        <time>2005-05-19T13:45:42-07:00</time>
      </trkpt>
      <trkpt lat="34.30415737442672" lon="-117.30455266311765">
        <time>2005-05-19T13:45:46-07:00</time>
      </trkpt>
      <trkpt lat="34.30421311408281" lon="-117.30458987876773">
        <time>2005-05-19T13:45:52-07:00</time>
      </trkpt>
      <trkpt lat="34.30428368970752" lon="-117.30461133643985">
        <time>2005-05-19T13:45:56-07:00</time>
      </trkpt>
      <trkpt lat="34.30431570857763" lon="-117.30462273582816">
        <time>2005-05-19T13:45:59-07:00</time>
      </trkpt>
      <trkpt lat="34.3043452128768" lon="-117.304632877931">
        <time>2005-05-19T13:46:03-07:00</time>
      </trkpt>
      <trkpt lat="34.30442844517529" lon="-117.30468140915036">
        <time>2005-05-19T13:46:06-07:00</time>
      </trkpt>
      <trkpt lat="34.30445434525609" lon="-117.30470404028893">
        <time>2005-05-19T13:46:08-07:00</time>
      </trkpt>
      <trkpt lat="34.304454093798995" lon="-117.3047039564699">
        <time>2005-05-19T13:46:14-07:00</time>
      </trkpt>
      <trkpt lat="34.304490219801664" lon="-117.30474377050996">
        <time>2005-05-19T13:46:20-07:00</time>
      </trkpt>
      <trkpt lat="34.30450958199799" lon="-117.30476313270628">
        <time>2005-05-19T13:46:24-07:00</time>
      </trkpt>
      <trkpt lat="34.3045590352267" lon="-117.30483328923583">
        <time>2005-05-19T13:46:27-07:00</time>
      </trkpt>
      <trkpt lat="34.3046058062464" lon="-117.3049301840365">
        <time>2005-05-19T13:46:34-07:00</time>
      </trkpt>
      <trkpt lat="34.304632460698485" lon="-117.30500679463148">
        <time>2005-05-19T13:46:39-07:00</time>
      </trkpt>
      <trkpt lat="34.30465215817094" lon="-117.3051247280091">
        <time>2005-05-19T13:46:42-07:00</time>
      </trkpt>
      <trkpt lat="34.30465090088546" lon="-117.30516755953431">
        <time>2005-05-19T13:46:51-07:00</time>
      </trkpt>
      <trkpt lat="34.30465115234256" lon="-117.30522120371461">
        <time>2005-05-19T13:46:53-07:00</time>
      </trkpt>
      <trkpt lat="34.304649559780955" lon="-117.30533494614065">
        <time>2005-05-19T13:46:59-07:00</time>
      </trkpt>
      <trkpt lat="34.30464738048613" lon="-117.30535053648055">
        <time>2005-05-19T13:47:06-07:00</time>
      </trkpt>
      <trkpt lat="34.30464427918196" lon="-117.30538188479841">
        <time>2005-05-19T13:47:11-07:00</time>
      </trkpt>
      <trkpt lat="34.30464033968747" lon="-117.30548900552094">
        <time>2005-05-19T13:47:19-07:00</time>
      </trkpt>
      <trkpt lat="34.30468048900366" lon="-117.30554390698671">
        <time>2005-05-19T13:47:22-07:00</time>
      </trkpt>
      <trkpt lat="34.30474595166743" lon="-117.30557701550424">
        <time>2005-05-19T13:47:25-07:00</time>
      </trkpt>
      <trkpt lat="34.30477579124272" lon="-117.30566577985883">
        <time>2005-05-19T13:47:31-07:00</time>
      </trkpt>
      <trkpt lat="34.30482658557594" lon="-117.30571967549622">
        <time>2005-05-19T13:47:32-07:00</time>
      </trkpt>
      <trkpt lat="34.30490084923804" lon="-117.30574691668153">
        <time>2005-05-19T13:47:34-07:00</time>
      </trkpt>
      <trkpt lat="34.30492088198662" lon="-117.30578865855932">
        <time>2005-05-19T13:47:41-07:00</time>
      </trkpt>
      <trkpt lat="34.304918786510825" lon="-117.30579745955765">
        <time>2005-05-19T13:47:45-07:00</time>
      </trkpt>
      <trkpt lat="34.304899675771594" lon="-117.30588471516967">
        <time>2005-05-19T13:47:51-07:00</time>
      </trkpt>
      <trkpt lat="34.304900765419006" lon="-117.30596819892526">
        <time>2005-05-19T13:47:57-07:00</time>
      </trkpt>
      <trkpt lat="34.30490680038929" lon="-117.30597917921841">
        <time>2005-05-19T13:48:03-07:00</time>
      </trkpt>
      <trkpt lat="34.30495516397059" lon="-117.30602553114295">
        <time>2005-05-19T13:48:09-07:00</time>
      </trkpt>
      <trkpt lat="34.304977459833026" lon="-117.30610398575664">
        <time>2005-05-19T13:48:13-07:00</time>
      </trkpt>
      <trkpt lat="34.30493077263236" lon="-117.30620523914695">
        <time>2005-05-19T13:48:14-07:00</time>
      </trkpt>
      <trkpt lat="34.304936807602644" lon="-117.30626005679369">
        <time>2005-05-19T13:48:20-07:00</time>
      </trkpt>
      <trkpt lat="34.30496161803603" lon="-117.30628050863743">
        <time>2005-05-19T13:48:25-07:00</time>
      </trkpt>
      <trkpt lat="34.30504166521132" lon="-117.30628612451255">
        <time>2005-05-19T13:48:26-07:00</time>
      </trkpt>
      <trkpt lat="34.305117102339864" lon="-117.3063095100224">
        <time>2005-05-19T13:48:31-07:00</time>
      </trkpt>
      <trkpt lat="34.305175356566906" lon="-117.30633557774127">
        <time>2005-05-19T13:48:37-07:00</time>
      </trkpt>
      <trkpt lat="34.30526445619762" lon="-117.30636457912624">
        <time>2005-05-19T13:48:44-07:00</time>
      </trkpt>
      <trkpt lat="34.30534592829645" lon="-117.30637572705746">
        <time>2005-05-19T13:48:47-07:00</time>
      </trkpt>
      <trkpt lat="34.305407367646694" lon="-117.3064358253032">
        <time>2005-05-19T13:48:49-07:00</time>
      </trkpt>
      <trkpt lat="34.30546956136823" lon="-117.30649525299668">
        <time>2005-05-19T13:48:55-07:00</time>
      </trkpt>
      <trkpt lat="34.30548230186105" lon="-117.30651788413525">
        <time>2005-05-19T13:49:01-07:00</time>
      </trkpt>
      <trkpt lat="34.30551482364535" lon="-117.30655652470887">
        <time>2005-05-19T13:49:06-07:00</time>
      </trkpt>
      <trkpt lat="34.305564695969224" lon="-117.30661788024008">
        <time>2005-05-19T13:49:13-07:00</time>
      </trkpt>
      <trkpt lat="34.3055936973542" lon="-117.30668409727514">
        <time>2005-05-19T13:49:19-07:00</time>
      </trkpt>
      <trkpt lat="34.305584812536836" lon="-117.30671460740268">
        <time>2005-05-19T13:49:25-07:00</time>
      </trkpt>
      <trkpt lat="34.305561343207955" lon="-117.30674302205443">
        <time>2005-05-19T13:49:32-07:00</time>
      </trkpt>
      <trkpt lat="34.305475344881415" lon="-117.30678870342672">
        <time>2005-05-19T13:49:34-07:00</time>
      </trkpt>
      <trkpt lat="34.30546000599861" lon="-117.30679113417864">
        <time>2005-05-19T13:49:38-07:00</time>
      </trkpt>
      <trkpt lat="34.30537677370012" lon="-117.30682030320168">
        <time>2005-05-19T13:49:43-07:00</time>
      </trkpt>
      <trkpt lat="34.3053656257689" lon="-117.30682726018131">
        <time>2005-05-19T13:49:48-07:00</time>
      </trkpt>
      <trkpt lat="34.30532497353852" lon="-117.30686305090785">
        <time>2005-05-19T13:49:50-07:00</time>
      </trkpt>
      <trkpt lat="34.305284740403295" lon="-117.30689632706344">
        <time>2005-05-19T13:49:52-07:00</time>
      </trkpt>
      <trkpt lat="34.30528163909912" lon="-117.30691493488848">
        <time>2005-05-19T13:49:59-07:00</time>
      </trkpt>
      <trkpt lat="34.30528641678393" lon="-117.30695156380534">
        <time>2005-05-19T13:50:00-07:00</time>
      </trkpt>
      <trkpt lat="34.30531986057758" lon="-117.3069866001606">
        <time>2005-05-19T13:50:06-07:00</time>
      </trkpt>
      <trkpt lat="34.3053706549108" lon="-117.3070420883596">
        <time>2005-05-19T13:50:07-07:00</time>
      </trkpt>
      <trkpt lat="34.305384987965226" lon="-117.30706287547946">
        <time>2005-05-19T13:50:12-07:00</time>
      </trkpt>
      <trkpt lat="34.305407367646694" lon="-117.30711702257395">
        <time>2005-05-19T13:50:16-07:00</time>
      </trkpt>
      <trkpt lat="34.30546201765537" lon="-117.30717544443905">
        <time>2005-05-19T13:50:17-07:00</time>
      </trkpt>
      <trkpt lat="34.30547467432916" lon="-117.30718550272286">
        <time>2005-05-19T13:50:19-07:00</time>
      </trkpt>
      <trkpt lat="34.30554801598191" lon="-117.30723193846643">
        <time>2005-05-19T13:50:22-07:00</time>
      </trkpt>
      <trkpt lat="34.3055849801749" lon="-117.30726135894656">
        <time>2005-05-19T13:50:27-07:00</time>
      </trkpt>
      <trkpt lat="34.305594116449356" lon="-117.30727091431618">
        <time>2005-05-19T13:50:29-07:00</time>
      </trkpt>
      <trkpt lat="34.30563820526004" lon="-117.30734157375991">
        <time>2005-05-19T13:50:33-07:00</time>
      </trkpt>
      <trkpt lat="34.30562596768141" lon="-117.30740728788078">
        <time>2005-05-19T13:50:38-07:00</time>
      </trkpt>
      <trkpt lat="34.30557726882398" lon="-117.30746445246041">
        <time>2005-05-19T13:50:39-07:00</time>
      </trkpt>
      <trkpt lat="34.30552639067173" lon="-117.30752228759229">
        <time>2005-05-19T13:50:45-07:00</time>
      </trkpt>
      <trkpt lat="34.30551851168275" lon="-117.30753452517092">
        <time>2005-05-19T13:50:49-07:00</time>
      </trkpt>
      <trkpt lat="34.30551214143634" lon="-117.30754642747343">
        <time>2005-05-19T13:50:50-07:00</time>
      </trkpt>
      <trkpt lat="34.30548842065036" lon="-117.30758590623736">
        <time>2005-05-19T13:50:56-07:00</time>
      </trkpt>
      <trkpt lat="34.3054829724133" lon="-117.30763644911349">
        <time>2005-05-19T13:51:00-07:00</time>
      </trkpt>
      <trkpt lat="34.30549403652549" lon="-117.30766603723168">
        <time>2005-05-19T13:51:05-07:00</time>
      </trkpt>
      <trkpt lat="34.30551960133016" lon="-117.30770048685372">
        <time>2005-05-19T13:51:10-07:00</time>
      </trkpt>
      <trkpt lat="34.305565198883414" lon="-117.307780534029">
        <time>2005-05-19T13:51:11-07:00</time>
      </trkpt>
      <trkpt lat="34.30557383224368" lon="-117.3077931907028">
        <time>2005-05-19T13:51:12-07:00</time>
      </trkpt>
      <trkpt lat="34.30558397434652" lon="-117.30788631364703">
        <time>2005-05-19T13:51:15-07:00</time>
      </trkpt>
      <trkpt lat="34.305548183619976" lon="-117.3079620860517">
        <time>2005-05-19T13:51:18-07:00</time>
      </trkpt>
      <trkpt lat="34.30548045784235" lon="-117.30798773467541">
        <time>2005-05-19T13:51:20-07:00</time>
      </trkpt>
      <trkpt lat="34.30546226911247" lon="-117.30799016542733">
        <time>2005-05-19T13:51:23-07:00</time>
      </trkpt>
      <trkpt lat="34.30542815476656" lon="-117.30803207494318">
        <time>2005-05-19T13:51:29-07:00</time>
      </trkpt>
      <trkpt lat="34.305431339889765" lon="-117.30804758146405">
        <time>2005-05-19T13:51:30-07:00</time>
      </trkpt>
      <trkpt lat="34.3054417334497" lon="-117.30811413377523">
        <time>2005-05-19T13:51:36-07:00</time>
      </trkpt>
      <trkpt lat="34.30544081144035" lon="-117.30813265778124">
        <time>2005-05-19T13:51:42-07:00</time>
      </trkpt>
      <trkpt lat="34.30548196658492" lon="-117.30824246071279">
        <time>2005-05-19T13:51:47-07:00</time>
      </trkpt>
      <trkpt lat="34.305502250790596" lon="-117.30829861946404">
        <time>2005-05-19T13:51:48-07:00</time>
      </trkpt>
      <trkpt lat="34.30550493299961" lon="-117.30832661502063">
        <time>2005-05-19T13:51:51-07:00</time>
      </trkpt>
      <trkpt lat="34.30550082586706" lon="-117.30840456672013">
        <time>2005-05-19T13:51:52-07:00</time>
      </trkpt>
      <trkpt lat="34.30549755692482" lon="-117.30848461389542">
        <time>2005-05-19T13:51:56-07:00</time>
      </trkpt>
      <trkpt lat="34.30551750585437" lon="-117.3085059877485">
        <time>2005-05-19T13:51:57-07:00</time>
      </trkpt>
      <trkpt lat="34.30552748031914" lon="-117.30851504020393">
        <time>2005-05-19T13:52:04-07:00</time>
      </trkpt>
      <trkpt lat="34.3055590800941" lon="-117.30853423476219">
        <time>2005-05-19T13:52:08-07:00</time>
      </trkpt>
      <trkpt lat="34.30563384667039" lon="-117.30856080539525">
        <time>2005-05-19T13:52:10-07:00</time>
      </trkpt>
      <trkpt lat="34.30570333264768" lon="-117.30856977403164">
        <time>2005-05-19T13:52:15-07:00</time>
      </trkpt>
      <trkpt lat="34.305786564946175" lon="-117.30860866606236">
        <time>2005-05-19T13:52:20-07:00</time>
      </trkpt>
      <trkpt lat="34.305796790868044" lon="-117.30861470103264">
        <time>2005-05-19T13:52:22-07:00</time>
      </trkpt>
      <trkpt lat="34.30584792047739" lon="-117.3086463008076">
        <time>2005-05-19T13:52:23-07:00</time>
      </trkpt>
      <trkpt lat="34.30586879141629" lon="-117.30866398662329">
        <time>2005-05-19T13:52:26-07:00</time>
      </trkpt>
      <trkpt lat="34.305911706760526" lon="-117.30869818478823">
        <time>2005-05-19T13:52:34-07:00</time>
      </trkpt>
      <trkpt lat="34.305946324020624" lon="-117.30873917229474">
        <time>2005-05-19T13:52:40-07:00</time>
      </trkpt>
      <trkpt lat="34.30597113445401" lon="-117.30877085588872">
        <time>2005-05-19T13:52:46-07:00</time>
      </trkpt>
      <trkpt lat="34.30599451996386" lon="-117.30878577567637">
        <time>2005-05-19T13:52:47-07:00</time>
      </trkpt>
      <trkpt lat="34.30601698346436" lon="-117.30881913565099">
        <time>2005-05-19T13:52:52-07:00</time>
      </trkpt>
      <trkpt lat="34.30602787993848" lon="-117.30882911011577">
        <time>2005-05-19T13:52:54-07:00</time>
      </trkpt>
      <trkpt lat="34.30607255548239" lon="-117.30888652615249">
        <time>2005-05-19T13:52:58-07:00</time>
      </trkpt>
      <trkpt lat="34.30609015747905" lon="-117.30890655890107">
        <time>2005-05-19T13:53:02-07:00</time>
      </trkpt>
      <trkpt lat="34.30611127987504" lon="-117.30895291082561">
        <time>2005-05-19T13:53:05-07:00</time>
      </trkpt>
      <trkpt lat="34.30613701231778" lon="-117.30899725109339">
        <time>2005-05-19T13:53:07-07:00</time>
      </trkpt>
      <trkpt lat="34.30615394376218" lon="-117.30902432464063">
        <time>2005-05-19T13:53:10-07:00</time>
      </trkpt>
      <trkpt lat="34.30618688464165" lon="-117.30907855555415">
        <time>2005-05-19T13:53:11-07:00</time>
      </trkpt>
      <trkpt lat="34.30619493126869" lon="-117.30909230187535">
        <time>2005-05-19T13:53:16-07:00</time>
      </trkpt>
      <trkpt lat="34.30623927153647" lon="-117.30916447006166">
        <time>2005-05-19T13:53:18-07:00</time>
      </trkpt>
      <trkpt lat="34.30625444278121" lon="-117.30919330380857">
        <time>2005-05-19T13:53:22-07:00</time>
      </trkpt>
      <trkpt lat="34.306282605975866" lon="-117.30924912728369">
        <time>2005-05-19T13:53:25-07:00</time>
      </trkpt>
      <trkpt lat="34.30629660375416" lon="-117.3093231394887">
        <time>2005-05-19T13:53:27-07:00</time>
      </trkpt>
      <trkpt lat="34.30629048496485" lon="-117.3093572538346">
        <time>2005-05-19T13:53:32-07:00</time>
      </trkpt>
      <trkpt lat="34.30625779554248" lon="-117.30941232293844">
        <time>2005-05-19T13:53:33-07:00</time>
      </trkpt>
      <trkpt lat="34.306209767237306" lon="-117.30946538038552">
        <time>2005-05-19T13:53:39-07:00</time>
      </trkpt>
      <trkpt lat="34.30617925710976" lon="-117.30949840508401">
        <time>2005-05-19T13:53:41-07:00</time>
      </trkpt>
      <trkpt lat="34.306138437241316" lon="-117.30952539481223">
        <time>2005-05-19T13:53:45-07:00</time>
      </trkpt>
      <trkpt lat="34.30612284690142" lon="-117.30952816084027">
        <time>2005-05-19T13:53:50-07:00</time>
      </trkpt>
      <trkpt lat="34.306037183851004" lon="-117.30955112725496">
        <time>2005-05-19T13:53:52-07:00</time>
      </trkpt>
      <trkpt lat="34.30599510669708" lon="-117.30955003760755">
        <time>2005-05-19T13:53:57-07:00</time>
      </trkpt>
      <trkpt lat="34.30597289465368" lon="-117.30955372564495">
        <time>2005-05-19T13:54:02-07:00</time>
      </trkpt>
      <trkpt lat="34.30588899180293" lon="-117.30956353247166">
        <time>2005-05-19T13:54:05-07:00</time>
      </trkpt>
      <trkpt lat="34.30582830682397" lon="-117.30955380946398">
        <time>2005-05-19T13:54:09-07:00</time>
      </trkpt>
      <trkpt lat="34.30578916333616" lon="-117.30957794934511">
        <time>2005-05-19T13:54:10-07:00</time>
      </trkpt>
      <trkpt lat="34.305777763947845" lon="-117.30959194712341">
        <time>2005-05-19T13:54:17-07:00</time>
      </trkpt>
      <trkpt lat="34.305777344852686" lon="-117.3096220381558">
        <time>2005-05-19T13:54:21-07:00</time>
      </trkpt>
      <trkpt lat="34.30578539147973" lon="-117.30965397320688">
        <time>2005-05-19T13:54:23-07:00</time>
      </trkpt>
      <trkpt lat="34.305785140022635" lon="-117.30965372174978">
        <time>2005-05-19T13:54:30-07:00</time>
      </trkpt>
      <trkpt lat="34.3057816196233" lon="-117.30964919552207">
        <time>2005-05-19T13:54:36-07:00</time>
      </trkpt>
      <trkpt lat="34.30579796433449" lon="-117.30966570787132">
        <time>2005-05-19T13:54:40-07:00</time>
      </trkpt>
      <trkpt lat="34.30582059547305" lon="-117.30967031791806">
        <time>2005-05-19T13:54:41-07:00</time>
      </trkpt>
      <trkpt lat="34.305835431441665" lon="-117.30968699790537">
        <time>2005-05-19T13:54:45-07:00</time>
      </trkpt>
      <trkpt lat="34.30586401373148" lon="-117.30971608310938">
        <time>2005-05-19T13:54:53-07:00</time>
      </trkpt>
      <trkpt lat="34.30586401373148" lon="-117.30971608310938">
        <time>2005-05-19T13:54:59-07:00</time>
      </trkpt>
      <trkpt lat="34.30587038397789" lon="-117.3097237944603">
        <time>2005-05-19T13:55:07-07:00</time>
      </trkpt>
      <trkpt lat="34.30587340146303" lon="-117.3097253870219">
        <time>2005-05-19T13:55:10-07:00</time>
      </trkpt>
      <trkpt lat="34.305845238268375" lon="-117.30969537980855">
        <time>2005-05-19T13:55:14-07:00</time>
      </trkpt>
      <trkpt lat="34.30580919608474" lon="-117.30965791270137">
        <time>2005-05-19T13:55:15-07:00</time>
      </trkpt>
      <trkpt lat="34.305793438106775" lon="-117.30966059491038">
        <time>2005-05-19T13:55:21-07:00</time>
      </trkpt>
      <trkpt lat="34.305782625451684" lon="-117.30964676477015">
        <time>2005-05-19T13:55:31-07:00</time>
      </trkpt>
      <trkpt lat="34.305780278518796" lon="-117.3096492793411">
        <time>2005-05-19T13:55:36-07:00</time>
      </trkpt>
      <trkpt lat="34.305780781432986" lon="-117.30965078808367">
        <time>2005-05-19T13:55:48-07:00</time>
      </trkpt>
      <trkpt lat="34.305782625451684" lon="-117.30964676477015">
        <time>2005-05-19T13:55:53-07:00</time>
      </trkpt>
      <trkpt lat="34.30577214807272" lon="-117.30966922827065">
        <time>2005-05-19T13:55:59-07:00</time>
      </trkpt>
      <trkpt lat="34.30577214807272" lon="-117.30966922827065">
        <time>2005-05-19T13:56:04-07:00</time>
      </trkpt>
      <trkpt lat="34.30577214807272" lon="-117.30966922827065">
        <time>2005-05-19T13:56:10-07:00</time>
      </trkpt>
      <trkpt lat="34.30577214807272" lon="-117.30966922827065">
        <time>2005-05-19T13:56:17-07:00</time>
      </trkpt>
      <trkpt lat="34.30577214807272" lon="-117.30966922827065">
        <time>2005-05-19T13:56:24-07:00</time>
      </trkpt>
      <trkpt lat="34.30577214807272" lon="-117.30966922827065">
        <time>2005-05-19T13:56:29-07:00</time>
      </trkpt>
      <trkpt lat="34.30577214807272" lon="-117.30966922827065">
        <time>2005-05-19T13:56:32-07:00</time>
      </trkpt>
      <trkpt lat="34.30577214807272" lon="-117.30966922827065">
        <time>2005-05-19T13:56:38-07:00</time>
      </trkpt>
      <trkpt lat="34.30577214807272" lon="-117.30966922827065">
        <time>2005-05-19T13:56:44-07:00</time>
      </trkpt>
      <trkpt lat="34.30577214807272" lon="-117.30966922827065">
        <time>2005-05-19T13:56:52-07:00</time>
      </trkpt>
      <trkpt lat="34.30577214807272" lon="-117.30966922827065">
        <time>2005-05-19T13:56:55-07:00</time>
      </trkpt>
      <trkpt lat="34.30577214807272" lon="-117.30966922827065">
        <time>2005-05-19T13:57:02-07:00</time>
      </trkpt>
      <trkpt lat="34.30577214807272" lon="-117.30966922827065">
        <time>2005-05-19T13:57:14-07:00</time>
      </trkpt>
      <trkpt lat="34.30577214807272" lon="-117.30966922827065">
        <time>2005-05-19T13:57:16-07:00</time>
      </trkpt>
      <trkpt lat="34.30577214807272" lon="-117.30966922827065">
        <time>2005-05-19T13:57:18-07:00</time>
      </trkpt>
      <trkpt lat="34.30577214807272" lon="-117.30966922827065">
        <time>2005-05-19T13:57:34-07:00</time>
      </trkpt>
      <trkpt lat="34.30577214807272" lon="-117.30966922827065">
        <time>2005-05-19T13:57:45-07:00</time>
      </trkpt>
      <trkpt lat="34.30577214807272" lon="-117.30966922827065">
        <time>2005-05-19T13:57:53-07:00</time>
      </trkpt>
      <trkpt lat="34.30577214807272" lon="-117.30966922827065">
        <time>2005-05-19T13:58:00-07:00</time>
      </trkpt>
      <trkpt lat="34.30577214807272" lon="-117.30966922827065">
        <time>2005-05-19T13:58:09-07:00</time>
      </trkpt>
      <trkpt lat="34.30577214807272" lon="-117.30966922827065">
        <time>2005-05-19T13:58:12-07:00</time>
      </trkpt>
      <trkpt lat="34.30577214807272" lon="-117.30966922827065">
        <time>2005-05-19T13:58:20-07:00</time>
      </trkpt>
      <trkpt lat="34.30577214807272" lon="-117.30966922827065">
        <time>2005-05-19T13:58:25-07:00</time>
      </trkpt>
      <trkpt lat="34.30577214807272" lon="-117.30966922827065">
        <time>2005-05-19T13:58:38-07:00</time>
      </trkpt>
      <trkpt lat="34.30577214807272" lon="-117.30966922827065">
        <time>2005-05-19T13:58:49-07:00</time>
      </trkpt>
      <trkpt lat="34.30577214807272" lon="-117.30966922827065">
        <time>2005-05-19T13:59:02-07:00</time>
      </trkpt>
      <trkpt lat="34.30577214807272" lon="-117.30966922827065">
        <time>2005-05-19T13:59:07-07:00</time>
      </trkpt>
      <trkpt lat="34.30577214807272" lon="-117.30966922827065">
        <time>2005-05-19T13:59:17-07:00</time>
      </trkpt>
      <trkpt lat="34.30577214807272" lon="-117.30966922827065">
        <time>2005-05-19T13:59:28-07:00</time>
      </trkpt>
      <trkpt lat="34.30577214807272" lon="-117.30966922827065">
        <time>2005-05-19T13:59:36-07:00</time>
      </trkpt>
      <trkpt lat="34.30577214807272" lon="-117.30966922827065">
        <time>2005-05-19T13:59:37-07:00</time>
      </trkpt>
      <trkpt lat="34.30577214807272" lon="-117.30966922827065">
        <time>2005-05-19T13:59:38-07:00</time>
      </trkpt>
      <trkpt lat="34.30577214807272" lon="-117.30966922827065">
        <time>2005-05-19T13:59:44-07:00</time>
      </trkpt>
      <trkpt lat="34.30577214807272" lon="-117.30966922827065">
        <time>2005-05-19T13:59:55-07:00</time>
      </trkpt>
      <trkpt lat="34.30577214807272" lon="-117.30966922827065">
        <time>2005-05-19T14:00:02-07:00</time>
      </trkpt>
      <trkpt lat="34.30577214807272" lon="-117.30966922827065">
        <time>2005-05-19T14:00:04-07:00</time>
      </trkpt>
      <trkpt lat="34.30577214807272" lon="-117.30966922827065">
        <time>2005-05-19T14:00:19-07:00</time>
      </trkpt>
      <trkpt lat="34.30577214807272" lon="-117.30966922827065">
        <time>2005-05-19T14:00:22-07:00</time>
      </trkpt>
      <trkpt lat="34.30577214807272" lon="-117.30966922827065">
        <time>2005-05-19T14:00:30-07:00</time>
      </trkpt>
      <trkpt lat="34.30577214807272" lon="-117.30966922827065">
        <time>2005-05-19T14:00:50-07:00</time>
      </trkpt>
      <trkpt lat="34.30577214807272" lon="-117.30966922827065">
        <time>2005-05-19T14:01:12-07:00</time>
      </trkpt>
      <trkpt lat="34.30577214807272" lon="-117.30966922827065">
        <time>2005-05-19T14:01:29-07:00</time>
      </trkpt>
      <trkpt lat="34.30577214807272" lon="-117.30966922827065">
        <time>2005-05-19T14:01:34-07:00</time>
      </trkpt>
      <trkpt lat="34.30577214807272" lon="-117.30966922827065">
        <time>2005-05-19T14:01:41-07:00</time>
      </trkpt>
      <trkpt lat="34.30577214807272" lon="-117.30966922827065">
        <time>2005-05-19T14:01:52-07:00</time>
      </trkpt>
      <trkpt lat="34.30577214807272" lon="-117.30966922827065">
        <time>2005-05-19T14:01:56-07:00</time>
      </trkpt>
      <trkpt lat="34.30577214807272" lon="-117.30966922827065">
        <time>2005-05-19T14:02:11-07:00</time>
      </trkpt>
      <trkpt lat="34.30577214807272" lon="-117.30966922827065">
        <time>2005-05-19T14:02:27-07:00</time>
      </trkpt>
      <trkpt lat="34.30577214807272" lon="-117.30966922827065">
        <time>2005-05-19T14:02:38-07:00</time>
      </trkpt>
      <trkpt lat="34.30577214807272" lon="-117.30966922827065">
        <time>2005-05-19T14:02:57-07:00</time>
      </trkpt>
      <trkpt lat="34.30576887913048" lon="-117.30966998264194">
        <time>2005-05-19T14:03:13-07:00</time>
      </trkpt>
      <trkpt lat="34.30577214807272" lon="-117.30966922827065">
        <time>2005-05-19T14:03:28-07:00</time>
      </trkpt>
      <trkpt lat="34.30577214807272" lon="-117.30966922827065">
        <time>2005-05-19T14:03:41-07:00</time>
      </trkpt>
      <trkpt lat="34.30577214807272" lon="-117.30966922827065">
        <time>2005-05-19T14:03:51-07:00</time>
      </trkpt>
      <trkpt lat="34.30577214807272" lon="-117.30966922827065">
        <time>2005-05-19T14:04:09-07:00</time>
      </trkpt>
      <trkpt lat="34.30577214807272" lon="-117.30966922827065">
        <time>2005-05-19T14:04:28-07:00</time>
      </trkpt>
      <trkpt lat="34.30577214807272" lon="-117.30966922827065">
        <time>2005-05-19T14:04:38-07:00</time>
      </trkpt>
      <trkpt lat="34.30577214807272" lon="-117.30966922827065">
        <time>2005-05-19T14:04:51-07:00</time>
      </trkpt>
      <trkpt lat="34.30577214807272" lon="-117.30966922827065">
        <time>2005-05-19T14:05:00-07:00</time>
      </trkpt>
      <trkpt lat="34.30577214807272" lon="-117.30966922827065">
        <time>2005-05-19T14:05:03-07:00</time>
      </trkpt>
      <trkpt lat="34.30577214807272" lon="-117.30966922827065">
        <time>2005-05-19T14:05:07-07:00</time>
      </trkpt>
      <trkpt lat="34.30577214807272" lon="-117.30966922827065">
        <time>2005-05-19T14:05:10-07:00</time>
      </trkpt>
      <trkpt lat="34.30577214807272" lon="-117.30966922827065">
        <time>2005-05-19T14:05:17-07:00</time>
      </trkpt>
      <trkpt lat="34.30577214807272" lon="-117.30966922827065">
        <time>2005-05-19T14:05:27-07:00</time>
      </trkpt>
      <trkpt lat="34.30577214807272" lon="-117.30966922827065">
        <time>2005-05-19T14:05:33-07:00</time>
      </trkpt>
      <trkpt lat="34.30577214807272" lon="-117.30966922827065">
        <time>2005-05-19T14:05:44-07:00</time>
      </trkpt>
      <trkpt lat="34.30577214807272" lon="-117.30966922827065">
        <time>2005-05-19T14:05:54-07:00</time>
      </trkpt>
      <trkpt lat="34.30577214807272" lon="-117.30966922827065">
        <time>2005-05-19T14:06:06-07:00</time>
      </trkpt>
      <trkpt lat="34.30577214807272" lon="-117.30966922827065">
        <time>2005-05-19T14:06:10-07:00</time>
      </trkpt>
      <trkpt lat="34.30577214807272" lon="-117.30966922827065">
        <time>2005-05-19T14:06:14-07:00</time>
      </trkpt>
      <trkpt lat="34.30577214807272" lon="-117.30966922827065">
        <time>2005-05-19T14:06:27-07:00</time>
      </trkpt>
      <trkpt lat="34.30577214807272" lon="-117.30966922827065">
        <time>2005-05-19T14:06:38-07:00</time>
      </trkpt>
      <trkpt lat="34.30577214807272" lon="-117.30966922827065">
        <time>2005-05-19T14:06:39-07:00</time>
      </trkpt>
      <trkpt lat="34.30577214807272" lon="-117.30966922827065">
        <time>2005-05-19T14:06:50-07:00</time>
      </trkpt>
      <trkpt lat="34.30577214807272" lon="-117.30966922827065">
        <time>2005-05-19T14:06:53-07:00</time>
      </trkpt>
      <trkpt lat="34.305769968777895" lon="-117.30966361239552">
        <time>2005-05-19T14:07:06-07:00</time>
      </trkpt>
      <trkpt lat="34.30577214807272" lon="-117.30966922827065">
        <time>2005-05-19T14:07:16-07:00</time>
      </trkpt>
      <trkpt lat="34.30577214807272" lon="-117.30966922827065">
        <time>2005-05-19T14:07:26-07:00</time>
      </trkpt>
      <trkpt lat="34.30577214807272" lon="-117.30966922827065">
        <time>2005-05-19T14:07:34-07:00</time>
      </trkpt>
      <trkpt lat="34.30577214807272" lon="-117.30966922827065">
        <time>2005-05-19T14:07:39-07:00</time>
      </trkpt>
      <trkpt lat="34.30577214807272" lon="-117.30966922827065">
        <time>2005-05-19T14:07:42-07:00</time>
      </trkpt>
      <trkpt lat="34.30577214807272" lon="-117.30966922827065">
        <time>2005-05-19T14:07:51-07:00</time>
      </trkpt>
      <trkpt lat="34.30577214807272" lon="-117.30966922827065">
        <time>2005-05-19T14:08:01-07:00</time>
      </trkpt>
      <trkpt lat="34.30577214807272" lon="-117.30966922827065">
        <time>2005-05-19T14:08:07-07:00</time>
      </trkpt>
      <trkpt lat="34.30577214807272" lon="-117.30966922827065">
        <time>2005-05-19T14:08:15-07:00</time>
      </trkpt>
      <trkpt lat="34.30577214807272" lon="-117.30966922827065">
        <time>2005-05-19T14:08:26-07:00</time>
      </trkpt>
      <trkpt lat="34.30577214807272" lon="-117.30966922827065">
        <time>2005-05-19T14:08:37-07:00</time>
      </trkpt>
      <trkpt lat="34.30577214807272" lon="-117.30966922827065">
        <time>2005-05-19T14:08:46-07:00</time>
      </trkpt>
      <trkpt lat="34.30576276034117" lon="-117.3096680548042">
        <time>2005-05-19T14:08:58-07:00</time>
      </trkpt>
      <trkpt lat="34.30577214807272" lon="-117.30966922827065">
        <time>2005-05-19T14:09:04-07:00</time>
      </trkpt>
      <trkpt lat="34.30577214807272" lon="-117.30966922827065">
        <time>2005-05-19T14:09:17-07:00</time>
      </trkpt>
      <trkpt lat="34.30577214807272" lon="-117.30966922827065">
        <time>2005-05-19T14:09:30-07:00</time>
      </trkpt>
      <trkpt lat="34.30577214807272" lon="-117.30966922827065">
        <time>2005-05-19T14:09:40-07:00</time>
      </trkpt>
      <trkpt lat="34.30577214807272" lon="-117.30966922827065">
        <time>2005-05-19T14:09:51-07:00</time>
      </trkpt>
      <trkpt lat="34.30577214807272" lon="-117.30966922827065">
        <time>2005-05-19T14:10:05-07:00</time>
      </trkpt>
      <trkpt lat="34.30577214807272" lon="-117.30966922827065">
        <time>2005-05-19T14:10:18-07:00</time>
      </trkpt>
      <trkpt lat="34.30577214807272" lon="-117.30966922827065">
        <time>2005-05-19T14:10:23-07:00</time>
      </trkpt>
      <trkpt lat="34.30577214807272" lon="-117.30966922827065">
        <time>2005-05-19T14:10:31-07:00</time>
      </trkpt>
      <trkpt lat="34.30576820857823" lon="-117.30966822244227">
        <time>2005-05-19T14:10:33-07:00</time>
      </trkpt>
      <trkpt lat="34.30577214807272" lon="-117.30966922827065">
        <time>2005-05-19T14:10:34-07:00</time>
      </trkpt>
      <trkpt lat="34.30577214807272" lon="-117.30966922827065">
        <time>2005-05-19T14:10:50-07:00</time>
      </trkpt>
      <trkpt lat="34.305757312104106" lon="-117.30966621078551">
        <time>2005-05-19T14:10:52-07:00</time>
      </trkpt>
      <trkpt lat="34.305757312104106" lon="-117.30966621078551">
        <time>2005-05-19T14:10:57-07:00</time>
      </trkpt>
      <trkpt lat="34.305757312104106" lon="-117.30966621078551">
        <time>2005-05-19T14:11:02-07:00</time>
      </trkpt>
      <trkpt lat="34.305757312104106" lon="-117.30966621078551">
        <time>2005-05-19T14:11:11-07:00</time>
      </trkpt>
      <trkpt lat="34.305757312104106" lon="-117.30966621078551">
        <time>2005-05-19T14:11:19-07:00</time>
      </trkpt>
      <trkpt lat="34.30575739592314" lon="-117.30967031791806">
        <time>2005-05-19T14:11:21-07:00</time>
      </trkpt>
      <trkpt lat="34.305757731199265" lon="-117.30967082083225">
        <time>2005-05-19T14:11:29-07:00</time>
      </trkpt>
      <trkpt lat="34.305757312104106" lon="-117.30966621078551">
        <time>2005-05-19T14:11:34-07:00</time>
      </trkpt>
      <trkpt lat="34.305757312104106" lon="-117.30966621078551">
        <time>2005-05-19T14:11:35-07:00</time>
      </trkpt>
      <trkpt lat="34.305757312104106" lon="-117.30966621078551">
        <time>2005-05-19T14:11:36-07:00</time>
      </trkpt>
      <trkpt lat="34.305757312104106" lon="-117.30966621078551">
        <time>2005-05-19T14:11:37-07:00</time>
      </trkpt>
      <trkpt lat="34.305757312104106" lon="-117.30966621078551">
        <time>2005-05-19T14:11:47-07:00</time>
      </trkpt>
      <trkpt lat="34.305757312104106" lon="-117.30966621078551">
        <time>2005-05-19T14:11:55-07:00</time>
      </trkpt>
      <trkpt lat="34.305757312104106" lon="-117.30966621078551">
        <time>2005-05-19T14:11:56-07:00</time>
      </trkpt>
      <trkpt lat="34.305757312104106" lon="-117.30966621078551">
        <time>2005-05-19T14:12:05-07:00</time>
      </trkpt>
      <trkpt lat="34.305757312104106" lon="-117.30966621078551">
        <time>2005-05-19T14:12:10-07:00</time>
      </trkpt>
      <trkpt lat="34.305757312104106" lon="-117.30966621078551">
        <time>2005-05-19T14:12:13-07:00</time>
      </trkpt>
      <trkpt lat="34.305757312104106" lon="-117.30966621078551">
        <time>2005-05-19T14:12:26-07:00</time>
      </trkpt>
      <trkpt lat="34.305757312104106" lon="-117.30966621078551">
        <time>2005-05-19T14:12:34-07:00</time>
      </trkpt>
      <trkpt lat="34.305757312104106" lon="-117.30966621078551">
        <time>2005-05-19T14:12:43-07:00</time>
      </trkpt>
      <trkpt lat="34.305757312104106" lon="-117.30966621078551">
        <time>2005-05-19T14:12:46-07:00</time>
      </trkpt>
      <trkpt lat="34.305757312104106" lon="-117.30966621078551">
        <time>2005-05-19T14:12:54-07:00</time>
      </trkpt>
      <trkpt lat="34.305757312104106" lon="-117.30966621078551">
        <time>2005-05-19T14:13:05-07:00</time>
      </trkpt>
      <trkpt lat="34.305757312104106" lon="-117.30966621078551">
        <time>2005-05-19T14:13:15-07:00</time>
      </trkpt>
      <trkpt lat="34.305757312104106" lon="-117.30966621078551">
        <time>2005-05-19T14:13:24-07:00</time>
      </trkpt>
      <trkpt lat="34.30575856938958" lon="-117.30966629460454">
        <time>2005-05-19T14:13:33-07:00</time>
      </trkpt>
      <trkpt lat="34.30575865320861" lon="-117.30967006646097">
        <time>2005-05-19T14:13:42-07:00</time>
      </trkpt>
      <trkpt lat="34.305757312104106" lon="-117.30966621078551">
        <time>2005-05-19T14:13:54-07:00</time>
      </trkpt>
      <trkpt lat="34.305757312104106" lon="-117.30966621078551">
        <time>2005-05-19T14:14:01-07:00</time>
      </trkpt>
      <trkpt lat="34.305757312104106" lon="-117.30966621078551">
        <time>2005-05-19T14:14:10-07:00</time>
      </trkpt>
      <trkpt lat="34.305757312104106" lon="-117.30966621078551">
        <time>2005-05-19T14:14:21-07:00</time>
      </trkpt>
      <trkpt lat="34.305757312104106" lon="-117.30966621078551">
        <time>2005-05-19T14:14:31-07:00</time>
      </trkpt>
      <trkpt lat="34.305757312104106" lon="-117.30966621078551">
        <time>2005-05-19T14:14:40-07:00</time>
      </trkpt>
      <trkpt lat="34.305757312104106" lon="-117.30966621078551">
        <time>2005-05-19T14:14:48-07:00</time>
      </trkpt>
      <trkpt lat="34.30576569400728" lon="-117.30966445058584">
        <time>2005-05-19T14:14:51-07:00</time>
      </trkpt>
      <trkpt lat="34.305757312104106" lon="-117.30966621078551">
        <time>2005-05-19T14:14:52-07:00</time>
      </trkpt>
      <trkpt lat="34.305757312104106" lon="-117.30966621078551">
        <time>2005-05-19T14:14:57-07:00</time>
      </trkpt>
      <trkpt lat="34.305757312104106" lon="-117.30966621078551">
        <time>2005-05-19T14:15:06-07:00</time>
      </trkpt>
      <trkpt lat="34.305757312104106" lon="-117.30966621078551">
        <time>2005-05-19T14:15:19-07:00</time>
      </trkpt>
      <trkpt lat="34.305757312104106" lon="-117.30966621078551">
        <time>2005-05-19T14:15:29-07:00</time>
      </trkpt>
      <trkpt lat="34.305757312104106" lon="-117.30966621078551">
        <time>2005-05-19T14:15:42-07:00</time>
      </trkpt>
      <trkpt lat="34.305757312104106" lon="-117.30966621078551">
        <time>2005-05-19T14:15:53-07:00</time>
      </trkpt>
      <trkpt lat="34.305757312104106" lon="-117.30966621078551">
        <time>2005-05-19T14:16:01-07:00</time>
      </trkpt>
      <trkpt lat="34.305757312104106" lon="-117.30966621078551">
        <time>2005-05-19T14:16:03-07:00</time>
      </trkpt>
      <trkpt lat="34.305757312104106" lon="-117.30966621078551">
        <time>2005-05-19T14:16:06-07:00</time>
      </trkpt>
      <trkpt lat="34.30576384998858" lon="-117.30966612696648">
        <time>2005-05-19T14:16:11-07:00</time>
      </trkpt>
      <trkpt lat="34.30576418526471" lon="-117.30966453440487">
        <time>2005-05-19T14:16:18-07:00</time>
      </trkpt>
      <trkpt lat="34.30576351471245" lon="-117.30966922827065">
        <time>2005-05-19T14:16:23-07:00</time>
      </trkpt>
      <trkpt lat="34.305771393701434" lon="-117.30966243892908">
        <time>2005-05-19T14:16:25-07:00</time>
      </trkpt>
      <trkpt lat="34.305771393701434" lon="-117.30966042727232">
        <time>2005-05-19T14:16:29-07:00</time>
      </trkpt>
      <trkpt lat="34.305771393701434" lon="-117.30966042727232">
        <time>2005-05-19T14:16:36-07:00</time>
      </trkpt>
      <trkpt lat="34.305771393701434" lon="-117.30966042727232">
        <time>2005-05-19T14:16:43-07:00</time>
      </trkpt>
      <trkpt lat="34.305771393701434" lon="-117.30966042727232">
        <time>2005-05-19T14:16:51-07:00</time>
      </trkpt>
      <trkpt lat="34.305771393701434" lon="-117.30966042727232">
        <time>2005-05-19T14:16:59-07:00</time>
      </trkpt>
      <trkpt lat="34.30578111670911" lon="-117.3096476867795">
        <time>2005-05-19T14:17:05-07:00</time>
      </trkpt>
      <trkpt lat="34.30578111670911" lon="-117.3096476867795">
        <time>2005-05-19T14:17:08-07:00</time>
      </trkpt>
      <trkpt lat="34.30578111670911" lon="-117.3096476867795">
        <time>2005-05-19T14:17:11-07:00</time>
      </trkpt>
      <trkpt lat="34.30578111670911" lon="-117.3096476867795">
        <time>2005-05-19T14:17:16-07:00</time>
      </trkpt>
      <trkpt lat="34.30578111670911" lon="-117.3096476867795">
        <time>2005-05-19T14:17:18-07:00</time>
      </trkpt>
      <trkpt lat="34.305782709270716" lon="-117.30963972397149">
        <time>2005-05-19T14:17:32-07:00</time>
      </trkpt>
      <trkpt lat="34.30578111670911" lon="-117.30963310226798">
        <time>2005-05-19T14:17:36-07:00</time>
      </trkpt>
      <trkpt lat="34.30578111670911" lon="-117.3096476867795">
        <time>2005-05-19T14:17:39-07:00</time>
      </trkpt>
      <trkpt lat="34.30577667430043" lon="-117.30962648056448">
        <time>2005-05-19T14:17:49-07:00</time>
      </trkpt>
      <trkpt lat="34.30577617138624" lon="-117.30963259935379">
        <time>2005-05-19T14:17:54-07:00</time>
      </trkpt>
      <trkpt lat="34.30577700957656" lon="-117.3096336890012">
        <time>2005-05-19T14:18:05-07:00</time>
      </trkpt>
      <trkpt lat="34.30577667430043" lon="-117.30962648056448">
        <time>2005-05-19T14:18:10-07:00</time>
      </trkpt>
      <trkpt lat="34.30577667430043" lon="-117.30962648056448">
        <time>2005-05-19T14:18:11-07:00</time>
      </trkpt>
      <trkpt lat="34.30577080696821" lon="-117.30964131653309">
        <time>2005-05-19T14:18:20-07:00</time>
      </trkpt>
      <trkpt lat="34.30577013641596" lon="-117.30964098125696">
        <time>2005-05-19T14:18:26-07:00</time>
      </trkpt>
      <trkpt lat="34.30576686747372" lon="-117.3096389696002">
        <time>2005-05-19T14:18:34-07:00</time>
      </trkpt>
      <trkpt lat="34.30577013641596" lon="-117.30964098125696">
        <time>2005-05-19T14:18:37-07:00</time>
      </trkpt>
      <trkpt lat="34.30577013641596" lon="-117.30964098125696">
        <time>2005-05-19T14:18:48-07:00</time>
      </trkpt>
      <trkpt lat="34.30577013641596" lon="-117.30964098125696">
        <time>2005-05-19T14:18:53-07:00</time>
      </trkpt>
      <trkpt lat="34.30577013641596" lon="-117.30964098125696">
        <time>2005-05-19T14:18:59-07:00</time>
      </trkpt>
      <trkpt lat="34.30576477199793" lon="-117.30964726768434">
        <time>2005-05-19T14:19:07-07:00</time>
      </trkpt>
      <trkpt lat="34.30577013641596" lon="-117.30964098125696">
        <time>2005-05-19T14:19:14-07:00</time>
      </trkpt>
      <trkpt lat="34.30577013641596" lon="-117.30964098125696">
        <time>2005-05-19T14:19:21-07:00</time>
      </trkpt>
      <trkpt lat="34.30578379891813" lon="-117.30963771231472">
        <time>2005-05-19T14:19:28-07:00</time>
      </trkpt>
      <trkpt lat="34.3057853076607" lon="-117.30963813140988">
        <time>2005-05-19T14:19:35-07:00</time>
      </trkpt>
      <trkpt lat="34.3057853076607" lon="-117.30963813140988">
        <time>2005-05-19T14:19:41-07:00</time>
      </trkpt>
      <trkpt lat="34.3057853076607" lon="-117.30963813140988">
        <time>2005-05-19T14:19:51-07:00</time>
      </trkpt>
      <trkpt lat="34.3057853076607" lon="-117.30963813140988">
        <time>2005-05-19T14:19:58-07:00</time>
      </trkpt>
      <trkpt lat="34.3057853076607" lon="-117.30963813140988">
        <time>2005-05-19T14:20:02-07:00</time>
      </trkpt>
      <trkpt lat="34.3057853076607" lon="-117.30963813140988">
        <time>2005-05-19T14:20:04-07:00</time>
      </trkpt>
      <trkpt lat="34.3057853076607" lon="-117.30963813140988">
        <time>2005-05-19T14:20:05-07:00</time>
      </trkpt>
      <trkpt lat="34.30578631348908" lon="-117.30964316055179">
        <time>2005-05-19T14:20:06-07:00</time>
      </trkpt>
      <trkpt lat="34.30578631348908" lon="-117.30964316055179">
        <time>2005-05-19T14:20:07-07:00</time>
      </trkpt>
      <trkpt lat="34.305788995698094" lon="-117.30964324437082">
        <time>2005-05-19T14:20:08-07:00</time>
      </trkpt>
      <trkpt lat="34.30580282583833" lon="-117.30965447612107">
        <time>2005-05-19T14:20:11-07:00</time>
      </trkpt>
      <trkpt lat="34.30585077032447" lon="-117.30970334261656">
        <time>2005-05-19T14:20:12-07:00</time>
      </trkpt>
      <trkpt lat="34.305859319865704" lon="-117.30971046723425">
        <time>2005-05-19T14:20:18-07:00</time>
      </trkpt>
      <trkpt lat="34.305892679840326" lon="-117.3097306676209">
        <time>2005-05-19T14:20:25-07:00</time>
      </trkpt>
      <trkpt lat="34.305928302928805" lon="-117.30973687022924">
        <time>2005-05-19T14:20:39-07:00</time>
      </trkpt>
      <trkpt lat="34.30593777447939" lon="-117.30974013917148">
        <time>2005-05-19T14:20:49-07:00</time>
      </trkpt>
      <trkpt lat="34.305948838591576" lon="-117.30974173173308">
        <time>2005-05-19T14:20:58-07:00</time>
      </trkpt>
      <trkpt lat="34.30596208199859" lon="-117.30974458158016">
        <time>2005-05-19T14:21:04-07:00</time>
      </trkpt>
      <trkpt lat="34.30600021965802" lon="-117.30975774116814">
        <time>2005-05-19T14:21:05-07:00</time>
      </trkpt>
      <trkpt lat="34.30603894405067" lon="-117.30979152023792">
        <time>2005-05-19T14:21:08-07:00</time>
      </trkpt>
      <trkpt lat="34.30607758462429" lon="-117.30981079861522">
        <time>2005-05-19T14:21:11-07:00</time>
      </trkpt>
      <trkpt lat="34.306148663163185" lon="-117.30984608642757">
        <time>2005-05-19T14:21:12-07:00</time>
      </trkpt>
      <trkpt lat="34.30620037950575" lon="-117.30986461043358">
        <time>2005-05-19T14:21:13-07:00</time>
      </trkpt>
      <trkpt lat="34.30623189546168" lon="-117.30987332761288">
        <time>2005-05-19T14:21:14-07:00</time>
      </trkpt>
      <trkpt lat="34.306281097233295" lon="-117.3098807875067">
        <time>2005-05-19T14:21:17-07:00</time>
      </trkpt>
      <trkpt lat="34.30631068535149" lon="-117.30988782830536">
        <time>2005-05-19T14:21:21-07:00</time>
      </trkpt>
      <trkpt lat="34.306366089731455" lon="-117.30991976335645">
        <time>2005-05-19T14:21:24-07:00</time>
      </trkpt>
      <trkpt lat="34.30637623183429" lon="-117.30992990545928">
        <time>2005-05-19T14:21:30-07:00</time>
      </trkpt>
      <trkpt lat="34.306415962055326" lon="-117.30999134480953">
        <time>2005-05-19T14:21:34-07:00</time>
      </trkpt>
      <trkpt lat="34.30643507279456" lon="-117.31000416912138">
        <time>2005-05-19T14:21:36-07:00</time>
      </trkpt>
      <trkpt lat="34.306471198797226" lon="-117.31002990156412">
        <time>2005-05-19T14:21:40-07:00</time>
      </trkpt>
      <trkpt lat="34.306525932624936" lon="-117.31008195318282">
        <time>2005-05-19T14:21:42-07:00</time>
      </trkpt>
      <trkpt lat="34.30654479190707" lon="-117.31010986492038">
        <time>2005-05-19T14:21:46-07:00</time>
      </trkpt>
      <trkpt lat="34.306565914303064" lon="-117.31016191653907">
        <time>2005-05-19T14:21:47-07:00</time>
      </trkpt>
      <trkpt lat="34.306582091376185" lon="-117.31020340695977">
        <time>2005-05-19T14:21:52-07:00</time>
      </trkpt>
      <trkpt lat="34.306580666452646" lon="-117.31024540029466">
        <time>2005-05-19T14:21:54-07:00</time>
      </trkpt>
      <trkpt lat="34.306578654795885" lon="-117.31028772890568">
        <time>2005-05-19T14:21:58-07:00</time>
      </trkpt>
      <trkpt lat="34.30657530203462" lon="-117.31036224402487">
        <time>2005-05-19T14:22:03-07:00</time>
      </trkpt>
      <trkpt lat="34.306580079719424" lon="-117.31037884019315">
        <time>2005-05-19T14:22:05-07:00</time>
      </trkpt>
      <trkpt lat="34.3066122662276" lon="-117.31042133644223">
        <time>2005-05-19T14:22:09-07:00</time>
      </trkpt>
      <trkpt lat="34.30662224069238" lon="-117.31042527593672">
        <time>2005-05-19T14:22:12-07:00</time>
      </trkpt>
      <trkpt lat="34.306675465777516" lon="-117.31046693399549">
        <time>2005-05-19T14:22:15-07:00</time>
      </trkpt>
      <trkpt lat="34.306716453284025" lon="-117.31051806360483">
        <time>2005-05-19T14:22:18-07:00</time>
      </trkpt>
      <trkpt lat="34.306750735268" lon="-117.31055427342653">
        <time>2005-05-19T14:22:23-07:00</time>
      </trkpt>
      <trkpt lat="34.30678753182292" lon="-117.31057589873672">
        <time>2005-05-19T14:22:24-07:00</time>
      </trkpt>
      <trkpt lat="34.30680429562926" lon="-117.31058662757277">
        <time>2005-05-19T14:22:28-07:00</time>
      </trkpt>
      <trkpt lat="34.30685701780021" lon="-117.31061629951">
        <time>2005-05-19T14:22:29-07:00</time>
      </trkpt>
      <trkpt lat="34.30688191205263" lon="-117.3106649145484">
        <time>2005-05-19T14:22:34-07:00</time>
      </trkpt>
      <trkpt lat="34.30688568390906" lon="-117.31068142689764">
        <time>2005-05-19T14:22:38-07:00</time>
      </trkpt>
      <trkpt lat="34.30691133253276" lon="-117.31071788817644">
        <time>2005-05-19T14:22:41-07:00</time>
      </trkpt>
      <trkpt lat="34.306937819346786" lon="-117.31072937138379">
        <time>2005-05-19T14:22:44-07:00</time>
      </trkpt>
      <trkpt lat="34.30695089511573" lon="-117.31072953902185">
        <time>2005-05-19T14:22:46-07:00</time>
      </trkpt>
      <trkpt lat="34.306968078017235" lon="-117.31071746908128">
        <time>2005-05-19T14:22:50-07:00</time>
      </trkpt>
      <trkpt lat="34.307010658085346" lon="-117.31071151793003">
        <time>2005-05-19T14:22:54-07:00</time>
      </trkpt>
      <trkpt lat="34.30704904720187" lon="-117.31071126647294">
        <time>2005-05-19T14:22:55-07:00</time>
      </trkpt>
      <trkpt lat="34.307059440761805" lon="-117.3107082489878">
        <time>2005-05-19T14:22:58-07:00</time>
      </trkpt>
      <trkpt lat="34.307125490158796" lon="-117.31073481962085">
        <time>2005-05-19T14:23:00-07:00</time>
      </trkpt>
      <trkpt lat="34.30715206079185" lon="-117.31075275689363">
        <time>2005-05-19T14:23:01-07:00</time>
      </trkpt>
      <trkpt lat="34.30720813572407" lon="-117.31079181656241">
        <time>2005-05-19T14:23:02-07:00</time>
      </trkpt>
      <trkpt lat="34.307230515405536" lon="-117.31081604026258">
        <time>2005-05-19T14:23:05-07:00</time>
      </trkpt>
      <trkpt lat="34.30727628059685" lon="-117.31087312102318">
        <time>2005-05-19T14:23:08-07:00</time>
      </trkpt>
      <trkpt lat="34.307296900078654" lon="-117.31090824119747">
        <time>2005-05-19T14:23:09-07:00</time>
      </trkpt>
      <trkpt lat="34.307341827079654" lon="-117.31100102886558">
        <time>2005-05-19T14:23:14-07:00</time>
      </trkpt>
      <trkpt lat="34.30738993920386" lon="-117.3110830038786">
        <time>2005-05-19T14:23:16-07:00</time>
      </trkpt>
      <trkpt lat="34.30739689618349" lon="-117.31109876185656">
        <time>2005-05-19T14:23:20-07:00</time>
      </trkpt>
      <trkpt lat="34.30741743184626" lon="-117.31116254813969">
        <time>2005-05-19T14:23:22-07:00</time>
      </trkpt>
      <trkpt lat="34.307420114055276" lon="-117.31121317483485">
        <time>2005-05-19T14:23:27-07:00</time>
      </trkpt>
      <trkpt lat="34.3074360396713" lon="-117.31126924976707">
        <time>2005-05-19T14:23:30-07:00</time>
      </trkpt>
      <trkpt lat="34.30745439603925" lon="-117.31132356449962">
        <time>2005-05-19T14:23:37-07:00</time>
      </trkpt>
      <trkpt lat="34.30747451260686" lon="-117.31134259141982">
        <time>2005-05-19T14:23:43-07:00</time>
      </trkpt>
      <trkpt lat="34.30751860141754" lon="-117.31138198636472">
        <time>2005-05-19T14:23:44-07:00</time>
      </trkpt>
      <trkpt lat="34.307544669136405" lon="-117.31140880845487">
        <time>2005-05-19T14:23:49-07:00</time>
      </trkpt>
      <trkpt lat="34.30754986591637" lon="-117.31142029166222">
        <time>2005-05-19T14:23:52-07:00</time>
      </trkpt>
      <trkpt lat="34.307594960555434" lon="-117.31147209182382">
        <time>2005-05-19T14:23:55-07:00</time>
      </trkpt>
      <trkpt lat="34.30761583149433" lon="-117.31148483231664">
        <time>2005-05-19T14:23:59-07:00</time>
      </trkpt>
      <trkpt lat="34.30764717981219" lon="-117.31150838546455">
        <time>2005-05-19T14:24:01-07:00</time>
      </trkpt>
      <trkpt lat="34.307697555050254" lon="-117.31156186200678">
        <time>2005-05-19T14:24:05-07:00</time>
      </trkpt>
      <trkpt lat="34.30771146900952" lon="-117.31157770380378">
        <time>2005-05-19T14:24:08-07:00</time>
      </trkpt>
      <trkpt lat="34.30773586034775" lon="-117.31160343624651">
        <time>2005-05-19T14:24:09-07:00</time>
      </trkpt>
      <trkpt lat="34.30775756947696" lon="-117.31164492666721">
        <time>2005-05-19T14:24:14-07:00</time>
      </trkpt>
      <trkpt lat="34.30778288282454" lon="-117.31170376762748">
        <time>2005-05-19T14:24:16-07:00</time>
      </trkpt>
      <trkpt lat="34.307789001613855" lon="-117.31171902269125">
        <time>2005-05-19T14:24:20-07:00</time>
      </trkpt>
      <trkpt lat="34.307804089039564" lon="-117.311781803146">
        <time>2005-05-19T14:24:25-07:00</time>
      </trkpt>
      <trkpt lat="34.307808950543404" lon="-117.31179831549525">
        <time>2005-05-19T14:24:27-07:00</time>
      </trkpt>
      <trkpt lat="34.307825127616525" lon="-117.31190920807421">
        <time>2005-05-19T14:24:30-07:00</time>
      </trkpt>
      <trkpt lat="34.30781741626561" lon="-117.31192287057638">
        <time>2005-05-19T14:24:34-07:00</time>
      </trkpt>
      <trkpt lat="34.30777072906494" lon="-117.31194701045752">
        <time>2005-05-19T14:24:38-07:00</time>
      </trkpt>
      <trkpt lat="34.30770962499082" lon="-117.31197148561478">
        <time>2005-05-19T14:24:39-07:00</time>
      </trkpt>
      <trkpt lat="34.30769789032638" lon="-117.31198162771761">
        <time>2005-05-19T14:24:44-07:00</time>
      </trkpt>
      <trkpt lat="34.307651706039906" lon="-117.31202077120543">
        <time>2005-05-19T14:24:45-07:00</time>
      </trkpt>
      <trkpt lat="34.30761247873306" lon="-117.31204834766686">
        <time>2005-05-19T14:24:53-07:00</time>
      </trkpt>
      <trkpt lat="34.30758691392839" lon="-117.3120632674545">
        <time>2005-05-19T14:24:54-07:00</time>
      </trkpt>
      <trkpt lat="34.30754768662155" lon="-117.3120809532702">
        <time>2005-05-19T14:24:58-07:00</time>
      </trkpt>
      <trkpt lat="34.30753368884325" lon="-117.31209226883948">
        <time>2005-05-19T14:25:03-07:00</time>
      </trkpt>
      <trkpt lat="34.30747878737748" lon="-117.31212797574699">
        <time>2005-05-19T14:25:04-07:00</time>
      </trkpt>
      <trkpt lat="34.30743847042322" lon="-117.31215010397136">
        <time>2005-05-19T14:25:09-07:00</time>
      </trkpt>
      <trkpt lat="34.30743838660419" lon="-117.3121499363333">
        <time>2005-05-19T14:25:13-07:00</time>
      </trkpt>
      <trkpt lat="34.307410726323724" lon="-117.31216116808355">
        <time>2005-05-19T14:25:16-07:00</time>
      </trkpt>
      <trkpt lat="34.30734895169735" lon="-117.31216326355934">
        <time>2005-05-19T14:25:20-07:00</time>
      </trkpt>
      <trkpt lat="34.30732808075845" lon="-117.3121687117964">
        <time>2005-05-19T14:25:23-07:00</time>
      </trkpt>
      <trkpt lat="34.30727133527398" lon="-117.31219695881009">
        <time>2005-05-19T14:25:28-07:00</time>
      </trkpt>
      <trkpt lat="34.30724577046931" lon="-117.3122088611126">
        <time>2005-05-19T14:25:35-07:00</time>
      </trkpt>
      <trkpt lat="34.30720143020153" lon="-117.31221699155867">
        <time>2005-05-19T14:25:36-07:00</time>
      </trkpt>
      <trkpt lat="34.30717661976814" lon="-117.31221741065383">
        <time>2005-05-19T14:25:43-07:00</time>
      </trkpt>
      <trkpt lat="34.307114174589515" lon="-117.31222981587052">
        <time>2005-05-19T14:25:48-07:00</time>
      </trkpt>
      <trkpt lat="34.307076539844275" lon="-117.31224381364882">
        <time>2005-05-19T14:25:50-07:00</time>
      </trkpt>
      <trkpt lat="34.30702993646264" lon="-117.31227030046284">
        <time>2005-05-19T14:25:55-07:00</time>
      </trkpt>
      <trkpt lat="34.306999426335096" lon="-117.31228983029723">
        <time>2005-05-19T14:25:57-07:00</time>
      </trkpt>
      <trkpt lat="34.30696841329336" lon="-117.3123153951019">
        <time>2005-05-19T14:26:01-07:00</time>
      </trkpt>
      <trkpt lat="34.30689666420221" lon="-117.31234774924815">
        <time>2005-05-19T14:26:03-07:00</time>
      </trkpt>
      <trkpt lat="34.30684503167868" lon="-117.31237096711993">
        <time>2005-05-19T14:26:08-07:00</time>
      </trkpt>
      <trkpt lat="34.306832794100046" lon="-117.31237415224314">
        <time>2005-05-19T14:26:11-07:00</time>
      </trkpt>
      <trkpt lat="34.30676850490272" lon="-117.31240013614297">
        <time>2005-05-19T14:26:15-07:00</time>
      </trkpt>
      <trkpt lat="34.30668091401458" lon="-117.31241379864514">
        <time>2005-05-19T14:26:18-07:00</time>
      </trkpt>
      <trkpt lat="34.30664151906967" lon="-117.31243240647018">
        <time>2005-05-19T14:26:21-07:00</time>
      </trkpt>
      <trkpt lat="34.30661737918854" lon="-117.31246643699706">
        <time>2005-05-19T14:26:27-07:00</time>
      </trkpt>
      <trkpt lat="34.30654797703028" lon="-117.31253391131759">
        <time>2005-05-19T14:26:33-07:00</time>
      </trkpt>
      <trkpt lat="34.30653037503362" lon="-117.31255360879004">
        <time>2005-05-19T14:26:34-07:00</time>
      </trkpt>
      <trkpt lat="34.306531213223934" lon="-117.31258286163211">
        <time>2005-05-19T14:26:40-07:00</time>
      </trkpt>
      <trkpt lat="34.30654026567936" lon="-117.312624854967">
        <time>2005-05-19T14:26:47-07:00</time>
      </trkpt>
      <trkpt lat="34.306549401953816" lon="-117.31267598457634">
        <time>2005-05-19T14:26:51-07:00</time>
      </trkpt>
      <trkpt lat="34.306567423045635" lon="-117.31275536119938">
        <time>2005-05-19T14:26:54-07:00</time>
      </trkpt>
      <trkpt lat="34.306574715301394" lon="-117.31277086772025">
        <time>2005-05-19T14:27:01-07:00</time>
      </trkpt>
      <trkpt lat="34.306592401117086" lon="-117.31285259127617">
        <time>2005-05-19T14:27:04-07:00</time>
      </trkpt>
      <trkpt lat="34.30660773999989" lon="-117.31292358599603">
        <time>2005-05-19T14:27:06-07:00</time>
      </trkpt>
      <trkpt lat="34.306634897366166" lon="-117.31297387741506">
        <time>2005-05-19T14:27:09-07:00</time>
      </trkpt>
      <trkpt lat="34.30665015242994" lon="-117.31300044804811">
        <time>2005-05-19T14:27:13-07:00</time>
      </trkpt>
      <trkpt lat="34.30668250657618" lon="-117.31308678165078">
        <time>2005-05-19T14:27:19-07:00</time>
      </trkpt>
      <trkpt lat="34.30669072084129" lon="-117.31311159208417">
        <time>2005-05-19T14:27:20-07:00</time>
      </trkpt>
      <trkpt lat="34.3067193031311" lon="-117.31316481716931">
        <time>2005-05-19T14:27:26-07:00</time>
      </trkpt>
      <trkpt lat="34.30673967115581" lon="-117.31323581188917">
        <time>2005-05-19T14:27:32-07:00</time>
      </trkpt>
      <trkpt lat="34.306784346699715" lon="-117.31333002448082">
        <time>2005-05-19T14:27:36-07:00</time>
      </trkpt>
      <trkpt lat="34.30681452155113" lon="-117.31340479105711">
        <time>2005-05-19T14:27:38-07:00</time>
      </trkpt>
      <trkpt lat="34.30682558566332" lon="-117.31344988569617">
        <time>2005-05-19T14:27:44-07:00</time>
      </trkpt>
      <trkpt lat="34.306834219023585" lon="-117.31347360648215">
        <time>2005-05-19T14:27:46-07:00</time>
      </trkpt>
      <trkpt lat="34.30686070583761" lon="-117.31354543939233">
        <time>2005-05-19T14:27:50-07:00</time>
      </trkpt>
      <trkpt lat="34.30685886181891" lon="-117.31354250572622">
        <time>2005-05-19T14:27:56-07:00</time>
      </trkpt>
      <trkpt lat="34.30685902945697" lon="-117.31354275718331">
        <time>2005-05-19T14:28:03-07:00</time>
      </trkpt>
      <trkpt lat="34.30685894563794" lon="-117.31354300864041">
        <time>2005-05-19T14:28:09-07:00</time>
      </trkpt>
      <trkpt lat="34.30687109939754" lon="-117.31356429867446">
        <time>2005-05-19T14:28:14-07:00</time>
      </trkpt>
      <trkpt lat="34.30688610300422" lon="-117.31361484155059">
        <time>2005-05-19T14:28:15-07:00</time>
      </trkpt>
      <trkpt lat="34.30690823122859" lon="-117.31365147046745">
        <time>2005-05-19T14:28:22-07:00</time>
      </trkpt>
      <trkpt lat="34.306920636445284" lon="-117.31366731226444">
        <time>2005-05-19T14:28:30-07:00</time>
      </trkpt>
      <trkpt lat="34.30694863200188" lon="-117.31370804831386">
        <time>2005-05-19T14:28:36-07:00</time>
      </trkpt>
      <trkpt lat="34.30697310715914" lon="-117.31376110576093">
        <time>2005-05-19T14:28:41-07:00</time>
      </trkpt>
      <trkpt lat="34.3069769628346" lon="-117.31377082876861">
        <time>2005-05-19T14:28:49-07:00</time>
      </trkpt>
      <trkpt lat="34.30700688622892" lon="-117.3138109780848">
        <time>2005-05-19T14:28:55-07:00</time>
      </trkpt>
      <trkpt lat="34.30701325647533" lon="-117.31381709687412">
        <time>2005-05-19T14:29:00-07:00</time>
      </trkpt>
      <trkpt lat="34.30705684237182" lon="-117.31387224979699">
        <time>2005-05-19T14:29:02-07:00</time>
      </trkpt>
      <trkpt lat="34.30706405080855" lon="-117.3138786200434">
        <time>2005-05-19T14:29:07-07:00</time>
      </trkpt>
      <trkpt lat="34.30709866806865" lon="-117.31391809880733">
        <time>2005-05-19T14:29:13-07:00</time>
      </trkpt>
      <trkpt lat="34.307113168761134" lon="-117.31393402442336">
        <time>2005-05-19T14:29:14-07:00</time>
      </trkpt>
      <trkpt lat="34.30713848210871" lon="-117.31395740993321">
        <time>2005-05-19T14:29:19-07:00</time>
      </trkpt>
      <trkpt lat="34.30718827061355" lon="-117.31400275602937">
        <time>2005-05-19T14:29:20-07:00</time>
      </trkpt>
      <trkpt lat="34.30719749070704" lon="-117.31400979682803">
        <time>2005-05-19T14:29:27-07:00</time>
      </trkpt>
      <trkpt lat="34.30724526755512" lon="-117.31406511738896">
        <time>2005-05-19T14:29:28-07:00</time>
      </trkpt>
      <trkpt lat="34.30730947293341" lon="-117.31412647292018">
        <time>2005-05-19T14:29:33-07:00</time>
      </trkpt>
      <trkpt lat="34.30732078850269" lon="-117.31413594447076">
        <time>2005-05-19T14:29:35-07:00</time>
      </trkpt>
      <trkpt lat="34.30735792033374" lon="-117.31417290866375">
        <time>2005-05-19T14:29:39-07:00</time>
      </trkpt>
      <trkpt lat="34.30740863084793" lon="-117.31421959586442">
        <time>2005-05-19T14:29:45-07:00</time>
      </trkpt>
      <trkpt lat="34.30745414458215" lon="-117.31426360085607">
        <time>2005-05-19T14:29:46-07:00</time>
      </trkpt>
      <trkpt lat="34.307504100725055" lon="-117.31430944986641">
        <time>2005-05-19T14:29:52-07:00</time>
      </trkpt>
      <trkpt lat="34.307553889229894" lon="-117.31436435133219">
        <time>2005-05-19T14:29:58-07:00</time>
      </trkpt>
      <trkpt lat="34.307600911706686" lon="-117.31443400494754">
        <time>2005-05-19T14:29:59-07:00</time>
      </trkpt>
      <trkpt lat="34.30762697942555" lon="-117.31448287144303">
        <time>2005-05-19T14:30:03-07:00</time>
      </trkpt>
      <trkpt lat="34.30766561999917" lon="-117.31455118395388">
        <time>2005-05-19T14:30:08-07:00</time>
      </trkpt>
      <trkpt lat="34.30770074017346" lon="-117.31465830467641">
        <time>2005-05-19T14:30:13-07:00</time>
      </trkpt>
      <trkpt lat="34.30771968327463" lon="-117.31473089195788">
        <time>2005-05-19T14:30:19-07:00</time>
      </trkpt>
      <trkpt lat="34.307751785963774" lon="-117.31481462717056">
        <time>2005-05-19T14:30:24-07:00</time>
      </trkpt>
      <trkpt lat="34.30778522975743" lon="-117.31492686085403">
        <time>2005-05-19T14:30:30-07:00</time>
      </trkpt>
      <trkpt lat="34.307820266112685" lon="-117.315006069839">
        <time>2005-05-19T14:30:34-07:00</time>
      </trkpt>
      <trkpt lat="34.30784985423088" lon="-117.31508175842464">
        <time>2005-05-19T14:30:39-07:00</time>
      </trkpt>
      <trkpt lat="34.30785706266761" lon="-117.3150943312794">
        <time>2005-05-19T14:30:46-07:00</time>
      </trkpt>
      <trkpt lat="34.30790349841118" lon="-117.3151633143425">
        <time>2005-05-19T14:30:52-07:00</time>
      </trkpt>
      <trkpt lat="34.30795093998313" lon="-117.31521184556186">
        <time>2005-05-19T14:30:58-07:00</time>
      </trkpt>
      <trkpt lat="34.30803115479648" lon="-117.31524612754583">
        <time>2005-05-19T14:31:06-07:00</time>
      </trkpt>
      <trkpt lat="34.30810240097344" lon="-117.31527806259692">
        <time>2005-05-19T14:31:12-07:00</time>
      </trkpt>
      <trkpt lat="34.30817389860749" lon="-117.31531645171344">
        <time>2005-05-19T14:31:18-07:00</time>
      </trkpt>
      <trkpt lat="34.30824254639447" lon="-117.31533547863364">
        <time>2005-05-19T14:31:19-07:00</time>
      </trkpt>
      <trkpt lat="34.30827431380749" lon="-117.31534218415618">
        <time>2005-05-19T14:31:25-07:00</time>
      </trkpt>
      <trkpt lat="34.308363078162074" lon="-117.31537311337888">
        <time>2005-05-19T14:31:31-07:00</time>
      </trkpt>
      <trkpt lat="34.30845569819212" lon="-117.31538074091077">
        <time>2005-05-19T14:31:37-07:00</time>
      </trkpt>
      <trkpt lat="34.308513533324" lon="-117.31537453830242">
        <time>2005-05-19T14:31:44-07:00</time>
      </trkpt>
      <trkpt lat="34.30856080725789" lon="-117.31537043116987">
        <time>2005-05-19T14:31:50-07:00</time>
      </trkpt>
      <trkpt lat="34.3085914850235" lon="-117.31542189605534">
        <time>2005-05-19T14:31:55-07:00</time>
      </trkpt>
      <trkpt lat="34.308626018464565" lon="-117.31551644392312">
        <time>2005-05-19T14:31:58-07:00</time>
      </trkpt>
      <trkpt lat="34.30863657966256" lon="-117.31560621410608">
        <time>2005-05-19T14:32:06-07:00</time>
      </trkpt>
      <trkpt lat="34.30864093825221" lon="-117.31562272645533">
        <time>2005-05-19T14:32:13-07:00</time>
      </trkpt>
      <trkpt lat="34.30866499431431" lon="-117.31568525545299">
        <time>2005-05-19T14:32:19-07:00</time>
      </trkpt>
      <trkpt lat="34.30866926908493" lon="-117.31571350246668">
        <time>2005-05-19T14:32:25-07:00</time>
      </trkpt>
      <trkpt lat="34.308687541633844" lon="-117.31580545194447">
        <time>2005-05-19T14:32:29-07:00</time>
      </trkpt>
      <trkpt lat="34.3087003659457" lon="-117.31590519659221">
        <time>2005-05-19T14:32:36-07:00</time>
      </trkpt>
      <trkpt lat="34.308717800304294" lon="-117.3160010855645">
        <time>2005-05-19T14:32:42-07:00</time>
      </trkpt>
      <trkpt lat="34.308737833052874" lon="-117.31613293290138">
        <time>2005-05-19T14:32:43-07:00</time>
      </trkpt>
      <trkpt lat="34.30875518359244" lon="-117.31619856320322">
        <time>2005-05-19T14:32:47-07:00</time>
      </trkpt>
      <trkpt lat="34.30876339785755" lon="-117.31622027233243">
        <time>2005-05-19T14:32:49-07:00</time>
      </trkpt>
      <trkpt lat="34.30878276005387" lon="-117.3162767663598">
        <time>2005-05-19T14:32:55-07:00</time>
      </trkpt>
      <trkpt lat="34.308824334293604" lon="-117.31636016629636">
        <time>2005-05-19T14:33:02-07:00</time>
      </trkpt>
      <trkpt lat="34.30889775976539" lon="-117.3164062667638">
        <time>2005-05-19T14:33:09-07:00</time>
      </trkpt>
      <trkpt lat="34.308923156931996" lon="-117.31648002751172">
        <time>2005-05-19T14:33:17-07:00</time>
      </trkpt>
      <trkpt lat="34.30893883109093" lon="-117.31656887568533">
        <time>2005-05-19T14:33:22-07:00</time>
      </trkpt>
      <trkpt lat="34.30895375087857" lon="-117.31664758175611">
        <time>2005-05-19T14:33:24-07:00</time>
      </trkpt>
      <trkpt lat="34.30895551107824" lon="-117.3166623339057">
        <time>2005-05-19T14:33:28-07:00</time>
      </trkpt>
      <trkpt lat="34.308977387845516" lon="-117.31678194366395">
        <time>2005-05-19T14:33:35-07:00</time>
      </trkpt>
      <trkpt lat="34.30898979306221" lon="-117.31687716208398">
        <time>2005-05-19T14:33:41-07:00</time>
      </trkpt>
      <trkpt lat="34.30900647304952" lon="-117.31696517206728">
        <time>2005-05-19T14:33:47-07:00</time>
      </trkpt>
      <trkpt lat="34.3090180400759" lon="-117.31705209240317">
        <time>2005-05-19T14:33:55-07:00</time>
      </trkpt>
      <trkpt lat="34.309038827195764" lon="-117.31716382317245">
        <time>2005-05-19T14:34:01-07:00</time>
      </trkpt>
      <trkpt lat="34.309046287089586" lon="-117.31719315983355">
        <time>2005-05-19T14:34:02-07:00</time>
      </trkpt>
      <trkpt lat="34.309046287089586" lon="-117.31719315983355">
        <time>2005-05-19T14:34:11-07:00</time>
      </trkpt>
      <trkpt lat="34.309046287089586" lon="-117.31719315983355">
        <time>2005-05-19T14:34:18-07:00</time>
      </trkpt>
      <trkpt lat="34.309046287089586" lon="-117.31719315983355">
        <time>2005-05-19T14:34:23-07:00</time>
      </trkpt>
      <trkpt lat="34.309045700356364" lon="-117.31719709932804">
        <time>2005-05-19T14:34:30-07:00</time>
      </trkpt>
      <trkpt lat="34.3090508133173" lon="-117.31721503660083">
        <time>2005-05-19T14:34:37-07:00</time>
      </trkpt>
      <trkpt lat="34.30907092988491" lon="-117.31730329804122">
        <time>2005-05-19T14:34:44-07:00</time>
      </trkpt>
      <trkpt lat="34.30908157490194" lon="-117.31738016009331">
        <time>2005-05-19T14:34:48-07:00</time>
      </trkpt>
      <trkpt lat="34.309093141928315" lon="-117.31745584867895">
        <time>2005-05-19T14:34:55-07:00</time>
      </trkpt>
      <trkpt lat="34.309095153585076" lon="-117.31747487559915">
        <time>2005-05-19T14:35:01-07:00</time>
      </trkpt>
      <trkpt lat="34.30910814553499" lon="-117.31756263412535">
        <time>2005-05-19T14:35:04-07:00</time>
      </trkpt>
      <trkpt lat="34.309126334264874" lon="-117.31766439042985">
        <time>2005-05-19T14:35:17-07:00</time>
      </trkpt>
      <trkpt lat="34.30913982912898" lon="-117.31775776483119">
        <time>2005-05-19T14:35:24-07:00</time>
      </trkpt>
      <trkpt lat="34.30916178971529" lon="-117.31786287389696">
        <time>2005-05-19T14:35:29-07:00</time>
      </trkpt>
      <trkpt lat="34.30917109362781" lon="-117.31793194077909">
        <time>2005-05-19T14:35:34-07:00</time>
      </trkpt>
      <trkpt lat="34.309183498844504" lon="-117.31798742897809">
        <time>2005-05-19T14:35:35-07:00</time>
      </trkpt>
      <trkpt lat="34.30919615551829" lon="-117.3180352896452">
        <time>2005-05-19T14:35:42-07:00</time>
      </trkpt>
      <trkpt lat="34.30921157822013" lon="-117.3181423265487">
        <time>2005-05-19T14:35:49-07:00</time>
      </trkpt>
      <trkpt lat="34.30923010222614" lon="-117.31822790578008">
        <time>2005-05-19T14:35:56-07:00</time>
      </trkpt>
      <trkpt lat="34.30925021879375" lon="-117.31835656799376">
        <time>2005-05-19T14:36:04-07:00</time>
      </trkpt>
      <trkpt lat="34.309265641495585" lon="-117.31847022660077">
        <time>2005-05-19T14:36:10-07:00</time>
      </trkpt>
      <trkpt lat="34.309280226007104" lon="-117.31856770813465">
        <time>2005-05-19T14:36:16-07:00</time>
      </trkpt>
      <trkpt lat="34.309275448322296" lon="-117.31862512417138">
        <time>2005-05-19T14:36:21-07:00</time>
      </trkpt>
      <trkpt lat="34.309272933751345" lon="-117.31869678944349">
        <time>2005-05-19T14:36:28-07:00</time>
      </trkpt>
      <trkpt lat="34.30922976695001" lon="-117.31878153048456">
        <time>2005-05-19T14:36:35-07:00</time>
      </trkpt>
      <trkpt lat="34.309237813577056" lon="-117.31885026209056">
        <time>2005-05-19T14:36:43-07:00</time>
      </trkpt>
      <trkpt lat="34.30924250744283" lon="-117.3188762459904">
        <time>2005-05-19T14:36:51-07:00</time>
      </trkpt>
      <trkpt lat="34.309256840497255" lon="-117.31894698925316">
        <time>2005-05-19T14:36:58-07:00</time>
      </trkpt>
      <trkpt lat="34.30927234701812" lon="-117.31905167922378">
        <time>2005-05-19T14:37:02-07:00</time>
      </trkpt>
      <trkpt lat="34.3092632945627" lon="-117.3191487416625">
        <time>2005-05-19T14:37:07-07:00</time>
      </trkpt>
      <trkpt lat="34.30926161818206" lon="-117.31922753155231">
        <time>2005-05-19T14:37:13-07:00</time>
      </trkpt>
      <trkpt lat="34.30925323627889" lon="-117.31927857734263">
        <time>2005-05-19T14:37:18-07:00</time>
      </trkpt>
      <trkpt lat="34.30922440253198" lon="-117.3193477280438">
        <time>2005-05-19T14:37:20-07:00</time>
      </trkpt>
      <trkpt lat="34.30921006947756" lon="-117.31942207552493">
        <time>2005-05-19T14:37:25-07:00</time>
      </trkpt>
      <trkpt lat="34.30919741280377" lon="-117.31949726119637">
        <time>2005-05-19T14:37:31-07:00</time>
      </trkpt>
      <trkpt lat="34.30920051410794" lon="-117.3195631429553">
        <time>2005-05-19T14:37:38-07:00</time>
      </trkpt>
      <trkpt lat="34.309202525764704" lon="-117.3196199722588">
        <time>2005-05-19T14:37:43-07:00</time>
      </trkpt>
      <trkpt lat="34.3092046212405" lon="-117.31963271275163">
        <time>2005-05-19T14:37:46-07:00</time>
      </trkpt>
      <trkpt lat="34.309196742251515" lon="-117.31973606161773">
        <time>2005-05-19T14:37:52-07:00</time>
      </trkpt>
      <trkpt lat="34.30918777361512" lon="-117.31983002275229">
        <time>2005-05-19T14:37:57-07:00</time>
      </trkpt>
      <trkpt lat="34.30918869562447" lon="-117.31985441409051">
        <time>2005-05-19T14:38:03-07:00</time>
      </trkpt>
      <trkpt lat="34.30918676778674" lon="-117.31992901302874">
        <time>2005-05-19T14:38:07-07:00</time>
      </trkpt>
      <trkpt lat="34.309196239337325" lon="-117.32003797776997">
        <time>2005-05-19T14:38:11-07:00</time>
      </trkpt>
      <trkpt lat="34.309200178831816" lon="-117.32011886313558">
        <time>2005-05-19T14:38:12-07:00</time>
      </trkpt>
      <trkpt lat="34.30919045582414" lon="-117.32020846568048">
        <time>2005-05-19T14:38:19-07:00</time>
      </trkpt>
      <trkpt lat="34.30918123573065" lon="-117.32026135548949">
        <time>2005-05-19T14:38:25-07:00</time>
      </trkpt>
      <trkpt lat="34.309177631512284" lon="-117.32029035687447">
        <time>2005-05-19T14:38:27-07:00</time>
      </trkpt>
      <trkpt lat="34.30917050689459" lon="-117.3204091284424">
        <time>2005-05-19T14:38:32-07:00</time>
      </trkpt>
      <trkpt lat="34.309153240174055" lon="-117.3204905167222">
        <time>2005-05-19T14:38:39-07:00</time>
      </trkpt>
      <trkpt lat="34.30913731455803" lon="-117.32058422639966">
        <time>2005-05-19T14:38:45-07:00</time>
      </trkpt>
      <trkpt lat="34.309128848835826" lon="-117.32062915340066">
        <time>2005-05-19T14:38:51-07:00</time>
      </trkpt>
      <trkpt lat="34.30912432260811" lon="-117.3206667881459">
        <time>2005-05-19T14:38:55-07:00</time>
      </trkpt>
      <trkpt lat="34.30910068564117" lon="-117.32076049782336">
        <time>2005-05-19T14:38:57-07:00</time>
      </trkpt>
      <trkpt lat="34.3090783059597" lon="-117.32088002376258">
        <time>2005-05-19T14:39:05-07:00</time>
      </trkpt>
      <trkpt lat="34.30906053632498" lon="-117.3209741525352">
        <time>2005-05-19T14:39:11-07:00</time>
      </trkpt>
      <trkpt lat="34.30903312750161" lon="-117.32107448391616">
        <time>2005-05-19T14:39:18-07:00</time>
      </trkpt>
      <trkpt lat="34.3090111669153" lon="-117.32116157189012">
        <time>2005-05-19T14:39:21-07:00</time>
      </trkpt>
      <trkpt lat="34.308991050347686" lon="-117.32123516499996">
        <time>2005-05-19T14:39:24-07:00</time>
      </trkpt>
      <trkpt lat="34.30898350663483" lon="-117.32127238065004">
        <time>2005-05-19T14:39:31-07:00</time>
      </trkpt>
      <trkpt lat="34.308961629867554" lon="-117.3213388491422">
        <time>2005-05-19T14:39:39-07:00</time>
      </trkpt>
      <trkpt lat="34.30895207449794" lon="-117.3213917389512">
        <time>2005-05-19T14:39:45-07:00</time>
      </trkpt>
      <trkpt lat="34.30892759934068" lon="-117.32146181166172">
        <time>2005-05-19T14:39:52-07:00</time>
      </trkpt>
      <trkpt lat="34.308898597955704" lon="-117.32154839672148">
        <time>2005-05-19T14:39:59-07:00</time>
      </trkpt>
      <trkpt lat="34.30886138230562" lon="-117.32163975946605">
        <time>2005-05-19T14:40:04-07:00</time>
      </trkpt>
      <trkpt lat="34.308824921026826" lon="-117.32172274030745">
        <time>2005-05-19T14:40:06-07:00</time>
      </trkpt>
      <trkpt lat="34.30880321189761" lon="-117.32179189100862">
        <time>2005-05-19T14:40:11-07:00</time>
      </trkpt>
      <trkpt lat="34.30876733735204" lon="-117.32188660651445">
        <time>2005-05-19T14:40:15-07:00</time>
      </trkpt>
      <trkpt lat="34.308732049539685" lon="-117.32197092846036">
        <time>2005-05-19T14:40:20-07:00</time>
      </trkpt>
      <trkpt lat="34.308719392865896" lon="-117.32200294733047">
        <time>2005-05-19T14:40:26-07:00</time>
      </trkpt>
      <trkpt lat="34.308708580210805" lon="-117.32204033061862">
        <time>2005-05-19T14:40:32-07:00</time>
      </trkpt>
      <trkpt lat="34.308665581047535" lon="-117.32213705778122">
        <time>2005-05-19T14:40:38-07:00</time>
      </trkpt>
      <trkpt lat="34.308672454208136" lon="-117.32222506776452">
        <time>2005-05-19T14:40:43-07:00</time>
      </trkpt>
      <trkpt lat="34.30872702039778" lon="-117.32231760397553">
        <time>2005-05-19T14:40:49-07:00</time>
      </trkpt>
      <trkpt lat="34.308717800304294" lon="-117.32241617515683">
        <time>2005-05-19T14:40:55-07:00</time>
      </trkpt>
      <trkpt lat="34.30869206786156" lon="-117.32246696949005">
        <time>2005-05-19T14:40:58-07:00</time>
      </trkpt>
      <trkpt lat="34.30868770927191" lon="-117.32248105108738">
        <time>2005-05-19T14:41:01-07:00</time>
      </trkpt>
      <trkpt lat="34.30862962268293" lon="-117.32254986651242">
        <time>2005-05-19T14:41:08-07:00</time>
      </trkpt>
      <trkpt lat="34.308568350970745" lon="-117.32262765057385">
        <time>2005-05-19T14:41:14-07:00</time>
      </trkpt>
      <trkpt lat="34.30852962657809" lon="-117.32269847765565">
        <time>2005-05-19T14:41:21-07:00</time>
      </trkpt>
      <trkpt lat="34.30850892327726" lon="-117.32276720926166">
        <time>2005-05-19T14:41:27-07:00</time>
      </trkpt>
      <trkpt lat="34.30846215225756" lon="-117.32288246043026">
        <time>2005-05-19T14:41:31-07:00</time>
      </trkpt>
      <trkpt lat="34.30842460133135" lon="-117.3229396250099">
        <time>2005-05-19T14:41:32-07:00</time>
      </trkpt>
      <trkpt lat="34.308390067890286" lon="-117.32302134856582">
        <time>2005-05-19T14:41:38-07:00</time>
      </trkpt>
      <trkpt lat="34.308367939665914" lon="-117.32309242710471">
        <time>2005-05-19T14:41:45-07:00</time>
      </trkpt>
      <trkpt lat="34.30836098268628" lon="-117.3231859691441">
        <time>2005-05-19T14:41:50-07:00</time>
      </trkpt>
      <trkpt lat="34.30833650752902" lon="-117.32328051701188">
        <time>2005-05-19T14:41:55-07:00</time>
      </trkpt>
      <trkpt lat="34.30829686112702" lon="-117.32336500659585">
        <time>2005-05-19T14:42:03-07:00</time>
      </trkpt>
      <trkpt lat="34.30824698880315" lon="-117.32343893498182">
        <time>2005-05-19T14:42:08-07:00</time>
      </trkpt>
      <trkpt lat="34.308231733739376" lon="-117.32345854863524">
        <time>2005-05-19T14:42:13-07:00</time>
      </trkpt>
      <trkpt lat="34.30819627828896" lon="-117.32351303100586">
        <time>2005-05-19T14:42:18-07:00</time>
      </trkpt>
      <trkpt lat="34.308150513097644" lon="-117.32359358109534">
        <time>2005-05-19T14:42:24-07:00</time>
      </trkpt>
      <trkpt lat="34.308130480349064" lon="-117.32362912036479">
        <time>2005-05-19T14:42:31-07:00</time>
      </trkpt>
      <trkpt lat="34.3081028200686" lon="-117.3236939124763">
        <time>2005-05-19T14:42:38-07:00</time>
      </trkpt>
      <trkpt lat="34.308088570833206" lon="-117.32375208288431">
        <time>2005-05-19T14:42:44-07:00</time>
      </trkpt>
      <trkpt lat="34.30808672681451" lon="-117.32378326356411">
        <time>2005-05-19T14:42:46-07:00</time>
      </trkpt>
      <trkpt lat="34.30807650089264" lon="-117.32386792078614">
        <time>2005-05-19T14:42:51-07:00</time>
      </trkpt>
      <trkpt lat="34.308044984936714" lon="-117.32394830323756">
        <time>2005-05-19T14:42:58-07:00</time>
      </trkpt>
      <trkpt lat="34.30804003961384" lon="-117.32396280393004">
        <time>2005-05-19T14:43:01-07:00</time>
      </trkpt>
      <trkpt lat="34.3080058414489" lon="-117.32406715862453">
        <time>2005-05-19T14:43:06-07:00</time>
      </trkpt>
      <trkpt lat="34.30795974098146" lon="-117.32411292381585">
        <time>2005-05-19T14:43:10-07:00</time>
      </trkpt>
      <trkpt lat="34.30790165439248" lon="-117.32419615611434">
        <time>2005-05-19T14:43:12-07:00</time>
      </trkpt>
      <trkpt lat="34.307881873100996" lon="-117.32422105036676">
        <time>2005-05-19T14:43:17-07:00</time>
      </trkpt>
      <trkpt lat="34.307846669107676" lon="-117.32426161877811">
        <time>2005-05-19T14:43:23-07:00</time>
      </trkpt>
      <trkpt lat="34.30779654532671" lon="-117.32431517913938">
        <time>2005-05-19T14:43:24-07:00</time>
      </trkpt>
      <trkpt lat="34.307726388797164" lon="-117.32437385246158">
        <time>2005-05-19T14:43:32-07:00</time>
      </trkpt>
      <trkpt lat="34.30767735466361" lon="-117.3244159296155">
        <time>2005-05-19T14:43:37-07:00</time>
      </trkpt>
      <trkpt lat="34.307661931961775" lon="-117.32442355714738">
        <time>2005-05-19T14:43:44-07:00</time>
      </trkpt>
      <trkpt lat="34.30761826224625" lon="-117.32446529902518">
        <time>2005-05-19T14:43:46-07:00</time>
      </trkpt>
      <trkpt lat="34.30760594084859" lon="-117.32447502203286">
        <time>2005-05-19T14:43:50-07:00</time>
      </trkpt>
      <trkpt lat="34.307596972212195" lon="-117.32448340393603">
        <time>2005-05-19T14:43:56-07:00</time>
      </trkpt>
      <trkpt lat="34.30758347734809" lon="-117.32450058683753">
        <time>2005-05-19T14:44:03-07:00</time>
      </trkpt>
      <trkpt lat="34.30757710710168" lon="-117.3245110642165">
        <time>2005-05-19T14:44:09-07:00</time>
      </trkpt>
      <trkpt lat="34.30753922089934" lon="-117.3245834838599">
        <time>2005-05-19T14:44:10-07:00</time>
      </trkpt>
      <trkpt lat="34.307502675801516" lon="-117.32461374253035">
        <time>2005-05-19T14:44:15-07:00</time>
      </trkpt>
      <trkpt lat="34.30744685232639" lon="-117.3246643692255">
        <time>2005-05-19T14:44:16-07:00</time>
      </trkpt>
      <trkpt lat="34.30741684511304" lon="-117.32470074668527">
        <time>2005-05-19T14:44:17-07:00</time>
      </trkpt>
      <trkpt lat="34.30741005577147" lon="-117.32471323572099">
        <time>2005-05-19T14:44:19-07:00</time>
      </trkpt>
      <trkpt lat="34.307383485138416" lon="-117.32475715689361">
        <time>2005-05-19T14:44:20-07:00</time>
      </trkpt>
      <trkpt lat="34.30736085399985" lon="-117.32478096149862">
        <time>2005-05-19T14:44:26-07:00</time>
      </trkpt>
      <trkpt lat="34.30732414126396" lon="-117.32482588849962">
        <time>2005-05-19T14:44:30-07:00</time>
      </trkpt>
      <trkpt lat="34.30731877684593" lon="-117.32484072446823">
        <time>2005-05-19T14:44:36-07:00</time>
      </trkpt>
      <trkpt lat="34.3073168490082" lon="-117.32485312968493">
        <time>2005-05-19T14:44:40-07:00</time>
      </trkpt>
      <trkpt lat="34.307285249233246" lon="-117.32488355599344">
        <time>2005-05-19T14:44:41-07:00</time>
      </trkpt>
      <trkpt lat="34.3072721734643" lon="-117.32490534894168">
        <time>2005-05-19T14:44:44-07:00</time>
      </trkpt>
      <trkpt lat="34.3072394002229" lon="-117.32500148937106">
        <time>2005-05-19T14:44:47-07:00</time>
      </trkpt>
      <trkpt lat="34.307179721072316" lon="-117.32505454681814">
        <time>2005-05-19T14:44:52-07:00</time>
      </trkpt>
      <trkpt lat="34.30713462643325" lon="-117.32511573471129">
        <time>2005-05-19T14:44:53-07:00</time>
      </trkpt>
      <trkpt lat="34.30710948072374" lon="-117.32518471777439">
        <time>2005-05-19T14:44:54-07:00</time>
      </trkpt>
      <trkpt lat="34.307081988081336" lon="-117.32525755651295">
        <time>2005-05-19T14:44:58-07:00</time>
      </trkpt>
      <trkpt lat="34.3070718459785" lon="-117.32532050460577">
        <time>2005-05-19T14:45:00-07:00</time>
      </trkpt>
      <trkpt lat="34.30705910548568" lon="-117.32535897754133">
        <time>2005-05-19T14:45:06-07:00</time>
      </trkpt>
      <trkpt lat="34.30705424398184" lon="-117.32540524564683">
        <time>2005-05-19T14:45:13-07:00</time>
      </trkpt>
      <trkpt lat="34.3070425093174" lon="-117.32544715516269">
        <time>2005-05-19T14:45:19-07:00</time>
      </trkpt>
      <trkpt lat="34.30701568722725" lon="-117.32550549320877">
        <time>2005-05-19T14:45:25-07:00</time>
      </trkpt>
      <trkpt lat="34.306982327252626" lon="-117.32554513961077">
        <time>2005-05-19T14:45:30-07:00</time>
      </trkpt>
      <trkpt lat="34.306974951177835" lon="-117.32556500472128">
        <time>2005-05-19T14:45:36-07:00</time>
      </trkpt>
      <trkpt lat="34.306930443271995" lon="-117.32562686316669">
        <time>2005-05-19T14:45:40-07:00</time>
      </trkpt>
      <trkpt lat="34.306917199864984" lon="-117.32568033970892">
        <time>2005-05-19T14:45:43-07:00</time>
      </trkpt>
      <trkpt lat="34.306918708607554" lon="-117.3256987798959">
        <time>2005-05-19T14:45:46-07:00</time>
      </trkpt>
      <trkpt lat="34.3069405015558" lon="-117.32576885260642">
        <time>2005-05-19T14:45:51-07:00</time>
      </trkpt>
      <trkpt lat="34.30695810355246" lon="-117.32584747485816">
        <time>2005-05-19T14:45:55-07:00</time>
      </trkpt>
      <trkpt lat="34.30697235278785" lon="-117.32589072547853">
        <time>2005-05-19T14:45:57-07:00</time>
      </trkpt>
      <trkpt lat="34.30697218514979" lon="-117.32593405991793">
        <time>2005-05-19T14:46:03-07:00</time>
      </trkpt>
      <trkpt lat="34.306971514597535" lon="-117.32596079818904">
        <time>2005-05-19T14:46:07-07:00</time>
      </trkpt>
      <trkpt lat="34.30696774274111" lon="-117.3260201420635">
        <time>2005-05-19T14:46:08-07:00</time>
      </trkpt>
      <trkpt lat="34.30695366114378" lon="-117.32611720450222">
        <time>2005-05-19T14:46:14-07:00</time>
      </trkpt>
      <trkpt lat="34.306953493505716" lon="-117.32612843625247">
        <time>2005-05-19T14:46:20-07:00</time>
      </trkpt>
      <trkpt lat="34.306937316432595" lon="-117.32621787115932">
        <time>2005-05-19T14:46:23-07:00</time>
      </trkpt>
      <trkpt lat="34.306929521262646" lon="-117.32630881480873">
        <time>2005-05-19T14:46:26-07:00</time>
      </trkpt>
      <trkpt lat="34.30692843161523" lon="-117.32631040737033">
        <time>2005-05-19T14:46:28-07:00</time>
      </trkpt>
      <trkpt lat="34.30692248046398" lon="-117.32632482424378">
        <time>2005-05-19T14:46:33-07:00</time>
      </trkpt>
      <trkpt lat="34.30692030116916" lon="-117.32639363966882">
        <time>2005-05-19T14:46:40-07:00</time>
      </trkpt>
      <trkpt lat="34.3069111648947" lon="-117.3264538217336">
        <time>2005-05-19T14:46:41-07:00</time>
      </trkpt>
      <trkpt lat="34.30690228007734" lon="-117.32649883255363">
        <time>2005-05-19T14:46:48-07:00</time>
      </trkpt>
      <trkpt lat="34.30688316933811" lon="-117.32656178064644">
        <time>2005-05-19T14:46:55-07:00</time>
      </trkpt>
      <trkpt lat="34.306844444945455" lon="-117.32661517336965">
        <time>2005-05-19T14:46:57-07:00</time>
      </trkpt>
      <trkpt lat="34.306844528764486" lon="-117.32661534100771">
        <time>2005-05-19T14:46:59-07:00</time>
      </trkpt>
      <trkpt lat="34.30683606304228" lon="-117.32662187889218">
        <time>2005-05-19T14:47:05-07:00</time>
      </trkpt>
      <trkpt lat="34.306824915111065" lon="-117.32663252390921">
        <time>2005-05-19T14:47:09-07:00</time>
      </trkpt>
      <trkpt lat="34.30677252821624" lon="-117.3266678955406">
        <time>2005-05-19T14:47:12-07:00</time>
      </trkpt>
      <trkpt lat="34.30674905888736" lon="-117.32669153250754">
        <time>2005-05-19T14:47:17-07:00</time>
      </trkpt>
      <trkpt lat="34.3067385815084" lon="-117.32672279700637">
        <time>2005-05-19T14:47:24-07:00</time>
      </trkpt>
      <trkpt lat="34.30670094676316" lon="-117.32678038068116">
        <time>2005-05-19T14:47:25-07:00</time>
      </trkpt>
      <trkpt lat="34.30668401531875" lon="-117.32681826688349">
        <time>2005-05-19T14:47:29-07:00</time>
      </trkpt>
      <trkpt lat="34.30666984990239" lon="-117.32683469541371">
        <time>2005-05-19T14:47:31-07:00</time>
      </trkpt>
      <trkpt lat="34.306656355038285" lon="-117.32686931267381">
        <time>2005-05-19T14:47:37-07:00</time>
      </trkpt>
      <trkpt lat="34.30665006861091" lon="-117.32688825577497">
        <time>2005-05-19T14:47:40-07:00</time>
      </trkpt>
      <trkpt lat="34.306599609553814" lon="-117.32697852887213">
        <time>2005-05-19T14:47:43-07:00</time>
      </trkpt>
      <trkpt lat="34.30656725540757" lon="-117.32704457826912">
        <time>2005-05-19T14:47:49-07:00</time>
      </trkpt>
      <trkpt lat="34.30652526207268" lon="-117.32709151692688">
        <time>2005-05-19T14:47:53-07:00</time>
      </trkpt>
      <trkpt lat="34.3065086659044" lon="-117.32710626907647">
        <time>2005-05-19T14:47:55-07:00</time>
      </trkpt>
      <trkpt lat="34.306463319808245" lon="-117.3271528724581">
        <time>2005-05-19T14:47:59-07:00</time>
      </trkpt>
      <trkpt lat="34.30642534978688" lon="-117.32719394378364">
        <time>2005-05-19T14:48:01-07:00</time>
      </trkpt>
      <trkpt lat="34.306378746405244" lon="-117.32724222354591">
        <time>2005-05-19T14:48:09-07:00</time>
      </trkpt>
      <trkpt lat="34.30637405253947" lon="-117.32724968343973">
        <time>2005-05-19T14:48:14-07:00</time>
      </trkpt>
      <trkpt lat="34.306307500228286" lon="-117.32730609364808">
        <time>2005-05-19T14:48:19-07:00</time>
      </trkpt>
      <trkpt lat="34.30625947192311" lon="-117.32735806144774">
        <time>2005-05-19T14:48:21-07:00</time>
      </trkpt>
      <trkpt lat="34.30621085688472" lon="-117.32739276252687">
        <time>2005-05-19T14:48:25-07:00</time>
      </trkpt>
      <trkpt lat="34.30618738755584" lon="-117.32740323990583">
        <time>2005-05-19T14:48:30-07:00</time>
      </trkpt>
      <trkpt lat="34.3061563745141" lon="-117.32744154520333">
        <time>2005-05-19T14:48:35-07:00</time>
      </trkpt>
      <trkpt lat="34.30612393654883" lon="-117.32749795541167">
        <time>2005-05-19T14:48:36-07:00</time>
      </trkpt>
      <trkpt lat="34.30614287965" lon="-117.32756266370416">
        <time>2005-05-19T14:48:43-07:00</time>
      </trkpt>
      <trkpt lat="34.30614363402128" lon="-117.32758772559464">
        <time>2005-05-19T14:48:49-07:00</time>
      </trkpt>
      <trkpt lat="34.306136928498745" lon="-117.32764463871717">
        <time>2005-05-19T14:48:54-07:00</time>
      </trkpt>
      <trkpt lat="34.306146232411265" lon="-117.32768428511918">
        <time>2005-05-19T14:48:56-07:00</time>
      </trkpt>
      <trkpt lat="34.30616836063564" lon="-117.32770943082869">
        <time>2005-05-19T14:49:00-07:00</time>
      </trkpt>
      <trkpt lat="34.30618026293814" lon="-117.32771940529346">
        <time>2005-05-19T14:49:05-07:00</time>
      </trkpt>
      <trkpt lat="34.30622175335884" lon="-117.32773675583303">
        <time>2005-05-19T14:49:10-07:00</time>
      </trkpt>
      <trkpt lat="34.30625360459089" lon="-117.3277448862791">
        <time>2005-05-19T14:49:12-07:00</time>
      </trkpt>
      <trkpt lat="34.30627640336752" lon="-117.32774974778295">
        <time>2005-05-19T14:49:16-07:00</time>
      </trkpt>
      <trkpt lat="34.30635477416217" lon="-117.32780255377293">
        <time>2005-05-19T14:49:19-07:00</time>
      </trkpt>
      <trkpt lat="34.30636927485466" lon="-117.32784463092685">
        <time>2005-05-19T14:49:22-07:00</time>
      </trkpt>
      <trkpt lat="34.306371035054326" lon="-117.3278796672821">
        <time>2005-05-19T14:49:23-07:00</time>
      </trkpt>
      <trkpt lat="34.30637111887336" lon="-117.32797773554921">
        <time>2005-05-19T14:49:27-07:00</time>
      </trkpt>
      <trkpt lat="34.30634781718254" lon="-117.32804127037525">
        <time>2005-05-19T14:49:30-07:00</time>
      </trkpt>
      <trkpt lat="34.30632979609072" lon="-117.32808083295822">
        <time>2005-05-19T14:49:32-07:00</time>
      </trkpt>
      <trkpt lat="34.30630657821894" lon="-117.32812399975955">
        <time>2005-05-19T14:49:39-07:00</time>
      </trkpt>
      <trkpt lat="34.30626081302762" lon="-117.32818434946239">
        <time>2005-05-19T14:49:42-07:00</time>
      </trkpt>
      <trkpt lat="34.30625435896218" lon="-117.32819264754653">
        <time>2005-05-19T14:49:45-07:00</time>
      </trkpt>
      <trkpt lat="34.30623390711844" lon="-117.32824327424169">
        <time>2005-05-19T14:49:52-07:00</time>
      </trkpt>
      <trkpt lat="34.306230219081044" lon="-117.32825777493417">
        <time>2005-05-19T14:49:57-07:00</time>
      </trkpt>
      <trkpt lat="34.306219574064016" lon="-117.32831577770412">
        <time>2005-05-19T14:50:00-07:00</time>
      </trkpt>
      <trkpt lat="34.30620557628572" lon="-117.32835944741964">
        <time>2005-05-19T14:50:04-07:00</time>
      </trkpt>
      <trkpt lat="34.30619635619223" lon="-117.32838685624301">
        <time>2005-05-19T14:50:10-07:00</time>
      </trkpt>
      <trkpt lat="34.30616299621761" lon="-117.3284446913749">
        <time>2005-05-19T14:50:11-07:00</time>
      </trkpt>
      <trkpt lat="34.30612494237721" lon="-117.32851845212281">
        <time>2005-05-19T14:50:15-07:00</time>
      </trkpt>
      <trkpt lat="34.30609912611544" lon="-117.3285879381001">
        <time>2005-05-19T14:50:16-07:00</time>
      </trkpt>
      <trkpt lat="34.306087391451" lon="-117.32861132360995">
        <time>2005-05-19T14:50:21-07:00</time>
      </trkpt>
      <trkpt lat="34.3060614913702" lon="-117.32865926809609">
        <time>2005-05-19T14:50:24-07:00</time>
      </trkpt>
      <trkpt lat="34.30603324435651" lon="-117.32874736189842">
        <time>2005-05-19T14:50:26-07:00</time>
      </trkpt>
      <trkpt lat="34.306019162759185" lon="-117.32880896888673">
        <time>2005-05-19T14:50:31-07:00</time>
      </trkpt>
      <trkpt lat="34.30598898790777" lon="-117.32890603132546">
        <time>2005-05-19T14:50:37-07:00</time>
      </trkpt>
      <trkpt lat="34.30598077364266" lon="-117.32893561944366">
        <time>2005-05-19T14:50:44-07:00</time>
      </trkpt>
      <trkpt lat="34.305968368425965" lon="-117.3289730027318">
        <time>2005-05-19T14:50:46-07:00</time>
      </trkpt>
      <trkpt lat="34.30596484802663" lon="-117.3290591686964">
        <time>2005-05-19T14:50:50-07:00</time>
      </trkpt>
      <trkpt lat="34.30595478974283" lon="-117.32908708043396">
        <time>2005-05-19T14:50:57-07:00</time>
      </trkpt>
      <trkpt lat="34.30593961849809" lon="-117.32912949286401">
        <time>2005-05-19T14:51:02-07:00</time>
      </trkpt>
      <trkpt lat="34.305938612669706" lon="-117.32916947454214">
        <time>2005-05-19T14:51:09-07:00</time>
      </trkpt>
      <trkpt lat="34.30593400262296" lon="-117.3292129766196">
        <time>2005-05-19T14:51:11-07:00</time>
      </trkpt>
      <trkpt lat="34.30593651719391" lon="-117.32932537794113">
        <time>2005-05-19T14:51:14-07:00</time>
      </trkpt>
      <trkpt lat="34.30592721328139" lon="-117.32933669351041">
        <time>2005-05-19T14:51:20-07:00</time>
      </trkpt>
      <trkpt lat="34.30592419579625" lon="-117.32940525747836">
        <time>2005-05-19T14:51:22-07:00</time>
      </trkpt>
      <trkpt lat="34.3059251178056" lon="-117.3294164892286">
        <time>2005-05-19T14:51:25-07:00</time>
      </trkpt>
      <trkpt lat="34.30591547861695" lon="-117.32949988916516">
        <time>2005-05-19T14:51:28-07:00</time>
      </trkpt>
      <trkpt lat="34.30591614916921" lon="-117.32959175482392">
        <time>2005-05-19T14:51:31-07:00</time>
      </trkpt>
      <trkpt lat="34.305914137512445" lon="-117.329605165869">
        <time>2005-05-19T14:51:39-07:00</time>
      </trkpt>
      <trkpt lat="34.30588446557522" lon="-117.32970499433577">
        <time>2005-05-19T14:51:40-07:00</time>
      </trkpt>
      <trkpt lat="34.30588245391846" lon="-117.3297122027725">
        <time>2005-05-19T14:51:45-07:00</time>
      </trkpt>
      <trkpt lat="34.305871641263366" lon="-117.32973030768335">
        <time>2005-05-19T14:51:46-07:00</time>
      </trkpt>
      <trkpt lat="34.305869210511446" lon="-117.32974380254745">
        <time>2005-05-19T14:51:52-07:00</time>
      </trkpt>
      <trkpt lat="34.30585881695151" lon="-117.32977598905563">
        <time>2005-05-19T14:51:59-07:00</time>
      </trkpt>
      <trkpt lat="34.305841298773885" lon="-117.32981136068702">
        <time>2005-05-19T14:52:00-07:00</time>
      </trkpt>
      <trkpt lat="34.3058196734637" lon="-117.32984597794712">
        <time>2005-05-19T14:52:07-07:00</time>
      </trkpt>
      <trkpt lat="34.30580534040928" lon="-117.32985603623092">
        <time>2005-05-19T14:52:08-07:00</time>
      </trkpt>
      <trkpt lat="34.305748511105776" lon="-117.32992082834244">
        <time>2005-05-19T14:52:11-07:00</time>
      </trkpt>
      <trkpt lat="34.305697213858366" lon="-117.32995485886931">
        <time>2005-05-19T14:52:12-07:00</time>
      </trkpt>
      <trkpt lat="34.305639546364546" lon="-117.33000012114644">
        <time>2005-05-19T14:52:14-07:00</time>
      </trkpt>
      <trkpt lat="34.30558799766004" lon="-117.3300232551992">
        <time>2005-05-19T14:52:17-07:00</time>
      </trkpt>
      <trkpt lat="34.30557542480528" lon="-117.33003130182624">
        <time>2005-05-19T14:52:22-07:00</time>
      </trkpt>
      <trkpt lat="34.3055574875325" lon="-117.33007756993175">
        <time>2005-05-19T14:52:23-07:00</time>
      </trkpt>
      <trkpt lat="34.30556016974151" lon="-117.33009316027164">
        <time>2005-05-19T14:52:30-07:00</time>
      </trkpt>
      <trkpt lat="34.30556838400662" lon="-117.33012207783759">
        <time>2005-05-19T14:52:35-07:00</time>
      </trkpt>
      <trkpt lat="34.30556788109243" lon="-117.33019039034843">
        <time>2005-05-19T14:52:41-07:00</time>
      </trkpt>
      <trkpt lat="34.30555463768542" lon="-117.33019701205194">
        <time>2005-05-19T14:52:45-07:00</time>
      </trkpt>
      <trkpt lat="34.305536365136504" lon="-117.33021721243858">
        <time>2005-05-19T14:52:46-07:00</time>
      </trkpt>
      <trkpt lat="34.305521780624986" lon="-117.33023473061621">
        <time>2005-05-19T14:52:50-07:00</time>
      </trkpt>
      <trkpt lat="34.30547165684402" lon="-117.33024805784225">
        <time>2005-05-19T14:52:51-07:00</time>
      </trkpt>
      <trkpt lat="34.30543896742165" lon="-117.33018946833909">
        <time>2005-05-19T14:52:53-07:00</time>
      </trkpt>
      <trkpt lat="34.30544181726873" lon="-117.33011377975345">
        <time>2005-05-19T14:52:58-07:00</time>
      </trkpt>
      <trkpt lat="34.30543594993651" lon="-117.33010631985962">
        <time>2005-05-19T14:52:59-07:00</time>
      </trkpt>
      <trkpt lat="34.30542832240462" lon="-117.33009777031839">
        <time>2005-05-19T14:53:01-07:00</time>
      </trkpt>
      <trkpt lat="34.30541189387441" lon="-117.3300692718476">
        <time>2005-05-19T14:53:03-07:00</time>
      </trkpt>
      <trkpt lat="34.30538188666105" lon="-117.33002870343626">
        <time>2005-05-19T14:53:09-07:00</time>
      </trkpt>
      <trkpt lat="34.30538507178426" lon="-117.33001562766731">
        <time>2005-05-19T14:53:14-07:00</time>
      </trkpt>
      <trkpt lat="34.30538381449878" lon="-117.33000917360187">
        <time>2005-05-19T14:53:20-07:00</time>
      </trkpt>
      <trkpt lat="34.30539697408676" lon="-117.32998763211071">
        <time>2005-05-19T14:53:21-07:00</time>
      </trkpt>
      <trkpt lat="34.30541407316923" lon="-117.32996257022023">
        <time>2005-05-19T14:53:22-07:00</time>
      </trkpt>
      <trkpt lat="34.30542714893818" lon="-117.32993834652007">
        <time>2005-05-19T14:53:26-07:00</time>
      </trkpt>
      <trkpt lat="34.305450450628996" lon="-117.32989769428968">
        <time>2005-05-19T14:53:31-07:00</time>
      </trkpt>
      <trkpt lat="34.30548255331814" lon="-117.32986768707633">
        <time>2005-05-19T14:53:33-07:00</time>
      </trkpt>
      <trkpt lat="34.30549445562065" lon="-117.32985151000321">
        <time>2005-05-19T14:53:34-07:00</time>
      </trkpt>
      <trkpt lat="34.30552639067173" lon="-117.32981664128602">
        <time>2005-05-19T14:53:36-07:00</time>
      </trkpt>
      <trkpt lat="34.30555421859026" lon="-117.32977498322725">
        <time>2005-05-19T14:53:39-07:00</time>
      </trkpt>
      <trkpt lat="34.3055556435138" lon="-117.32976098544896">
        <time>2005-05-19T14:53:41-07:00</time>
      </trkpt>
      <trkpt lat="34.30555681698024" lon="-117.32972360216081">
        <time>2005-05-19T14:53:44-07:00</time>
      </trkpt>
      <trkpt lat="34.30556385777891" lon="-117.32966031879187">
        <time>2005-05-19T14:53:48-07:00</time>
      </trkpt>
      <trkpt lat="34.30557131767273" lon="-117.32958278618753">
        <time>2005-05-19T14:53:50-07:00</time>
      </trkpt>
      <trkpt lat="34.30552932433784" lon="-117.32951053418219">
        <time>2005-05-19T14:53:55-07:00</time>
      </trkpt>
      <trkpt lat="34.305516332387924" lon="-117.32949460856616">
        <time>2005-05-19T14:54:00-07:00</time>
      </trkpt>
      <trkpt lat="34.305488588288426" lon="-117.32946870848536">
        <time>2005-05-19T14:54:01-07:00</time>
      </trkpt>
      <trkpt lat="34.305453384295106" lon="-117.329409616068">
        <time>2005-05-19T14:54:05-07:00</time>
      </trkpt>
      <trkpt lat="34.30544927716255" lon="-117.32939871959388">
        <time>2005-05-19T14:54:09-07:00</time>
      </trkpt>
      <trkpt lat="34.305421533063054" lon="-117.32934121973813">
        <time>2005-05-19T14:54:15-07:00</time>
      </trkpt>
      <trkpt lat="34.30541357025504" lon="-117.32931347563863">
        <time>2005-05-19T14:54:21-07:00</time>
      </trkpt>
      <trkpt lat="34.305397644639015" lon="-117.32928992249072">
        <time>2005-05-19T14:54:23-07:00</time>
      </trkpt>
      <trkpt lat="34.30538549087942" lon="-117.32928615063429">
        <time>2005-05-19T14:54:26-07:00</time>
      </trkpt>
      <trkpt lat="34.30537492968142" lon="-117.3292790260166">
        <time>2005-05-19T14:54:32-07:00</time>
      </trkpt>
      <trkpt lat="34.30537635460496" lon="-117.32927131466568">
        <time>2005-05-19T14:54:33-07:00</time>
      </trkpt>
      <trkpt lat="34.30537140928209" lon="-117.32925924472511">
        <time>2005-05-19T14:54:38-07:00</time>
      </trkpt>
      <trkpt lat="34.30536420084536" lon="-117.32923158444464">
        <time>2005-05-19T14:54:40-07:00</time>
      </trkpt>
      <trkpt lat="34.30535933934152" lon="-117.32921632938087">
        <time>2005-05-19T14:54:43-07:00</time>
      </trkpt>
      <trkpt lat="34.30533930659294" lon="-117.3291490226984">
        <time>2005-05-19T14:54:44-07:00</time>
      </trkpt>
      <trkpt lat="34.30533234961331" lon="-117.32913946732879">
        <time>2005-05-19T14:54:46-07:00</time>
      </trkpt>
      <trkpt lat="34.30530888028443" lon="-117.32907081954181">
        <time>2005-05-19T14:54:47-07:00</time>
      </trkpt>
      <trkpt lat="34.305306784808636" lon="-117.32899311929941">
        <time>2005-05-19T14:54:48-07:00</time>
      </trkpt>
      <trkpt lat="34.30529865436256" lon="-117.32891466468573">
        <time>2005-05-19T14:54:51-07:00</time>
      </trkpt>
      <trkpt lat="34.3052585888654" lon="-117.3288696538657">
        <time>2005-05-19T14:54:52-07:00</time>
      </trkpt>
      <trkpt lat="34.305224223062396" lon="-117.32879522256553">
        <time>2005-05-19T14:54:57-07:00</time>
      </trkpt>
      <trkpt lat="34.30520326830447" lon="-117.3287742678076">
        <time>2005-05-19T14:54:58-07:00</time>
      </trkpt>
      <trkpt lat="34.30517317727208" lon="-117.32874752953649">
        <time>2005-05-19T14:55:04-07:00</time>
      </trkpt>
      <trkpt lat="34.3051343690604" lon="-117.32873336412013">
        <time>2005-05-19T14:55:09-07:00</time>
      </trkpt>
      <trkpt lat="34.30512866936624" lon="-117.32873034663498">
        <time>2005-05-19T14:55:14-07:00</time>
      </trkpt>
      <trkpt lat="34.305092711001635" lon="-117.32870696112514">
        <time>2005-05-19T14:55:19-07:00</time>
      </trkpt>
      <trkpt lat="34.30509187281132" lon="-117.3287005070597">
        <time>2005-05-19T14:55:25-07:00</time>
      </trkpt>
      <trkpt lat="34.305078126490116" lon="-117.328659016639">
        <time>2005-05-19T14:55:27-07:00</time>
      </trkpt>
      <trkpt lat="34.30507737211883" lon="-117.32864602468908">
        <time>2005-05-19T14:55:30-07:00</time>
      </trkpt>
      <trkpt lat="34.30507686920464" lon="-117.32863294892013">
        <time>2005-05-19T14:55:34-07:00</time>
      </trkpt>
      <trkpt lat="34.3050788808614" lon="-117.32857570052147">
        <time>2005-05-19T14:55:35-07:00</time>
      </trkpt>
      <trkpt lat="34.3050825688988" lon="-117.32855097390711">
        <time>2005-05-19T14:55:40-07:00</time>
      </trkpt>
      <trkpt lat="34.30507737211883" lon="-117.32851325534284">
        <time>2005-05-19T14:55:41-07:00</time>
      </trkpt>
      <trkpt lat="34.305069828405976" lon="-117.3285047058016">
        <time>2005-05-19T14:55:45-07:00</time>
      </trkpt>
      <trkpt lat="34.305065805092454" lon="-117.32849414460361">
        <time>2005-05-19T14:55:46-07:00</time>
      </trkpt>
      <trkpt lat="34.30504912510514" lon="-117.32845726422966">
        <time>2005-05-19T14:55:47-07:00</time>
      </trkpt>
      <trkpt lat="34.30503177456558" lon="-117.32844678685069">
        <time>2005-05-19T14:55:52-07:00</time>
      </trkpt>
      <trkpt lat="34.30501719005406" lon="-117.32843639329076">
        <time>2005-05-19T14:55:54-07:00</time>
      </trkpt>
      <trkpt lat="34.30501366965473" lon="-117.32843932695687">
        <time>2005-05-19T14:55:57-07:00</time>
      </trkpt>
      <trkpt lat="34.30500369518995" lon="-117.32843371108174">
        <time>2005-05-19T14:55:59-07:00</time>
      </trkpt>
      <trkpt lat="34.304980896413326" lon="-117.32840437442064">
        <time>2005-05-19T14:56:00-07:00</time>
      </trkpt>
      <trkpt lat="34.304975029081106" lon="-117.32839993201196">
        <time>2005-05-19T14:56:03-07:00</time>
      </trkpt>
      <trkpt lat="34.30493555031717" lon="-117.32840714044869">
        <time>2005-05-19T14:56:05-07:00</time>
      </trkpt>
      <trkpt lat="34.30492775514722" lon="-117.32841426506639">
        <time>2005-05-19T14:56:07-07:00</time>
      </trkpt>
      <trkpt lat="34.304874278604984" lon="-117.32844779267907">
        <time>2005-05-19T14:56:08-07:00</time>
      </trkpt>
      <trkpt lat="34.30485583841801" lon="-117.32847126200795">
        <time>2005-05-19T14:56:09-07:00</time>
      </trkpt>
      <trkpt lat="34.30481728166342" lon="-117.32849129475653">
        <time>2005-05-19T14:56:12-07:00</time>
      </trkpt>
      <trkpt lat="34.30478752590716" lon="-117.32851107604802">
        <time>2005-05-19T14:56:13-07:00</time>
      </trkpt>
      <trkpt lat="34.30477394722402" lon="-117.32851861976087">
        <time>2005-05-19T14:56:18-07:00</time>
      </trkpt>
      <trkpt lat="34.3047302775085" lon="-117.32855382375419">
        <time>2005-05-19T14:56:19-07:00</time>
      </trkpt>
      <trkpt lat="34.30465852841735" lon="-117.32858039438725">
        <time>2005-05-19T14:56:24-07:00</time>
      </trkpt>
      <trkpt lat="34.30458275601268" lon="-117.3286053724587">
        <time>2005-05-19T14:56:26-07:00</time>
      </trkpt>
      <trkpt lat="34.30451720952988" lon="-117.32864887453616">
        <time>2005-05-19T14:56:30-07:00</time>
      </trkpt>
      <trkpt lat="34.30450824089348" lon="-117.32865910045803">
        <time>2005-05-19T14:56:34-07:00</time>
      </trkpt>
      <trkpt lat="34.30448217317462" lon="-117.32869095169008">
        <time>2005-05-19T14:56:35-07:00</time>
      </trkpt>
      <trkpt lat="34.30444319732487" lon="-117.32874258421361">
        <time>2005-05-19T14:56:40-07:00</time>
      </trkpt>
      <trkpt lat="34.3043676763773" lon="-117.32881475239992">
        <time>2005-05-19T14:56:47-07:00</time>
      </trkpt>
      <trkpt lat="34.304318223148584" lon="-117.32883973047137">
        <time>2005-05-19T14:56:53-07:00</time>
      </trkpt>
      <trkpt lat="34.30428335443139" lon="-117.32886881567538">
        <time>2005-05-19T14:56:59-07:00</time>
      </trkpt>
      <trkpt lat="34.304274218156934" lon="-117.32887879014015">
        <time>2005-05-19T14:57:00-07:00</time>
      </trkpt>
      <trkpt lat="34.3042466416955" lon="-117.32890971936285">
        <time>2005-05-19T14:57:03-07:00</time>
      </trkpt>
      <trkpt lat="34.304215712472796" lon="-117.32895456254482">
        <time>2005-05-19T14:57:08-07:00</time>
      </trkpt>
      <trkpt lat="34.30417480878532" lon="-117.32904483564198">
        <time>2005-05-19T14:57:15-07:00</time>
      </trkpt>
      <trkpt lat="34.30413767695427" lon="-117.3291577398777">
        <time>2005-05-19T14:57:19-07:00</time>
      </trkpt>
      <trkpt lat="34.30411865003407" lon="-117.32921121641994">
        <time>2005-05-19T14:57:22-07:00</time>
      </trkpt>
      <trkpt lat="34.30411680601537" lon="-117.32926787808537">
        <time>2005-05-19T14:57:23-07:00</time>
      </trkpt>
      <trkpt lat="34.304107669740915" lon="-117.32930769212544">
        <time>2005-05-19T14:57:26-07:00</time>
      </trkpt>
      <trkpt lat="34.30410020984709" lon="-117.3293216060847">
        <time>2005-05-19T14:57:30-07:00</time>
      </trkpt>
      <trkpt lat="34.304090067744255" lon="-117.32934968546033">
        <time>2005-05-19T14:57:36-07:00</time>
      </trkpt>
      <trkpt lat="34.304050505161285" lon="-117.32940676622093">
        <time>2005-05-19T14:57:44-07:00</time>
      </trkpt>
      <trkpt lat="34.30403466336429" lon="-117.32943668961525">
        <time>2005-05-19T14:57:48-07:00</time>
      </trkpt>
      <trkpt lat="34.30399945937097" lon="-117.32954716309905">
        <time>2005-05-19T14:57:51-07:00</time>
      </trkpt>
      <trkpt lat="34.30393944494426" lon="-117.32957297936082">
        <time>2005-05-19T14:57:53-07:00</time>
      </trkpt>
      <trkpt lat="34.3039289675653" lon="-117.32957658357918">
        <time>2005-05-19T14:57:54-07:00</time>
      </trkpt>
      <trkpt lat="34.30385420098901" lon="-117.32960801571608">
        <time>2005-05-19T14:57:56-07:00</time>
      </trkpt>
      <trkpt lat="34.30384372361004" lon="-117.32960751280189">
        <time>2005-05-19T14:58:01-07:00</time>
      </trkpt>
      <trkpt lat="34.303832072764635" lon="-117.32961790636182">
        <time>2005-05-19T14:58:03-07:00</time>
      </trkpt>
      <trkpt lat="34.303824780508876" lon="-117.3296276293695">
        <time>2005-05-19T14:58:09-07:00</time>
      </trkpt>
      <trkpt lat="34.303759736940265" lon="-117.32969745062292">
        <time>2005-05-19T14:58:15-07:00</time>
      </trkpt>
      <trkpt lat="34.303743643686175" lon="-117.32969912700355">
        <time>2005-05-19T14:58:16-07:00</time>
      </trkpt>
      <trkpt lat="34.3037130497396" lon="-117.32970608398318">
        <time>2005-05-19T14:58:23-07:00</time>
      </trkpt>
      <trkpt lat="34.30365739390254" lon="-117.32974112033844">
        <time>2005-05-19T14:58:25-07:00</time>
      </trkpt>
      <trkpt lat="34.3036335054785" lon="-117.32978755608201">
        <time>2005-05-19T14:58:27-07:00</time>
      </trkpt>
      <trkpt lat="34.303625375032425" lon="-117.32983290217817">
        <time>2005-05-19T14:58:28-07:00</time>
      </trkpt>
      <trkpt lat="34.30362604558468" lon="-117.32984681613743">
        <time>2005-05-19T14:58:34-07:00</time>
      </trkpt>
      <trkpt lat="34.30361883714795" lon="-117.32989065349102">
        <time>2005-05-19T14:58:40-07:00</time>
      </trkpt>
      <trkpt lat="34.30361640639603" lon="-117.32993574813008">
        <time>2005-05-19T14:58:45-07:00</time>
      </trkpt>
      <trkpt lat="34.303622441366315" lon="-117.33000850304961">
        <time>2005-05-19T14:58:51-07:00</time>
      </trkpt>
      <trkpt lat="34.303621016442776" lon="-117.3300351575017">
        <time>2005-05-19T14:58:55-07:00</time>
      </trkpt>
      <trkpt lat="34.30361338891089" lon="-117.33008528128266">
        <time>2005-05-19T14:58:59-07:00</time>
      </trkpt>
      <trkpt lat="34.303606348112226" lon="-117.33009760268033">
        <time>2005-05-19T14:59:00-07:00</time>
      </trkpt>
      <trkpt lat="34.30352839641273" lon="-117.33012945391238">
        <time>2005-05-19T14:59:03-07:00</time>
      </trkpt>
      <trkpt lat="34.3034453317523" lon="-117.33011436648667">
        <time>2005-05-19T14:59:05-07:00</time>
      </trkpt>
      <trkpt lat="34.303380539640784" lon="-117.33012593351305">
        <time>2005-05-19T14:59:10-07:00</time>
      </trkpt>
      <trkpt lat="34.30335723794997" lon="-117.3301313817501">
        <time>2005-05-19T14:59:12-07:00</time>
      </trkpt>
      <trkpt lat="34.3033211119473" lon="-117.33014470897615">
        <time>2005-05-19T14:59:15-07:00</time>
      </trkpt>
      <trkpt lat="34.30330568924546" lon="-117.33017086051404">
        <time>2005-05-19T14:59:16-07:00</time>
      </trkpt>
      <trkpt lat="34.30329445749521" lon="-117.3302022088319">
        <time>2005-05-19T14:59:22-07:00</time>
      </trkpt>
      <trkpt lat="34.30327123962343" lon="-117.33029625378549">
        <time>2005-05-19T14:59:28-07:00</time>
      </trkpt>
      <trkpt lat="34.30326696485281" lon="-117.33031100593507">
        <time>2005-05-19T14:59:34-07:00</time>
      </trkpt>
      <trkpt lat="34.303223211318254" lon="-117.33039122074842">
        <time>2005-05-19T14:59:36-07:00</time>
      </trkpt>
      <trkpt lat="34.30318700149655" lon="-117.33043514192104">
        <time>2005-05-19T14:59:39-07:00</time>
      </trkpt>
      <trkpt lat="34.30318733677268" lon="-117.33044972643256">
        <time>2005-05-19T14:59:41-07:00</time>
      </trkpt>
      <trkpt lat="34.303234443068504" lon="-117.3304841760546">
        <time>2005-05-19T14:59:43-07:00</time>
      </trkpt>
      <trkpt lat="34.303256906569004" lon="-117.3305029515177">
        <time>2005-05-19T14:59:49-07:00</time>
      </trkpt>
      <trkpt lat="34.303304851055145" lon="-117.33053748495877">
        <time>2005-05-19T14:59:50-07:00</time>
      </trkpt>
      <trkpt lat="34.30337408557534" lon="-117.33059146441519">
        <time>2005-05-19T14:59:56-07:00</time>
      </trkpt>
      <trkpt lat="34.30337534286082" lon="-117.33060621656477">
        <time>2005-05-19T15:00:00-07:00</time>
      </trkpt>
      <trkpt lat="34.30337056517601" lon="-117.33061795122921">
        <time>2005-05-19T15:00:01-07:00</time>
      </trkpt>
      <trkpt lat="34.303357154130936" lon="-117.33067838475108">
        <time>2005-05-19T15:00:05-07:00</time>
      </trkpt>
      <trkpt lat="34.30328951217234" lon="-117.33070948161185">
        <time>2005-05-19T15:00:07-07:00</time>
      </trkpt>
      <trkpt lat="34.3032175116241" lon="-117.33074351213872">
        <time>2005-05-19T15:00:11-07:00</time>
      </trkpt>
      <trkpt lat="34.30320602841675" lon="-117.33075038529932">
        <time>2005-05-19T15:00:18-07:00</time>
      </trkpt>
      <trkpt lat="34.30312220938504" lon="-117.33077888377011">
        <time>2005-05-19T15:00:19-07:00</time>
      </trkpt>
      <trkpt lat="34.30310963653028" lon="-117.33078500255942">
        <time>2005-05-19T15:00:20-07:00</time>
      </trkpt>
      <trkpt lat="34.30305926129222" lon="-117.33079648576677">
        <time>2005-05-19T15:00:24-07:00</time>
      </trkpt>
      <trkpt lat="34.303050711750984" lon="-117.33080562204123">
        <time>2005-05-19T15:00:29-07:00</time>
      </trkpt>
      <trkpt lat="34.30305004119873" lon="-117.33082138001919">
        <time>2005-05-19T15:00:35-07:00</time>
      </trkpt>
      <trkpt lat="34.30306043475866" lon="-117.33085281215608">
        <time>2005-05-19T15:00:36-07:00</time>
      </trkpt>
      <trkpt lat="34.30306697264314" lon="-117.33086647465825">
        <time>2005-05-19T15:00:42-07:00</time>
      </trkpt>
      <trkpt lat="34.3031017575413" lon="-117.33094660565257">
        <time>2005-05-19T15:00:43-07:00</time>
      </trkpt>
      <trkpt lat="34.30311634205282" lon="-117.33098767697811">
        <time>2005-05-19T15:00:47-07:00</time>
      </trkpt>
      <trkpt lat="34.30312589742243" lon="-117.33101483434439">
        <time>2005-05-19T15:00:48-07:00</time>
      </trkpt>
      <trkpt lat="34.303127909079194" lon="-117.33110728673637">
        <time>2005-05-19T15:00:49-07:00</time>
      </trkpt>
      <trkpt lat="34.30316738784313" lon="-117.33120367862284">
        <time>2005-05-19T15:00:51-07:00</time>
      </trkpt>
      <trkpt lat="34.3031847383827" lon="-117.33125472441316">
        <time>2005-05-19T15:00:52-07:00</time>
      </trkpt>
      <trkpt lat="34.30316763930023" lon="-117.33127819374204">
        <time>2005-05-19T15:00:58-07:00</time>
      </trkpt>
      <trkpt lat="34.303156323730946" lon="-117.33128255233169">
        <time>2005-05-19T15:01:01-07:00</time>
      </trkpt>
      <trkpt lat="34.30314240977168" lon="-117.33127961866558">
        <time>2005-05-19T15:01:03-07:00</time>
      </trkpt>
      <trkpt lat="34.30308574810624" lon="-117.33125522732735">
        <time>2005-05-19T15:01:09-07:00</time>
      </trkpt>
      <trkpt lat="34.30303243920207" lon="-117.33123293146491">
        <time>2005-05-19T15:01:16-07:00</time>
      </trkpt>
      <trkpt lat="34.302988182753325" lon="-117.33121155761182">
        <time>2005-05-19T15:01:19-07:00</time>
      </trkpt>
      <trkpt lat="34.30293185636401" lon="-117.33119412325323">
        <time>2005-05-19T15:01:21-07:00</time>
      </trkpt>
      <trkpt lat="34.30289363488555" lon="-117.33117090538144">
        <time>2005-05-19T15:01:22-07:00</time>
      </trkpt>
      <trkpt lat="34.30283202789724" lon="-117.33120979741216">
        <time>2005-05-19T15:01:23-07:00</time>
      </trkpt>
      <trkpt lat="34.30278860963881" lon="-117.33126075938344">
        <time>2005-05-19T15:01:27-07:00</time>
      </trkpt>
      <trkpt lat="34.30271292105317" lon="-117.33133510686457">
        <time>2005-05-19T15:01:31-07:00</time>
      </trkpt>
      <trkpt lat="34.30268995463848" lon="-117.33135958202183">
        <time>2005-05-19T15:01:35-07:00</time>
      </trkpt>
      <trkpt lat="34.30264829657972" lon="-117.33139813877642">
        <time>2005-05-19T15:01:41-07:00</time>
      </trkpt>
      <trkpt lat="34.302583085373044" lon="-117.3314025811851">
        <time>2005-05-19T15:01:45-07:00</time>
      </trkpt>
      <trkpt lat="34.302535308524966" lon="-117.33141615986824">
        <time>2005-05-19T15:01:50-07:00</time>
      </trkpt>
      <trkpt lat="34.302525501698256" lon="-117.3314356058836">
        <time>2005-05-19T15:01:55-07:00</time>
      </trkpt>
      <trkpt lat="34.30252525024116" lon="-117.33144080266356">
        <time>2005-05-19T15:02:03-07:00</time>
      </trkpt>
      <trkpt lat="34.302530363202095" lon="-117.3314461670816">
        <time>2005-05-19T15:02:05-07:00</time>
      </trkpt>
      <trkpt lat="34.302535727620125" lon="-117.33146569691598">
        <time>2005-05-19T15:02:09-07:00</time>
      </trkpt>
      <trkpt lat="34.302554838359356" lon="-117.33147617429495">
        <time>2005-05-19T15:02:14-07:00</time>
      </trkpt>
      <trkpt lat="34.30257151834667" lon="-117.3314908426255">
        <time>2005-05-19T15:02:19-07:00</time>
      </trkpt>
      <trkpt lat="34.30258585140109" lon="-117.33156401664019">
        <time>2005-05-19T15:02:22-07:00</time>
      </trkpt>
      <trkpt lat="34.30256984196603" lon="-117.33161556534469">
        <time>2005-05-19T15:02:23-07:00</time>
      </trkpt>
      <trkpt lat="34.302566489204764" lon="-117.3316409625113">
        <time>2005-05-19T15:02:24-07:00</time>
      </trkpt>
      <trkpt lat="34.30254167877138" lon="-117.3316856380552">
        <time>2005-05-19T15:02:26-07:00</time>
      </trkpt>
      <trkpt lat="34.30253782309592" lon="-117.33169888146222">
        <time>2005-05-19T15:02:29-07:00</time>
      </trkpt>
      <trkpt lat="34.302519550547004" lon="-117.33174473047256">
        <time>2005-05-19T15:02:31-07:00</time>
      </trkpt>
      <trkpt lat="34.30251142010093" lon="-117.33175554312766">
        <time>2005-05-19T15:02:38-07:00</time>
      </trkpt>
      <trkpt lat="34.30249297991395" lon="-117.3317688703537">
        <time>2005-05-19T15:02:43-07:00</time>
      </trkpt>
      <trkpt lat="34.302461883053184" lon="-117.33180172741413">
        <time>2005-05-19T15:02:45-07:00</time>
      </trkpt>
      <trkpt lat="34.30239541456103" lon="-117.33185746707022">
        <time>2005-05-19T15:02:49-07:00</time>
      </trkpt>
      <trkpt lat="34.30235560052097" lon="-117.33187666162848">
        <time>2005-05-19T15:02:50-07:00</time>
      </trkpt>
      <trkpt lat="34.30231310427189" lon="-117.33189032413065">
        <time>2005-05-19T15:02:53-07:00</time>
      </trkpt>
      <trkpt lat="34.302229871973395" lon="-117.3318827804178">
        <time>2005-05-19T15:02:54-07:00</time>
      </trkpt>
      <trkpt lat="34.302176563069224" lon="-117.33183902688324">
        <time>2005-05-19T15:02:56-07:00</time>
      </trkpt>
      <trkpt lat="34.302121913060546" lon="-117.33179041184485">
        <time>2005-05-19T15:03:00-07:00</time>
      </trkpt>
      <trkpt lat="34.30206114426255" lon="-117.3317223507911">
        <time>2005-05-19T15:03:07-07:00</time>
      </trkpt>
      <trkpt lat="34.30203817784786" lon="-117.33168572187424">
        <time>2005-05-19T15:03:10-07:00</time>
      </trkpt>
      <trkpt lat="34.30201797746122" lon="-117.33165445737541">
        <time>2005-05-19T15:03:13-07:00</time>
      </trkpt>
      <trkpt lat="34.30200238712132" lon="-117.33163098804653">
        <time>2005-05-19T15:03:19-07:00</time>
      </trkpt>
      <trkpt lat="34.30194069631398" lon="-117.33155161142349">
        <time>2005-05-19T15:03:25-07:00</time>
      </trkpt>
      <trkpt lat="34.3019032292068" lon="-117.33153786510229">
        <time>2005-05-19T15:03:31-07:00</time>
      </trkpt>
      <trkpt lat="34.30184992030263" lon="-117.33152428641915">
        <time>2005-05-19T15:03:37-07:00</time>
      </trkpt>
      <trkpt lat="34.301816895604134" lon="-117.33151908963919">
        <time>2005-05-19T15:03:40-07:00</time>
      </trkpt>
      <trkpt lat="34.301812537014484" lon="-117.33152143657207">
        <time>2005-05-19T15:03:43-07:00</time>
      </trkpt>
      <trkpt lat="34.30178001523018" lon="-117.33151691034436">
        <time>2005-05-19T15:03:45-07:00</time>
      </trkpt>
      <trkpt lat="34.301743134856224" lon="-117.33153635635972">
        <time>2005-05-19T15:03:53-07:00</time>
      </trkpt>
      <trkpt lat="34.30165143683553" lon="-117.33159611932933">
        <time>2005-05-19T15:03:55-07:00</time>
      </trkpt>
      <trkpt lat="34.30156392976642" lon="-117.33162755146623">
        <time>2005-05-19T15:03:58-07:00</time>
      </trkpt>
      <trkpt lat="34.30154942907393" lon="-117.33162922784686">
        <time>2005-05-19T15:04:02-07:00</time>
      </trkpt>
      <trkpt lat="34.301487654447556" lon="-117.33161841519177">
        <time>2005-05-19T15:04:03-07:00</time>
      </trkpt>
      <trkpt lat="34.301427556201816" lon="-117.33160190284252">
        <time>2005-05-19T15:04:09-07:00</time>
      </trkpt>
      <trkpt lat="34.30141716264188" lon="-117.33160181902349">
        <time>2005-05-19T15:04:16-07:00</time>
      </trkpt>
      <trkpt lat="34.301350777968764" lon="-117.33161430805922">
        <time>2005-05-19T15:04:24-07:00</time>
      </trkpt>
      <trkpt lat="34.30130920372903" lon="-117.3316459916532">
        <time>2005-05-19T15:04:31-07:00</time>
      </trkpt>
      <trkpt lat="34.30128498002887" lon="-117.33166744932532">
        <time>2005-05-19T15:04:32-07:00</time>
      </trkpt>
      <trkpt lat="34.30124633945525" lon="-117.33171572908759">
        <time>2005-05-19T15:04:37-07:00</time>
      </trkpt>
      <trkpt lat="34.30123561061919" lon="-117.33174523338675">
        <time>2005-05-19T15:04:42-07:00</time>
      </trkpt>
      <trkpt lat="34.30121038109064" lon="-117.33181765303016">
        <time>2005-05-19T15:04:43-07:00</time>
      </trkpt>
      <trkpt lat="34.30116000585258" lon="-117.33190918341279">
        <time>2005-05-19T15:04:48-07:00</time>
      </trkpt>
      <trkpt lat="34.301118683069944" lon="-117.33197112567723">
        <time>2005-05-19T15:04:52-07:00</time>
      </trkpt>
      <trkpt lat="34.30110979825258" lon="-117.33198864385486">
        <time>2005-05-19T15:04:55-07:00</time>
      </trkpt>
      <trkpt lat="34.30108507163823" lon="-117.33201663941145">
        <time>2005-05-19T15:05:00-07:00</time>
      </trkpt>
      <trkpt lat="34.30105405859649" lon="-117.33203910291195">
        <time>2005-05-19T15:05:03-07:00</time>
      </trkpt>
      <trkpt lat="34.30104425176978" lon="-117.33204706571996">
        <time>2005-05-19T15:05:09-07:00</time>
      </trkpt>
      <trkpt lat="34.30096420459449" lon="-117.33213071711361">
        <time>2005-05-19T15:05:17-07:00</time>
      </trkpt>
      <trkpt lat="34.30090301670134" lon="-117.33215292915702">
        <time>2005-05-19T15:05:23-07:00</time>
      </trkpt>
      <trkpt lat="34.30088985711336" lon="-117.332160808146">
        <time>2005-05-19T15:05:25-07:00</time>
      </trkpt>
      <trkpt lat="34.3008429184556" lon="-117.33218980953097">
        <time>2005-05-19T15:05:28-07:00</time>
      </trkpt>
      <trkpt lat="34.300837721675634" lon="-117.33220539987087">
        <time>2005-05-19T15:05:31-07:00</time>
      </trkpt>
      <trkpt lat="34.30078189820051" lon="-117.3322387598455">
        <time>2005-05-19T15:05:32-07:00</time>
      </trkpt>
      <trkpt lat="34.3007757794112" lon="-117.33224781230092">
        <time>2005-05-19T15:05:41-07:00</time>
      </trkpt>
      <trkpt lat="34.30075088515878" lon="-117.33227245509624">
        <time>2005-05-19T15:05:46-07:00</time>
      </trkpt>
      <trkpt lat="34.300720458850265" lon="-117.33228620141745">
        <time>2005-05-19T15:05:47-07:00</time>
      </trkpt>
      <trkpt lat="34.30067226290703" lon="-117.33228980563581">
        <time>2005-05-19T15:05:51-07:00</time>
      </trkpt>
      <trkpt lat="34.30065860040486" lon="-117.33228796161711">
        <time>2005-05-19T15:05:52-07:00</time>
      </trkpt>
      <trkpt lat="34.300646279007196" lon="-117.33229047618806">
        <time>2005-05-19T15:05:57-07:00</time>
      </trkpt>
      <trkpt lat="34.30056438781321" lon="-117.33227714896202">
        <time>2005-05-19T15:05:58-07:00</time>
      </trkpt>
      <trkpt lat="34.30049758404493" lon="-117.33232098631561">
        <time>2005-05-19T15:06:01-07:00</time>
      </trkpt>
      <trkpt lat="34.300454668700695" lon="-117.33238108456135">
        <time>2005-05-19T15:06:04-07:00</time>
      </trkpt>
      <trkpt lat="34.3003991805017" lon="-117.33242115005851">
        <time>2005-05-19T15:06:08-07:00</time>
      </trkpt>
      <trkpt lat="34.300326090306044" lon="-117.33247227966785">
        <time>2005-05-19T15:06:09-07:00</time>
      </trkpt>
      <trkpt lat="34.30030186660588" lon="-117.33249147422612">
        <time>2005-05-19T15:06:10-07:00</time>
      </trkpt>
      <trkpt lat="34.30027018301189" lon="-117.33253648504615">
        <time>2005-05-19T15:06:16-07:00</time>
      </trkpt>
      <trkpt lat="34.30027420632541" lon="-117.33260815031826">
        <time>2005-05-19T15:06:22-07:00</time>
      </trkpt>
      <trkpt lat="34.30032550357282" lon="-117.33273622579873">
        <time>2005-05-19T15:06:28-07:00</time>
      </trkpt>
      <trkpt lat="34.30032248608768" lon="-117.33280261047184">
        <time>2005-05-19T15:06:34-07:00</time>
      </trkpt>
      <trkpt lat="34.30030672810972" lon="-117.33280403539538">
        <time>2005-05-19T15:06:40-07:00</time>
      </trkpt>
      <trkpt lat="34.30027169175446" lon="-117.33280864544213">
        <time>2005-05-19T15:06:42-07:00</time>
      </trkpt>
      <trkpt lat="34.30019189603627" lon="-117.33284854330122">
        <time>2005-05-19T15:06:46-07:00</time>
      </trkpt>
      <trkpt lat="34.3001555185765" lon="-117.33292263932526">
        <time>2005-05-19T15:06:51-07:00</time>
      </trkpt>
      <trkpt lat="34.30014856159687" lon="-117.33301157131791">
        <time>2005-05-19T15:06:59-07:00</time>
      </trkpt>
      <trkpt lat="34.300166834145784" lon="-117.33312204480171">
        <time>2005-05-19T15:07:03-07:00</time>
      </trkpt>
      <trkpt lat="34.30016675032675" lon="-117.33315766789019">
        <time>2005-05-19T15:07:05-07:00</time>
      </trkpt>
      <trkpt lat="34.300147388130426" lon="-117.33316521160305">
        <time>2005-05-19T15:07:08-07:00</time>
      </trkpt>
      <trkpt lat="34.30013196542859" lon="-117.33316604979336">
        <time>2005-05-19T15:07:14-07:00</time>
      </trkpt>
      <trkpt lat="34.30006155744195" lon="-117.33316261321306">
        <time>2005-05-19T15:07:20-07:00</time>
      </trkpt>
      <trkpt lat="34.300046637654305" lon="-117.33316797763109">
        <time>2005-05-19T15:07:25-07:00</time>
      </trkpt>
      <trkpt lat="34.3000019621104" lon="-117.33319597318769">
        <time>2005-05-19T15:07:31-07:00</time>
      </trkpt>
      <trkpt lat="34.29997664876282" lon="-117.33328381553292">
        <time>2005-05-19T15:07:33-07:00</time>
      </trkpt>
      <trkpt lat="34.299942115321755" lon="-117.33336042612791">
        <time>2005-05-19T15:07:35-07:00</time>
      </trkpt>
      <trkpt lat="34.299926944077015" lon="-117.33336981385946">
        <time>2005-05-19T15:07:36-07:00</time>
      </trkpt>
      <trkpt lat="34.299883944913745" lon="-117.33340032398701">
        <time>2005-05-19T15:07:41-07:00</time>
      </trkpt>
      <trkpt lat="34.299847818911076" lon="-117.33342102728784">
        <time>2005-05-19T15:07:42-07:00</time>
      </trkpt>
      <trkpt lat="34.29980607703328" lon="-117.33348271809518">
        <time>2005-05-19T15:07:46-07:00</time>
      </trkpt>
      <trkpt lat="34.29977523162961" lon="-117.33356041833758">
        <time>2005-05-19T15:07:51-07:00</time>
      </trkpt>
      <trkpt lat="34.29972284473479" lon="-117.33362764120102">
        <time>2005-05-19T15:07:56-07:00</time>
      </trkpt>
      <trkpt lat="34.29967984557152" lon="-117.33368279412389">
        <time>2005-05-19T15:07:57-07:00</time>
      </trkpt>
      <trkpt lat="34.29960222914815" lon="-117.33373459428549">
        <time>2005-05-19T15:08:00-07:00</time>
      </trkpt>
      <trkpt lat="34.299544394016266" lon="-117.33375940471888">
        <time>2005-05-19T15:08:03-07:00</time>
      </trkpt>
      <trkpt lat="34.29950977675617" lon="-117.33378664590418">
        <time>2005-05-19T15:08:08-07:00</time>
      </trkpt>
      <trkpt lat="34.29948999546468" lon="-117.33381304889917">
        <time>2005-05-19T15:08:13-07:00</time>
      </trkpt>
      <trkpt lat="34.29948161356151" lon="-117.333825789392">
        <time>2005-05-19T15:08:18-07:00</time>
      </trkpt>
      <trkpt lat="34.299436854198575" lon="-117.33391312882304">
        <time>2005-05-19T15:08:24-07:00</time>
      </trkpt>
      <trkpt lat="34.29944456554949" lon="-117.33396911993623">
        <time>2005-05-19T15:08:29-07:00</time>
      </trkpt>
      <trkpt lat="34.29945521056652" lon="-117.33398688957095">
        <time>2005-05-19T15:08:34-07:00</time>
      </trkpt>
      <trkpt lat="34.29952075704932" lon="-117.33409099280834">
        <time>2005-05-19T15:08:37-07:00</time>
      </trkpt>
      <trkpt lat="34.299542382359505" lon="-117.33417883515358">
        <time>2005-05-19T15:08:39-07:00</time>
      </trkpt>
      <trkpt lat="34.29954229854047" lon="-117.3342002928257">
        <time>2005-05-19T15:08:40-07:00</time>
      </trkpt>
      <trkpt lat="34.299549674615264" lon="-117.33432325534523">
        <time>2005-05-19T15:08:47-07:00</time>
      </trkpt>
      <trkpt lat="34.29956367239356" lon="-117.3344059009105">
        <time>2005-05-19T15:08:50-07:00</time>
      </trkpt>
      <trkpt lat="34.29959686473012" lon="-117.33447480015457">
        <time>2005-05-19T15:08:51-07:00</time>
      </trkpt>
      <trkpt lat="34.2996134608984" lon="-117.3345248401165">
        <time>2005-05-19T15:08:57-07:00</time>
      </trkpt>
      <trkpt lat="34.29962435737252" lon="-117.33457077294588">
        <time>2005-05-19T15:09:03-07:00</time>
      </trkpt>
      <trkpt lat="34.29963701404631" lon="-117.3345832619816">
        <time>2005-05-19T15:09:04-07:00</time>
      </trkpt>
      <trkpt lat="34.299667524173856" lon="-117.33463548123837">
        <time>2005-05-19T15:09:11-07:00</time>
      </trkpt>
      <trkpt lat="34.29969216696918" lon="-117.33469013124704">
        <time>2005-05-19T15:09:16-07:00</time>
      </trkpt>
      <trkpt lat="34.29972913116217" lon="-117.33476758003235">
        <time>2005-05-19T15:09:22-07:00</time>
      </trkpt>
      <trkpt lat="34.2997638322413" lon="-117.33485726639628">
        <time>2005-05-19T15:09:26-07:00</time>
      </trkpt>
      <trkpt lat="34.29978654719889" lon="-117.33490269631147">
        <time>2005-05-19T15:09:29-07:00</time>
      </trkpt>
      <trkpt lat="34.299790570512414" lon="-117.33493161387742">
        <time>2005-05-19T15:09:30-07:00</time>
      </trkpt>
      <trkpt lat="34.299822840839624" lon="-117.3350259102881">
        <time>2005-05-19T15:09:34-07:00</time>
      </trkpt>
      <trkpt lat="34.29987723939121" lon="-117.33510578982532">
        <time>2005-05-19T15:09:39-07:00</time>
      </trkpt>
      <trkpt lat="34.29989802651107" lon="-117.33512892387807">
        <time>2005-05-19T15:09:47-07:00</time>
      </trkpt>
      <trkpt lat="34.299901546910405" lon="-117.335149878636">
        <time>2005-05-19T15:09:54-07:00</time>
      </trkpt>
      <trkpt lat="34.29985377006233" lon="-117.3351865913719">
        <time>2005-05-19T15:09:58-07:00</time>
      </trkpt>
      <trkpt lat="34.29977581836283" lon="-117.33519572764635">
        <time>2005-05-19T15:10:00-07:00</time>
      </trkpt>
      <trkpt lat="34.299716809764504" lon="-117.33518541790545">
        <time>2005-05-19T15:10:06-07:00</time>
      </trkpt>
      <trkpt lat="34.29970842786133" lon="-117.33518281951547">
        <time>2005-05-19T15:10:13-07:00</time>
      </trkpt>
      <trkpt lat="34.299664590507746" lon="-117.33517276123166">
        <time>2005-05-19T15:10:17-07:00</time>
      </trkpt>
      <trkpt lat="34.29964522831142" lon="-117.33515574596822">
        <time>2005-05-19T15:10:19-07:00</time>
      </trkpt>
      <trkpt lat="34.29955495521426" lon="-117.33512456528842">
        <time>2005-05-19T15:10:24-07:00</time>
      </trkpt>
      <trkpt lat="34.29953190498054" lon="-117.3351258225739">
        <time>2005-05-19T15:10:31-07:00</time>
      </trkpt>
      <trkpt lat="34.29950977675617" lon="-117.33515658415854">
        <time>2005-05-19T15:10:36-07:00</time>
      </trkpt>
      <trkpt lat="34.29952461272478" lon="-117.33525096438825">
        <time>2005-05-19T15:10:37-07:00</time>
      </trkpt>
      <trkpt lat="34.29949435405433" lon="-117.33532187528908">
        <time>2005-05-19T15:10:41-07:00</time>
      </trkpt>
      <trkpt lat="34.299444733187556" lon="-117.33541374094784">
        <time>2005-05-19T15:10:43-07:00</time>
      </trkpt>
      <trkpt lat="34.299435345456004" lon="-117.33544391579926">
        <time>2005-05-19T15:10:50-07:00</time>
      </trkpt>
      <trkpt lat="34.29939947091043" lon="-117.33549060299993">
        <time>2005-05-19T15:10:52-07:00</time>
      </trkpt>
      <trkpt lat="34.299361165612936" lon="-117.33555640093982">
        <time>2005-05-19T15:10:55-07:00</time>
      </trkpt>
      <trkpt lat="34.299358651041985" lon="-117.33556050807238">
        <time>2005-05-19T15:11:01-07:00</time>
      </trkpt>
      <trkpt lat="34.29935202933848" lon="-117.33557366766036">
        <time>2005-05-19T15:11:06-07:00</time>
      </trkpt>
      <trkpt lat="34.299334175884724" lon="-117.33557567931712">
        <time>2005-05-19T15:11:12-07:00</time>
      </trkpt>
      <trkpt lat="34.2993113771081" lon="-117.33551474288106">
        <time>2005-05-19T15:11:14-07:00</time>
      </trkpt>
      <trkpt lat="34.29931305348873" lon="-117.33544182032347">
        <time>2005-05-19T15:11:18-07:00</time>
      </trkpt>
      <trkpt lat="34.29929033853114" lon="-117.33536110259593">
        <time>2005-05-19T15:11:24-07:00</time>
      </trkpt>
      <trkpt lat="34.29926502518356" lon="-117.33531449921429">
        <time>2005-05-19T15:11:25-07:00</time>
      </trkpt>
      <trkpt lat="34.29926066659391" lon="-117.33530293218791">
        <time>2005-05-19T15:11:28-07:00</time>
      </trkpt>
      <trkpt lat="34.29923233576119" lon="-117.3352331109345">
        <time>2005-05-19T15:11:30-07:00</time>
      </trkpt>
      <trkpt lat="34.29918447509408" lon="-117.33517938293517">
        <time>2005-05-19T15:11:34-07:00</time>
      </trkpt>
      <trkpt lat="34.29912840016186" lon="-117.33522498048842">
        <time>2005-05-19T15:11:39-07:00</time>
      </trkpt>
      <trkpt lat="34.29906754754484" lon="-117.33528264798224">
        <time>2005-05-19T15:11:44-07:00</time>
      </trkpt>
      <trkpt lat="34.299055729061365" lon="-117.33529991470277">
        <time>2005-05-19T15:11:48-07:00</time>
      </trkpt>
      <trkpt lat="34.299004431813955" lon="-117.33535800129175">
        <time>2005-05-19T15:11:49-07:00</time>
      </trkpt>
      <trkpt lat="34.29897450841963" lon="-117.33538239262998">
        <time>2005-05-19T15:11:54-07:00</time>
      </trkpt>
      <trkpt lat="34.29891466163099" lon="-117.33541147783399">
        <time>2005-05-19T15:11:59-07:00</time>
      </trkpt>
      <trkpt lat="34.298869986087084" lon="-117.33550225384533">
        <time>2005-05-19T15:12:04-07:00</time>
      </trkpt>
      <trkpt lat="34.29885121062398" lon="-117.33557417057455">
        <time>2005-05-19T15:12:10-07:00</time>
      </trkpt>
      <trkpt lat="34.29883109405637" lon="-117.33558313921094">
        <time>2005-05-19T15:12:11-07:00</time>
      </trkpt>
      <trkpt lat="34.29876043461263" lon="-117.33556251972914">
        <time>2005-05-19T15:12:16-07:00</time>
      </trkpt>
      <trkpt lat="34.298692625015974" lon="-117.33556235209107">
        <time>2005-05-19T15:12:19-07:00</time>
      </trkpt>
      <trkpt lat="34.298595981672406" lon="-117.33560166321695">
        <time>2005-05-19T15:12:24-07:00</time>
      </trkpt>
      <trkpt lat="34.298522137105465" lon="-117.33558590523899">
        <time>2005-05-19T15:12:30-07:00</time>
      </trkpt>
      <trkpt lat="34.29844921454787" lon="-117.33552169986069">
        <time>2005-05-19T15:12:35-07:00</time>
      </trkpt>
      <trkpt lat="34.298416608944535" lon="-117.33545682393014">
        <time>2005-05-19T15:12:37-07:00</time>
      </trkpt>
      <trkpt lat="34.29836112074554" lon="-117.33534400351346">
        <time>2005-05-19T15:12:42-07:00</time>
      </trkpt>
      <trkpt lat="34.2982957419008" lon="-117.33534283004701">
        <time>2005-05-19T15:12:48-07:00</time>
      </trkpt>
      <trkpt lat="34.298235811293125" lon="-117.33534760773182">
        <time>2005-05-19T15:12:55-07:00</time>
      </trkpt>
      <trkpt lat="34.298216700553894" lon="-117.33532740734518">
        <time>2005-05-19T15:13:01-07:00</time>
      </trkpt>
      <trkpt lat="34.298187363892794" lon="-117.33527258969843">
        <time>2005-05-19T15:13:07-07:00</time>
      </trkpt>
      <trkpt lat="34.298162469640374" lon="-117.33523956499994">
        <time>2005-05-19T15:13:12-07:00</time>
      </trkpt>
      <trkpt lat="34.29814629256725" lon="-117.33520754612982">
        <time>2005-05-19T15:13:20-07:00</time>
      </trkpt>
      <trkpt lat="34.29809683933854" lon="-117.33516463078558">
        <time>2005-05-19T15:13:25-07:00</time>
      </trkpt>
      <trkpt lat="34.298072615638375" lon="-117.33515071682632">
        <time>2005-05-19T15:13:30-07:00</time>
      </trkpt>
      <trkpt lat="34.29797186516225" lon="-117.33513990417123">
        <time>2005-05-19T15:13:32-07:00</time>
      </trkpt>
      <trkpt lat="34.29792710579932" lon="-117.33518441207707">
        <time>2005-05-19T15:13:36-07:00</time>
      </trkpt>
      <trkpt lat="34.29791998118162" lon="-117.3352193646133">
        <time>2005-05-19T15:13:39-07:00</time>
      </trkpt>
      <trkpt lat="34.29793020710349" lon="-117.33529044315219">
        <time>2005-05-19T15:13:42-07:00</time>
      </trkpt>
      <trkpt lat="34.29793012328446" lon="-117.33532514423132">
        <time>2005-05-19T15:13:47-07:00</time>
      </trkpt>
      <trkpt lat="34.297922160476446" lon="-117.33534291386604">
        <time>2005-05-19T15:13:49-07:00</time>
      </trkpt>
      <trkpt lat="34.29791118018329" lon="-117.33535582199693">
        <time>2005-05-19T15:13:57-07:00</time>
      </trkpt>
      <trkpt lat="34.297867845743895" lon="-117.33542480506003">
        <time>2005-05-19T15:14:02-07:00</time>
      </trkpt>
      <trkpt lat="34.29784999229014" lon="-117.33544383198023">
        <time>2005-05-19T15:14:04-07:00</time>
      </trkpt>
      <trkpt lat="34.297834569588304" lon="-117.33545271679759">
        <time>2005-05-19T15:14:08-07:00</time>
      </trkpt>
      <trkpt lat="34.29782660678029" lon="-117.33545975759625">
        <time>2005-05-19T15:14:10-07:00</time>
      </trkpt>
      <trkpt lat="34.29778352379799" lon="-117.33551625162363">
        <time>2005-05-19T15:14:11-07:00</time>
      </trkpt>
      <trkpt lat="34.29774505086243" lon="-117.33556159771979">
        <time>2005-05-19T15:14:12-07:00</time>
      </trkpt>
      <trkpt lat="34.29773264564574" lon="-117.33558255247772">
        <time>2005-05-19T15:14:17-07:00</time>
      </trkpt>
      <trkpt lat="34.29771822877228" lon="-117.33559093438089">
        <time>2005-05-19T15:14:19-07:00</time>
      </trkpt>
      <trkpt lat="34.29771940223873" lon="-117.33560870401561">
        <time>2005-05-19T15:14:21-07:00</time>
      </trkpt>
      <trkpt lat="34.29770942777395" lon="-117.33561582863331">
        <time>2005-05-19T15:14:22-07:00</time>
      </trkpt>
      <trkpt lat="34.29768243804574" lon="-117.33563074842095">
        <time>2005-05-19T15:14:28-07:00</time>
      </trkpt>
      <trkpt lat="34.29763340391219" lon="-117.3356073629111">
        <time>2005-05-19T15:14:31-07:00</time>
      </trkpt>
      <trkpt lat="34.29761219769716" lon="-117.33559529297054">
        <time>2005-05-19T15:14:33-07:00</time>
      </trkpt>
      <trkpt lat="34.2975755687803" lon="-117.33555355109274">
        <time>2005-05-19T15:14:38-07:00</time>
      </trkpt>
      <trkpt lat="34.2975586373359" lon="-117.3355365358293">
        <time>2005-05-19T15:14:41-07:00</time>
      </trkpt>
      <trkpt lat="34.29750943556428" lon="-117.33546537347138">
        <time>2005-05-19T15:14:44-07:00</time>
      </trkpt>
      <trkpt lat="34.29748420603573" lon="-117.33536906540394">
        <time>2005-05-19T15:14:50-07:00</time>
      </trkpt>
      <trkpt lat="34.297502813860774" lon="-117.33528893440962">
        <time>2005-05-19T15:14:55-07:00</time>
      </trkpt>
      <trkpt lat="34.297498455271125" lon="-117.33522456139326">
        <time>2005-05-19T15:14:57-07:00</time>
      </trkpt>
      <trkpt lat="34.29747532121837" lon="-117.33519371598959">
        <time>2005-05-19T15:15:00-07:00</time>
      </trkpt>
      <trkpt lat="34.29747087880969" lon="-117.33517276123166">
        <time>2005-05-19T15:15:01-07:00</time>
      </trkpt>
      <trkpt lat="34.29742008447647" lon="-117.33511819504201">
        <time>2005-05-19T15:15:06-07:00</time>
      </trkpt>
      <trkpt lat="34.2973995488137" lon="-117.33510143123567">
        <time>2005-05-19T15:15:12-07:00</time>
      </trkpt>
      <trkpt lat="34.29735881276429" lon="-117.33509422279894">
        <time>2005-05-19T15:15:18-07:00</time>
      </trkpt>
      <trkpt lat="34.29729653522372" lon="-117.33514954335988">
        <time>2005-05-19T15:15:23-07:00</time>
      </trkpt>
      <trkpt lat="34.29722327739" lon="-117.33516463078558">
        <time>2005-05-19T15:15:26-07:00</time>
      </trkpt>
      <trkpt lat="34.29715278558433" lon="-117.33512322418392">
        <time>2005-05-19T15:15:28-07:00</time>
      </trkpt>
      <trkpt lat="34.297144236043096" lon="-117.33510009013116">
        <time>2005-05-19T15:15:33-07:00</time>
      </trkpt>
      <trkpt lat="34.297130992636085" lon="-117.3350552469492">
        <time>2005-05-19T15:15:35-07:00</time>
      </trkpt>
      <trkpt lat="34.29710567928851" lon="-117.33492457307875">
        <time>2005-05-19T15:15:39-07:00</time>
      </trkpt>
      <trkpt lat="34.29709838703275" lon="-117.33489817008376">
        <time>2005-05-19T15:15:46-07:00</time>
      </trkpt>
      <trkpt lat="34.29708573035896" lon="-117.3348427657038">
        <time>2005-05-19T15:15:53-07:00</time>
      </trkpt>
      <trkpt lat="34.297060668468475" lon="-117.33479482121766">
        <time>2005-05-19T15:15:59-07:00</time>
      </trkpt>
      <trkpt lat="34.297038707882166" lon="-117.33475936576724">
        <time>2005-05-19T15:16:01-07:00</time>
      </trkpt>
      <trkpt lat="34.2969817109406" lon="-117.33468929305673">
        <time>2005-05-19T15:16:04-07:00</time>
      </trkpt>
      <trkpt lat="34.296927815303206" lon="-117.33467328362167">
        <time>2005-05-19T15:16:13-07:00</time>
      </trkpt>
      <trkpt lat="34.29686344228685" lon="-117.33469717204571">
        <time>2005-05-19T15:16:15-07:00</time>
      </trkpt>
      <trkpt lat="34.2968450859189" lon="-117.33470949344337">
        <time>2005-05-19T15:16:19-07:00</time>
      </trkpt>
      <trkpt lat="34.29682488553226" lon="-117.33475551009178">
        <time>2005-05-19T15:16:23-07:00</time>
      </trkpt>
      <trkpt lat="34.296814827248454" lon="-117.33483991585672">
        <time>2005-05-19T15:16:26-07:00</time>
      </trkpt>
      <trkpt lat="34.29681356996298" lon="-117.33485366217792">
        <time>2005-05-19T15:16:32-07:00</time>
      </trkpt>
      <trkpt lat="34.29680326022208" lon="-117.33493857085705">
        <time>2005-05-19T15:16:36-07:00</time>
      </trkpt>
      <trkpt lat="34.29679571650922" lon="-117.33500017784536">
        <time>2005-05-19T15:16:41-07:00</time>
      </trkpt>
      <trkpt lat="34.29677702486515" lon="-117.33505834825337">
        <time>2005-05-19T15:16:43-07:00</time>
      </trkpt>
      <trkpt lat="34.29676176980138" lon="-117.33509288169444">
        <time>2005-05-19T15:16:46-07:00</time>
      </trkpt>
      <trkpt lat="34.296747017651796" lon="-117.33514543622732">
        <time>2005-05-19T15:16:52-07:00</time>
      </trkpt>
      <trkpt lat="34.29674140177667" lon="-117.33515976928174">
        <time>2005-05-19T15:16:53-07:00</time>
      </trkpt>
      <trkpt lat="34.296739641577005" lon="-117.33517569489777">
        <time>2005-05-19T15:16:58-07:00</time>
      </trkpt>
      <trkpt lat="34.29672765545547" lon="-117.33526764437556">
        <time>2005-05-19T15:17:04-07:00</time>
      </trkpt>
      <trkpt lat="34.29670133627951" lon="-117.33534400351346">
        <time>2005-05-19T15:17:09-07:00</time>
      </trkpt>
      <trkpt lat="34.29670133627951" lon="-117.33534400351346">
        <time>2005-05-19T15:17:11-07:00</time>
      </trkpt>
      <trkpt lat="34.29670133627951" lon="-117.33534400351346">
        <time>2005-05-19T15:17:14-07:00</time>
      </trkpt>
      <trkpt lat="34.29670133627951" lon="-117.33534400351346">
        <time>2005-05-19T15:17:15-07:00</time>
      </trkpt>
      <trkpt lat="34.29670133627951" lon="-117.33534400351346">
        <time>2005-05-19T15:17:16-07:00</time>
      </trkpt>
      <trkpt lat="34.29670133627951" lon="-117.33534400351346">
        <time>2005-05-19T15:17:22-07:00</time>
      </trkpt>
      <trkpt lat="34.29670133627951" lon="-117.33534400351346">
        <time>2005-05-19T15:17:28-07:00</time>
      </trkpt>
      <trkpt lat="34.29670133627951" lon="-117.33534400351346">
        <time>2005-05-19T15:17:34-07:00</time>
      </trkpt>
      <trkpt lat="34.29670133627951" lon="-117.33534400351346">
        <time>2005-05-19T15:17:35-07:00</time>
      </trkpt>
      <trkpt lat="34.29670133627951" lon="-117.33534400351346">
        <time>2005-05-19T15:17:40-07:00</time>
      </trkpt>
      <trkpt lat="34.29670133627951" lon="-117.33534400351346">
        <time>2005-05-19T15:17:44-07:00</time>
      </trkpt>
      <trkpt lat="34.29670133627951" lon="-117.33534400351346">
        <time>2005-05-19T15:17:51-07:00</time>
      </trkpt>
      <trkpt lat="34.29670133627951" lon="-117.33534400351346">
        <time>2005-05-19T15:17:57-07:00</time>
      </trkpt>
      <trkpt lat="34.29670133627951" lon="-117.33534400351346">
        <time>2005-05-19T15:18:03-07:00</time>
      </trkpt>
      <trkpt lat="34.29670133627951" lon="-117.33534400351346">
        <time>2005-05-19T15:18:07-07:00</time>
      </trkpt>
      <trkpt lat="34.29670133627951" lon="-117.33534400351346">
        <time>2005-05-19T15:18:09-07:00</time>
      </trkpt>
      <trkpt lat="34.29669831879437" lon="-117.33536034822464">
        <time>2005-05-19T15:18:10-07:00</time>
      </trkpt>
      <trkpt lat="34.29669731296599" lon="-117.33536378480494">
        <time>2005-05-19T15:18:12-07:00</time>
      </trkpt>
      <trkpt lat="34.29666319862008" lon="-117.33537392690778">
        <time>2005-05-19T15:18:13-07:00</time>
      </trkpt>
      <trkpt lat="34.29662464186549" lon="-117.33532648533583">
        <time>2005-05-19T15:18:16-07:00</time>
      </trkpt>
      <trkpt lat="34.29662405513227" lon="-117.33530435711145">
        <time>2005-05-19T15:18:29-07:00</time>
      </trkpt>
      <trkpt lat="34.296625312417746" lon="-117.3353052791208">
        <time>2005-05-19T15:18:30-07:00</time>
      </trkpt>
      <trkpt lat="34.29662514477968" lon="-117.33530058525503">
        <time>2005-05-19T15:18:33-07:00</time>
      </trkpt>
      <trkpt lat="34.296625815331936" lon="-117.33530058525503">
        <time>2005-05-19T15:18:39-07:00</time>
      </trkpt>
      <trkpt lat="34.29662296548486" lon="-117.33527309261262">
        <time>2005-05-19T15:18:47-07:00</time>
      </trkpt>
      <trkpt lat="34.29658407345414" lon="-117.33520578593016">
        <time>2005-05-19T15:18:53-07:00</time>
      </trkpt>
      <trkpt lat="34.29657904431224" lon="-117.33519421890378">
        <time>2005-05-19T15:18:56-07:00</time>
      </trkpt>
      <trkpt lat="34.29655180312693" lon="-117.3351345397532">
        <time>2005-05-19T15:18:57-07:00</time>
      </trkpt>
      <trkpt lat="34.29651517421007" lon="-117.33507293276489">
        <time>2005-05-19T15:18:58-07:00</time>
      </trkpt>
      <trkpt lat="34.29650377482176" lon="-117.33505985699594">
        <time>2005-05-19T15:19:00-07:00</time>
      </trkpt>
      <trkpt lat="34.29644334129989" lon="-117.33502440154552">
        <time>2005-05-19T15:19:04-07:00</time>
      </trkpt>
      <trkpt lat="34.29643118754029" lon="-117.33502850867808">
        <time>2005-05-19T15:19:10-07:00</time>
      </trkpt>
      <trkpt lat="34.29641249589622" lon="-117.33507150784135">
        <time>2005-05-19T15:19:11-07:00</time>
      </trkpt>
      <trkpt lat="34.29641241207719" lon="-117.33508424833417">
        <time>2005-05-19T15:19:16-07:00</time>
      </trkpt>
      <trkpt lat="34.296407382935286" lon="-117.33516345731914">
        <time>2005-05-19T15:19:21-07:00</time>
      </trkpt>
      <trkpt lat="34.296404449269176" lon="-117.33526295050979">
        <time>2005-05-19T15:19:22-07:00</time>
      </trkpt>
      <trkpt lat="34.296405455097556" lon="-117.3353570792824">
        <time>2005-05-19T15:19:27-07:00</time>
      </trkpt>
      <trkpt lat="34.29639698937535" lon="-117.33538960106671">
        <time>2005-05-19T15:19:28-07:00</time>
      </trkpt>
      <trkpt lat="34.29636555723846" lon="-117.33542740345001">
        <time>2005-05-19T15:19:32-07:00</time>
      </trkpt>
      <trkpt lat="34.2963289283216" lon="-117.33541960828006">
        <time>2005-05-19T15:19:33-07:00</time>
      </trkpt>
      <trkpt lat="34.29626740515232" lon="-117.33532254584134">
        <time>2005-05-19T15:19:39-07:00</time>
      </trkpt>
      <trkpt lat="34.2962131742388" lon="-117.33523646369576">
        <time>2005-05-19T15:19:45-07:00</time>
      </trkpt>
      <trkpt lat="34.29614628665149" lon="-117.33517359942198">
        <time>2005-05-19T15:19:51-07:00</time>
      </trkpt>
      <trkpt lat="34.29606716148555" lon="-117.33518214896321">
        <time>2005-05-19T15:19:53-07:00</time>
      </trkpt>
      <trkpt lat="34.296018462628126" lon="-117.33524023555219">
        <time>2005-05-19T15:19:56-07:00</time>
      </trkpt>
      <trkpt lat="34.2959766369313" lon="-117.3353121522814">
        <time>2005-05-19T15:19:59-07:00</time>
      </trkpt>
      <trkpt lat="34.295920645818114" lon="-117.3353435844183">
        <time>2005-05-19T15:20:07-07:00</time>
      </trkpt>
      <trkpt lat="34.29583305492997" lon="-117.33536093495786">
        <time>2005-05-19T15:20:14-07:00</time>
      </trkpt>
      <trkpt lat="34.295762311667204" lon="-117.33538021333516">
        <time>2005-05-19T15:20:21-07:00</time>
      </trkpt>
      <trkpt lat="34.29569961503148" lon="-117.33536370098591">
        <time>2005-05-19T15:20:27-07:00</time>
      </trkpt>
      <trkpt lat="34.295612862333655" lon="-117.33531634323299">
        <time>2005-05-19T15:20:32-07:00</time>
      </trkpt>
      <trkpt lat="34.29553340189159" lon="-117.33527024276555">
        <time>2005-05-19T15:20:38-07:00</time>
      </trkpt>
      <trkpt lat="34.29544363170862" lon="-117.33526320196688">
        <time>2005-05-19T15:20:43-07:00</time>
      </trkpt>
      <trkpt lat="34.295430639758706" lon="-117.33525431714952">
        <time>2005-05-19T15:20:50-07:00</time>
      </trkpt>
      <trkpt lat="34.29540541023016" lon="-117.33525381423533">
        <time>2005-05-19T15:20:56-07:00</time>
      </trkpt>
      <trkpt lat="34.29536626674235" lon="-117.33526454307139">
        <time>2005-05-19T15:21:01-07:00</time>
      </trkpt>
      <trkpt lat="34.295305917039514" lon="-117.33529438264668">
        <time>2005-05-19T15:21:09-07:00</time>
      </trkpt>
      <trkpt lat="34.295281106606126" lon="-117.33530888333917">
        <time>2005-05-19T15:21:16-07:00</time>
      </trkpt>
      <trkpt lat="34.29526316933334" lon="-117.33530846424401">
        <time>2005-05-19T15:21:23-07:00</time>
      </trkpt>
      <trkpt lat="34.29520784877241" lon="-117.33535347506404">
        <time>2005-05-19T15:21:24-07:00</time>
      </trkpt>
      <trkpt lat="34.295164346694946" lon="-117.3353414889425">
        <time>2005-05-19T15:21:26-07:00</time>
      </trkpt>
      <trkpt lat="34.29516166448593" lon="-117.33533067628741">
        <time>2005-05-19T15:21:29-07:00</time>
      </trkpt>
      <trkpt lat="34.2951615806669" lon="-117.33531651087105">
        <time>2005-05-19T15:21:36-07:00</time>
      </trkpt>
      <trkpt lat="34.295177422463894" lon="-117.33525440096855">
        <time>2005-05-19T15:21:39-07:00</time>
      </trkpt>
      <trkpt lat="34.29520231671631" lon="-117.3352175205946">
        <time>2005-05-19T15:21:41-07:00</time>
      </trkpt>
      <trkpt lat="34.29521472193301" lon="-117.3351950570941">
        <time>2005-05-19T15:21:46-07:00</time>
      </trkpt>
      <trkpt lat="34.295227378606796" lon="-117.3351813107729">
        <time>2005-05-19T15:21:50-07:00</time>
      </trkpt>
      <trkpt lat="34.295252272859216" lon="-117.3351554106921">
        <time>2005-05-19T15:21:51-07:00</time>
      </trkpt>
      <trkpt lat="34.29529200308025" lon="-117.33510394580662">
        <time>2005-05-19T15:21:52-07:00</time>
      </trkpt>
      <trkpt lat="34.295371463522315" lon="-117.33503211289644">
        <time>2005-05-19T15:21:57-07:00</time>
      </trkpt>
      <trkpt lat="34.29540893062949" lon="-117.33497679233551">
        <time>2005-05-19T15:22:01-07:00</time>
      </trkpt>
      <trkpt lat="34.2954240180552" lon="-117.33496765606105">
        <time>2005-05-19T15:22:03-07:00</time>
      </trkpt>
      <trkpt lat="34.29544270969927" lon="-117.33493991196156">
        <time>2005-05-19T15:22:05-07:00</time>
      </trkpt>
      <trkpt lat="34.295457964763045" lon="-117.33492331579328">
        <time>2005-05-19T15:22:08-07:00</time>
      </trkpt>
      <trkpt lat="34.295472633093596" lon="-117.3349048756063">
        <time>2005-05-19T15:22:13-07:00</time>
      </trkpt>
      <trkpt lat="34.29547489620745" lon="-117.33487654477358">
        <time>2005-05-19T15:22:21-07:00</time>
      </trkpt>
      <trkpt lat="34.29547221399844" lon="-117.33484771102667">
        <time>2005-05-19T15:22:26-07:00</time>
      </trkpt>
      <trkpt lat="34.29546073079109" lon="-117.334806304425">
        <time>2005-05-19T15:22:27-07:00</time>
      </trkpt>
      <trkpt lat="34.295477494597435" lon="-117.33477386645973">
        <time>2005-05-19T15:22:30-07:00</time>
      </trkpt>
      <trkpt lat="34.29556139744818" lon="-117.33475190587342">
        <time>2005-05-19T15:22:32-07:00</time>
      </trkpt>
      <trkpt lat="34.2955966014415" lon="-117.33474344015121">
        <time>2005-05-19T15:22:34-07:00</time>
      </trkpt>
      <trkpt lat="34.29560565389693" lon="-117.33473639935255">
        <time>2005-05-19T15:22:36-07:00</time>
      </trkpt>
      <trkpt lat="34.295645132660866" lon="-117.33468669466674">
        <time>2005-05-19T15:22:38-07:00</time>
      </trkpt>
      <trkpt lat="34.295693412423134" lon="-117.33462056145072">
        <time>2005-05-19T15:22:41-07:00</time>
      </trkpt>
      <trkpt lat="34.2957192286849" lon="-117.33456725254655">
        <time>2005-05-19T15:22:44-07:00</time>
      </trkpt>
      <trkpt lat="34.295733477920294" lon="-117.33453640714288">
        <time>2005-05-19T15:22:50-07:00</time>
      </trkpt>
      <trkpt lat="34.29576323367655" lon="-117.33443942852318">
        <time>2005-05-19T15:22:53-07:00</time>
      </trkpt>
      <trkpt lat="34.29576004855335" lon="-117.33441470190883">
        <time>2005-05-19T15:22:54-07:00</time>
      </trkpt>
      <trkpt lat="34.29577278904617" lon="-117.33438251540065">
        <time>2005-05-19T15:22:59-07:00</time>
      </trkpt>
      <trkpt lat="34.29577823728323" lon="-117.33437170274556">
        <time>2005-05-19T15:23:05-07:00</time>
      </trkpt>
      <trkpt lat="34.29583347402513" lon="-117.33426718041301">
        <time>2005-05-19T15:23:10-07:00</time>
      </trkpt>
      <trkpt lat="34.29586750455201" lon="-117.33419065363705">
        <time>2005-05-19T15:23:13-07:00</time>
      </trkpt>
      <trkpt lat="34.29587253369391" lon="-117.33416642993689">
        <time>2005-05-19T15:23:21-07:00</time>
      </trkpt>
      <trkpt lat="34.29589122533798" lon="-117.33407716266811">
        <time>2005-05-19T15:23:23-07:00</time>
      </trkpt>
      <trkpt lat="34.29590689949691" lon="-117.33399543911219">
        <time>2005-05-19T15:23:26-07:00</time>
      </trkpt>
      <trkpt lat="34.29592148400843" lon="-117.33398680575192">
        <time>2005-05-19T15:23:27-07:00</time>
      </trkpt>
      <trkpt lat="34.29597848095" lon="-117.33399351127446">
        <time>2005-05-19T15:23:36-07:00</time>
      </trkpt>
      <trkpt lat="34.29603916592896" lon="-117.333989655599">
        <time>2005-05-19T15:23:42-07:00</time>
      </trkpt>
      <trkpt lat="34.296080991625786" lon="-117.3339444771409">
        <time>2005-05-19T15:23:44-07:00</time>
      </trkpt>
      <trkpt lat="34.29608752951026" lon="-117.33392486348748">
        <time>2005-05-19T15:23:51-07:00</time>
      </trkpt>
      <trkpt lat="34.29610898718238" lon="-117.33384624123573">
        <time>2005-05-19T15:23:57-07:00</time>
      </trkpt>
      <trkpt lat="34.29612114094198" lon="-117.33376904390752">
        <time>2005-05-19T15:23:58-07:00</time>
      </trkpt>
      <trkpt lat="34.29613237269223" lon="-117.33374146744609">
        <time>2005-05-19T15:24:03-07:00</time>
      </trkpt>
      <trkpt lat="34.29617143236101" lon="-117.33369067311287">
        <time>2005-05-19T15:24:07-07:00</time>
      </trkpt>
      <trkpt lat="34.29621401242912" lon="-117.33362236060202">
        <time>2005-05-19T15:24:11-07:00</time>
      </trkpt>
      <trkpt lat="34.29621744900942" lon="-117.33361020684242">
        <time>2005-05-19T15:24:13-07:00</time>
      </trkpt>
      <trkpt lat="34.2962461989373" lon="-117.33354968950152">
        <time>2005-05-19T15:24:19-07:00</time>
      </trkpt>
      <trkpt lat="34.296270087361336" lon="-117.33350459486246">
        <time>2005-05-19T15:24:25-07:00</time>
      </trkpt>
      <trkpt lat="34.29628970101476" lon="-117.33345455490053">
        <time>2005-05-19T15:24:27-07:00</time>
      </trkpt>
      <trkpt lat="34.296293975785375" lon="-117.33343829400837">
        <time>2005-05-19T15:24:32-07:00</time>
      </trkpt>
      <trkpt lat="34.29630747064948" lon="-117.33339202590287">
        <time>2005-05-19T15:24:37-07:00</time>
      </trkpt>
      <trkpt lat="34.296316020190716" lon="-117.33330560848117">
        <time>2005-05-19T15:24:38-07:00</time>
      </trkpt>
      <trkpt lat="34.29632658138871" lon="-117.33323528431356">
        <time>2005-05-19T15:24:43-07:00</time>
      </trkpt>
      <trkpt lat="34.29631970822811" lon="-117.33317920938134">
        <time>2005-05-19T15:24:47-07:00</time>
      </trkpt>
      <trkpt lat="34.29631819948554" lon="-117.33314995653927">
        <time>2005-05-19T15:24:51-07:00</time>
      </trkpt>
      <trkpt lat="34.29630512371659" lon="-117.33306538313627">
        <time>2005-05-19T15:24:52-07:00</time>
      </trkpt>
      <trkpt lat="34.29630688391626" lon="-117.33297863043845">
        <time>2005-05-19T15:24:56-07:00</time>
      </trkpt>
      <trkpt lat="34.29627260193229" lon="-117.3328635469079">
        <time>2005-05-19T15:25:02-07:00</time>
      </trkpt>
      <trkpt lat="34.296267153695226" lon="-117.3328482080251">
        <time>2005-05-19T15:25:08-07:00</time>
      </trkpt>
      <trkpt lat="34.29625449702144" lon="-117.33280068263412">
        <time>2005-05-19T15:25:12-07:00</time>
      </trkpt>
      <trkpt lat="34.29623798467219" lon="-117.33279246836901">
        <time>2005-05-19T15:25:14-07:00</time>
      </trkpt>
      <trkpt lat="34.296206049621105" lon="-117.33277545310557">
        <time>2005-05-19T15:25:20-07:00</time>
      </trkpt>
      <trkpt lat="34.296151734888554" lon="-117.33274326659739">
        <time>2005-05-19T15:25:26-07:00</time>
      </trkpt>
      <trkpt lat="34.296146370470524" lon="-117.33272382058203">
        <time>2005-05-19T15:25:34-07:00</time>
      </trkpt>
      <trkpt lat="34.29612826555967" lon="-117.33264771290123">
        <time>2005-05-19T15:25:35-07:00</time>
      </trkpt>
      <trkpt lat="34.2961166985333" lon="-117.3326357267797">
        <time>2005-05-19T15:25:40-07:00</time>
      </trkpt>
      <trkpt lat="34.29610253311694" lon="-117.33262063935399">
        <time>2005-05-19T15:25:41-07:00</time>
      </trkpt>
      <trkpt lat="34.296097503975034" lon="-117.3326114192605">
        <time>2005-05-19T15:25:44-07:00</time>
      </trkpt>
      <trkpt lat="34.2960165347904" lon="-117.33253891579807">
        <time>2005-05-19T15:25:49-07:00</time>
      </trkpt>
      <trkpt lat="34.29599457420409" lon="-117.33251821249723">
        <time>2005-05-19T15:25:51-07:00</time>
      </trkpt>
      <trkpt lat="34.29596247151494" lon="-117.33249985612929">
        <time>2005-05-19T15:25:56-07:00</time>
      </trkpt>
      <trkpt lat="34.29595040157437" lon="-117.33249365352094">
        <time>2005-05-19T15:25:57-07:00</time>
      </trkpt>
      <trkpt lat="34.29592978209257" lon="-117.3324557673186">
        <time>2005-05-19T15:25:59-07:00</time>
      </trkpt>
      <trkpt lat="34.29593497887254" lon="-117.33239474706352">
        <time>2005-05-19T15:26:00-07:00</time>
      </trkpt>
      <trkpt lat="34.295955346897244" lon="-117.3323579505086">
        <time>2005-05-19T15:26:09-07:00</time>
      </trkpt>
      <trkpt lat="34.29597420617938" lon="-117.3323384206742">
        <time>2005-05-19T15:26:11-07:00</time>
      </trkpt>
      <trkpt lat="34.29602650925517" lon="-117.33230388723314">
        <time>2005-05-19T15:26:14-07:00</time>
      </trkpt>
      <trkpt lat="34.29603883065283" lon="-117.33229030855">
        <time>2005-05-19T15:26:15-07:00</time>
      </trkpt>
      <trkpt lat="34.29609297774732" lon="-117.33223230578005">
        <time>2005-05-19T15:26:18-07:00</time>
      </trkpt>
      <trkpt lat="34.296158105134964" lon="-117.33217681758106">
        <time>2005-05-19T15:26:21-07:00</time>
      </trkpt>
      <trkpt lat="34.29617109708488" lon="-117.33215494081378">
        <time>2005-05-19T15:26:24-07:00</time>
      </trkpt>
      <trkpt lat="34.29618291556835" lon="-117.3321261908859">
        <time>2005-05-19T15:26:26-07:00</time>
      </trkpt>
      <trkpt lat="34.29622147232294" lon="-117.33206341043115">
        <time>2005-05-19T15:26:31-07:00</time>
      </trkpt>
      <trkpt lat="34.29630579426885" lon="-117.3319932539016">
        <time>2005-05-19T15:26:32-07:00</time>
      </trkpt>
      <trkpt lat="34.2963445186615" lon="-117.33196165412664">
        <time>2005-05-19T15:26:37-07:00</time>
      </trkpt>
      <trkpt lat="34.29636228829622" lon="-117.33194547705352">
        <time>2005-05-19T15:26:43-07:00</time>
      </trkpt>
      <trkpt lat="34.296370251104236" lon="-117.33193399384618">
        <time>2005-05-19T15:26:45-07:00</time>
      </trkpt>
      <trkpt lat="34.29637477733195" lon="-117.33189158141613">
        <time>2005-05-19T15:26:48-07:00</time>
      </trkpt>
      <trkpt lat="34.29637377150357" lon="-117.33180516399443">
        <time>2005-05-19T15:26:53-07:00</time>
      </trkpt>
      <trkpt lat="34.296384835615754" lon="-117.33171137049794">
        <time>2005-05-19T15:27:01-07:00</time>
      </trkpt>
      <trkpt lat="34.2963944748044" lon="-117.33164347708225">
        <time>2005-05-19T15:27:05-07:00</time>
      </trkpt>
      <trkpt lat="34.296392630785704" lon="-117.33157617039979">
        <time>2005-05-19T15:27:07-07:00</time>
      </trkpt>
      <trkpt lat="34.29639732465148" lon="-117.33156225644052">
        <time>2005-05-19T15:27:08-07:00</time>
      </trkpt>
      <trkpt lat="34.296392630785704" lon="-117.33154381625354">
        <time>2005-05-19T15:27:12-07:00</time>
      </trkpt>
      <trkpt lat="34.29638424888253" lon="-117.33151816762984">
        <time>2005-05-19T15:27:18-07:00</time>
      </trkpt>
      <trkpt lat="34.29635231383145" lon="-117.33143862336874">
        <time>2005-05-19T15:27:25-07:00</time>
      </trkpt>
      <trkpt lat="34.29631484672427" lon="-117.33139478601515">
        <time>2005-05-19T15:27:30-07:00</time>
      </trkpt>
      <trkpt lat="34.29626832716167" lon="-117.33135052956641">
        <time>2005-05-19T15:27:35-07:00</time>
      </trkpt>
      <trkpt lat="34.2962081450969" lon="-117.33129546046257">
        <time>2005-05-19T15:27:36-07:00</time>
      </trkpt>
      <trkpt lat="34.29617302492261" lon="-117.33128163032234">
        <time>2005-05-19T15:27:37-07:00</time>
      </trkpt>
      <trkpt lat="34.29616070352495" lon="-117.33127718791366">
        <time>2005-05-19T15:27:39-07:00</time>
      </trkpt>
      <trkpt lat="34.296095157042146" lon="-117.33123200945556">
        <time>2005-05-19T15:27:45-07:00</time>
      </trkpt>
      <trkpt lat="34.29605140350759" lon="-117.33121231198311">
        <time>2005-05-19T15:27:50-07:00</time>
      </trkpt>
      <trkpt lat="34.29604126140475" lon="-117.33120929449797">
        <time>2005-05-19T15:27:55-07:00</time>
      </trkpt>
      <trkpt lat="34.29599088616669" lon="-117.33118280768394">
        <time>2005-05-19T15:28:01-07:00</time>
      </trkpt>
      <trkpt lat="34.295976804569364" lon="-117.33116646297276">
        <time>2005-05-19T15:28:05-07:00</time>
      </trkpt>
      <trkpt lat="34.2959438636899" lon="-117.33115506358445">
        <time>2005-05-19T15:28:06-07:00</time>
      </trkpt>
      <trkpt lat="34.29591704159975" lon="-117.33113930560648">
        <time>2005-05-19T15:28:12-07:00</time>
      </trkpt>
      <trkpt lat="34.295901199802756" lon="-117.33112773858011">
        <time>2005-05-19T15:28:17-07:00</time>
      </trkpt>
      <trkpt lat="34.295892817899585" lon="-117.33111776411533">
        <time>2005-05-19T15:28:18-07:00</time>
      </trkpt>
      <trkpt lat="34.29585895501077" lon="-117.33107250183821">
        <time>2005-05-19T15:28:23-07:00</time>
      </trkpt>
      <trkpt lat="34.29585434496403" lon="-117.33106411993504">
        <time>2005-05-19T15:28:25-07:00</time>
      </trkpt>
      <trkpt lat="34.29581377655268" lon="-117.3310264851898">
        <time>2005-05-19T15:28:28-07:00</time>
      </trkpt>
      <trkpt lat="34.2958056461066" lon="-117.3309987410903">
        <time>2005-05-19T15:28:31-07:00</time>
      </trkpt>
      <trkpt lat="34.295791229233146" lon="-117.33097292482853">
        <time>2005-05-19T15:28:33-07:00</time>
      </trkpt>
      <trkpt lat="34.29575535468757" lon="-117.33091936446726">
        <time>2005-05-19T15:28:34-07:00</time>
      </trkpt>
      <trkpt lat="34.2957469727844" lon="-117.33091064728796">
        <time>2005-05-19T15:28:39-07:00</time>
      </trkpt>
      <trkpt lat="34.29569223895669" lon="-117.3308951407671">
        <time>2005-05-19T15:28:40-07:00</time>
      </trkpt>
      <trkpt lat="34.295641612261534" lon="-117.33091140165925">
        <time>2005-05-19T15:28:44-07:00</time>
      </trkpt>
      <trkpt lat="34.295622082427144" lon="-117.33091978356242">
        <time>2005-05-19T15:28:46-07:00</time>
      </trkpt>
      <trkpt lat="34.29560146294534" lon="-117.33093570917845">
        <time>2005-05-19T15:28:49-07:00</time>
      </trkpt>
      <trkpt lat="34.29555921815336" lon="-117.33096839860082">
        <time>2005-05-19T15:28:55-07:00</time>
      </trkpt>
      <trkpt lat="34.295539604499936" lon="-117.33098901808262">
        <time>2005-05-19T15:28:56-07:00</time>
      </trkpt>
      <trkpt lat="34.29549040272832" lon="-117.3310328554362">
        <time>2005-05-19T15:29:01-07:00</time>
      </trkpt>
      <trkpt lat="34.2954377643764" lon="-117.33107702806592">
        <time>2005-05-19T15:29:06-07:00</time>
      </trkpt>
      <trkpt lat="34.295421252027154" lon="-117.33108717016876">
        <time>2005-05-19T15:29:08-07:00</time>
      </trkpt>
      <trkpt lat="34.29540264420211" lon="-117.33110527507961">
        <time>2005-05-19T15:29:10-07:00</time>
      </trkpt>
      <trkpt lat="34.29536157287657" lon="-117.33115531504154">
        <time>2005-05-19T15:29:14-07:00</time>
      </trkpt>
      <trkpt lat="34.29534086957574" lon="-117.33117274940014">
        <time>2005-05-19T15:29:17-07:00</time>
      </trkpt>
      <trkpt lat="34.295290326699615" lon="-117.33122773468494">
        <time>2005-05-19T15:29:22-07:00</time>
      </trkpt>
      <trkpt lat="34.295234167948365" lon="-117.33129805885255">
        <time>2005-05-19T15:29:28-07:00</time>
      </trkpt>
      <trkpt lat="34.29517859593034" lon="-117.331354720518">
        <time>2005-05-19T15:29:30-07:00</time>
      </trkpt>
      <trkpt lat="34.2951375246048" lon="-117.33138112351298">
        <time>2005-05-19T15:29:32-07:00</time>
      </trkpt>
      <trkpt lat="34.29512000642717" lon="-117.33139964751899">
        <time>2005-05-19T15:29:36-07:00</time>
      </trkpt>
      <trkpt lat="34.29509888403118" lon="-117.33143686316907">
        <time>2005-05-19T15:29:38-07:00</time>
      </trkpt>
      <trkpt lat="34.29508480243385" lon="-117.33143828809261">
        <time>2005-05-19T15:29:44-07:00</time>
      </trkpt>
      <trkpt lat="34.2950302362442" lon="-117.33144239522517">
        <time>2005-05-19T15:29:51-07:00</time>
      </trkpt>
      <trkpt lat="34.295002492144704" lon="-117.3314438201487">
        <time>2005-05-19T15:29:57-07:00</time>
      </trkpt>
      <trkpt lat="34.29494021460414" lon="-117.331434013322">
        <time>2005-05-19T15:30:01-07:00</time>
      </trkpt>
      <trkpt lat="34.29492948576808" lon="-117.33143418096006">
        <time>2005-05-19T15:30:03-07:00</time>
      </trkpt>
      <trkpt lat="34.294871063902974" lon="-117.3314615059644">
        <time>2005-05-19T15:30:07-07:00</time>
      </trkpt>
      <trkpt lat="34.29485807195306" lon="-117.33147902414203">
        <time>2005-05-19T15:30:08-07:00</time>
      </trkpt>
      <trkpt lat="34.294832004234195" lon="-117.33151271939278">
        <time>2005-05-19T15:30:13-07:00</time>
      </trkpt>
      <trkpt lat="34.29478330537677" lon="-117.33156435191631">
        <time>2005-05-19T15:30:15-07:00</time>
      </trkpt>
      <trkpt lat="34.29477567784488" lon="-117.33156938105822">
        <time>2005-05-19T15:30:21-07:00</time>
      </trkpt>
      <trkpt lat="34.294741647318006" lon="-117.33160324394703">
        <time>2005-05-19T15:30:22-07:00</time>
      </trkpt>
      <trkpt lat="34.29472387768328" lon="-117.33162260614336">
        <time>2005-05-19T15:30:27-07:00</time>
      </trkpt>
      <trkpt lat="34.29467216134071" lon="-117.33162813819945">
        <time>2005-05-19T15:30:29-07:00</time>
      </trkpt>
      <trkpt lat="34.29465833120048" lon="-117.33162604272366">
        <time>2005-05-19T15:30:33-07:00</time>
      </trkpt>
      <trkpt lat="34.294584318995476" lon="-117.3315992206335">
        <time>2005-05-19T15:30:38-07:00</time>
      </trkpt>
      <trkpt lat="34.294498488307" lon="-117.33159553259611">
        <time>2005-05-19T15:30:39-07:00</time>
      </trkpt>
      <trkpt lat="34.294468900188804" lon="-117.33159720897675">
        <time>2005-05-19T15:30:43-07:00</time>
      </trkpt>
      <trkpt lat="34.294443503022194" lon="-117.33159796334803">
        <time>2005-05-19T15:30:45-07:00</time>
      </trkpt>
      <trkpt lat="34.294391786679626" lon="-117.33160123229027">
        <time>2005-05-19T15:30:49-07:00</time>
      </trkpt>
      <trkpt lat="34.29437527433038" lon="-117.33160064555705">
        <time>2005-05-19T15:30:50-07:00</time>
      </trkpt>
      <trkpt lat="34.2943533975631" lon="-117.33159477822483">
        <time>2005-05-19T15:30:57-07:00</time>
      </trkpt>
      <trkpt lat="34.29432498291135" lon="-117.33159293420613">
        <time>2005-05-19T15:31:05-07:00</time>
      </trkpt>
      <trkpt lat="34.29425189271569" lon="-117.33159167692065">
        <time>2005-05-19T15:31:08-07:00</time>
      </trkpt>
      <trkpt lat="34.294217359274626" lon="-117.33160173520446">
        <time>2005-05-19T15:31:11-07:00</time>
      </trkpt>
      <trkpt lat="34.29420545697212" lon="-117.3316047526896">
        <time>2005-05-19T15:31:15-07:00</time>
      </trkpt>
      <trkpt lat="34.2941374797374" lon="-117.33163928613067">
        <time>2005-05-19T15:31:16-07:00</time>
      </trkpt>
      <trkpt lat="34.29410554468632" lon="-117.33166258782148">
        <time>2005-05-19T15:31:18-07:00</time>
      </trkpt>
      <trkpt lat="34.294095151126385" lon="-117.33166837133467">
        <time>2005-05-19T15:31:21-07:00</time>
      </trkpt>
      <trkpt lat="34.294028682634234" lon="-117.33172033913434">
        <time>2005-05-19T15:31:26-07:00</time>
      </trkpt>
      <trkpt lat="34.29398383945227" lon="-117.33176350593567">
        <time>2005-05-19T15:31:30-07:00</time>
      </trkpt>
      <trkpt lat="34.29396548308432" lon="-117.33177658170462">
        <time>2005-05-19T15:31:31-07:00</time>
      </trkpt>
      <trkpt lat="34.29393363185227" lon="-117.33182922005653">
        <time>2005-05-19T15:31:37-07:00</time>
      </trkpt>
      <trkpt lat="34.29392768070102" lon="-117.33184078708291">
        <time>2005-05-19T15:31:41-07:00</time>
      </trkpt>
      <trkpt lat="34.29389960132539" lon="-117.33187951147556">
        <time>2005-05-19T15:31:42-07:00</time>
      </trkpt>
      <trkpt lat="34.293866911903024" lon="-117.33189024031162">
        <time>2005-05-19T15:31:49-07:00</time>
      </trkpt>
      <trkpt lat="34.2938388325274" lon="-117.33186853118241">
        <time>2005-05-19T15:31:54-07:00</time>
      </trkpt>
      <trkpt lat="34.29382676258683" lon="-117.3318690340966">
        <time>2005-05-19T15:31:56-07:00</time>
      </trkpt>
      <trkpt lat="34.29378946311772" lon="-117.33184874989092">
        <time>2005-05-19T15:32:01-07:00</time>
      </trkpt>
      <trkpt lat="34.29374746978283" lon="-117.33180516399443">
        <time>2005-05-19T15:32:02-07:00</time>
      </trkpt>
      <trkpt lat="34.29369508288801" lon="-117.33176895417273">
        <time>2005-05-19T15:32:07-07:00</time>
      </trkpt>
      <trkpt lat="34.29367672652006" lon="-117.33171899802983">
        <time>2005-05-19T15:32:10-07:00</time>
      </trkpt>
      <trkpt lat="34.29367027245462" lon="-117.33168873935938">
        <time>2005-05-19T15:32:13-07:00</time>
      </trkpt>
      <trkpt lat="34.29367027245462" lon="-117.33168873935938">
        <time>2005-05-19T15:32:14-07:00</time>
      </trkpt>
      <trkpt lat="34.29367027245462" lon="-117.33168873935938">
        <time>2005-05-19T15:32:18-07:00</time>
      </trkpt>
      <trkpt lat="34.29367027245462" lon="-117.33168873935938">
        <time>2005-05-19T15:32:23-07:00</time>
      </trkpt>
      <trkpt lat="34.29367270320654" lon="-117.3316861409694">
        <time>2005-05-19T15:32:28-07:00</time>
      </trkpt>
      <trkpt lat="34.293673457577825" lon="-117.33168580569327">
        <time>2005-05-19T15:32:33-07:00</time>
      </trkpt>
      <trkpt lat="34.29367873817682" lon="-117.331687733531">
        <time>2005-05-19T15:32:38-07:00</time>
      </trkpt>
      <trkpt lat="34.29366557858884" lon="-117.33163375407457">
        <time>2005-05-19T15:32:39-07:00</time>
      </trkpt>
      <trkpt lat="34.29364521056414" lon="-117.33155035413802">
        <time>2005-05-19T15:32:42-07:00</time>
      </trkpt>
      <trkpt lat="34.293637834489346" lon="-117.33152168802917">
        <time>2005-05-19T15:32:45-07:00</time>
      </trkpt>
      <trkpt lat="34.29364051669836" lon="-117.3315201792866">
        <time>2005-05-19T15:32:56-07:00</time>
      </trkpt>
      <trkpt lat="34.293639259412885" lon="-117.33152093365788">
        <time>2005-05-19T15:32:59-07:00</time>
      </trkpt>
      <trkpt lat="34.293629955500364" lon="-117.33149779960513">
        <time>2005-05-19T15:33:04-07:00</time>
      </trkpt>
      <trkpt lat="34.293626518920064" lon="-117.33147944323719">
        <time>2005-05-19T15:33:10-07:00</time>
      </trkpt>
      <trkpt lat="34.29361369460821" lon="-117.33145371079445">
        <time>2005-05-19T15:33:17-07:00</time>
      </trkpt>
      <trkpt lat="34.29361369460821" lon="-117.33145371079445">
        <time>2005-05-19T15:33:20-07:00</time>
      </trkpt>
      <trkpt lat="34.29361369460821" lon="-117.33145371079445">
        <time>2005-05-19T15:33:21-07:00</time>
      </trkpt>
      <trkpt lat="34.29361369460821" lon="-117.33145371079445">
        <time>2005-05-19T15:33:23-07:00</time>
      </trkpt>
      <trkpt lat="34.29360874928534" lon="-117.33145412988961">
        <time>2005-05-19T15:33:27-07:00</time>
      </trkpt>
      <trkpt lat="34.29360187612474" lon="-117.33144013211131">
        <time>2005-05-19T15:33:28-07:00</time>
      </trkpt>
      <trkpt lat="34.293566923588514" lon="-117.33140585012734">
        <time>2005-05-19T15:33:33-07:00</time>
      </trkpt>
      <trkpt lat="34.29356466047466" lon="-117.33140492811799">
        <time>2005-05-19T15:33:35-07:00</time>
      </trkpt>
      <trkpt lat="34.29356482811272" lon="-117.33140450902283">
        <time>2005-05-19T15:33:38-07:00</time>
      </trkpt>
      <trkpt lat="34.293564576655626" lon="-117.33140425756574">
        <time>2005-05-19T15:33:39-07:00</time>
      </trkpt>
      <trkpt lat="34.29355359636247" lon="-117.33136804774404">
        <time>2005-05-19T15:33:46-07:00</time>
      </trkpt>
      <trkpt lat="34.29354814812541" lon="-117.33136025257409">
        <time>2005-05-19T15:33:57-07:00</time>
      </trkpt>
      <trkpt lat="34.29353197105229" lon="-117.33130325563252">
        <time>2005-05-19T15:34:04-07:00</time>
      </trkpt>
      <trkpt lat="34.29353054612875" lon="-117.3312907665968">
        <time>2005-05-19T15:34:06-07:00</time>
      </trkpt>
      <trkpt lat="34.29353054612875" lon="-117.3312907665968">
        <time>2005-05-19T15:34:09-07:00</time>
      </trkpt>
      <trkpt lat="34.293531803414226" lon="-117.33122672885656">
        <time>2005-05-19T15:34:12-07:00</time>
      </trkpt>
      <trkpt lat="34.293523924425244" lon="-117.33120133168995">
        <time>2005-05-19T15:34:16-07:00</time>
      </trkpt>
      <trkpt lat="34.293523002415895" lon="-117.33119521290064">
        <time>2005-05-19T15:34:17-07:00</time>
      </trkpt>
      <trkpt lat="34.293518140912056" lon="-117.33118775300682">
        <time>2005-05-19T15:34:22-07:00</time>
      </trkpt>
      <trkpt lat="34.29350908845663" lon="-117.33118641190231">
        <time>2005-05-19T15:34:23-07:00</time>
      </trkpt>
      <trkpt lat="34.29347958415747" lon="-117.33119420707226">
        <time>2005-05-19T15:34:24-07:00</time>
      </trkpt>
      <trkpt lat="34.293439937755466" lon="-117.33120610937476">
        <time>2005-05-19T15:34:29-07:00</time>
      </trkpt>
      <trkpt lat="34.29338646121323" lon="-117.3312125634402">
        <time>2005-05-19T15:34:32-07:00</time>
      </trkpt>
      <trkpt lat="34.293373972177505" lon="-117.33120895922184">
        <time>2005-05-19T15:34:33-07:00</time>
      </trkpt>
      <trkpt lat="34.293316807597876" lon="-117.33121449127793">
        <time>2005-05-19T15:37:38-07:00</time>
      </trkpt>
      <trkpt lat="34.29326676763594" lon="-117.33123284764588">
        <time>2005-05-19T15:37:39-07:00</time>
      </trkpt>
      <trkpt lat="34.29325737990439" lon="-117.33123066835105">
        <time>2005-05-19T15:37:42-07:00</time>
      </trkpt>
      <trkpt lat="34.29323801770806" lon="-117.33122748322785">
        <time>2005-05-19T15:37:45-07:00</time>
      </trkpt>
      <trkpt lat="34.29317381232977" lon="-117.33120233751833">
        <time>2005-05-19T15:37:50-07:00</time>
      </trkpt>
      <trkpt lat="34.29311044514179" lon="-117.3311641998589">
        <time>2005-05-19T15:37:51-07:00</time>
      </trkpt>
      <trkpt lat="34.29306769743562" lon="-117.33114969916642">
        <time>2005-05-19T15:37:58-07:00</time>
      </trkpt>
      <trkpt lat="34.29303165525198" lon="-117.3311435803771">
        <time>2005-05-19T15:38:03-07:00</time>
      </trkpt>
      <trkpt lat="34.29296879097819" lon="-117.33112539164722">
        <time>2005-05-19T15:38:04-07:00</time>
      </trkpt>
      <trkpt lat="34.292861334979534" lon="-117.33110753819346">
        <time>2005-05-19T15:38:10-07:00</time>
      </trkpt>
      <trkpt lat="34.29284976795316" lon="-117.33110493980348">
        <time>2005-05-19T15:38:16-07:00</time>
      </trkpt>
      <trkpt lat="34.29280500859022" lon="-117.33107510022819">
        <time>2005-05-19T15:38:23-07:00</time>
      </trkpt>
      <trkpt lat="34.29279268719256" lon="-117.33106537722051">
        <time>2005-05-19T15:38:27-07:00</time>
      </trkpt>
      <trkpt lat="34.29274524562061" lon="-117.3310346994549">
        <time>2005-05-19T15:38:30-07:00</time>
      </trkpt>
      <trkpt lat="34.292699648067355" lon="-117.33099932782352">
        <time>2005-05-19T15:38:35-07:00</time>
      </trkpt>
      <trkpt lat="34.292674167081714" lon="-117.33094283379614">
        <time>2005-05-19T15:38:44-07:00</time>
      </trkpt>
      <trkpt lat="34.2926577385515" lon="-117.33091869391501">
        <time>2005-05-19T15:38:45-07:00</time>
      </trkpt>
      <trkpt lat="34.2925834748894" lon="-117.3308877646923">
        <time>2005-05-19T15:38:49-07:00</time>
      </trkpt>
      <trkpt lat="34.29252739995718" lon="-117.33090687543154">
        <time>2005-05-19T15:38:50-07:00</time>
      </trkpt>
      <trkpt lat="34.2924471013248" lon="-117.33094249852002">
        <time>2005-05-19T15:38:55-07:00</time>
      </trkpt>
      <trkpt lat="34.29238708689809" lon="-117.33099555596709">
        <time>2005-05-19T15:39:00-07:00</time>
      </trkpt>
      <trkpt lat="34.2923865839839" lon="-117.33107543550432">
        <time>2005-05-19T15:39:05-07:00</time>
      </trkpt>
      <trkpt lat="34.292387841269374" lon="-117.33111332170665">
        <time>2005-05-19T15:39:07-07:00</time>
      </trkpt>
      <trkpt lat="34.29240368306637" lon="-117.33114165253937">
        <time>2005-05-19T15:39:14-07:00</time>
      </trkpt>
      <trkpt lat="34.29244400002062" lon="-117.33119202777743">
        <time>2005-05-19T15:39:19-07:00</time>
      </trkpt>
      <trkpt lat="34.292484149336815" lon="-117.3312717396766">
        <time>2005-05-19T15:39:26-07:00</time>
      </trkpt>
      <trkpt lat="34.29248347878456" lon="-117.33130132779479">
        <time>2005-05-19T15:39:33-07:00</time>
      </trkpt>
      <trkpt lat="34.29246964864433" lon="-117.3313267249614">
        <time>2005-05-19T15:39:39-07:00</time>
      </trkpt>
      <trkpt lat="34.29246143437922" lon="-117.33134013600647">
        <time>2005-05-19T15:39:42-07:00</time>
      </trkpt>
      <trkpt lat="34.29241642355919" lon="-117.33139822259545">
        <time>2005-05-19T15:39:44-07:00</time>
      </trkpt>
      <trkpt lat="34.29236697033048" lon="-117.33149369247258">
        <time>2005-05-19T15:39:49-07:00</time>
      </trkpt>
      <trkpt lat="34.29236034862697" lon="-117.33155965805054">
        <time>2005-05-19T15:39:55-07:00</time>
      </trkpt>
      <trkpt lat="34.29234207607806" lon="-117.33162973076105">
        <time>2005-05-19T15:39:57-07:00</time>
      </trkpt>
      <trkpt lat="34.29232321679592" lon="-117.33171422034502">
        <time>2005-05-19T15:39:59-07:00</time>
      </trkpt>
      <trkpt lat="34.29230066947639" lon="-117.33177314512432">
        <time>2005-05-19T15:40:00-07:00</time>
      </trkpt>
      <trkpt lat="34.292299915105104" lon="-117.33178387396038">
        <time>2005-05-19T15:40:06-07:00</time>
      </trkpt>
      <trkpt lat="34.29229689761996" lon="-117.33185327611864">
        <time>2005-05-19T15:40:14-07:00</time>
      </trkpt>
      <trkpt lat="34.29228491149843" lon="-117.33197095803916">
        <time>2005-05-19T15:40:18-07:00</time>
      </trkpt>
      <trkpt lat="34.29222640581429" lon="-117.33202535659075">
        <time>2005-05-19T15:40:24-07:00</time>
      </trkpt>
      <trkpt lat="34.29221651516855" lon="-117.33203323557973">
        <time>2005-05-19T15:40:30-07:00</time>
      </trkpt>
      <trkpt lat="34.292177287861705" lon="-117.33209668658674">
        <time>2005-05-19T15:40:35-07:00</time>
      </trkpt>
      <trkpt lat="34.292176784947515" lon="-117.33210288919508">
        <time>2005-05-19T15:40:36-07:00</time>
      </trkpt>
      <trkpt lat="34.29217502474785" lon="-117.33212334103882">
        <time>2005-05-19T15:40:41-07:00</time>
      </trkpt>
      <trkpt lat="34.292174354195595" lon="-117.33213968575001">
        <time>2005-05-19T15:40:49-07:00</time>
      </trkpt>
      <trkpt lat="34.292136216536164" lon="-117.33219576068223">
        <time>2005-05-19T15:40:56-07:00</time>
      </trkpt>
      <trkpt lat="34.29212029092014" lon="-117.33220556750894">
        <time>2005-05-19T15:40:57-07:00</time>
      </trkpt>
      <trkpt lat="34.29209548048675" lon="-117.33222241513431">
        <time>2005-05-19T15:41:03-07:00</time>
      </trkpt>
      <trkpt lat="34.29205885156989" lon="-117.33224865049124">
        <time>2005-05-19T15:41:04-07:00</time>
      </trkpt>
      <trkpt lat="34.2920134216547" lon="-117.33227119781077">
        <time>2005-05-19T15:41:09-07:00</time>
      </trkpt>
      <trkpt lat="34.29199640639126" lon="-117.3322818428278">
        <time>2005-05-19T15:41:10-07:00</time>
      </trkpt>
      <trkpt lat="34.29192398674786" lon="-117.3323437012732">
        <time>2005-05-19T15:41:16-07:00</time>
      </trkpt>
      <trkpt lat="34.29190378636122" lon="-117.3323418572545">
        <time>2005-05-19T15:41:18-07:00</time>
      </trkpt>
      <trkpt lat="34.29189213551581" lon="-117.3323214892298">
        <time>2005-05-19T15:41:21-07:00</time>
      </trkpt>
      <trkpt lat="34.29188861511648" lon="-117.33231419697404">
        <time>2005-05-19T15:41:25-07:00</time>
      </trkpt>
      <trkpt lat="34.29189154878259" lon="-117.33230581507087">
        <time>2005-05-19T15:41:30-07:00</time>
      </trkpt>
      <trkpt lat="34.29188978858292" lon="-117.33230003155768">
        <time>2005-05-19T15:41:32-07:00</time>
      </trkpt>
      <trkpt lat="34.29188978858292" lon="-117.33230003155768">
        <time>2005-05-19T15:41:39-07:00</time>
      </trkpt>
      <trkpt lat="34.29188978858292" lon="-117.33230003155768">
        <time>2005-05-19T15:41:41-07:00</time>
      </trkpt>
      <trkpt lat="34.29189272224903" lon="-117.3323180526495">
        <time>2005-05-19T15:41:43-07:00</time>
      </trkpt>
      <trkpt lat="34.29189054295421" lon="-117.33231746591628">
        <time>2005-05-19T15:41:44-07:00</time>
      </trkpt>
      <trkpt lat="34.29189054295421" lon="-117.33231746591628">
        <time>2005-05-19T15:41:50-07:00</time>
      </trkpt>
      <trkpt lat="34.29189054295421" lon="-117.33231746591628">
        <time>2005-05-19T15:41:56-07:00</time>
      </trkpt>
      <trkpt lat="34.291890962049365" lon="-117.3323214892298">
        <time>2005-05-19T15:42:04-07:00</time>
      </trkpt>
      <trkpt lat="34.291892973706126" lon="-117.33232165686786">
        <time>2005-05-19T15:42:12-07:00</time>
      </trkpt>
      <trkpt lat="34.2918942309916" lon="-117.33232140541077">
        <time>2005-05-19T15:42:18-07:00</time>
      </trkpt>
      <trkpt lat="34.291896326467395" lon="-117.33232459053397">
        <time>2005-05-19T15:42:29-07:00</time>
      </trkpt>
      <trkpt lat="34.29189272224903" lon="-117.33233900740743">
        <time>2005-05-19T15:42:38-07:00</time>
      </trkpt>
      <trkpt lat="34.29189054295421" lon="-117.33231746591628">
        <time>2005-05-19T15:42:48-07:00</time>
      </trkpt>
      <trkpt lat="34.29189054295421" lon="-117.33231746591628">
        <time>2005-05-19T15:42:57-07:00</time>
      </trkpt>
      <trkpt lat="34.29188878275454" lon="-117.33230866491795">
        <time>2005-05-19T15:43:05-07:00</time>
      </trkpt>
      <trkpt lat="34.29188827984035" lon="-117.33230480924249">
        <time>2005-05-19T15:43:13-07:00</time>
      </trkpt>
      <trkpt lat="34.291890962049365" lon="-117.33230992220342">
        <time>2005-05-19T15:43:16-07:00</time>
      </trkpt>
      <trkpt lat="34.291888531297445" lon="-117.33231687918305">
        <time>2005-05-19T15:43:21-07:00</time>
      </trkpt>
      <trkpt lat="34.29189012385905" lon="-117.3323125205934">
        <time>2005-05-19T15:43:28-07:00</time>
      </trkpt>
      <trkpt lat="34.29189054295421" lon="-117.33231746591628">
        <time>2005-05-19T15:43:32-07:00</time>
      </trkpt>
      <trkpt lat="34.29189054295421" lon="-117.33231746591628">
        <time>2005-05-19T15:43:36-07:00</time>
      </trkpt>
      <trkpt lat="34.29189054295421" lon="-117.33231746591628">
        <time>2005-05-19T15:43:39-07:00</time>
      </trkpt>
      <trkpt lat="34.29189054295421" lon="-117.33231746591628">
        <time>2005-05-19T15:43:44-07:00</time>
      </trkpt>
      <trkpt lat="34.29189414717257" lon="-117.33231796883047">
        <time>2005-05-19T15:43:52-07:00</time>
      </trkpt>
      <trkpt lat="34.29189054295421" lon="-117.33231746591628">
        <time>2005-05-19T15:43:54-07:00</time>
      </trkpt>
      <trkpt lat="34.29189054295421" lon="-117.33231746591628">
        <time>2005-05-19T15:44:00-07:00</time>
      </trkpt>
      <trkpt lat="34.29189054295421" lon="-117.33231746591628">
        <time>2005-05-19T15:44:10-07:00</time>
      </trkpt>
      <trkpt lat="34.29189054295421" lon="-117.33231746591628">
        <time>2005-05-19T15:44:19-07:00</time>
      </trkpt>
      <trkpt lat="34.291891967877746" lon="-117.33230656944215">
        <time>2005-05-19T15:44:28-07:00</time>
      </trkpt>
      <trkpt lat="34.29189221933484" lon="-117.33230732381344">
        <time>2005-05-19T15:44:36-07:00</time>
      </trkpt>
      <trkpt lat="34.29185098037124" lon="-117.33226264826953">
        <time>2005-05-19T15:44:39-07:00</time>
      </trkpt>
      <trkpt lat="34.291831785812974" lon="-117.3322126083076">
        <time>2005-05-19T15:44:42-07:00</time>
      </trkpt>
      <trkpt lat="34.29178308695555" lon="-117.33214672654867">
        <time>2005-05-19T15:44:44-07:00</time>
      </trkpt>
      <trkpt lat="34.29174796678126" lon="-117.33208914287388">
        <time>2005-05-19T15:44:47-07:00</time>
      </trkpt>
      <trkpt lat="34.29168778471649" lon="-117.3320241831243">
        <time>2005-05-19T15:44:53-07:00</time>
      </trkpt>
      <trkpt lat="34.2916489765048" lon="-117.33197716064751">
        <time>2005-05-19T15:45:02-07:00</time>
      </trkpt>
      <trkpt lat="34.291574880480766" lon="-117.33194899745286">
        <time>2005-05-19T15:45:07-07:00</time>
      </trkpt>
      <trkpt lat="34.291490223258734" lon="-117.33193332329392">
        <time>2005-05-19T15:45:12-07:00</time>
      </trkpt>
      <trkpt lat="34.29143087938428" lon="-117.33195645734668">
        <time>2005-05-19T15:45:19-07:00</time>
      </trkpt>
      <trkpt lat="34.29140707477927" lon="-117.3319728858769">
        <time>2005-05-19T15:45:24-07:00</time>
      </trkpt>
      <trkpt lat="34.29134136065841" lon="-117.33201798051596">
        <time>2005-05-19T15:45:31-07:00</time>
      </trkpt>
      <trkpt lat="34.291258212178946" lon="-117.33205779455602">
        <time>2005-05-19T15:45:36-07:00</time>
      </trkpt>
      <trkpt lat="34.29120331071317" lon="-117.33210473321378">
        <time>2005-05-19T15:45:42-07:00</time>
      </trkpt>
      <trkpt lat="34.29112317971885" lon="-117.33213792555034">
        <time>2005-05-19T15:45:49-07:00</time>
      </trkpt>
      <trkpt lat="34.29110364988446" lon="-117.33213633298874">
        <time>2005-05-19T15:45:54-07:00</time>
      </trkpt>
      <trkpt lat="34.29104698821902" lon="-117.33211940154433">
        <time>2005-05-19T15:45:56-07:00</time>
      </trkpt>
      <trkpt lat="34.290969455614686" lon="-117.33208931051195">
        <time>2005-05-19T15:46:03-07:00</time>
      </trkpt>
      <trkpt lat="34.29088027216494" lon="-117.3320812638849">
        <time>2005-05-19T15:46:10-07:00</time>
      </trkpt>
      <trkpt lat="34.29080206900835" lon="-117.33209098689258">
        <time>2005-05-19T15:46:15-07:00</time>
      </trkpt>
      <trkpt lat="34.290741216391325" lon="-117.33214848674834">
        <time>2005-05-19T15:46:22-07:00</time>
      </trkpt>
      <trkpt lat="34.29072939790785" lon="-117.33226306736469">
        <time>2005-05-19T15:46:24-07:00</time>
      </trkpt>
      <trkpt lat="34.29072671569884" lon="-117.33230003155768">
        <time>2005-05-19T15:46:30-07:00</time>
      </trkpt>
      <trkpt lat="34.290714813396335" lon="-117.33235702849925">
        <time>2005-05-19T15:46:38-07:00</time>
      </trkpt>
      <trkpt lat="34.29070031270385" lon="-117.33243238180876">
        <time>2005-05-19T15:46:46-07:00</time>
      </trkpt>
      <trkpt lat="34.29068463854492" lon="-117.33251511119306">
        <time>2005-05-19T15:46:53-07:00</time>
      </trkpt>
      <trkpt lat="34.290656140074134" lon="-117.33261058107018">
        <time>2005-05-19T15:47:00-07:00</time>
      </trkpt>
      <trkpt lat="34.29063593968749" lon="-117.33264167793095">
        <time>2005-05-19T15:47:08-07:00</time>
      </trkpt>
      <trkpt lat="34.290620014071465" lon="-117.33267134986818">
        <time>2005-05-19T15:47:11-07:00</time>
      </trkpt>
      <trkpt lat="34.29058397188783" lon="-117.33271518722177">
        <time>2005-05-19T15:47:15-07:00</time>
      </trkpt>
      <trkpt lat="34.29052119143307" lon="-117.33277318999171">
        <time>2005-05-19T15:47:21-07:00</time>
      </trkpt>
      <trkpt lat="34.29051239043474" lon="-117.3327773809433">
        <time>2005-05-19T15:47:27-07:00</time>
      </trkpt>
      <trkpt lat="34.290466625243425" lon="-117.33281074091792">
        <time>2005-05-19T15:47:33-07:00</time>
      </trkpt>
      <trkpt lat="34.29044374264777" lon="-117.33284158632159">
        <time>2005-05-19T15:47:36-07:00</time>
      </trkpt>
      <trkpt lat="34.29044323973358" lon="-117.332874359563">
        <time>2005-05-19T15:47:39-07:00</time>
      </trkpt>
      <trkpt lat="34.290432846173644" lon="-117.33294585719705">
        <time>2005-05-19T15:47:44-07:00</time>
      </trkpt>
      <trkpt lat="34.290429409593344" lon="-117.33301333151758">
        <time>2005-05-19T15:47:50-07:00</time>
      </trkpt>
      <trkpt lat="34.29047760553658" lon="-117.3330625332892">
        <time>2005-05-19T15:47:51-07:00</time>
      </trkpt>
      <trkpt lat="34.29053166881204" lon="-117.33309673145413">
        <time>2005-05-19T15:47:56-07:00</time>
      </trkpt>
      <trkpt lat="34.29054306820035" lon="-117.33310109004378">
        <time>2005-05-19T15:47:59-07:00</time>
      </trkpt>
      <trkpt lat="34.29054860025644" lon="-117.3331725038588">
        <time>2005-05-19T15:48:01-07:00</time>
      </trkpt>
      <trkpt lat="34.290518425405025" lon="-117.33326529152691">
        <time>2005-05-19T15:48:06-07:00</time>
      </trkpt>
      <trkpt lat="34.29049780592322" lon="-117.33335916884243">
        <time>2005-05-19T15:48:11-07:00</time>
      </trkpt>
      <trkpt lat="34.29048489779234" lon="-117.33338464982808">
        <time>2005-05-19T15:48:16-07:00</time>
      </trkpt>
      <trkpt lat="34.29046545177698" lon="-117.33346251770854">
        <time>2005-05-19T15:48:21-07:00</time>
      </trkpt>
      <trkpt lat="34.29044055752456" lon="-117.33351012691855">
        <time>2005-05-19T15:48:22-07:00</time>
      </trkpt>
      <trkpt lat="34.290431924164295" lon="-117.33352596871555">
        <time>2005-05-19T15:48:28-07:00</time>
      </trkpt>
      <trkpt lat="34.290390852838755" lon="-117.33359386213124">
        <time>2005-05-19T15:48:35-07:00</time>
      </trkpt>
      <trkpt lat="34.290358163416386" lon="-117.33362856321037">
        <time>2005-05-19T15:48:41-07:00</time>
      </trkpt>
      <trkpt lat="34.29034483619034" lon="-117.33364867977798">
        <time>2005-05-19T15:48:43-07:00</time>
      </trkpt>
      <trkpt lat="34.290318097919226" lon="-117.33368405140936">
        <time>2005-05-19T15:48:48-07:00</time>
      </trkpt>
      <trkpt lat="34.2902968917042" lon="-117.33369343914092">
        <time>2005-05-19T15:48:52-07:00</time>
      </trkpt>
      <trkpt lat="34.29025003686547" lon="-117.33374951407313">
        <time>2005-05-19T15:48:54-07:00</time>
      </trkpt>
      <trkpt lat="34.2902072891593" lon="-117.33382746577263">
        <time>2005-05-19T15:49:00-07:00</time>
      </trkpt>
      <trkpt lat="34.29018993861973" lon="-117.33392109163105">
        <time>2005-05-19T15:49:04-07:00</time>
      </trkpt>
      <trkpt lat="34.29018381983042" lon="-117.33400289900601">
        <time>2005-05-19T15:49:06-07:00</time>
      </trkpt>
      <trkpt lat="34.2901811376214" lon="-117.33407473191619">
        <time>2005-05-19T15:49:10-07:00</time>
      </trkpt>
      <trkpt lat="34.29017124697566" lon="-117.33408487401903">
        <time>2005-05-19T15:49:12-07:00</time>
      </trkpt>
      <trkpt lat="34.2901259008795" lon="-117.33414757065475">
        <time>2005-05-19T15:49:18-07:00</time>
      </trkpt>
      <trkpt lat="34.29010477848351" lon="-117.33415109105408">
        <time>2005-05-19T15:49:25-07:00</time>
      </trkpt>
      <trkpt lat="34.29007141850889" lon="-117.33413181267679">
        <time>2005-05-19T15:49:31-07:00</time>
      </trkpt>
      <trkpt lat="34.290023893117905" lon="-117.3341418709606">
        <time>2005-05-19T15:49:37-07:00</time>
      </trkpt>
      <trkpt lat="34.289984833449125" lon="-117.3342298809439">
        <time>2005-05-19T15:49:42-07:00</time>
      </trkpt>
      <trkpt lat="34.28996421396732" lon="-117.33427505940199">
        <time>2005-05-19T15:49:43-07:00</time>
      </trkpt>
      <trkpt lat="34.289957508444786" lon="-117.33428771607578">
        <time>2005-05-19T15:49:49-07:00</time>
      </trkpt>
      <trkpt lat="34.28991174325347" lon="-117.33434488065541">
        <time>2005-05-19T15:49:51-07:00</time>
      </trkpt>
      <trkpt lat="34.28985457867384" lon="-117.33436156064272">
        <time>2005-05-19T15:49:54-07:00</time>
      </trkpt>
      <trkpt lat="34.28984862752259" lon="-117.33435611240566">
        <time>2005-05-19T15:49:59-07:00</time>
      </trkpt>
      <trkpt lat="34.28984326310456" lon="-117.33434949070215">
        <time>2005-05-19T15:50:06-07:00</time>
      </trkpt>
      <trkpt lat="34.2898029461503" lon="-117.33429878018796">
        <time>2005-05-19T15:50:10-07:00</time>
      </trkpt>
      <trkpt lat="34.289762042462826" lon="-117.33426449820399">
        <time>2005-05-19T15:50:11-07:00</time>
      </trkpt>
      <trkpt lat="34.28973882459104" lon="-117.33427003026009">
        <time>2005-05-19T15:50:17-07:00</time>
      </trkpt>
      <trkpt lat="34.28968207910657" lon="-117.33431881293654">
        <time>2005-05-19T15:50:23-07:00</time>
      </trkpt>
      <trkpt lat="34.28962985984981" lon="-117.33435787260532">
        <time>2005-05-19T15:50:24-07:00</time>
      </trkpt>
      <trkpt lat="34.289574874565005" lon="-117.33439425006509">
        <time>2005-05-19T15:50:25-07:00</time>
      </trkpt>
      <trkpt lat="34.28954184986651" lon="-117.3344249278307">
        <time>2005-05-19T15:50:29-07:00</time>
      </trkpt>
      <trkpt lat="34.28950966335833" lon="-117.33444470912218">
        <time>2005-05-19T15:50:33-07:00</time>
      </trkpt>
      <trkpt lat="34.28944260813296" lon="-117.33450480736792">
        <time>2005-05-19T15:50:35-07:00</time>
      </trkpt>
      <trkpt lat="34.28938829340041" lon="-117.33457488007843">
        <time>2005-05-19T15:50:41-07:00</time>
      </trkpt>
      <trkpt lat="34.28933573886752" lon="-117.33459700830281">
        <time>2005-05-19T15:50:46-07:00</time>
      </trkpt>
      <trkpt lat="34.28925937972963" lon="-117.3346350621432">
        <time>2005-05-19T15:50:52-07:00</time>
      </trkpt>
      <trkpt lat="34.28922803141177" lon="-117.33461829833686">
        <time>2005-05-19T15:50:56-07:00</time>
      </trkpt>
      <trkpt lat="34.28916818462312" lon="-117.33460488729179">
        <time>2005-05-19T15:50:59-07:00</time>
      </trkpt>
      <trkpt lat="34.28915209136903" lon="-117.33462248928845">
        <time>2005-05-19T15:51:07-07:00</time>
      </trkpt>
      <trkpt lat="34.28911001421511" lon="-117.33466532081366">
        <time>2005-05-19T15:51:14-07:00</time>
      </trkpt>
      <trkpt lat="34.28905628621578" lon="-117.33474913984537">
        <time>2005-05-19T15:51:19-07:00</time>
      </trkpt>
      <trkpt lat="34.28899786435068" lon="-117.33484846539795">
        <time>2005-05-19T15:51:27-07:00</time>
      </trkpt>
      <trkpt lat="34.28895662538707" lon="-117.33490847982466">
        <time>2005-05-19T15:51:33-07:00</time>
      </trkpt>
      <trkpt lat="34.28891303949058" lon="-117.33496388420463">
        <time>2005-05-19T15:51:39-07:00</time>
      </trkpt>
      <trkpt lat="34.288867861032486" lon="-117.33500881120563">
        <time>2005-05-19T15:51:41-07:00</time>
      </trkpt>
      <trkpt lat="34.2888567969203" lon="-117.33500612899661">
        <time>2005-05-19T15:51:46-07:00</time>
      </trkpt>
      <trkpt lat="34.288843385875225" lon="-117.33499481342733">
        <time>2005-05-19T15:51:53-07:00</time>
      </trkpt>
      <trkpt lat="34.28879217244685" lon="-117.3349513951689">
        <time>2005-05-19T15:52:02-07:00</time>
      </trkpt>
      <trkpt lat="34.28872830234468" lon="-117.33492616564035">
        <time>2005-05-19T15:52:08-07:00</time>
      </trkpt>
      <trkpt lat="34.28865881636739" lon="-117.33491057530046">
        <time>2005-05-19T15:52:14-07:00</time>
      </trkpt>
      <trkpt lat="34.28861740976572" lon="-117.33489230275154">
        <time>2005-05-19T15:52:19-07:00</time>
      </trkpt>
      <trkpt lat="34.28859880194068" lon="-117.33487059362233">
        <time>2005-05-19T15:52:20-07:00</time>
      </trkpt>
      <trkpt lat="34.28857089020312" lon="-117.33488006517291">
        <time>2005-05-19T15:52:21-07:00</time>
      </trkpt>
      <trkpt lat="34.28856560960412" lon="-117.33491728082299">
        <time>2005-05-19T15:52:26-07:00</time>
      </trkpt>
      <trkpt lat="34.28853979334235" lon="-117.33499732799828">
        <time>2005-05-19T15:52:32-07:00</time>
      </trkpt>
      <trkpt lat="34.288495453074574" lon="-117.33505147509277">
        <time>2005-05-19T15:52:38-07:00</time>
      </trkpt>
      <trkpt lat="34.28844683803618" lon="-117.33508869074285">
        <time>2005-05-19T15:52:42-07:00</time>
      </trkpt>
      <trkpt lat="34.28841766901314" lon="-117.33515398576856">
        <time>2005-05-19T15:52:45-07:00</time>
      </trkpt>
      <trkpt lat="34.288380285725" lon="-117.33521827496588">
        <time>2005-05-19T15:52:48-07:00</time>
      </trkpt>
      <trkpt lat="34.28837886080146" lon="-117.33529790304601">
        <time>2005-05-19T15:52:50-07:00</time>
      </trkpt>
      <trkpt lat="34.288377687335014" lon="-117.33531684614718">
        <time>2005-05-19T15:52:56-07:00</time>
      </trkpt>
      <trkpt lat="34.28843460045755" lon="-117.3353467695415">
        <time>2005-05-19T15:53:01-07:00</time>
      </trkpt>
      <trkpt lat="34.288509115576744" lon="-117.33535842038691">
        <time>2005-05-19T15:53:07-07:00</time>
      </trkpt>
      <trkpt lat="34.28853979334235" lon="-117.33536940068007">
        <time>2005-05-19T15:53:12-07:00</time>
      </trkpt>
      <trkpt lat="34.28856519050896" lon="-117.33538599684834">
        <time>2005-05-19T15:53:18-07:00</time>
      </trkpt>
      <trkpt lat="34.288622941821814" lon="-117.33542497269809">
        <time>2005-05-19T15:53:22-07:00</time>
      </trkpt>
      <trkpt lat="34.2886255402118" lon="-117.33549471013248">
        <time>2005-05-19T15:53:26-07:00</time>
      </trkpt>
      <trkpt lat="34.288602992892265" lon="-117.33555145561695">
        <time>2005-05-19T15:53:31-07:00</time>
      </trkpt>
      <trkpt lat="34.2885528691113" lon="-117.33562194742262">
        <time>2005-05-19T15:53:37-07:00</time>
      </trkpt>
      <trkpt lat="34.288558568805456" lon="-117.33566612005234">
        <time>2005-05-19T15:53:42-07:00</time>
      </trkpt>
      <trkpt lat="34.288566363975406" lon="-117.3356818780303">
        <time>2005-05-19T15:53:47-07:00</time>
      </trkpt>
      <trkpt lat="34.28857449442148" lon="-117.33568925410509">
        <time>2005-05-19T15:53:52-07:00</time>
      </trkpt>
      <trkpt lat="34.2886200081557" lon="-117.33571364544332">
        <time>2005-05-19T15:53:58-07:00</time>
      </trkpt>
      <trkpt lat="34.28865202702582" lon="-117.3357373662293">
        <time>2005-05-19T15:54:03-07:00</time>
      </trkpt>
      <trkpt lat="34.28867373615503" lon="-117.33575186692178">
        <time>2005-05-19T15:54:09-07:00</time>
      </trkpt>
      <trkpt lat="34.288705168291926" lon="-117.335807941854">
        <time>2005-05-19T15:54:12-07:00</time>
      </trkpt>
      <trkpt lat="34.28869368508458" lon="-117.33582906424999">
        <time>2005-05-19T15:54:13-07:00</time>
      </trkpt>
      <trkpt lat="34.28868329152465" lon="-117.33586166985333">
        <time>2005-05-19T15:54:14-07:00</time>
      </trkpt>
      <trkpt lat="34.28868337534368" lon="-117.3358991369605">
        <time>2005-05-19T15:54:19-07:00</time>
      </trkpt>
      <trkpt lat="34.28870692849159" lon="-117.33592805452645">
        <time>2005-05-19T15:54:22-07:00</time>
      </trkpt>
      <trkpt lat="34.288714388385415" lon="-117.33593920245767">
        <time>2005-05-19T15:54:25-07:00</time>
      </trkpt>
      <trkpt lat="34.288742719218135" lon="-117.335992930457">
        <time>2005-05-19T15:54:30-07:00</time>
      </trkpt>
      <trkpt lat="34.288762751966715" lon="-117.33606174588203">
        <time>2005-05-19T15:54:32-07:00</time>
      </trkpt>
      <trkpt lat="34.28878219798207" lon="-117.33614363707602">
        <time>2005-05-19T15:54:35-07:00</time>
      </trkpt>
      <trkpt lat="34.28877683356404" lon="-117.33615218661726">
        <time>2005-05-19T15:54:38-07:00</time>
      </trkpt>
      <trkpt lat="34.28874037228525" lon="-117.33618571422994">
        <time>2005-05-19T15:54:41-07:00</time>
      </trkpt>
      <trkpt lat="34.28871799260378" lon="-117.33620901592076">
        <time>2005-05-19T15:54:42-07:00</time>
      </trkpt>
      <trkpt lat="34.288683123886585" lon="-117.33624991960824">
        <time>2005-05-19T15:54:47-07:00</time>
      </trkpt>
      <trkpt lat="34.28863995708525" lon="-117.33629836700857">
        <time>2005-05-19T15:54:52-07:00</time>
      </trkpt>
      <trkpt lat="34.28861355409026" lon="-117.33637472614646">
        <time>2005-05-19T15:54:59-07:00</time>
      </trkpt>
      <trkpt lat="34.28855337202549" lon="-117.33642233535647">
        <time>2005-05-19T15:55:00-07:00</time>
      </trkpt>
      <trkpt lat="34.288521353155375" lon="-117.33644362539053">
        <time>2005-05-19T15:55:04-07:00</time>
      </trkpt>
      <trkpt lat="34.2884941957891" lon="-117.33646005392075">
        <time>2005-05-19T15:55:06-07:00</time>
      </trkpt>
      <trkpt lat="34.288484221324325" lon="-117.33646491542459">
        <time>2005-05-19T15:55:11-07:00</time>
      </trkpt>
      <trkpt lat="34.2884320858866" lon="-117.33647832646966">
        <time>2005-05-19T15:55:16-07:00</time>
      </trkpt>
      <trkpt lat="34.288425548002124" lon="-117.33648813329637">
        <time>2005-05-19T15:55:22-07:00</time>
      </trkpt>
      <trkpt lat="34.28841758519411" lon="-117.33651629649103">
        <time>2005-05-19T15:55:29-07:00</time>
      </trkpt>
      <trkpt lat="34.28841942921281" lon="-117.33652543276548">
        <time>2005-05-19T15:55:33-07:00</time>
      </trkpt>
      <trkpt lat="34.2884249612689" lon="-117.33653775416315">
        <time>2005-05-19T15:55:36-07:00</time>
      </trkpt>
      <trkpt lat="34.28842965513468" lon="-117.3366042226553">
        <time>2005-05-19T15:55:37-07:00</time>
      </trkpt>
      <trkpt lat="34.28845354355872" lon="-117.33667714521289">
        <time>2005-05-19T15:55:42-07:00</time>
      </trkpt>
      <trkpt lat="34.28846192546189" lon="-117.33670547604561">
        <time>2005-05-19T15:55:43-07:00</time>
      </trkpt>
      <trkpt lat="34.28847273811698" lon="-117.33674453571439">
        <time>2005-05-19T15:55:46-07:00</time>
      </trkpt>
      <trkpt lat="34.28846041671932" lon="-117.33680228702724">
        <time>2005-05-19T15:55:47-07:00</time>
      </trkpt>
      <trkpt lat="34.2884527053684" lon="-117.33686464838684">
        <time>2005-05-19T15:55:48-07:00</time>
      </trkpt>
      <trkpt lat="34.288451531901956" lon="-117.33692198060453">
        <time>2005-05-19T15:55:53-07:00</time>
      </trkpt>
      <trkpt lat="34.2884545493871" lon="-117.33695106580853">
        <time>2005-05-19T15:55:58-07:00</time>
      </trkpt>
      <trkpt lat="34.288429990410805" lon="-117.33706631697714">
        <time>2005-05-19T15:56:00-07:00</time>
      </trkpt>
      <trkpt lat="34.28839168511331" lon="-117.3371357191354">
        <time>2005-05-19T15:56:03-07:00</time>
      </trkpt>
      <trkpt lat="34.28837860934436" lon="-117.33715541660786">
        <time>2005-05-19T15:56:07-07:00</time>
      </trkpt>
      <trkpt lat="34.28837609477341" lon="-117.33715625479817">
        <time>2005-05-19T15:56:12-07:00</time>
      </trkpt>
      <trkpt lat="34.288371317088604" lon="-117.33717394061387">
        <time>2005-05-19T15:56:16-07:00</time>
      </trkpt>
      <trkpt lat="34.28836612030864" lon="-117.33718844130635">
        <time>2005-05-19T15:56:18-07:00</time>
      </trkpt>
      <trkpt lat="34.28833401761949" lon="-117.33726790174842">
        <time>2005-05-19T15:56:26-07:00</time>
      </trkpt>
      <trkpt lat="34.28831725381315" lon="-117.33731618151069">
        <time>2005-05-19T15:56:32-07:00</time>
      </trkpt>
      <trkpt lat="34.28830660879612" lon="-117.33738684095442">
        <time>2005-05-19T15:56:36-07:00</time>
      </trkpt>
      <trkpt lat="34.28832236677408" lon="-117.3374071251601">
        <time>2005-05-19T15:56:37-07:00</time>
      </trkpt>
      <trkpt lat="34.2883438244462" lon="-117.33742623589933">
        <time>2005-05-19T15:56:40-07:00</time>
      </trkpt>
      <trkpt lat="34.28837324492633" lon="-117.33745255507529">
        <time>2005-05-19T15:56:41-07:00</time>
      </trkpt>
      <trkpt lat="34.288406604900956" lon="-117.3374763596803">
        <time>2005-05-19T15:56:48-07:00</time>
      </trkpt>
      <trkpt lat="34.28846284747124" lon="-117.33751583844423">
        <time>2005-05-19T15:56:54-07:00</time>
      </trkpt>
      <trkpt lat="34.288495536893606" lon="-117.33755875378847">
        <time>2005-05-19T15:57:00-07:00</time>
      </trkpt>
      <trkpt lat="34.28853828459978" lon="-117.33760024420917">
        <time>2005-05-19T15:57:02-07:00</time>
      </trkpt>
      <trkpt lat="34.288608357310295" lon="-117.33766394667327">
        <time>2005-05-19T15:57:04-07:00</time>
      </trkpt>
      <trkpt lat="34.28861405700445" lon="-117.33768624253571">
        <time>2005-05-19T15:57:10-07:00</time>
      </trkpt>
      <trkpt lat="34.28859352134168" lon="-117.33772857114673">
        <time>2005-05-19T15:57:14-07:00</time>
      </trkpt>
      <trkpt lat="34.28854792378843" lon="-117.33779042959213">
        <time>2005-05-19T15:57:19-07:00</time>
      </trkpt>
      <trkpt lat="34.28853929042816" lon="-117.33779579401016">
        <time>2005-05-19T15:57:24-07:00</time>
      </trkpt>
      <trkpt lat="34.288505762815475" lon="-117.33783083036542">
        <time>2005-05-19T15:57:29-07:00</time>
      </trkpt>
      <trkpt lat="34.28843476809561" lon="-117.33789226971567">
        <time>2005-05-19T15:57:36-07:00</time>
      </trkpt>
      <trkpt lat="34.288410460576415" lon="-117.33796569518745">
        <time>2005-05-19T15:57:38-07:00</time>
      </trkpt>
      <trkpt lat="34.288389505818486" lon="-117.33805823139846">
        <time>2005-05-19T15:57:41-07:00</time>
      </trkpt>
      <trkpt lat="34.288403084501624" lon="-117.33807700686157">
        <time>2005-05-19T15:57:47-07:00</time>
      </trkpt>
      <trkpt lat="34.28841297514737" lon="-117.33811061829329">
        <time>2005-05-19T15:57:48-07:00</time>
      </trkpt>
      <trkpt lat="34.288411466404796" lon="-117.33819116838276">
        <time>2005-05-19T15:57:53-07:00</time>
      </trkpt>
      <trkpt lat="34.288404174149036" lon="-117.33823165297508">
        <time>2005-05-19T15:58:00-07:00</time>
      </trkpt>
      <trkpt lat="34.28839210420847" lon="-117.3382562957704">
        <time>2005-05-19T15:58:06-07:00</time>
      </trkpt>
      <trkpt lat="34.288375759497285" lon="-117.3383157234639">
        <time>2005-05-19T15:58:13-07:00</time>
      </trkpt>
      <trkpt lat="34.28837148472667" lon="-117.33832527883351">
        <time>2005-05-19T15:58:15-07:00</time>
      </trkpt>
      <trkpt lat="34.28834424354136" lon="-117.33840490691364">
        <time>2005-05-19T15:58:18-07:00</time>
      </trkpt>
      <trkpt lat="34.28831331431866" lon="-117.33846785500646">
        <time>2005-05-19T15:58:23-07:00</time>
      </trkpt>
      <trkpt lat="34.28825447335839" lon="-117.33851781114936">
        <time>2005-05-19T15:58:26-07:00</time>
      </trkpt>
      <trkpt lat="34.288244750350714" lon="-117.33853055164218">
        <time>2005-05-19T15:58:28-07:00</time>
      </trkpt>
      <trkpt lat="34.288203343749046" lon="-117.33856659382582">
        <time>2005-05-19T15:58:33-07:00</time>
      </trkpt>
      <trkpt lat="34.28812773898244" lon="-117.33859551139176">
        <time>2005-05-19T15:58:34-07:00</time>
      </trkpt>
      <trkpt lat="34.288103180006146" lon="-117.33859735541046">
        <time>2005-05-19T15:58:40-07:00</time>
      </trkpt>
      <trkpt lat="34.2880435846746" lon="-117.3386090900749">
        <time>2005-05-19T15:58:46-07:00</time>
      </trkpt>
      <trkpt lat="34.28801885806024" lon="-117.3386297095567">
        <time>2005-05-19T15:58:52-07:00</time>
      </trkpt>
      <trkpt lat="34.28801408037543" lon="-117.33864638954401">
        <time>2005-05-19T15:58:53-07:00</time>
      </trkpt>
      <trkpt lat="34.28799790330231" lon="-117.33868645504117">
        <time>2005-05-19T15:58:58-07:00</time>
      </trkpt>
      <trkpt lat="34.28798692300916" lon="-117.33871755190194">
        <time>2005-05-19T15:59:04-07:00</time>
      </trkpt>
      <trkpt lat="34.28797736763954" lon="-117.33874948695302">
        <time>2005-05-19T15:59:06-07:00</time>
      </trkpt>
      <trkpt lat="34.2879899404943" lon="-117.33883774839342">
        <time>2005-05-19T15:59:12-07:00</time>
      </trkpt>
      <trkpt lat="34.288056744262576" lon="-117.3388405982405">
        <time>2005-05-19T15:59:14-07:00</time>
      </trkpt>
      <trkpt lat="34.28809496574104" lon="-117.33883758075535">
        <time>2005-05-19T15:59:15-07:00</time>
      </trkpt>
      <trkpt lat="34.28813712671399" lon="-117.33884688466787">
        <time>2005-05-19T15:59:18-07:00</time>
      </trkpt>
      <trkpt lat="34.288155399262905" lon="-117.33885182999074">
        <time>2005-05-19T15:59:21-07:00</time>
      </trkpt>
      <trkpt lat="34.288205187767744" lon="-117.33885878697038">
        <time>2005-05-19T15:59:23-07:00</time>
      </trkpt>
      <trkpt lat="34.288281966000795" lon="-117.33891033567488">
        <time>2005-05-19T15:59:29-07:00</time>
      </trkpt>
      <trkpt lat="34.28829579614103" lon="-117.33890329487622">
        <time>2005-05-19T15:59:35-07:00</time>
      </trkpt>
      <trkpt lat="34.288328904658556" lon="-117.33889357186854">
        <time>2005-05-19T15:59:38-07:00</time>
      </trkpt>
      <trkpt lat="34.288354301825166" lon="-117.33890916220844">
        <time>2005-05-19T15:59:41-07:00</time>
      </trkpt>
      <trkpt lat="34.288357151672244" lon="-117.3389421030879">
        <time>2005-05-19T15:59:43-07:00</time>
      </trkpt>
      <trkpt lat="34.288356648758054" lon="-117.33898468315601">
        <time>2005-05-19T15:59:48-07:00</time>
      </trkpt>
      <trkpt lat="34.28836394101381" lon="-117.33909733593464">
        <time>2005-05-19T15:59:56-07:00</time>
      </trkpt>
      <trkpt lat="34.28837215527892" lon="-117.33913413248956">
        <time>2005-05-19T15:59:57-07:00</time>
      </trkpt>
      <trkpt lat="34.28841347806156" lon="-117.33919356018305">
        <time>2005-05-19T15:59:59-07:00</time>
      </trkpt>
      <trkpt lat="34.28844289854169" lon="-117.33923421241343">
        <time>2005-05-19T16:00:01-07:00</time>
      </trkpt>
      <trkpt lat="34.28843216970563" lon="-117.33933445997536">
        <time>2005-05-19T16:00:03-07:00</time>
      </trkpt>
      <trkpt lat="34.28842814639211" lon="-117.33934921212494">
        <time>2005-05-19T16:00:06-07:00</time>
      </trkpt>
      <trkpt lat="34.288393864408135" lon="-117.33940788544714">
        <time>2005-05-19T16:00:13-07:00</time>
      </trkpt>
      <trkpt lat="34.28838171064854" lon="-117.33943504281342">
        <time>2005-05-19T16:00:15-07:00</time>
      </trkpt>
      <trkpt lat="34.288356732577085" lon="-117.33950084075332">
        <time>2005-05-19T16:00:20-07:00</time>
      </trkpt>
      <trkpt lat="34.28833586163819" lon="-117.33957393094897">
        <time>2005-05-19T16:00:26-07:00</time>
      </trkpt>
      <trkpt lat="34.28828749805689" lon="-117.33961173333228">
        <time>2005-05-19T16:00:33-07:00</time>
      </trkpt>
      <trkpt lat="34.28826997987926" lon="-117.3396297544241">
        <time>2005-05-19T16:00:34-07:00</time>
      </trkpt>
      <trkpt lat="34.288242822512984" lon="-117.33966797590256">
        <time>2005-05-19T16:00:39-07:00</time>
      </trkpt>
      <trkpt lat="34.28820661269128" lon="-117.33974232338369">
        <time>2005-05-19T16:00:41-07:00</time>
      </trkpt>
      <trkpt lat="34.288174426183105" lon="-117.33981885015965">
        <time>2005-05-19T16:00:46-07:00</time>
      </trkpt>
      <trkpt lat="34.288151459768414" lon="-117.33988389372826">
        <time>2005-05-19T16:00:51-07:00</time>
      </trkpt>
      <trkpt lat="34.28814768791199" lon="-117.33989789150655">
        <time>2005-05-19T16:00:56-07:00</time>
      </trkpt>
      <trkpt lat="34.28811592049897" lon="-117.3399957921356">
        <time>2005-05-19T16:00:58-07:00</time>
      </trkpt>
      <trkpt lat="34.28812078200281" lon="-117.34002605080605">
        <time>2005-05-19T16:01:01-07:00</time>
      </trkpt>
      <trkpt lat="34.28813947364688" lon="-117.34007751569152">
        <time>2005-05-19T16:01:07-07:00</time>
      </trkpt>
      <trkpt lat="34.2881641164422" lon="-117.34015446156263">
        <time>2005-05-19T16:01:13-07:00</time>
      </trkpt>
      <trkpt lat="34.28817953914404" lon="-117.34019838273525">
        <time>2005-05-19T16:01:18-07:00</time>
      </trkpt>
      <trkpt lat="34.2882196046412" lon="-117.3402806930244">
        <time>2005-05-19T16:01:19-07:00</time>
      </trkpt>
      <trkpt lat="34.288246762007475" lon="-117.34031137079">
        <time>2005-05-19T16:01:26-07:00</time>
      </trkpt>
      <trkpt lat="34.28826201707125" lon="-117.3403409589082">
        <time>2005-05-19T16:01:28-07:00</time>
      </trkpt>
      <trkpt lat="34.2882766854018" lon="-117.34036752954125">
        <time>2005-05-19T16:01:32-07:00</time>
      </trkpt>
      <trkpt lat="34.28828104399145" lon="-117.34039527364075">
        <time>2005-05-19T16:01:38-07:00</time>
      </trkpt>
      <trkpt lat="34.288277020677924" lon="-117.34047004021704">
        <time>2005-05-19T16:01:41-07:00</time>
      </trkpt>
      <trkpt lat="34.288242906332016" lon="-117.3405759036541">
        <time>2005-05-19T16:01:48-07:00</time>
      </trkpt>
      <trkpt lat="34.28818381391466" lon="-117.34067246317863">
        <time>2005-05-19T16:01:51-07:00</time>
      </trkpt>
      <trkpt lat="34.2881641164422" lon="-117.3407468944788">
        <time>2005-05-19T16:01:53-07:00</time>
      </trkpt>
      <trkpt lat="34.28817509673536" lon="-117.34080154448748">
        <time>2005-05-19T16:01:55-07:00</time>
      </trkpt>
      <trkpt lat="34.28818113170564" lon="-117.34083021059632">
        <time>2005-05-19T16:01:57-07:00</time>
      </trkpt>
      <trkpt lat="34.28818699903786" lon="-117.34087253920734">
        <time>2005-05-19T16:02:03-07:00</time>
      </trkpt>
      <trkpt lat="34.28818800486624" lon="-117.34092484228313">
        <time>2005-05-19T16:02:11-07:00</time>
      </trkpt>
      <trkpt lat="34.28820351138711" lon="-117.34103598631918">
        <time>2005-05-19T16:02:19-07:00</time>
      </trkpt>
      <trkpt lat="34.28821172565222" lon="-117.34110161662102">
        <time>2005-05-19T16:02:25-07:00</time>
      </trkpt>
      <trkpt lat="34.2882143240422" lon="-117.34111812897027">
        <time>2005-05-19T16:02:29-07:00</time>
      </trkpt>
      <trkpt lat="34.28823268041015" lon="-117.34117328189313">
        <time>2005-05-19T16:02:31-07:00</time>
      </trkpt>
      <trkpt lat="34.28824081085622" lon="-117.34119012951851">
        <time>2005-05-19T16:02:33-07:00</time>
      </trkpt>
      <trkpt lat="34.288273584097624" lon="-117.34125106595457">
        <time>2005-05-19T16:02:36-07:00</time>
      </trkpt>
      <trkpt lat="34.288309374824166" lon="-117.34129616059363">
        <time>2005-05-19T16:02:43-07:00</time>
      </trkpt>
      <trkpt lat="34.28834047168493" lon="-117.34134200960398">
        <time>2005-05-19T16:02:47-07:00</time>
      </trkpt>
      <trkpt lat="34.28839897736907" lon="-117.34138919971883">
        <time>2005-05-19T16:02:48-07:00</time>
      </trkpt>
      <trkpt lat="34.28844138979912" lon="-117.34140604734421">
        <time>2005-05-19T16:02:52-07:00</time>
      </trkpt>
      <trkpt lat="34.28845019079745" lon="-117.34140579588711">
        <time>2005-05-19T16:02:53-07:00</time>
      </trkpt>
      <trkpt lat="34.28848824463785" lon="-117.34140453860164">
        <time>2005-05-19T16:02:58-07:00</time>
      </trkpt>
      <trkpt lat="34.28854607976973" lon="-117.34145659022033">
        <time>2005-05-19T16:03:03-07:00</time>
      </trkpt>
      <trkpt lat="34.28854465484619" lon="-117.34151476062834">
        <time>2005-05-19T16:03:07-07:00</time>
      </trkpt>
      <trkpt lat="34.28853861987591" lon="-117.34151409007609">
        <time>2005-05-19T16:03:13-07:00</time>
      </trkpt>
      <trkpt lat="34.28854314610362" lon="-117.3415793851018">
        <time>2005-05-19T16:03:17-07:00</time>
      </trkpt>
      <trkpt lat="34.28852931596339" lon="-117.3416467756033">
        <time>2005-05-19T16:03:18-07:00</time>
      </trkpt>
      <trkpt lat="34.28852395154536" lon="-117.34168382361531">
        <time>2005-05-19T16:03:21-07:00</time>
      </trkpt>
      <trkpt lat="34.288527723401785" lon="-117.34171634539962">
        <time>2005-05-19T16:03:28-07:00</time>
      </trkpt>
      <trkpt lat="34.28856058046222" lon="-117.34178884886205">
        <time>2005-05-19T16:03:35-07:00</time>
      </trkpt>
      <trkpt lat="34.28858027793467" lon="-117.34180594794452">
        <time>2005-05-19T16:03:36-07:00</time>
      </trkpt>
      <trkpt lat="34.288599975407124" lon="-117.34184953384101">
        <time>2005-05-19T16:03:41-07:00</time>
      </trkpt>
      <trkpt lat="34.28865982219577" lon="-117.34191868454218">
        <time>2005-05-19T16:03:46-07:00</time>
      </trkpt>
      <trkpt lat="34.288737354800105" lon="-117.34193963930011">
        <time>2005-05-19T16:03:49-07:00</time>
      </trkpt>
      <trkpt lat="34.288746574893594" lon="-117.34196227043867">
        <time>2005-05-19T16:03:51-07:00</time>
      </trkpt>
      <trkpt lat="34.288746155798435" lon="-117.34200778417289">
        <time>2005-05-19T16:03:56-07:00</time>
      </trkpt>
      <trkpt lat="34.28874674253166" lon="-117.34208204783499">
        <time>2005-05-19T16:03:58-07:00</time>
      </trkpt>
      <trkpt lat="34.28875260986388" lon="-117.3420973867178">
        <time>2005-05-19T16:04:02-07:00</time>
      </trkpt>
      <trkpt lat="34.28875621408224" lon="-117.34217525459826">
        <time>2005-05-19T16:04:09-07:00</time>
      </trkpt>
      <trkpt lat="34.28875428624451" lon="-117.3422385379672">
        <time>2005-05-19T16:04:15-07:00</time>
      </trkpt>
      <trkpt lat="34.28879954852164" lon="-117.34232822433114">
        <time>2005-05-19T16:04:17-07:00</time>
      </trkpt>
      <trkpt lat="34.28879686631262" lon="-117.34241573140025">
        <time>2005-05-19T16:04:20-07:00</time>
      </trkpt>
      <trkpt lat="34.288757387548685" lon="-117.34249083325267">
        <time>2005-05-19T16:04:25-07:00</time>
      </trkpt>
      <trkpt lat="34.28876216523349" lon="-117.34250851906836">
        <time>2005-05-19T16:04:26-07:00</time>
      </trkpt>
      <trkpt lat="34.2887738160789" lon="-117.34254405833781">
        <time>2005-05-19T16:04:32-07:00</time>
      </trkpt>
      <trkpt lat="34.28878211416304" lon="-117.34255269169807">
        <time>2005-05-19T16:04:37-07:00</time>
      </trkpt>
      <trkpt lat="34.28880700841546" lon="-117.34256258234382">
        <time>2005-05-19T16:04:44-07:00</time>
      </trkpt>
      <trkpt lat="34.288841877132654" lon="-117.34258630312979">
        <time>2005-05-19T16:04:51-07:00</time>
      </trkpt>
      <trkpt lat="34.28888705559075" lon="-117.34263835474849">
        <time>2005-05-19T16:04:58-07:00</time>
      </trkpt>
      <trkpt lat="34.28891303949058" lon="-117.34264514409006">
        <time>2005-05-19T16:04:59-07:00</time>
      </trkpt>
      <trkpt lat="34.28896668367088" lon="-117.34269023872912">
        <time>2005-05-19T16:05:02-07:00</time>
      </trkpt>
      <trkpt lat="34.2889619898051" lon="-117.342708427459">
        <time>2005-05-19T16:05:03-07:00</time>
      </trkpt>
      <trkpt lat="34.28894899785519" lon="-117.34273994341493">
        <time>2005-05-19T16:05:05-07:00</time>
      </trkpt>
      <trkpt lat="34.28894388489425" lon="-117.34275410883129">
        <time>2005-05-19T16:05:09-07:00</time>
      </trkpt>
      <trkpt lat="34.288916727527976" lon="-117.34279341995716">
        <time>2005-05-19T16:05:15-07:00</time>
      </trkpt>
      <trkpt lat="34.288884960114956" lon="-117.34286349266768">
        <time>2005-05-19T16:05:17-07:00</time>
      </trkpt>
      <trkpt lat="34.288870207965374" lon="-117.3429380916059">
        <time>2005-05-19T16:05:24-07:00</time>
      </trkpt>
      <trkpt lat="34.28884271532297" lon="-117.34299399890006">
        <time>2005-05-19T16:05:26-07:00</time>
      </trkpt>
      <trkpt lat="34.28881622850895" lon="-117.34301864169538">
        <time>2005-05-19T16:05:30-07:00</time>
      </trkpt>
      <trkpt lat="34.2887859698385" lon="-117.34305032528937">
        <time>2005-05-19T16:05:31-07:00</time>
      </trkpt>
      <trkpt lat="34.288736348971725" lon="-117.34313288703561">
        <time>2005-05-19T16:05:36-07:00</time>
      </trkpt>
      <trkpt lat="34.28866904228926" lon="-117.34319080598652">
        <time>2005-05-19T16:05:43-07:00</time>
      </trkpt>
      <trkpt lat="34.28860190324485" lon="-117.34324922785163">
        <time>2005-05-19T16:05:49-07:00</time>
      </trkpt>
      <trkpt lat="34.28861305117607" lon="-117.34327839687467">
        <time>2005-05-19T16:05:55-07:00</time>
      </trkpt>
      <trkpt lat="34.28863752633333" lon="-117.34328233636916">
        <time>2005-05-19T16:05:59-07:00</time>
      </trkpt>
      <trkpt lat="34.288648422807455" lon="-117.34328275546432">
        <time>2005-05-19T16:06:03-07:00</time>
      </trkpt>
      <trkpt lat="34.2886998038739" lon="-117.34329239465296">
        <time>2005-05-19T16:06:10-07:00</time>
      </trkpt>
      <trkpt lat="34.28872603923082" lon="-117.34329993836582">
        <time>2005-05-19T16:06:18-07:00</time>
      </trkpt>
      <trkpt lat="34.28879326209426" lon="-117.34333086758852">
        <time>2005-05-19T16:06:25-07:00</time>
      </trkpt>
      <trkpt lat="34.288870794698596" lon="-117.34335660003126">
        <time>2005-05-19T16:06:27-07:00</time>
      </trkpt>
      <trkpt lat="34.288893006742" lon="-117.3433680832386">
        <time>2005-05-19T16:06:29-07:00</time>
      </trkpt>
      <trkpt lat="34.2889223434031" lon="-117.34338509850204">
        <time>2005-05-19T16:06:30-07:00</time>
      </trkpt>
      <trkpt lat="34.28898478858173" lon="-117.34340630471706">
        <time>2005-05-19T16:06:34-07:00</time>
      </trkpt>
      <trkpt lat="34.28904396481812" lon="-117.34344142489135">
        <time>2005-05-19T16:06:36-07:00</time>
      </trkpt>
      <trkpt lat="34.28911152295768" lon="-117.34349666163325">
        <time>2005-05-19T16:06:42-07:00</time>
      </trkpt>
      <trkpt lat="34.2890986148268" lon="-117.34358198940754">
        <time>2005-05-19T16:06:48-07:00</time>
      </trkpt>
      <trkpt lat="34.289132142439485" lon="-117.34366807155311">
        <time>2005-05-19T16:06:50-07:00</time>
      </trkpt>
      <trkpt lat="34.28910833783448" lon="-117.34368978068233">
        <time>2005-05-19T16:06:53-07:00</time>
      </trkpt>
      <trkpt lat="34.28910196758807" lon="-117.34368802048266">
        <time>2005-05-19T16:06:59-07:00</time>
      </trkpt>
      <trkpt lat="34.28904538974166" lon="-117.34366421587765">
        <time>2005-05-19T16:07:05-07:00</time>
      </trkpt>
      <trkpt lat="34.2889931704849" lon="-117.3436408303678">
        <time>2005-05-19T16:07:11-07:00</time>
      </trkpt>
      <trkpt lat="34.28898051381111" lon="-117.34364275820553">
        <time>2005-05-19T16:07:17-07:00</time>
      </trkpt>
      <trkpt lat="34.28891999647021" lon="-117.34367653727531">
        <time>2005-05-19T16:07:23-07:00</time>
      </trkpt>
      <trkpt lat="34.28888965398073" lon="-117.3436860088259">
        <time>2005-05-19T16:07:27-07:00</time>
      </trkpt>
      <trkpt lat="34.288868783041835" lon="-117.34368751756847">
        <time>2005-05-19T16:07:28-07:00</time>
      </trkpt>
      <trkpt lat="34.288853192701936" lon="-117.34369372017682">
        <time>2005-05-19T16:07:33-07:00</time>
      </trkpt>
      <trkpt lat="34.2888171505183" lon="-117.34370126388967">
        <time>2005-05-19T16:07:38-07:00</time>
      </trkpt>
      <trkpt lat="34.288770044222474" lon="-117.3437343724072">
        <time>2005-05-19T16:07:39-07:00</time>
      </trkpt>
      <trkpt lat="34.2887619137764" lon="-117.34380478039384">
        <time>2005-05-19T16:07:45-07:00</time>
      </trkpt>
      <trkpt lat="34.28874439559877" lon="-117.34388549812138">
        <time>2005-05-19T16:07:48-07:00</time>
      </trkpt>
      <trkpt lat="34.28871430456638" lon="-117.343929419294">
        <time>2005-05-19T16:07:51-07:00</time>
      </trkpt>
      <trkpt lat="34.2886998038739" lon="-117.34393729828298">
        <time>2005-05-19T16:07:52-07:00</time>
      </trkpt>
      <trkpt lat="34.288631323724985" lon="-117.34396361745894">
        <time>2005-05-19T16:07:55-07:00</time>
      </trkpt>
      <trkpt lat="34.28857633844018" lon="-117.34399328939617">
        <time>2005-05-19T16:08:00-07:00</time>
      </trkpt>
      <trkpt lat="34.28854557685554" lon="-117.34403419308364">
        <time>2005-05-19T16:08:05-07:00</time>
      </trkpt>
      <trkpt lat="34.288539458066225" lon="-117.34404450282454">
        <time>2005-05-19T16:08:10-07:00</time>
      </trkpt>
      <trkpt lat="34.288511546328664" lon="-117.34409387223423">
        <time>2005-05-19T16:08:14-07:00</time>
      </trkpt>
      <trkpt lat="34.28850400261581" lon="-117.34412555582821">
        <time>2005-05-19T16:08:15-07:00</time>
      </trkpt>
      <trkpt lat="34.28849914111197" lon="-117.34416302293539">
        <time>2005-05-19T16:08:22-07:00</time>
      </trkpt>
      <trkpt lat="34.288514479994774" lon="-117.34422337263823">
        <time>2005-05-19T16:08:27-07:00</time>
      </trkpt>
      <trkpt lat="34.288554545491934" lon="-117.34428405761719">
        <time>2005-05-19T16:08:31-07:00</time>
      </trkpt>
      <trkpt lat="34.28857642225921" lon="-117.34430015087128">
        <time>2005-05-19T16:08:32-07:00</time>
      </trkpt>
      <trkpt lat="34.28862428292632" lon="-117.34432529658079">
        <time>2005-05-19T16:08:36-07:00</time>
      </trkpt>
      <trkpt lat="34.28866443224251" lon="-117.34437391161919">
        <time>2005-05-19T16:08:38-07:00</time>
      </trkpt>
      <trkpt lat="34.28866711445153" lon="-117.34438581392169">
        <time>2005-05-19T16:08:41-07:00</time>
      </trkpt>
      <trkpt lat="34.28867884911597" lon="-117.34443577006459">
        <time>2005-05-19T16:08:45-07:00</time>
      </trkpt>
      <trkpt lat="34.288736851885915" lon="-117.34448933042586">
        <time>2005-05-19T16:08:50-07:00</time>
      </trkpt>
      <trkpt lat="34.28875604644418" lon="-117.3445145599544">
        <time>2005-05-19T16:08:52-07:00</time>
      </trkpt>
      <trkpt lat="34.28876199759543" lon="-117.34455429017544">
        <time>2005-05-19T16:08:56-07:00</time>
      </trkpt>
      <trkpt lat="34.28874841891229" lon="-117.34457834623754">
        <time>2005-05-19T16:09:01-07:00</time>
      </trkpt>
      <trkpt lat="34.288713885471225" lon="-117.34459234401584">
        <time>2005-05-19T16:09:02-07:00</time>
      </trkpt>
      <trkpt lat="34.288649847730994" lon="-117.34459988772869">
        <time>2005-05-19T16:09:06-07:00</time>
      </trkpt>
      <trkpt lat="34.28858824074268" lon="-117.34460382722318">
        <time>2005-05-19T16:09:12-07:00</time>
      </trkpt>
      <trkpt lat="34.28851976059377" lon="-117.34462603926659">
        <time>2005-05-19T16:09:15-07:00</time>
      </trkpt>
      <trkpt lat="34.28845505230129" lon="-117.34465973451734">
        <time>2005-05-19T16:09:18-07:00</time>
      </trkpt>
      <trkpt lat="34.28840861655772" lon="-117.34468999318779">
        <time>2005-05-19T16:09:20-07:00</time>
      </trkpt>
      <trkpt lat="34.28839914500713" lon="-117.34474522992969">
        <time>2005-05-19T16:09:23-07:00</time>
      </trkpt>
      <trkpt lat="34.28840400651097" lon="-117.34475872479379">
        <time>2005-05-19T16:09:29-07:00</time>
      </trkpt>
      <trkpt lat="34.28844474256039" lon="-117.34482695348561">
        <time>2005-05-19T16:09:34-07:00</time>
      </trkpt>
      <trkpt lat="34.28848153911531" lon="-117.34489283524454">
        <time>2005-05-19T16:09:40-07:00</time>
      </trkpt>
      <trkpt lat="34.28849964402616" lon="-117.34493273310363">
        <time>2005-05-19T16:09:47-07:00</time>
      </trkpt>
      <trkpt lat="34.28851707838476" lon="-117.34496818855405">
        <time>2005-05-19T16:09:52-07:00</time>
      </trkpt>
      <trkpt lat="34.28855529986322" lon="-117.34504169784486">
        <time>2005-05-19T16:09:56-07:00</time>
      </trkpt>
      <trkpt lat="34.28856711834669" lon="-117.34510062262416">
        <time>2005-05-19T16:09:57-07:00</time>
      </trkpt>
      <trkpt lat="34.28853300400078" lon="-117.34517681412399">
        <time>2005-05-19T16:10:03-07:00</time>
      </trkpt>
      <trkpt lat="34.2885182518512" lon="-117.34523766674101">
        <time>2005-05-19T16:10:08-07:00</time>
      </trkpt>
      <trkpt lat="34.288521353155375" lon="-117.34529533423483">
        <time>2005-05-19T16:10:11-07:00</time>
      </trkpt>
      <trkpt lat="34.288537027314305" lon="-117.34533799812198">
        <time>2005-05-19T16:10:14-07:00</time>
      </trkpt>
      <trkpt lat="34.28856016136706" lon="-117.34542718157172">
        <time>2005-05-19T16:10:20-07:00</time>
      </trkpt>
      <trkpt lat="34.28861992433667" lon="-117.34544310718775">
        <time>2005-05-19T16:10:25-07:00</time>
      </trkpt>
      <trkpt lat="34.28866929374635" lon="-117.34547378495336">
        <time>2005-05-19T16:10:31-07:00</time>
      </trkpt>
      <trkpt lat="34.28867063485086" lon="-117.34548476524651">
        <time>2005-05-19T16:10:36-07:00</time>
      </trkpt>
      <trkpt lat="34.288672395050526" lon="-117.34555592760444">
        <time>2005-05-19T16:10:40-07:00</time>
      </trkpt>
      <trkpt lat="34.288680693134665" lon="-117.34561233781278">
        <time>2005-05-19T16:10:43-07:00</time>
      </trkpt>
      <trkpt lat="34.288687566295266" lon="-117.34563656151295">
        <time>2005-05-19T16:10:50-07:00</time>
      </trkpt>
      <trkpt lat="34.28872377611697" lon="-117.34568391926587">
        <time>2005-05-19T16:10:57-07:00</time>
      </trkpt>
      <trkpt lat="34.28876291960478" lon="-117.34574410133064">
        <time>2005-05-19T16:11:03-07:00</time>
      </trkpt>
      <trkpt lat="34.28882393985987" lon="-117.34576405026019">
        <time>2005-05-19T16:11:04-07:00</time>
      </trkpt>
      <trkpt lat="34.2889067530632" lon="-117.34576279297471">
        <time>2005-05-19T16:11:09-07:00</time>
      </trkpt>
      <trkpt lat="34.28895612247288" lon="-117.34576237387955">
        <time>2005-05-19T16:11:13-07:00</time>
      </trkpt>
      <trkpt lat="34.28897657431662" lon="-117.34575784765184">
        <time>2005-05-19T16:11:15-07:00</time>
      </trkpt>
      <trkpt lat="34.28907003253698" lon="-117.34577159397304">
        <time>2005-05-19T16:11:20-07:00</time>
      </trkpt>
      <trkpt lat="34.28911680355668" lon="-117.34581660479307">
        <time>2005-05-19T16:11:26-07:00</time>
      </trkpt>
      <trkpt lat="34.28912074305117" lon="-117.34587821178138">
        <time>2005-05-19T16:11:32-07:00</time>
      </trkpt>
      <trkpt lat="34.28914798423648" lon="-117.34597493894398">
        <time>2005-05-19T16:11:39-07:00</time>
      </trkpt>
      <trkpt lat="34.28919307887554" lon="-117.34603797085583">
        <time>2005-05-19T16:11:44-07:00</time>
      </trkpt>
      <trkpt lat="34.28924487903714" lon="-117.34609614126384">
        <time>2005-05-19T16:11:46-07:00</time>
      </trkpt>
      <trkpt lat="34.28927354514599" lon="-117.34615271911025">
        <time>2005-05-19T16:11:53-07:00</time>
      </trkpt>
      <trkpt lat="34.28927421569824" lon="-117.3461676388979">
        <time>2005-05-19T16:11:58-07:00</time>
      </trkpt>
      <trkpt lat="34.289284106343985" lon="-117.3462588340044">
        <time>2005-05-19T16:12:03-07:00</time>
      </trkpt>
      <trkpt lat="34.28931528702378" lon="-117.34633351676166">
        <time>2005-05-19T16:12:10-07:00</time>
      </trkpt>
      <trkpt lat="34.28937370888889" lon="-117.34636142849922">
        <time>2005-05-19T16:12:16-07:00</time>
      </trkpt>
      <trkpt lat="34.28938762284815" lon="-117.34636193141341">
        <time>2005-05-19T16:12:22-07:00</time>
      </trkpt>
      <trkpt lat="34.28946113213897" lon="-117.34637048095465">
        <time>2005-05-19T16:12:26-07:00</time>
      </trkpt>
      <trkpt lat="34.289535228163004" lon="-117.34634240157902">
        <time>2005-05-19T16:12:27-07:00</time>
      </trkpt>
      <trkpt lat="34.28954428061843" lon="-117.34634013846517">
        <time>2005-05-19T16:12:33-07:00</time>
      </trkpt>
      <trkpt lat="34.289606558158994" lon="-117.34631943516433">
        <time>2005-05-19T16:12:39-07:00</time>
      </trkpt>
      <trkpt lat="34.28966246545315" lon="-117.34631356783211">
        <time>2005-05-19T16:12:44-07:00</time>
      </trkpt>
      <trkpt lat="34.28972273133695" lon="-117.34631809405982">
        <time>2005-05-19T16:12:45-07:00</time>
      </trkpt>
      <trkpt lat="34.28979733027518" lon="-117.34633754007518">
        <time>2005-05-19T16:12:52-07:00</time>
      </trkpt>
      <trkpt lat="34.289856841787696" lon="-117.3463835567236">
        <time>2005-05-19T16:12:58-07:00</time>
      </trkpt>
      <trkpt lat="34.28990411572158" lon="-117.34644030220807">
        <time>2005-05-19T16:12:59-07:00</time>
      </trkpt>
      <trkpt lat="34.28991274908185" lon="-117.34644927084446">
        <time>2005-05-19T16:13:05-07:00</time>
      </trkpt>
      <trkpt lat="34.289966728538275" lon="-117.34645153395832">
        <time>2005-05-19T16:13:09-07:00</time>
      </trkpt>
      <trkpt lat="34.290018025785685" lon="-117.3464472591877">
        <time>2005-05-19T16:13:14-07:00</time>
      </trkpt>
      <trkpt lat="34.290020456537604" lon="-117.3464676272124">
        <time>2005-05-19T16:13:20-07:00</time>
      </trkpt>
      <trkpt lat="34.29001693613827" lon="-117.34648942016065">
        <time>2005-05-19T16:13:26-07:00</time>
      </trkpt>
      <trkpt lat="34.29000184871256" lon="-117.34651146456599">
        <time>2005-05-19T16:13:32-07:00</time>
      </trkpt>
      <trkpt lat="34.28995532914996" lon="-117.3465522006154">
        <time>2005-05-19T16:13:33-07:00</time>
      </trkpt>
      <trkpt lat="34.28988358005881" lon="-117.3465712275356">
        <time>2005-05-19T16:13:37-07:00</time>
      </trkpt>
      <trkpt lat="34.289810825139284" lon="-117.34656628221273">
        <time>2005-05-19T16:13:41-07:00</time>
      </trkpt>
      <trkpt lat="34.28977679461241" lon="-117.34657265245914">
        <time>2005-05-19T16:13:42-07:00</time>
      </trkpt>
      <trkpt lat="34.28974402137101" lon="-117.34658329747617">
        <time>2005-05-19T16:13:44-07:00</time>
      </trkpt>
      <trkpt lat="34.289703872054815" lon="-117.34661816619337">
        <time>2005-05-19T16:13:47-07:00</time>
      </trkpt>
      <trkpt lat="34.28966632112861" lon="-117.34669033437967">
        <time>2005-05-19T16:13:52-07:00</time>
      </trkpt>
      <trkpt lat="34.28962927311659" lon="-117.34671648591757">
        <time>2005-05-19T16:13:58-07:00</time>
      </trkpt>
      <trkpt lat="34.289606641978025" lon="-117.34671087004244">
        <time>2005-05-19T16:14:05-07:00</time>
      </trkpt>
      <trkpt lat="34.28956272080541" lon="-117.34670500271022">
        <time>2005-05-19T16:14:08-07:00</time>
      </trkpt>
      <trkpt lat="34.28948032669723" lon="-117.34672444872558">
        <time>2005-05-19T16:14:11-07:00</time>
      </trkpt>
      <trkpt lat="34.28940849378705" lon="-117.34672293998301">
        <time>2005-05-19T16:14:15-07:00</time>
      </trkpt>
      <trkpt lat="34.28935619071126" lon="-117.34674096107483">
        <time>2005-05-19T16:14:22-07:00</time>
      </trkpt>
      <trkpt lat="34.28931218571961" lon="-117.34675546176732">
        <time>2005-05-19T16:14:28-07:00</time>
      </trkpt>
      <trkpt lat="34.289304222911596" lon="-117.34676275402308">
        <time>2005-05-19T16:14:31-07:00</time>
      </trkpt>
      <trkpt lat="34.28923892788589" lon="-117.34677700325847">
        <time>2005-05-19T16:14:35-07:00</time>
      </trkpt>
      <trkpt lat="34.289227863773704" lon="-117.34677960164845">
        <time>2005-05-19T16:14:42-07:00</time>
      </trkpt>
      <trkpt lat="34.28918469697237" lon="-117.3467887379229">
        <time>2005-05-19T16:14:48-07:00</time>
      </trkpt>
      <trkpt lat="34.28911428898573" lon="-117.34679033048451">
        <time>2005-05-19T16:14:53-07:00</time>
      </trkpt>
      <trkpt lat="34.28911043331027" lon="-117.34679033048451">
        <time>2005-05-19T16:14:57-07:00</time>
      </trkpt>
      <trkpt lat="34.289089143276215" lon="-117.34677616506815">
        <time>2005-05-19T16:14:58-07:00</time>
      </trkpt>
      <trkpt lat="34.28903801366687" lon="-117.34674599021673">
        <time>2005-05-19T16:15:05-07:00</time>
      </trkpt>
      <trkpt lat="34.289026111364365" lon="-117.34673836268485">
        <time>2005-05-19T16:15:06-07:00</time>
      </trkpt>
      <trkpt lat="34.288978669792414" lon="-117.3467147257179">
        <time>2005-05-19T16:15:11-07:00</time>
      </trkpt>
      <trkpt lat="34.28892175666988" lon="-117.34668815508485">
        <time>2005-05-19T16:15:17-07:00</time>
      </trkpt>
      <trkpt lat="34.288871213793755" lon="-117.34666896052659">
        <time>2005-05-19T16:15:18-07:00</time>
      </trkpt>
      <trkpt lat="34.288863921537995" lon="-117.34666166827083">
        <time>2005-05-19T16:15:23-07:00</time>
      </trkpt>
      <trkpt lat="34.288820838555694" lon="-117.3466615844518">
        <time>2005-05-19T16:15:28-07:00</time>
      </trkpt>
      <trkpt lat="34.288815977051854" lon="-117.34667231328785">
        <time>2005-05-19T16:15:29-07:00</time>
      </trkpt>
      <trkpt lat="34.288814552128315" lon="-117.34674054197967">
        <time>2005-05-19T16:15:33-07:00</time>
      </trkpt>
      <trkpt lat="34.288811199367046" lon="-117.34682930633426">
        <time>2005-05-19T16:15:39-07:00</time>
      </trkpt>
      <trkpt lat="34.28883332759142" lon="-117.34692293219268">
        <time>2005-05-19T16:15:44-07:00</time>
      </trkpt>
      <trkpt lat="34.288886887952685" lon="-117.34697892330587">
        <time>2005-05-19T16:15:45-07:00</time>
      </trkpt>
      <trkpt lat="34.28889728151262" lon="-117.34697800129652">
        <time>2005-05-19T16:15:49-07:00</time>
      </trkpt>
      <trkpt lat="34.28892267867923" lon="-117.3469948489219">
        <time>2005-05-19T16:15:50-07:00</time>
      </trkpt>
      <trkpt lat="34.288932317867875" lon="-117.34700004570186">
        <time>2005-05-19T16:15:54-07:00</time>
      </trkpt>
      <trkpt lat="34.28894002921879" lon="-117.34700758941472">
        <time>2005-05-19T16:16:00-07:00</time>
      </trkpt>
      <trkpt lat="34.28895402699709" lon="-117.34706609509885">
        <time>2005-05-19T16:16:06-07:00</time>
      </trkpt>
      <trkpt lat="34.28895989432931" lon="-117.34714295715094">
        <time>2005-05-19T16:16:13-07:00</time>
      </trkpt>
      <trkpt lat="34.288959139958024" lon="-117.3471793346107">
        <time>2005-05-19T16:16:14-07:00</time>
      </trkpt>
      <trkpt lat="34.288951847702265" lon="-117.34723968431354">
        <time>2005-05-19T16:16:17-07:00</time>
      </trkpt>
      <trkpt lat="34.28893114440143" lon="-117.3473072424531">
        <time>2005-05-19T16:16:18-07:00</time>
      </trkpt>
      <trkpt lat="34.28893147967756" lon="-117.34733297489583">
        <time>2005-05-19T16:16:19-07:00</time>
      </trkpt>
      <trkpt lat="34.28892611525953" lon="-117.34738091938198">
        <time>2005-05-19T16:16:25-07:00</time>
      </trkpt>
      <trkpt lat="34.288889737799764" lon="-117.34743682667613">
        <time>2005-05-19T16:16:31-07:00</time>
      </trkpt>
      <trkpt lat="34.28887230344117" lon="-117.34748158603907">
        <time>2005-05-19T16:16:37-07:00</time>
      </trkpt>
      <trkpt lat="34.288875572383404" lon="-117.34751519747078">
        <time>2005-05-19T16:16:41-07:00</time>
      </trkpt>
      <trkpt lat="34.28887791931629" lon="-117.34757009893656">
        <time>2005-05-19T16:16:46-07:00</time>
      </trkpt>
      <trkpt lat="34.288892252370715" lon="-117.3476079851389">
        <time>2005-05-19T16:16:48-07:00</time>
      </trkpt>
      <trkpt lat="34.288908345624804" lon="-117.3476489726454">
        <time>2005-05-19T16:16:51-07:00</time>
      </trkpt>
      <trkpt lat="34.28892519325018" lon="-117.34767562709749">
        <time>2005-05-19T16:16:56-07:00</time>
      </trkpt>
      <trkpt lat="34.28895067423582" lon="-117.34768535010517">
        <time>2005-05-19T16:17:00-07:00</time>
      </trkpt>
      <trkpt lat="34.289028625935316" lon="-117.34767470508814">
        <time>2005-05-19T16:17:02-07:00</time>
      </trkpt>
      <trkpt lat="34.289035834372044" lon="-117.3476804047823">
        <time>2005-05-19T16:17:06-07:00</time>
      </trkpt>
      <trkpt lat="34.28903751075268" lon="-117.34769029542804">
        <time>2005-05-19T16:17:09-07:00</time>
      </trkpt>
      <trkpt lat="34.28904203698039" lon="-117.34772499650717">
        <time>2005-05-19T16:17:12-07:00</time>
      </trkpt>
      <trkpt lat="34.28907732479274" lon="-117.34781443141401">
        <time>2005-05-19T16:17:14-07:00</time>
      </trkpt>
      <trkpt lat="34.289071541279554" lon="-117.34782214276493">
        <time>2005-05-19T16:17:17-07:00</time>
      </trkpt>
      <trkpt lat="34.28907128982246" lon="-117.34782247804105">
        <time>2005-05-19T16:17:23-07:00</time>
      </trkpt>
      <trkpt lat="34.28905611857772" lon="-117.34786388464272">
        <time>2005-05-19T16:17:24-07:00</time>
      </trkpt>
      <trkpt lat="34.28903516381979" lon="-117.3479203786701">
        <time>2005-05-19T16:17:25-07:00</time>
      </trkpt>
      <trkpt lat="34.28903021849692" lon="-117.34792574308813">
        <time>2005-05-19T16:17:29-07:00</time>
      </trkpt>
      <trkpt lat="34.28899937309325" lon="-117.34797771088779">
        <time>2005-05-19T16:17:35-07:00</time>
      </trkpt>
      <trkpt lat="34.288971880450845" lon="-117.34801811166108">
        <time>2005-05-19T16:17:41-07:00</time>
      </trkpt>
      <trkpt lat="34.28895997814834" lon="-117.34803554601967">
        <time>2005-05-19T16:17:43-07:00</time>
      </trkpt>
      <trkpt lat="34.288933239877224" lon="-117.34813478775322">
        <time>2005-05-19T16:17:49-07:00</time>
      </trkpt>
      <trkpt lat="34.2889448069036" lon="-117.3481743503362">
        <time>2005-05-19T16:17:54-07:00</time>
      </trkpt>
      <trkpt lat="34.28897347301245" lon="-117.34819823876023">
        <time>2005-05-19T16:17:55-07:00</time>
      </trkpt>
      <trkpt lat="34.28898135200143" lon="-117.34820100478828">
        <time>2005-05-19T16:17:59-07:00</time>
      </trkpt>
      <trkpt lat="34.28904413245618" lon="-117.348229335621">
        <time>2005-05-19T16:18:03-07:00</time>
      </trkpt>
      <trkpt lat="34.28910716436803" lon="-117.34826755709946">
        <time>2005-05-19T16:18:05-07:00</time>
      </trkpt>
      <trkpt lat="34.289166424423456" lon="-117.34830435365438">
        <time>2005-05-19T16:18:12-07:00</time>
      </trkpt>
      <trkpt lat="34.28921026177704" lon="-117.34832254238427">
        <time>2005-05-19T16:18:15-07:00</time>
      </trkpt>
      <trkpt lat="34.28923758678138" lon="-117.34832698479295">
        <time>2005-05-19T16:18:18-07:00</time>
      </trkpt>
      <trkpt lat="34.28928871639073" lon="-117.34838968142867">
        <time>2005-05-19T16:18:19-07:00</time>
      </trkpt>
      <trkpt lat="34.28931671194732" lon="-117.3484640289098">
        <time>2005-05-19T16:18:24-07:00</time>
      </trkpt>
      <trkpt lat="34.28932148963213" lon="-117.3484729975462">
        <time>2005-05-19T16:18:31-07:00</time>
      </trkpt>
      <trkpt lat="34.289337331429124" lon="-117.34852789901197">
        <time>2005-05-19T16:18:37-07:00</time>
      </trkpt>
      <trkpt lat="34.28932995535433" lon="-117.34853535890579">
        <time>2005-05-19T16:18:41-07:00</time>
      </trkpt>
      <trkpt lat="34.28930103778839" lon="-117.34854281879961">
        <time>2005-05-19T16:18:43-07:00</time>
      </trkpt>
      <trkpt lat="34.289283184334636" lon="-117.34853879548609">
        <time>2005-05-19T16:18:49-07:00</time>
      </trkpt>
      <trkpt lat="34.289198108017445" lon="-117.34852370806038">
        <time>2005-05-19T16:18:55-07:00</time>
      </trkpt>
      <trkpt lat="34.2891398537904" lon="-117.34853217378259">
        <time>2005-05-19T16:18:56-07:00</time>
      </trkpt>
      <trkpt lat="34.289086293429136" lon="-117.34854231588542">
        <time>2005-05-19T16:19:00-07:00</time>
      </trkpt>
      <trkpt lat="34.28903164342046" lon="-117.34858715906739">
        <time>2005-05-19T16:19:01-07:00</time>
      </trkpt>
      <trkpt lat="34.28899174556136" lon="-117.34865672886372">
        <time>2005-05-19T16:19:03-07:00</time>
      </trkpt>
      <trkpt lat="34.28893810138106" lon="-117.34873166307807">
        <time>2005-05-19T16:19:05-07:00</time>
      </trkpt>
      <trkpt lat="34.2888652626425" lon="-117.34880316071212">
        <time>2005-05-19T16:19:12-07:00</time>
      </trkpt>
      <trkpt lat="34.288830729201436" lon="-117.34884129837155">
        <time>2005-05-19T16:19:17-07:00</time>
      </trkpt>
      <trkpt lat="34.288821928203106" lon="-117.348853033036">
        <time>2005-05-19T16:19:22-07:00</time>
      </trkpt>
      <trkpt lat="34.28878496401012" lon="-117.34890567138791">
        <time>2005-05-19T16:19:28-07:00</time>
      </trkpt>
      <trkpt lat="34.28875219076872" lon="-117.34895839355886">
        <time>2005-05-19T16:19:34-07:00</time>
      </trkpt>
      <trkpt lat="34.288746155798435" lon="-117.3489682842046">
        <time>2005-05-19T16:19:41-07:00</time>
      </trkpt>
      <trkpt lat="34.288757890462875" lon="-117.34904556535184">
        <time>2005-05-19T16:19:48-07:00</time>
      </trkpt>
      <trkpt lat="34.28877775557339" lon="-117.34909166581929">
        <time>2005-05-19T16:19:53-07:00</time>
      </trkpt>
      <trkpt lat="34.28878261707723" lon="-117.34910449013114">
        <time>2005-05-19T16:19:54-07:00</time>
      </trkpt>
      <trkpt lat="34.288800386711955" lon="-117.34916986897588">
        <time>2005-05-19T16:19:59-07:00</time>
      </trkpt>
      <trkpt lat="34.288802398368716" lon="-117.34922217205167">
        <time>2005-05-19T16:20:03-07:00</time>
      </trkpt>
      <trkpt lat="34.28880105726421" lon="-117.34927170909941">
        <time>2005-05-19T16:20:04-07:00</time>
      </trkpt>
      <trkpt lat="34.28880600258708" lon="-117.34930138103664">
        <time>2005-05-19T16:20:10-07:00</time>
      </trkpt>
      <trkpt lat="34.28882880136371" lon="-117.34934035688639">
        <time>2005-05-19T16:20:14-07:00</time>
      </trkpt>
      <trkpt lat="34.28885193541646" lon="-117.34934756532311">
        <time>2005-05-19T16:20:15-07:00</time>
      </trkpt>
      <trkpt lat="34.28888898342848" lon="-117.34935561195016">
        <time>2005-05-19T16:20:20-07:00</time>
      </trkpt>
      <trkpt lat="34.28895344026387" lon="-117.34936323948205">
        <time>2005-05-19T16:20:24-07:00</time>
      </trkpt>
      <trkpt lat="34.288988057523966" lon="-117.34937489032745">
        <time>2005-05-19T16:20:27-07:00</time>
      </trkpt>
      <trkpt lat="34.28902041167021" lon="-117.34939903020859">
        <time>2005-05-19T16:20:29-07:00</time>
      </trkpt>
      <trkpt lat="34.289033403620124" lon="-117.34943641349673">
        <time>2005-05-19T16:20:33-07:00</time>
      </trkpt>
      <trkpt lat="34.28902477025986" lon="-117.34947740100324">
        <time>2005-05-19T16:20:35-07:00</time>
      </trkpt>
      <trkpt lat="34.288968024775386" lon="-117.3495449591428">
        <time>2005-05-19T16:20:38-07:00</time>
      </trkpt>
      <trkpt lat="34.28890038281679" lon="-117.34959608875215">
        <time>2005-05-19T16:20:43-07:00</time>
      </trkpt>
      <trkpt lat="34.288890324532986" lon="-117.34962366521358">
        <time>2005-05-19T16:20:46-07:00</time>
      </trkpt>
      <trkpt lat="34.28888219408691" lon="-117.34965124167502">
        <time>2005-05-19T16:20:49-07:00</time>
      </trkpt>
      <trkpt lat="34.28883869200945" lon="-117.34971972182393">
        <time>2005-05-19T16:20:52-07:00</time>
      </trkpt>
      <trkpt lat="34.28881103172898" lon="-117.34977412037551">
        <time>2005-05-19T16:20:56-07:00</time>
      </trkpt>
      <trkpt lat="34.28879921324551" lon="-117.34985534101725">
        <time>2005-05-19T16:21:03-07:00</time>
      </trkpt>
      <trkpt lat="34.28877918049693" lon="-117.3498840071261">
        <time>2005-05-19T16:21:10-07:00</time>
      </trkpt>
      <trkpt lat="34.288762249052525" lon="-117.34990186057985">
        <time>2005-05-19T16:21:12-07:00</time>
      </trkpt>
      <trkpt lat="34.288745233789086" lon="-117.34994301572442">
        <time>2005-05-19T16:21:14-07:00</time>
      </trkpt>
      <trkpt lat="34.288728553801775" lon="-117.34997989609838">
        <time>2005-05-19T16:21:19-07:00</time>
      </trkpt>
      <trkpt lat="34.28872503340244" lon="-117.3500492144376">
        <time>2005-05-19T16:21:24-07:00</time>
      </trkpt>
      <trkpt lat="34.28871723823249" lon="-117.35007645562291">
        <time>2005-05-19T16:21:29-07:00</time>
      </trkpt>
      <trkpt lat="34.28866761736572" lon="-117.35012247227132">
        <time>2005-05-19T16:21:32-07:00</time>
      </trkpt>
      <trkpt lat="34.28862419910729" lon="-117.35015407204628">
        <time>2005-05-19T16:21:34-07:00</time>
      </trkpt>
      <trkpt lat="34.288599556311965" lon="-117.35016974620521">
        <time>2005-05-19T16:21:37-07:00</time>
      </trkpt>
      <trkpt lat="34.28855638951063" lon="-117.35022305510938">
        <time>2005-05-19T16:21:40-07:00</time>
      </trkpt>
      <trkpt lat="34.28851523436606" lon="-117.35031198710203">
        <time>2005-05-19T16:21:45-07:00</time>
      </trkpt>
      <trkpt lat="34.28851364180446" lon="-117.35037367790937">
        <time>2005-05-19T16:21:47-07:00</time>
      </trkpt>
      <trkpt lat="34.28851724602282" lon="-117.35040485858917">
        <time>2005-05-19T16:21:52-07:00</time>
      </trkpt>
      <trkpt lat="34.288532081991434" lon="-117.35050686635077">
        <time>2005-05-19T16:21:56-07:00</time>
      </trkpt>
      <trkpt lat="34.28853618912399" lon="-117.35053368844092">
        <time>2005-05-19T16:21:58-07:00</time>
      </trkpt>
      <trkpt lat="34.28854566067457" lon="-117.35059646889567">
        <time>2005-05-19T16:22:04-07:00</time>
      </trkpt>
      <trkpt lat="34.28856804035604" lon="-117.35067282803357">
        <time>2005-05-19T16:22:11-07:00</time>
      </trkpt>
      <trkpt lat="34.28857843391597" lon="-117.35075253993273">
        <time>2005-05-19T16:22:15-07:00</time>
      </trkpt>
      <trkpt lat="34.28857767954469" lon="-117.35084717161953">
        <time>2005-05-19T16:22:17-07:00</time>
      </trkpt>
      <trkpt lat="34.288581451401114" lon="-117.35086351633072">
        <time>2005-05-19T16:22:24-07:00</time>
      </trkpt>
      <trkpt lat="34.28859528154135" lon="-117.35091456212103">
        <time>2005-05-19T16:22:26-07:00</time>
      </trkpt>
      <trkpt lat="34.288580445572734" lon="-117.35096862539649">
        <time>2005-05-19T16:22:30-07:00</time>
      </trkpt>
      <trkpt lat="34.28855521604419" lon="-117.35097734257579">
        <time>2005-05-19T16:22:36-07:00</time>
      </trkpt>
      <trkpt lat="34.28849486634135" lon="-117.35098429955542">
        <time>2005-05-19T16:22:41-07:00</time>
      </trkpt>
      <trkpt lat="34.2884508613497" lon="-117.35098756849766">
        <time>2005-05-19T16:22:47-07:00</time>
      </trkpt>
      <trkpt lat="34.28843996487558" lon="-117.35098932869732">
        <time>2005-05-19T16:22:48-07:00</time>
      </trkpt>
      <trkpt lat="34.288393780589104" lon="-117.35101003199816">
        <time>2005-05-19T16:22:52-07:00</time>
      </trkpt>
      <trkpt lat="34.28838883526623" lon="-117.35101849772036">
        <time>2005-05-19T16:22:56-07:00</time>
      </trkpt>
      <trkpt lat="34.288385985419154" lon="-117.35104674473405">
        <time>2005-05-19T16:22:58-07:00</time>
      </trkpt>
      <trkpt lat="34.28838388994336" lon="-117.35109242610633">
        <time>2005-05-19T16:23:03-07:00</time>
      </trkpt>
      <trkpt lat="34.28839000873268" lon="-117.35116803087294">
        <time>2005-05-19T16:23:07-07:00</time>
      </trkpt>
      <trkpt lat="34.28840006701648" lon="-117.35124103724957">
        <time>2005-05-19T16:23:08-07:00</time>
      </trkpt>
      <trkpt lat="34.28840400651097" lon="-117.35132033005357">
        <time>2005-05-19T16:23:13-07:00</time>
      </trkpt>
      <trkpt lat="34.288408448919654" lon="-117.35138084739447">
        <time>2005-05-19T16:23:14-07:00</time>
      </trkpt>
      <trkpt lat="34.28842672146857" lon="-117.35145930200815">
        <time>2005-05-19T16:23:16-07:00</time>
      </trkpt>
      <trkpt lat="34.288423620164394" lon="-117.35151395201683">
        <time>2005-05-19T16:23:19-07:00</time>
      </trkpt>
      <trkpt lat="34.28843166679144" lon="-117.35159039497375">
        <time>2005-05-19T16:23:24-07:00</time>
      </trkpt>
      <trkpt lat="34.2884423956275" lon="-117.35162517987192">
        <time>2005-05-19T16:23:30-07:00</time>
      </trkpt>
      <trkpt lat="34.28845354355872" lon="-117.3516608029604">
        <time>2005-05-19T16:23:35-07:00</time>
      </trkpt>
      <trkpt lat="34.2884698882699" lon="-117.35173883847892">
        <time>2005-05-19T16:23:40-07:00</time>
      </trkpt>
      <trkpt lat="34.28848254494369" lon="-117.35183581709862">
        <time>2005-05-19T16:23:45-07:00</time>
      </trkpt>
      <trkpt lat="34.28849176503718" lon="-117.35189381986856">
        <time>2005-05-19T16:23:49-07:00</time>
      </trkpt>
      <trkpt lat="34.288484724238515" lon="-117.3519486375153">
        <time>2005-05-19T16:23:54-07:00</time>
      </trkpt>
      <trkpt lat="34.288449017331004" lon="-117.3519959114492">
        <time>2005-05-19T16:23:57-07:00</time>
      </trkpt>
      <trkpt lat="34.28843904286623" lon="-117.35200311988592">
        <time>2005-05-19T16:24:00-07:00</time>
      </trkpt>
      <trkpt lat="34.28839168511331" lon="-117.35204687342048">
        <time>2005-05-19T16:24:06-07:00</time>
      </trkpt>
      <trkpt lat="34.288350362330675" lon="-117.35207713209093">
        <time>2005-05-19T16:24:14-07:00</time>
      </trkpt>
      <trkpt lat="34.2883126437664" lon="-117.35210303217173">
        <time>2005-05-19T16:24:18-07:00</time>
      </trkpt>
      <trkpt lat="34.28827333264053" lon="-117.35212046653032">
        <time>2005-05-19T16:24:23-07:00</time>
      </trkpt>
      <trkpt lat="34.28821021690965" lon="-117.35220319591463">
        <time>2005-05-19T16:24:28-07:00</time>
      </trkpt>
      <trkpt lat="34.28816537372768" lon="-117.35226647928357">
        <time>2005-05-19T16:24:29-07:00</time>
      </trkpt>
      <trkpt lat="34.28814341314137" lon="-117.35232858918607">
        <time>2005-05-19T16:24:34-07:00</time>
      </trkpt>
      <trkpt lat="34.288118267431855" lon="-117.35238617286086">
        <time>2005-05-19T16:24:39-07:00</time>
      </trkpt>
      <trkpt lat="34.28809940814972" lon="-117.35246169380844">
        <time>2005-05-19T16:24:42-07:00</time>
      </trkpt>
      <trkpt lat="34.28809940814972" lon="-117.35246169380844">
        <time>2005-05-19T16:24:46-07:00</time>
      </trkpt>
      <trkpt lat="34.28807124495506" lon="-117.35252145677805">
        <time>2005-05-19T16:24:55-07:00</time>
      </trkpt>
      <trkpt lat="34.28805213421583" lon="-117.35256588086486">
        <time>2005-05-19T16:25:01-07:00</time>
      </trkpt>
      <trkpt lat="34.28805213421583" lon="-117.35256588086486">
        <time>2005-05-19T16:25:05-07:00</time>
      </trkpt>
      <trkpt lat="34.28804945200682" lon="-117.35258658416569">
        <time>2005-05-19T16:25:10-07:00</time>
      </trkpt>
      <trkpt lat="34.288046937435865" lon="-117.35259463079274">
        <time>2005-05-19T16:25:15-07:00</time>
      </trkpt>
      <trkpt lat="34.28803495131433" lon="-117.3526175133884">
        <time>2005-05-19T16:25:16-07:00</time>
      </trkpt>
      <trkpt lat="34.28802900016308" lon="-117.35263159498572">
        <time>2005-05-19T16:25:21-07:00</time>
      </trkpt>
      <trkpt lat="34.28799002431333" lon="-117.35268347896636">
        <time>2005-05-19T16:25:27-07:00</time>
      </trkpt>
      <trkpt lat="34.287953060120344" lon="-117.35275078564882">
        <time>2005-05-19T16:25:34-07:00</time>
      </trkpt>
      <trkpt lat="34.28792975842953" lon="-117.3527914378792">
        <time>2005-05-19T16:25:39-07:00</time>
      </trkpt>
      <trkpt lat="34.287914922460914" lon="-117.35281029716134">
        <time>2005-05-19T16:25:47-07:00</time>
      </trkpt>
      <trkpt lat="34.28785759024322" lon="-117.35286134295166">
        <time>2005-05-19T16:25:54-07:00</time>
      </trkpt>
      <trkpt lat="34.28780805319548" lon="-117.35291733406484">
        <time>2005-05-19T16:25:55-07:00</time>
      </trkpt>
      <trkpt lat="34.28775357082486" lon="-117.35294767655432">
        <time>2005-05-19T16:26:00-07:00</time>
      </trkpt>
      <trkpt lat="34.28771945647895" lon="-117.3529299069196">
        <time>2005-05-19T16:26:06-07:00</time>
      </trkpt>
      <trkpt lat="34.287709733471274" lon="-117.3529111314565">
        <time>2005-05-19T16:26:11-07:00</time>
      </trkpt>
      <trkpt lat="34.287655083462596" lon="-117.35285111702979">
        <time>2005-05-19T16:26:13-07:00</time>
      </trkpt>
      <trkpt lat="34.2876651417464" lon="-117.35287316143513">
        <time>2005-05-19T16:26:19-07:00</time>
      </trkpt>
      <trkpt lat="34.28766296245158" lon="-117.3528828844428">
        <time>2005-05-19T16:26:25-07:00</time>
      </trkpt>
      <trkpt lat="34.287624740973115" lon="-117.35291674733162">
        <time>2005-05-19T16:26:31-07:00</time>
      </trkpt>
      <trkpt lat="34.28756036795676" lon="-117.35296519473195">
        <time>2005-05-19T16:26:35-07:00</time>
      </trkpt>
      <trkpt lat="34.2874925583601" lon="-117.3530176654458">
        <time>2005-05-19T16:26:37-07:00</time>
      </trkpt>
      <trkpt lat="34.287440003827214" lon="-117.35306619666517">
        <time>2005-05-19T16:26:44-07:00</time>
      </trkpt>
      <trkpt lat="34.28740815259516" lon="-117.35309511423111">
        <time>2005-05-19T16:26:50-07:00</time>
      </trkpt>
      <trkpt lat="34.28738719783723" lon="-117.3531109560281">
        <time>2005-05-19T16:26:51-07:00</time>
      </trkpt>
      <trkpt lat="34.28734495304525" lon="-117.35314171761274">
        <time>2005-05-19T16:26:55-07:00</time>
      </trkpt>
      <trkpt lat="34.28732852451503" lon="-117.35315378755331">
        <time>2005-05-19T16:27:02-07:00</time>
      </trkpt>
      <trkpt lat="34.28731611929834" lon="-117.35316233709455">
        <time>2005-05-19T16:27:10-07:00</time>
      </trkpt>
      <trkpt lat="34.28728552535176" lon="-117.35317951999605">
        <time>2005-05-19T16:27:17-07:00</time>
      </trkpt>
      <trkpt lat="34.287273371592164" lon="-117.35319226048887">
        <time>2005-05-19T16:27:21-07:00</time>
      </trkpt>
      <trkpt lat="34.287239173427224" lon="-117.35322805121541">
        <time>2005-05-19T16:27:24-07:00</time>
      </trkpt>
      <trkpt lat="34.28718720562756" lon="-117.35324825160205">
        <time>2005-05-19T16:27:28-07:00</time>
      </trkpt>
      <trkpt lat="34.28717656061053" lon="-117.35325462184846">
        <time>2005-05-19T16:27:30-07:00</time>
      </trkpt>
      <trkpt lat="34.28717530332506" lon="-117.35325722023845">
        <time>2005-05-19T16:27:31-07:00</time>
      </trkpt>
      <trkpt lat="34.287175219506025" lon="-117.35325738787651">
        <time>2005-05-19T16:27:34-07:00</time>
      </trkpt>
      <trkpt lat="34.28716968744993" lon="-117.35326434485614">
        <time>2005-05-19T16:27:36-07:00</time>
      </trkpt>
      <trkpt lat="34.28716029971838" lon="-117.35328077338636">
        <time>2005-05-19T16:27:40-07:00</time>
      </trkpt>
      <trkpt lat="34.28710598498583" lon="-117.35331279225647">
        <time>2005-05-19T16:27:47-07:00</time>
      </trkpt>
      <trkpt lat="34.2870971839875" lon="-117.35331723466516">
        <time>2005-05-19T16:27:53-07:00</time>
      </trkpt>
      <trkpt lat="34.287049658596516" lon="-117.3533342499286">
        <time>2005-05-19T16:27:57-07:00</time>
      </trkpt>
      <trkpt lat="34.286986542865634" lon="-117.35335336066782">
        <time>2005-05-19T16:27:59-07:00</time>
      </trkpt>
      <trkpt lat="34.286941699683666" lon="-117.35335838980973">
        <time>2005-05-19T16:28:03-07:00</time>
      </trkpt>
      <trkpt lat="34.286926025524735" lon="-117.3533546179533">
        <time>2005-05-19T16:28:05-07:00</time>
      </trkpt>
      <trkpt lat="34.28688336163759" lon="-117.35335109755397">
        <time>2005-05-19T16:28:11-07:00</time>
      </trkpt>
      <trkpt lat="34.28686668165028" lon="-117.3533477447927">
        <time>2005-05-19T16:28:12-07:00</time>
      </trkpt>
      <trkpt lat="34.28679627366364" lon="-117.35333274118602">
        <time>2005-05-19T16:28:16-07:00</time>
      </trkpt>
      <trkpt lat="34.286737935617566" lon="-117.35330918803811">
        <time>2005-05-19T16:28:22-07:00</time>
      </trkpt>
      <trkpt lat="34.28672578185797" lon="-117.35330583527684">
        <time>2005-05-19T16:28:26-07:00</time>
      </trkpt>
      <trkpt lat="34.286667024716735" lon="-117.35327733680606">
        <time>2005-05-19T16:28:28-07:00</time>
      </trkpt>
      <trkpt lat="34.28662821650505" lon="-117.35324607230723">
        <time>2005-05-19T16:28:32-07:00</time>
      </trkpt>
      <trkpt lat="34.28660533390939" lon="-117.35322888940573">
        <time>2005-05-19T16:28:34-07:00</time>
      </trkpt>
      <trkpt lat="34.28655881434679" lon="-117.35319016501307">
        <time>2005-05-19T16:28:41-07:00</time>
      </trkpt>
      <trkpt lat="34.28655051626265" lon="-117.35317935235798">
        <time>2005-05-19T16:28:47-07:00</time>
      </trkpt>
      <trkpt lat="34.286516569554806" lon="-117.3531302344054">
        <time>2005-05-19T16:28:48-07:00</time>
      </trkpt>
      <trkpt lat="34.286466194316745" lon="-117.35303979367018">
        <time>2005-05-19T16:28:54-07:00</time>
      </trkpt>
      <trkpt lat="34.286433001980186" lon="-117.35297542065382">
        <time>2005-05-19T16:28:59-07:00</time>
      </trkpt>
      <trkpt lat="34.286417830735445" lon="-117.35294348560274">
        <time>2005-05-19T16:29:01-07:00</time>
      </trkpt>
      <trkpt lat="34.28640039637685" lon="-117.35289453528821">
        <time>2005-05-19T16:29:06-07:00</time>
      </trkpt>
      <trkpt lat="34.286368042230606" lon="-117.35282714478672">
        <time>2005-05-19T16:29:07-07:00</time>
      </trkpt>
      <trkpt lat="34.28634298034012" lon="-117.35276000574231">
        <time>2005-05-19T16:29:13-07:00</time>
      </trkpt>
      <trkpt lat="34.28630894981325" lon="-117.35269378870726">
        <time>2005-05-19T16:29:22-07:00</time>
      </trkpt>
      <trkpt lat="34.286304507404566" lon="-117.35268004238605">
        <time>2005-05-19T16:29:28-07:00</time>
      </trkpt>
      <trkpt lat="34.286279110237956" lon="-117.3526188544929">
        <time>2005-05-19T16:29:31-07:00</time>
      </trkpt>
      <trkpt lat="34.286273662000895" lon="-117.35259437933564">
        <time>2005-05-19T16:29:35-07:00</time>
      </trkpt>
      <trkpt lat="34.286252791062" lon="-117.35254752449691">
        <time>2005-05-19T16:29:41-07:00</time>
      </trkpt>
      <trkpt lat="34.286237955093384" lon="-117.35252271406353">
        <time>2005-05-19T16:29:46-07:00</time>
      </trkpt>
      <trkpt lat="34.28620451129973" lon="-117.35245549120009">
        <time>2005-05-19T16:29:52-07:00</time>
      </trkpt>
      <trkpt lat="34.28615757264197" lon="-117.35238617286086">
        <time>2005-05-19T16:29:53-07:00</time>
      </trkpt>
      <trkpt lat="34.28612982854247" lon="-117.35235884785652">
        <time>2005-05-19T16:29:58-07:00</time>
      </trkpt>
      <trkpt lat="34.28610845468938" lon="-117.35233403742313">
        <time>2005-05-19T16:30:00-07:00</time>
      </trkpt>
      <trkpt lat="34.28604609332979" lon="-117.35227854922414">
        <time>2005-05-19T16:30:04-07:00</time>
      </trkpt>
      <trkpt lat="34.28597870282829" lon="-117.35221602022648">
        <time>2005-05-19T16:30:06-07:00</time>
      </trkpt>
      <trkpt lat="34.28596210666001" lon="-117.35220042988658">
        <time>2005-05-19T16:30:12-07:00</time>
      </trkpt>
      <trkpt lat="34.2859108094126" lon="-117.35215659253299">
        <time>2005-05-19T16:30:18-07:00</time>
      </trkpt>
      <trkpt lat="34.2858587577939" lon="-117.35211728140712">
        <time>2005-05-19T16:30:21-07:00</time>
      </trkpt>
      <trkpt lat="34.28585280664265" lon="-117.35211208462715">
        <time>2005-05-19T16:30:24-07:00</time>
      </trkpt>
      <trkpt lat="34.2858069576323" lon="-117.35207369551063">
        <time>2005-05-19T16:30:31-07:00</time>
      </trkpt>
      <trkpt lat="34.28577544167638" lon="-117.35204259864986">
        <time>2005-05-19T16:30:39-07:00</time>
      </trkpt>
      <trkpt lat="34.28575934842229" lon="-117.35202248208225">
        <time>2005-05-19T16:30:41-07:00</time>
      </trkpt>
      <trkpt lat="34.28572716191411" lon="-117.3519856017083">
        <time>2005-05-19T16:30:46-07:00</time>
      </trkpt>
      <trkpt lat="34.28571794182062" lon="-117.35197311267257">
        <time>2005-05-19T16:30:52-07:00</time>
      </trkpt>
      <trkpt lat="34.285692712292075" lon="-117.35193665139377">
        <time>2005-05-19T16:30:53-07:00</time>
      </trkpt>
      <trkpt lat="34.285680558532476" lon="-117.35191251151264">
        <time>2005-05-19T16:30:58-07:00</time>
      </trkpt>
      <trkpt lat="34.28565775975585" lon="-117.35188317485154">
        <time>2005-05-19T16:31:02-07:00</time>
      </trkpt>
      <trkpt lat="34.28561978973448" lon="-117.35182642936707">
        <time>2005-05-19T16:31:04-07:00</time>
      </trkpt>
      <trkpt lat="34.28561341948807" lon="-117.35181888565421">
        <time>2005-05-19T16:31:09-07:00</time>
      </trkpt>
      <trkpt lat="34.28558500483632" lon="-117.35175820067525">
        <time>2005-05-19T16:31:11-07:00</time>
      </trkpt>
      <trkpt lat="34.285574946552515" lon="-117.35173741355538">
        <time>2005-05-19T16:31:15-07:00</time>
      </trkpt>
      <trkpt lat="34.28554737009108" lon="-117.35167739912868">
        <time>2005-05-19T16:31:18-07:00</time>
      </trkpt>
      <trkpt lat="34.28552926518023" lon="-117.3516417760402">
        <time>2005-05-19T16:31:21-07:00</time>
      </trkpt>
      <trkpt lat="34.28550596348941" lon="-117.35160355456173">
        <time>2005-05-19T16:31:27-07:00</time>
      </trkpt>
      <trkpt lat="34.2854961566627" lon="-117.35158033668995">
        <time>2005-05-19T16:31:28-07:00</time>
      </trkpt>
      <trkpt lat="34.285450307652354" lon="-117.35150825232267">
        <time>2005-05-19T16:31:34-07:00</time>
      </trkpt>
      <trkpt lat="34.285418624058366" lon="-117.35146793536842">
        <time>2005-05-19T16:31:36-07:00</time>
      </trkpt>
      <trkpt lat="34.28539917804301" lon="-117.35144253820181">
        <time>2005-05-19T16:31:42-07:00</time>
      </trkpt>
      <trkpt lat="34.285364812240005" lon="-117.35141077078879">
        <time>2005-05-19T16:31:46-07:00</time>
      </trkpt>
      <trkpt lat="34.28530395962298" lon="-117.35138076357543">
        <time>2005-05-19T16:31:50-07:00</time>
      </trkpt>
      <trkpt lat="34.28527428768575" lon="-117.35136391595006">
        <time>2005-05-19T16:31:52-07:00</time>
      </trkpt>
      <trkpt lat="34.285237239673734" lon="-117.35135670751333">
        <time>2005-05-19T16:31:59-07:00</time>
      </trkpt>
      <trkpt lat="34.28522231988609" lon="-117.3513476550579">
        <time>2005-05-19T16:32:05-07:00</time>
      </trkpt>
      <trkpt lat="34.28517881780863" lon="-117.35134069807827">
        <time>2005-05-19T16:32:08-07:00</time>
      </trkpt>
      <trkpt lat="34.28510162048042" lon="-117.35134027898312">
        <time>2005-05-19T16:32:12-07:00</time>
      </trkpt>
      <trkpt lat="34.28505183197558" lon="-117.35134623013437">
        <time>2005-05-19T16:32:18-07:00</time>
      </trkpt>
      <trkpt lat="34.2850146163255" lon="-117.35135838389397">
        <time>2005-05-19T16:32:21-07:00</time>
      </trkpt>
      <trkpt lat="34.28497077897191" lon="-117.35137615352869">
        <time>2005-05-19T16:32:24-07:00</time>
      </trkpt>
      <trkpt lat="34.28489760495722" lon="-117.35141177661717">
        <time>2005-05-19T16:32:26-07:00</time>
      </trkpt>
      <trkpt lat="34.2848296277225" lon="-117.35145376995206">
        <time>2005-05-19T16:32:30-07:00</time>
      </trkpt>
      <trkpt lat="34.284785874187946" lon="-117.35148788429797">
        <time>2005-05-19T16:32:38-07:00</time>
      </trkpt>
      <trkpt lat="34.28476944565773" lon="-117.35150188207626">
        <time>2005-05-19T16:32:44-07:00</time>
      </trkpt>
      <trkpt lat="34.28476885892451" lon="-117.35152669250965">
        <time>2005-05-19T16:32:48-07:00</time>
      </trkpt>
      <trkpt lat="34.28477858193219" lon="-117.35155276022851">
        <time>2005-05-19T16:32:52-07:00</time>
      </trkpt>
      <trkpt lat="34.28478344343603" lon="-117.3515606392175">
        <time>2005-05-19T16:33:00-07:00</time>
      </trkpt>
      <trkpt lat="34.28480624221265" lon="-117.35158436000347">
        <time>2005-05-19T16:33:07-07:00</time>
      </trkpt>
      <trkpt lat="34.284815127030015" lon="-117.35159726813436">
        <time>2005-05-19T16:33:13-07:00</time>
      </trkpt>
      <trkpt lat="34.28482761606574" lon="-117.35160724259913">
        <time>2005-05-19T16:33:18-07:00</time>
      </trkpt>
      <trkpt lat="34.28483155556023" lon="-117.35161310993135">
        <time>2005-05-19T16:33:22-07:00</time>
      </trkpt>
      <trkpt lat="34.2848727107048" lon="-117.35167899169028">
        <time>2005-05-19T16:33:24-07:00</time>
      </trkpt>
      <trkpt lat="34.28486877121031" lon="-117.3516965098679">
        <time>2005-05-19T16:33:30-07:00</time>
      </trkpt>
      <trkpt lat="34.28484220057726" lon="-117.35171587206423">
        <time>2005-05-19T16:33:37-07:00</time>
      </trkpt>
      <trkpt lat="34.2847746424377" lon="-117.35176029615104">
        <time>2005-05-19T16:33:41-07:00</time>
      </trkpt>
      <trkpt lat="34.28476617671549" lon="-117.35177161172032">
        <time>2005-05-19T16:33:44-07:00</time>
      </trkpt>
      <trkpt lat="34.28472502157092" lon="-117.35181209631264">
        <time>2005-05-19T16:33:45-07:00</time>
      </trkpt>
      <trkpt lat="34.284658301621675" lon="-117.35186129808426">
        <time>2005-05-19T16:33:52-07:00</time>
      </trkpt>
      <trkpt lat="34.284616811200976" lon="-117.35188107937574">
        <time>2005-05-19T16:33:54-07:00</time>
      </trkpt>
      <trkpt lat="34.28460583090782" lon="-117.35188786871731">
        <time>2005-05-19T16:33:57-07:00</time>
      </trkpt>
      <trkpt lat="34.284552270546556" lon="-117.35191066749394">
        <time>2005-05-19T16:34:04-07:00</time>
      </trkpt>
      <trkpt lat="34.28449569270015" lon="-117.35194025561213">
        <time>2005-05-19T16:34:05-07:00</time>
      </trkpt>
      <trkpt lat="34.28444045595825" lon="-117.35200194641948">
        <time>2005-05-19T16:34:10-07:00</time>
      </trkpt>
      <trkpt lat="34.28443408571184" lon="-117.35201267525554">
        <time>2005-05-19T16:34:17-07:00</time>
      </trkpt>
      <trkpt lat="34.28441958501935" lon="-117.35208325088024">
        <time>2005-05-19T16:34:22-07:00</time>
      </trkpt>
      <trkpt lat="34.284419836476445" lon="-117.35215332359076">
        <time>2005-05-19T16:34:23-07:00</time>
      </trkpt>
      <trkpt lat="34.284425619989634" lon="-117.35221166163683">
        <time>2005-05-19T16:34:29-07:00</time>
      </trkpt>
      <trkpt lat="34.28443458862603" lon="-117.35224703326821">
        <time>2005-05-19T16:34:35-07:00</time>
      </trkpt>
      <trkpt lat="34.28443970158696" lon="-117.35225155949593">
        <time>2005-05-19T16:34:43-07:00</time>
      </trkpt>
      <trkpt lat="34.28443517535925" lon="-117.35225818119943">
        <time>2005-05-19T16:34:44-07:00</time>
      </trkpt>
      <trkpt lat="34.28439033217728" lon="-117.35230537131429">
        <time>2005-05-19T16:34:50-07:00</time>
      </trkpt>
      <trkpt lat="34.284348925575614" lon="-117.35231107100844">
        <time>2005-05-19T16:34:55-07:00</time>
      </trkpt>
      <trkpt lat="34.28428220562637" lon="-117.35230034217238">
        <time>2005-05-19T16:35:00-07:00</time>
      </trkpt>
      <trkpt lat="34.284251779317856" lon="-117.35229338519275">
        <time>2005-05-19T16:35:05-07:00</time>
      </trkpt>
      <trkpt lat="34.2842355184257" lon="-117.3523064609617">
        <time>2005-05-19T16:35:09-07:00</time>
      </trkpt>
      <trkpt lat="34.284219508990645" lon="-117.35232121311128">
        <time>2005-05-19T16:35:13-07:00</time>
      </trkpt>
      <trkpt lat="34.284196458756924" lon="-117.35235054977238">
        <time>2005-05-19T16:35:20-07:00</time>
      </trkpt>
      <trkpt lat="34.284175084903836" lon="-117.35239069908857">
        <time>2005-05-19T16:35:25-07:00</time>
      </trkpt>
      <trkpt lat="34.28416393697262" lon="-117.35239522531629">
        <time>2005-05-19T16:35:30-07:00</time>
      </trkpt>
      <trkpt lat="34.2841321695596" lon="-117.35242548398674">
        <time>2005-05-19T16:35:33-07:00</time>
      </trkpt>
      <trkpt lat="34.28409621119499" lon="-117.35247007571161">
        <time>2005-05-19T16:35:35-07:00</time>
      </trkpt>
      <trkpt lat="34.28406201303005" lon="-117.35251089558005">
        <time>2005-05-19T16:35:37-07:00</time>
      </trkpt>
      <trkpt lat="34.28402245044708" lon="-117.35256185755134">
        <time>2005-05-19T16:35:40-07:00</time>
      </trkpt>
      <trkpt lat="34.284018175676465" lon="-117.3525657132268">
        <time>2005-05-19T16:35:43-07:00</time>
      </trkpt>
      <trkpt lat="34.28400996141136" lon="-117.35257401131094">
        <time>2005-05-19T16:35:45-07:00</time>
      </trkpt>
      <trkpt lat="34.28398816846311" lon="-117.35258851200342">
        <time>2005-05-19T16:35:49-07:00</time>
      </trkpt>
      <trkpt lat="34.28398649208248" lon="-117.3526082932949">
        <time>2005-05-19T16:35:55-07:00</time>
      </trkpt>
      <trkpt lat="34.28398632444441" lon="-117.35261692665517">
        <time>2005-05-19T16:36:00-07:00</time>
      </trkpt>
      <trkpt lat="34.28398481570184" lon="-117.35268498770893">
        <time>2005-05-19T16:36:07-07:00</time>
      </trkpt>
      <trkpt lat="34.28398129530251" lon="-117.35273318365216">
        <time>2005-05-19T16:36:08-07:00</time>
      </trkpt>
      <trkpt lat="34.283979535102844" lon="-117.35273268073797">
        <time>2005-05-19T16:36:10-07:00</time>
      </trkpt>
      <trkpt lat="34.283979535102844" lon="-117.35273268073797">
        <time>2005-05-19T16:36:14-07:00</time>
      </trkpt>
      <trkpt lat="34.283979535102844" lon="-117.35273268073797">
        <time>2005-05-19T16:36:17-07:00</time>
      </trkpt>
      <trkpt lat="34.283979535102844" lon="-117.35273268073797">
        <time>2005-05-19T16:36:19-07:00</time>
      </trkpt>
      <trkpt lat="34.283979535102844" lon="-117.35273268073797">
        <time>2005-05-19T16:36:24-07:00</time>
      </trkpt>
      <trkpt lat="34.283979535102844" lon="-117.35273268073797">
        <time>2005-05-19T16:36:29-07:00</time>
      </trkpt>
      <trkpt lat="34.283979535102844" lon="-117.35273268073797">
        <time>2005-05-19T16:36:36-07:00</time>
      </trkpt>
      <trkpt lat="34.283979535102844" lon="-117.35273268073797">
        <time>2005-05-19T16:36:43-07:00</time>
      </trkpt>
      <trkpt lat="34.283979535102844" lon="-117.35273268073797">
        <time>2005-05-19T16:36:53-07:00</time>
      </trkpt>
      <trkpt lat="34.283979535102844" lon="-117.35273268073797">
        <time>2005-05-19T16:37:02-07:00</time>
      </trkpt>
      <trkpt lat="34.283979535102844" lon="-117.35273268073797">
        <time>2005-05-19T16:37:04-07:00</time>
      </trkpt>
      <trkpt lat="34.283979535102844" lon="-117.35273268073797">
        <time>2005-05-19T16:37:14-07:00</time>
      </trkpt>
      <trkpt lat="34.283979535102844" lon="-117.35273268073797">
        <time>2005-05-19T16:37:22-07:00</time>
      </trkpt>
      <trkpt lat="34.283979535102844" lon="-117.35273268073797">
        <time>2005-05-19T16:37:24-07:00</time>
      </trkpt>
      <trkpt lat="34.283979535102844" lon="-117.35273268073797">
        <time>2005-05-19T16:37:30-07:00</time>
      </trkpt>
      <trkpt lat="34.28398221731186" lon="-117.35274089500308">
        <time>2005-05-19T16:37:33-07:00</time>
      </trkpt>
      <trkpt lat="34.283982049673796" lon="-117.35274324193597">
        <time>2005-05-19T16:37:34-07:00</time>
      </trkpt>
      <trkpt lat="34.283982552587986" lon="-117.35274391248822">
        <time>2005-05-19T16:37:36-07:00</time>
      </trkpt>
      <trkpt lat="34.283979535102844" lon="-117.35273268073797">
        <time>2005-05-19T16:37:47-07:00</time>
      </trkpt>
      <trkpt lat="34.283979535102844" lon="-117.35273268073797">
        <time>2005-05-19T16:37:53-07:00</time>
      </trkpt>
      <trkpt lat="34.28398531861603" lon="-117.35275497660041">
        <time>2005-05-19T16:37:55-07:00</time>
      </trkpt>
      <trkpt lat="34.28398758172989" lon="-117.3527623526752">
        <time>2005-05-19T16:38:02-07:00</time>
      </trkpt>
      <trkpt lat="34.28398565389216" lon="-117.352759167552">
        <time>2005-05-19T16:38:05-07:00</time>
      </trkpt>
      <trkpt lat="34.28399981930852" lon="-117.35275824554265">
        <time>2005-05-19T16:38:07-07:00</time>
      </trkpt>
      <trkpt lat="34.284000154584646" lon="-117.3526965547353">
        <time>2005-05-19T16:38:09-07:00</time>
      </trkpt>
      <trkpt lat="34.28400384262204" lon="-117.35263888724148">
        <time>2005-05-19T16:38:11-07:00</time>
      </trkpt>
      <trkpt lat="34.28399998694658" lon="-117.3525792080909">
        <time>2005-05-19T16:38:14-07:00</time>
      </trkpt>
      <trkpt lat="34.28401306271553" lon="-117.35258415341377">
        <time>2005-05-19T16:38:21-07:00</time>
      </trkpt>
      <trkpt lat="34.28402949124575" lon="-117.35257912427187">
        <time>2005-05-19T16:38:23-07:00</time>
      </trkpt>
      <trkpt lat="34.284063102677464" lon="-117.35254953615367">
        <time>2005-05-19T16:38:29-07:00</time>
      </trkpt>
      <trkpt lat="34.2840732447803" lon="-117.35252045094967">
        <time>2005-05-19T16:38:34-07:00</time>
      </trkpt>
      <trkpt lat="34.28409168496728" lon="-117.3524808883667">
        <time>2005-05-19T16:38:38-07:00</time>
      </trkpt>
      <trkpt lat="34.28413921035826" lon="-117.35243034549057">
        <time>2005-05-19T16:38:43-07:00</time>
      </trkpt>
      <trkpt lat="34.284197045490146" lon="-117.35236798413098">
        <time>2005-05-19T16:38:46-07:00</time>
      </trkpt>
      <trkpt lat="34.28420752286911" lon="-117.35233462415636">
        <time>2005-05-19T16:38:48-07:00</time>
      </trkpt>
      <trkpt lat="34.28420023061335" lon="-117.35226270742714">
        <time>2005-05-19T16:38:52-07:00</time>
      </trkpt>
      <trkpt lat="34.28420417010784" lon="-117.3522422555834">
        <time>2005-05-19T16:38:54-07:00</time>
      </trkpt>
      <trkpt lat="34.28420064970851" lon="-117.35220327973366">
        <time>2005-05-19T16:38:57-07:00</time>
      </trkpt>
      <trkpt lat="34.28419813513756" lon="-117.35216866247356">
        <time>2005-05-19T16:39:03-07:00</time>
      </trkpt>
      <trkpt lat="34.2841770965606" lon="-117.3521716799587">
        <time>2005-05-19T16:39:10-07:00</time>
      </trkpt>
      <trkpt lat="34.2841770965606" lon="-117.3521716799587">
        <time>2005-05-19T16:39:13-07:00</time>
      </trkpt>
      <trkpt lat="34.2841770965606" lon="-117.3521716799587">
        <time>2005-05-19T16:39:19-07:00</time>
      </trkpt>
      <trkpt lat="34.2841770965606" lon="-117.3521716799587">
        <time>2005-05-19T16:39:21-07:00</time>
      </trkpt>
      <trkpt lat="34.2841770965606" lon="-117.3521716799587">
        <time>2005-05-19T16:39:25-07:00</time>
      </trkpt>
      <trkpt lat="34.2841770965606" lon="-117.3521716799587">
        <time>2005-05-19T16:39:31-07:00</time>
      </trkpt>
      <trkpt lat="34.284179443493485" lon="-117.35216774046421">
        <time>2005-05-19T16:39:38-07:00</time>
      </trkpt>
      <trkpt lat="34.28418061695993" lon="-117.35215156339109">
        <time>2005-05-19T16:39:47-07:00</time>
      </trkpt>
      <trkpt lat="34.28418690338731" lon="-117.35213773325086">
        <time>2005-05-19T16:39:53-07:00</time>
      </trkpt>
      <trkpt lat="34.284192603081465" lon="-117.35211736522615">
        <time>2005-05-19T16:40:05-07:00</time>
      </trkpt>
      <trkpt lat="34.284225292503834" lon="-117.3520374018699">
        <time>2005-05-19T16:40:06-07:00</time>
      </trkpt>
      <trkpt lat="34.284224873408675" lon="-117.3520199675113">
        <time>2005-05-19T16:40:18-07:00</time>
      </trkpt>
      <trkpt lat="34.2842323333025" lon="-117.35195953398943">
        <time>2005-05-19T16:40:28-07:00</time>
      </trkpt>
      <trkpt lat="34.28423912264407" lon="-117.35190630890429">
        <time>2005-05-19T16:40:35-07:00</time>
      </trkpt>
      <trkpt lat="34.28423057310283" lon="-117.35182098113">
        <time>2005-05-19T16:40:40-07:00</time>
      </trkpt>
      <trkpt lat="34.28423644043505" lon="-117.35175585374236">
        <time>2005-05-19T16:40:41-07:00</time>
      </trkpt>
      <trkpt lat="34.28424130193889" lon="-117.35173699446023">
        <time>2005-05-19T16:40:47-07:00</time>
      </trkpt>
      <trkpt lat="34.28426862694323" lon="-117.35166222788393">
        <time>2005-05-19T16:40:48-07:00</time>
      </trkpt>
      <trkpt lat="34.28428371436894" lon="-117.3516539297998">
        <time>2005-05-19T16:40:52-07:00</time>
      </trkpt>
      <trkpt lat="34.28430274128914" lon="-117.35165543854237">
        <time>2005-05-19T16:40:57-07:00</time>
      </trkpt>
      <trkpt lat="34.284320678561926" lon="-117.35165946185589">
        <time>2005-05-19T16:41:04-07:00</time>
      </trkpt>
      <trkpt lat="34.284411035478115" lon="-117.35169064253569">
        <time>2005-05-19T16:41:11-07:00</time>
      </trkpt>
      <trkpt lat="34.28442981094122" lon="-117.35170070081949">
        <time>2005-05-19T16:41:17-07:00</time>
      </trkpt>
      <trkpt lat="34.284469708800316" lon="-117.35169131308794">
        <time>2005-05-19T16:41:23-07:00</time>
      </trkpt>
      <trkpt lat="34.28452720865607" lon="-117.35169231891632">
        <time>2005-05-19T16:41:25-07:00</time>
      </trkpt>
      <trkpt lat="34.284571297466755" lon="-117.35164026729763">
        <time>2005-05-19T16:41:27-07:00</time>
      </trkpt>
      <trkpt lat="34.28457146510482" lon="-117.35163004137576">
        <time>2005-05-19T16:41:29-07:00</time>
      </trkpt>
      <trkpt lat="34.284564424306154" lon="-117.35161864198744">
        <time>2005-05-19T16:41:38-07:00</time>
      </trkpt>
      <trkpt lat="34.284523352980614" lon="-117.35158754512668">
        <time>2005-05-19T16:41:40-07:00</time>
      </trkpt>
      <trkpt lat="34.28445981815457" lon="-117.3515432048589">
        <time>2005-05-19T16:41:43-07:00</time>
      </trkpt>
      <trkpt lat="34.284418914467096" lon="-117.35152199864388">
        <time>2005-05-19T16:41:49-07:00</time>
      </trkpt>
      <trkpt lat="34.28440944291651" lon="-117.35151613131166">
        <time>2005-05-19T16:41:54-07:00</time>
      </trkpt>
      <trkpt lat="34.28439846262336" lon="-117.35150070860982">
        <time>2005-05-19T16:41:55-07:00</time>
      </trkpt>
      <trkpt lat="34.28436677902937" lon="-117.35149090178311">
        <time>2005-05-19T16:41:56-07:00</time>
      </trkpt>
      <trkpt lat="34.28432336077094" lon="-117.35146424733102">
        <time>2005-05-19T16:41:59-07:00</time>
      </trkpt>
      <trkpt lat="34.28431313484907" lon="-117.35145376995206">
        <time>2005-05-19T16:42:06-07:00</time>
      </trkpt>
      <trkpt lat="34.284268878400326" lon="-117.35140255652368">
        <time>2005-05-19T16:42:11-07:00</time>
      </trkpt>
      <trkpt lat="34.284266866743565" lon="-117.35138000920415">
        <time>2005-05-19T16:42:12-07:00</time>
      </trkpt>
      <trkpt lat="34.28425236605108" lon="-117.35132644884288">
        <time>2005-05-19T16:42:14-07:00</time>
      </trkpt>
      <trkpt lat="34.28424473851919" lon="-117.35130172222853">
        <time>2005-05-19T16:42:17-07:00</time>
      </trkpt>
      <trkpt lat="34.28422009572387" lon="-117.3512617405504">
        <time>2005-05-19T16:42:22-07:00</time>
      </trkpt>
      <trkpt lat="34.28417231887579" lon="-117.3512252792716">
        <time>2005-05-19T16:42:23-07:00</time>
      </trkpt>
      <trkpt lat="34.284138875082135" lon="-117.35117381438613">
        <time>2005-05-19T16:42:30-07:00</time>
      </trkpt>
      <trkpt lat="34.28412672132254" lon="-117.35109460540116">
        <time>2005-05-19T16:42:32-07:00</time>
      </trkpt>
      <trkpt lat="34.28411465138197" lon="-117.3510265443474">
        <time>2005-05-19T16:42:36-07:00</time>
      </trkpt>
      <trkpt lat="34.2841028328985" lon="-117.35096870921552">
        <time>2005-05-19T16:42:38-07:00</time>
      </trkpt>
      <trkpt lat="34.284100318327546" lon="-117.35095538198948">
        <time>2005-05-19T16:42:42-07:00</time>
      </trkpt>
      <trkpt lat="34.28409185260534" lon="-117.35086871311069">
        <time>2005-05-19T16:42:48-07:00</time>
      </trkpt>
      <trkpt lat="34.28406813181937" lon="-117.35080325044692">
        <time>2005-05-19T16:42:54-07:00</time>
      </trkpt>
      <trkpt lat="34.28403368219733" lon="-117.35075455158949">
        <time>2005-05-19T16:43:01-07:00</time>
      </trkpt>
      <trkpt lat="34.2840111348778" lon="-117.35068598762155">
        <time>2005-05-19T16:43:06-07:00</time>
      </trkpt>
      <trkpt lat="34.28398389369249" lon="-117.35059898346663">
        <time>2005-05-19T16:43:11-07:00</time>
      </trkpt>
      <trkpt lat="34.28397777490318" lon="-117.35055799596012">
        <time>2005-05-19T16:43:12-07:00</time>
      </trkpt>
      <trkpt lat="34.28396469913423" lon="-117.35052379779518">
        <time>2005-05-19T16:43:19-07:00</time>
      </trkpt>
      <trkpt lat="34.28395983763039" lon="-117.35048909671605">
        <time>2005-05-19T16:43:25-07:00</time>
      </trkpt>
      <trkpt lat="34.283951288089156" lon="-117.35046369954944">
        <time>2005-05-19T16:43:30-07:00</time>
      </trkpt>
      <trkpt lat="34.28392220288515" lon="-117.35039563849568">
        <time>2005-05-19T16:43:37-07:00</time>
      </trkpt>
      <trkpt lat="34.283901331946254" lon="-117.35030561685562">
        <time>2005-05-19T16:43:45-07:00</time>
      </trkpt>
      <trkpt lat="34.28389781154692" lon="-117.35029254108667">
        <time>2005-05-19T16:43:48-07:00</time>
      </trkpt>
      <trkpt lat="34.28389395587146" lon="-117.35022724606097">
        <time>2005-05-19T16:43:50-07:00</time>
      </trkpt>
      <trkpt lat="34.28388833999634" lon="-117.35016756691039">
        <time>2005-05-19T16:43:53-07:00</time>
      </trkpt>
      <trkpt lat="34.283884316682816" lon="-117.35012121498585">
        <time>2005-05-19T16:43:55-07:00</time>
      </trkpt>
      <trkpt lat="34.283881802111864" lon="-117.35009548254311">
        <time>2005-05-19T16:44:01-07:00</time>
      </trkpt>
      <trkpt lat="34.28387425839901" lon="-117.35000847838819">
        <time>2005-05-19T16:44:08-07:00</time>
      </trkpt>
      <trkpt lat="34.28385824896395" lon="-117.34995055943727">
        <time>2005-05-19T16:44:09-07:00</time>
      </trkpt>
      <trkpt lat="34.28382245823741" lon="-117.34987420029938">
        <time>2005-05-19T16:44:14-07:00</time>
      </trkpt>
      <trkpt lat="34.28377065807581" lon="-117.34981033019722">
        <time>2005-05-19T16:44:20-07:00</time>
      </trkpt>
      <trkpt lat="34.28372179158032" lon="-117.34974143095315">
        <time>2005-05-19T16:44:24-07:00</time>
      </trkpt>
      <trkpt lat="34.283695137128234" lon="-117.3497003596276">
        <time>2005-05-19T16:44:26-07:00</time>
      </trkpt>
      <trkpt lat="34.28368574939668" lon="-117.3496905528009">
        <time>2005-05-19T16:44:33-07:00</time>
      </trkpt>
      <trkpt lat="34.28367770276964" lon="-117.34968041069806">
        <time>2005-05-19T16:44:39-07:00</time>
      </trkpt>
      <trkpt lat="34.283635625615716" lon="-117.34962433576584">
        <time>2005-05-19T16:44:45-07:00</time>
      </trkpt>
      <trkpt lat="34.28360209800303" lon="-117.3495555203408">
        <time>2005-05-19T16:44:52-07:00</time>
      </trkpt>
      <trkpt lat="34.28357142023742" lon="-117.34948662109673">
        <time>2005-05-19T16:44:59-07:00</time>
      </trkpt>
      <trkpt lat="34.28353479132056" lon="-117.34937111847103">
        <time>2005-05-19T16:45:05-07:00</time>
      </trkpt>
      <trkpt lat="34.2835105676204" lon="-117.3492880538106">
        <time>2005-05-19T16:45:06-07:00</time>
      </trkpt>
      <trkpt lat="34.283494390547276" lon="-117.3492103535682">
        <time>2005-05-19T16:45:07-07:00</time>
      </trkpt>
      <trkpt lat="34.28347444161773" lon="-117.34913164749742">
        <time>2005-05-19T16:45:14-07:00</time>
      </trkpt>
      <trkpt lat="34.283447954803705" lon="-117.34904179349542">
        <time>2005-05-19T16:45:21-07:00</time>
      </trkpt>
      <trkpt lat="34.28341970779002" lon="-117.34896585345268">
        <time>2005-05-19T16:45:28-07:00</time>
      </trkpt>
      <trkpt lat="34.28339447826147" lon="-117.34889888204634">
        <time>2005-05-19T16:45:37-07:00</time>
      </trkpt>
      <trkpt lat="34.283388862386346" lon="-117.34887046739459">
        <time>2005-05-19T16:45:44-07:00</time>
      </trkpt>
      <trkpt lat="34.28335717879236" lon="-117.34879653900862">
        <time>2005-05-19T16:45:50-07:00</time>
      </trkpt>
      <trkpt lat="34.283317951485515" lon="-117.34873610548675">
        <time>2005-05-19T16:45:57-07:00</time>
      </trkpt>
      <trkpt lat="34.28325533866882" lon="-117.34866209328175">
        <time>2005-05-19T16:46:04-07:00</time>
      </trkpt>
      <trkpt lat="34.283187529072165" lon="-117.34863007441163">
        <time>2005-05-19T16:46:11-07:00</time>
      </trkpt>
      <trkpt lat="34.28311351686716" lon="-117.34856863506138">
        <time>2005-05-19T16:46:18-07:00</time>
      </trkpt>
      <trkpt lat="34.28306858986616" lon="-117.34852655790746">
        <time>2005-05-19T16:46:24-07:00</time>
      </trkpt>
      <trkpt lat="34.283004719763994" lon="-117.34846897423267">
        <time>2005-05-19T16:46:30-07:00</time>
      </trkpt>
      <trkpt lat="34.28296901285648" lon="-117.34843879938126">
        <time>2005-05-19T16:46:35-07:00</time>
      </trkpt>
      <trkpt lat="34.2829508241266" lon="-117.34842530451715">
        <time>2005-05-19T16:46:43-07:00</time>
      </trkpt>
      <trkpt lat="34.2829093337059" lon="-117.34839772805572">
        <time>2005-05-19T16:46:50-07:00</time>
      </trkpt>
      <trkpt lat="34.28285552188754" lon="-117.34835648909211">
        <time>2005-05-19T16:46:59-07:00</time>
      </trkpt>
      <trkpt lat="34.28284755907953" lon="-117.34834240749478">
        <time>2005-05-19T16:47:05-07:00</time>
      </trkpt>
      <trkpt lat="34.28281528875232" lon="-117.3483020067215">
        <time>2005-05-19T16:47:12-07:00</time>
      </trkpt>
      <trkpt lat="34.282768769189715" lon="-117.34823268838227">
        <time>2005-05-19T16:47:17-07:00</time>
      </trkpt>
      <trkpt lat="34.28272560238838" lon="-117.34813453629613">
        <time>2005-05-19T16:47:19-07:00</time>
      </trkpt>
      <trkpt lat="34.282716885209084" lon="-117.34804099425673">
        <time>2005-05-19T16:47:24-07:00</time>
      </trkpt>
      <trkpt lat="34.28271336480975" lon="-117.34796890988946">
        <time>2005-05-19T16:47:30-07:00</time>
      </trkpt>
      <trkpt lat="34.28272551856935" lon="-117.34790839254856">
        <time>2005-05-19T16:47:31-07:00</time>
      </trkpt>
      <trkpt lat="34.28273071534932" lon="-117.34788190573454">
        <time>2005-05-19T16:47:35-07:00</time>
      </trkpt>
      <trkpt lat="34.282743874937296" lon="-117.3478612024337">
        <time>2005-05-19T16:47:42-07:00</time>
      </trkpt>
      <trkpt lat="34.28275133483112" lon="-117.3478426784277">
        <time>2005-05-19T16:47:51-07:00</time>
      </trkpt>
      <trkpt lat="34.28276784718037" lon="-117.34779515303671">
        <time>2005-05-19T16:47:59-07:00</time>
      </trkpt>
      <trkpt lat="34.28280766122043" lon="-117.34772130846977">
        <time>2005-05-19T16:48:04-07:00</time>
      </trkpt>
      <trkpt lat="34.28281394764781" lon="-117.34770479612052">
        <time>2005-05-19T16:48:10-07:00</time>
      </trkpt>
      <trkpt lat="34.28284437395632" lon="-117.34764385968447">
        <time>2005-05-19T16:48:13-07:00</time>
      </trkpt>
      <trkpt lat="34.28288829512894" lon="-117.34756196849048">
        <time>2005-05-19T16:48:15-07:00</time>
      </trkpt>
      <trkpt lat="34.28290723823011" lon="-117.34751913696527">
        <time>2005-05-19T16:48:17-07:00</time>
      </trkpt>
      <trkpt lat="34.282935317605734" lon="-117.34749323688447">
        <time>2005-05-19T16:48:21-07:00</time>
      </trkpt>
      <trkpt lat="34.28296582773328" lon="-117.34745124354959">
        <time>2005-05-19T16:48:27-07:00</time>
      </trkpt>
      <trkpt lat="34.282963648438454" lon="-117.34744738787413">
        <time>2005-05-19T16:48:28-07:00</time>
      </trkpt>
      <trkpt lat="34.282982759177685" lon="-117.34743070788682">
        <time>2005-05-19T16:48:33-07:00</time>
      </trkpt>
      <trkpt lat="34.283007150515914" lon="-117.34739910811186">
        <time>2005-05-19T16:48:41-07:00</time>
      </trkpt>
      <trkpt lat="34.28305543027818" lon="-117.34734060242772">
        <time>2005-05-19T16:48:46-07:00</time>
      </trkpt>
      <trkpt lat="34.28307336755097" lon="-117.34730799682438">
        <time>2005-05-19T16:48:49-07:00</time>
      </trkpt>
      <trkpt lat="34.283103961497545" lon="-117.3472501616925">
        <time>2005-05-19T16:48:54-07:00</time>
      </trkpt>
      <trkpt lat="34.28313991986215" lon="-117.34719358384609">
        <time>2005-05-19T16:48:56-07:00</time>
      </trkpt>
      <trkpt lat="34.283160623162985" lon="-117.34714270569384">
        <time>2005-05-19T16:48:58-07:00</time>
      </trkpt>
      <trkpt lat="34.28317638114095" lon="-117.34710976481438">
        <time>2005-05-19T16:49:01-07:00</time>
      </trkpt>
      <trkpt lat="34.28320152685046" lon="-117.34702100045979">
        <time>2005-05-19T16:49:08-07:00</time>
      </trkpt>
      <trkpt lat="34.283214937895536" lon="-117.34694162383676">
        <time>2005-05-19T16:49:11-07:00</time>
      </trkpt>
      <trkpt lat="34.283220218494534" lon="-117.34691362828016">
        <time>2005-05-19T16:49:17-07:00</time>
      </trkpt>
      <trkpt lat="34.283246621489525" lon="-117.34682452864945">
        <time>2005-05-19T16:49:22-07:00</time>
      </trkpt>
      <trkpt lat="34.283264642581344" lon="-117.3467892408371">
        <time>2005-05-19T16:49:26-07:00</time>
      </trkpt>
      <trkpt lat="34.283284256234765" lon="-117.3467456549406">
        <time>2005-05-19T16:49:29-07:00</time>
      </trkpt>
      <trkpt lat="34.28330881521106" lon="-117.34670290723443">
        <time>2005-05-19T16:49:36-07:00</time>
      </trkpt>
      <trkpt lat="34.28332943469286" lon="-117.34663828276098">
        <time>2005-05-19T16:49:42-07:00</time>
      </trkpt>
      <trkpt lat="34.28335256874561" lon="-117.34657793305814">
        <time>2005-05-19T16:49:44-07:00</time>
      </trkpt>
      <trkpt lat="34.28335818462074" lon="-117.34656728804111">
        <time>2005-05-19T16:49:52-07:00</time>
      </trkpt>
      <trkpt lat="34.28336136974394" lon="-117.34654759056866">
        <time>2005-05-19T16:49:55-07:00</time>
      </trkpt>
      <trkpt lat="34.283383917063475" lon="-117.34648833051324">
        <time>2005-05-19T16:49:58-07:00</time>
      </trkpt>
      <trkpt lat="34.283441165462136" lon="-117.34642211347818">
        <time>2005-05-19T16:50:03-07:00</time>
      </trkpt>
      <trkpt lat="34.28348927758634" lon="-117.34636025503278">
        <time>2005-05-19T16:50:07-07:00</time>
      </trkpt>
      <trkpt lat="34.28354359231889" lon="-117.3462950438261">
        <time>2005-05-19T16:50:12-07:00</time>
      </trkpt>
      <trkpt lat="34.28358659148216" lon="-117.34624885953963">
        <time>2005-05-19T16:50:13-07:00</time>
      </trkpt>
      <trkpt lat="34.28361668251455" lon="-117.34623117372394">
        <time>2005-05-19T16:50:15-07:00</time>
      </trkpt>
      <trkpt lat="34.2836382240057" lon="-117.3462056927383">
        <time>2005-05-19T16:50:19-07:00</time>
      </trkpt>
      <trkpt lat="34.283679127693176" lon="-117.34619261696935">
        <time>2005-05-19T16:50:26-07:00</time>
      </trkpt>
      <trkpt lat="34.283716259524226" lon="-117.34615540131927">
        <time>2005-05-19T16:50:33-07:00</time>
      </trkpt>
      <trkpt lat="34.2837537266314" lon="-117.34611592255533">
        <time>2005-05-19T16:50:40-07:00</time>
      </trkpt>
      <trkpt lat="34.283796390518546" lon="-117.34606605023146">
        <time>2005-05-19T16:50:45-07:00</time>
      </trkpt>
      <trkpt lat="34.283795384690166" lon="-117.34598139300942">
        <time>2005-05-19T16:50:48-07:00</time>
      </trkpt>
      <trkpt lat="34.28379303775728" lon="-117.34594761393964">
        <time>2005-05-19T16:50:50-07:00</time>
      </trkpt>
      <trkpt lat="34.283777279779315" lon="-117.34588449820876">
        <time>2005-05-19T16:50:55-07:00</time>
      </trkpt>
      <trkpt lat="34.28374425508082" lon="-117.34582205303013">
        <time>2005-05-19T16:51:00-07:00</time>
      </trkpt>
      <trkpt lat="34.28374090231955" lon="-117.34577595256269">
        <time>2005-05-19T16:51:05-07:00</time>
      </trkpt>
      <trkpt lat="34.28373059257865" lon="-117.34574594534934">
        <time>2005-05-19T16:51:11-07:00</time>
      </trkpt>
      <trkpt lat="34.28374090231955" lon="-117.34568140469491">
        <time>2005-05-19T16:51:18-07:00</time>
      </trkpt>
      <trkpt lat="34.28375691175461" lon="-117.34563153237104">
        <time>2005-05-19T16:51:21-07:00</time>
      </trkpt>
      <trkpt lat="34.28376152180135" lon="-117.34561988152564">
        <time>2005-05-19T16:51:26-07:00</time>
      </trkpt>
      <trkpt lat="34.28378473967314" lon="-117.34554905444384">
        <time>2005-05-19T16:51:32-07:00</time>
      </trkpt>
      <trkpt lat="34.28381315432489" lon="-117.34549331478775">
        <time>2005-05-19T16:51:36-07:00</time>
      </trkpt>
      <trkpt lat="34.28380695171654" lon="-117.34546909108758">
        <time>2005-05-19T16:51:38-07:00</time>
      </trkpt>
      <trkpt lat="34.28377996198833" lon="-117.34543120488524">
        <time>2005-05-19T16:51:43-07:00</time>
      </trkpt>
      <trkpt lat="34.28378440439701" lon="-117.34536867588758">
        <time>2005-05-19T16:51:47-07:00</time>
      </trkpt>
      <trkpt lat="34.28379756398499" lon="-117.34533447772264">
        <time>2005-05-19T16:51:48-07:00</time>
      </trkpt>
      <trkpt lat="34.283812399953604" lon="-117.34528762288392">
        <time>2005-05-19T16:51:54-07:00</time>
      </trkpt>
      <trkpt lat="34.28383729420602" lon="-117.34524671919644">
        <time>2005-05-19T16:52:00-07:00</time>
      </trkpt>
      <trkpt lat="34.28386218845844" lon="-117.34520087018609">
        <time>2005-05-19T16:52:03-07:00</time>
      </trkpt>
      <trkpt lat="34.28387610241771" lon="-117.34514119103551">
        <time>2005-05-19T16:52:07-07:00</time>
      </trkpt>
      <trkpt lat="34.28386738523841" lon="-117.34511621296406">
        <time>2005-05-19T16:52:13-07:00</time>
      </trkpt>
      <trkpt lat="34.28386755287647" lon="-117.34511780552566">
        <time>2005-05-19T16:52:16-07:00</time>
      </trkpt>
      <trkpt lat="34.28386981599033" lon="-117.3451155424118">
        <time>2005-05-19T16:52:20-07:00</time>
      </trkpt>
      <trkpt lat="34.28386755287647" lon="-117.34511780552566">
        <time>2005-05-19T16:52:24-07:00</time>
      </trkpt>
      <trkpt lat="34.283840311691165" lon="-117.34509249217808">
        <time>2005-05-19T16:52:29-07:00</time>
      </trkpt>
      <trkpt lat="34.2838332708925" lon="-117.34509039670229">
        <time>2005-05-19T16:52:35-07:00</time>
      </trkpt>
      <trkpt lat="34.28382061421871" lon="-117.34508469700813">
        <time>2005-05-19T16:52:40-07:00</time>
      </trkpt>
      <trkpt lat="34.2838298343122" lon="-117.34510565176606">
        <time>2005-05-19T16:52:42-07:00</time>
      </trkpt>
      <trkpt lat="34.28384902887046" lon="-117.34510028734803">
        <time>2005-05-19T16:52:54-07:00</time>
      </trkpt>
      <trkpt lat="34.28384902887046" lon="-117.345100203529">
        <time>2005-05-19T16:53:01-07:00</time>
      </trkpt>
      <trkpt lat="34.283831091597676" lon="-117.34508385881782">
        <time>2005-05-19T16:53:07-07:00</time>
      </trkpt>
      <trkpt lat="34.28381851874292" lon="-117.3450774885714">
        <time>2005-05-19T16:53:14-07:00</time>
      </trkpt>
      <trkpt lat="34.28381851874292" lon="-117.3450761474669">
        <time>2005-05-19T16:53:19-07:00</time>
      </trkpt>
      <trkpt lat="34.28381851874292" lon="-117.3450761474669">
        <time>2005-05-19T16:53:23-07:00</time>
      </trkpt>
      <trkpt lat="34.28382086567581" lon="-117.34507782384753">
        <time>2005-05-19T16:53:29-07:00</time>
      </trkpt>
      <trkpt lat="34.28382136859" lon="-117.34507849439979">
        <time>2005-05-19T16:53:36-07:00</time>
      </trkpt>
      <trkpt lat="34.28384508937597" lon="-117.34511001035571">
        <time>2005-05-19T16:53:41-07:00</time>
      </trkpt>
      <trkpt lat="34.28384592756629" lon="-117.34511177055538">
        <time>2005-05-19T16:53:48-07:00</time>
      </trkpt>
      <trkpt lat="34.28384735248983" lon="-117.34511126764119">
        <time>2005-05-19T16:53:55-07:00</time>
      </trkpt>
      <trkpt lat="34.28384852595627" lon="-117.34510187990963">
        <time>2005-05-19T16:54:03-07:00</time>
      </trkpt>
      <trkpt lat="34.28384592756629" lon="-117.34511185437441">
        <time>2005-05-19T16:54:10-07:00</time>
      </trkpt>
      <trkpt lat="34.28384592756629" lon="-117.34511185437441">
        <time>2005-05-19T16:54:18-07:00</time>
      </trkpt>
      <trkpt lat="34.28384592756629" lon="-117.34511185437441">
        <time>2005-05-19T16:54:25-07:00</time>
      </trkpt>
      <trkpt lat="34.28384793922305" lon="-117.34509559348226">
        <time>2005-05-19T16:54:27-07:00</time>
      </trkpt>
      <trkpt lat="34.28384793922305" lon="-117.34509559348226">
        <time>2005-05-19T16:54:33-07:00</time>
      </trkpt>
      <trkpt lat="34.28384793922305" lon="-117.34509559348226">
        <time>2005-05-19T16:54:39-07:00</time>
      </trkpt>
      <trkpt lat="34.28384793922305" lon="-117.34509559348226">
        <time>2005-05-19T16:54:46-07:00</time>
      </trkpt>
      <trkpt lat="34.28384793922305" lon="-117.34509559348226">
        <time>2005-05-19T16:54:49-07:00</time>
      </trkpt>
      <trkpt lat="34.28384793922305" lon="-117.34509559348226">
        <time>2005-05-19T16:54:53-07:00</time>
      </trkpt>
      <trkpt lat="34.28384793922305" lon="-117.34509559348226">
        <time>2005-05-19T16:55:01-07:00</time>
      </trkpt>
      <trkpt lat="34.28384793922305" lon="-117.34509559348226">
        <time>2005-05-19T16:55:10-07:00</time>
      </trkpt>
      <trkpt lat="34.28384793922305" lon="-117.34509559348226">
        <time>2005-05-19T16:55:18-07:00</time>
      </trkpt>
      <trkpt lat="34.28384793922305" lon="-117.34509559348226">
        <time>2005-05-19T16:55:26-07:00</time>
      </trkpt>
      <trkpt lat="34.28384492173791" lon="-117.34509492293">
        <time>2005-05-19T16:55:39-07:00</time>
      </trkpt>
      <trkpt lat="34.28384793922305" lon="-117.34509559348226">
        <time>2005-05-19T16:55:40-07:00</time>
      </trkpt>
      <trkpt lat="34.28385036997497" lon="-117.3450898937881">
        <time>2005-05-19T16:55:47-07:00</time>
      </trkpt>
      <trkpt lat="34.28385481238365" lon="-117.34509198926389">
        <time>2005-05-19T16:55:50-07:00</time>
      </trkpt>
      <trkpt lat="34.28385481238365" lon="-117.34509198926389">
        <time>2005-05-19T16:55:57-07:00</time>
      </trkpt>
      <trkpt lat="34.28385531529784" lon="-117.34509391710162">
        <time>2005-05-19T16:56:06-07:00</time>
      </trkpt>
      <trkpt lat="34.28384793922305" lon="-117.34509559348226">
        <time>2005-05-19T16:56:12-07:00</time>
      </trkpt>
      <trkpt lat="34.28384793922305" lon="-117.34509559348226">
        <time>2005-05-19T16:56:23-07:00</time>
      </trkpt>
      <trkpt lat="34.28384793922305" lon="-117.34509559348226">
        <time>2005-05-19T16:56:32-07:00</time>
      </trkpt>
      <trkpt lat="34.28385288454592" lon="-117.3450914863497">
        <time>2005-05-19T16:56:39-07:00</time>
      </trkpt>
      <trkpt lat="34.28384793922305" lon="-117.34509559348226">
        <time>2005-05-19T16:56:40-07:00</time>
      </trkpt>
      <trkpt lat="34.28384793922305" lon="-117.34509559348226">
        <time>2005-05-19T16:56:43-07:00</time>
      </trkpt>
      <trkpt lat="34.28384793922305" lon="-117.34509559348226">
        <time>2005-05-19T16:56:47-07:00</time>
      </trkpt>
      <trkpt lat="34.283854477107525" lon="-117.34509659931064">
        <time>2005-05-19T16:56:54-07:00</time>
      </trkpt>
      <trkpt lat="34.28384793922305" lon="-117.34509559348226">
        <time>2005-05-19T16:57:00-07:00</time>
      </trkpt>
      <trkpt lat="34.28384793922305" lon="-117.34509559348226">
        <time>2005-05-19T16:57:03-07:00</time>
      </trkpt>
      <trkpt lat="34.28384793922305" lon="-117.34509559348226">
        <time>2005-05-19T16:57:14-07:00</time>
      </trkpt>
      <trkpt lat="34.28384793922305" lon="-117.34509559348226">
        <time>2005-05-19T16:57:20-07:00</time>
      </trkpt>
      <trkpt lat="34.283851543441415" lon="-117.34510095790029">
        <time>2005-05-19T16:57:25-07:00</time>
      </trkpt>
      <trkpt lat="34.28385280072689" lon="-117.345100203529">
        <time>2005-05-19T16:57:28-07:00</time>
      </trkpt>
      <trkpt lat="34.283849531784654" lon="-117.34510942362249">
        <time>2005-05-19T16:57:29-07:00</time>
      </trkpt>
      <trkpt lat="34.28384793922305" lon="-117.34509559348226">
        <time>2005-05-19T16:57:32-07:00</time>
      </trkpt>
      <trkpt lat="34.28384793922305" lon="-117.34509559348226">
        <time>2005-05-19T16:57:33-07:00</time>
      </trkpt>
      <trkpt lat="34.28384793922305" lon="-117.34509559348226">
        <time>2005-05-19T16:57:42-07:00</time>
      </trkpt>
      <trkpt lat="34.28383771330118" lon="-117.34510816633701">
        <time>2005-05-19T16:57:48-07:00</time>
      </trkpt>
      <trkpt lat="34.28383477963507" lon="-117.34510850161314">
        <time>2005-05-19T16:57:53-07:00</time>
      </trkpt>
      <trkpt lat="34.28383804857731" lon="-117.3451036401093">
        <time>2005-05-19T16:58:03-07:00</time>
      </trkpt>
      <trkpt lat="34.28383804857731" lon="-117.34510347247124">
        <time>2005-05-19T16:58:08-07:00</time>
      </trkpt>
      <trkpt lat="34.28383796475828" lon="-117.34510347247124">
        <time>2005-05-19T16:58:09-07:00</time>
      </trkpt>
      <trkpt lat="34.28384894505143" lon="-117.34509827569127">
        <time>2005-05-19T16:58:10-07:00</time>
      </trkpt>
      <trkpt lat="34.28387853316963" lon="-117.34513255767524">
        <time>2005-05-19T16:58:16-07:00</time>
      </trkpt>
      <trkpt lat="34.28388305939734" lon="-117.3451361618936">
        <time>2005-05-19T16:58:17-07:00</time>
      </trkpt>
      <trkpt lat="34.28386512212455" lon="-117.34511093236506">
        <time>2005-05-19T16:58:21-07:00</time>
      </trkpt>
      <trkpt lat="34.28385095670819" lon="-117.34511059708893">
        <time>2005-05-19T16:58:23-07:00</time>
      </trkpt>
      <trkpt lat="34.28385095670819" lon="-117.34511059708893">
        <time>2005-05-19T16:58:24-07:00</time>
      </trkpt>
      <trkpt lat="34.28385095670819" lon="-117.34511059708893">
        <time>2005-05-19T16:58:30-07:00</time>
      </trkpt>
      <trkpt lat="34.28385095670819" lon="-117.34511059708893">
        <time>2005-05-19T16:58:36-07:00</time>
      </trkpt>
      <trkpt lat="34.28385095670819" lon="-117.34511059708893">
        <time>2005-05-19T16:58:43-07:00</time>
      </trkpt>
      <trkpt lat="34.28385095670819" lon="-117.34511059708893">
        <time>2005-05-19T16:58:49-07:00</time>
      </trkpt>
      <trkpt lat="34.28385095670819" lon="-117.34511059708893">
        <time>2005-05-19T16:58:55-07:00</time>
      </trkpt>
      <trkpt lat="34.28385095670819" lon="-117.34511059708893">
        <time>2005-05-19T16:59:01-07:00</time>
      </trkpt>
      <trkpt lat="34.28385095670819" lon="-117.34511059708893">
        <time>2005-05-19T16:59:02-07:00</time>
      </trkpt>
      <trkpt lat="34.28385095670819" lon="-117.34511059708893">
        <time>2005-05-19T16:59:11-07:00</time>
      </trkpt>
      <trkpt lat="34.28385095670819" lon="-117.34511059708893">
        <time>2005-05-19T16:59:14-07:00</time>
      </trkpt>
      <trkpt lat="34.28385095670819" lon="-117.34511059708893">
        <time>2005-05-19T16:59:16-07:00</time>
      </trkpt>
      <trkpt lat="34.28385095670819" lon="-117.34511059708893">
        <time>2005-05-19T16:59:19-07:00</time>
      </trkpt>
      <trkpt lat="34.28385095670819" lon="-117.34511059708893">
        <time>2005-05-19T16:59:28-07:00</time>
      </trkpt>
      <trkpt lat="34.28385095670819" lon="-117.34511059708893">
        <time>2005-05-19T16:59:33-07:00</time>
      </trkpt>
      <trkpt lat="34.28385078907013" lon="-117.345110764727">
        <time>2005-05-19T16:59:35-07:00</time>
      </trkpt>
      <trkpt lat="34.28385095670819" lon="-117.34511059708893">
        <time>2005-05-19T16:59:39-07:00</time>
      </trkpt>
      <trkpt lat="34.28385095670819" lon="-117.34511059708893">
        <time>2005-05-19T16:59:43-07:00</time>
      </trkpt>
      <trkpt lat="34.28385095670819" lon="-117.34511059708893">
        <time>2005-05-19T16:59:52-07:00</time>
      </trkpt>
      <trkpt lat="34.28385095670819" lon="-117.34511059708893">
        <time>2005-05-19T16:59:53-07:00</time>
      </trkpt>
      <trkpt lat="34.28385095670819" lon="-117.34511059708893">
        <time>2005-05-19T16:59:57-07:00</time>
      </trkpt>
      <trkpt lat="34.28385095670819" lon="-117.34511059708893">
        <time>2005-05-19T17:00:01-07:00</time>
      </trkpt>
      <trkpt lat="34.28385095670819" lon="-117.34511059708893">
        <time>2005-05-19T17:00:05-07:00</time>
      </trkpt>
      <trkpt lat="34.28385095670819" lon="-117.34511059708893">
        <time>2005-05-19T17:00:11-07:00</time>
      </trkpt>
      <trkpt lat="34.28385095670819" lon="-117.34511059708893">
        <time>2005-05-19T17:00:15-07:00</time>
      </trkpt>
      <trkpt lat="34.28385095670819" lon="-117.34511059708893">
        <time>2005-05-19T17:00:22-07:00</time>
      </trkpt>
      <trkpt lat="34.28385095670819" lon="-117.34511059708893">
        <time>2005-05-19T17:00:25-07:00</time>
      </trkpt>
      <trkpt lat="34.28385095670819" lon="-117.34511059708893">
        <time>2005-05-19T17:00:31-07:00</time>
      </trkpt>
      <trkpt lat="34.28385095670819" lon="-117.34511059708893">
        <time>2005-05-19T17:00:37-07:00</time>
      </trkpt>
      <trkpt lat="34.28385095670819" lon="-117.34511059708893">
        <time>2005-05-19T17:00:42-07:00</time>
      </trkpt>
      <trkpt lat="34.28385095670819" lon="-117.34511059708893">
        <time>2005-05-19T17:01:03-07:00</time>
      </trkpt>
      <trkpt lat="34.28385095670819" lon="-117.34511059708893">
        <time>2005-05-19T17:01:05-07:00</time>
      </trkpt>
      <trkpt lat="34.28385095670819" lon="-117.34511059708893">
        <time>2005-05-19T17:01:27-07:00</time>
      </trkpt>
      <trkpt lat="34.28385095670819" lon="-117.34511059708893">
        <time>2005-05-19T17:01:42-07:00</time>
      </trkpt>
      <trkpt lat="34.28385095670819" lon="-117.34511059708893">
        <time>2005-05-19T17:01:49-07:00</time>
      </trkpt>
      <trkpt lat="34.28385095670819" lon="-117.34511059708893">
        <time>2005-05-19T17:01:50-07:00</time>
      </trkpt>
      <trkpt lat="34.28385095670819" lon="-117.34511059708893">
        <time>2005-05-19T17:01:58-07:00</time>
      </trkpt>
      <trkpt lat="34.28385095670819" lon="-117.34511059708893">
        <time>2005-05-19T17:02:10-07:00</time>
      </trkpt>
      <trkpt lat="34.28385095670819" lon="-117.34511059708893">
        <time>2005-05-19T17:02:12-07:00</time>
      </trkpt>
      <trkpt lat="34.28385095670819" lon="-117.34511059708893">
        <time>2005-05-19T17:02:18-07:00</time>
      </trkpt>
      <trkpt lat="34.28385095670819" lon="-117.34511059708893">
        <time>2005-05-19T17:02:28-07:00</time>
      </trkpt>
      <trkpt lat="34.28385095670819" lon="-117.34511059708893">
        <time>2005-05-19T17:02:41-07:00</time>
      </trkpt>
      <trkpt lat="34.28385095670819" lon="-117.34511059708893">
        <time>2005-05-19T17:02:46-07:00</time>
      </trkpt>
      <trkpt lat="34.28385095670819" lon="-117.34511059708893">
        <time>2005-05-19T17:02:49-07:00</time>
      </trkpt>
      <trkpt lat="34.28385095670819" lon="-117.34511059708893">
        <time>2005-05-19T17:02:51-07:00</time>
      </trkpt>
      <trkpt lat="34.28385095670819" lon="-117.34511059708893">
        <time>2005-05-19T17:02:53-07:00</time>
      </trkpt>
      <trkpt lat="34.28385095670819" lon="-117.34511059708893">
        <time>2005-05-19T17:02:54-07:00</time>
      </trkpt>
      <trkpt lat="34.28385095670819" lon="-117.34511059708893">
        <time>2005-05-19T17:03:00-07:00</time>
      </trkpt>
      <trkpt lat="34.28385095670819" lon="-117.34511059708893">
        <time>2005-05-19T17:03:03-07:00</time>
      </trkpt>
      <trkpt lat="34.28385095670819" lon="-117.34511059708893">
        <time>2005-05-19T17:03:05-07:00</time>
      </trkpt>
      <trkpt lat="34.28385095670819" lon="-117.34511059708893">
        <time>2005-05-19T17:03:16-07:00</time>
      </trkpt>
      <trkpt lat="34.28385095670819" lon="-117.34511059708893">
        <time>2005-05-19T17:03:18-07:00</time>
      </trkpt>
      <trkpt lat="34.28385095670819" lon="-117.34511059708893">
        <time>2005-05-19T17:03:21-07:00</time>
      </trkpt>
      <trkpt lat="34.28385095670819" lon="-117.34511059708893">
        <time>2005-05-19T17:03:23-07:00</time>
      </trkpt>
      <trkpt lat="34.28385095670819" lon="-117.34511059708893">
        <time>2005-05-19T17:03:28-07:00</time>
      </trkpt>
      <trkpt lat="34.28385095670819" lon="-117.34511059708893">
        <time>2005-05-19T17:03:31-07:00</time>
      </trkpt>
      <trkpt lat="34.28385095670819" lon="-117.34511059708893">
        <time>2005-05-19T17:03:42-07:00</time>
      </trkpt>
      <trkpt lat="34.28385095670819" lon="-117.34511059708893">
        <time>2005-05-19T17:03:43-07:00</time>
      </trkpt>
      <trkpt lat="34.28385095670819" lon="-117.34511059708893">
        <time>2005-05-19T17:03:52-07:00</time>
      </trkpt>
      <trkpt lat="34.28385095670819" lon="-117.34511059708893">
        <time>2005-05-19T17:04:00-07:00</time>
      </trkpt>
      <trkpt lat="34.28384257480502" lon="-117.34510263428092">
        <time>2005-05-19T17:04:03-07:00</time>
      </trkpt>
      <trkpt lat="34.28384257480502" lon="-117.34510263428092">
        <time>2005-05-19T17:04:06-07:00</time>
      </trkpt>
      <trkpt lat="34.28385078907013" lon="-117.345110764727">
        <time>2005-05-19T17:04:07-07:00</time>
      </trkpt>
      <trkpt lat="34.28384634666145" lon="-117.34510271809995">
        <time>2005-05-19T17:04:10-07:00</time>
      </trkpt>
      <trkpt lat="34.283844251185656" lon="-117.34508176334202">
        <time>2005-05-19T17:04:16-07:00</time>
      </trkpt>
      <trkpt lat="34.283844754099846" lon="-117.3450846131891">
        <time>2005-05-19T17:04:27-07:00</time>
      </trkpt>
      <trkpt lat="34.283847687765956" lon="-117.34509098343551">
        <time>2005-05-19T17:04:38-07:00</time>
      </trkpt>
      <trkpt lat="34.283847687765956" lon="-117.34509098343551">
        <time>2005-05-19T17:04:39-07:00</time>
      </trkpt>
      <trkpt lat="34.283847687765956" lon="-117.34509098343551">
        <time>2005-05-19T17:04:42-07:00</time>
      </trkpt>
      <trkpt lat="34.283847687765956" lon="-117.34509098343551">
        <time>2005-05-19T17:04:49-07:00</time>
      </trkpt>
      <trkpt lat="34.283847687765956" lon="-117.34509098343551">
        <time>2005-05-19T17:04:56-07:00</time>
      </trkpt>
      <trkpt lat="34.283847687765956" lon="-117.34509098343551">
        <time>2005-05-19T17:04:57-07:00</time>
      </trkpt>
      <trkpt lat="34.28384827449918" lon="-117.34509098343551">
        <time>2005-05-19T17:05:08-07:00</time>
      </trkpt>
      <trkpt lat="34.28384844213724" lon="-117.34509165398777">
        <time>2005-05-19T17:05:18-07:00</time>
      </trkpt>
      <trkpt lat="34.28384844213724" lon="-117.34509215690196">
        <time>2005-05-19T17:05:21-07:00</time>
      </trkpt>
      <trkpt lat="34.28384793922305" lon="-117.34509349800646">
        <time>2005-05-19T17:05:40-07:00</time>
      </trkpt>
      <trkpt lat="34.28384928032756" lon="-117.34510296955705">
        <time>2005-05-19T17:05:51-07:00</time>
      </trkpt>
      <trkpt lat="34.28384928032756" lon="-117.34510665759444">
        <time>2005-05-19T17:05:58-07:00</time>
      </trkpt>
      <trkpt lat="34.28384399972856" lon="-117.345089642331">
        <time>2005-05-19T17:06:02-07:00</time>
      </trkpt>
      <trkpt lat="34.28384483791888" lon="-117.34510581940413">
        <time>2005-05-19T17:06:04-07:00</time>
      </trkpt>
      <trkpt lat="34.28384483791888" lon="-117.34510581940413">
        <time>2005-05-19T17:06:07-07:00</time>
      </trkpt>
      <trkpt lat="34.28384483791888" lon="-117.34510581940413">
        <time>2005-05-19T17:06:16-07:00</time>
      </trkpt>
      <trkpt lat="34.28384483791888" lon="-117.34510581940413">
        <time>2005-05-19T17:06:24-07:00</time>
      </trkpt>
      <trkpt lat="34.28384483791888" lon="-117.34510581940413">
        <time>2005-05-19T17:06:28-07:00</time>
      </trkpt>
      <trkpt lat="34.28384483791888" lon="-117.34510581940413">
        <time>2005-05-19T17:06:33-07:00</time>
      </trkpt>
      <trkpt lat="34.28384483791888" lon="-117.34510581940413">
        <time>2005-05-19T17:06:41-07:00</time>
      </trkpt>
      <trkpt lat="34.28384483791888" lon="-117.34510581940413">
        <time>2005-05-19T17:06:48-07:00</time>
      </trkpt>
      <trkpt lat="34.28384483791888" lon="-117.34510581940413">
        <time>2005-05-19T17:06:56-07:00</time>
      </trkpt>
      <trkpt lat="34.28384483791888" lon="-117.34510581940413">
        <time>2005-05-19T17:07:06-07:00</time>
      </trkpt>
      <trkpt lat="34.28384483791888" lon="-117.34510581940413">
        <time>2005-05-19T17:07:15-07:00</time>
      </trkpt>
      <trkpt lat="34.28384483791888" lon="-117.34510581940413">
        <time>2005-05-19T17:07:21-07:00</time>
      </trkpt>
      <trkpt lat="34.28384483791888" lon="-117.34510581940413">
        <time>2005-05-19T17:07:27-07:00</time>
      </trkpt>
      <trkpt lat="34.28384483791888" lon="-117.34510581940413">
        <time>2005-05-19T17:07:36-07:00</time>
      </trkpt>
      <trkpt lat="34.28384483791888" lon="-117.34510581940413">
        <time>2005-05-19T17:07:42-07:00</time>
      </trkpt>
      <trkpt lat="34.28384483791888" lon="-117.34510581940413">
        <time>2005-05-19T17:07:44-07:00</time>
      </trkpt>
      <trkpt lat="34.28384483791888" lon="-117.34510581940413">
        <time>2005-05-19T17:07:52-07:00</time>
      </trkpt>
      <trkpt lat="34.28384483791888" lon="-117.34510581940413">
        <time>2005-05-19T17:08:04-07:00</time>
      </trkpt>
      <trkpt lat="34.28384483791888" lon="-117.34510581940413">
        <time>2005-05-19T17:08:20-07:00</time>
      </trkpt>
      <trkpt lat="34.28384483791888" lon="-117.34510581940413">
        <time>2005-05-19T17:08:28-07:00</time>
      </trkpt>
      <trkpt lat="34.28384483791888" lon="-117.34510581940413">
        <time>2005-05-19T17:08:42-07:00</time>
      </trkpt>
      <trkpt lat="34.28384483791888" lon="-117.34510581940413">
        <time>2005-05-19T17:08:47-07:00</time>
      </trkpt>
      <trkpt lat="34.28384483791888" lon="-117.34510581940413">
        <time>2005-05-19T17:08:49-07:00</time>
      </trkpt>
      <trkpt lat="34.28384483791888" lon="-117.34510581940413">
        <time>2005-05-19T17:08:53-07:00</time>
      </trkpt>
      <trkpt lat="34.28384483791888" lon="-117.34510581940413">
        <time>2005-05-19T17:09:02-07:00</time>
      </trkpt>
      <trkpt lat="34.28384944796562" lon="-117.34511445276439">
        <time>2005-05-19T17:09:12-07:00</time>
      </trkpt>
      <trkpt lat="34.28384936414659" lon="-117.34511327929795">
        <time>2005-05-19T17:09:19-07:00</time>
      </trkpt>
      <trkpt lat="34.28384978324175" lon="-117.34511294402182">
        <time>2005-05-19T17:09:30-07:00</time>
      </trkpt>
      <trkpt lat="34.28384995087981" lon="-117.34511269256473">
        <time>2005-05-19T17:09:32-07:00</time>
      </trkpt>
      <trkpt lat="34.28384969942272" lon="-117.34511252492666">
        <time>2005-05-19T17:09:34-07:00</time>
      </trkpt>
      <trkpt lat="34.28385120816529" lon="-117.34511017799377">
        <time>2005-05-19T17:09:36-07:00</time>
      </trkpt>
      <trkpt lat="34.28385422565043" lon="-117.34510556794703">
        <time>2005-05-19T17:09:42-07:00</time>
      </trkpt>
      <trkpt lat="34.28385707549751" lon="-117.34509827569127">
        <time>2005-05-19T17:09:45-07:00</time>
      </trkpt>
      <trkpt lat="34.28385749459267" lon="-117.34509643167257">
        <time>2005-05-19T17:09:46-07:00</time>
      </trkpt>
      <trkpt lat="34.28385749459267" lon="-117.34509643167257">
        <time>2005-05-19T17:09:48-07:00</time>
      </trkpt>
      <trkpt lat="34.28385749459267" lon="-117.34509643167257">
        <time>2005-05-19T17:09:51-07:00</time>
      </trkpt>
      <trkpt lat="34.28385749459267" lon="-117.34509643167257">
        <time>2005-05-19T17:09:54-07:00</time>
      </trkpt>
      <trkpt lat="34.28385749459267" lon="-117.34509643167257">
        <time>2005-05-19T17:09:58-07:00</time>
      </trkpt>
      <trkpt lat="34.28385749459267" lon="-117.34509643167257">
        <time>2005-05-19T17:10:01-07:00</time>
      </trkpt>
      <trkpt lat="34.28385749459267" lon="-117.34509643167257">
        <time>2005-05-19T17:10:11-07:00</time>
      </trkpt>
      <trkpt lat="34.28385749459267" lon="-117.34509643167257">
        <time>2005-05-19T17:10:22-07:00</time>
      </trkpt>
      <trkpt lat="34.28385749459267" lon="-117.34509643167257">
        <time>2005-05-19T17:10:24-07:00</time>
      </trkpt>
      <trkpt lat="34.28385749459267" lon="-117.34509643167257">
        <time>2005-05-19T17:10:37-07:00</time>
      </trkpt>
      <trkpt lat="34.28385749459267" lon="-117.34509643167257">
        <time>2005-05-19T17:10:40-07:00</time>
      </trkpt>
      <trkpt lat="34.28385749459267" lon="-117.34509643167257">
        <time>2005-05-19T17:10:56-07:00</time>
      </trkpt>
      <trkpt lat="34.28385749459267" lon="-117.34509643167257">
        <time>2005-05-19T17:11:00-07:00</time>
      </trkpt>
      <trkpt lat="34.28385749459267" lon="-117.34509643167257">
        <time>2005-05-19T17:11:01-07:00</time>
      </trkpt>
      <trkpt lat="34.28385372273624" lon="-117.34510288573802">
        <time>2005-05-19T17:11:07-07:00</time>
      </trkpt>
      <trkpt lat="34.28385506384075" lon="-117.34509592875838">
        <time>2005-05-19T17:11:11-07:00</time>
      </trkpt>
      <trkpt lat="34.28385372273624" lon="-117.34509257599711">
        <time>2005-05-19T17:11:12-07:00</time>
      </trkpt>
      <trkpt lat="34.28385749459267" lon="-117.34509643167257">
        <time>2005-05-19T17:11:15-07:00</time>
      </trkpt>
      <trkpt lat="34.28385749459267" lon="-117.34509643167257">
        <time>2005-05-19T17:11:24-07:00</time>
      </trkpt>
      <trkpt lat="34.28385749459267" lon="-117.34509643167257">
        <time>2005-05-19T17:11:27-07:00</time>
      </trkpt>
      <trkpt lat="34.28385749459267" lon="-117.34509643167257">
        <time>2005-05-19T17:11:32-07:00</time>
      </trkpt>
      <trkpt lat="34.28385749459267" lon="-117.34509643167257">
        <time>2005-05-19T17:11:40-07:00</time>
      </trkpt>
      <trkpt lat="34.28385749459267" lon="-117.34509643167257">
        <time>2005-05-19T17:11:51-07:00</time>
      </trkpt>
      <trkpt lat="34.28385749459267" lon="-117.34509643167257">
        <time>2005-05-19T17:12:01-07:00</time>
      </trkpt>
      <trkpt lat="34.283856907859445" lon="-117.34509550966322">
        <time>2005-05-19T17:12:05-07:00</time>
      </trkpt>
      <trkpt lat="34.28385715931654" lon="-117.34511193819344">
        <time>2005-05-19T17:12:09-07:00</time>
      </trkpt>
      <trkpt lat="34.28385439328849" lon="-117.3451192304492">
        <time>2005-05-19T17:12:19-07:00</time>
      </trkpt>
      <trkpt lat="34.28385238163173" lon="-117.34509576112032">
        <time>2005-05-19T17:12:32-07:00</time>
      </trkpt>
      <trkpt lat="34.28385749459267" lon="-117.34509643167257">
        <time>2005-05-19T17:12:48-07:00</time>
      </trkpt>
      <trkpt lat="34.28385749459267" lon="-117.34509643167257">
        <time>2005-05-19T17:13:05-07:00</time>
      </trkpt>
      <trkpt lat="34.28385749459267" lon="-117.34509643167257">
        <time>2005-05-19T17:13:17-07:00</time>
      </trkpt>
      <trkpt lat="34.28385749459267" lon="-117.34509643167257">
        <time>2005-05-19T17:13:28-07:00</time>
      </trkpt>
      <trkpt lat="34.28385749459267" lon="-117.34509643167257">
        <time>2005-05-19T17:13:36-07:00</time>
      </trkpt>
      <trkpt lat="34.28385749459267" lon="-117.34509643167257">
        <time>2005-05-19T17:13:42-07:00</time>
      </trkpt>
      <trkpt lat="34.28385749459267" lon="-117.34509643167257">
        <time>2005-05-19T17:13:49-07:00</time>
      </trkpt>
      <trkpt lat="34.28385749459267" lon="-117.34509643167257">
        <time>2005-05-19T17:13:56-07:00</time>
      </trkpt>
      <trkpt lat="34.28385749459267" lon="-117.34509643167257">
        <time>2005-05-19T17:14:04-07:00</time>
      </trkpt>
      <trkpt lat="34.28385749459267" lon="-117.34509643167257">
        <time>2005-05-19T17:14:14-07:00</time>
      </trkpt>
      <trkpt lat="34.28385749459267" lon="-117.34509643167257">
        <time>2005-05-19T17:14:17-07:00</time>
      </trkpt>
      <trkpt lat="34.28385363891721" lon="-117.34511252492666">
        <time>2005-05-19T17:14:22-07:00</time>
      </trkpt>
      <trkpt lat="34.28385363891721" lon="-117.34511252492666">
        <time>2005-05-19T17:14:26-07:00</time>
      </trkpt>
      <trkpt lat="34.28385363891721" lon="-117.34511252492666">
        <time>2005-05-19T17:14:39-07:00</time>
      </trkpt>
      <trkpt lat="34.28385363891721" lon="-117.34511252492666">
        <time>2005-05-19T17:14:42-07:00</time>
      </trkpt>
      <trkpt lat="34.28385363891721" lon="-117.34511252492666">
        <time>2005-05-19T17:14:51-07:00</time>
      </trkpt>
      <trkpt lat="34.28385363891721" lon="-117.34511252492666">
        <time>2005-05-19T17:15:08-07:00</time>
      </trkpt>
      <trkpt lat="34.28385363891721" lon="-117.34511252492666">
        <time>2005-05-19T17:15:22-07:00</time>
      </trkpt>
      <trkpt lat="34.28385363891721" lon="-117.34511252492666">
        <time>2005-05-19T17:15:24-07:00</time>
      </trkpt>
      <trkpt lat="34.28385363891721" lon="-117.34511252492666">
        <time>2005-05-19T17:15:26-07:00</time>
      </trkpt>
      <trkpt lat="34.28385363891721" lon="-117.34511252492666">
        <time>2005-05-19T17:15:29-07:00</time>
      </trkpt>
      <trkpt lat="34.28385363891721" lon="-117.34511252492666">
        <time>2005-05-19T17:15:30-07:00</time>
      </trkpt>
      <trkpt lat="34.28385363891721" lon="-117.34511252492666">
        <time>2005-05-19T17:15:31-07:00</time>
      </trkpt>
      <trkpt lat="34.28385363891721" lon="-117.34511252492666">
        <time>2005-05-19T17:15:33-07:00</time>
      </trkpt>
      <trkpt lat="34.28385363891721" lon="-117.34511252492666">
        <time>2005-05-19T17:15:37-07:00</time>
      </trkpt>
      <trkpt lat="34.28385363891721" lon="-117.34511252492666">
        <time>2005-05-19T17:15:41-07:00</time>
      </trkpt>
      <trkpt lat="34.28385363891721" lon="-117.34511252492666">
        <time>2005-05-19T17:15:49-07:00</time>
      </trkpt>
      <trkpt lat="34.28385363891721" lon="-117.34511252492666">
        <time>2005-05-19T17:15:51-07:00</time>
      </trkpt>
      <trkpt lat="34.28385363891721" lon="-117.34511252492666">
        <time>2005-05-19T17:15:53-07:00</time>
      </trkpt>
      <trkpt lat="34.28385363891721" lon="-117.34511252492666">
        <time>2005-05-19T17:16:02-07:00</time>
      </trkpt>
      <trkpt lat="34.28385363891721" lon="-117.34511252492666">
        <time>2005-05-19T17:16:24-07:00</time>
      </trkpt>
      <trkpt lat="34.28385363891721" lon="-117.34511252492666">
        <time>2005-05-19T17:16:34-07:00</time>
      </trkpt>
      <trkpt lat="34.28385363891721" lon="-117.34511252492666">
        <time>2005-05-19T17:16:43-07:00</time>
      </trkpt>
      <trkpt lat="34.28385363891721" lon="-117.34511252492666">
        <time>2005-05-19T17:16:56-07:00</time>
      </trkpt>
      <trkpt lat="34.28385363891721" lon="-117.34511252492666">
        <time>2005-05-19T17:16:57-07:00</time>
      </trkpt>
      <trkpt lat="34.28385363891721" lon="-117.34511252492666">
        <time>2005-05-19T17:17:08-07:00</time>
      </trkpt>
      <trkpt lat="34.28385363891721" lon="-117.34511252492666">
        <time>2005-05-19T17:17:17-07:00</time>
      </trkpt>
      <trkpt lat="34.28385363891721" lon="-117.34511252492666">
        <time>2005-05-19T17:17:21-07:00</time>
      </trkpt>
      <trkpt lat="34.28385363891721" lon="-117.34511252492666">
        <time>2005-05-19T17:17:35-07:00</time>
      </trkpt>
      <trkpt lat="34.28385363891721" lon="-117.34511252492666">
        <time>2005-05-19T17:17:47-07:00</time>
      </trkpt>
      <trkpt lat="34.28385363891721" lon="-117.34511252492666">
        <time>2005-05-19T17:17:48-07:00</time>
      </trkpt>
      <trkpt lat="34.28385363891721" lon="-117.34511252492666">
        <time>2005-05-19T17:17:50-07:00</time>
      </trkpt>
      <trkpt lat="34.28385363891721" lon="-117.34511252492666">
        <time>2005-05-19T17:17:55-07:00</time>
      </trkpt>
      <trkpt lat="34.28385363891721" lon="-117.34511252492666">
        <time>2005-05-19T17:17:58-07:00</time>
      </trkpt>
      <trkpt lat="34.28385363891721" lon="-117.34511252492666">
        <time>2005-05-19T17:18:10-07:00</time>
      </trkpt>
      <trkpt lat="34.28385363891721" lon="-117.34511252492666">
        <time>2005-05-19T17:18:12-07:00</time>
      </trkpt>
      <trkpt lat="34.28385363891721" lon="-117.34511252492666">
        <time>2005-05-19T17:18:23-07:00</time>
      </trkpt>
      <trkpt lat="34.28385363891721" lon="-117.34511252492666">
        <time>2005-05-19T17:18:32-07:00</time>
      </trkpt>
      <trkpt lat="34.28385363891721" lon="-117.34511252492666">
        <time>2005-05-19T17:18:35-07:00</time>
      </trkpt>
      <trkpt lat="34.28385363891721" lon="-117.34511252492666">
        <time>2005-05-19T17:18:50-07:00</time>
      </trkpt>
      <trkpt lat="34.28385363891721" lon="-117.34511252492666">
        <time>2005-05-19T17:19:06-07:00</time>
      </trkpt>
      <trkpt lat="34.28385363891721" lon="-117.34511252492666">
        <time>2005-05-19T17:19:18-07:00</time>
      </trkpt>
      <trkpt lat="34.28385363891721" lon="-117.34511252492666">
        <time>2005-05-19T17:19:23-07:00</time>
      </trkpt>
      <trkpt lat="34.28385363891721" lon="-117.34511252492666">
        <time>2005-05-19T17:19:35-07:00</time>
      </trkpt>
      <trkpt lat="34.28385363891721" lon="-117.34511252492666">
        <time>2005-05-19T17:19:37-07:00</time>
      </trkpt>
      <trkpt lat="34.28385363891721" lon="-117.34511252492666">
        <time>2005-05-19T17:19:38-07:00</time>
      </trkpt>
      <trkpt lat="34.28385363891721" lon="-117.34511252492666">
        <time>2005-05-19T17:19:47-07:00</time>
      </trkpt>
      <trkpt lat="34.28385363891721" lon="-117.34511252492666">
        <time>2005-05-19T17:19:49-07:00</time>
      </trkpt>
      <trkpt lat="34.2838522978127" lon="-117.34510850161314">
        <time>2005-05-19T17:19:54-07:00</time>
      </trkpt>
      <trkpt lat="34.28385129198432" lon="-117.34510380774736">
        <time>2005-05-19T17:20:00-07:00</time>
      </trkpt>
      <trkpt lat="34.283848190680146" lon="-117.3451036401093">
        <time>2005-05-19T17:20:09-07:00</time>
      </trkpt>
      <trkpt lat="34.283853974193335" lon="-117.34508997760713">
        <time>2005-05-19T17:20:14-07:00</time>
      </trkpt>
      <trkpt lat="34.28385380655527" lon="-117.34508897177875">
        <time>2005-05-19T17:20:24-07:00</time>
      </trkpt>
      <trkpt lat="34.28385321982205" lon="-117.3450914863497">
        <time>2005-05-19T17:20:30-07:00</time>
      </trkpt>
      <trkpt lat="34.28385179489851" lon="-117.34509299509227">
        <time>2005-05-19T17:20:46-07:00</time>
      </trkpt>
      <trkpt lat="34.283852046355605" lon="-117.34509249217808">
        <time>2005-05-19T17:20:59-07:00</time>
      </trkpt>
      <trkpt lat="34.28385120816529" lon="-117.34509492293">
        <time>2005-05-19T17:21:02-07:00</time>
      </trkpt>
      <trkpt lat="34.28385179489851" lon="-117.34509165398777">
        <time>2005-05-19T17:21:10-07:00</time>
      </trkpt>
      <trkpt lat="34.28385187871754" lon="-117.34509274363518">
        <time>2005-05-19T17:21:11-07:00</time>
      </trkpt>
      <trkpt lat="34.28384902887046" lon="-117.34509198926389">
        <time>2005-05-19T17:21:13-07:00</time>
      </trkpt>
      <trkpt lat="34.283850621432066" lon="-117.34509525820613">
        <time>2005-05-19T17:21:16-07:00</time>
      </trkpt>
      <trkpt lat="34.283846598118544" lon="-117.34509291127324">
        <time>2005-05-19T17:21:21-07:00</time>
      </trkpt>
      <trkpt lat="34.283849531784654" lon="-117.34509215690196">
        <time>2005-05-19T17:21:25-07:00</time>
      </trkpt>
      <trkpt lat="34.28385095670819" lon="-117.34509425237775">
        <time>2005-05-19T17:21:36-07:00</time>
      </trkpt>
      <trkpt lat="34.283851543441415" lon="-117.34509425237775">
        <time>2005-05-19T17:21:39-07:00</time>
      </trkpt>
      <trkpt lat="34.28385120816529" lon="-117.34509626403451">
        <time>2005-05-19T17:21:45-07:00</time>
      </trkpt>
      <trkpt lat="34.28385221399367" lon="-117.34509542584419">
        <time>2005-05-19T17:21:48-07:00</time>
      </trkpt>
      <trkpt lat="34.28385221399367" lon="-117.34509542584419">
        <time>2005-05-19T17:21:55-07:00</time>
      </trkpt>
      <trkpt lat="34.28385221399367" lon="-117.34509542584419">
        <time>2005-05-19T17:22:05-07:00</time>
      </trkpt>
      <trkpt lat="34.28385221399367" lon="-117.34509542584419">
        <time>2005-05-19T17:22:14-07:00</time>
      </trkpt>
      <trkpt lat="34.28385221399367" lon="-117.34509542584419">
        <time>2005-05-19T17:22:16-07:00</time>
      </trkpt>
      <trkpt lat="34.28385221399367" lon="-117.34509542584419">
        <time>2005-05-19T17:22:21-07:00</time>
      </trkpt>
      <trkpt lat="34.28385221399367" lon="-117.34509542584419">
        <time>2005-05-19T17:22:25-07:00</time>
      </trkpt>
      <trkpt lat="34.28385221399367" lon="-117.34509542584419">
        <time>2005-05-19T17:22:35-07:00</time>
      </trkpt>
      <trkpt lat="34.28385221399367" lon="-117.34509542584419">
        <time>2005-05-19T17:22:44-07:00</time>
      </trkpt>
      <trkpt lat="34.28385221399367" lon="-117.34509542584419">
        <time>2005-05-19T17:22:51-07:00</time>
      </trkpt>
      <trkpt lat="34.28385221399367" lon="-117.34509542584419">
        <time>2005-05-19T17:22:53-07:00</time>
      </trkpt>
      <trkpt lat="34.28385221399367" lon="-117.34509542584419">
        <time>2005-05-19T17:22:54-07:00</time>
      </trkpt>
      <trkpt lat="34.28385221399367" lon="-117.34509542584419">
        <time>2005-05-19T17:22:55-07:00</time>
      </trkpt>
      <trkpt lat="34.28385221399367" lon="-117.34509542584419">
        <time>2005-05-19T17:23:04-07:00</time>
      </trkpt>
      <trkpt lat="34.28385221399367" lon="-117.34509542584419">
        <time>2005-05-19T17:23:15-07:00</time>
      </trkpt>
      <trkpt lat="34.28385221399367" lon="-117.34509542584419">
        <time>2005-05-19T17:23:16-07:00</time>
      </trkpt>
      <trkpt lat="34.28385221399367" lon="-117.34509542584419">
        <time>2005-05-19T17:23:17-07:00</time>
      </trkpt>
      <trkpt lat="34.28385221399367" lon="-117.34509542584419">
        <time>2005-05-19T17:23:18-07:00</time>
      </trkpt>
      <trkpt lat="34.28385221399367" lon="-117.34509542584419">
        <time>2005-05-19T17:23:28-07:00</time>
      </trkpt>
      <trkpt lat="34.28385221399367" lon="-117.34509542584419">
        <time>2005-05-19T17:23:35-07:00</time>
      </trkpt>
      <trkpt lat="34.28385221399367" lon="-117.34509542584419">
        <time>2005-05-19T17:23:47-07:00</time>
      </trkpt>
      <trkpt lat="34.28385221399367" lon="-117.34509542584419">
        <time>2005-05-19T17:23:58-07:00</time>
      </trkpt>
      <trkpt lat="34.28385221399367" lon="-117.34509542584419">
        <time>2005-05-19T17:24:07-07:00</time>
      </trkpt>
      <trkpt lat="34.28385221399367" lon="-117.34509542584419">
        <time>2005-05-19T17:24:10-07:00</time>
      </trkpt>
      <trkpt lat="34.28385221399367" lon="-117.34509542584419">
        <time>2005-05-19T17:24:17-07:00</time>
      </trkpt>
      <trkpt lat="34.28385221399367" lon="-117.34509542584419">
        <time>2005-05-19T17:24:26-07:00</time>
      </trkpt>
      <trkpt lat="34.28385221399367" lon="-117.34509542584419">
        <time>2005-05-19T17:24:31-07:00</time>
      </trkpt>
      <trkpt lat="34.28385221399367" lon="-117.34509542584419">
        <time>2005-05-19T17:24:45-07:00</time>
      </trkpt>
      <trkpt lat="34.28385221399367" lon="-117.34509542584419">
        <time>2005-05-19T17:24:52-07:00</time>
      </trkpt>
      <trkpt lat="34.28385221399367" lon="-117.34509542584419">
        <time>2005-05-19T17:24:54-07:00</time>
      </trkpt>
      <trkpt lat="34.28385221399367" lon="-117.34509542584419">
        <time>2005-05-19T17:24:55-07:00</time>
      </trkpt>
      <trkpt lat="34.28385221399367" lon="-117.34509542584419">
        <time>2005-05-19T17:25:03-07:00</time>
      </trkpt>
      <trkpt lat="34.28385221399367" lon="-117.34509542584419">
        <time>2005-05-19T17:25:09-07:00</time>
      </trkpt>
      <trkpt lat="34.28385221399367" lon="-117.34509542584419">
        <time>2005-05-19T17:25:18-07:00</time>
      </trkpt>
      <trkpt lat="34.28385221399367" lon="-117.34509542584419">
        <time>2005-05-19T17:25:28-07:00</time>
      </trkpt>
      <trkpt lat="34.28385221399367" lon="-117.34509542584419">
        <time>2005-05-19T17:25:38-07:00</time>
      </trkpt>
      <trkpt lat="34.28385221399367" lon="-117.34509542584419">
        <time>2005-05-19T17:25:48-07:00</time>
      </trkpt>
      <trkpt lat="34.28385221399367" lon="-117.34509542584419">
        <time>2005-05-19T17:25:58-07:00</time>
      </trkpt>
      <trkpt lat="34.283846598118544" lon="-117.3450986109674">
        <time>2005-05-19T17:26:09-07:00</time>
      </trkpt>
      <trkpt lat="34.28384634666145" lon="-117.34509903006256">
        <time>2005-05-19T17:26:10-07:00</time>
      </trkpt>
      <trkpt lat="34.28383972495794" lon="-117.34510296955705">
        <time>2005-05-19T17:26:17-07:00</time>
      </trkpt>
      <trkpt lat="34.28385221399367" lon="-117.34509542584419">
        <time>2005-05-19T17:26:19-07:00</time>
      </trkpt>
      <trkpt lat="34.28385221399367" lon="-117.34509542584419">
        <time>2005-05-19T17:26:31-07:00</time>
      </trkpt>
      <trkpt lat="34.28385221399367" lon="-117.34509542584419">
        <time>2005-05-19T17:26:44-07:00</time>
      </trkpt>
      <trkpt lat="34.28385221399367" lon="-117.34509542584419">
        <time>2005-05-19T17:26:56-07:00</time>
      </trkpt>
      <trkpt lat="34.28385221399367" lon="-117.34509542584419">
        <time>2005-05-19T17:26:59-07:00</time>
      </trkpt>
      <trkpt lat="34.28385221399367" lon="-117.34509542584419">
        <time>2005-05-19T17:27:06-07:00</time>
      </trkpt>
      <trkpt lat="34.28385221399367" lon="-117.34509542584419">
        <time>2005-05-19T17:27:15-07:00</time>
      </trkpt>
      <trkpt lat="34.28385221399367" lon="-117.34509542584419">
        <time>2005-05-19T17:27:21-07:00</time>
      </trkpt>
      <trkpt lat="34.28385221399367" lon="-117.34509542584419">
        <time>2005-05-19T17:27:22-07:00</time>
      </trkpt>
      <trkpt lat="34.28385221399367" lon="-117.34509542584419">
        <time>2005-05-19T17:27:29-07:00</time>
      </trkpt>
      <trkpt lat="34.28385221399367" lon="-117.34509542584419">
        <time>2005-05-19T17:27:31-07:00</time>
      </trkpt>
      <trkpt lat="34.28385221399367" lon="-117.34509542584419">
        <time>2005-05-19T17:27:33-07:00</time>
      </trkpt>
      <trkpt lat="34.28385221399367" lon="-117.34509542584419">
        <time>2005-05-19T17:27:36-07:00</time>
      </trkpt>
      <trkpt lat="34.28385221399367" lon="-117.34509542584419">
        <time>2005-05-19T17:27:43-07:00</time>
      </trkpt>
      <trkpt lat="34.28385221399367" lon="-117.34509542584419">
        <time>2005-05-19T17:27:48-07:00</time>
      </trkpt>
      <trkpt lat="34.28385221399367" lon="-117.34509542584419">
        <time>2005-05-19T17:27:53-07:00</time>
      </trkpt>
      <trkpt lat="34.28385221399367" lon="-117.34509542584419">
        <time>2005-05-19T17:28:02-07:00</time>
      </trkpt>
      <trkpt lat="34.28385221399367" lon="-117.34509542584419">
        <time>2005-05-19T17:28:03-07:00</time>
      </trkpt>
      <trkpt lat="34.28385221399367" lon="-117.34509542584419">
        <time>2005-05-19T17:28:06-07:00</time>
      </trkpt>
      <trkpt lat="34.28385221399367" lon="-117.34509542584419">
        <time>2005-05-19T17:28:13-07:00</time>
      </trkpt>
      <trkpt lat="34.28385221399367" lon="-117.34509542584419">
        <time>2005-05-19T17:28:16-07:00</time>
      </trkpt>
      <trkpt lat="34.28385221399367" lon="-117.34509542584419">
        <time>2005-05-19T17:28:17-07:00</time>
      </trkpt>
      <trkpt lat="34.28385221399367" lon="-117.34509542584419">
        <time>2005-05-19T17:28:18-07:00</time>
      </trkpt>
      <trkpt lat="34.28385221399367" lon="-117.34509542584419">
        <time>2005-05-19T17:28:22-07:00</time>
      </trkpt>
      <trkpt lat="34.28385221399367" lon="-117.34509542584419">
        <time>2005-05-19T17:28:33-07:00</time>
      </trkpt>
      <trkpt lat="34.28385221399367" lon="-117.34509542584419">
        <time>2005-05-19T17:28:37-07:00</time>
      </trkpt>
      <trkpt lat="34.28384257480502" lon="-117.34508922323585">
        <time>2005-05-19T17:28:39-07:00</time>
      </trkpt>
      <trkpt lat="34.2838403955102" lon="-117.34509366564453">
        <time>2005-05-19T17:28:44-07:00</time>
      </trkpt>
      <trkpt lat="34.28385221399367" lon="-117.34509542584419">
        <time>2005-05-19T17:28:46-07:00</time>
      </trkpt>
      <trkpt lat="34.283830085769296" lon="-117.3450930789113">
        <time>2005-05-19T17:28:48-07:00</time>
      </trkpt>
      <trkpt lat="34.28383729420602" lon="-117.34510196372867">
        <time>2005-05-19T17:28:49-07:00</time>
      </trkpt>
      <trkpt lat="34.283844754099846" lon="-117.34510213136673">
        <time>2005-05-19T17:29:01-07:00</time>
      </trkpt>
      <trkpt lat="34.283844754099846" lon="-117.34510213136673">
        <time>2005-05-19T17:29:13-07:00</time>
      </trkpt>
      <trkpt lat="34.283844754099846" lon="-117.34510213136673">
        <time>2005-05-19T17:29:19-07:00</time>
      </trkpt>
      <trkpt lat="34.283844754099846" lon="-117.34510213136673">
        <time>2005-05-19T17:29:20-07:00</time>
      </trkpt>
      <trkpt lat="34.283844754099846" lon="-117.34510213136673">
        <time>2005-05-19T17:29:22-07:00</time>
      </trkpt>
      <trkpt lat="34.283844754099846" lon="-117.34510213136673">
        <time>2005-05-19T17:29:26-07:00</time>
      </trkpt>
      <trkpt lat="34.283844754099846" lon="-117.34510213136673">
        <time>2005-05-19T17:29:32-07:00</time>
      </trkpt>
      <trkpt lat="34.283844754099846" lon="-117.34510213136673">
        <time>2005-05-19T17:29:39-07:00</time>
      </trkpt>
      <trkpt lat="34.283844754099846" lon="-117.34510213136673">
        <time>2005-05-19T17:29:51-07:00</time>
      </trkpt>
      <trkpt lat="34.283844754099846" lon="-117.34510213136673">
        <time>2005-05-19T17:29:54-07:00</time>
      </trkpt>
      <trkpt lat="34.283844754099846" lon="-117.34510213136673">
        <time>2005-05-19T17:29:56-07:00</time>
      </trkpt>
      <trkpt lat="34.283844754099846" lon="-117.34510213136673">
        <time>2005-05-19T17:30:01-07:00</time>
      </trkpt>
      <trkpt lat="34.283844754099846" lon="-117.34510213136673">
        <time>2005-05-19T17:30:02-07:00</time>
      </trkpt>
      <trkpt lat="34.283844754099846" lon="-117.34510213136673">
        <time>2005-05-19T17:30:08-07:00</time>
      </trkpt>
      <trkpt lat="34.283844754099846" lon="-117.34510213136673">
        <time>2005-05-19T17:30:15-07:00</time>
      </trkpt>
      <trkpt lat="34.283844754099846" lon="-117.34510213136673">
        <time>2005-05-19T17:30:23-07:00</time>
      </trkpt>
      <trkpt lat="34.283844754099846" lon="-117.34510213136673">
        <time>2005-05-19T17:30:30-07:00</time>
      </trkpt>
      <trkpt lat="34.283844754099846" lon="-117.34510213136673">
        <time>2005-05-19T17:30:35-07:00</time>
      </trkpt>
      <trkpt lat="34.283844754099846" lon="-117.34510213136673">
        <time>2005-05-19T17:30:48-07:00</time>
      </trkpt>
      <trkpt lat="34.283844754099846" lon="-117.34510213136673">
        <time>2005-05-19T17:30:50-07:00</time>
      </trkpt>
      <trkpt lat="34.283844754099846" lon="-117.34510213136673">
        <time>2005-05-19T17:30:55-07:00</time>
      </trkpt>
      <trkpt lat="34.283844754099846" lon="-117.34510213136673">
        <time>2005-05-19T17:31:02-07:00</time>
      </trkpt>
      <trkpt lat="34.283844754099846" lon="-117.34510213136673">
        <time>2005-05-19T17:31:15-07:00</time>
      </trkpt>
      <trkpt lat="34.28385187871754" lon="-117.34510380774736">
        <time>2005-05-19T17:31:25-07:00</time>
      </trkpt>
      <trkpt lat="34.283844754099846" lon="-117.34510213136673">
        <time>2005-05-19T17:31:36-07:00</time>
      </trkpt>
      <trkpt lat="34.283844754099846" lon="-117.34510213136673">
        <time>2005-05-19T17:31:49-07:00</time>
      </trkpt>
      <trkpt lat="34.283844754099846" lon="-117.34510213136673">
        <time>2005-05-19T17:32:04-07:00</time>
      </trkpt>
      <trkpt lat="34.283844754099846" lon="-117.34510213136673">
        <time>2005-05-19T17:32:18-07:00</time>
      </trkpt>
      <trkpt lat="34.283844754099846" lon="-117.34510213136673">
        <time>2005-05-19T17:32:29-07:00</time>
      </trkpt>
      <trkpt lat="34.283844754099846" lon="-117.34510213136673">
        <time>2005-05-19T17:32:38-07:00</time>
      </trkpt>
      <trkpt lat="34.28384634666145" lon="-117.3451091721654">
        <time>2005-05-19T17:32:46-07:00</time>
      </trkpt>
      <trkpt lat="34.283844754099846" lon="-117.34510213136673">
        <time>2005-05-19T17:32:55-07:00</time>
      </trkpt>
      <trkpt lat="34.283844754099846" lon="-117.34510213136673">
        <time>2005-05-19T17:32:59-07:00</time>
      </trkpt>
      <trkpt lat="34.283844754099846" lon="-117.34510213136673">
        <time>2005-05-19T17:33:01-07:00</time>
      </trkpt>
      <trkpt lat="34.283844754099846" lon="-117.34510213136673">
        <time>2005-05-19T17:33:06-07:00</time>
      </trkpt>
      <trkpt lat="34.283844754099846" lon="-117.34510213136673">
        <time>2005-05-19T17:33:16-07:00</time>
      </trkpt>
      <trkpt lat="34.283844754099846" lon="-117.34510213136673">
        <time>2005-05-19T17:33:26-07:00</time>
      </trkpt>
      <trkpt lat="34.283844754099846" lon="-117.34510213136673">
        <time>2005-05-19T17:33:35-07:00</time>
      </trkpt>
      <trkpt lat="34.283844754099846" lon="-117.34510213136673">
        <time>2005-05-19T17:33:46-07:00</time>
      </trkpt>
      <trkpt lat="34.28385875187814" lon="-117.34509668312967">
        <time>2005-05-19T17:33:52-07:00</time>
      </trkpt>
      <trkpt lat="34.28385875187814" lon="-117.34509668312967">
        <time>2005-05-19T17:33:57-07:00</time>
      </trkpt>
      <trkpt lat="34.28385875187814" lon="-117.34509668312967">
        <time>2005-05-19T17:34:12-07:00</time>
      </trkpt>
      <trkpt lat="34.28385875187814" lon="-117.34509668312967">
        <time>2005-05-19T17:34:24-07:00</time>
      </trkpt>
      <trkpt lat="34.28385875187814" lon="-117.34509668312967">
        <time>2005-05-19T17:34:32-07:00</time>
      </trkpt>
      <trkpt lat="34.28385875187814" lon="-117.34509668312967">
        <time>2005-05-19T17:34:35-07:00</time>
      </trkpt>
      <trkpt lat="34.28385875187814" lon="-117.34509668312967">
        <time>2005-05-19T17:34:43-07:00</time>
      </trkpt>
      <trkpt lat="34.28385875187814" lon="-117.34509668312967">
        <time>2005-05-19T17:34:46-07:00</time>
      </trkpt>
      <trkpt lat="34.28385875187814" lon="-117.34509668312967">
        <time>2005-05-19T17:34:51-07:00</time>
      </trkpt>
      <trkpt lat="34.28385875187814" lon="-117.34509668312967">
        <time>2005-05-19T17:35:01-07:00</time>
      </trkpt>
      <trkpt lat="34.28385875187814" lon="-117.34509668312967">
        <time>2005-05-19T17:35:02-07:00</time>
      </trkpt>
      <trkpt lat="34.28385875187814" lon="-117.34509668312967">
        <time>2005-05-19T17:35:04-07:00</time>
      </trkpt>
      <trkpt lat="34.28385875187814" lon="-117.34509668312967">
        <time>2005-05-19T17:35:12-07:00</time>
      </trkpt>
      <trkpt lat="34.28385875187814" lon="-117.34509668312967">
        <time>2005-05-19T17:35:24-07:00</time>
      </trkpt>
      <trkpt lat="34.283855399116874" lon="-117.3450967669487">
        <time>2005-05-19T17:35:28-07:00</time>
      </trkpt>
      <trkpt lat="34.28385556675494" lon="-117.34509559348226">
        <time>2005-05-19T17:35:33-07:00</time>
      </trkpt>
      <trkpt lat="34.28385439328849" lon="-117.34509894624352">
        <time>2005-05-19T17:35:35-07:00</time>
      </trkpt>
      <trkpt lat="34.28385330364108" lon="-117.34509576112032">
        <time>2005-05-19T17:35:41-07:00</time>
      </trkpt>
      <trkpt lat="34.283853471279144" lon="-117.34509768895805">
        <time>2005-05-19T17:35:42-07:00</time>
      </trkpt>
      <trkpt lat="34.283853052183986" lon="-117.3450986109674">
        <time>2005-05-19T17:35:55-07:00</time>
      </trkpt>
      <trkpt lat="34.28385213017464" lon="-117.34509768895805">
        <time>2005-05-19T17:36:08-07:00</time>
      </trkpt>
      <trkpt lat="34.28385330364108" lon="-117.3450970184058">
        <time>2005-05-19T17:36:14-07:00</time>
      </trkpt>
      <trkpt lat="34.28385875187814" lon="-117.34509668312967">
        <time>2005-05-19T17:36:19-07:00</time>
      </trkpt>
      <trkpt lat="34.28385875187814" lon="-117.34509668312967">
        <time>2005-05-19T17:36:24-07:00</time>
      </trkpt>
      <trkpt lat="34.283844251185656" lon="-117.3451070766896">
        <time>2005-05-19T17:36:27-07:00</time>
      </trkpt>
      <trkpt lat="34.283844251185656" lon="-117.3451070766896">
        <time>2005-05-19T17:36:29-07:00</time>
      </trkpt>
      <trkpt lat="34.283844251185656" lon="-117.3451070766896">
        <time>2005-05-19T17:36:32-07:00</time>
      </trkpt>
      <trkpt lat="34.283844251185656" lon="-117.3451070766896">
        <time>2005-05-19T17:36:34-07:00</time>
      </trkpt>
      <trkpt lat="34.283844251185656" lon="-117.3451070766896">
        <time>2005-05-19T17:36:42-07:00</time>
      </trkpt>
      <trkpt lat="34.28384550847113" lon="-117.34510716050863">
        <time>2005-05-19T17:36:44-07:00</time>
      </trkpt>
      <trkpt lat="34.283846179023385" lon="-117.34510825015604">
        <time>2005-05-19T17:36:53-07:00</time>
      </trkpt>
      <trkpt lat="34.28384626284242" lon="-117.34510841779411">
        <time>2005-05-19T17:37:00-07:00</time>
      </trkpt>
      <trkpt lat="34.283844251185656" lon="-117.3451070766896">
        <time>2005-05-19T17:37:06-07:00</time>
      </trkpt>
      <trkpt lat="34.283844251185656" lon="-117.3451070766896">
        <time>2005-05-19T17:37:09-07:00</time>
      </trkpt>
      <trkpt lat="34.283844251185656" lon="-117.3451070766896">
        <time>2005-05-19T17:37:10-07:00</time>
      </trkpt>
      <trkpt lat="34.283844251185656" lon="-117.3451070766896">
        <time>2005-05-19T17:37:16-07:00</time>
      </trkpt>
      <trkpt lat="34.283844251185656" lon="-117.3451070766896">
        <time>2005-05-19T17:37:22-07:00</time>
      </trkpt>
      <trkpt lat="34.283844251185656" lon="-117.3451070766896">
        <time>2005-05-19T17:37:23-07:00</time>
      </trkpt>
      <trkpt lat="34.283844251185656" lon="-117.3451070766896">
        <time>2005-05-19T17:37:26-07:00</time>
      </trkpt>
      <trkpt lat="34.283844251185656" lon="-117.3451070766896">
        <time>2005-05-19T17:37:31-07:00</time>
      </trkpt>
      <trkpt lat="34.283844251185656" lon="-117.3451070766896">
        <time>2005-05-19T17:37:35-07:00</time>
      </trkpt>
      <trkpt lat="34.283844251185656" lon="-117.3451070766896">
        <time>2005-05-19T17:37:39-07:00</time>
      </trkpt>
      <trkpt lat="34.283844251185656" lon="-117.3451070766896">
        <time>2005-05-19T17:37:41-07:00</time>
      </trkpt>
      <trkpt lat="34.283844251185656" lon="-117.3451070766896">
        <time>2005-05-19T17:37:42-07:00</time>
      </trkpt>
      <trkpt lat="34.283844251185656" lon="-117.3451070766896">
        <time>2005-05-19T17:37:46-07:00</time>
      </trkpt>
      <trkpt lat="34.283844251185656" lon="-117.3451070766896">
        <time>2005-05-19T17:37:58-07:00</time>
      </trkpt>
      <trkpt lat="34.283844251185656" lon="-117.3451070766896">
        <time>2005-05-19T17:38:06-07:00</time>
      </trkpt>
      <trkpt lat="34.283844251185656" lon="-117.3451070766896">
        <time>2005-05-19T17:38:20-07:00</time>
      </trkpt>
      <trkpt lat="34.283844251185656" lon="-117.3451070766896">
        <time>2005-05-19T17:38:28-07:00</time>
      </trkpt>
      <trkpt lat="34.283844251185656" lon="-117.3451070766896">
        <time>2005-05-19T17:38:41-07:00</time>
      </trkpt>
      <trkpt lat="34.283844251185656" lon="-117.3451070766896">
        <time>2005-05-19T17:38:49-07:00</time>
      </trkpt>
      <trkpt lat="34.283844251185656" lon="-117.3451070766896">
        <time>2005-05-19T17:38:53-07:00</time>
      </trkpt>
      <trkpt lat="34.283844251185656" lon="-117.3451070766896">
        <time>2005-05-19T17:39:05-07:00</time>
      </trkpt>
      <trkpt lat="34.283844251185656" lon="-117.3451070766896">
        <time>2005-05-19T17:39:08-07:00</time>
      </trkpt>
      <trkpt lat="34.283844251185656" lon="-117.3451070766896">
        <time>2005-05-19T17:39:17-07:00</time>
      </trkpt>
      <trkpt lat="34.283844251185656" lon="-117.3451070766896">
        <time>2005-05-19T17:39:22-07:00</time>
      </trkpt>
      <trkpt lat="34.283844251185656" lon="-117.3451070766896">
        <time>2005-05-19T17:39:25-07:00</time>
      </trkpt>
      <trkpt lat="34.283844251185656" lon="-117.3451070766896">
        <time>2005-05-19T17:39:30-07:00</time>
      </trkpt>
      <trkpt lat="34.28384634666145" lon="-117.34511445276439">
        <time>2005-05-19T17:39:38-07:00</time>
      </trkpt>
      <trkpt lat="34.28384483791888" lon="-117.34511001035571">
        <time>2005-05-19T17:39:46-07:00</time>
      </trkpt>
      <trkpt lat="34.28384399972856" lon="-117.34511001035571">
        <time>2005-05-19T17:39:47-07:00</time>
      </trkpt>
      <trkpt lat="34.283844251185656" lon="-117.3451070766896">
        <time>2005-05-19T17:39:58-07:00</time>
      </trkpt>
      <trkpt lat="34.283844251185656" lon="-117.3451070766896">
        <time>2005-05-19T17:40:03-07:00</time>
      </trkpt>
      <trkpt lat="34.283844251185656" lon="-117.3451070766896">
        <time>2005-05-19T17:40:20-07:00</time>
      </trkpt>
      <trkpt lat="34.283844251185656" lon="-117.3451070766896">
        <time>2005-05-19T17:40:28-07:00</time>
      </trkpt>
      <trkpt lat="34.283839808776975" lon="-117.34510565176606">
        <time>2005-05-19T17:40:30-07:00</time>
      </trkpt>
      <trkpt lat="34.283844251185656" lon="-117.3451070766896">
        <time>2005-05-19T17:40:32-07:00</time>
      </trkpt>
      <trkpt lat="34.283844251185656" lon="-117.3451070766896">
        <time>2005-05-19T17:40:37-07:00</time>
      </trkpt>
      <trkpt lat="34.283844251185656" lon="-117.3451070766896">
        <time>2005-05-19T17:40:45-07:00</time>
      </trkpt>
      <trkpt lat="34.283844251185656" lon="-117.3451070766896">
        <time>2005-05-19T17:40:48-07:00</time>
      </trkpt>
      <trkpt lat="34.283844251185656" lon="-117.3451070766896">
        <time>2005-05-19T17:40:56-07:00</time>
      </trkpt>
      <trkpt lat="34.28384651429951" lon="-117.34510296955705">
        <time>2005-05-19T17:41:00-07:00</time>
      </trkpt>
      <trkpt lat="34.283844251185656" lon="-117.3451070766896">
        <time>2005-05-19T17:41:08-07:00</time>
      </trkpt>
      <trkpt lat="34.283844251185656" lon="-117.3451070766896">
        <time>2005-05-19T17:41:17-07:00</time>
      </trkpt>
      <trkpt lat="34.283844251185656" lon="-117.3451070766896">
        <time>2005-05-19T17:41:19-07:00</time>
      </trkpt>
      <trkpt lat="34.283844251185656" lon="-117.3451070766896">
        <time>2005-05-19T17:41:25-07:00</time>
      </trkpt>
      <trkpt lat="34.283844251185656" lon="-117.3451070766896">
        <time>2005-05-19T17:41:29-07:00</time>
      </trkpt>
      <trkpt lat="34.283844251185656" lon="-117.3451070766896">
        <time>2005-05-19T17:41:39-07:00</time>
      </trkpt>
      <trkpt lat="34.283844251185656" lon="-117.3451070766896">
        <time>2005-05-19T17:41:52-07:00</time>
      </trkpt>
      <trkpt lat="34.283844251185656" lon="-117.3451070766896">
        <time>2005-05-19T17:42:00-07:00</time>
      </trkpt>
      <trkpt lat="34.283844251185656" lon="-117.3451070766896">
        <time>2005-05-19T17:42:01-07:00</time>
      </trkpt>
      <trkpt lat="34.283844251185656" lon="-117.3451070766896">
        <time>2005-05-19T17:42:10-07:00</time>
      </trkpt>
      <trkpt lat="34.283844251185656" lon="-117.3451070766896">
        <time>2005-05-19T17:42:14-07:00</time>
      </trkpt>
      <trkpt lat="34.283844251185656" lon="-117.3451070766896">
        <time>2005-05-19T17:42:19-07:00</time>
      </trkpt>
      <trkpt lat="34.283844251185656" lon="-117.3451070766896">
        <time>2005-05-19T17:42:22-07:00</time>
      </trkpt>
      <trkpt lat="34.283844251185656" lon="-117.3451070766896">
        <time>2005-05-19T17:42:27-07:00</time>
      </trkpt>
      <trkpt lat="34.283844251185656" lon="-117.3451070766896">
        <time>2005-05-19T17:42:41-07:00</time>
      </trkpt>
      <trkpt lat="34.283844251185656" lon="-117.3451070766896">
        <time>2005-05-19T17:42:50-07:00</time>
      </trkpt>
      <trkpt lat="34.283844251185656" lon="-117.3451070766896">
        <time>2005-05-19T17:42:58-07:00</time>
      </trkpt>
      <trkpt lat="34.283844251185656" lon="-117.3451070766896">
        <time>2005-05-19T17:43:00-07:00</time>
      </trkpt>
      <trkpt lat="34.283844251185656" lon="-117.3451070766896">
        <time>2005-05-19T17:43:06-07:00</time>
      </trkpt>
      <trkpt lat="34.283844251185656" lon="-117.3451070766896">
        <time>2005-05-19T17:43:11-07:00</time>
      </trkpt>
      <trkpt lat="34.283844251185656" lon="-117.3451070766896">
        <time>2005-05-19T17:43:14-07:00</time>
      </trkpt>
      <trkpt lat="34.283844251185656" lon="-117.3451070766896">
        <time>2005-05-19T17:43:19-07:00</time>
      </trkpt>
      <trkpt lat="34.283844251185656" lon="-117.3451070766896">
        <time>2005-05-19T17:43:20-07:00</time>
      </trkpt>
      <trkpt lat="34.28384986706078" lon="-117.34510657377541">
        <time>2005-05-19T17:43:27-07:00</time>
      </trkpt>
      <trkpt lat="34.28384902887046" lon="-117.34510975889862">
        <time>2005-05-19T17:43:33-07:00</time>
      </trkpt>
      <trkpt lat="34.2838488612324" lon="-117.345110764727">
        <time>2005-05-19T17:43:45-07:00</time>
      </trkpt>
      <trkpt lat="34.2838488612324" lon="-117.34511068090796">
        <time>2005-05-19T17:43:49-07:00</time>
      </trkpt>
      <trkpt lat="34.28384752012789" lon="-117.34511218965054">
        <time>2005-05-19T17:43:54-07:00</time>
      </trkpt>
      <trkpt lat="34.283844251185656" lon="-117.3451070766896">
        <time>2005-05-19T17:43:56-07:00</time>
      </trkpt>
      <trkpt lat="34.283844251185656" lon="-117.3451070766896">
        <time>2005-05-19T17:44:02-07:00</time>
      </trkpt>
      <trkpt lat="34.283844251185656" lon="-117.3451070766896">
        <time>2005-05-19T17:44:06-07:00</time>
      </trkpt>
      <trkpt lat="34.2838488612324" lon="-117.345105484128">
        <time>2005-05-19T17:44:11-07:00</time>
      </trkpt>
      <trkpt lat="34.28384651429951" lon="-117.34510540030897">
        <time>2005-05-19T17:44:12-07:00</time>
      </trkpt>
      <trkpt lat="34.283844251185656" lon="-117.3451070766896">
        <time>2005-05-19T17:44:15-07:00</time>
      </trkpt>
      <trkpt lat="34.283844251185656" lon="-117.3451070766896">
        <time>2005-05-19T17:44:21-07:00</time>
      </trkpt>
      <trkpt lat="34.283844251185656" lon="-117.3451070766896">
        <time>2005-05-19T17:44:28-07:00</time>
      </trkpt>
      <trkpt lat="34.283844251185656" lon="-117.3451070766896">
        <time>2005-05-19T17:44:34-07:00</time>
      </trkpt>
      <trkpt lat="34.283844251185656" lon="-117.3451070766896">
        <time>2005-05-19T17:44:41-07:00</time>
      </trkpt>
      <trkpt lat="34.283844251185656" lon="-117.3451070766896">
        <time>2005-05-19T17:44:42-07:00</time>
      </trkpt>
      <trkpt lat="34.283844251185656" lon="-117.3451070766896">
        <time>2005-05-19T17:44:45-07:00</time>
      </trkpt>
      <trkpt lat="34.283844251185656" lon="-117.3451070766896">
        <time>2005-05-19T17:44:51-07:00</time>
      </trkpt>
      <trkpt lat="34.283844251185656" lon="-117.3451070766896">
        <time>2005-05-19T17:44:55-07:00</time>
      </trkpt>
      <trkpt lat="34.283844251185656" lon="-117.3451070766896">
        <time>2005-05-19T17:44:57-07:00</time>
      </trkpt>
      <trkpt lat="34.283844251185656" lon="-117.3451070766896">
        <time>2005-05-19T17:45:00-07:00</time>
      </trkpt>
      <trkpt lat="34.283844251185656" lon="-117.3451070766896">
        <time>2005-05-19T17:45:20-07:00</time>
      </trkpt>
      <trkpt lat="34.283844251185656" lon="-117.3451070766896">
        <time>2005-05-19T17:45:21-07:00</time>
      </trkpt>
      <trkpt lat="34.283844251185656" lon="-117.3451070766896">
        <time>2005-05-19T17:45:32-07:00</time>
      </trkpt>
      <trkpt lat="34.283844251185656" lon="-117.3451070766896">
        <time>2005-05-19T17:45:39-07:00</time>
      </trkpt>
      <trkpt lat="34.283844251185656" lon="-117.3451070766896">
        <time>2005-05-19T17:45:42-07:00</time>
      </trkpt>
      <trkpt lat="34.283844251185656" lon="-117.3451070766896">
        <time>2005-05-19T17:45:57-07:00</time>
      </trkpt>
      <trkpt lat="34.283844251185656" lon="-117.3451070766896">
        <time>2005-05-19T17:46:11-07:00</time>
      </trkpt>
      <trkpt lat="34.283844251185656" lon="-117.3451070766896">
        <time>2005-05-19T17:46:24-07:00</time>
      </trkpt>
      <trkpt lat="34.283844251185656" lon="-117.3451070766896">
        <time>2005-05-19T17:46:41-07:00</time>
      </trkpt>
      <trkpt lat="34.283845257014036" lon="-117.34510288573802">
        <time>2005-05-19T17:46:52-07:00</time>
      </trkpt>
      <trkpt lat="34.28384684957564" lon="-117.34510296955705">
        <time>2005-05-19T17:46:54-07:00</time>
      </trkpt>
      <trkpt lat="34.28385179489851" lon="-117.34510674141347">
        <time>2005-05-19T17:47:01-07:00</time>
      </trkpt>
      <trkpt lat="34.283852046355605" lon="-117.3451070766896">
        <time>2005-05-19T17:47:13-07:00</time>
      </trkpt>
      <trkpt lat="34.28385665640235" lon="-117.3451192304492">
        <time>2005-05-19T17:47:17-07:00</time>
      </trkpt>
      <trkpt lat="34.28385665640235" lon="-117.34511805698276">
        <time>2005-05-19T17:47:25-07:00</time>
      </trkpt>
      <trkpt lat="34.28385665640235" lon="-117.34511805698276">
        <time>2005-05-19T17:47:30-07:00</time>
      </trkpt>
      <trkpt lat="34.28385665640235" lon="-117.34511805698276">
        <time>2005-05-19T17:47:32-07:00</time>
      </trkpt>
      <trkpt lat="34.28385665640235" lon="-117.34511805698276">
        <time>2005-05-19T17:47:38-07:00</time>
      </trkpt>
      <trkpt lat="34.28385665640235" lon="-117.34511805698276">
        <time>2005-05-19T17:47:39-07:00</time>
      </trkpt>
      <trkpt lat="34.28385665640235" lon="-117.34511805698276">
        <time>2005-05-19T17:47:48-07:00</time>
      </trkpt>
      <trkpt lat="34.28385665640235" lon="-117.34511805698276">
        <time>2005-05-19T17:47:56-07:00</time>
      </trkpt>
      <trkpt lat="34.28385665640235" lon="-117.34511805698276">
        <time>2005-05-19T17:48:00-07:00</time>
      </trkpt>
      <trkpt lat="34.28385665640235" lon="-117.34511805698276">
        <time>2005-05-19T17:48:05-07:00</time>
      </trkpt>
      <trkpt lat="34.28386067971587" lon="-117.34510967507958">
        <time>2005-05-19T17:48:14-07:00</time>
      </trkpt>
      <trkpt lat="34.283858332782984" lon="-117.34511101618409">
        <time>2005-05-19T17:48:20-07:00</time>
      </trkpt>
      <trkpt lat="34.28385145962238" lon="-117.34511344693601">
        <time>2005-05-19T17:48:27-07:00</time>
      </trkpt>
      <trkpt lat="34.28384852595627" lon="-117.34511587768793">
        <time>2005-05-19T17:48:29-07:00</time>
      </trkpt>
      <trkpt lat="34.28384450264275" lon="-117.34509659931064">
        <time>2005-05-19T17:48:39-07:00</time>
      </trkpt>
      <trkpt lat="34.28383612073958" lon="-117.34509827569127">
        <time>2005-05-19T17:48:46-07:00</time>
      </trkpt>
      <trkpt lat="34.28384056314826" lon="-117.34509819187224">
        <time>2005-05-19T17:49:05-07:00</time>
      </trkpt>
      <trkpt lat="34.283837378025055" lon="-117.3451086692512">
        <time>2005-05-19T17:49:16-07:00</time>
      </trkpt>
      <trkpt lat="34.28383846767247" lon="-117.34510489739478">
        <time>2005-05-19T17:49:24-07:00</time>
      </trkpt>
      <trkpt lat="34.283836958929896" lon="-117.34510590322316">
        <time>2005-05-19T17:49:31-07:00</time>
      </trkpt>
      <trkpt lat="34.28383863531053" lon="-117.34511059708893">
        <time>2005-05-19T17:49:41-07:00</time>
      </trkpt>
      <trkpt lat="34.283839808776975" lon="-117.34511478804052">
        <time>2005-05-19T17:49:49-07:00</time>
      </trkpt>
      <trkpt lat="34.28383779712021" lon="-117.34511327929795">
        <time>2005-05-19T17:49:51-07:00</time>
      </trkpt>
      <trkpt lat="34.2838438320905" lon="-117.34511151909828">
        <time>2005-05-19T17:49:58-07:00</time>
      </trkpt>
      <trkpt lat="34.2838438320905" lon="-117.34511151909828">
        <time>2005-05-19T17:50:03-07:00</time>
      </trkpt>
      <trkpt lat="34.2838438320905" lon="-117.34511151909828">
        <time>2005-05-19T17:50:06-07:00</time>
      </trkpt>
      <trkpt lat="34.2838438320905" lon="-117.34511151909828">
        <time>2005-05-19T17:50:14-07:00</time>
      </trkpt>
      <trkpt lat="34.2838438320905" lon="-117.34511151909828">
        <time>2005-05-19T17:50:24-07:00</time>
      </trkpt>
      <trkpt lat="34.2838438320905" lon="-117.34511151909828">
        <time>2005-05-19T17:50:35-07:00</time>
      </trkpt>
      <trkpt lat="34.2838438320905" lon="-117.34511151909828">
        <time>2005-05-19T17:50:42-07:00</time>
      </trkpt>
      <trkpt lat="34.2838438320905" lon="-117.34511151909828">
        <time>2005-05-19T17:50:45-07:00</time>
      </trkpt>
      <trkpt lat="34.28386059589684" lon="-117.34510053880513">
        <time>2005-05-19T17:50:50-07:00</time>
      </trkpt>
      <trkpt lat="34.28386059589684" lon="-117.34510053880513">
        <time>2005-05-19T17:50:58-07:00</time>
      </trkpt>
      <trkpt lat="34.28386059589684" lon="-117.34510053880513">
        <time>2005-05-19T17:51:08-07:00</time>
      </trkpt>
      <trkpt lat="34.28386059589684" lon="-117.34510053880513">
        <time>2005-05-19T17:51:18-07:00</time>
      </trkpt>
      <trkpt lat="34.28386059589684" lon="-117.34510053880513">
        <time>2005-05-19T17:51:28-07:00</time>
      </trkpt>
      <trkpt lat="34.28386059589684" lon="-117.34510053880513">
        <time>2005-05-19T17:51:42-07:00</time>
      </trkpt>
      <trkpt lat="34.28386059589684" lon="-117.34510053880513">
        <time>2005-05-19T17:51:49-07:00</time>
      </trkpt>
      <trkpt lat="34.28386059589684" lon="-117.34510053880513">
        <time>2005-05-19T17:51:50-07:00</time>
      </trkpt>
      <trkpt lat="34.28386059589684" lon="-117.34510053880513">
        <time>2005-05-19T17:51:58-07:00</time>
      </trkpt>
      <trkpt lat="34.28386059589684" lon="-117.34510053880513">
        <time>2005-05-19T17:51:59-07:00</time>
      </trkpt>
      <trkpt lat="34.28386059589684" lon="-117.34510053880513">
        <time>2005-05-19T17:52:10-07:00</time>
      </trkpt>
      <trkpt lat="34.28386059589684" lon="-117.34510053880513">
        <time>2005-05-19T17:52:23-07:00</time>
      </trkpt>
      <trkpt lat="34.28386059589684" lon="-117.34510053880513">
        <time>2005-05-19T17:52:26-07:00</time>
      </trkpt>
      <trkpt lat="34.28386059589684" lon="-117.34510053880513">
        <time>2005-05-19T17:52:27-07:00</time>
      </trkpt>
      <trkpt lat="34.28386059589684" lon="-117.34510053880513">
        <time>2005-05-19T17:52:35-07:00</time>
      </trkpt>
      <trkpt lat="34.28386059589684" lon="-117.34510053880513">
        <time>2005-05-19T17:52:37-07:00</time>
      </trkpt>
      <trkpt lat="34.28386059589684" lon="-117.34510053880513">
        <time>2005-05-19T17:52:49-07:00</time>
      </trkpt>
      <trkpt lat="34.28386059589684" lon="-117.34510053880513">
        <time>2005-05-19T17:52:50-07:00</time>
      </trkpt>
      <trkpt lat="34.28386059589684" lon="-117.34510053880513">
        <time>2005-05-19T17:52:52-07:00</time>
      </trkpt>
      <trkpt lat="34.28386059589684" lon="-117.34510053880513">
        <time>2005-05-19T17:53:00-07:00</time>
      </trkpt>
      <trkpt lat="34.28386059589684" lon="-117.34510053880513">
        <time>2005-05-19T17:53:03-07:00</time>
      </trkpt>
      <trkpt lat="34.28386059589684" lon="-117.34510053880513">
        <time>2005-05-19T17:53:04-07:00</time>
      </trkpt>
      <trkpt lat="34.28386059589684" lon="-117.34510053880513">
        <time>2005-05-19T17:53:14-07:00</time>
      </trkpt>
      <trkpt lat="34.28386059589684" lon="-117.34510053880513">
        <time>2005-05-19T17:53:30-07:00</time>
      </trkpt>
      <trkpt lat="34.28386059589684" lon="-117.34510053880513">
        <time>2005-05-19T17:53:41-07:00</time>
      </trkpt>
      <trkpt lat="34.28386059589684" lon="-117.34510053880513">
        <time>2005-05-19T17:53:46-07:00</time>
      </trkpt>
      <trkpt lat="34.28386059589684" lon="-117.34510053880513">
        <time>2005-05-19T17:53:48-07:00</time>
      </trkpt>
      <trkpt lat="34.28386059589684" lon="-117.34510053880513">
        <time>2005-05-19T17:53:54-07:00</time>
      </trkpt>
      <trkpt lat="34.28386059589684" lon="-117.34510053880513">
        <time>2005-05-19T17:53:57-07:00</time>
      </trkpt>
      <trkpt lat="34.28386059589684" lon="-117.34510053880513">
        <time>2005-05-19T17:54:01-07:00</time>
      </trkpt>
      <trkpt lat="34.28386059589684" lon="-117.34510053880513">
        <time>2005-05-19T17:54:15-07:00</time>
      </trkpt>
      <trkpt lat="34.28386059589684" lon="-117.34510053880513">
        <time>2005-05-19T17:54:22-07:00</time>
      </trkpt>
      <trkpt lat="34.28386059589684" lon="-117.34510053880513">
        <time>2005-05-19T17:54:29-07:00</time>
      </trkpt>
      <trkpt lat="34.28386059589684" lon="-117.34510053880513">
        <time>2005-05-19T17:54:44-07:00</time>
      </trkpt>
      <trkpt lat="34.28386059589684" lon="-117.34510053880513">
        <time>2005-05-19T17:54:45-07:00</time>
      </trkpt>
      <trkpt lat="34.28386059589684" lon="-117.34510053880513">
        <time>2005-05-19T17:54:58-07:00</time>
      </trkpt>
      <trkpt lat="34.28386059589684" lon="-117.34510053880513">
        <time>2005-05-19T17:54:59-07:00</time>
      </trkpt>
      <trkpt lat="34.28386059589684" lon="-117.34510053880513">
        <time>2005-05-19T17:55:04-07:00</time>
      </trkpt>
      <trkpt lat="34.28386059589684" lon="-117.34510053880513">
        <time>2005-05-19T17:55:13-07:00</time>
      </trkpt>
      <trkpt lat="34.28386059589684" lon="-117.34510053880513">
        <time>2005-05-19T17:55:16-07:00</time>
      </trkpt>
      <trkpt lat="34.28386059589684" lon="-117.34510053880513">
        <time>2005-05-19T17:55:32-07:00</time>
      </trkpt>
      <trkpt lat="34.28386059589684" lon="-117.34510053880513">
        <time>2005-05-19T17:55:49-07:00</time>
      </trkpt>
      <trkpt lat="34.28386059589684" lon="-117.34510053880513">
        <time>2005-05-19T17:55:54-07:00</time>
      </trkpt>
      <trkpt lat="34.28386059589684" lon="-117.34510053880513">
        <time>2005-05-19T17:56:03-07:00</time>
      </trkpt>
      <trkpt lat="34.28386059589684" lon="-117.34510053880513">
        <time>2005-05-19T17:56:18-07:00</time>
      </trkpt>
      <trkpt lat="34.28386059589684" lon="-117.34510053880513">
        <time>2005-05-19T17:56:22-07:00</time>
      </trkpt>
      <trkpt lat="34.28386059589684" lon="-117.34510053880513">
        <time>2005-05-19T17:56:32-07:00</time>
      </trkpt>
      <trkpt lat="34.28386059589684" lon="-117.34510053880513">
        <time>2005-05-19T17:56:42-07:00</time>
      </trkpt>
      <trkpt lat="34.28386059589684" lon="-117.34510053880513">
        <time>2005-05-19T17:56:47-07:00</time>
      </trkpt>
      <trkpt lat="34.28386059589684" lon="-117.34510053880513">
        <time>2005-05-19T17:56:49-07:00</time>
      </trkpt>
      <trkpt lat="34.28386059589684" lon="-117.34510053880513">
        <time>2005-05-19T17:57:00-07:00</time>
      </trkpt>
      <trkpt lat="34.28386059589684" lon="-117.34510053880513">
        <time>2005-05-19T17:57:02-07:00</time>
      </trkpt>
      <trkpt lat="34.28385095670819" lon="-117.3451073281467">
        <time>2005-05-19T17:57:10-07:00</time>
      </trkpt>
      <trkpt lat="34.28384936414659" lon="-117.34510615468025">
        <time>2005-05-19T17:57:17-07:00</time>
      </trkpt>
      <trkpt lat="34.283841233700514" lon="-117.34509693458676">
        <time>2005-05-19T17:57:23-07:00</time>
      </trkpt>
      <trkpt lat="34.283841233700514" lon="-117.34509693458676">
        <time>2005-05-19T17:57:25-07:00</time>
      </trkpt>
      <trkpt lat="34.283841233700514" lon="-117.34509693458676">
        <time>2005-05-19T17:57:32-07:00</time>
      </trkpt>
      <trkpt lat="34.28384559229016" lon="-117.34509056434035">
        <time>2005-05-19T17:57:40-07:00</time>
      </trkpt>
      <trkpt lat="34.283843664452434" lon="-117.34508947469294">
        <time>2005-05-19T17:57:51-07:00</time>
      </trkpt>
      <trkpt lat="34.283843664452434" lon="-117.34508905559778">
        <time>2005-05-19T17:58:00-07:00</time>
      </trkpt>
      <trkpt lat="34.28384349681437" lon="-117.34508922323585">
        <time>2005-05-19T17:58:05-07:00</time>
      </trkpt>
      <trkpt lat="34.283833941444755" lon="-117.3450912348926">
        <time>2005-05-19T17:58:07-07:00</time>
      </trkpt>
      <trkpt lat="34.2838282417506" lon="-117.34509659931064">
        <time>2005-05-19T17:58:11-07:00</time>
      </trkpt>
      <trkpt lat="34.283821787685156" lon="-117.3450970184058">
        <time>2005-05-19T17:58:13-07:00</time>
      </trkpt>
      <trkpt lat="34.28382379934192" lon="-117.34510322101414">
        <time>2005-05-19T17:58:19-07:00</time>
      </trkpt>
      <trkpt lat="34.28382379934192" lon="-117.34510322101414">
        <time>2005-05-19T17:58:22-07:00</time>
      </trkpt>
      <trkpt lat="34.28382379934192" lon="-117.34510322101414">
        <time>2005-05-19T17:58:26-07:00</time>
      </trkpt>
      <trkpt lat="34.28382379934192" lon="-117.34510322101414">
        <time>2005-05-19T17:58:31-07:00</time>
      </trkpt>
      <trkpt lat="34.28382379934192" lon="-117.34510322101414">
        <time>2005-05-19T17:58:34-07:00</time>
      </trkpt>
      <trkpt lat="34.28382379934192" lon="-117.34510322101414">
        <time>2005-05-19T17:58:38-07:00</time>
      </trkpt>
      <trkpt lat="34.28382338024676" lon="-117.34509408473969">
        <time>2005-05-19T17:58:45-07:00</time>
      </trkpt>
      <trkpt lat="34.28382162004709" lon="-117.34509416855872">
        <time>2005-05-19T17:58:51-07:00</time>
      </trkpt>
      <trkpt lat="34.283824721351266" lon="-117.34510196372867">
        <time>2005-05-19T17:58:52-07:00</time>
      </trkpt>
      <trkpt lat="34.28382379934192" lon="-117.34510322101414">
        <time>2005-05-19T17:59:00-07:00</time>
      </trkpt>
      <trkpt lat="34.28382279351354" lon="-117.34509768895805">
        <time>2005-05-19T17:59:02-07:00</time>
      </trkpt>
      <trkpt lat="34.28382379934192" lon="-117.34510322101414">
        <time>2005-05-19T17:59:04-07:00</time>
      </trkpt>
      <trkpt lat="34.283827571198344" lon="-117.34511101618409">
        <time>2005-05-19T17:59:07-07:00</time>
      </trkpt>
      <trkpt lat="34.28382966667414" lon="-117.34510808251798">
        <time>2005-05-19T17:59:10-07:00</time>
      </trkpt>
      <trkpt lat="34.28383762948215" lon="-117.34509919770062">
        <time>2005-05-19T17:59:13-07:00</time>
      </trkpt>
      <trkpt lat="34.283835953101516" lon="-117.34509400092065">
        <time>2005-05-19T17:59:20-07:00</time>
      </trkpt>
      <trkpt lat="34.283835366368294" lon="-117.34508528374135">
        <time>2005-05-19T17:59:24-07:00</time>
      </trkpt>
      <trkpt lat="34.28384106606245" lon="-117.34509089961648">
        <time>2005-05-19T17:59:30-07:00</time>
      </trkpt>
      <trkpt lat="34.28386403247714" lon="-117.3451020475477">
        <time>2005-05-19T17:59:37-07:00</time>
      </trkpt>
      <trkpt lat="34.28387962281704" lon="-117.34514211304486">
        <time>2005-05-19T17:59:38-07:00</time>
      </trkpt>
      <trkpt lat="34.28388708271086" lon="-117.34518762677908">
        <time>2005-05-19T17:59:40-07:00</time>
      </trkpt>
      <trkpt lat="34.28387518040836" lon="-117.34522375278175">
        <time>2005-05-19T17:59:43-07:00</time>
      </trkpt>
      <trkpt lat="34.283838300034404" lon="-117.34525208361447">
        <time>2005-05-19T17:59:50-07:00</time>
      </trkpt>
      <trkpt lat="34.283838300034404" lon="-117.34525208361447">
        <time>2005-05-19T17:59:54-07:00</time>
      </trkpt>
      <trkpt lat="34.283838300034404" lon="-117.34525208361447">
        <time>2005-05-19T17:59:59-07:00</time>
      </trkpt>
      <trkpt lat="34.283838300034404" lon="-117.34525208361447">
        <time>2005-05-19T18:00:05-07:00</time>
      </trkpt>
      <trkpt lat="34.283838300034404" lon="-117.34525208361447">
        <time>2005-05-19T18:00:10-07:00</time>
      </trkpt>
      <trkpt lat="34.283838300034404" lon="-117.34525208361447">
        <time>2005-05-19T18:00:15-07:00</time>
      </trkpt>
      <trkpt lat="34.283838300034404" lon="-117.34525208361447">
        <time>2005-05-19T18:00:23-07:00</time>
      </trkpt>
      <trkpt lat="34.283838300034404" lon="-117.34525208361447">
        <time>2005-05-19T18:00:29-07:00</time>
      </trkpt>
      <trkpt lat="34.283838300034404" lon="-117.34525208361447">
        <time>2005-05-19T18:00:31-07:00</time>
      </trkpt>
      <trkpt lat="34.283838300034404" lon="-117.34525208361447">
        <time>2005-05-19T18:00:38-07:00</time>
      </trkpt>
      <trkpt lat="34.283829499036074" lon="-117.34525124542415">
        <time>2005-05-19T18:00:49-07:00</time>
      </trkpt>
      <trkpt lat="34.283834444358945" lon="-117.34525568783283">
        <time>2005-05-19T18:00:50-07:00</time>
      </trkpt>
      <trkpt lat="34.28385665640235" lon="-117.34525049105287">
        <time>2005-05-19T18:01:00-07:00</time>
      </trkpt>
      <trkpt lat="34.2838729172945" lon="-117.34521444886923">
        <time>2005-05-19T18:01:07-07:00</time>
      </trkpt>
      <trkpt lat="34.28387434221804" lon="-117.34520975500345">
        <time>2005-05-19T18:01:19-07:00</time>
      </trkpt>
      <trkpt lat="34.28388565778732" lon="-117.34519424848258">
        <time>2005-05-19T18:01:22-07:00</time>
      </trkpt>
      <trkpt lat="34.28388498723507" lon="-117.34517153352499">
        <time>2005-05-19T18:01:27-07:00</time>
      </trkpt>
      <trkpt lat="34.283879958093166" lon="-117.34513314440846">
        <time>2005-05-19T18:01:36-07:00</time>
      </trkpt>
      <trkpt lat="34.283869648352265" lon="-117.3451173864305">
        <time>2005-05-19T18:01:42-07:00</time>
      </trkpt>
      <trkpt lat="34.28387149237096" lon="-117.34509743750095">
        <time>2005-05-19T18:01:48-07:00</time>
      </trkpt>
      <trkpt lat="34.28387098945677" lon="-117.34509643167257">
        <time>2005-05-19T18:01:49-07:00</time>
      </trkpt>
      <trkpt lat="34.2838694807142" lon="-117.3451086692512">
        <time>2005-05-19T18:01:52-07:00</time>
      </trkpt>
      <trkpt lat="34.2838694807142" lon="-117.3451086692512">
        <time>2005-05-19T18:01:55-07:00</time>
      </trkpt>
      <trkpt lat="34.28386168554425" lon="-117.34509249217808">
        <time>2005-05-19T18:02:03-07:00</time>
      </trkpt>
      <trkpt lat="34.28386017680168" lon="-117.34509458765388">
        <time>2005-05-19T18:02:05-07:00</time>
      </trkpt>
      <trkpt lat="34.283842826262116" lon="-117.34509349800646">
        <time>2005-05-19T18:02:08-07:00</time>
      </trkpt>
      <trkpt lat="34.28385606966913" lon="-117.345100203529">
        <time>2005-05-19T18:02:13-07:00</time>
      </trkpt>
      <trkpt lat="34.28385908715427" lon="-117.3450983595103">
        <time>2005-05-19T18:02:21-07:00</time>
      </trkpt>
      <trkpt lat="34.28385196253657" lon="-117.34509584493935">
        <time>2005-05-19T18:02:23-07:00</time>
      </trkpt>
      <trkpt lat="34.28385707549751" lon="-117.34511177055538">
        <time>2005-05-19T18:02:25-07:00</time>
      </trkpt>
      <trkpt lat="34.28385129198432" lon="-117.34510908834636">
        <time>2005-05-19T18:02:30-07:00</time>
      </trkpt>
      <trkpt lat="34.28385145962238" lon="-117.34511788934469">
        <time>2005-05-19T18:02:34-07:00</time>
      </trkpt>
      <trkpt lat="34.28385238163173" lon="-117.34512392431498">
        <time>2005-05-19T18:02:41-07:00</time>
      </trkpt>
      <trkpt lat="34.28385179489851" lon="-117.34512350521982">
        <time>2005-05-19T18:02:46-07:00</time>
      </trkpt>
      <trkpt lat="34.28385179489851" lon="-117.34512350521982">
        <time>2005-05-19T18:02:53-07:00</time>
      </trkpt>
      <trkpt lat="34.28385179489851" lon="-117.34512350521982">
        <time>2005-05-19T18:02:57-07:00</time>
      </trkpt>
      <trkpt lat="34.28385179489851" lon="-117.34512350521982">
        <time>2005-05-19T18:03:00-07:00</time>
      </trkpt>
      <trkpt lat="34.28385179489851" lon="-117.34512350521982">
        <time>2005-05-19T18:03:03-07:00</time>
      </trkpt>
      <trkpt lat="34.28384802304208" lon="-117.34512199647725">
        <time>2005-05-19T18:03:04-07:00</time>
      </trkpt>
      <trkpt lat="34.28384869359434" lon="-117.34512208029628">
        <time>2005-05-19T18:03:10-07:00</time>
      </trkpt>
      <trkpt lat="34.28384869359434" lon="-117.34512208029628">
        <time>2005-05-19T18:03:12-07:00</time>
      </trkpt>
      <trkpt lat="34.28384877741337" lon="-117.34512208029628">
        <time>2005-05-19T18:03:14-07:00</time>
      </trkpt>
      <trkpt lat="34.28384944796562" lon="-117.34512350521982">
        <time>2005-05-19T18:03:20-07:00</time>
      </trkpt>
      <trkpt lat="34.283848609775305" lon="-117.34512342140079">
        <time>2005-05-19T18:03:35-07:00</time>
      </trkpt>
      <trkpt lat="34.28384693339467" lon="-117.34512191265821">
        <time>2005-05-19T18:03:44-07:00</time>
      </trkpt>
      <trkpt lat="34.28384743630886" lon="-117.34512384049594">
        <time>2005-05-19T18:03:46-07:00</time>
      </trkpt>
      <trkpt lat="34.28385330364108" lon="-117.34512233175337">
        <time>2005-05-19T18:03:50-07:00</time>
      </trkpt>
      <trkpt lat="34.2838507052511" lon="-117.34512509778142">
        <time>2005-05-19T18:03:54-07:00</time>
      </trkpt>
      <trkpt lat="34.28385179489851" lon="-117.34512350521982">
        <time>2005-05-19T18:03:57-07:00</time>
      </trkpt>
      <trkpt lat="34.28385179489851" lon="-117.34512350521982">
        <time>2005-05-19T18:04:00-07:00</time>
      </trkpt>
      <trkpt lat="34.28385179489851" lon="-117.34512350521982">
        <time>2005-05-19T18:04:01-07:00</time>
      </trkpt>
      <trkpt lat="34.28385179489851" lon="-117.34512350521982">
        <time>2005-05-19T18:04:03-07:00</time>
      </trkpt>
      <trkpt lat="34.28385179489851" lon="-117.34512350521982">
        <time>2005-05-19T18:04:08-07:00</time>
      </trkpt>
      <trkpt lat="34.2838488612324" lon="-117.34512618742883">
        <time>2005-05-19T18:04:11-07:00</time>
      </trkpt>
      <trkpt lat="34.28384877741337" lon="-117.3451261036098">
        <time>2005-05-19T18:04:19-07:00</time>
      </trkpt>
      <trkpt lat="34.28385179489851" lon="-117.34512350521982">
        <time>2005-05-19T18:04:21-07:00</time>
      </trkpt>
      <trkpt lat="34.28385179489851" lon="-117.34512350521982">
        <time>2005-05-19T18:04:25-07:00</time>
      </trkpt>
      <trkpt lat="34.28385179489851" lon="-117.34512350521982">
        <time>2005-05-19T18:04:32-07:00</time>
      </trkpt>
      <trkpt lat="34.28385179489851" lon="-117.34512350521982">
        <time>2005-05-19T18:04:45-07:00</time>
      </trkpt>
      <trkpt lat="34.28385179489851" lon="-117.34512350521982">
        <time>2005-05-19T18:05:00-07:00</time>
      </trkpt>
      <trkpt lat="34.28385179489851" lon="-117.34512350521982">
        <time>2005-05-19T18:05:05-07:00</time>
      </trkpt>
      <trkpt lat="34.28385179489851" lon="-117.34512350521982">
        <time>2005-05-19T18:05:08-07:00</time>
      </trkpt>
      <trkpt lat="34.28385179489851" lon="-117.34512350521982">
        <time>2005-05-19T18:05:18-07:00</time>
      </trkpt>
      <trkpt lat="34.28385179489851" lon="-117.34512350521982">
        <time>2005-05-19T18:05:26-07:00</time>
      </trkpt>
      <trkpt lat="34.28385179489851" lon="-117.34512350521982">
        <time>2005-05-19T18:05:38-07:00</time>
      </trkpt>
      <trkpt lat="34.28385179489851" lon="-117.34512350521982">
        <time>2005-05-19T18:05:42-07:00</time>
      </trkpt>
      <trkpt lat="34.28385179489851" lon="-117.34512350521982">
        <time>2005-05-19T18:05:47-07:00</time>
      </trkpt>
      <trkpt lat="34.28385179489851" lon="-117.34512350521982">
        <time>2005-05-19T18:05:56-07:00</time>
      </trkpt>
      <trkpt lat="34.28385179489851" lon="-117.34512350521982">
        <time>2005-05-19T18:06:02-07:00</time>
      </trkpt>
      <trkpt lat="34.28385179489851" lon="-117.34512350521982">
        <time>2005-05-19T18:06:07-07:00</time>
      </trkpt>
      <trkpt lat="34.28385179489851" lon="-117.34512350521982">
        <time>2005-05-19T18:06:14-07:00</time>
      </trkpt>
      <trkpt lat="34.28385078907013" lon="-117.3451208230108">
        <time>2005-05-19T18:06:24-07:00</time>
      </trkpt>
      <trkpt lat="34.28385221399367" lon="-117.34511889517307">
        <time>2005-05-19T18:06:26-07:00</time>
      </trkpt>
      <trkpt lat="34.2838522978127" lon="-117.34511797316372">
        <time>2005-05-19T18:06:27-07:00</time>
      </trkpt>
      <trkpt lat="34.28385179489851" lon="-117.34512350521982">
        <time>2005-05-19T18:06:29-07:00</time>
      </trkpt>
      <trkpt lat="34.28385749459267" lon="-117.3451033886522">
        <time>2005-05-19T18:06:35-07:00</time>
      </trkpt>
      <trkpt lat="34.28385749459267" lon="-117.3451033886522">
        <time>2005-05-19T18:06:36-07:00</time>
      </trkpt>
      <trkpt lat="34.28385749459267" lon="-117.3451033886522">
        <time>2005-05-19T18:06:37-07:00</time>
      </trkpt>
      <trkpt lat="34.28385749459267" lon="-117.3451033886522">
        <time>2005-05-19T18:06:39-07:00</time>
      </trkpt>
      <trkpt lat="34.28385749459267" lon="-117.3451033886522">
        <time>2005-05-19T18:06:42-07:00</time>
      </trkpt>
      <trkpt lat="34.28385749459267" lon="-117.3451033886522">
        <time>2005-05-19T18:06:53-07:00</time>
      </trkpt>
      <trkpt lat="34.28385749459267" lon="-117.3451033886522">
        <time>2005-05-19T18:07:03-07:00</time>
      </trkpt>
      <trkpt lat="34.28385749459267" lon="-117.3451033886522">
        <time>2005-05-19T18:07:10-07:00</time>
      </trkpt>
      <trkpt lat="34.28385749459267" lon="-117.3451033886522">
        <time>2005-05-19T18:07:13-07:00</time>
      </trkpt>
      <trkpt lat="34.28385749459267" lon="-117.3451033886522">
        <time>2005-05-19T18:07:24-07:00</time>
      </trkpt>
      <trkpt lat="34.28385749459267" lon="-117.3451033886522">
        <time>2005-05-19T18:07:34-07:00</time>
      </trkpt>
      <trkpt lat="34.28385749459267" lon="-117.3451033886522">
        <time>2005-05-19T18:07:42-07:00</time>
      </trkpt>
    </trkseg>
  </trk>
</gpx>
