<?xml version="1.0" encoding="UTF-8"?>
<gpx version="1.1" creator="GarminFitSummaryExtractor" xmlns="http://www.topografix.com/GPX/1/1" xmlns:xsi="http://www.w3.org/2001/XMLSchema-instance" xsi:schemaLocation="http://www.topografix.com/GPX/1/1 http://www.topografix.com/GPX/1/1/gpx.xsd">
  <metadata>
    <name>2025-04-30-07-17-26</name>
    <time>2005-05-01T07:17:26-07:00</time>
  </metadata>
  <trk>
    <name>2025-04-30-07-17-26</name>
    <type>HIKING</type>
    <trkseg>
      <trkpt lat="32.92583495378494" lon="-116.48209190927446">
        <time>2005-05-01T07:17:26-07:00</time>
      </trkpt>
      <trkpt lat="32.925803270190954" lon="-116.4821210782975">
        <time>2005-05-01T07:17:28-07:00</time>
      </trkpt>
      <trkpt lat="32.92588138952851" lon="-116.48207992315292">
        <time>2005-05-01T07:17:29-07:00</time>
      </trkpt>
      <trkpt lat="32.92589329183102" lon="-116.48207380436361">
        <time>2005-05-01T07:17:30-07:00</time>
      </trkpt>
      <trkpt lat="32.92595649138093" lon="-116.48202669806778">
        <time>2005-05-01T07:17:31-07:00</time>
      </trkpt>
      <trkpt lat="32.9260304197669" lon="-116.48195805028081">
        <time>2005-05-01T07:17:32-07:00</time>
      </trkpt>
      <trkpt lat="32.92606587521732" lon="-116.48190038278699">
        <time>2005-05-01T07:17:39-07:00</time>
      </trkpt>
      <trkpt lat="32.92607082054019" lon="-116.48188739083707">
        <time>2005-05-01T07:17:45-07:00</time>
      </trkpt>
      <trkpt lat="32.926138462498784" lon="-116.48179820738733">
        <time>2005-05-01T07:17:51-07:00</time>
      </trkpt>
      <trkpt lat="32.92618573643267" lon="-116.48172142915428">
        <time>2005-05-01T07:17:52-07:00</time>
      </trkpt>
      <trkpt lat="32.926232339814305" lon="-116.48166082799435">
        <time>2005-05-01T07:17:57-07:00</time>
      </trkpt>
      <trkpt lat="32.92626486159861" lon="-116.48162822239101">
        <time>2005-05-01T07:18:03-07:00</time>
      </trkpt>
      <trkpt lat="32.92631330899894" lon="-116.48157818242908">
        <time>2005-05-01T07:18:08-07:00</time>
      </trkpt>
      <trkpt lat="32.9263467527926" lon="-116.48154188878834">
        <time>2005-05-01T07:18:09-07:00</time>
      </trkpt>
      <trkpt lat="32.926357397809625" lon="-116.48152914829552">
        <time>2005-05-01T07:18:15-07:00</time>
      </trkpt>
      <trkpt lat="32.926385225728154" lon="-116.48150098510087">
        <time>2005-05-01T07:18:21-07:00</time>
      </trkpt>
      <trkpt lat="32.926425291225314" lon="-116.48146159015596">
        <time>2005-05-01T07:18:25-07:00</time>
      </trkpt>
      <trkpt lat="32.926438031718135" lon="-116.48144348524511">
        <time>2005-05-01T07:18:28-07:00</time>
      </trkpt>
      <trkpt lat="32.92648622766137" lon="-116.48138221353292">
        <time>2005-05-01T07:18:33-07:00</time>
      </trkpt>
      <trkpt lat="32.92654322460294" lon="-116.48134290240705">
        <time>2005-05-01T07:18:38-07:00</time>
      </trkpt>
      <trkpt lat="32.92659284546971" lon="-116.48130635730922">
        <time>2005-05-01T07:18:39-07:00</time>
      </trkpt>
      <trkpt lat="32.92663073167205" lon="-116.48126101121306">
        <time>2005-05-01T07:18:42-07:00</time>
      </trkpt>
      <trkpt lat="32.926683453843" lon="-116.4811987336725">
        <time>2005-05-01T07:18:47-07:00</time>
      </trkpt>
      <trkpt lat="32.926743468269706" lon="-116.48116629570723">
        <time>2005-05-01T07:18:49-07:00</time>
      </trkpt>
      <trkpt lat="32.92679560370743" lon="-116.48113888688385">
        <time>2005-05-01T07:18:53-07:00</time>
      </trkpt>
      <trkpt lat="32.926855282858014" lon="-116.48111625574529">
        <time>2005-05-01T07:19:00-07:00</time>
      </trkpt>
      <trkpt lat="32.926865592598915" lon="-116.48110653273761">
        <time>2005-05-01T07:19:05-07:00</time>
      </trkpt>
      <trkpt lat="32.92690750211477" lon="-116.48108473978937">
        <time>2005-05-01T07:19:10-07:00</time>
      </trkpt>
      <trkpt lat="32.926911022514105" lon="-116.48107744753361">
        <time>2005-05-01T07:19:17-07:00</time>
      </trkpt>
      <trkpt lat="32.92695041745901" lon="-116.48104869760573">
        <time>2005-05-01T07:19:23-07:00</time>
      </trkpt>
      <trkpt lat="32.927022920921445" lon="-116.4810036867857">
        <time>2005-05-01T07:19:30-07:00</time>
      </trkpt>
      <trkpt lat="32.927042031660676" lon="-116.48099731653929">
        <time>2005-05-01T07:19:35-07:00</time>
      </trkpt>
      <trkpt lat="32.927105985581875" lon="-116.48097862489522">
        <time>2005-05-01T07:19:36-07:00</time>
      </trkpt>
      <trkpt lat="32.92713297531009" lon="-116.48097292520106">
        <time>2005-05-01T07:19:40-07:00</time>
      </trkpt>
      <trkpt lat="32.92723121121526" lon="-116.48094618692994">
        <time>2005-05-01T07:19:46-07:00</time>
      </trkpt>
      <trkpt lat="32.927317125722766" lon="-116.48092791438103">
        <time>2005-05-01T07:19:53-07:00</time>
      </trkpt>
      <trkpt lat="32.9273846000433" lon="-116.48091467097402">
        <time>2005-05-01T07:20:00-07:00</time>
      </trkpt>
      <trkpt lat="32.9273912217468" lon="-116.48091282695532">
        <time>2005-05-01T07:20:02-07:00</time>
      </trkpt>
      <trkpt lat="32.92744696140289" lon="-116.48088223300874">
        <time>2005-05-01T07:20:08-07:00</time>
      </trkpt>
      <trkpt lat="32.927493480965495" lon="-116.48089078254998">
        <time>2005-05-01T07:20:10-07:00</time>
      </trkpt>
      <trkpt lat="32.927543353289366" lon="-116.48087636567652">
        <time>2005-05-01T07:20:18-07:00</time>
      </trkpt>
      <trkpt lat="32.927574533969164" lon="-116.48086940869689">
        <time>2005-05-01T07:20:25-07:00</time>
      </trkpt>
      <trkpt lat="32.927679223939776" lon="-116.4808601886034">
        <time>2005-05-01T07:20:31-07:00</time>
      </trkpt>
      <trkpt lat="32.927752984687686" lon="-116.48085557855666">
        <time>2005-05-01T07:20:32-07:00</time>
      </trkpt>
      <trkpt lat="32.92776404879987" lon="-116.4808533154428">
        <time>2005-05-01T07:20:38-07:00</time>
      </trkpt>
      <trkpt lat="32.9278280865401" lon="-116.48084258660674">
        <time>2005-05-01T07:20:46-07:00</time>
      </trkpt>
      <trkpt lat="32.92790117673576" lon="-116.48084845393896">
        <time>2005-05-01T07:20:51-07:00</time>
      </trkpt>
      <trkpt lat="32.92795691639185" lon="-116.48084820248187">
        <time>2005-05-01T07:20:54-07:00</time>
      </trkpt>
      <trkpt lat="32.92797242291272" lon="-116.48084191605449">
        <time>2005-05-01T07:21:02-07:00</time>
      </trkpt>
      <trkpt lat="32.92803268879652" lon="-116.48083529435098">
        <time>2005-05-01T07:21:08-07:00</time>
      </trkpt>
      <trkpt lat="32.92810242623091" lon="-116.48081760853529">
        <time>2005-05-01T07:21:09-07:00</time>
      </trkpt>
      <trkpt lat="32.92817099019885" lon="-116.48080947808921">
        <time>2005-05-01T07:21:13-07:00</time>
      </trkpt>
      <trkpt lat="32.92824902571738" lon="-116.48080134764314">
        <time>2005-05-01T07:21:20-07:00</time>
      </trkpt>
      <trkpt lat="32.92827785946429" lon="-116.4808031078428">
        <time>2005-05-01T07:21:24-07:00</time>
      </trkpt>
      <trkpt lat="32.92834935709834" lon="-116.48079707287252">
        <time>2005-05-01T07:21:25-07:00</time>
      </trkpt>
      <trkpt lat="32.92842990718782" lon="-116.48078726604581">
        <time>2005-05-01T07:21:30-07:00</time>
      </trkpt>
      <trkpt lat="32.92847550474107" lon="-116.4807808957994">
        <time>2005-05-01T07:21:36-07:00</time>
      </trkpt>
      <trkpt lat="32.92850266210735" lon="-116.48077947087586">
        <time>2005-05-01T07:21:42-07:00</time>
      </trkpt>
      <trkpt lat="32.928577261045575" lon="-116.48077502846718">
        <time>2005-05-01T07:21:48-07:00</time>
      </trkpt>
      <trkpt lat="32.92863065376878" lon="-116.48077494464815">
        <time>2005-05-01T07:21:50-07:00</time>
      </trkpt>
      <trkpt lat="32.92865160852671" lon="-116.48077452555299">
        <time>2005-05-01T07:21:55-07:00</time>
      </trkpt>
      <trkpt lat="32.928710114210844" lon="-116.48077083751559">
        <time>2005-05-01T07:22:01-07:00</time>
      </trkpt>
      <trkpt lat="32.92877540923655" lon="-116.48077519610524">
        <time>2005-05-01T07:22:05-07:00</time>
      </trkpt>
      <trkpt lat="32.928798124194145" lon="-116.48077175952494">
        <time>2005-05-01T07:22:07-07:00</time>
      </trkpt>
      <trkpt lat="32.92885118164122" lon="-116.4807896129787">
        <time>2005-05-01T07:22:13-07:00</time>
      </trkpt>
      <trkpt lat="32.928905161097646" lon="-116.48079958744347">
        <time>2005-05-01T07:22:17-07:00</time>
      </trkpt>
      <trkpt lat="32.92896928265691" lon="-116.48080587387085">
        <time>2005-05-01T07:22:19-07:00</time>
      </trkpt>
      <trkpt lat="32.928982358425856" lon="-116.48081199266016">
        <time>2005-05-01T07:22:24-07:00</time>
      </trkpt>
      <trkpt lat="32.929048240184784" lon="-116.48083420470357">
        <time>2005-05-01T07:22:29-07:00</time>
      </trkpt>
      <trkpt lat="32.929101046174765" lon="-116.48084954358637">
        <time>2005-05-01T07:22:31-07:00</time>
      </trkpt>
      <trkpt lat="32.929109344258904" lon="-116.48085289634764">
        <time>2005-05-01T07:22:36-07:00</time>
      </trkpt>
      <trkpt lat="32.929159719496965" lon="-116.4808599371463">
        <time>2005-05-01T07:22:41-07:00</time>
      </trkpt>
      <trkpt lat="32.929187128320336" lon="-116.4808689057827">
        <time>2005-05-01T07:22:46-07:00</time>
      </trkpt>
      <trkpt lat="32.92923389934003" lon="-116.48090964183211">
        <time>2005-05-01T07:22:47-07:00</time>
      </trkpt>
      <trkpt lat="32.929275557398796" lon="-116.4809294231236">
        <time>2005-05-01T07:22:53-07:00</time>
      </trkpt>
      <trkpt lat="32.92931252159178" lon="-116.48094392381608">
        <time>2005-05-01T07:22:58-07:00</time>
      </trkpt>
      <trkpt lat="32.9293461330235" lon="-116.48096278309822">
        <time>2005-05-01T07:22:59-07:00</time>
      </trkpt>
      <trkpt lat="32.92935971170664" lon="-116.48096680641174">
        <time>2005-05-01T07:23:06-07:00</time>
      </trkpt>
      <trkpt lat="32.92944495566189" lon="-116.48101299069822">
        <time>2005-05-01T07:23:12-07:00</time>
      </trkpt>
      <trkpt lat="32.92951469309628" lon="-116.48103922605515">
        <time>2005-05-01T07:23:19-07:00</time>
      </trkpt>
      <trkpt lat="32.92952827177942" lon="-116.48104643449187">
        <time>2005-05-01T07:23:24-07:00</time>
      </trkpt>
      <trkpt lat="32.92960639111698" lon="-116.48107568733394">
        <time>2005-05-01T07:23:27-07:00</time>
      </trkpt>
      <trkpt lat="32.92967537418008" lon="-116.48108641617">
        <time>2005-05-01T07:23:30-07:00</time>
      </trkpt>
      <trkpt lat="32.9297380708158" lon="-116.48111684247851">
        <time>2005-05-01T07:23:31-07:00</time>
      </trkpt>
      <trkpt lat="32.92980311438441" lon="-116.48112614639103">
        <time>2005-05-01T07:23:38-07:00</time>
      </trkpt>
      <trkpt lat="32.92981585487723" lon="-116.48112866096199">
        <time>2005-05-01T07:23:43-07:00</time>
      </trkpt>
      <trkpt lat="32.92988022789359" lon="-116.48114156909287">
        <time>2005-05-01T07:23:44-07:00</time>
      </trkpt>
      <trkpt lat="32.92996480129659" lon="-116.48114500567317">
        <time>2005-05-01T07:23:50-07:00</time>
      </trkpt>
      <trkpt lat="32.929977122694254" lon="-116.48114793933928">
        <time>2005-05-01T07:23:56-07:00</time>
      </trkpt>
      <trkpt lat="32.930030012503266" lon="-116.48114517331123">
        <time>2005-05-01T07:24:02-07:00</time>
      </trkpt>
      <trkpt lat="32.93010947294533" lon="-116.48114458657801">
        <time>2005-05-01T07:24:06-07:00</time>
      </trkpt>
      <trkpt lat="32.930122297257185" lon="-116.4811432454735">
        <time>2005-05-01T07:24:07-07:00</time>
      </trkpt>
      <trkpt lat="32.93019496835768" lon="-116.48112338036299">
        <time>2005-05-01T07:24:12-07:00</time>
      </trkpt>
      <trkpt lat="32.9302494507283" lon="-116.48111013695598">
        <time>2005-05-01T07:24:19-07:00</time>
      </trkpt>
      <trkpt lat="32.93026043102145" lon="-116.48110510781407">
        <time>2005-05-01T07:24:20-07:00</time>
      </trkpt>
      <trkpt lat="32.93033251538873" lon="-116.48110577836633">
        <time>2005-05-01T07:24:25-07:00</time>
      </trkpt>
      <trkpt lat="32.93039026670158" lon="-116.48110351525247">
        <time>2005-05-01T07:24:31-07:00</time>
      </trkpt>
      <trkpt lat="32.93047157116234" lon="-116.48106906563044">
        <time>2005-05-01T07:24:32-07:00</time>
      </trkpt>
      <trkpt lat="32.93049696832895" lon="-116.48106956854463">
        <time>2005-05-01T07:24:37-07:00</time>
      </trkpt>
      <trkpt lat="32.93052311986685" lon="-116.48107568733394">
        <time>2005-05-01T07:24:42-07:00</time>
      </trkpt>
      <trkpt lat="32.930549858137965" lon="-116.48107216693461">
        <time>2005-05-01T07:24:43-07:00</time>
      </trkpt>
      <trkpt lat="32.930587995797396" lon="-116.48106789216399">
        <time>2005-05-01T07:24:48-07:00</time>
      </trkpt>
      <trkpt lat="32.930648513138294" lon="-116.481057330966">
        <time>2005-05-01T07:24:53-07:00</time>
      </trkpt>
      <trkpt lat="32.930705174803734" lon="-116.48100276477635">
        <time>2005-05-01T07:25:00-07:00</time>
      </trkpt>
      <trkpt lat="32.93071875348687" lon="-116.48099044337869">
        <time>2005-05-01T07:25:03-07:00</time>
      </trkpt>
      <trkpt lat="32.930772146210074" lon="-116.48096806369722">
        <time>2005-05-01T07:25:05-07:00</time>
      </trkpt>
      <trkpt lat="32.930809864774346" lon="-116.48095783777535">
        <time>2005-05-01T07:25:07-07:00</time>
      </trkpt>
      <trkpt lat="32.93082025833428" lon="-116.4809537306428">
        <time>2005-05-01T07:25:10-07:00</time>
      </trkpt>
      <trkpt lat="32.9308676160872" lon="-116.48093353025615">
        <time>2005-05-01T07:25:15-07:00</time>
      </trkpt>
      <trkpt lat="32.930878177285194" lon="-116.4809294231236">
        <time>2005-05-01T07:25:21-07:00</time>
      </trkpt>
      <trkpt lat="32.93092084117234" lon="-116.480922549963">
        <time>2005-05-01T07:25:22-07:00</time>
      </trkpt>
      <trkpt lat="32.93094053864479" lon="-116.48093059659004">
        <time>2005-05-01T07:25:28-07:00</time>
      </trkpt>
      <trkpt lat="32.93100256472826" lon="-116.48094325326383">
        <time>2005-05-01T07:25:31-07:00</time>
      </trkpt>
      <trkpt lat="32.93106718920171" lon="-116.48095498792827">
        <time>2005-05-01T07:25:32-07:00</time>
      </trkpt>
      <trkpt lat="32.93113977648318" lon="-116.4809606038034">
        <time>2005-05-01T07:25:36-07:00</time>
      </trkpt>
      <trkpt lat="32.931194342672825" lon="-116.48097510449588">
        <time>2005-05-01T07:25:37-07:00</time>
      </trkpt>
      <trkpt lat="32.931269109249115" lon="-116.48098516277969">
        <time>2005-05-01T07:25:40-07:00</time>
      </trkpt>
      <trkpt lat="32.93134018778801" lon="-116.48099572397768">
        <time>2005-05-01T07:25:42-07:00</time>
      </trkpt>
      <trkpt lat="32.93135276064277" lon="-116.48099295794964">
        <time>2005-05-01T07:25:47-07:00</time>
      </trkpt>
      <trkpt lat="32.93140389025211" lon="-116.48099957965314">
        <time>2005-05-01T07:25:52-07:00</time>
      </trkpt>
      <trkpt lat="32.93145015835762" lon="-116.48099907673895">
        <time>2005-05-01T07:25:58-07:00</time>
      </trkpt>
      <trkpt lat="32.93152433820069" lon="-116.48099488578737">
        <time>2005-05-01T07:26:02-07:00</time>
      </trkpt>
      <trkpt lat="32.931534899398685" lon="-116.48099740035832">
        <time>2005-05-01T07:26:08-07:00</time>
      </trkpt>
      <trkpt lat="32.93157613836229" lon="-116.48103268817067">
        <time>2005-05-01T07:26:12-07:00</time>
      </trkpt>
      <trkpt lat="32.93163229711354" lon="-116.48105062544346">
        <time>2005-05-01T07:26:13-07:00</time>
      </trkpt>
      <trkpt lat="32.931641433387995" lon="-116.48105238564312">
        <time>2005-05-01T07:26:17-07:00</time>
      </trkpt>
      <trkpt lat="32.93169834651053" lon="-116.48106856271625">
        <time>2005-05-01T07:26:21-07:00</time>
      </trkpt>
      <trkpt lat="32.93171745724976" lon="-116.48106931708753">
        <time>2005-05-01T07:26:28-07:00</time>
      </trkpt>
      <trkpt lat="32.93179163709283" lon="-116.48110234178603">
        <time>2005-05-01T07:26:29-07:00</time>
      </trkpt>
      <trkpt lat="32.93183606117964" lon="-116.48112254217267">
        <time>2005-05-01T07:26:34-07:00</time>
      </trkpt>
      <trkpt lat="32.93184888549149" lon="-116.48112170398235">
        <time>2005-05-01T07:26:38-07:00</time>
      </trkpt>
      <trkpt lat="32.93190906755626" lon="-116.4811522141099">
        <time>2005-05-01T07:26:39-07:00</time>
      </trkpt>
      <trkpt lat="32.93195935897529" lon="-116.4811828918755">
        <time>2005-05-01T07:26:43-07:00</time>
      </trkpt>
      <trkpt lat="32.932006381452084" lon="-116.48120292462409">
        <time>2005-05-01T07:26:45-07:00</time>
      </trkpt>
      <trkpt lat="32.9320244025439" lon="-116.48121298290789">
        <time>2005-05-01T07:26:51-07:00</time>
      </trkpt>
      <trkpt lat="32.93205667287111" lon="-116.48122848942876">
        <time>2005-05-01T07:26:55-07:00</time>
      </trkpt>
      <trkpt lat="32.932093972340226" lon="-116.48125447332859">
        <time>2005-05-01T07:26:56-07:00</time>
      </trkpt>
      <trkpt lat="32.93214778415859" lon="-116.48128783330321">
        <time>2005-05-01T07:27:01-07:00</time>
      </trkpt>
      <trkpt lat="32.93216748163104" lon="-116.48129713721573">
        <time>2005-05-01T07:27:06-07:00</time>
      </trkpt>
      <trkpt lat="32.93219489045441" lon="-116.48132094182074">
        <time>2005-05-01T07:27:10-07:00</time>
      </trkpt>
      <trkpt lat="32.932264963164926" lon="-116.48136243224144">
        <time>2005-05-01T07:27:11-07:00</time>
      </trkpt>
      <trkpt lat="32.93233009055257" lon="-116.48140216246247">
        <time>2005-05-01T07:27:14-07:00</time>
      </trkpt>
      <trkpt lat="32.93234911747277" lon="-116.48141574114561">
        <time>2005-05-01T07:27:18-07:00</time>
      </trkpt>
      <trkpt lat="32.93238599784672" lon="-116.48143401369452">
        <time>2005-05-01T07:27:24-07:00</time>
      </trkpt>
      <trkpt lat="32.93244215659797" lon="-116.48146720603108">
        <time>2005-05-01T07:27:26-07:00</time>
      </trkpt>
      <trkpt lat="32.9325011651963" lon="-116.48152152076364">
        <time>2005-05-01T07:27:28-07:00</time>
      </trkpt>
      <trkpt lat="32.932560006156564" lon="-116.48156711831689">
        <time>2005-05-01T07:27:33-07:00</time>
      </trkpt>
      <trkpt lat="32.93257693760097" lon="-116.48157675750554">
        <time>2005-05-01T07:27:38-07:00</time>
      </trkpt>
      <trkpt lat="32.93261935003102" lon="-116.481604417786">
        <time>2005-05-01T07:27:40-07:00</time>
      </trkpt>
      <trkpt lat="32.932657320052385" lon="-116.48162059485912">
        <time>2005-05-01T07:27:43-07:00</time>
      </trkpt>
      <trkpt lat="32.93274994008243" lon="-116.48169670253992">
        <time>2005-05-01T07:27:47-07:00</time>
      </trkpt>
      <trkpt lat="32.932806350290775" lon="-116.48173249326646">
        <time>2005-05-01T07:27:53-07:00</time>
      </trkpt>
      <trkpt lat="32.932876171544194" lon="-116.48177951574326">
        <time>2005-05-01T07:27:59-07:00</time>
      </trkpt>
      <trkpt lat="32.93289729394019" lon="-116.48180147632957">
        <time>2005-05-01T07:28:01-07:00</time>
      </trkpt>
      <trkpt lat="32.93291254900396" lon="-116.48180725984275">
        <time>2005-05-01T07:28:05-07:00</time>
      </trkpt>
      <trkpt lat="32.93298061005771" lon="-116.48184154182673">
        <time>2005-05-01T07:28:09-07:00</time>
      </trkpt>
      <trkpt lat="32.93304841965437" lon="-116.4818723872304">
        <time>2005-05-01T07:28:16-07:00</time>
      </trkpt>
      <trkpt lat="32.933124443516135" lon="-116.48191278800368">
        <time>2005-05-01T07:28:21-07:00</time>
      </trkpt>
      <trkpt lat="32.933190157637" lon="-116.48194623179734">
        <time>2005-05-01T07:28:27-07:00</time>
      </trkpt>
      <trkpt lat="32.93326391838491" lon="-116.48197707720101">
        <time>2005-05-01T07:28:30-07:00</time>
      </trkpt>
      <trkpt lat="32.93332829140127" lon="-116.48201580159366">
        <time>2005-05-01T07:28:31-07:00</time>
      </trkpt>
      <trkpt lat="32.93334203772247" lon="-116.482019321993">
        <time>2005-05-01T07:28:36-07:00</time>
      </trkpt>
      <trkpt lat="32.9333939217031" lon="-116.48201839998364">
        <time>2005-05-01T07:28:42-07:00</time>
      </trkpt>
      <trkpt lat="32.933457707986236" lon="-116.48202518932521">
        <time>2005-05-01T07:28:48-07:00</time>
      </trkpt>
      <trkpt lat="32.93350866995752" lon="-116.48204019293189">
        <time>2005-05-01T07:28:54-07:00</time>
      </trkpt>
      <trkpt lat="32.93355694971979" lon="-116.48206827230752">
        <time>2005-05-01T07:29:00-07:00</time>
      </trkpt>
      <trkpt lat="32.93364068493247" lon="-116.48210054263473">
        <time>2005-05-01T07:29:06-07:00</time>
      </trkpt>
      <trkpt lat="32.933689719066024" lon="-116.4821240119636">
        <time>2005-05-01T07:29:07-07:00</time>
      </trkpt>
      <trkpt lat="32.93374562636018" lon="-116.48214622400701">
        <time>2005-05-01T07:29:11-07:00</time>
      </trkpt>
      <trkpt lat="32.933827098459005" lon="-116.48218620568514">
        <time>2005-05-01T07:29:16-07:00</time>
      </trkpt>
      <trkpt lat="32.93388677760959" lon="-116.4822241757065">
        <time>2005-05-01T07:29:20-07:00</time>
      </trkpt>
      <trkpt lat="32.93393581174314" lon="-116.48224445991218">
        <time>2005-05-01T07:29:25-07:00</time>
      </trkpt>
      <trkpt lat="32.93401217088103" lon="-116.48228092119098">
        <time>2005-05-01T07:29:32-07:00</time>
      </trkpt>
      <trkpt lat="32.93406514450908" lon="-116.48231855593622">
        <time>2005-05-01T07:29:37-07:00</time>
      </trkpt>
      <trkpt lat="32.93413664214313" lon="-116.48235241882503">
        <time>2005-05-01T07:29:41-07:00</time>
      </trkpt>
      <trkpt lat="32.93421300128102" lon="-116.48236499167979">
        <time>2005-05-01T07:29:48-07:00</time>
      </trkpt>
      <trkpt lat="32.93430176563561" lon="-116.48235904052854">
        <time>2005-05-01T07:29:53-07:00</time>
      </trkpt>
      <trkpt lat="32.93434618972242" lon="-116.48235510103405">
        <time>2005-05-01T07:29:58-07:00</time>
      </trkpt>
      <trkpt lat="32.934344597160816" lon="-116.48235510103405">
        <time>2005-05-01T07:30:04-07:00</time>
      </trkpt>
      <trkpt lat="32.934344597160816" lon="-116.48235510103405">
        <time>2005-05-01T07:30:10-07:00</time>
      </trkpt>
      <trkpt lat="32.934344597160816" lon="-116.48235510103405">
        <time>2005-05-01T07:30:18-07:00</time>
      </trkpt>
      <trkpt lat="32.93434141203761" lon="-116.48235568776727">
        <time>2005-05-01T07:30:24-07:00</time>
      </trkpt>
      <trkpt lat="32.934337221086025" lon="-116.48235962726176">
        <time>2005-05-01T07:30:31-07:00</time>
      </trkpt>
      <trkpt lat="32.934369491413236" lon="-116.48236440494657">
        <time>2005-05-01T07:30:36-07:00</time>
      </trkpt>
      <trkpt lat="32.934396313503385" lon="-116.4823729544878">
        <time>2005-05-01T07:30:41-07:00</time>
      </trkpt>
      <trkpt lat="32.93444383889437" lon="-116.48238837718964">
        <time>2005-05-01T07:30:43-07:00</time>
      </trkpt>
      <trkpt lat="32.93450209312141" lon="-116.48243179544806">
        <time>2005-05-01T07:30:52-07:00</time>
      </trkpt>
      <trkpt lat="32.93451089411974" lon="-116.48243866860867">
        <time>2005-05-01T07:30:58-07:00</time>
      </trkpt>
      <trkpt lat="32.93455146253109" lon="-116.48247806355357">
        <time>2005-05-01T07:31:04-07:00</time>
      </trkpt>
      <trkpt lat="32.93460669927299" lon="-116.48251536302269">
        <time>2005-05-01T07:31:14-07:00</time>
      </trkpt>
      <trkpt lat="32.934680208563805" lon="-116.4825421012938">
        <time>2005-05-01T07:31:16-07:00</time>
      </trkpt>
      <trkpt lat="32.93472899124026" lon="-116.48254905827343">
        <time>2005-05-01T07:31:20-07:00</time>
      </trkpt>
      <trkpt lat="32.9347581602633" lon="-116.48254780098796">
        <time>2005-05-01T07:31:25-07:00</time>
      </trkpt>
      <trkpt lat="32.934794621542096" lon="-116.48255459032953">
        <time>2005-05-01T07:31:26-07:00</time>
      </trkpt>
      <trkpt lat="32.9348461702466" lon="-116.4825730305165">
        <time>2005-05-01T07:31:30-07:00</time>
      </trkpt>
      <trkpt lat="32.93488992378116" lon="-116.48259314708412">
        <time>2005-05-01T07:31:35-07:00</time>
      </trkpt>
      <trkpt lat="32.93490023352206" lon="-116.48260253481567">
        <time>2005-05-01T07:31:41-07:00</time>
      </trkpt>
      <trkpt lat="32.934945998713374" lon="-116.48263262584805">
        <time>2005-05-01T07:31:45-07:00</time>
      </trkpt>
      <trkpt lat="32.934955805540085" lon="-116.48263824172318">
        <time>2005-05-01T07:31:47-07:00</time>
      </trkpt>
      <trkpt lat="32.93502143584192" lon="-116.48265936411917">
        <time>2005-05-01T07:31:50-07:00</time>
      </trkpt>
      <trkpt lat="32.93503518216312" lon="-116.48266087286174">
        <time>2005-05-01T07:31:54-07:00</time>
      </trkpt>
      <trkpt lat="32.93508790433407" lon="-116.4826702605933">
        <time>2005-05-01T07:31:59-07:00</time>
      </trkpt>
      <trkpt lat="32.935134591534734" lon="-116.48265844210982">
        <time>2005-05-01T07:32:00-07:00</time>
      </trkpt>
      <trkpt lat="32.93515102006495" lon="-116.48264100775123">
        <time>2005-05-01T07:32:05-07:00</time>
      </trkpt>
      <trkpt lat="32.93516216799617" lon="-116.4826301112771">
        <time>2005-05-01T07:32:06-07:00</time>
      </trkpt>
      <trkpt lat="32.93520315550268" lon="-116.48261100053787">
        <time>2005-05-01T07:32:12-07:00</time>
      </trkpt>
      <trkpt lat="32.93523760512471" lon="-116.48259138688445">
        <time>2005-05-01T07:32:13-07:00</time>
      </trkpt>
      <trkpt lat="32.935267612338066" lon="-116.48258820176125">
        <time>2005-05-01T07:32:18-07:00</time>
      </trkpt>
      <trkpt lat="32.93531614355743" lon="-116.48258342407644">
        <time>2005-05-01T07:32:22-07:00</time>
      </trkpt>
      <trkpt lat="32.935326704755425" lon="-116.48258602246642">
        <time>2005-05-01T07:32:24-07:00</time>
      </trkpt>
      <trkpt lat="32.93534941971302" lon="-116.48263782262802">
        <time>2005-05-01T07:32:25-07:00</time>
      </trkpt>
      <trkpt lat="32.93535168282688" lon="-116.48268098942935">
        <time>2005-05-01T07:32:29-07:00</time>
      </trkpt>
      <trkpt lat="32.93535587377846" lon="-116.48270856589079">
        <time>2005-05-01T07:32:32-07:00</time>
      </trkpt>
      <trkpt lat="32.9353781696409" lon="-116.48277964442968">
        <time>2005-05-01T07:32:35-07:00</time>
      </trkpt>
      <trkpt lat="32.93542024679482" lon="-116.4828460291028">
        <time>2005-05-01T07:32:39-07:00</time>
      </trkpt>
      <trkpt lat="32.93548369780183" lon="-116.48293646983802">
        <time>2005-05-01T07:32:40-07:00</time>
      </trkpt>
      <trkpt lat="32.935542706400156" lon="-116.48300117813051">
        <time>2005-05-01T07:32:45-07:00</time>
      </trkpt>
      <trkpt lat="32.93560355901718" lon="-116.4830376394093">
        <time>2005-05-01T07:32:48-07:00</time>
      </trkpt>
      <trkpt lat="32.93564312160015" lon="-116.48305574432015">
        <time>2005-05-01T07:32:50-07:00</time>
      </trkpt>
      <trkpt lat="32.93567916378379" lon="-116.48306915536523">
        <time>2005-05-01T07:32:55-07:00</time>
      </trkpt>
      <trkpt lat="32.93575317598879" lon="-116.48307166993618">
        <time>2005-05-01T07:33:01-07:00</time>
      </trkpt>
      <trkpt lat="32.93577756732702" lon="-116.4830743521452">
        <time>2005-05-01T07:33:08-07:00</time>
      </trkpt>
      <trkpt lat="32.93581059202552" lon="-116.48308927193284">
        <time>2005-05-01T07:33:15-07:00</time>
      </trkpt>
      <trkpt lat="32.93587219901383" lon="-116.48311626166105">
        <time>2005-05-01T07:33:20-07:00</time>
      </trkpt>
      <trkpt lat="32.93590698391199" lon="-116.48312883451581">
        <time>2005-05-01T07:33:23-07:00</time>
      </trkpt>
      <trkpt lat="32.93593363836408" lon="-116.48314693942666">
        <time>2005-05-01T07:33:26-07:00</time>
      </trkpt>
      <trkpt lat="32.93599985539913" lon="-116.48318851366639">
        <time>2005-05-01T07:33:31-07:00</time>
      </trkpt>
      <trkpt lat="32.93603103607893" lon="-116.48321483284235">
        <time>2005-05-01T07:33:33-07:00</time>
      </trkpt>
      <trkpt lat="32.93607311323285" lon="-116.48324785754085">
        <time>2005-05-01T07:33:36-07:00</time>
      </trkpt>
      <trkpt lat="32.936162296682596" lon="-116.48329806514084">
        <time>2005-05-01T07:33:41-07:00</time>
      </trkpt>
      <trkpt lat="32.936227675527334" lon="-116.4833470992744">
        <time>2005-05-01T07:33:44-07:00</time>
      </trkpt>
      <trkpt lat="32.936300011351705" lon="-116.48337911814451">
        <time>2005-05-01T07:33:47-07:00</time>
      </trkpt>
      <trkpt lat="32.936311746016145" lon="-116.48338590748608">
        <time>2005-05-01T07:33:53-07:00</time>
      </trkpt>
      <trkpt lat="32.936374861747026" lon="-116.48341122083366">
        <time>2005-05-01T07:33:56-07:00</time>
      </trkpt>
      <trkpt lat="32.93644392862916" lon="-116.48342027328908">
        <time>2005-05-01T07:34:00-07:00</time>
      </trkpt>
      <trkpt lat="32.93651685118675" lon="-116.48341004736722">
        <time>2005-05-01T07:34:07-07:00</time>
      </trkpt>
      <trkpt lat="32.93657183647156" lon="-116.48339286446571">
        <time>2005-05-01T07:34:13-07:00</time>
      </trkpt>
      <trkpt lat="32.9365973174572" lon="-116.48338842205703">
        <time>2005-05-01T07:34:19-07:00</time>
      </trkpt>
      <trkpt lat="32.93664953671396" lon="-116.48336713202298">
        <time>2005-05-01T07:34:20-07:00</time>
      </trkpt>
      <trkpt lat="32.936725560575724" lon="-116.4833172596991">
        <time>2005-05-01T07:34:25-07:00</time>
      </trkpt>
      <trkpt lat="32.93677920475602" lon="-116.48325556889176">
        <time>2005-05-01T07:34:30-07:00</time>
      </trkpt>
      <trkpt lat="32.93682119809091" lon="-116.4832067862153">
        <time>2005-05-01T07:34:35-07:00</time>
      </trkpt>
      <trkpt lat="32.93682790361345" lon="-116.48319614119828">
        <time>2005-05-01T07:34:39-07:00</time>
      </trkpt>
      <trkpt lat="32.93688917532563" lon="-116.48314350284636">
        <time>2005-05-01T07:34:41-07:00</time>
      </trkpt>
      <trkpt lat="32.93694466352463" lon="-116.48309832438827">
        <time>2005-05-01T07:34:46-07:00</time>
      </trkpt>
      <trkpt lat="32.937010461464524" lon="-116.4830450154841">
        <time>2005-05-01T07:34:52-07:00</time>
      </trkpt>
      <trkpt lat="32.93701280839741" lon="-116.48304493166506">
        <time>2005-05-01T07:34:58-07:00</time>
      </trkpt>
      <trkpt lat="32.937052538618445" lon="-116.4830133318901">
        <time>2005-05-01T07:35:03-07:00</time>
      </trkpt>
      <trkpt lat="32.93710802681744" lon="-116.48297586478293">
        <time>2005-05-01T07:35:04-07:00</time>
      </trkpt>
      <trkpt lat="32.937197210267186" lon="-116.4829306025058">
        <time>2005-05-01T07:35:10-07:00</time>
      </trkpt>
      <trkpt lat="32.937273317947984" lon="-116.48287788033485">
        <time>2005-05-01T07:35:16-07:00</time>
      </trkpt>
      <trkpt lat="32.93733584694564" lon="-116.48287335410714">
        <time>2005-05-01T07:35:22-07:00</time>
      </trkpt>
      <trkpt lat="32.9373967833817" lon="-116.48286648094654">
        <time>2005-05-01T07:35:27-07:00</time>
      </trkpt>
      <trkpt lat="32.93747314251959" lon="-116.48287670686841">
        <time>2005-05-01T07:35:34-07:00</time>
      </trkpt>
      <trkpt lat="32.93753935955465" lon="-116.48286958225071">
        <time>2005-05-01T07:35:39-07:00</time>
      </trkpt>
      <trkpt lat="32.93759769760072" lon="-116.48286430165172">
        <time>2005-05-01T07:35:47-07:00</time>
      </trkpt>
      <trkpt lat="32.93762292712927" lon="-116.48286815732718">
        <time>2005-05-01T07:35:54-07:00</time>
      </trkpt>
      <trkpt lat="32.937672045081854" lon="-116.4828753657639">
        <time>2005-05-01T07:35:59-07:00</time>
      </trkpt>
      <trkpt lat="32.937697945162654" lon="-116.48287519812584">
        <time>2005-05-01T07:36:04-07:00</time>
      </trkpt>
      <trkpt lat="32.9377955943346" lon="-116.4828634634614">
        <time>2005-05-01T07:36:09-07:00</time>
      </trkpt>
      <trkpt lat="32.93787304311991" lon="-116.48285122588277">
        <time>2005-05-01T07:36:15-07:00</time>
      </trkpt>
      <trkpt lat="32.93795661069453" lon="-116.48286220617592">
        <time>2005-05-01T07:36:20-07:00</time>
      </trkpt>
      <trkpt lat="32.93804814107716" lon="-116.48289422504604">
        <time>2005-05-01T07:36:22-07:00</time>
      </trkpt>
      <trkpt lat="32.938104970380664" lon="-116.48291786201298">
        <time>2005-05-01T07:36:26-07:00</time>
      </trkpt>
      <trkpt lat="32.938163727521896" lon="-116.48295097053051">
        <time>2005-05-01T07:36:28-07:00</time>
      </trkpt>
      <trkpt lat="32.938248133286834" lon="-116.48301425389946">
        <time>2005-05-01T07:36:36-07:00</time>
      </trkpt>
      <trkpt lat="32.938311751931906" lon="-116.48304920643568">
        <time>2005-05-01T07:36:42-07:00</time>
      </trkpt>
      <trkpt lat="32.93841359205544" lon="-116.48308323696256">
        <time>2005-05-01T07:36:49-07:00</time>
      </trkpt>
      <trkpt lat="32.93850218877196" lon="-116.48311114870012">
        <time>2005-05-01T07:36:58-07:00</time>
      </trkpt>
      <trkpt lat="32.93856170028448" lon="-116.48313176818192">
        <time>2005-05-01T07:37:03-07:00</time>
      </trkpt>
      <trkpt lat="32.938644932582974" lon="-116.48315574042499">
        <time>2005-05-01T07:37:09-07:00</time>
      </trkpt>
      <trkpt lat="32.93871659785509" lon="-116.48315615952015">
        <time>2005-05-01T07:37:16-07:00</time>
      </trkpt>
      <trkpt lat="32.938775941729546" lon="-116.48318558000028">
        <time>2005-05-01T07:37:23-07:00</time>
      </trkpt>
      <trkpt lat="32.93881332501769" lon="-116.48319957777858">
        <time>2005-05-01T07:37:31-07:00</time>
      </trkpt>
      <trkpt lat="32.938850121572614" lon="-116.48319412954152">
        <time>2005-05-01T07:37:38-07:00</time>
      </trkpt>
      <trkpt lat="32.938866801559925" lon="-116.48320217616856">
        <time>2005-05-01T07:37:45-07:00</time>
      </trkpt>
      <trkpt lat="32.93891340494156" lon="-116.48322095163167">
        <time>2005-05-01T07:37:51-07:00</time>
      </trkpt>
      <trkpt lat="32.93897358700633" lon="-116.48323947563767">
        <time>2005-05-01T07:37:57-07:00</time>
      </trkpt>
      <trkpt lat="32.9390340205282" lon="-116.48327752947807">
        <time>2005-05-01T07:38:02-07:00</time>
      </trkpt>
      <trkpt lat="32.939097471535206" lon="-116.48335330188274">
        <time>2005-05-01T07:38:09-07:00</time>
      </trkpt>
      <trkpt lat="32.939144829288125" lon="-116.48342940956354">
        <time>2005-05-01T07:38:15-07:00</time>
      </trkpt>
      <trkpt lat="32.93920811265707" lon="-116.48350610397756">
        <time>2005-05-01T07:38:17-07:00</time>
      </trkpt>
      <trkpt lat="32.939284555613995" lon="-116.4835315849632">
        <time>2005-05-01T07:38:21-07:00</time>
      </trkpt>
      <trkpt lat="32.93935907073319" lon="-116.48353116586804">
        <time>2005-05-01T07:38:27-07:00</time>
      </trkpt>
      <trkpt lat="32.93942880816758" lon="-116.48349998518825">
        <time>2005-05-01T07:38:31-07:00</time>
      </trkpt>
      <trkpt lat="32.939496701583266" lon="-116.48345883004367">
        <time>2005-05-01T07:38:39-07:00</time>
      </trkpt>
      <trkpt lat="32.93951044790447" lon="-116.48345765657723">
        <time>2005-05-01T07:38:45-07:00</time>
      </trkpt>
      <trkpt lat="32.9395639244467" lon="-116.48345279507339">
        <time>2005-05-01T07:38:52-07:00</time>
      </trkpt>
      <trkpt lat="32.93962921947241" lon="-116.48343611508608">
        <time>2005-05-01T07:38:58-07:00</time>
      </trkpt>
      <trkpt lat="32.93967138044536" lon="-116.48343619890511">
        <time>2005-05-01T07:39:04-07:00</time>
      </trkpt>
      <trkpt lat="32.93968797661364" lon="-116.48344717919827">
        <time>2005-05-01T07:39:10-07:00</time>
      </trkpt>
      <trkpt lat="32.93973374180496" lon="-116.48346863687038">
        <time>2005-05-01T07:39:17-07:00</time>
      </trkpt>
      <trkpt lat="32.93976944871247" lon="-116.48347274400294">
        <time>2005-05-01T07:39:18-07:00</time>
      </trkpt>
      <trkpt lat="32.93985100463033" lon="-116.48347232490778">
        <time>2005-05-01T07:39:24-07:00</time>
      </trkpt>
      <trkpt lat="32.939937422052026" lon="-116.48350417613983">
        <time>2005-05-01T07:39:31-07:00</time>
      </trkpt>
      <trkpt lat="32.93998394161463" lon="-116.4835728239268">
        <time>2005-05-01T07:39:36-07:00</time>
      </trkpt>
      <trkpt lat="32.94000405818224" lon="-116.48367558605969">
        <time>2005-05-01T07:39:37-07:00</time>
      </trkpt>
      <trkpt lat="32.940015038475394" lon="-116.48378538899124">
        <time>2005-05-01T07:39:41-07:00</time>
      </trkpt>
      <trkpt lat="32.94005393050611" lon="-116.4838442299515">
        <time>2005-05-01T07:39:44-07:00</time>
      </trkpt>
      <trkpt lat="32.9401271045208" lon="-116.4839187450707">
        <time>2005-05-01T07:39:51-07:00</time>
      </trkpt>
      <trkpt lat="32.94018250890076" lon="-116.4839687012136">
        <time>2005-05-01T07:39:59-07:00</time>
      </trkpt>
      <trkpt lat="32.940220311284065" lon="-116.48405210115016">
        <time>2005-05-01T07:40:05-07:00</time>
      </trkpt>
      <trkpt lat="32.94024855829775" lon="-116.48410557769239">
        <time>2005-05-01T07:40:12-07:00</time>
      </trkpt>
      <trkpt lat="32.94026984833181" lon="-116.48415762931108">
        <time>2005-05-01T07:40:19-07:00</time>
      </trkpt>
      <trkpt lat="32.94027462601662" lon="-116.48416911251843">
        <time>2005-05-01T07:40:24-07:00</time>
      </trkpt>
      <trkpt lat="32.94032449834049" lon="-116.48422678001225">
        <time>2005-05-01T07:40:31-07:00</time>
      </trkpt>
      <trkpt lat="32.94037780724466" lon="-116.48422518745065">
        <time>2005-05-01T07:40:37-07:00</time>
      </trkpt>
      <trkpt lat="32.9404257517308" lon="-116.48420993238688">
        <time>2005-05-01T07:40:44-07:00</time>
      </trkpt>
      <trkpt lat="32.94047771953046" lon="-116.4841761533171">
        <time>2005-05-01T07:40:49-07:00</time>
      </trkpt>
      <trkpt lat="32.94054251164198" lon="-116.4841156359762">
        <time>2005-05-01T07:40:54-07:00</time>
      </trkpt>
      <trkpt lat="32.94061157852411" lon="-116.48411412723362">
        <time>2005-05-01T07:40:55-07:00</time>
      </trkpt>
      <trkpt lat="32.94061937369406" lon="-116.48411429487169">
        <time>2005-05-01T07:41:01-07:00</time>
      </trkpt>
      <trkpt lat="32.94071467593312" lon="-116.48412745445967">
        <time>2005-05-01T07:41:05-07:00</time>
      </trkpt>
      <trkpt lat="32.94074627570808" lon="-116.48410758934915">
        <time>2005-05-01T07:41:09-07:00</time>
      </trkpt>
      <trkpt lat="32.940763710066676" lon="-116.48411228321493">
        <time>2005-05-01T07:41:15-07:00</time>
      </trkpt>
      <trkpt lat="32.94077955186367" lon="-116.48412368260324">
        <time>2005-05-01T07:41:24-07:00</time>
      </trkpt>
      <trkpt lat="32.940796902403235" lon="-116.48414094932377">
        <time>2005-05-01T07:41:31-07:00</time>
      </trkpt>
      <trkpt lat="32.94082833454013" lon="-116.48418822325766">
        <time>2005-05-01T07:41:32-07:00</time>
      </trkpt>
      <trkpt lat="32.94088985770941" lon="-116.48423876613379">
        <time>2005-05-01T07:41:41-07:00</time>
      </trkpt>
      <trkpt lat="32.940940065309405" lon="-116.48427187465131">
        <time>2005-05-01T07:41:47-07:00</time>
      </trkpt>
      <trkpt lat="32.94095607474446" lon="-116.4842898119241">
        <time>2005-05-01T07:41:52-07:00</time>
      </trkpt>
      <trkpt lat="32.941006449982524" lon="-116.48432157933712">
        <time>2005-05-01T07:41:54-07:00</time>
      </trkpt>
      <trkpt lat="32.941023549064994" lon="-116.48433180525899">
        <time>2005-05-01T07:41:56-07:00</time>
      </trkpt>
      <trkpt lat="32.94107216410339" lon="-116.48435594514012">
        <time>2005-05-01T07:42:01-07:00</time>
      </trkpt>
      <trkpt lat="32.94112052768469" lon="-116.48439332842827">
        <time>2005-05-01T07:42:08-07:00</time>
      </trkpt>
      <trkpt lat="32.94116025790572" lon="-116.4844177197665">
        <time>2005-05-01T07:42:14-07:00</time>
      </trkpt>
      <trkpt lat="32.94119378551841" lon="-116.48443104699254">
        <time>2005-05-01T07:42:16-07:00</time>
      </trkpt>
      <trkpt lat="32.9412442445755" lon="-116.4844623953104">
        <time>2005-05-01T07:42:21-07:00</time>
      </trkpt>
      <trkpt lat="32.94128875248134" lon="-116.48452576249838">
        <time>2005-05-01T07:42:23-07:00</time>
      </trkpt>
      <trkpt lat="32.94134449213743" lon="-116.48459097370505">
        <time>2005-05-01T07:42:30-07:00</time>
      </trkpt>
      <trkpt lat="32.94139419682324" lon="-116.48464034311473">
        <time>2005-05-01T07:42:36-07:00</time>
      </trkpt>
      <trkpt lat="32.94140140525997" lon="-116.48465274833143">
        <time>2005-05-01T07:42:43-07:00</time>
      </trkpt>
      <trkpt lat="32.9414651915431" lon="-116.48470111191273">
        <time>2005-05-01T07:42:48-07:00</time>
      </trkpt>
      <trkpt lat="32.94153979048133" lon="-116.48475978523493">
        <time>2005-05-01T07:42:55-07:00</time>
      </trkpt>
      <trkpt lat="32.94161883182824" lon="-116.48479004390538">
        <time>2005-05-01T07:43:01-07:00</time>
      </trkpt>
      <trkpt lat="32.941632494330406" lon="-116.48479163646698">
        <time>2005-05-01T07:43:07-07:00</time>
      </trkpt>
      <trkpt lat="32.941704243421555" lon="-116.4848358090967">
        <time>2005-05-01T07:43:12-07:00</time>
      </trkpt>
      <trkpt lat="32.94176811352372" lon="-116.48488132283092">
        <time>2005-05-01T07:43:13-07:00</time>
      </trkpt>
      <trkpt lat="32.94180088676512" lon="-116.48490210995078">
        <time>2005-05-01T07:43:18-07:00</time>
      </trkpt>
      <trkpt lat="32.9418486636132" lon="-116.484929099679">
        <time>2005-05-01T07:43:25-07:00</time>
      </trkpt>
      <trkpt lat="32.941914377734065" lon="-116.48495768196881">
        <time>2005-05-01T07:43:32-07:00</time>
      </trkpt>
      <trkpt lat="32.94193265028298" lon="-116.48498341441154">
        <time>2005-05-01T07:43:33-07:00</time>
      </trkpt>
      <trkpt lat="32.94195377267897" lon="-116.48503437638283">
        <time>2005-05-01T07:43:40-07:00</time>
      </trkpt>
      <trkpt lat="32.94195662252605" lon="-116.48512146435678">
        <time>2005-05-01T07:43:46-07:00</time>
      </trkpt>
      <trkpt lat="32.94195628724992" lon="-116.48522246629">
        <time>2005-05-01T07:43:49-07:00</time>
      </trkpt>
      <trkpt lat="32.94195192866027" lon="-116.48530963808298">
        <time>2005-05-01T07:43:53-07:00</time>
      </trkpt>
      <trkpt lat="32.94197363778949" lon="-116.48543712683022">
        <time>2005-05-01T07:43:59-07:00</time>
      </trkpt>
      <trkpt lat="32.9419971909374" lon="-116.48547291755676">
        <time>2005-05-01T07:44:01-07:00</time>
      </trkpt>
      <trkpt lat="32.942034071311355" lon="-116.48547995835543">
        <time>2005-05-01T07:44:05-07:00</time>
      </trkpt>
      <trkpt lat="32.94209592975676" lon="-116.48546738550067">
        <time>2005-05-01T07:44:11-07:00</time>
      </trkpt>
      <trkpt lat="32.942184610292315" lon="-116.48546285927296">
        <time>2005-05-01T07:44:18-07:00</time>
      </trkpt>
      <trkpt lat="32.94226189143956" lon="-116.48545959033072">
        <time>2005-05-01T07:44:24-07:00</time>
      </trkpt>
      <trkpt lat="32.94234939850867" lon="-116.48546788841486">
        <time>2005-05-01T07:44:33-07:00</time>
      </trkpt>
      <trkpt lat="32.9424443654716" lon="-116.48546361364424">
        <time>2005-05-01T07:44:36-07:00</time>
      </trkpt>
      <trkpt lat="32.94252650812268" lon="-116.4854555670172">
        <time>2005-05-01T07:44:39-07:00</time>
      </trkpt>
      <trkpt lat="32.942551989108324" lon="-116.48545917123556">
        <time>2005-05-01T07:44:44-07:00</time>
      </trkpt>
      <trkpt lat="32.94260244816542" lon="-116.48545062169433">
        <time>2005-05-01T07:44:51-07:00</time>
      </trkpt>
      <trkpt lat="32.94268718920648" lon="-116.48544584400952">
        <time>2005-05-01T07:44:57-07:00</time>
      </trkpt>
      <trkpt lat="32.94270143844187" lon="-116.48544827476144">
        <time>2005-05-01T07:45:04-07:00</time>
      </trkpt>
      <trkpt lat="32.94280495494604" lon="-116.4854706544429">
        <time>2005-05-01T07:45:11-07:00</time>
      </trkpt>
      <trkpt lat="32.942890115082264" lon="-116.48550787009299">
        <time>2005-05-01T07:45:18-07:00</time>
      </trkpt>
      <trkpt lat="32.94297753833234" lon="-116.48553477600217">
        <time>2005-05-01T07:45:20-07:00</time>
      </trkpt>
      <trkpt lat="32.94304786249995" lon="-116.48555858060718">
        <time>2005-05-01T07:45:24-07:00</time>
      </trkpt>
      <trkpt lat="32.943077869713306" lon="-116.48556855507195">
        <time>2005-05-01T07:45:31-07:00</time>
      </trkpt>
      <trkpt lat="32.94311952777207" lon="-116.48557811044157">
        <time>2005-05-01T07:45:32-07:00</time>
      </trkpt>
      <trkpt lat="32.943191612139344" lon="-116.4856038428843">
        <time>2005-05-01T07:45:40-07:00</time>
      </trkpt>
      <trkpt lat="32.94320812448859" lon="-116.48560426197946">
        <time>2005-05-01T07:45:47-07:00</time>
      </trkpt>
      <trkpt lat="32.94326671399176" lon="-116.48562278598547">
        <time>2005-05-01T07:45:54-07:00</time>
      </trkpt>
      <trkpt lat="32.9433286562562" lon="-116.48564868606627">
        <time>2005-05-01T07:46:00-07:00</time>
      </trkpt>
      <trkpt lat="32.94336545281112" lon="-116.48565706796944">
        <time>2005-05-01T07:46:03-07:00</time>
      </trkpt>
      <trkpt lat="32.94341473840177" lon="-116.48567073047161">
        <time>2005-05-01T07:46:07-07:00</time>
      </trkpt>
      <trkpt lat="32.943495539948344" lon="-116.48569906130433">
        <time>2005-05-01T07:46:14-07:00</time>
      </trkpt>
      <trkpt lat="32.94359117746353" lon="-116.48572915233672">
        <time>2005-05-01T07:46:15-07:00</time>
      </trkpt>
      <trkpt lat="32.94365152716637" lon="-116.48574767634273">
        <time>2005-05-01T07:46:20-07:00</time>
      </trkpt>
      <trkpt lat="32.94367415830493" lon="-116.48575815372169">
        <time>2005-05-01T07:46:25-07:00</time>
      </trkpt>
      <trkpt lat="32.94373584911227" lon="-116.48580869659781">
        <time>2005-05-01T07:46:28-07:00</time>
      </trkpt>
      <trkpt lat="32.94380181469023" lon="-116.48585479706526">
        <time>2005-05-01T07:46:32-07:00</time>
      </trkpt>
      <trkpt lat="32.94383048079908" lon="-116.48587608709931">
        <time>2005-05-01T07:46:39-07:00</time>
      </trkpt>
      <trkpt lat="32.943867947906256" lon="-116.48589662276208">
        <time>2005-05-01T07:46:47-07:00</time>
      </trkpt>
      <trkpt lat="32.94394087046385" lon="-116.48596133105457">
        <time>2005-05-01T07:46:52-07:00</time>
      </trkpt>
      <trkpt lat="32.94398135505617" lon="-116.48601371794939">
        <time>2005-05-01T07:46:54-07:00</time>
      </trkpt>
      <trkpt lat="32.94403592124581" lon="-116.48605965077877">
        <time>2005-05-01T07:47:00-07:00</time>
      </trkpt>
      <trkpt lat="32.94411236420274" lon="-116.48613600991666">
        <time>2005-05-01T07:47:06-07:00</time>
      </trkpt>
      <trkpt lat="32.94416525401175" lon="-116.48620055057108">
        <time>2005-05-01T07:47:09-07:00</time>
      </trkpt>
      <trkpt lat="32.944208001717925" lon="-116.48628151975572">
        <time>2005-05-01T07:47:12-07:00</time>
      </trkpt>
      <trkpt lat="32.94422878883779" lon="-116.48637229576707">
        <time>2005-05-01T07:47:19-07:00</time>
      </trkpt>
      <trkpt lat="32.94424404390156" lon="-116.48648084141314">
        <time>2005-05-01T07:47:24-07:00</time>
      </trkpt>
      <trkpt lat="32.944255443289876" lon="-116.48655091412365">
        <time>2005-05-01T07:47:29-07:00</time>
      </trkpt>
      <trkpt lat="32.94427455402911" lon="-116.48665669374168">
        <time>2005-05-01T07:47:36-07:00</time>
      </trkpt>
      <trkpt lat="32.944281259551644" lon="-116.48672693409026">
        <time>2005-05-01T07:47:42-07:00</time>
      </trkpt>
      <trkpt lat="32.94428444467485" lon="-116.48678435012698">
        <time>2005-05-01T07:47:49-07:00</time>
      </trkpt>
      <trkpt lat="32.94427530840039" lon="-116.48683413863182">
        <time>2005-05-01T07:47:55-07:00</time>
      </trkpt>
      <trkpt lat="32.944251922890544" lon="-116.48689641617239">
        <time>2005-05-01T07:48:02-07:00</time>
      </trkpt>
      <trkpt lat="32.944235326722264" lon="-116.48694234900177">
        <time>2005-05-01T07:48:07-07:00</time>
      </trkpt>
      <trkpt lat="32.944169864058495" lon="-116.48702625185251">
        <time>2005-05-01T07:48:14-07:00</time>
      </trkpt>
      <trkpt lat="32.944092750549316" lon="-116.48703371174634">
        <time>2005-05-01T07:48:19-07:00</time>
      </trkpt>
      <trkpt lat="32.94405436143279" lon="-116.48710931651294">
        <time>2005-05-01T07:48:23-07:00</time>
      </trkpt>
      <trkpt lat="32.944085793569684" lon="-116.48722155019641">
        <time>2005-05-01T07:48:26-07:00</time>
      </trkpt>
      <trkpt lat="32.94413994066417" lon="-116.48730788379908">
        <time>2005-05-01T07:48:31-07:00</time>
      </trkpt>
      <trkpt lat="32.94418277218938" lon="-116.48735968396068">
        <time>2005-05-01T07:48:34-07:00</time>
      </trkpt>
      <trkpt lat="32.944213366135955" lon="-116.4874601829797">
        <time>2005-05-01T07:48:41-07:00</time>
      </trkpt>
      <trkpt lat="32.94423750601709" lon="-116.4875555690378">
        <time>2005-05-01T07:48:47-07:00</time>
      </trkpt>
      <trkpt lat="32.94427405111492" lon="-116.4876657910645">
        <time>2005-05-01T07:48:53-07:00</time>
      </trkpt>
      <trkpt lat="32.94433331117034" lon="-116.4877641107887">
        <time>2005-05-01T07:49:01-07:00</time>
      </trkpt>
      <trkpt lat="32.94437002390623" lon="-116.4878129772842">
        <time>2005-05-01T07:49:08-07:00</time>
      </trkpt>
      <trkpt lat="32.94438804499805" lon="-116.48782898671925">
        <time>2005-05-01T07:49:13-07:00</time>
      </trkpt>
      <trkpt lat="32.94441872276366" lon="-116.48785564117134">
        <time>2005-05-01T07:49:20-07:00</time>
      </trkpt>
      <trkpt lat="32.94445652514696" lon="-116.4878901746124">
        <time>2005-05-01T07:49:26-07:00</time>
      </trkpt>
      <trkpt lat="32.94450086541474" lon="-116.4879094529897">
        <time>2005-05-01T07:49:35-07:00</time>
      </trkpt>
      <trkpt lat="32.944530034437776" lon="-116.48792713880539">
        <time>2005-05-01T07:49:43-07:00</time>
      </trkpt>
      <trkpt lat="32.94459390453994" lon="-116.48797013796866">
        <time>2005-05-01T07:49:48-07:00</time>
      </trkpt>
      <trkpt lat="32.94466347433627" lon="-116.48799461312592">
        <time>2005-05-01T07:49:50-07:00</time>
      </trkpt>
      <trkpt lat="32.94469993561506" lon="-116.48800500668585">
        <time>2005-05-01T07:49:53-07:00</time>
      </trkpt>
      <trkpt lat="32.94476766139269" lon="-116.48800416849554">
        <time>2005-05-01T07:49:56-07:00</time>
      </trkpt>
      <trkpt lat="32.94481837190688" lon="-116.48804146796465">
        <time>2005-05-01T07:49:59-07:00</time>
      </trkpt>
      <trkpt lat="32.944886684417725" lon="-116.48808220401406">
        <time>2005-05-01T07:50:02-07:00</time>
      </trkpt>
      <trkpt lat="32.944911075755954" lon="-116.48812042549253">
        <time>2005-05-01T07:50:09-07:00</time>
      </trkpt>
      <trkpt lat="32.94492851011455" lon="-116.48815001361072">
        <time>2005-05-01T07:50:15-07:00</time>
      </trkpt>
      <trkpt lat="32.9449553322047" lon="-116.48819996975362">
        <time>2005-05-01T07:50:18-07:00</time>
      </trkpt>
      <trkpt lat="32.94496010988951" lon="-116.48820717819035">
        <time>2005-05-01T07:50:26-07:00</time>
      </trkpt>
      <trkpt lat="32.944973185658455" lon="-116.48826400749385">
        <time>2005-05-01T07:50:31-07:00</time>
      </trkpt>
      <trkpt lat="32.944976119324565" lon="-116.48829543963075">
        <time>2005-05-01T07:50:37-07:00</time>
      </trkpt>
      <trkpt lat="32.945032864809036" lon="-116.4883944299072">
        <time>2005-05-01T07:50:40-07:00</time>
      </trkpt>
      <trkpt lat="32.94504225254059" lon="-116.48840306326747">
        <time>2005-05-01T07:50:43-07:00</time>
      </trkpt>
      <trkpt lat="32.945093549788" lon="-116.48843172937632">
        <time>2005-05-01T07:50:48-07:00</time>
      </trkpt>
      <trkpt lat="32.945209639146924" lon="-116.48844799026847">
        <time>2005-05-01T07:50:49-07:00</time>
      </trkpt>
      <trkpt lat="32.9452798794955" lon="-116.48845327086747">
        <time>2005-05-01T07:50:54-07:00</time>
      </trkpt>
      <trkpt lat="32.945345006883144" lon="-116.48844002746046">
        <time>2005-05-01T07:50:56-07:00</time>
      </trkpt>
      <trkpt lat="32.94537962414324" lon="-116.48844069801271">
        <time>2005-05-01T07:51:04-07:00</time>
      </trkpt>
      <trkpt lat="32.94545631855726" lon="-116.48845192976296">
        <time>2005-05-01T07:51:05-07:00</time>
      </trkpt>
      <trkpt lat="32.9454838950187" lon="-116.48845251649618">
        <time>2005-05-01T07:51:11-07:00</time>
      </trkpt>
      <trkpt lat="32.94555841013789" lon="-116.48845947347581">
        <time>2005-05-01T07:51:20-07:00</time>
      </trkpt>
      <trkpt lat="32.94561976566911" lon="-116.48845980875194">
        <time>2005-05-01T07:51:26-07:00</time>
      </trkpt>
      <trkpt lat="32.94562999159098" lon="-116.4884618204087">
        <time>2005-05-01T07:51:31-07:00</time>
      </trkpt>
      <trkpt lat="32.9456979688257" lon="-116.48846902884543">
        <time>2005-05-01T07:51:34-07:00</time>
      </trkpt>
      <trkpt lat="32.945708613842726" lon="-116.48846559226513">
        <time>2005-05-01T07:51:41-07:00</time>
      </trkpt>
      <trkpt lat="32.94577122665942" lon="-116.48847045376897">
        <time>2005-05-01T07:51:43-07:00</time>
      </trkpt>
      <trkpt lat="32.94583040289581" lon="-116.48846860975027">
        <time>2005-05-01T07:51:49-07:00</time>
      </trkpt>
      <trkpt lat="32.94583895243704" lon="-116.48846911266446">
        <time>2005-05-01T07:51:54-07:00</time>
      </trkpt>
      <trkpt lat="32.94589729048312" lon="-116.48845771327615">
        <time>2005-05-01T07:51:55-07:00</time>
      </trkpt>
      <trkpt lat="32.94591120444238" lon="-116.48845771327615">
        <time>2005-05-01T07:52:01-07:00</time>
      </trkpt>
      <trkpt lat="32.9459913354367" lon="-116.48844933137298">
        <time>2005-05-01T07:52:02-07:00</time>
      </trkpt>
      <trkpt lat="32.9460552893579" lon="-116.48843659088016">
        <time>2005-05-01T07:52:07-07:00</time>
      </trkpt>
      <trkpt lat="32.94609912671149" lon="-116.488425610587">
        <time>2005-05-01T07:52:12-07:00</time>
      </trkpt>
      <trkpt lat="32.946138521656394" lon="-116.48841999471188">
        <time>2005-05-01T07:52:13-07:00</time>
      </trkpt>
      <trkpt lat="32.946149250492454" lon="-116.48841647431254">
        <time>2005-05-01T07:52:18-07:00</time>
      </trkpt>
      <trkpt lat="32.94621999375522" lon="-116.48842234164476">
        <time>2005-05-01T07:52:19-07:00</time>
      </trkpt>
      <trkpt lat="32.94629953801632" lon="-116.48843918927014">
        <time>2005-05-01T07:52:26-07:00</time>
      </trkpt>
      <trkpt lat="32.94631286524236" lon="-116.48843868635595">
        <time>2005-05-01T07:52:31-07:00</time>
      </trkpt>
      <trkpt lat="32.946367766708136" lon="-116.48844329640269">
        <time>2005-05-01T07:52:36-07:00</time>
      </trkpt>
      <trkpt lat="32.946388805285096" lon="-116.48845092393458">
        <time>2005-05-01T07:52:40-07:00</time>
      </trkpt>
      <trkpt lat="32.946443958207965" lon="-116.48846165277064">
        <time>2005-05-01T07:52:41-07:00</time>
      </trkpt>
      <trkpt lat="32.94645695015788" lon="-116.48846601136029">
        <time>2005-05-01T07:52:47-07:00</time>
      </trkpt>
      <trkpt lat="32.94651151634753" lon="-116.48848704993725">
        <time>2005-05-01T07:52:53-07:00</time>
      </trkpt>
      <trkpt lat="32.946539679542184" lon="-116.48848922923207">
        <time>2005-05-01T07:52:54-07:00</time>
      </trkpt>
      <trkpt lat="32.946564154699445" lon="-116.48850624449551">
        <time>2005-05-01T07:52:59-07:00</time>
      </trkpt>
      <trkpt lat="32.946577901020646" lon="-116.48851144127548">
        <time>2005-05-01T07:53:01-07:00</time>
      </trkpt>
      <trkpt lat="32.94664260931313" lon="-116.48853843100369">
        <time>2005-05-01T07:53:06-07:00</time>
      </trkpt>
      <trkpt lat="32.94665367342532" lon="-116.48854195140302">
        <time>2005-05-01T07:53:07-07:00</time>
      </trkpt>
      <trkpt lat="32.946717627346516" lon="-116.48857288062572">
        <time>2005-05-01T07:53:12-07:00</time>
      </trkpt>
      <trkpt lat="32.946777138859034" lon="-116.48860272020102">
        <time>2005-05-01T07:53:14-07:00</time>
      </trkpt>
      <trkpt lat="32.946799686178565" lon="-116.48861428722739">
        <time>2005-05-01T07:53:17-07:00</time>
      </trkpt>
      <trkpt lat="32.94684863649309" lon="-116.48867346346378">
        <time>2005-05-01T07:53:18-07:00</time>
      </trkpt>
      <trkpt lat="32.94685986824334" lon="-116.48869617842138">
        <time>2005-05-01T07:53:23-07:00</time>
      </trkpt>
      <trkpt lat="32.946890546008945" lon="-116.48877002298832">
        <time>2005-05-01T07:53:24-07:00</time>
      </trkpt>
      <trkpt lat="32.94692952185869" lon="-116.48885174654424">
        <time>2005-05-01T07:53:30-07:00</time>
      </trkpt>
      <trkpt lat="32.94696170836687" lon="-116.48893095552921">
        <time>2005-05-01T07:53:35-07:00</time>
      </trkpt>
      <trkpt lat="32.94699062593281" lon="-116.48902441374958">
        <time>2005-05-01T07:53:37-07:00</time>
      </trkpt>
      <trkpt lat="32.94700470753014" lon="-116.48908778093755">
        <time>2005-05-01T07:53:42-07:00</time>
      </trkpt>
      <trkpt lat="32.94700889848173" lon="-116.48909633047879">
        <time>2005-05-01T07:53:44-07:00</time>
      </trkpt>
      <trkpt lat="32.94703479856253" lon="-116.4891317859292">
        <time>2005-05-01T07:53:50-07:00</time>
      </trkpt>
      <trkpt lat="32.94705265201628" lon="-116.48914997465909">
        <time>2005-05-01T07:53:56-07:00</time>
      </trkpt>
      <trkpt lat="32.94709766283631" lon="-116.48916900157928">
        <time>2005-05-01T07:54:02-07:00</time>
      </trkpt>
      <trkpt lat="32.94711794704199" lon="-116.48916623555124">
        <time>2005-05-01T07:54:09-07:00</time>
      </trkpt>
      <trkpt lat="32.94718391261995" lon="-116.48917260579765">
        <time>2005-05-01T07:54:15-07:00</time>
      </trkpt>
      <trkpt lat="32.947209645062685" lon="-116.48917721584439">
        <time>2005-05-01T07:54:16-07:00</time>
      </trkpt>
      <trkpt lat="32.947274101898074" lon="-116.48918291553855">
        <time>2005-05-01T07:54:20-07:00</time>
      </trkpt>
      <trkpt lat="32.94728424400091" lon="-116.48918392136693">
        <time>2005-05-01T07:54:22-07:00</time>
      </trkpt>
      <trkpt lat="32.94736722484231" lon="-116.48920034989715">
        <time>2005-05-01T07:54:26-07:00</time>
      </trkpt>
      <trkpt lat="32.94741743244231" lon="-116.4892099890858">
        <time>2005-05-01T07:54:28-07:00</time>
      </trkpt>
      <trkpt lat="32.94742673635483" lon="-116.4892163593322">
        <time>2005-05-01T07:54:34-07:00</time>
      </trkpt>
      <trkpt lat="32.94744777493179" lon="-116.48922608233988">
        <time>2005-05-01T07:54:36-07:00</time>
      </trkpt>
      <trkpt lat="32.94750368222594" lon="-116.48924133740366">
        <time>2005-05-01T07:54:42-07:00</time>
      </trkpt>
      <trkpt lat="32.94751617126167" lon="-116.48924309760332">
        <time>2005-05-01T07:54:43-07:00</time>
      </trkpt>
      <trkpt lat="32.94756554067135" lon="-116.48926790803671">
        <time>2005-05-01T07:54:50-07:00</time>
      </trkpt>
      <trkpt lat="32.947603510692716" lon="-116.48927838541567">
        <time>2005-05-01T07:54:54-07:00</time>
      </trkpt>
      <trkpt lat="32.94761390425265" lon="-116.48928224109113">
        <time>2005-05-01T07:54:55-07:00</time>
      </trkpt>
      <trkpt lat="32.94765648432076" lon="-116.48931501433253">
        <time>2005-05-01T07:54:57-07:00</time>
      </trkpt>
      <trkpt lat="32.94766520150006" lon="-116.48931954056025">
        <time>2005-05-01T07:55:02-07:00</time>
      </trkpt>
      <trkpt lat="32.9477078653872" lon="-116.48934837430716">
        <time>2005-05-01T07:55:03-07:00</time>
      </trkpt>
      <trkpt lat="32.94772496446967" lon="-116.48936362937093">
        <time>2005-05-01T07:55:07-07:00</time>
      </trkpt>
      <trkpt lat="32.94774793088436" lon="-116.48939413949847">
        <time>2005-05-01T07:55:10-07:00</time>
      </trkpt>
      <trkpt lat="32.947776932269335" lon="-116.4894290920347">
        <time>2005-05-01T07:55:11-07:00</time>
      </trkpt>
      <trkpt lat="32.9477858170867" lon="-116.48943613283336">
        <time>2005-05-01T07:55:16-07:00</time>
      </trkpt>
      <trkpt lat="32.947847759351134" lon="-116.48948374204338">
        <time>2005-05-01T07:55:17-07:00</time>
      </trkpt>
      <trkpt lat="32.94791540130973" lon="-116.48951458744705">
        <time>2005-05-01T07:55:21-07:00</time>
      </trkpt>
      <trkpt lat="32.947959238663316" lon="-116.48953923024237">
        <time>2005-05-01T07:55:23-07:00</time>
      </trkpt>
      <trkpt lat="32.94798522256315" lon="-116.48956554941833">
        <time>2005-05-01T07:55:26-07:00</time>
      </trkpt>
      <trkpt lat="32.947996370494366" lon="-116.48957242257893">
        <time>2005-05-01T07:55:29-07:00</time>
      </trkpt>
      <trkpt lat="32.94804339297116" lon="-116.48960242979228">
        <time>2005-05-01T07:55:30-07:00</time>
      </trkpt>
      <trkpt lat="32.948058396577835" lon="-116.48960930295289">
        <time>2005-05-01T07:55:37-07:00</time>
      </trkpt>
      <trkpt lat="32.94809586368501" lon="-116.4896344486624">
        <time>2005-05-01T07:55:43-07:00</time>
      </trkpt>
      <trkpt lat="32.948105838149786" lon="-116.48964098654687">
        <time>2005-05-01T07:55:47-07:00</time>
      </trkpt>
      <trkpt lat="32.94816233217716" lon="-116.48969035595655">
        <time>2005-05-01T07:55:50-07:00</time>
      </trkpt>
      <trkpt lat="32.948222514241934" lon="-116.4897467661649">
        <time>2005-05-01T07:55:51-07:00</time>
      </trkpt>
      <trkpt lat="32.9482364282012" lon="-116.48976755328476">
        <time>2005-05-01T07:55:56-07:00</time>
      </trkpt>
      <trkpt lat="32.94827297329903" lon="-116.48982186801732">
        <time>2005-05-01T07:55:57-07:00</time>
      </trkpt>
      <trkpt lat="32.948305662721395" lon="-116.48984885774553">
        <time>2005-05-01T07:56:01-07:00</time>
      </trkpt>
      <trkpt lat="32.94834514148533" lon="-116.48987819440663">
        <time>2005-05-01T07:56:02-07:00</time>
      </trkpt>
      <trkpt lat="32.94836685061455" lon="-116.48989462293684">
        <time>2005-05-01T07:56:08-07:00</time>
      </trkpt>
      <trkpt lat="32.948409765958786" lon="-116.48994910530746">
        <time>2005-05-01T07:56:14-07:00</time>
      </trkpt>
      <trkpt lat="32.94841328635812" lon="-116.48995983414352">
        <time>2005-05-01T07:56:16-07:00</time>
      </trkpt>
      <trkpt lat="32.948441952466965" lon="-116.49000316858292">
        <time>2005-05-01T07:56:22-07:00</time>
      </trkpt>
      <trkpt lat="32.948471792042255" lon="-116.49004030041397">
        <time>2005-05-01T07:56:25-07:00</time>
      </trkpt>
      <trkpt lat="32.9484972730279" lon="-116.4900734089315">
        <time>2005-05-01T07:56:29-07:00</time>
      </trkpt>
      <trkpt lat="32.94851713813841" lon="-116.49010257795453">
        <time>2005-05-01T07:56:31-07:00</time>
      </trkpt>
      <trkpt lat="32.94852828606963" lon="-116.4901352673769">
        <time>2005-05-01T07:56:36-07:00</time>
      </trkpt>
      <trkpt lat="32.94854630716145" lon="-116.49018195457757">
        <time>2005-05-01T07:56:37-07:00</time>
      </trkpt>
      <trkpt lat="32.948559299111366" lon="-116.49022084660828">
        <time>2005-05-01T07:56:41-07:00</time>
      </trkpt>
      <trkpt lat="32.948572374880314" lon="-116.4902663603425">
        <time>2005-05-01T07:56:45-07:00</time>
      </trkpt>
      <trkpt lat="32.94859995134175" lon="-116.49034900590777">
        <time>2005-05-01T07:56:48-07:00</time>
      </trkpt>
      <trkpt lat="32.94860380701721" lon="-116.49036141112447">
        <time>2005-05-01T07:56:51-07:00</time>
      </trkpt>
      <trkpt lat="32.948608165606856" lon="-116.49043676443398">
        <time>2005-05-01T07:56:54-07:00</time>
      </trkpt>
      <trkpt lat="32.94862107373774" lon="-116.49051840417087">
        <time>2005-05-01T07:56:58-07:00</time>
      </trkpt>
      <trkpt lat="32.94863381423056" lon="-116.49056006222963">
        <time>2005-05-01T07:57:01-07:00</time>
      </trkpt>
      <trkpt lat="32.94865292496979" lon="-116.49062351323664">
        <time>2005-05-01T07:57:04-07:00</time>
      </trkpt>
      <trkpt lat="32.948676561936736" lon="-116.4907463081181">
        <time>2005-05-01T07:57:10-07:00</time>
      </trkpt>
      <trkpt lat="32.94865275733173" lon="-116.49086222983897">
        <time>2005-05-01T07:57:11-07:00</time>
      </trkpt>
      <trkpt lat="32.94860917143524" lon="-116.4909413550049">
        <time>2005-05-01T07:57:17-07:00</time>
      </trkpt>
      <trkpt lat="32.94859039597213" lon="-116.49098267778754">
        <time>2005-05-01T07:57:23-07:00</time>
      </trkpt>
      <trkpt lat="32.94855762273073" lon="-116.49105400778353">
        <time>2005-05-01T07:57:26-07:00</time>
      </trkpt>
      <trkpt lat="32.94851562939584" lon="-116.49113179184496">
        <time>2005-05-01T07:57:30-07:00</time>
      </trkpt>
      <trkpt lat="32.94844496995211" lon="-116.49120379239321">
        <time>2005-05-01T07:57:38-07:00</time>
      </trkpt>
      <trkpt lat="32.94839057140052" lon="-116.4912822470069">
        <time>2005-05-01T07:57:46-07:00</time>
      </trkpt>
      <trkpt lat="32.948376070708036" lon="-116.49135089479387">
        <time>2005-05-01T07:57:52-07:00</time>
      </trkpt>
      <trkpt lat="32.948339777067304" lon="-116.49144703522325">
        <time>2005-05-01T07:57:55-07:00</time>
      </trkpt>
      <trkpt lat="32.94830524362624" lon="-116.49150897748768">
        <time>2005-05-01T07:58:00-07:00</time>
      </trkpt>
      <trkpt lat="32.94826056808233" lon="-116.49156656116247">
        <time>2005-05-01T07:58:07-07:00</time>
      </trkpt>
      <trkpt lat="32.94824053533375" lon="-116.49158944375813">
        <time>2005-05-01T07:58:15-07:00</time>
      </trkpt>
      <trkpt lat="32.94824346899986" lon="-116.49159472435713">
        <time>2005-05-01T07:58:21-07:00</time>
      </trkpt>
      <trkpt lat="32.94824346899986" lon="-116.49159472435713">
        <time>2005-05-01T07:58:26-07:00</time>
      </trkpt>
      <trkpt lat="32.948248414322734" lon="-116.49160050787032">
        <time>2005-05-01T07:58:33-07:00</time>
      </trkpt>
      <trkpt lat="32.948248414322734" lon="-116.49160084314644">
        <time>2005-05-01T07:58:38-07:00</time>
      </trkpt>
      <trkpt lat="32.94824816286564" lon="-116.49160117842257">
        <time>2005-05-01T07:58:43-07:00</time>
      </trkpt>
      <trkpt lat="32.94824782758951" lon="-116.49160117842257">
        <time>2005-05-01T07:58:46-07:00</time>
      </trkpt>
      <trkpt lat="32.94822762720287" lon="-116.49162959307432">
        <time>2005-05-01T07:58:47-07:00</time>
      </trkpt>
      <trkpt lat="32.94816090725362" lon="-116.4916977379471">
        <time>2005-05-01T07:58:49-07:00</time>
      </trkpt>
      <trkpt lat="32.94815235771239" lon="-116.49170771241188">
        <time>2005-05-01T07:59:00-07:00</time>
      </trkpt>
      <trkpt lat="32.94814523309469" lon="-116.49174383841455">
        <time>2005-05-01T07:59:03-07:00</time>
      </trkpt>
      <trkpt lat="32.94813978485763" lon="-116.49177099578083">
        <time>2005-05-01T07:59:06-07:00</time>
      </trkpt>
      <trkpt lat="32.948134671896696" lon="-116.4918377995491">
        <time>2005-05-01T07:59:10-07:00</time>
      </trkpt>
      <trkpt lat="32.9481360130012" lon="-116.49186495691538">
        <time>2005-05-01T07:59:13-07:00</time>
      </trkpt>
      <trkpt lat="32.94814464636147" lon="-116.4919139072299">
        <time>2005-05-01T07:59:20-07:00</time>
      </trkpt>
      <trkpt lat="32.94819099828601" lon="-116.49197014980018">
        <time>2005-05-01T07:59:21-07:00</time>
      </trkpt>
      <trkpt lat="32.948209354653955" lon="-116.49198984727263">
        <time>2005-05-01T07:59:24-07:00</time>
      </trkpt>
      <trkpt lat="32.94823760166764" lon="-116.49202832020819">
        <time>2005-05-01T07:59:26-07:00</time>
      </trkpt>
      <trkpt lat="32.94827573932707" lon="-116.4920677151531">
        <time>2005-05-01T07:59:31-07:00</time>
      </trkpt>
      <trkpt lat="32.94829568825662" lon="-116.49208481423557">
        <time>2005-05-01T07:59:33-07:00</time>
      </trkpt>
      <trkpt lat="32.94833868741989" lon="-116.49212747812271">
        <time>2005-05-01T07:59:39-07:00</time>
      </trkpt>
      <trkpt lat="32.94834891334176" lon="-116.49213870987296">
        <time>2005-05-01T07:59:45-07:00</time>
      </trkpt>
      <trkpt lat="32.948371628299356" lon="-116.49220794439316">
        <time>2005-05-01T07:59:47-07:00</time>
      </trkpt>
      <trkpt lat="32.94836643151939" lon="-116.49222001433372">
        <time>2005-05-01T07:59:51-07:00</time>
      </trkpt>
      <trkpt lat="32.948359809815884" lon="-116.49224323220551">
        <time>2005-05-01T07:59:55-07:00</time>
      </trkpt>
      <trkpt lat="32.948354026302695" lon="-116.49227717891335">
        <time>2005-05-01T07:59:57-07:00</time>
      </trkpt>
      <trkpt lat="32.94832359999418" lon="-116.49231791496277">
        <time>2005-05-01T08:00:02-07:00</time>
      </trkpt>
      <trkpt lat="32.94830063357949" lon="-116.4923404622823">
        <time>2005-05-01T08:00:03-07:00</time>
      </trkpt>
      <trkpt lat="32.94824958778918" lon="-116.492392513901">
        <time>2005-05-01T08:00:08-07:00</time>
      </trkpt>
      <trkpt lat="32.94820474460721" lon="-116.49240734986961">
        <time>2005-05-01T08:00:09-07:00</time>
      </trkpt>
      <trkpt lat="32.94817540794611" lon="-116.49241514503956">
        <time>2005-05-01T08:00:11-07:00</time>
      </trkpt>
      <trkpt lat="32.948175659403205" lon="-116.49241556413472">
        <time>2005-05-01T08:00:13-07:00</time>
      </trkpt>
      <trkpt lat="32.948175659403205" lon="-116.4924165699631">
        <time>2005-05-01T08:00:16-07:00</time>
      </trkpt>
      <trkpt lat="32.948133163154125" lon="-116.49244976229966">
        <time>2005-05-01T08:00:18-07:00</time>
      </trkpt>
      <trkpt lat="32.94807909987867" lon="-116.49248488247395">
        <time>2005-05-01T08:00:24-07:00</time>
      </trkpt>
      <trkpt lat="32.94800986535847" lon="-116.49251505732536">
        <time>2005-05-01T08:00:30-07:00</time>
      </trkpt>
      <trkpt lat="32.947965608909726" lon="-116.49252251721919">
        <time>2005-05-01T08:00:37-07:00</time>
      </trkpt>
      <trkpt lat="32.94795119203627" lon="-116.49252511560917">
        <time>2005-05-01T08:00:38-07:00</time>
      </trkpt>
      <trkpt lat="32.94789142906666" lon="-116.49254338815808">
        <time>2005-05-01T08:00:47-07:00</time>
      </trkpt>
      <trkpt lat="32.9478563927114" lon="-116.49260038509965">
        <time>2005-05-01T08:00:52-07:00</time>
      </trkpt>
      <trkpt lat="32.94781347736716" lon="-116.49266836233437">
        <time>2005-05-01T08:00:58-07:00</time>
      </trkpt>
      <trkpt lat="32.947816578671336" lon="-116.49269945919514">
        <time>2005-05-01T08:01:05-07:00</time>
      </trkpt>
      <trkpt lat="32.94783879071474" lon="-116.49278302676976">
        <time>2005-05-01T08:01:09-07:00</time>
      </trkpt>
      <trkpt lat="32.947896709665656" lon="-116.4928323123604">
        <time>2005-05-01T08:01:10-07:00</time>
      </trkpt>
      <trkpt lat="32.9479515273124" lon="-116.49290196597576">
        <time>2005-05-01T08:01:16-07:00</time>
      </trkpt>
      <trkpt lat="32.948008524253964" lon="-116.49295669980347">
        <time>2005-05-01T08:01:21-07:00</time>
      </trkpt>
      <trkpt lat="32.948022689670324" lon="-116.49297354742885">
        <time>2005-05-01T08:01:27-07:00</time>
      </trkpt>
      <trkpt lat="32.94807272963226" lon="-116.49303548969328">
        <time>2005-05-01T08:01:29-07:00</time>
      </trkpt>
      <trkpt lat="32.9481397010386" lon="-116.49309081025422">
        <time>2005-05-01T08:01:35-07:00</time>
      </trkpt>
      <trkpt lat="32.94817306101322" lon="-116.49312500841916">
        <time>2005-05-01T08:01:41-07:00</time>
      </trkpt>
      <trkpt lat="32.948196697980165" lon="-116.49314319714904">
        <time>2005-05-01T08:01:47-07:00</time>
      </trkpt>
      <trkpt lat="32.948263082653284" lon="-116.49322207085788">
        <time>2005-05-01T08:01:53-07:00</time>
      </trkpt>
      <trkpt lat="32.948317816480994" lon="-116.49328283965588">
        <time>2005-05-01T08:01:55-07:00</time>
      </trkpt>
      <trkpt lat="32.94832753948867" lon="-116.49329306557775">
        <time>2005-05-01T08:02:01-07:00</time>
      </trkpt>
      <trkpt lat="32.948393169790506" lon="-116.49335852824152">
        <time>2005-05-01T08:02:07-07:00</time>
      </trkpt>
      <trkpt lat="32.948444467037916" lon="-116.4934351388365">
        <time>2005-05-01T08:02:11-07:00</time>
      </trkpt>
      <trkpt lat="32.948441030457616" lon="-116.49346908554435">
        <time>2005-05-01T08:02:13-07:00</time>
      </trkpt>
      <trkpt lat="32.94841253198683" lon="-116.49352834559977">
        <time>2005-05-01T08:02:21-07:00</time>
      </trkpt>
      <trkpt lat="32.94836609624326" lon="-116.49359389208257">
        <time>2005-05-01T08:02:26-07:00</time>
      </trkpt>
      <trkpt lat="32.9482932575047" lon="-116.49363555014133">
        <time>2005-05-01T08:02:27-07:00</time>
      </trkpt>
      <trkpt lat="32.94820172712207" lon="-116.49364183656871">
        <time>2005-05-01T08:02:34-07:00</time>
      </trkpt>
      <trkpt lat="32.948114052414894" lon="-116.49365097284317">
        <time>2005-05-01T08:02:41-07:00</time>
      </trkpt>
      <trkpt lat="32.94802436605096" lon="-116.49367268197238">
        <time>2005-05-01T08:02:43-07:00</time>
      </trkpt>
      <trkpt lat="32.94794054701924" lon="-116.4936698321253">
        <time>2005-05-01T08:02:47-07:00</time>
      </trkpt>
      <trkpt lat="32.9478548001498" lon="-116.49362063035369">
        <time>2005-05-01T08:02:53-07:00</time>
      </trkpt>
      <trkpt lat="32.94784742407501" lon="-116.4936145953834">
        <time>2005-05-01T08:02:59-07:00</time>
      </trkpt>
      <trkpt lat="32.94779964722693" lon="-116.49356204085052">
        <time>2005-05-01T08:03:06-07:00</time>
      </trkpt>
      <trkpt lat="32.94776025228202" lon="-116.49353588931262">
        <time>2005-05-01T08:03:13-07:00</time>
      </trkpt>
      <trkpt lat="32.94773703441024" lon="-116.49352239444852">
        <time>2005-05-01T08:03:21-07:00</time>
      </trkpt>
      <trkpt lat="32.9477062728256" lon="-116.49350563064218">
        <time>2005-05-01T08:03:29-07:00</time>
      </trkpt>
      <trkpt lat="32.94766930863261" lon="-116.49348869919777">
        <time>2005-05-01T08:03:36-07:00</time>
      </trkpt>
      <trkpt lat="32.94757911935449" lon="-116.49348023347557">
        <time>2005-05-01T08:03:37-07:00</time>
      </trkpt>
      <trkpt lat="32.94751273468137" lon="-116.49350764229894">
        <time>2005-05-01T08:03:42-07:00</time>
      </trkpt>
      <trkpt lat="32.94750309549272" lon="-116.49351258762181">
        <time>2005-05-01T08:03:45-07:00</time>
      </trkpt>
      <trkpt lat="32.9474488645792" lon="-116.49354862980545">
        <time>2005-05-01T08:03:47-07:00</time>
      </trkpt>
      <trkpt lat="32.94739563949406" lon="-116.49359934031963">
        <time>2005-05-01T08:03:50-07:00</time>
      </trkpt>
      <trkpt lat="32.94733067974448" lon="-116.49365692399442">
        <time>2005-05-01T08:03:53-07:00</time>
      </trkpt>
      <trkpt lat="32.947254069149494" lon="-116.49371811188757">
        <time>2005-05-01T08:04:00-07:00</time>
      </trkpt>
      <trkpt lat="32.94723965227604" lon="-116.49373470805585">
        <time>2005-05-01T08:04:06-07:00</time>
      </trkpt>
      <trkpt lat="32.9472038615495" lon="-116.49377477355301">
        <time>2005-05-01T08:04:07-07:00</time>
      </trkpt>
      <trkpt lat="32.94714669696987" lon="-116.49383638054132">
        <time>2005-05-01T08:04:13-07:00</time>
      </trkpt>
      <trkpt lat="32.947139320895076" lon="-116.49384895339608">
        <time>2005-05-01T08:04:18-07:00</time>
      </trkpt>
      <trkpt lat="32.94709598645568" lon="-116.49390854872763">
        <time>2005-05-01T08:04:25-07:00</time>
      </trkpt>
      <trkpt lat="32.94706271030009" lon="-116.49396437220275">
        <time>2005-05-01T08:04:32-07:00</time>
      </trkpt>
      <trkpt lat="32.94705466367304" lon="-116.49397459812462">
        <time>2005-05-01T08:04:34-07:00</time>
      </trkpt>
      <trkpt lat="32.94701149687171" lon="-116.49402748793364">
        <time>2005-05-01T08:04:38-07:00</time>
      </trkpt>
      <trkpt lat="32.94695877470076" lon="-116.49409060366452">
        <time>2005-05-01T08:04:44-07:00</time>
      </trkpt>
      <trkpt lat="32.946944274008274" lon="-116.49412589147687">
        <time>2005-05-01T08:04:45-07:00</time>
      </trkpt>
      <trkpt lat="32.94692097231746" lon="-116.49416210129857">
        <time>2005-05-01T08:04:51-07:00</time>
      </trkpt>
      <trkpt lat="32.94686540029943" lon="-116.49422379210591">
        <time>2005-05-01T08:04:56-07:00</time>
      </trkpt>
      <trkpt lat="32.946831872686744" lon="-116.49426679126918">
        <time>2005-05-01T08:04:57-07:00</time>
      </trkpt>
      <trkpt lat="32.946773367002606" lon="-116.49432982318103">
        <time>2005-05-01T08:05:02-07:00</time>
      </trkpt>
      <trkpt lat="32.94675014913082" lon="-116.49436418898404">
        <time>2005-05-01T08:05:08-07:00</time>
      </trkpt>
      <trkpt lat="32.94673405587673" lon="-116.49438329972327">
        <time>2005-05-01T08:05:11-07:00</time>
      </trkpt>
      <trkpt lat="32.946695582941175" lon="-116.49442814290524">
        <time>2005-05-01T08:05:14-07:00</time>
      </trkpt>
      <trkpt lat="32.94668124988675" lon="-116.49444121867418">
        <time>2005-05-01T08:05:20-07:00</time>
      </trkpt>
      <trkpt lat="32.9466388374567" lon="-116.49448078125715">
        <time>2005-05-01T08:05:25-07:00</time>
      </trkpt>
      <trkpt lat="32.94661805033684" lon="-116.4945390354842">
        <time>2005-05-01T08:05:32-07:00</time>
      </trkpt>
      <trkpt lat="32.94662643224001" lon="-116.49455554783344">
        <time>2005-05-01T08:05:35-07:00</time>
      </trkpt>
      <trkpt lat="32.946674041450024" lon="-116.49459443986416">
        <time>2005-05-01T08:05:37-07:00</time>
      </trkpt>
      <trkpt lat="32.94673003256321" lon="-116.49461346678436">
        <time>2005-05-01T08:05:42-07:00</time>
      </trkpt>
      <trkpt lat="32.946777641773224" lon="-116.49462277069688">
        <time>2005-05-01T08:05:44-07:00</time>
      </trkpt>
      <trkpt lat="32.94679683633149" lon="-116.49462880566716">
        <time>2005-05-01T08:05:49-07:00</time>
      </trkpt>
      <trkpt lat="32.94686338864267" lon="-116.49465789087117">
        <time>2005-05-01T08:05:53-07:00</time>
      </trkpt>
      <trkpt lat="32.94692105613649" lon="-116.49465705268085">
        <time>2005-05-01T08:05:54-07:00</time>
      </trkpt>
      <trkpt lat="32.94697972945869" lon="-116.4946407917887">
        <time>2005-05-01T08:05:59-07:00</time>
      </trkpt>
      <trkpt lat="32.94704309664667" lon="-116.49462645873427">
        <time>2005-05-01T08:06:04-07:00</time>
      </trkpt>
      <trkpt lat="32.94712104834616" lon="-116.49462075904012">
        <time>2005-05-01T08:06:08-07:00</time>
      </trkpt>
      <trkpt lat="32.94719807803631" lon="-116.49463132023811">
        <time>2005-05-01T08:06:10-07:00</time>
      </trkpt>
      <trkpt lat="32.94726856984198" lon="-116.49466736242175">
        <time>2005-05-01T08:06:16-07:00</time>
      </trkpt>
      <trkpt lat="32.947296146303415" lon="-116.49469745345414">
        <time>2005-05-01T08:06:21-07:00</time>
      </trkpt>
      <trkpt lat="32.94730922207236" lon="-116.494707679376">
        <time>2005-05-01T08:06:26-07:00</time>
      </trkpt>
      <trkpt lat="32.94735012575984" lon="-116.4947686996311">
        <time>2005-05-01T08:06:31-07:00</time>
      </trkpt>
      <trkpt lat="32.9473885986954" lon="-116.49482469074428">
        <time>2005-05-01T08:06:37-07:00</time>
      </trkpt>
      <trkpt lat="32.94743629172444" lon="-116.49491161108017">
        <time>2005-05-01T08:06:43-07:00</time>
      </trkpt>
      <trkpt lat="32.94750100001693" lon="-116.494982521981">
        <time>2005-05-01T08:06:50-07:00</time>
      </trkpt>
      <trkpt lat="32.94754860922694" lon="-116.49502937681973">
        <time>2005-05-01T08:06:54-07:00</time>
      </trkpt>
      <trkpt lat="32.947559924796224" lon="-116.49503465741873">
        <time>2005-05-01T08:06:55-07:00</time>
      </trkpt>
      <trkpt lat="32.94761608354747" lon="-116.49508260190487">
        <time>2005-05-01T08:07:01-07:00</time>
      </trkpt>
      <trkpt lat="32.94765841215849" lon="-116.49510028772056">
        <time>2005-05-01T08:07:06-07:00</time>
      </trkpt>
      <trkpt lat="32.94768028892577" lon="-116.49511856026947">
        <time>2005-05-01T08:07:13-07:00</time>
      </trkpt>
      <trkpt lat="32.94772915542126" lon="-116.49516625329852">
        <time>2005-05-01T08:07:20-07:00</time>
      </trkpt>
      <trkpt lat="32.94779051095247" lon="-116.49519776925445">
        <time>2005-05-01T08:07:25-07:00</time>
      </trkpt>
      <trkpt lat="32.94783694669604" lon="-116.49524370208383">
        <time>2005-05-01T08:07:26-07:00</time>
      </trkpt>
      <trkpt lat="32.94787793420255" lon="-116.49528862908483">
        <time>2005-05-01T08:07:31-07:00</time>
      </trkpt>
      <trkpt lat="32.94791975989938" lon="-116.49537320248783">
        <time>2005-05-01T08:07:35-07:00</time>
      </trkpt>
      <trkpt lat="32.9479340929538" lon="-116.49545249529183">
        <time>2005-05-01T08:07:37-07:00</time>
      </trkpt>
      <trkpt lat="32.947960244491696" lon="-116.49551502428949">
        <time>2005-05-01T08:07:43-07:00</time>
      </trkpt>
      <trkpt lat="32.9479755833745" lon="-116.49554117582738">
        <time>2005-05-01T08:07:48-07:00</time>
      </trkpt>
      <trkpt lat="32.94799796305597" lon="-116.49555215612054">
        <time>2005-05-01T08:07:54-07:00</time>
      </trkpt>
      <trkpt lat="32.94802637770772" lon="-116.49556363932788">
        <time>2005-05-01T08:07:58-07:00</time>
      </trkpt>
      <trkpt lat="32.94810357503593" lon="-116.49558115750551">
        <time>2005-05-01T08:08:05-07:00</time>
      </trkpt>
      <trkpt lat="32.94813768938184" lon="-116.49559532292187">
        <time>2005-05-01T08:08:10-07:00</time>
      </trkpt>
      <trkpt lat="32.948187896981835" lon="-116.49563035927713">
        <time>2005-05-01T08:08:15-07:00</time>
      </trkpt>
      <trkpt lat="32.948238691315055" lon="-116.49564729072154">
        <time>2005-05-01T08:08:17-07:00</time>
      </trkpt>
      <trkpt lat="32.94826098717749" lon="-116.4956440217793">
        <time>2005-05-01T08:08:19-07:00</time>
      </trkpt>
      <trkpt lat="32.948275404050946" lon="-116.49563949555159">
        <time>2005-05-01T08:08:22-07:00</time>
      </trkpt>
      <trkpt lat="32.94832334853709" lon="-116.49561560712755">
        <time>2005-05-01T08:08:29-07:00</time>
      </trkpt>
      <trkpt lat="32.94836509041488" lon="-116.49558643810451">
        <time>2005-05-01T08:08:32-07:00</time>
      </trkpt>
      <trkpt lat="32.94840222224593" lon="-116.49553547613323">
        <time>2005-05-01T08:08:36-07:00</time>
      </trkpt>
      <trkpt lat="32.94840817339718" lon="-116.49552340619266">
        <time>2005-05-01T08:08:40-07:00</time>
      </trkpt>
      <trkpt lat="32.948473719879985" lon="-116.49547026492655">
        <time>2005-05-01T08:08:42-07:00</time>
      </trkpt>
      <trkpt lat="32.94848319143057" lon="-116.49546666070819">
        <time>2005-05-01T08:08:43-07:00</time>
      </trkpt>
      <trkpt lat="32.94849484227598" lon="-116.49546230211854">
        <time>2005-05-01T08:08:47-07:00</time>
      </trkpt>
      <trkpt lat="32.94858444482088" lon="-116.49545702151954">
        <time>2005-05-01T08:08:51-07:00</time>
      </trkpt>
      <trkpt lat="32.94859609566629" lon="-116.49545593187213">
        <time>2005-05-01T08:08:56-07:00</time>
      </trkpt>
      <trkpt lat="32.948671113699675" lon="-116.4954939018935">
        <time>2005-05-01T08:08:57-07:00</time>
      </trkpt>
      <trkpt lat="32.94869324192405" lon="-116.4955314528197">
        <time>2005-05-01T08:09:03-07:00</time>
      </trkpt>
      <trkpt lat="32.9487147834152" lon="-116.49556808173656">
        <time>2005-05-01T08:09:04-07:00</time>
      </trkpt>
      <trkpt lat="32.94875585474074" lon="-116.49566187523305">
        <time>2005-05-01T08:09:05-07:00</time>
      </trkpt>
      <trkpt lat="32.94879583641887" lon="-116.49572951719165">
        <time>2005-05-01T08:09:13-07:00</time>
      </trkpt>
      <trkpt lat="32.948831375688314" lon="-116.49581643752754">
        <time>2005-05-01T08:09:14-07:00</time>
      </trkpt>
      <trkpt lat="32.94885861687362" lon="-116.49593730457127">
        <time>2005-05-01T08:09:20-07:00</time>
      </trkpt>
      <trkpt lat="32.94886289164424" lon="-116.4960219617933">
        <time>2005-05-01T08:09:23-07:00</time>
      </trkpt>
      <trkpt lat="32.948896419256926" lon="-116.49610938504338">
        <time>2005-05-01T08:09:26-07:00</time>
      </trkpt>
      <trkpt lat="32.94890002347529" lon="-116.4961226284504">
        <time>2005-05-01T08:09:34-07:00</time>
      </trkpt>
      <trkpt lat="32.94893464073539" lon="-116.49622170254588">
        <time>2005-05-01T08:09:40-07:00</time>
      </trkpt>
      <trkpt lat="32.9490047134459" lon="-116.49629454128444">
        <time>2005-05-01T08:09:46-07:00</time>
      </trkpt>
      <trkpt lat="32.949027763679624" lon="-116.49630359373987">
        <time>2005-05-01T08:09:54-07:00</time>
      </trkpt>
      <trkpt lat="32.94903824105859" lon="-116.49629755876958">
        <time>2005-05-01T08:10:00-07:00</time>
      </trkpt>
      <trkpt lat="32.94905986636877" lon="-116.49628188461065">
        <time>2005-05-01T08:10:07-07:00</time>
      </trkpt>
      <trkpt lat="32.94907948002219" lon="-116.4962843991816">
        <time>2005-05-01T08:10:08-07:00</time>
      </trkpt>
      <trkpt lat="32.949133878573775" lon="-116.49628791958094">
        <time>2005-05-01T08:10:14-07:00</time>
      </trkpt>
      <trkpt lat="32.9492016043514" lon="-116.49630040861666">
        <time>2005-05-01T08:10:21-07:00</time>
      </trkpt>
      <trkpt lat="32.949289279058576" lon="-116.49633108638227">
        <time>2005-05-01T08:10:23-07:00</time>
      </trkpt>
      <trkpt lat="32.94934568926692" lon="-116.49635765701532">
        <time>2005-05-01T08:10:24-07:00</time>
      </trkpt>
      <trkpt lat="32.94942053966224" lon="-116.49638364091516">
        <time>2005-05-01T08:10:26-07:00</time>
      </trkpt>
      <trkpt lat="32.94944199733436" lon="-116.49639235809445">
        <time>2005-05-01T08:10:28-07:00</time>
      </trkpt>
      <trkpt lat="32.94951961375773" lon="-116.49643485434353">
        <time>2005-05-01T08:10:32-07:00</time>
      </trkpt>
      <trkpt lat="32.94958750717342" lon="-116.49646729230881">
        <time>2005-05-01T08:10:38-07:00</time>
      </trkpt>
      <trkpt lat="32.94959815219045" lon="-116.49647399783134">
        <time>2005-05-01T08:10:45-07:00</time>
      </trkpt>
      <trkpt lat="32.94966998510063" lon="-116.4965227805078">
        <time>2005-05-01T08:10:50-07:00</time>
      </trkpt>
      <trkpt lat="32.949740728363395" lon="-116.49658220820129">
        <time>2005-05-01T08:10:56-07:00</time>
      </trkpt>
      <trkpt lat="32.94980560429394" lon="-116.49663643911481">
        <time>2005-05-01T08:10:58-07:00</time>
      </trkpt>
      <trkpt lat="32.94985882937908" lon="-116.49669452570379">
        <time>2005-05-01T08:11:05-07:00</time>
      </trkpt>
      <trkpt lat="32.94993535615504" lon="-116.49676007218659">
        <time>2005-05-01T08:11:11-07:00</time>
      </trkpt>
      <trkpt lat="32.94999017380178" lon="-116.49682545103133">
        <time>2005-05-01T08:11:12-07:00</time>
      </trkpt>
      <trkpt lat="32.95002227649093" lon="-116.49687146767974">
        <time>2005-05-01T08:11:19-07:00</time>
      </trkpt>
      <trkpt lat="32.95005706138909" lon="-116.49693734943867">
        <time>2005-05-01T08:11:26-07:00</time>
      </trkpt>
      <trkpt lat="32.95009167864919" lon="-116.49702326394618">
        <time>2005-05-01T08:11:33-07:00</time>
      </trkpt>
      <trkpt lat="32.95012344606221" lon="-116.4970875531435">
        <time>2005-05-01T08:11:40-07:00</time>
      </trkpt>
      <trkpt lat="32.950138449668884" lon="-116.49710599333048">
        <time>2005-05-01T08:11:47-07:00</time>
      </trkpt>
      <trkpt lat="32.95018672943115" lon="-116.49715318344533">
        <time>2005-05-01T08:11:55-07:00</time>
      </trkpt>
      <trkpt lat="32.95022780075669" lon="-116.49721805937588">
        <time>2005-05-01T08:12:00-07:00</time>
      </trkpt>
      <trkpt lat="32.95023551210761" lon="-116.49728025309741">
        <time>2005-05-01T08:12:06-07:00</time>
      </trkpt>
      <trkpt lat="32.95020014047623" lon="-116.49734881706536">
        <time>2005-05-01T08:12:13-07:00</time>
      </trkpt>
      <trkpt lat="32.950169295072556" lon="-116.49740187451243">
        <time>2005-05-01T08:12:18-07:00</time>
      </trkpt>
      <trkpt lat="32.950160410255194" lon="-116.49741117842495">
        <time>2005-05-01T08:12:20-07:00</time>
      </trkpt>
      <trkpt lat="32.95009972527623" lon="-116.49746591225266">
        <time>2005-05-01T08:12:25-07:00</time>
      </trkpt>
      <trkpt lat="32.95008094981313" lon="-116.49749600328505">
        <time>2005-05-01T08:12:31-07:00</time>
      </trkpt>
      <trkpt lat="32.95006737112999" lon="-116.49751419201493">
        <time>2005-05-01T08:12:36-07:00</time>
      </trkpt>
      <trkpt lat="32.95002051629126" lon="-116.49757605046034">
        <time>2005-05-01T08:12:42-07:00</time>
      </trkpt>
      <trkpt lat="32.94999025762081" lon="-116.49762240238488">
        <time>2005-05-01T08:12:47-07:00</time>
      </trkpt>
      <trkpt lat="32.949982127174735" lon="-116.49763346649706">
        <time>2005-05-01T08:12:48-07:00</time>
      </trkpt>
      <trkpt lat="32.949938206002116" lon="-116.49769247509539">
        <time>2005-05-01T08:12:54-07:00</time>
      </trkpt>
      <trkpt lat="32.94988422654569" lon="-116.49774444289505">
        <time>2005-05-01T08:12:57-07:00</time>
      </trkpt>
      <trkpt lat="32.94985891319811" lon="-116.49777637794614">
        <time>2005-05-01T08:12:59-07:00</time>
      </trkpt>
      <trkpt lat="32.94980535283685" lon="-116.49783748202026">
        <time>2005-05-01T08:13:05-07:00</time>
      </trkpt>
      <trkpt lat="32.94978389516473" lon="-116.49786933325231">
        <time>2005-05-01T08:13:09-07:00</time>
      </trkpt>
      <trkpt lat="32.9497576598078" lon="-116.49789774790406">
        <time>2005-05-01T08:13:10-07:00</time>
      </trkpt>
      <trkpt lat="32.94973460957408" lon="-116.49793680757284">
        <time>2005-05-01T08:13:16-07:00</time>
      </trkpt>
      <trkpt lat="32.94971516355872" lon="-116.4979594387114">
        <time>2005-05-01T08:13:21-07:00</time>
      </trkpt>
      <trkpt lat="32.94970049522817" lon="-116.49798383004963">
        <time>2005-05-01T08:13:24-07:00</time>
      </trkpt>
      <trkpt lat="32.9496746789664" lon="-116.49801584891975">
        <time>2005-05-01T08:13:31-07:00</time>
      </trkpt>
      <trkpt lat="32.94965120963752" lon="-116.49804325774312">
        <time>2005-05-01T08:13:34-07:00</time>
      </trkpt>
      <trkpt lat="32.949621034786105" lon="-116.49806396104395">
        <time>2005-05-01T08:13:37-07:00</time>
      </trkpt>
      <trkpt lat="32.94955565594137" lon="-116.49810327216983">
        <time>2005-05-01T08:13:41-07:00</time>
      </trkpt>
      <trkpt lat="32.949469573795795" lon="-116.49814702570438">
        <time>2005-05-01T08:13:44-07:00</time>
      </trkpt>
      <trkpt lat="32.94946102425456" lon="-116.49815465323627">
        <time>2005-05-01T08:13:46-07:00</time>
      </trkpt>
      <trkpt lat="32.94939732179046" lon="-116.49818549863994">
        <time>2005-05-01T08:13:49-07:00</time>
      </trkpt>
      <trkpt lat="32.94933018274605" lon="-116.49822120554745">
        <time>2005-05-01T08:13:52-07:00</time>
      </trkpt>
      <trkpt lat="32.94928131625056" lon="-116.49825397878885">
        <time>2005-05-01T08:13:56-07:00</time>
      </trkpt>
      <trkpt lat="32.94920948334038" lon="-116.49829773232341">
        <time>2005-05-01T08:14:02-07:00</time>
      </trkpt>
      <trkpt lat="32.94914058409631" lon="-116.4983289130032">
        <time>2005-05-01T08:14:10-07:00</time>
      </trkpt>
      <trkpt lat="32.949072355404496" lon="-116.49836386553943">
        <time>2005-05-01T08:14:11-07:00</time>
      </trkpt>
      <trkpt lat="32.94900597073138" lon="-116.49842002429068">
        <time>2005-05-01T08:14:17-07:00</time>
      </trkpt>
      <trkpt lat="32.94895123690367" lon="-116.49846587330103">
        <time>2005-05-01T08:14:23-07:00</time>
      </trkpt>
      <trkpt lat="32.9489444475621" lon="-116.49847341701388">
        <time>2005-05-01T08:14:28-07:00</time>
      </trkpt>
      <trkpt lat="32.9489185474813" lon="-116.49852798320353">
        <time>2005-05-01T08:14:35-07:00</time>
      </trkpt>
      <trkpt lat="32.94887512922287" lon="-116.49860098958015">
        <time>2005-05-01T08:14:41-07:00</time>
      </trkpt>
      <trkpt lat="32.94883850030601" lon="-116.49864306673408">
        <time>2005-05-01T08:14:47-07:00</time>
      </trkpt>
      <trkpt lat="32.94879357330501" lon="-116.49869436398149">
        <time>2005-05-01T08:14:54-07:00</time>
      </trkpt>
      <trkpt lat="32.94879307039082" lon="-116.49870098568499">
        <time>2005-05-01T08:14:59-07:00</time>
      </trkpt>
      <trkpt lat="32.94879307039082" lon="-116.49870098568499">
        <time>2005-05-01T08:15:00-07:00</time>
      </trkpt>
      <trkpt lat="32.94879307039082" lon="-116.49870098568499">
        <time>2005-05-01T08:15:05-07:00</time>
      </trkpt>
      <trkpt lat="32.94879307039082" lon="-116.49870098568499">
        <time>2005-05-01T08:15:11-07:00</time>
      </trkpt>
      <trkpt lat="32.94879307039082" lon="-116.49870098568499">
        <time>2005-05-01T08:15:18-07:00</time>
      </trkpt>
      <trkpt lat="32.94879307039082" lon="-116.49870098568499">
        <time>2005-05-01T08:15:25-07:00</time>
      </trkpt>
      <trkpt lat="32.94879307039082" lon="-116.49870098568499">
        <time>2005-05-01T08:15:29-07:00</time>
      </trkpt>
      <trkpt lat="32.94879307039082" lon="-116.49870098568499">
        <time>2005-05-01T08:15:32-07:00</time>
      </trkpt>
      <trkpt lat="32.94879307039082" lon="-116.49870098568499">
        <time>2005-05-01T08:15:35-07:00</time>
      </trkpt>
      <trkpt lat="32.94879307039082" lon="-116.49870098568499">
        <time>2005-05-01T08:15:40-07:00</time>
      </trkpt>
      <trkpt lat="32.94879307039082" lon="-116.49870098568499">
        <time>2005-05-01T08:15:50-07:00</time>
      </trkpt>
      <trkpt lat="32.94879307039082" lon="-116.49870098568499">
        <time>2005-05-01T08:15:54-07:00</time>
      </trkpt>
      <trkpt lat="32.94879307039082" lon="-116.49870098568499">
        <time>2005-05-01T08:15:57-07:00</time>
      </trkpt>
      <trkpt lat="32.94879307039082" lon="-116.49870098568499">
        <time>2005-05-01T08:16:07-07:00</time>
      </trkpt>
      <trkpt lat="32.94879307039082" lon="-116.49870098568499">
        <time>2005-05-01T08:16:17-07:00</time>
      </trkpt>
      <trkpt lat="32.94879307039082" lon="-116.49870098568499">
        <time>2005-05-01T08:16:23-07:00</time>
      </trkpt>
      <trkpt lat="32.94879307039082" lon="-116.49870098568499">
        <time>2005-05-01T08:16:27-07:00</time>
      </trkpt>
      <trkpt lat="32.94879307039082" lon="-116.49870098568499">
        <time>2005-05-01T08:16:29-07:00</time>
      </trkpt>
      <trkpt lat="32.9487890470773" lon="-116.49870115332305">
        <time>2005-05-01T08:16:40-07:00</time>
      </trkpt>
      <trkpt lat="32.94878703542054" lon="-116.49870215915143">
        <time>2005-05-01T08:16:47-07:00</time>
      </trkpt>
      <trkpt lat="32.94878317974508" lon="-116.49870785884559">
        <time>2005-05-01T08:16:49-07:00</time>
      </trkpt>
      <trkpt lat="32.94879307039082" lon="-116.49870098568499">
        <time>2005-05-01T08:16:55-07:00</time>
      </trkpt>
      <trkpt lat="32.94877748005092" lon="-116.49870953522623">
        <time>2005-05-01T08:16:56-07:00</time>
      </trkpt>
      <trkpt lat="32.94877748005092" lon="-116.49870953522623">
        <time>2005-05-01T08:17:07-07:00</time>
      </trkpt>
      <trkpt lat="32.94877748005092" lon="-116.49870953522623">
        <time>2005-05-01T08:17:18-07:00</time>
      </trkpt>
      <trkpt lat="32.94877748005092" lon="-116.49870953522623">
        <time>2005-05-01T08:17:31-07:00</time>
      </trkpt>
      <trkpt lat="32.94877748005092" lon="-116.49870953522623">
        <time>2005-05-01T08:17:37-07:00</time>
      </trkpt>
      <trkpt lat="32.94877748005092" lon="-116.49870953522623">
        <time>2005-05-01T08:17:46-07:00</time>
      </trkpt>
      <trkpt lat="32.94877748005092" lon="-116.49870953522623">
        <time>2005-05-01T08:17:53-07:00</time>
      </trkpt>
      <trkpt lat="32.94877748005092" lon="-116.49870953522623">
        <time>2005-05-01T08:17:59-07:00</time>
      </trkpt>
      <trkpt lat="32.94877748005092" lon="-116.49870953522623">
        <time>2005-05-01T08:18:00-07:00</time>
      </trkpt>
      <trkpt lat="32.94877748005092" lon="-116.49870953522623">
        <time>2005-05-01T08:18:06-07:00</time>
      </trkpt>
      <trkpt lat="32.94877748005092" lon="-116.49870953522623">
        <time>2005-05-01T08:18:07-07:00</time>
      </trkpt>
      <trkpt lat="32.94877748005092" lon="-116.49870953522623">
        <time>2005-05-01T08:18:15-07:00</time>
      </trkpt>
      <trkpt lat="32.94877706095576" lon="-116.49872085079551">
        <time>2005-05-01T08:18:18-07:00</time>
      </trkpt>
      <trkpt lat="32.94877823442221" lon="-116.49872210808098">
        <time>2005-05-01T08:18:28-07:00</time>
      </trkpt>
      <trkpt lat="32.94877882115543" lon="-116.49872219190001">
        <time>2005-05-01T08:18:38-07:00</time>
      </trkpt>
      <trkpt lat="32.94880396686494" lon="-116.49873602204025">
        <time>2005-05-01T08:18:46-07:00</time>
      </trkpt>
      <trkpt lat="32.948864568024874" lon="-116.4987364411354">
        <time>2005-05-01T08:18:54-07:00</time>
      </trkpt>
      <trkpt lat="32.94892877340317" lon="-116.49872520938516">
        <time>2005-05-01T08:19:00-07:00</time>
      </trkpt>
      <trkpt lat="32.94900077395141" lon="-116.49869553744793">
        <time>2005-05-01T08:19:05-07:00</time>
      </trkpt>
      <trkpt lat="32.9490583576262" lon="-116.4987055119127">
        <time>2005-05-01T08:19:13-07:00</time>
      </trkpt>
      <trkpt lat="32.94905601069331" lon="-116.49870383553207">
        <time>2005-05-01T08:19:16-07:00</time>
      </trkpt>
      <trkpt lat="32.94905592687428" lon="-116.49870383553207">
        <time>2005-05-01T08:19:20-07:00</time>
      </trkpt>
      <trkpt lat="32.94908911921084" lon="-116.49871196597815">
        <time>2005-05-01T08:19:26-07:00</time>
      </trkpt>
      <trkpt lat="32.94915273785591" lon="-116.49871037341654">
        <time>2005-05-01T08:19:32-07:00</time>
      </trkpt>
      <trkpt lat="32.9492224752903" lon="-116.49872789159417">
        <time>2005-05-01T08:19:38-07:00</time>
      </trkpt>
      <trkpt lat="32.94923295266926" lon="-116.49872805923223">
        <time>2005-05-01T08:19:44-07:00</time>
      </trkpt>
      <trkpt lat="32.949254494160414" lon="-116.49873945862055">
        <time>2005-05-01T08:19:48-07:00</time>
      </trkpt>
      <trkpt lat="32.9492568410933" lon="-116.49873811751604">
        <time>2005-05-01T08:19:50-07:00</time>
      </trkpt>
      <trkpt lat="32.949279472231865" lon="-116.49873711168766">
        <time>2005-05-01T08:19:56-07:00</time>
      </trkpt>
      <trkpt lat="32.94928709976375" lon="-116.4987366925925">
        <time>2005-05-01T08:20:02-07:00</time>
      </trkpt>
      <trkpt lat="32.94935532845557" lon="-116.49874105118215">
        <time>2005-05-01T08:20:07-07:00</time>
      </trkpt>
      <trkpt lat="32.9493932146579" lon="-116.49874591268599">
        <time>2005-05-01T08:20:08-07:00</time>
      </trkpt>
      <trkpt lat="32.949416264891624" lon="-116.49874876253307">
        <time>2005-05-01T08:20:12-07:00</time>
      </trkpt>
      <trkpt lat="32.94946940615773" lon="-116.49875840172172">
        <time>2005-05-01T08:20:14-07:00</time>
      </trkpt>
      <trkpt lat="32.94953193515539" lon="-116.49876795709133">
        <time>2005-05-01T08:20:21-07:00</time>
      </trkpt>
      <trkpt lat="32.949642492458224" lon="-116.49876376613975">
        <time>2005-05-01T08:20:22-07:00</time>
      </trkpt>
      <trkpt lat="32.9497129842639" lon="-116.4987713098526">
        <time>2005-05-01T08:20:29-07:00</time>
      </trkpt>
      <trkpt lat="32.94975279830396" lon="-116.49877625517547">
        <time>2005-05-01T08:20:32-07:00</time>
      </trkpt>
      <trkpt lat="32.94976704753935" lon="-116.49877307005227">
        <time>2005-05-01T08:20:34-07:00</time>
      </trkpt>
      <trkpt lat="32.94979973696172" lon="-116.49876116774976">
        <time>2005-05-01T08:20:39-07:00</time>
      </trkpt>
      <trkpt lat="32.94981884770095" lon="-116.49875982664526">
        <time>2005-05-01T08:20:44-07:00</time>
      </trkpt>
      <trkpt lat="32.94990995898843" lon="-116.49877181276679">
        <time>2005-05-01T08:20:53-07:00</time>
      </trkpt>
      <trkpt lat="32.9499770142138" lon="-116.4987628441304">
        <time>2005-05-01T08:20:59-07:00</time>
      </trkpt>
      <trkpt lat="32.95000383630395" lon="-116.49875923991203">
        <time>2005-05-01T08:21:03-07:00</time>
      </trkpt>
      <trkpt lat="32.95005387626588" lon="-116.49876410141587">
        <time>2005-05-01T08:21:05-07:00</time>
      </trkpt>
      <trkpt lat="32.95007659122348" lon="-116.49876778945327">
        <time>2005-05-01T08:21:10-07:00</time>
      </trkpt>
      <trkpt lat="32.95013618655503" lon="-116.49876292794943">
        <time>2005-05-01T08:21:12-07:00</time>
      </trkpt>
      <trkpt lat="32.950216652825475" lon="-116.4987525343895">
        <time>2005-05-01T08:21:19-07:00</time>
      </trkpt>
      <trkpt lat="32.950243474915624" lon="-116.49875949136913">
        <time>2005-05-01T08:21:25-07:00</time>
      </trkpt>
      <trkpt lat="32.95030784793198" lon="-116.49874473921955">
        <time>2005-05-01T08:21:31-07:00</time>
      </trkpt>
      <trkpt lat="32.95038009993732" lon="-116.49872596375644">
        <time>2005-05-01T08:21:35-07:00</time>
      </trkpt>
      <trkpt lat="32.95044698752463" lon="-116.49871146306396">
        <time>2005-05-01T08:21:37-07:00</time>
      </trkpt>
      <trkpt lat="32.95045595616102" lon="-116.49870308116078">
        <time>2005-05-01T08:21:42-07:00</time>
      </trkpt>
      <trkpt lat="32.95050222426653" lon="-116.49867944419384">
        <time>2005-05-01T08:21:48-07:00</time>
      </trkpt>
      <trkpt lat="32.95050851069391" lon="-116.49867097847164">
        <time>2005-05-01T08:21:50-07:00</time>
      </trkpt>
      <trkpt lat="32.95057564973831" lon="-116.498629655689">
        <time>2005-05-01T08:21:56-07:00</time>
      </trkpt>
      <trkpt lat="32.95062937773764" lon="-116.49862018413842">
        <time>2005-05-01T08:22:02-07:00</time>
      </trkpt>
      <trkpt lat="32.950639855116606" lon="-116.49861708283424">
        <time>2005-05-01T08:22:08-07:00</time>
      </trkpt>
      <trkpt lat="32.95068704523146" lon="-116.49860828183591">
        <time>2005-05-01T08:22:09-07:00</time>
      </trkpt>
      <trkpt lat="32.95069282874465" lon="-116.49860568344593">
        <time>2005-05-01T08:22:14-07:00</time>
      </trkpt>
      <trkpt lat="32.950702803209424" lon="-116.49860266596079">
        <time>2005-05-01T08:22:15-07:00</time>
      </trkpt>
      <trkpt lat="32.95073431916535" lon="-116.49861004203558">
        <time>2005-05-01T08:22:22-07:00</time>
      </trkpt>
      <trkpt lat="32.95075577683747" lon="-116.49861842393875">
        <time>2005-05-01T08:22:27-07:00</time>
      </trkpt>
      <trkpt lat="32.95078972354531" lon="-116.49862160906196">
        <time>2005-05-01T08:22:28-07:00</time>
      </trkpt>
      <trkpt lat="32.950821155682206" lon="-116.49860484525561">
        <time>2005-05-01T08:22:33-07:00</time>
      </trkpt>
      <trkpt lat="32.95082953758538" lon="-116.49859596043825">
        <time>2005-05-01T08:22:39-07:00</time>
      </trkpt>
      <trkpt lat="32.95085107907653" lon="-116.49856125935912">
        <time>2005-05-01T08:22:41-07:00</time>
      </trkpt>
      <trkpt lat="32.95086004771292" lon="-116.49854273535311">
        <time>2005-05-01T08:22:44-07:00</time>
      </trkpt>
      <trkpt lat="32.950884103775024" lon="-116.49852111004293">
        <time>2005-05-01T08:22:47-07:00</time>
      </trkpt>
      <trkpt lat="32.950892904773355" lon="-116.49852052330971">
        <time>2005-05-01T08:22:50-07:00</time>
      </trkpt>
      <trkpt lat="32.9508993588388" lon="-116.498505435884">
        <time>2005-05-01T08:22:53-07:00</time>
      </trkpt>
      <trkpt lat="32.95090732164681" lon="-116.4984935335815">
        <time>2005-05-01T08:22:54-07:00</time>
      </trkpt>
      <trkpt lat="32.950915955007076" lon="-116.49848992936313">
        <time>2005-05-01T08:22:58-07:00</time>
      </trkpt>
      <trkpt lat="32.95093121007085" lon="-116.49847551248968">
        <time>2005-05-01T08:23:00-07:00</time>
      </trkpt>
      <trkpt lat="32.95093825086951" lon="-116.49846788495779">
        <time>2005-05-01T08:23:03-07:00</time>
      </trkpt>
      <trkpt lat="32.95098007656634" lon="-116.49843703955412">
        <time>2005-05-01T08:23:04-07:00</time>
      </trkpt>
      <trkpt lat="32.95099130831659" lon="-116.49843569844961">
        <time>2005-05-01T08:23:06-07:00</time>
      </trkpt>
      <trkpt lat="32.95104017481208" lon="-116.49841097183526">
        <time>2005-05-01T08:23:08-07:00</time>
      </trkpt>
      <trkpt lat="32.95106582343578" lon="-116.49839621968567">
        <time>2005-05-01T08:23:09-07:00</time>
      </trkpt>
      <trkpt lat="32.95111410319805" lon="-116.4983894303441">
        <time>2005-05-01T08:23:13-07:00</time>
      </trkpt>
      <trkpt lat="32.951155761256814" lon="-116.49837702512741">
        <time>2005-05-01T08:23:15-07:00</time>
      </trkpt>
      <trkpt lat="32.951161125674844" lon="-116.4983740914613">
        <time>2005-05-01T08:23:20-07:00</time>
      </trkpt>
      <trkpt lat="32.9512083157897" lon="-116.49836889468133">
        <time>2005-05-01T08:23:21-07:00</time>
      </trkpt>
      <trkpt lat="32.95122633688152" lon="-116.4983605965972">
        <time>2005-05-01T08:23:26-07:00</time>
      </trkpt>
      <trkpt lat="32.95126045122743" lon="-116.49834802374244">
        <time>2005-05-01T08:23:29-07:00</time>
      </trkpt>
      <trkpt lat="32.951275957748294" lon="-116.4983328524977">
        <time>2005-05-01T08:23:34-07:00</time>
      </trkpt>
      <trkpt lat="32.95131392776966" lon="-116.49832539260387">
        <time>2005-05-01T08:23:40-07:00</time>
      </trkpt>
      <trkpt lat="32.95133823528886" lon="-116.49832296185195">
        <time>2005-05-01T08:23:41-07:00</time>
      </trkpt>
      <trkpt lat="32.95141442678869" lon="-116.49833167903125">
        <time>2005-05-01T08:23:45-07:00</time>
      </trkpt>
      <trkpt lat="32.95146823860705" lon="-116.49833804927766">
        <time>2005-05-01T08:23:47-07:00</time>
      </trkpt>
      <trkpt lat="32.951507633551955" lon="-116.49833670817316">
        <time>2005-05-01T08:23:51-07:00</time>
      </trkpt>
      <trkpt lat="32.95153805986047" lon="-116.49834190495312">
        <time>2005-05-01T08:23:53-07:00</time>
      </trkpt>
      <trkpt lat="32.951579885557294" lon="-116.49833201430738">
        <time>2005-05-01T08:23:57-07:00</time>
      </trkpt>
      <trkpt lat="32.95158248394728" lon="-116.49833142757416">
        <time>2005-05-01T08:23:59-07:00</time>
      </trkpt>
      <trkpt lat="32.95160905458033" lon="-116.49833159521222">
        <time>2005-05-01T08:24:05-07:00</time>
      </trkpt>
      <trkpt lat="32.95168231241405" lon="-116.49832807481289">
        <time>2005-05-01T08:24:10-07:00</time>
      </trkpt>
      <trkpt lat="32.95176143757999" lon="-116.49834299460053">
        <time>2005-05-01T08:24:13-07:00</time>
      </trkpt>
      <trkpt lat="32.95184508897364" lon="-116.49836227297783">
        <time>2005-05-01T08:24:16-07:00</time>
      </trkpt>
      <trkpt lat="32.95185707509518" lon="-116.49836101569235">
        <time>2005-05-01T08:24:22-07:00</time>
      </trkpt>
      <trkpt lat="32.95194483362138" lon="-116.49838482029736">
        <time>2005-05-01T08:24:25-07:00</time>
      </trkpt>
      <trkpt lat="32.95198732987046" lon="-116.49840150028467">
        <time>2005-05-01T08:24:28-07:00</time>
      </trkpt>
      <trkpt lat="32.95203619636595" lon="-116.49839689023793">
        <time>2005-05-01T08:24:34-07:00</time>
      </trkpt>
      <trkpt lat="32.952059833332896" lon="-116.49838473647833">
        <time>2005-05-01T08:24:41-07:00</time>
      </trkpt>
      <trkpt lat="32.95212118886411" lon="-116.49838817305863">
        <time>2005-05-01T08:24:49-07:00</time>
      </trkpt>
      <trkpt lat="32.95217684470117" lon="-116.49838431738317">
        <time>2005-05-01T08:24:50-07:00</time>
      </trkpt>
      <trkpt lat="32.95224926434457" lon="-116.49838247336447">
        <time>2005-05-01T08:24:57-07:00</time>
      </trkpt>
      <trkpt lat="32.95229762792587" lon="-116.49834986776114">
        <time>2005-05-01T08:25:00-07:00</time>
      </trkpt>
      <trkpt lat="32.952339202165604" lon="-116.49832136929035">
        <time>2005-05-01T08:25:05-07:00</time>
      </trkpt>
      <trkpt lat="32.952419333159924" lon="-116.4983035158366">
        <time>2005-05-01T08:25:07-07:00</time>
      </trkpt>
      <trkpt lat="32.95243282802403" lon="-116.49830175563693">
        <time>2005-05-01T08:25:12-07:00</time>
      </trkpt>
      <trkpt lat="32.952454620972276" lon="-116.49831114336848">
        <time>2005-05-01T08:25:17-07:00</time>
      </trkpt>
      <trkpt lat="32.952539613470435" lon="-116.49829236790538">
        <time>2005-05-01T08:25:23-07:00</time>
      </trkpt>
      <trkpt lat="32.95255755074322" lon="-116.49828750640154">
        <time>2005-05-01T08:25:27-07:00</time>
      </trkpt>
      <trkpt lat="32.952564004808664" lon="-116.49828465655446">
        <time>2005-05-01T08:25:31-07:00</time>
      </trkpt>
      <trkpt lat="32.95260054990649" lon="-116.49828038178384">
        <time>2005-05-01T08:25:37-07:00</time>
      </trkpt>
      <trkpt lat="32.95266106724739" lon="-116.49827719666064">
        <time>2005-05-01T08:25:38-07:00</time>
      </trkpt>
      <trkpt lat="32.952675400301814" lon="-116.49827317334712">
        <time>2005-05-01T08:25:41-07:00</time>
      </trkpt>
      <trkpt lat="32.95272812247276" lon="-116.4982842374593">
        <time>2005-05-01T08:25:49-07:00</time>
      </trkpt>
      <trkpt lat="32.952789310365915" lon="-116.49832455441356">
        <time>2005-05-01T08:25:54-07:00</time>
      </trkpt>
      <trkpt lat="32.95280892401934" lon="-116.49833796545863">
        <time>2005-05-01T08:25:55-07:00</time>
      </trkpt>
      <trkpt lat="32.952847396954894" lon="-116.49841516278684">
        <time>2005-05-01T08:25:58-07:00</time>
      </trkpt>
      <trkpt lat="32.95284924097359" lon="-116.49849093519151">
        <time>2005-05-01T08:26:03-07:00</time>
      </trkpt>
      <trkpt lat="32.952859215438366" lon="-116.4984983112663">
        <time>2005-05-01T08:26:04-07:00</time>
      </trkpt>
      <trkpt lat="32.952922750264406" lon="-116.49854072369635">
        <time>2005-05-01T08:26:09-07:00</time>
      </trkpt>
      <trkpt lat="32.95297019183636" lon="-116.49855975061655">
        <time>2005-05-01T08:26:16-07:00</time>
      </trkpt>
      <trkpt lat="32.953004306182265" lon="-116.49857860989869">
        <time>2005-05-01T08:26:18-07:00</time>
      </trkpt>
      <trkpt lat="32.95307278633118" lon="-116.49861423298717">
        <time>2005-05-01T08:26:25-07:00</time>
      </trkpt>
      <trkpt lat="32.953143529593945" lon="-116.49865304119885">
        <time>2005-05-01T08:26:31-07:00</time>
      </trkpt>
      <trkpt lat="32.95319667086005" lon="-116.49868036620319">
        <time>2005-05-01T08:26:32-07:00</time>
      </trkpt>
      <trkpt lat="32.953206142410636" lon="-116.49869067594409">
        <time>2005-05-01T08:26:38-07:00</time>
      </trkpt>
      <trkpt lat="32.953237323090434" lon="-116.4987797755748">
        <time>2005-05-01T08:26:42-07:00</time>
      </trkpt>
      <trkpt lat="32.95324117876589" lon="-116.49879436008632">
        <time>2005-05-01T08:26:45-07:00</time>
      </trkpt>
      <trkpt lat="32.95327177271247" lon="-116.49885496124625">
        <time>2005-05-01T08:26:51-07:00</time>
      </trkpt>
      <trkpt lat="32.95333371497691" lon="-116.49891899898648">
        <time>2005-05-01T08:26:57-07:00</time>
      </trkpt>
      <trkpt lat="32.95340529642999" lon="-116.49894271977246">
        <time>2005-05-01T08:27:02-07:00</time>
      </trkpt>
      <trkpt lat="32.95343320816755" lon="-116.4989771693945">
        <time>2005-05-01T08:27:03-07:00</time>
      </trkpt>
      <trkpt lat="32.95346220955253" lon="-116.49900658987463">
        <time>2005-05-01T08:27:10-07:00</time>
      </trkpt>
      <trkpt lat="32.95352390035987" lon="-116.49906434118748">
        <time>2005-05-01T08:27:11-07:00</time>
      </trkpt>
      <trkpt lat="32.95356698334217" lon="-116.49911630898714">
        <time>2005-05-01T08:27:16-07:00</time>
      </trkpt>
      <trkpt lat="32.95355918817222" lon="-116.49919853545725">
        <time>2005-05-01T08:27:23-07:00</time>
      </trkpt>
      <trkpt lat="32.953524654731154" lon="-116.49926139973104">
        <time>2005-05-01T08:27:30-07:00</time>
      </trkpt>
      <trkpt lat="32.95346103608608" lon="-116.49930213578045">
        <time>2005-05-01T08:27:33-07:00</time>
      </trkpt>
      <trkpt lat="32.95345324091613" lon="-116.49930708110332">
        <time>2005-05-01T08:27:36-07:00</time>
      </trkpt>
      <trkpt lat="32.953392304480076" lon="-116.49934153072536">
        <time>2005-05-01T08:27:43-07:00</time>
      </trkpt>
      <trkpt lat="32.95336112380028" lon="-116.49935997091234">
        <time>2005-05-01T08:27:49-07:00</time>
      </trkpt>
      <trkpt lat="32.953324411064386" lon="-116.49938838556409">
        <time>2005-05-01T08:27:55-07:00</time>
      </trkpt>
      <trkpt lat="32.953304294496775" lon="-116.49943037889898">
        <time>2005-05-01T08:28:00-07:00</time>
      </trkpt>
      <trkpt lat="32.9533115029335" lon="-116.49944035336375">
        <time>2005-05-01T08:28:07-07:00</time>
      </trkpt>
      <trkpt lat="32.95332315377891" lon="-116.4994447119534">
        <time>2005-05-01T08:28:08-07:00</time>
      </trkpt>
      <trkpt lat="32.95339054428041" lon="-116.49947899393737">
        <time>2005-05-01T08:28:14-07:00</time>
      </trkpt>
      <trkpt lat="32.95339356176555" lon="-116.49949081242085">
        <time>2005-05-01T08:28:17-07:00</time>
      </trkpt>
      <trkpt lat="32.95338425785303" lon="-116.49956490844488">
        <time>2005-05-01T08:28:21-07:00</time>
      </trkpt>
      <trkpt lat="32.95337922871113" lon="-116.49957588873804">
        <time>2005-05-01T08:28:25-07:00</time>
      </trkpt>
      <trkpt lat="32.95337679795921" lon="-116.49963146075606">
        <time>2005-05-01T08:28:26-07:00</time>
      </trkpt>
      <trkpt lat="32.95342784374952" lon="-116.49970522150397">
        <time>2005-05-01T08:28:27-07:00</time>
      </trkpt>
      <trkpt lat="32.95345399528742" lon="-116.49977194145322">
        <time>2005-05-01T08:28:33-07:00</time>
      </trkpt>
      <trkpt lat="32.95345030725002" lon="-116.49980303831398">
        <time>2005-05-01T08:28:34-07:00</time>
      </trkpt>
      <trkpt lat="32.953444104641676" lon="-116.49990512989461">
        <time>2005-05-01T08:28:39-07:00</time>
      </trkpt>
      <trkpt lat="32.95343144796789" lon="-116.4999920502305">
        <time>2005-05-01T08:28:40-07:00</time>
      </trkpt>
      <trkpt lat="32.953390795737505" lon="-116.50005491450429">
        <time>2005-05-01T08:28:44-07:00</time>
      </trkpt>
      <trkpt lat="32.953382497653365" lon="-116.50005323812366">
        <time>2005-05-01T08:28:51-07:00</time>
      </trkpt>
      <trkpt lat="32.95331041328609" lon="-116.50006606243551">
        <time>2005-05-01T08:28:56-07:00</time>
      </trkpt>
      <trkpt lat="32.95322106219828" lon="-116.5000649727881">
        <time>2005-05-01T08:28:58-07:00</time>
      </trkpt>
      <trkpt lat="32.95314881019294" lon="-116.50003127753735">
        <time>2005-05-01T08:29:05-07:00</time>
      </trkpt>
      <trkpt lat="32.95312617905438" lon="-116.49996958673">
        <time>2005-05-01T08:29:11-07:00</time>
      </trkpt>
      <trkpt lat="32.953121988102794" lon="-116.49995525367558">
        <time>2005-05-01T08:29:17-07:00</time>
      </trkpt>
      <trkpt lat="32.95310581102967" lon="-116.49989046156406">
        <time>2005-05-01T08:29:18-07:00</time>
      </trkpt>
      <trkpt lat="32.95309944078326" lon="-116.49984863586724">
        <time>2005-05-01T08:29:24-07:00</time>
      </trkpt>
      <trkpt lat="32.95309063978493" lon="-116.49979121983051">
        <time>2005-05-01T08:29:31-07:00</time>
      </trkpt>
      <trkpt lat="32.9530889634043" lon="-116.49976037442684">
        <time>2005-05-01T08:29:37-07:00</time>
      </trkpt>
      <trkpt lat="32.95308854430914" lon="-116.49974461644888">
        <time>2005-05-01T08:29:42-07:00</time>
      </trkpt>
      <trkpt lat="32.95307672582567" lon="-116.49968569166958">
        <time>2005-05-01T08:29:43-07:00</time>
      </trkpt>
      <trkpt lat="32.95301151461899" lon="-116.49969918653369">
        <time>2005-05-01T08:29:47-07:00</time>
      </trkpt>
      <trkpt lat="32.95294605195522" lon="-116.49973606690764">
        <time>2005-05-01T08:29:50-07:00</time>
      </trkpt>
      <trkpt lat="32.952872794121504" lon="-116.49974612519145">
        <time>2005-05-01T08:29:54-07:00</time>
      </trkpt>
      <trkpt lat="32.952811270952225" lon="-116.4997573569417">
        <time>2005-05-01T08:29:56-07:00</time>
      </trkpt>
      <trkpt lat="32.95273960568011" lon="-116.49976884014904">
        <time>2005-05-01T08:29:57-07:00</time>
      </trkpt>
      <trkpt lat="32.95267028734088" lon="-116.49972408078611">
        <time>2005-05-01T08:30:03-07:00</time>
      </trkpt>
      <trkpt lat="32.95263173058629" lon="-116.49973263032734">
        <time>2005-05-01T08:30:08-07:00</time>
      </trkpt>
      <trkpt lat="32.95257498510182" lon="-116.49972148239613">
        <time>2005-05-01T08:30:14-07:00</time>
      </trkpt>
      <trkpt lat="32.952535757794976" lon="-116.49972005747259">
        <time>2005-05-01T08:30:20-07:00</time>
      </trkpt>
      <trkpt lat="32.95252368785441" lon="-116.49972919374704">
        <time>2005-05-01T08:30:26-07:00</time>
      </trkpt>
      <trkpt lat="32.95251681469381" lon="-116.49975148960948">
        <time>2005-05-01T08:30:32-07:00</time>
      </trkpt>
      <trkpt lat="32.95252041891217" lon="-116.4997623860836">
        <time>2005-05-01T08:30:39-07:00</time>
      </trkpt>
      <trkpt lat="32.95254145748913" lon="-116.4998279325664">
        <time>2005-05-01T08:30:42-07:00</time>
      </trkpt>
      <trkpt lat="32.952525950968266" lon="-116.49995332583785">
        <time>2005-05-01T08:30:46-07:00</time>
      </trkpt>
      <trkpt lat="32.9524742346257" lon="-116.50001627393067">
        <time>2005-05-01T08:30:49-07:00</time>
      </trkpt>
      <trkpt lat="32.95241438783705" lon="-116.50009422563016">
        <time>2005-05-01T08:30:50-07:00</time>
      </trkpt>
      <trkpt lat="32.95237138867378" lon="-116.50013948790729">
        <time>2005-05-01T08:30:52-07:00</time>
      </trkpt>
      <trkpt lat="32.95234674587846" lon="-116.5001699142158">
        <time>2005-05-01T08:30:53-07:00</time>
      </trkpt>
      <trkpt lat="32.952330484986305" lon="-116.50021961890161">
        <time>2005-05-01T08:30:58-07:00</time>
      </trkpt>
      <trkpt lat="32.95230098068714" lon="-116.50029530748725">
        <time>2005-05-01T08:31:06-07:00</time>
      </trkpt>
      <trkpt lat="32.952254796400666" lon="-116.50033872574568">
        <time>2005-05-01T08:31:12-07:00</time>
      </trkpt>
      <trkpt lat="32.95223191380501" lon="-116.50035557337105">
        <time>2005-05-01T08:31:19-07:00</time>
      </trkpt>
      <trkpt lat="32.95216653496027" lon="-116.50039077736437">
        <time>2005-05-01T08:31:24-07:00</time>
      </trkpt>
      <trkpt lat="32.95209805481136" lon="-116.50043151341379">
        <time>2005-05-01T08:31:27-07:00</time>
      </trkpt>
      <trkpt lat="32.95202773064375" lon="-116.50048792362213">
        <time>2005-05-01T08:31:31-07:00</time>
      </trkpt>
      <trkpt lat="32.951959082856774" lon="-116.50052321143448">
        <time>2005-05-01T08:31:38-07:00</time>
      </trkpt>
      <trkpt lat="32.95191750861704" lon="-116.50054215453565">
        <time>2005-05-01T08:31:43-07:00</time>
      </trkpt>
      <trkpt lat="32.95190552249551" lon="-116.50054718367755">
        <time>2005-05-01T08:31:45-07:00</time>
      </trkpt>
      <trkpt lat="32.95187031850219" lon="-116.50059127248824">
        <time>2005-05-01T08:31:51-07:00</time>
      </trkpt>
      <trkpt lat="32.951867301017046" lon="-116.50060803629458">
        <time>2005-05-01T08:31:58-07:00</time>
      </trkpt>
      <trkpt lat="32.95187593437731" lon="-116.50062211789191">
        <time>2005-05-01T08:32:05-07:00</time>
      </trkpt>
      <trkpt lat="32.95188750140369" lon="-116.5006482694298">
        <time>2005-05-01T08:32:11-07:00</time>
      </trkpt>
      <trkpt lat="32.951929327100515" lon="-116.500701662153">
        <time>2005-05-01T08:32:15-07:00</time>
      </trkpt>
      <trkpt lat="32.95197190716863" lon="-116.50073954835534">
        <time>2005-05-01T08:32:16-07:00</time>
      </trkpt>
      <trkpt lat="32.95198179781437" lon="-116.500757150352">
        <time>2005-05-01T08:32:20-07:00</time>
      </trkpt>
      <trkpt lat="32.95201004482806" lon="-116.50078698992729">
        <time>2005-05-01T08:32:21-07:00</time>
      </trkpt>
      <trkpt lat="32.95202613808215" lon="-116.50080475956202">
        <time>2005-05-01T08:32:22-07:00</time>
      </trkpt>
      <trkpt lat="32.9520667064935" lon="-116.50089746341109">
        <time>2005-05-01T08:32:25-07:00</time>
      </trkpt>
      <trkpt lat="32.95208070427179" lon="-116.50098371319473">
        <time>2005-05-01T08:32:31-07:00</time>
      </trkpt>
      <trkpt lat="32.95206058770418" lon="-116.50104213505983">
        <time>2005-05-01T08:32:36-07:00</time>
      </trkpt>
      <trkpt lat="32.952047511935234" lon="-116.5010642632842">
        <time>2005-05-01T08:32:37-07:00</time>
      </trkpt>
      <trkpt lat="32.95198925770819" lon="-116.50115344673395">
        <time>2005-05-01T08:32:40-07:00</time>
      </trkpt>
      <trkpt lat="32.951977690681815" lon="-116.5011596493423">
        <time>2005-05-01T08:32:42-07:00</time>
      </trkpt>
      <trkpt lat="32.95190594159067" lon="-116.50117456912994">
        <time>2005-05-01T08:32:50-07:00</time>
      </trkpt>
      <trkpt lat="32.95185573399067" lon="-116.50120256468654">
        <time>2005-05-01T08:32:56-07:00</time>
      </trkpt>
      <trkpt lat="32.95185347087681" lon="-116.50121823884547">
        <time>2005-05-01T08:33:00-07:00</time>
      </trkpt>
      <trkpt lat="32.95186503790319" lon="-116.50124045088887">
        <time>2005-05-01T08:33:02-07:00</time>
      </trkpt>
      <trkpt lat="32.9518991522491" lon="-116.50126073509455">
        <time>2005-05-01T08:33:09-07:00</time>
      </trkpt>
      <trkpt lat="32.951985485851765" lon="-116.50130935013294">
        <time>2005-05-01T08:33:10-07:00</time>
      </trkpt>
      <trkpt lat="32.95205304399133" lon="-116.50137774646282">
        <time>2005-05-01T08:33:16-07:00</time>
      </trkpt>
      <trkpt lat="32.9520820453763" lon="-116.50146257132292">
        <time>2005-05-01T08:33:21-07:00</time>
      </trkpt>
      <trkpt lat="32.95208556577563" lon="-116.5015584602952">
        <time>2005-05-01T08:33:22-07:00</time>
      </trkpt>
      <trkpt lat="32.952091097831726" lon="-116.50163867510855">
        <time>2005-05-01T08:33:24-07:00</time>
      </trkpt>
      <trkpt lat="32.95205161906779" lon="-116.50171377696097">
        <time>2005-05-01T08:33:27-07:00</time>
      </trkpt>
      <trkpt lat="32.95203669928014" lon="-116.50172140449286">
        <time>2005-05-01T08:33:35-07:00</time>
      </trkpt>
      <trkpt lat="32.9520268086344" lon="-116.50172400288284">
        <time>2005-05-01T08:33:43-07:00</time>
      </trkpt>
      <trkpt lat="32.9520043451339" lon="-116.50173272006214">
        <time>2005-05-01T08:33:49-07:00</time>
      </trkpt>
      <trkpt lat="32.951992359012365" lon="-116.50175157934427">
        <time>2005-05-01T08:33:56-07:00</time>
      </trkpt>
      <trkpt lat="32.95198766514659" lon="-116.50176784023643">
        <time>2005-05-01T08:34:03-07:00</time>
      </trkpt>
      <trkpt lat="32.951993783935905" lon="-116.50178770534694">
        <time>2005-05-01T08:34:10-07:00</time>
      </trkpt>
      <trkpt lat="32.95201985165477" lon="-116.50182793848217">
        <time>2005-05-01T08:34:12-07:00</time>
      </trkpt>
      <trkpt lat="32.95204030349851" lon="-116.50183556601405">
        <time>2005-05-01T08:34:13-07:00</time>
      </trkpt>
      <trkpt lat="32.95212890021503" lon="-116.50182240642607">
        <time>2005-05-01T08:34:15-07:00</time>
      </trkpt>
      <trkpt lat="32.952184891328216" lon="-116.50180405005813">
        <time>2005-05-01T08:34:17-07:00</time>
      </trkpt>
      <trkpt lat="32.952257227152586" lon="-116.50180681608617">
        <time>2005-05-01T08:34:18-07:00</time>
      </trkpt>
      <trkpt lat="32.952350517734885" lon="-116.50179902091622">
        <time>2005-05-01T08:34:19-07:00</time>
      </trkpt>
      <trkpt lat="32.95239427126944" lon="-116.50178695097566">
        <time>2005-05-01T08:34:22-07:00</time>
      </trkpt>
      <trkpt lat="32.95240650884807" lon="-116.50177831761539">
        <time>2005-05-01T08:34:24-07:00</time>
      </trkpt>
      <trkpt lat="32.952437940984964" lon="-116.50171629153192">
        <time>2005-05-01T08:34:31-07:00</time>
      </trkpt>
      <trkpt lat="32.95244640670717" lon="-116.501668933779">
        <time>2005-05-01T08:34:36-07:00</time>
      </trkpt>
      <trkpt lat="32.952442802488804" lon="-116.50162233039737">
        <time>2005-05-01T08:34:42-07:00</time>
      </trkpt>
      <trkpt lat="32.95245302841067" lon="-116.50154672563076">
        <time>2005-05-01T08:34:49-07:00</time>
      </trkpt>
      <trkpt lat="32.95245830900967" lon="-116.50153541006148">
        <time>2005-05-01T08:34:53-07:00</time>
      </trkpt>
      <trkpt lat="32.95247381553054" lon="-116.50150087662041">
        <time>2005-05-01T08:34:54-07:00</time>
      </trkpt>
      <trkpt lat="32.95248010195792" lon="-116.50148704648018">
        <time>2005-05-01T08:34:59-07:00</time>
      </trkpt>
      <trkpt lat="32.952539613470435" lon="-116.50144396349788">
        <time>2005-05-01T08:35:02-07:00</time>
      </trkpt>
      <trkpt lat="32.95259962789714" lon="-116.50143658742309">
        <time>2005-05-01T08:35:05-07:00</time>
      </trkpt>
      <trkpt lat="32.9526433814317" lon="-116.50142502039671">
        <time>2005-05-01T08:35:11-07:00</time>
      </trkpt>
      <trkpt lat="32.95270297676325" lon="-116.50143968872726">
        <time>2005-05-01T08:35:12-07:00</time>
      </trkpt>
      <trkpt lat="32.95273692347109" lon="-116.50143533013761">
        <time>2005-05-01T08:35:15-07:00</time>
      </trkpt>
      <trkpt lat="32.952774642035365" lon="-116.50142451748252">
        <time>2005-05-01T08:35:16-07:00</time>
      </trkpt>
      <trkpt lat="32.952826442196965" lon="-116.50141554884613">
        <time>2005-05-01T08:35:22-07:00</time>
      </trkpt>
      <trkpt lat="32.952839182689786" lon="-116.50141479447484">
        <time>2005-05-01T08:35:27-07:00</time>
      </trkpt>
      <trkpt lat="32.95291864313185" lon="-116.5013975277543">
        <time>2005-05-01T08:35:30-07:00</time>
      </trkpt>
      <trkpt lat="32.952976981177926" lon="-116.50140565820038">
        <time>2005-05-01T08:35:35-07:00</time>
      </trkpt>
      <trkpt lat="32.953045377507806" lon="-116.50142317637801">
        <time>2005-05-01T08:35:38-07:00</time>
      </trkpt>
      <trkpt lat="32.953097680583596" lon="-116.5014271158725">
        <time>2005-05-01T08:35:42-07:00</time>
      </trkpt>
      <trkpt lat="32.9531217366457" lon="-116.50142694823444">
        <time>2005-05-01T08:35:46-07:00</time>
      </trkpt>
      <trkpt lat="32.95316708274186" lon="-116.50141647085547">
        <time>2005-05-01T08:35:47-07:00</time>
      </trkpt>
      <trkpt lat="32.95323288068175" lon="-116.5014028083533">
        <time>2005-05-01T08:35:54-07:00</time>
      </trkpt>
      <trkpt lat="32.95324788428843" lon="-116.50140565820038">
        <time>2005-05-01T08:36:00-07:00</time>
      </trkpt>
      <trkpt lat="32.953293565660715" lon="-116.50141630321741">
        <time>2005-05-01T08:36:06-07:00</time>
      </trkpt>
      <trkpt lat="32.953364895656705" lon="-116.50140356272459">
        <time>2005-05-01T08:36:10-07:00</time>
      </trkpt>
      <trkpt lat="32.95342289842665" lon="-116.50139526464045">
        <time>2005-05-01T08:36:12-07:00</time>
      </trkpt>
      <trkpt lat="32.953448882326484" lon="-116.50139191187918">
        <time>2005-05-01T08:36:17-07:00</time>
      </trkpt>
      <trkpt lat="32.953496323898435" lon="-116.50138830766082">
        <time>2005-05-01T08:36:23-07:00</time>
      </trkpt>
      <trkpt lat="32.95353027060628" lon="-116.501394091174">
        <time>2005-05-01T08:36:24-07:00</time>
      </trkpt>
      <trkpt lat="32.9535897821188" lon="-116.50145209394395">
        <time>2005-05-01T08:36:28-07:00</time>
      </trkpt>
      <trkpt lat="32.95359883457422" lon="-116.50146139785647">
        <time>2005-05-01T08:36:34-07:00</time>
      </trkpt>
      <trkpt lat="32.95365842990577" lon="-116.50149383582175">
        <time>2005-05-01T08:36:39-07:00</time>
      </trkpt>
      <trkpt lat="32.953712828457355" lon="-116.50154052302241">
        <time>2005-05-01T08:36:41-07:00</time>
      </trkpt>
      <trkpt lat="32.95376060530543" lon="-116.50160171091557">
        <time>2005-05-01T08:36:45-07:00</time>
      </trkpt>
      <trkpt lat="32.953827157616615" lon="-116.5016416925937">
        <time>2005-05-01T08:36:48-07:00</time>
      </trkpt>
      <trkpt lat="32.95387862250209" lon="-116.50169231928885">
        <time>2005-05-01T08:36:54-07:00</time>
      </trkpt>
      <trkpt lat="32.95393293723464" lon="-116.50175048969686">
        <time>2005-05-01T08:36:55-07:00</time>
      </trkpt>
      <trkpt lat="32.95397451147437" lon="-116.50179491378367">
        <time>2005-05-01T08:37:01-07:00</time>
      </trkpt>
      <trkpt lat="32.95402228832245" lon="-116.50185911916196">
        <time>2005-05-01T08:37:07-07:00</time>
      </trkpt>
      <trkpt lat="32.95408138073981" lon="-116.50189910084009">
        <time>2005-05-01T08:37:13-07:00</time>
      </trkpt>
      <trkpt lat="32.95413963496685" lon="-116.50193405337632">
        <time>2005-05-01T08:37:19-07:00</time>
      </trkpt>
      <trkpt lat="32.954209791496396" lon="-116.50194469839334">
        <time>2005-05-01T08:37:25-07:00</time>
      </trkpt>
      <trkpt lat="32.95427827164531" lon="-116.5019501466304">
        <time>2005-05-01T08:37:32-07:00</time>
      </trkpt>
      <trkpt lat="32.95433862134814" lon="-116.50196339003742">
        <time>2005-05-01T08:37:37-07:00</time>
      </trkpt>
      <trkpt lat="32.954385140910745" lon="-116.50197017937899">
        <time>2005-05-01T08:37:43-07:00</time>
      </trkpt>
      <trkpt lat="32.95441724359989" lon="-116.5019715204835">
        <time>2005-05-01T08:37:49-07:00</time>
      </trkpt>
      <trkpt lat="32.95449486002326" lon="-116.50197621434927">
        <time>2005-05-01T08:37:54-07:00</time>
      </trkpt>
      <trkpt lat="32.954555628821254" lon="-116.50198199786246">
        <time>2005-05-01T08:38:00-07:00</time>
      </trkpt>
      <trkpt lat="32.954565938562155" lon="-116.50198560208082">
        <time>2005-05-01T08:38:07-07:00</time>
      </trkpt>
      <trkpt lat="32.954618660733104" lon="-116.50199641473591">
        <time>2005-05-01T08:38:13-07:00</time>
      </trkpt>
      <trkpt lat="32.954656882211566" lon="-116.50200504809618">
        <time>2005-05-01T08:38:17-07:00</time>
      </trkpt>
      <trkpt lat="32.95467817224562" lon="-116.50201175361872">
        <time>2005-05-01T08:38:20-07:00</time>
      </trkpt>
      <trkpt lat="32.95475427992642" lon="-116.50202801451087">
        <time>2005-05-01T08:38:27-07:00</time>
      </trkpt>
      <trkpt lat="32.95481010340154" lon="-116.50204419158399">
        <time>2005-05-01T08:38:33-07:00</time>
      </trkpt>
      <trkpt lat="32.95481840148568" lon="-116.50204251520336">
        <time>2005-05-01T08:38:34-07:00</time>
      </trkpt>
      <trkpt lat="32.954882606863976" lon="-116.50206749327481">
        <time>2005-05-01T08:38:39-07:00</time>
      </trkpt>
      <trkpt lat="32.954890821129084" lon="-116.50207503698766">
        <time>2005-05-01T08:38:44-07:00</time>
      </trkpt>
      <trkpt lat="32.95493256300688" lon="-116.5021026134491">
        <time>2005-05-01T08:38:46-07:00</time>
      </trkpt>
      <trkpt lat="32.95497028157115" lon="-116.5021301060915">
        <time>2005-05-01T08:38:53-07:00</time>
      </trkpt>
      <trkpt lat="32.95503465458751" lon="-116.50214988738298">
        <time>2005-05-01T08:38:59-07:00</time>
      </trkpt>
      <trkpt lat="32.9550592135638" lon="-116.50215709581971">
        <time>2005-05-01T08:39:00-07:00</time>
      </trkpt>
      <trkpt lat="32.95511780306697" lon="-116.50217436254025">
        <time>2005-05-01T08:39:07-07:00</time>
      </trkpt>
      <trkpt lat="32.9551300406456" lon="-116.5021766256541">
        <time>2005-05-01T08:39:08-07:00</time>
      </trkpt>
      <trkpt lat="32.95518008060753" lon="-116.50217226706445">
        <time>2005-05-01T08:39:12-07:00</time>
      </trkpt>
      <trkpt lat="32.95523506589234" lon="-116.50217997841537">
        <time>2005-05-01T08:39:16-07:00</time>
      </trkpt>
      <trkpt lat="32.95529139228165" lon="-116.50221384130418">
        <time>2005-05-01T08:39:22-07:00</time>
      </trkpt>
      <trkpt lat="32.95533791184425" lon="-116.50226404890418">
        <time>2005-05-01T08:39:24-07:00</time>
      </trkpt>
      <trkpt lat="32.955376636236906" lon="-116.50229891762137">
        <time>2005-05-01T08:39:29-07:00</time>
      </trkpt>
      <trkpt lat="32.95542768202722" lon="-116.50234895758331">
        <time>2005-05-01T08:39:30-07:00</time>
      </trkpt>
      <trkpt lat="32.955437237396836" lon="-116.50235507637262">
        <time>2005-05-01T08:39:34-07:00</time>
      </trkpt>
      <trkpt lat="32.95551074668765" lon="-116.50240587070584">
        <time>2005-05-01T08:39:39-07:00</time>
      </trkpt>
      <trkpt lat="32.95554595068097" lon="-116.50244886986911">
        <time>2005-05-01T08:39:45-07:00</time>
      </trkpt>
      <trkpt lat="32.95557922683656" lon="-116.50249706581235">
        <time>2005-05-01T08:39:51-07:00</time>
      </trkpt>
      <trkpt lat="32.95559607446194" lon="-116.50250737555325">
        <time>2005-05-01T08:39:56-07:00</time>
      </trkpt>
      <trkpt lat="32.955618957057595" lon="-116.5025154221803">
        <time>2005-05-01T08:40:02-07:00</time>
      </trkpt>
      <trkpt lat="32.95565793290734" lon="-116.50252967141569">
        <time>2005-05-01T08:40:03-07:00</time>
      </trkpt>
      <trkpt lat="32.955708811059594" lon="-116.50254878215492">
        <time>2005-05-01T08:40:10-07:00</time>
      </trkpt>
      <trkpt lat="32.95572029426694" lon="-116.50255355983973">
        <time>2005-05-01T08:40:15-07:00</time>
      </trkpt>
      <trkpt lat="32.955774860456586" lon="-116.50260745547712">
        <time>2005-05-01T08:40:20-07:00</time>
      </trkpt>
      <trkpt lat="32.95582783408463" lon="-116.50265774689615">
        <time>2005-05-01T08:40:21-07:00</time>
      </trkpt>
      <trkpt lat="32.95584929175675" lon="-116.50267777964473">
        <time>2005-05-01T08:40:23-07:00</time>
      </trkpt>
      <trkpt lat="32.95588550157845" lon="-116.50270778685808">
        <time>2005-05-01T08:40:27-07:00</time>
      </trkpt>
      <trkpt lat="32.95594761148095" lon="-116.50275388732553">
        <time>2005-05-01T08:40:32-07:00</time>
      </trkpt>
      <trkpt lat="32.95599387958646" lon="-116.50279772467911">
        <time>2005-05-01T08:40:33-07:00</time>
      </trkpt>
      <trkpt lat="32.95603201724589" lon="-116.50287441909313">
        <time>2005-05-01T08:40:39-07:00</time>
      </trkpt>
      <trkpt lat="32.956031849607825" lon="-116.50297039188445">
        <time>2005-05-01T08:40:44-07:00</time>
      </trkpt>
      <trkpt lat="32.956044087186456" lon="-116.50307315401733">
        <time>2005-05-01T08:40:46-07:00</time>
      </trkpt>
      <trkpt lat="32.95607912354171" lon="-116.50315856561065">
        <time>2005-05-01T08:40:50-07:00</time>
      </trkpt>
      <trkpt lat="32.95611600391567" lon="-116.50321371853352">
        <time>2005-05-01T08:40:57-07:00</time>
      </trkpt>
      <trkpt lat="32.95616847462952" lon="-116.50325562804937">
        <time>2005-05-01T08:41:03-07:00</time>
      </trkpt>
      <trkpt lat="32.95623083598912" lon="-116.50325353257358">
        <time>2005-05-01T08:41:10-07:00</time>
      </trkpt>
      <trkpt lat="32.95627827756107" lon="-116.5032557118684">
        <time>2005-05-01T08:41:16-07:00</time>
      </trkpt>
      <trkpt lat="32.956299567595124" lon="-116.50325537659228">
        <time>2005-05-01T08:41:23-07:00</time>
      </trkpt>
      <trkpt lat="32.956384140998125" lon="-116.50325319729745">
        <time>2005-05-01T08:41:30-07:00</time>
      </trkpt>
      <trkpt lat="32.95642546378076" lon="-116.5033043269068">
        <time>2005-05-01T08:41:35-07:00</time>
      </trkpt>
      <trkpt lat="32.95641825534403" lon="-116.50335939601064">
        <time>2005-05-01T08:41:40-07:00</time>
      </trkpt>
      <trkpt lat="32.9564028326422" lon="-116.50338906794786">
        <time>2005-05-01T08:41:45-07:00</time>
      </trkpt>
      <trkpt lat="32.956390008330345" lon="-116.50349157862365">
        <time>2005-05-01T08:41:49-07:00</time>
      </trkpt>
      <trkpt lat="32.95637995004654" lon="-116.50357950478792">
        <time>2005-05-01T08:41:51-07:00</time>
      </trkpt>
      <trkpt lat="32.956371903419495" lon="-116.50361965410411">
        <time>2005-05-01T08:41:58-07:00</time>
      </trkpt>
      <trkpt lat="32.956368969753385" lon="-116.50365041568875">
        <time>2005-05-01T08:42:03-07:00</time>
      </trkpt>
      <trkpt lat="32.956356815993786" lon="-116.50371864438057">
        <time>2005-05-01T08:42:07-07:00</time>
      </trkpt>
      <trkpt lat="32.95635664835572" lon="-116.5037340670824">
        <time>2005-05-01T08:42:09-07:00</time>
      </trkpt>
      <trkpt lat="32.956388499587774" lon="-116.50380296632648">
        <time>2005-05-01T08:42:16-07:00</time>
      </trkpt>
      <trkpt lat="32.95641724951565" lon="-116.50384152308106">
        <time>2005-05-01T08:42:22-07:00</time>
      </trkpt>
      <trkpt lat="32.95643971301615" lon="-116.50385870598257">
        <time>2005-05-01T08:42:25-07:00</time>
      </trkpt>
      <trkpt lat="32.95651976019144" lon="-116.50389986112714">
        <time>2005-05-01T08:42:27-07:00</time>
      </trkpt>
      <trkpt lat="32.95657265000045" lon="-116.50392844341695">
        <time>2005-05-01T08:42:32-07:00</time>
      </trkpt>
      <trkpt lat="32.9565838817507" lon="-116.50393523275852">
        <time>2005-05-01T08:42:33-07:00</time>
      </trkpt>
      <trkpt lat="32.956640208140016" lon="-116.50395384058356">
        <time>2005-05-01T08:42:38-07:00</time>
      </trkpt>
      <trkpt lat="32.95671572908759" lon="-116.50399608537555">
        <time>2005-05-01T08:42:42-07:00</time>
      </trkpt>
      <trkpt lat="32.956768702715635" lon="-116.50404570624232">
        <time>2005-05-01T08:42:44-07:00</time>
      </trkpt>
      <trkpt lat="32.956831734627485" lon="-116.50412525050342">
        <time>2005-05-01T08:42:51-07:00</time>
      </trkpt>
      <trkpt lat="32.95690834522247" lon="-116.50417772121727">
        <time>2005-05-01T08:42:56-07:00</time>
      </trkpt>
      <trkpt lat="32.95691614039242" lon="-116.50418618693948">
        <time>2005-05-01T08:42:57-07:00</time>
      </trkpt>
      <trkpt lat="32.95696961693466" lon="-116.50423153303564">
        <time>2005-05-01T08:43:02-07:00</time>
      </trkpt>
      <trkpt lat="32.9570072516799" lon="-116.50429230183363">
        <time>2005-05-01T08:43:08-07:00</time>
      </trkpt>
      <trkpt lat="32.957015382125974" lon="-116.5043252427131">
        <time>2005-05-01T08:43:14-07:00</time>
      </trkpt>
      <trkpt lat="32.95700205489993" lon="-116.50440176948905">
        <time>2005-05-01T08:43:22-07:00</time>
      </trkpt>
      <trkpt lat="32.95700649730861" lon="-116.50443068705499">
        <time>2005-05-01T08:43:28-07:00</time>
      </trkpt>
      <trkpt lat="32.95701630413532" lon="-116.50444485247135">
        <time>2005-05-01T08:43:29-07:00</time>
      </trkpt>
      <trkpt lat="32.95702845789492" lon="-116.50445440784097">
        <time>2005-05-01T08:43:35-07:00</time>
      </trkpt>
      <trkpt lat="32.95704245567322" lon="-116.50445390492678">
        <time>2005-05-01T08:43:40-07:00</time>
      </trkpt>
      <trkpt lat="32.9570640809834" lon="-116.50443823076785">
        <time>2005-05-01T08:43:42-07:00</time>
      </trkpt>
      <trkpt lat="32.95710020698607" lon="-116.50436824187636">
        <time>2005-05-01T08:43:47-07:00</time>
      </trkpt>
      <trkpt lat="32.957114707678556" lon="-116.50428123772144">
        <time>2005-05-01T08:43:49-07:00</time>
      </trkpt>
      <trkpt lat="32.95709827914834" lon="-116.50415752083063">
        <time>2005-05-01T08:43:50-07:00</time>
      </trkpt>
      <trkpt lat="32.95708612538874" lon="-116.50408753193915">
        <time>2005-05-01T08:43:51-07:00</time>
      </trkpt>
      <trkpt lat="32.957071624696255" lon="-116.50406062602997">
        <time>2005-05-01T08:43:52-07:00</time>
      </trkpt>
      <trkpt lat="32.95704589225352" lon="-116.5040242485702">
        <time>2005-05-01T08:43:54-07:00</time>
      </trkpt>
      <trkpt lat="32.95701487921178" lon="-116.50398887693882">
        <time>2005-05-01T08:43:59-07:00</time>
      </trkpt>
      <trkpt lat="32.95698730275035" lon="-116.50393422693014">
        <time>2005-05-01T08:44:05-07:00</time>
      </trkpt>
      <trkpt lat="32.95697179622948" lon="-116.50391117669642">
        <time>2005-05-01T08:44:13-07:00</time>
      </trkpt>
      <trkpt lat="32.95695402659476" lon="-116.50385753251612">
        <time>2005-05-01T08:44:18-07:00</time>
      </trkpt>
      <trkpt lat="32.95695804990828" lon="-116.50384747423232">
        <time>2005-05-01T08:44:20-07:00</time>
      </trkpt>
      <trkpt lat="32.95696668326855" lon="-116.50384353473783">
        <time>2005-05-01T08:44:23-07:00</time>
      </trkpt>
      <trkpt lat="32.957001719623804" lon="-116.5038463845849">
        <time>2005-05-01T08:44:27-07:00</time>
      </trkpt>
      <trkpt lat="32.95702485367656" lon="-116.50384722277522">
        <time>2005-05-01T08:44:31-07:00</time>
      </trkpt>
      <trkpt lat="32.957052597776055" lon="-116.50385015644133">
        <time>2005-05-01T08:44:33-07:00</time>
      </trkpt>
      <trkpt lat="32.957112612202764" lon="-116.50386859662831">
        <time>2005-05-01T08:44:37-07:00</time>
      </trkpt>
      <trkpt lat="32.95712359249592" lon="-116.50387488305569">
        <time>2005-05-01T08:44:38-07:00</time>
      </trkpt>
      <trkpt lat="32.95717732049525" lon="-116.50391109287739">
        <time>2005-05-01T08:44:39-07:00</time>
      </trkpt>
      <trkpt lat="32.95719064772129" lon="-116.50392173789442">
        <time>2005-05-01T08:44:42-07:00</time>
      </trkpt>
      <trkpt lat="32.95723314397037" lon="-116.50394210591912">
        <time>2005-05-01T08:44:44-07:00</time>
      </trkpt>
      <trkpt lat="32.9573077429086" lon="-116.50399407371879">
        <time>2005-05-01T08:44:46-07:00</time>
      </trkpt>
      <trkpt lat="32.95732014812529" lon="-116.50400128215551">
        <time>2005-05-01T08:44:51-07:00</time>
      </trkpt>
      <trkpt lat="32.95735820196569" lon="-116.50404218584299">
        <time>2005-05-01T08:44:52-07:00</time>
      </trkpt>
      <trkpt lat="32.95741779729724" lon="-116.50407873094082">
        <time>2005-05-01T08:44:58-07:00</time>
      </trkpt>
      <trkpt lat="32.95744420029223" lon="-116.5041156951338">
        <time>2005-05-01T08:44:59-07:00</time>
      </trkpt>
      <trkpt lat="32.95745191164315" lon="-116.5041574370116">
        <time>2005-05-01T08:45:03-07:00</time>
      </trkpt>
      <trkpt lat="32.95746079646051" lon="-116.50424678809941">
        <time>2005-05-01T08:45:09-07:00</time>
      </trkpt>
      <trkpt lat="32.95746213756502" lon="-116.50432557798922">
        <time>2005-05-01T08:45:10-07:00</time>
      </trkpt>
      <trkpt lat="32.95746339485049" lon="-116.50433999486268">
        <time>2005-05-01T08:45:15-07:00</time>
      </trkpt>
      <trkpt lat="32.95747202821076" lon="-116.50440788827837">
        <time>2005-05-01T08:45:20-07:00</time>
      </trkpt>
      <trkpt lat="32.95751762576401" lon="-116.50450193323195">
        <time>2005-05-01T08:45:23-07:00</time>
      </trkpt>
      <trkpt lat="32.95757110230625" lon="-116.5045808069408">
        <time>2005-05-01T08:45:26-07:00</time>
      </trkpt>
      <trkpt lat="32.95757898129523" lon="-116.50459153577685">
        <time>2005-05-01T08:45:32-07:00</time>
      </trkpt>
      <trkpt lat="32.95763245783746" lon="-116.50467485189438">
        <time>2005-05-01T08:45:37-07:00</time>
      </trkpt>
      <trkpt lat="32.957671685144305" lon="-116.50476831011474">
        <time>2005-05-01T08:45:38-07:00</time>
      </trkpt>
      <trkpt lat="32.957678558304906" lon="-116.50479823350906">
        <time>2005-05-01T08:45:43-07:00</time>
      </trkpt>
      <trkpt lat="32.957670176401734" lon="-116.50488138198853">
        <time>2005-05-01T08:45:50-07:00</time>
      </trkpt>
      <trkpt lat="32.95763195492327" lon="-116.50495765730739">
        <time>2005-05-01T08:45:57-07:00</time>
      </trkpt>
      <trkpt lat="32.95761032961309" lon="-116.50504717603326">
        <time>2005-05-01T08:45:58-07:00</time>
      </trkpt>
      <trkpt lat="32.957616448402405" lon="-116.50507198646665">
        <time>2005-05-01T08:46:05-07:00</time>
      </trkpt>
      <trkpt lat="32.9576494731009" lon="-116.50512018240988">
        <time>2005-05-01T08:46:12-07:00</time>
      </trkpt>
      <trkpt lat="32.95767922885716" lon="-116.50515295565128">
        <time>2005-05-01T08:46:14-07:00</time>
      </trkpt>
      <trkpt lat="32.95770479366183" lon="-116.50520844385028">
        <time>2005-05-01T08:46:19-07:00</time>
      </trkpt>
      <trkpt lat="32.95774628408253" lon="-116.50526032783091">
        <time>2005-05-01T08:46:25-07:00</time>
      </trkpt>
      <trkpt lat="32.957763969898224" lon="-116.50528346188366">
        <time>2005-05-01T08:46:31-07:00</time>
      </trkpt>
      <trkpt lat="32.95780193991959" lon="-116.50534322485328">
        <time>2005-05-01T08:46:33-07:00</time>
      </trkpt>
      <trkpt lat="32.95782255940139" lon="-116.50536141358316">
        <time>2005-05-01T08:46:37-07:00</time>
      </trkpt>
      <trkpt lat="32.957867067307234" lon="-116.50542763061821">
        <time>2005-05-01T08:46:40-07:00</time>
      </trkpt>
      <trkpt lat="32.95787209644914" lon="-116.50544037111104">
        <time>2005-05-01T08:46:44-07:00</time>
      </trkpt>
      <trkpt lat="32.95793496072292" lon="-116.5054817777127">
        <time>2005-05-01T08:46:49-07:00</time>
      </trkpt>
      <trkpt lat="32.95800997875631" lon="-116.50550935417414">
        <time>2005-05-01T08:46:51-07:00</time>
      </trkpt>
      <trkpt lat="32.95803504064679" lon="-116.50550155900419">
        <time>2005-05-01T08:46:56-07:00</time>
      </trkpt>
      <trkpt lat="32.95807938091457" lon="-116.50550432503223">
        <time>2005-05-01T08:46:58-07:00</time>
      </trkpt>
      <trkpt lat="32.958151465281844" lon="-116.50549963116646">
        <time>2005-05-01T08:47:04-07:00</time>
      </trkpt>
      <trkpt lat="32.95824006199837" lon="-116.50548965670168">
        <time>2005-05-01T08:47:05-07:00</time>
      </trkpt>
      <trkpt lat="32.95831239782274" lon="-116.50549510493875">
        <time>2005-05-01T08:47:11-07:00</time>
      </trkpt>
      <trkpt lat="32.958361180499196" lon="-116.50548295117915">
        <time>2005-05-01T08:47:17-07:00</time>
      </trkpt>
      <trkpt lat="32.95841381885111" lon="-116.50548588484526">
        <time>2005-05-01T08:47:19-07:00</time>
      </trkpt>
      <trkpt lat="32.95844147913158" lon="-116.50549435056746">
        <time>2005-05-01T08:47:23-07:00</time>
      </trkpt>
      <trkpt lat="32.95850367285311" lon="-116.50551253929734">
        <time>2005-05-01T08:47:29-07:00</time>
      </trkpt>
      <trkpt lat="32.95857399702072" lon="-116.50550851598382">
        <time>2005-05-01T08:47:36-07:00</time>
      </trkpt>
      <trkpt lat="32.958657229319215" lon="-116.505479933694">
        <time>2005-05-01T08:47:42-07:00</time>
      </trkpt>
      <trkpt lat="32.95871414244175" lon="-116.50546241551638">
        <time>2005-05-01T08:47:46-07:00</time>
      </trkpt>
      <trkpt lat="32.958797961473465" lon="-116.50544338859618">
        <time>2005-05-01T08:47:50-07:00</time>
      </trkpt>
      <trkpt lat="32.958850767463446" lon="-116.5054384432733">
        <time>2005-05-01T08:47:52-07:00</time>
      </trkpt>
      <trkpt lat="32.9588635917753" lon="-116.50542771443725">
        <time>2005-05-01T08:47:57-07:00</time>
      </trkpt>
      <trkpt lat="32.95891405083239" lon="-116.5054043289274">
        <time>2005-05-01T08:48:03-07:00</time>
      </trkpt>
      <trkpt lat="32.95893693342805" lon="-116.5054043289274">
        <time>2005-05-01T08:48:10-07:00</time>
      </trkpt>
      <trkpt lat="32.958992421627045" lon="-116.50542276911438">
        <time>2005-05-01T08:48:15-07:00</time>
      </trkpt>
      <trkpt lat="32.959004659205675" lon="-116.50542000308633">
        <time>2005-05-01T08:48:23-07:00</time>
      </trkpt>
      <trkpt lat="32.959069116041064" lon="-116.50537013076246">
        <time>2005-05-01T08:48:28-07:00</time>
      </trkpt>
      <trkpt lat="32.95906936749816" lon="-116.50535563006997">
        <time>2005-05-01T08:48:29-07:00</time>
      </trkpt>
      <trkpt lat="32.95910499058664" lon="-116.50527717545629">
        <time>2005-05-01T08:48:33-07:00</time>
      </trkpt>
      <trkpt lat="32.95914379879832" lon="-116.50522604584694">
        <time>2005-05-01T08:48:35-07:00</time>
      </trkpt>
      <trkpt lat="32.95917187817395" lon="-116.50514591485262">
        <time>2005-05-01T08:48:40-07:00</time>
      </trkpt>
      <trkpt lat="32.959199119359255" lon="-116.50509704835713">
        <time>2005-05-01T08:48:41-07:00</time>
      </trkpt>
      <trkpt lat="32.959199119359255" lon="-116.50509704835713">
        <time>2005-05-01T08:48:47-07:00</time>
      </trkpt>
      <trkpt lat="32.9592174757272" lon="-116.50509000755847">
        <time>2005-05-01T08:48:48-07:00</time>
      </trkpt>
      <trkpt lat="32.95921596698463" lon="-116.50508866645396">
        <time>2005-05-01T08:48:54-07:00</time>
      </trkpt>
      <trkpt lat="32.95921596698463" lon="-116.50508866645396">
        <time>2005-05-01T08:48:59-07:00</time>
      </trkpt>
      <trkpt lat="32.95921596698463" lon="-116.50508866645396">
        <time>2005-05-01T08:49:04-07:00</time>
      </trkpt>
      <trkpt lat="32.95921596698463" lon="-116.50508866645396">
        <time>2005-05-01T08:49:09-07:00</time>
      </trkpt>
      <trkpt lat="32.95921789482236" lon="-116.50509394705296">
        <time>2005-05-01T08:49:10-07:00</time>
      </trkpt>
      <trkpt lat="32.959217140451074" lon="-116.50509394705296">
        <time>2005-05-01T08:49:11-07:00</time>
      </trkpt>
      <trkpt lat="32.9592330660671" lon="-116.50506117381155">
        <time>2005-05-01T08:49:15-07:00</time>
      </trkpt>
      <trkpt lat="32.9592795856297" lon="-116.50501985102892">
        <time>2005-05-01T08:49:18-07:00</time>
      </trkpt>
      <trkpt lat="32.9593469761312" lon="-116.50498506613076">
        <time>2005-05-01T08:49:21-07:00</time>
      </trkpt>
      <trkpt lat="32.95941646210849" lon="-116.50496101006866">
        <time>2005-05-01T08:49:30-07:00</time>
      </trkpt>
      <trkpt lat="32.959482092410326" lon="-116.50491323322058">
        <time>2005-05-01T08:49:35-07:00</time>
      </trkpt>
      <trkpt lat="32.959541184827685" lon="-116.50484290905297">
        <time>2005-05-01T08:49:39-07:00</time>
      </trkpt>
      <trkpt lat="32.959560714662075" lon="-116.50477811694145">
        <time>2005-05-01T08:49:48-07:00</time>
      </trkpt>
      <trkpt lat="32.9595647379756" lon="-116.50468507781625">
        <time>2005-05-01T08:49:53-07:00</time>
      </trkpt>
      <trkpt lat="32.95959893614054" lon="-116.50459597818553">
        <time>2005-05-01T08:49:59-07:00</time>
      </trkpt>
      <trkpt lat="32.9596302844584" lon="-116.50454375892878">
        <time>2005-05-01T08:50:04-07:00</time>
      </trkpt>
      <trkpt lat="32.95967663638294" lon="-116.50451081804931">
        <time>2005-05-01T08:50:10-07:00</time>
      </trkpt>
      <trkpt lat="32.959710247814655" lon="-116.50448315776885">
        <time>2005-05-01T08:50:16-07:00</time>
      </trkpt>
      <trkpt lat="32.9597494751215" lon="-116.5044523961842">
        <time>2005-05-01T08:50:21-07:00</time>
      </trkpt>
      <trkpt lat="32.95977680012584" lon="-116.50443999096751">
        <time>2005-05-01T08:50:27-07:00</time>
      </trkpt>
      <trkpt lat="32.95980001799762" lon="-116.50443487800658">
        <time>2005-05-01T08:50:34-07:00</time>
      </trkpt>
      <trkpt lat="32.959854919463396" lon="-116.50443806312978">
        <time>2005-05-01T08:50:38-07:00</time>
      </trkpt>
      <trkpt lat="32.959883669391274" lon="-116.50444242171943">
        <time>2005-05-01T08:50:42-07:00</time>
      </trkpt>
      <trkpt lat="32.959968158975244" lon="-116.50444828905165">
        <time>2005-05-01T08:50:45-07:00</time>
      </trkpt>
      <trkpt lat="32.96000118367374" lon="-116.50443269871175">
        <time>2005-05-01T08:50:49-07:00</time>
      </trkpt>
      <trkpt lat="32.960048373788595" lon="-116.50441308505833">
        <time>2005-05-01T08:50:51-07:00</time>
      </trkpt>
      <trkpt lat="32.96006019227207" lon="-116.50440788827837">
        <time>2005-05-01T08:50:53-07:00</time>
      </trkpt>
      <trkpt lat="32.96017024666071" lon="-116.50438073091209">
        <time>2005-05-01T08:50:57-07:00</time>
      </trkpt>
      <trkpt lat="32.96022992581129" lon="-116.50437192991376">
        <time>2005-05-01T08:50:59-07:00</time>
      </trkpt>
      <trkpt lat="32.960242331027985" lon="-116.50436983443797">
        <time>2005-05-01T08:51:05-07:00</time>
      </trkpt>
      <trkpt lat="32.9602986574173" lon="-116.50436555966735">
        <time>2005-05-01T08:51:08-07:00</time>
      </trkpt>
      <trkpt lat="32.96031349338591" lon="-116.50436472147703">
        <time>2005-05-01T08:51:12-07:00</time>
      </trkpt>
      <trkpt lat="32.96038976870477" lon="-116.50437134318054">
        <time>2005-05-01T08:51:13-07:00</time>
      </trkpt>
      <trkpt lat="32.960465205833316" lon="-116.50437276810408">
        <time>2005-05-01T08:51:22-07:00</time>
      </trkpt>
      <trkpt lat="32.960473923012614" lon="-116.50437226518989">
        <time>2005-05-01T08:51:27-07:00</time>
      </trkpt>
      <trkpt lat="32.96052362769842" lon="-116.50440428406">
        <time>2005-05-01T08:51:28-07:00</time>
      </trkpt>
      <trkpt lat="32.96053318306804" lon="-116.50441342033446">
        <time>2005-05-01T08:51:33-07:00</time>
      </trkpt>
      <trkpt lat="32.96058506704867" lon="-116.50448231957853">
        <time>2005-05-01T08:51:34-07:00</time>
      </trkpt>
      <trkpt lat="32.96063024550676" lon="-116.50456303730607">
        <time>2005-05-01T08:51:40-07:00</time>
      </trkpt>
      <trkpt lat="32.96064767986536" lon="-116.50464417412877">
        <time>2005-05-01T08:51:47-07:00</time>
      </trkpt>
      <trkpt lat="32.96063737012446" lon="-116.504658004269">
        <time>2005-05-01T08:51:48-07:00</time>
      </trkpt>
      <trkpt lat="32.9606232047081" lon="-116.50470896624029">
        <time>2005-05-01T08:51:53-07:00</time>
      </trkpt>
      <trkpt lat="32.96063753776252" lon="-116.50473905727267">
        <time>2005-05-01T08:51:54-07:00</time>
      </trkpt>
      <trkpt lat="32.96068137511611" lon="-116.50475263595581">
        <time>2005-05-01T08:52:01-07:00</time>
      </trkpt>
      <trkpt lat="32.96073032543063" lon="-116.50476378388703">
        <time>2005-05-01T08:52:08-07:00</time>
      </trkpt>
      <trkpt lat="32.96075647696853" lon="-116.50477610528469">
        <time>2005-05-01T08:52:13-07:00</time>
      </trkpt>
      <trkpt lat="32.9607838857919" lon="-116.50481860153377">
        <time>2005-05-01T08:52:14-07:00</time>
      </trkpt>
      <trkpt lat="32.96079268679023" lon="-116.50488523766398">
        <time>2005-05-01T08:52:18-07:00</time>
      </trkpt>
      <trkpt lat="32.9608095344156" lon="-116.5049082878977">
        <time>2005-05-01T08:52:20-07:00</time>
      </trkpt>
      <trkpt lat="32.960852701216936" lon="-116.5049532148987">
        <time>2005-05-01T08:52:23-07:00</time>
      </trkpt>
      <trkpt lat="32.96089117415249" lon="-116.50500006973743">
        <time>2005-05-01T08:52:28-07:00</time>
      </trkpt>
      <trkpt lat="32.96090131625533" lon="-116.50501289404929">
        <time>2005-05-01T08:52:30-07:00</time>
      </trkpt>
      <trkpt lat="32.96095026656985" lon="-116.5050866547972">
        <time>2005-05-01T08:52:33-07:00</time>
      </trkpt>
      <trkpt lat="32.960992343723774" lon="-116.50510953739285">
        <time>2005-05-01T08:52:38-07:00</time>
      </trkpt>
      <trkpt lat="32.96101807616651" lon="-116.50511112995446">
        <time>2005-05-01T08:52:40-07:00</time>
      </trkpt>
      <trkpt lat="32.96110549941659" lon="-116.50510559789836">
        <time>2005-05-01T08:52:44-07:00</time>
      </trkpt>
      <trkpt lat="32.96118990518153" lon="-116.5050916839391">
        <time>2005-05-01T08:52:48-07:00</time>
      </trkpt>
      <trkpt lat="32.961231395602226" lon="-116.50508992373943">
        <time>2005-05-01T08:52:49-07:00</time>
      </trkpt>
      <trkpt lat="32.96128420159221" lon="-116.5051107108593">
        <time>2005-05-01T08:52:56-07:00</time>
      </trkpt>
      <trkpt lat="32.96129467897117" lon="-116.50510509498417">
        <time>2005-05-01T08:53:00-07:00</time>
      </trkpt>
      <trkpt lat="32.961326194927096" lon="-116.5050552226603">
        <time>2005-05-01T08:53:02-07:00</time>
      </trkpt>
      <trkpt lat="32.96138067729771" lon="-116.50499629788101">
        <time>2005-05-01T08:53:09-07:00</time>
      </trkpt>
      <trkpt lat="32.96140783466399" lon="-116.50490686297417">
        <time>2005-05-01T08:53:16-07:00</time>
      </trkpt>
      <trkpt lat="32.96141319908202" lon="-116.50489395484328">
        <time>2005-05-01T08:53:19-07:00</time>
      </trkpt>
      <trkpt lat="32.96144127845764" lon="-116.50483603589237">
        <time>2005-05-01T08:53:24-07:00</time>
      </trkpt>
      <trkpt lat="32.9614591319114" lon="-116.50481541641057">
        <time>2005-05-01T08:53:25-07:00</time>
      </trkpt>
      <trkpt lat="32.96150766313076" lon="-116.50478146970272">
        <time>2005-05-01T08:53:29-07:00</time>
      </trkpt>
      <trkpt lat="32.96152040362358" lon="-116.50477836839855">
        <time>2005-05-01T08:53:35-07:00</time>
      </trkpt>
      <trkpt lat="32.96157295815647" lon="-116.504763700068">
        <time>2005-05-01T08:53:42-07:00</time>
      </trkpt>
      <trkpt lat="32.96159810386598" lon="-116.50476034730673">
        <time>2005-05-01T08:53:43-07:00</time>
      </trkpt>
      <trkpt lat="32.96164252795279" lon="-116.50475850328803">
        <time>2005-05-01T08:53:47-07:00</time>
      </trkpt>
      <trkpt lat="32.96166205778718" lon="-116.50476152077317">
        <time>2005-05-01T08:53:49-07:00</time>
      </trkpt>
      <trkpt lat="32.961702374741435" lon="-116.50476981885731">
        <time>2005-05-01T08:53:54-07:00</time>
      </trkpt>
      <trkpt lat="32.96172651462257" lon="-116.50477836839855">
        <time>2005-05-01T08:53:55-07:00</time>
      </trkpt>
      <trkpt lat="32.961746882647276" lon="-116.50478599593043">
        <time>2005-05-01T08:54:00-07:00</time>
      </trkpt>
      <trkpt lat="32.961802119389176" lon="-116.50476101785898">
        <time>2005-05-01T08:54:02-07:00</time>
      </trkpt>
      <trkpt lat="32.96182072721422" lon="-116.50474064983428">
        <time>2005-05-01T08:54:06-07:00</time>
      </trkpt>
      <trkpt lat="32.96185660175979" lon="-116.50471013970673">
        <time>2005-05-01T08:54:08-07:00</time>
      </trkpt>
      <trkpt lat="32.96191284433007" lon="-116.50467996485531">
        <time>2005-05-01T08:54:11-07:00</time>
      </trkpt>
      <trkpt lat="32.96196799725294" lon="-116.50466848164797">
        <time>2005-05-01T08:54:13-07:00</time>
      </trkpt>
      <trkpt lat="32.96198157593608" lon="-116.50466345250607">
        <time>2005-05-01T08:54:15-07:00</time>
      </trkpt>
      <trkpt lat="32.962045865133405" lon="-116.50463671423495">
        <time>2005-05-01T08:54:20-07:00</time>
      </trkpt>
      <trkpt lat="32.96206966973841" lon="-116.50463344529271">
        <time>2005-05-01T08:54:22-07:00</time>
      </trkpt>
      <trkpt lat="32.962117698043585" lon="-116.5046326071024">
        <time>2005-05-01T08:54:26-07:00</time>
      </trkpt>
      <trkpt lat="32.9621772095561" lon="-116.50462447665632">
        <time>2005-05-01T08:54:31-07:00</time>
      </trkpt>
      <trkpt lat="32.96221509575844" lon="-116.50462514720857">
        <time>2005-05-01T08:54:37-07:00</time>
      </trkpt>
      <trkpt lat="32.962282318621874" lon="-116.50463704951108">
        <time>2005-05-01T08:54:38-07:00</time>
      </trkpt>
      <trkpt lat="32.96231098473072" lon="-116.50463067926466">
        <time>2005-05-01T08:54:43-07:00</time>
      </trkpt>
      <trkpt lat="32.96234459616244" lon="-116.50462187826633">
        <time>2005-05-01T08:54:45-07:00</time>
      </trkpt>
      <trkpt lat="32.96239413321018" lon="-116.50461198762059">
        <time>2005-05-01T08:54:49-07:00</time>
      </trkpt>
      <trkpt lat="32.962424140423536" lon="-116.50460176169872">
        <time>2005-05-01T08:54:54-07:00</time>
      </trkpt>
      <trkpt lat="32.96247208490968" lon="-116.50459371507168">
        <time>2005-05-01T08:54:57-07:00</time>
      </trkpt>
      <trkpt lat="32.96249949373305" lon="-116.50457946583629">
        <time>2005-05-01T08:55:02-07:00</time>
      </trkpt>
      <trkpt lat="32.96253000386059" lon="-116.50455951690674">
        <time>2005-05-01T08:55:05-07:00</time>
      </trkpt>
      <trkpt lat="32.96257484704256" lon="-116.50454426184297">
        <time>2005-05-01T08:55:08-07:00</time>
      </trkpt>
      <trkpt lat="32.96258163638413" lon="-116.50453914888203">
        <time>2005-05-01T08:55:12-07:00</time>
      </trkpt>
      <trkpt lat="32.96262547373772" lon="-116.50454124435782">
        <time>2005-05-01T08:55:15-07:00</time>
      </trkpt>
      <trkpt lat="32.96269445680082" lon="-116.50451618246734">
        <time>2005-05-01T08:55:19-07:00</time>
      </trkpt>
      <trkpt lat="32.96271650120616" lon="-116.50451140478253">
        <time>2005-05-01T08:55:21-07:00</time>
      </trkpt>
      <trkpt lat="32.96278632245958" lon="-116.50451618246734">
        <time>2005-05-01T08:55:24-07:00</time>
      </trkpt>
      <trkpt lat="32.962834099307656" lon="-116.50455515831709">
        <time>2005-05-01T08:55:28-07:00</time>
      </trkpt>
      <trkpt lat="32.962850695475936" lon="-116.5045718383044">
        <time>2005-05-01T08:55:29-07:00</time>
      </trkpt>
      <trkpt lat="32.96292361803353" lon="-116.50463151745498">
        <time>2005-05-01T08:55:33-07:00</time>
      </trkpt>
      <trkpt lat="32.96297600492835" lon="-116.50470955297351">
        <time>2005-05-01T08:55:39-07:00</time>
      </trkpt>
      <trkpt lat="32.96298522502184" lon="-116.50471131317317">
        <time>2005-05-01T08:55:41-07:00</time>
      </trkpt>
      <trkpt lat="32.96298949979246" lon="-116.50471743196249">
        <time>2005-05-01T08:55:46-07:00</time>
      </trkpt>
      <trkpt lat="32.9630406294018" lon="-116.50478230789304">
        <time>2005-05-01T08:55:51-07:00</time>
      </trkpt>
      <trkpt lat="32.96309360302985" lon="-116.50486587546766">
        <time>2005-05-01T08:55:53-07:00</time>
      </trkpt>
      <trkpt lat="32.96314221806824" lon="-116.5049534663558">
        <time>2005-05-01T08:56:00-07:00</time>
      </trkpt>
      <trkpt lat="32.963159484788775" lon="-116.50497676804662">
        <time>2005-05-01T08:56:07-07:00</time>
      </trkpt>
      <trkpt lat="32.96319846063852" lon="-116.50501289404929">
        <time>2005-05-01T08:56:11-07:00</time>
      </trkpt>
      <trkpt lat="32.963271802291274" lon="-116.50509176775813">
        <time>2005-05-01T08:56:12-07:00</time>
      </trkpt>
      <trkpt lat="32.96328370459378" lon="-116.50511565618217">
        <time>2005-05-01T08:56:18-07:00</time>
      </trkpt>
      <trkpt lat="32.96332284808159" lon="-116.50516603142023">
        <time>2005-05-01T08:56:26-07:00</time>
      </trkpt>
      <trkpt lat="32.96339124441147" lon="-116.5052663628012">
        <time>2005-05-01T08:56:33-07:00</time>
      </trkpt>
      <trkpt lat="32.96341270208359" lon="-116.50532470084727">
        <time>2005-05-01T08:56:35-07:00</time>
      </trkpt>
      <trkpt lat="32.96342762187123" lon="-116.5054114535451">
        <time>2005-05-01T08:56:39-07:00</time>
      </trkpt>
      <trkpt lat="32.96342158690095" lon="-116.50542830117047">
        <time>2005-05-01T08:56:48-07:00</time>
      </trkpt>
      <trkpt lat="32.96342896297574" lon="-116.50550432503223">
        <time>2005-05-01T08:56:50-07:00</time>
      </trkpt>
      <trkpt lat="32.9634449724108" lon="-116.50557607412338">
        <time>2005-05-01T08:56:55-07:00</time>
      </trkpt>
      <trkpt lat="32.96349249780178" lon="-116.5056564565748">
        <time>2005-05-01T08:57:04-07:00</time>
      </trkpt>
      <trkpt lat="32.963565001264215" lon="-116.50572510436177">
        <time>2005-05-01T08:57:09-07:00</time>
      </trkpt>
      <trkpt lat="32.963600205257535" lon="-116.50575201027095">
        <time>2005-05-01T08:57:15-07:00</time>
      </trkpt>
      <trkpt lat="32.96361889690161" lon="-116.50577363558114">
        <time>2005-05-01T08:57:17-07:00</time>
      </trkpt>
      <trkpt lat="32.963679917156696" lon="-116.50582987815142">
        <time>2005-05-01T08:57:22-07:00</time>
      </trkpt>
      <trkpt lat="32.96372098848224" lon="-116.50587723590434">
        <time>2005-05-01T08:57:27-07:00</time>
      </trkpt>
      <trkpt lat="32.963765831664205" lon="-116.50590841658413">
        <time>2005-05-01T08:57:33-07:00</time>
      </trkpt>
      <trkpt lat="32.963784858584404" lon="-116.50591780431569">
        <time>2005-05-01T08:57:41-07:00</time>
      </trkpt>
      <trkpt lat="32.96383808366954" lon="-116.50592274963856">
        <time>2005-05-01T08:57:45-07:00</time>
      </trkpt>
      <trkpt lat="32.96386666595936" lon="-116.5059157088399">
        <time>2005-05-01T08:57:47-07:00</time>
      </trkpt>
      <trkpt lat="32.963888961821795" lon="-116.50590749457479">
        <time>2005-05-01T08:57:53-07:00</time>
      </trkpt>
      <trkpt lat="32.96396708115935" lon="-116.50588486343622">
        <time>2005-05-01T08:57:59-07:00</time>
      </trkpt>
      <trkpt lat="32.96397881582379" lon="-116.50588050484657">
        <time>2005-05-01T08:58:03-07:00</time>
      </trkpt>
      <trkpt lat="32.96404109336436" lon="-116.50588410906494">
        <time>2005-05-01T08:58:05-07:00</time>
      </trkpt>
      <trkpt lat="32.96407604590058" lon="-116.50588444434106">
        <time>2005-05-01T08:58:09-07:00</time>
      </trkpt>
      <trkpt lat="32.96413413248956" lon="-116.50588444434106">
        <time>2005-05-01T08:58:12-07:00</time>
      </trkpt>
      <trkpt lat="32.96416137367487" lon="-116.50588754564524">
        <time>2005-05-01T08:58:14-07:00</time>
      </trkpt>
      <trkpt lat="32.9642079770565" lon="-116.5059035550803">
        <time>2005-05-01T08:58:21-07:00</time>
      </trkpt>
      <trkpt lat="32.964253490790725" lon="-116.50591755285859">
        <time>2005-05-01T08:58:22-07:00</time>
      </trkpt>
      <trkpt lat="32.96429581940174" lon="-116.50592249818146">
        <time>2005-05-01T08:58:27-07:00</time>
      </trkpt>
      <trkpt lat="32.964341500774026" lon="-116.50595091283321">
        <time>2005-05-01T08:58:30-07:00</time>
      </trkpt>
      <trkpt lat="32.96434812247753" lon="-116.5059789083898">
        <time>2005-05-01T08:58:35-07:00</time>
      </trkpt>
      <trkpt lat="32.96434904448688" lon="-116.50599433109164">
        <time>2005-05-01T08:58:37-07:00</time>
      </trkpt>
      <trkpt lat="32.96437745913863" lon="-116.50606197305024">
        <time>2005-05-01T08:58:41-07:00</time>
      </trkpt>
      <trkpt lat="32.96438332647085" lon="-116.50607764720917">
        <time>2005-05-01T08:58:45-07:00</time>
      </trkpt>
      <trkpt lat="32.96441098675132" lon="-116.5061763022095">
        <time>2005-05-01T08:58:49-07:00</time>
      </trkpt>
      <trkpt lat="32.96445742249489" lon="-116.50627445429564">
        <time>2005-05-01T08:58:53-07:00</time>
      </trkpt>
      <trkpt lat="32.96446530148387" lon="-116.5062849316746">
        <time>2005-05-01T08:58:55-07:00</time>
      </trkpt>
      <trkpt lat="32.96450084075332" lon="-116.50637461803854">
        <time>2005-05-01T08:58:56-07:00</time>
      </trkpt>
      <trkpt lat="32.96451274305582" lon="-116.50642256252468">
        <time>2005-05-01T08:59:01-07:00</time>
      </trkpt>
      <trkpt lat="32.96453705057502" lon="-116.5064797271043">
        <time>2005-05-01T08:59:02-07:00</time>
      </trkpt>
      <trkpt lat="32.964552473276854" lon="-116.50654669851065">
        <time>2005-05-01T08:59:09-07:00</time>
      </trkpt>
      <trkpt lat="32.96455666422844" lon="-116.50664811953902">
        <time>2005-05-01T08:59:17-07:00</time>
      </trkpt>
      <trkpt lat="32.96456110663712" lon="-116.50667251087725">
        <time>2005-05-01T08:59:18-07:00</time>
      </trkpt>
      <trkpt lat="32.96456504613161" lon="-116.5067186113447">
        <time>2005-05-01T08:59:25-07:00</time>
      </trkpt>
      <trkpt lat="32.96458206139505" lon="-116.50676320306957">
        <time>2005-05-01T08:59:28-07:00</time>
      </trkpt>
      <trkpt lat="32.964596478268504" lon="-116.50681659579277">
        <time>2005-05-01T08:59:32-07:00</time>
      </trkpt>
      <trkpt lat="32.96458558179438" lon="-116.50691902264953">
        <time>2005-05-01T08:59:37-07:00</time>
      </trkpt>
      <trkpt lat="32.9646279104054" lon="-116.50697870180011">
        <time>2005-05-01T08:59:43-07:00</time>
      </trkpt>
      <trkpt lat="32.9646916128695" lon="-116.5069979801774">
        <time>2005-05-01T08:59:45-07:00</time>
      </trkpt>
      <trkpt lat="32.9647486936301" lon="-116.50701751001179">
        <time>2005-05-01T08:59:49-07:00</time>
      </trkpt>
      <trkpt lat="32.964760260656476" lon="-116.50702119804919">
        <time>2005-05-01T08:59:52-07:00</time>
      </trkpt>
      <trkpt lat="32.96483192592859" lon="-116.50705606676638">
        <time>2005-05-01T08:59:55-07:00</time>
      </trkpt>
      <trkpt lat="32.964884312823415" lon="-116.50708339177072">
        <time>2005-05-01T09:00:02-07:00</time>
      </trkpt>
      <trkpt lat="32.964920522645116" lon="-116.5070899296552">
        <time>2005-05-01T09:00:07-07:00</time>
      </trkpt>
      <trkpt lat="32.96499604359269" lon="-116.50711884722114">
        <time>2005-05-01T09:00:13-07:00</time>
      </trkpt>
      <trkpt lat="32.96503082849085" lon="-116.50712982751429">
        <time>2005-05-01T09:00:18-07:00</time>
      </trkpt>
      <trkpt lat="32.96506779268384" lon="-116.50715304538608">
        <time>2005-05-01T09:00:19-07:00</time>
      </trkpt>
      <trkpt lat="32.96507759951055" lon="-116.50716067291796">
        <time>2005-05-01T09:00:27-07:00</time>
      </trkpt>
      <trkpt lat="32.96513283625245" lon="-116.50720979087055">
        <time>2005-05-01T09:00:32-07:00</time>
      </trkpt>
      <trkpt lat="32.96515228226781" lon="-116.50722521357238">
        <time>2005-05-01T09:00:35-07:00</time>
      </trkpt>
      <trkpt lat="32.96521112322807" lon="-116.50724759325385">
        <time>2005-05-01T09:00:41-07:00</time>
      </trkpt>
      <trkpt lat="32.965277675539255" lon="-116.50729562155902">
        <time>2005-05-01T09:00:44-07:00</time>
      </trkpt>
      <trkpt lat="32.965347580611706" lon="-116.50733375921845">
        <time>2005-05-01T09:00:48-07:00</time>
      </trkpt>
      <trkpt lat="32.96535847708583" lon="-116.50733795017004">
        <time>2005-05-01T09:00:49-07:00</time>
      </trkpt>
      <trkpt lat="32.9653858859092" lon="-116.50735278613865">
        <time>2005-05-01T09:00:55-07:00</time>
      </trkpt>
      <trkpt lat="32.965390076860785" lon="-116.50734918192029">
        <time>2005-05-01T09:00:57-07:00</time>
      </trkpt>
      <trkpt lat="32.965398291125894" lon="-116.50734473951161">
        <time>2005-05-01T09:01:02-07:00</time>
      </trkpt>
      <trkpt lat="32.965413043275476" lon="-116.50734423659742">
        <time>2005-05-01T09:01:08-07:00</time>
      </trkpt>
      <trkpt lat="32.96546082012355" lon="-116.50736359879375">
        <time>2005-05-01T09:01:15-07:00</time>
      </trkpt>
      <trkpt lat="32.96552360057831" lon="-116.50739821605384">
        <time>2005-05-01T09:01:16-07:00</time>
      </trkpt>
      <trkpt lat="32.965546399354935" lon="-116.50741439312696">
        <time>2005-05-01T09:01:21-07:00</time>
      </trkpt>
      <trkpt lat="32.965608509257436" lon="-116.50745211169124">
        <time>2005-05-01T09:01:23-07:00</time>
      </trkpt>
      <trkpt lat="32.96563591808081" lon="-116.50745605118573">
        <time>2005-05-01T09:01:25-07:00</time>
      </trkpt>
      <trkpt lat="32.965715043246746" lon="-116.50749410502613">
        <time>2005-05-01T09:01:27-07:00</time>
      </trkpt>
      <trkpt lat="32.96572686173022" lon="-116.50750265456736">
        <time>2005-05-01T09:01:32-07:00</time>
      </trkpt>
      <trkpt lat="32.9657537676394" lon="-116.50754380971193">
        <time>2005-05-01T09:01:37-07:00</time>
      </trkpt>
      <trkpt lat="32.965787798166275" lon="-116.50759904645383">
        <time>2005-05-01T09:01:39-07:00</time>
      </trkpt>
      <trkpt lat="32.965824427083135" lon="-116.5076718851924">
        <time>2005-05-01T09:01:45-07:00</time>
      </trkpt>
      <trkpt lat="32.96585971489549" lon="-116.50774480774999">
        <time>2005-05-01T09:01:47-07:00</time>
      </trkpt>
      <trkpt lat="32.965892320498824" lon="-116.50778336450458">
        <time>2005-05-01T09:01:53-07:00</time>
      </trkpt>
      <trkpt lat="32.965904558077455" lon="-116.5078024752438">
        <time>2005-05-01T09:01:54-07:00</time>
      </trkpt>
      <trkpt lat="32.9659091681242" lon="-116.5078841149807">
        <time>2005-05-01T09:01:58-07:00</time>
      </trkpt>
      <trkpt lat="32.965896259993315" lon="-116.50796416215599">
        <time>2005-05-01T09:02:03-07:00</time>
      </trkpt>
      <trkpt lat="32.96592324972153" lon="-116.50806549936533">
        <time>2005-05-01T09:02:09-07:00</time>
      </trkpt>
      <trkpt lat="32.96591897495091" lon="-116.50815828703344">
        <time>2005-05-01T09:02:14-07:00</time>
      </trkpt>
      <trkpt lat="32.96592392027378" lon="-116.50818544439971">
        <time>2005-05-01T09:02:19-07:00</time>
      </trkpt>
      <trkpt lat="32.96594965271652" lon="-116.50824973359704">
        <time>2005-05-01T09:02:21-07:00</time>
      </trkpt>
      <trkpt lat="32.96595602296293" lon="-116.5082641504705">
        <time>2005-05-01T09:02:27-07:00</time>
      </trkpt>
      <trkpt lat="32.965959291905165" lon="-116.50831947103143">
        <time>2005-05-01T09:02:33-07:00</time>
      </trkpt>
      <trkpt lat="32.96595711261034" lon="-116.50836255401373">
        <time>2005-05-01T09:02:40-07:00</time>
      </trkpt>
      <trkpt lat="32.96596893109381" lon="-116.50838686153293">
        <time>2005-05-01T09:02:46-07:00</time>
      </trkpt>
      <trkpt lat="32.96599994413555" lon="-116.50842860341072">
        <time>2005-05-01T09:02:48-07:00</time>
      </trkpt>
      <trkpt lat="32.96600690111518" lon="-116.50843991898">
        <time>2005-05-01T09:02:53-07:00</time>
      </trkpt>
      <trkpt lat="32.966009080410004" lon="-116.50847998447716">
        <time>2005-05-01T09:02:54-07:00</time>
      </trkpt>
      <trkpt lat="32.96600111760199" lon="-116.50849104858935">
        <time>2005-05-01T09:02:58-07:00</time>
      </trkpt>
      <trkpt lat="32.96599416062236" lon="-116.50850378908217">
        <time>2005-05-01T09:03:01-07:00</time>
      </trkpt>
      <trkpt lat="32.96599265187979" lon="-116.50854368694127">
        <time>2005-05-01T09:03:03-07:00</time>
      </trkpt>
      <trkpt lat="32.965979408472776" lon="-116.50855877436697">
        <time>2005-05-01T09:03:07-07:00</time>
      </trkpt>
      <trkpt lat="32.965955855324864" lon="-116.50860453955829">
        <time>2005-05-01T09:03:08-07:00</time>
      </trkpt>
      <trkpt lat="32.965961219742894" lon="-116.50861660949886">
        <time>2005-05-01T09:03:11-07:00</time>
      </trkpt>
      <trkpt lat="32.965962728485465" lon="-116.50866279378533">
        <time>2005-05-01T09:03:12-07:00</time>
      </trkpt>
      <trkpt lat="32.96594864688814" lon="-116.50870570912957">
        <time>2005-05-01T09:03:13-07:00</time>
      </trkpt>
      <trkpt lat="32.96592517755926" lon="-116.50875407271087">
        <time>2005-05-01T09:03:17-07:00</time>
      </trkpt>
      <trkpt lat="32.96589944511652" lon="-116.50876957923174">
        <time>2005-05-01T09:03:19-07:00</time>
      </trkpt>
      <trkpt lat="32.96583917923272" lon="-116.50881190784276">
        <time>2005-05-01T09:03:24-07:00</time>
      </trkpt>
      <trkpt lat="32.96581436879933" lon="-116.50881433859468">
        <time>2005-05-01T09:03:25-07:00</time>
      </trkpt>
      <trkpt lat="32.96577421948314" lon="-116.50883160531521">
        <time>2005-05-01T09:03:28-07:00</time>
      </trkpt>
      <trkpt lat="32.96569635160267" lon="-116.5088543202728">
        <time>2005-05-01T09:03:31-07:00</time>
      </trkpt>
      <trkpt lat="32.965619741007686" lon="-116.50887343101203">
        <time>2005-05-01T09:03:35-07:00</time>
      </trkpt>
      <trkpt lat="32.96555218286812" lon="-116.50891634635627">
        <time>2005-05-01T09:03:37-07:00</time>
      </trkpt>
      <trkpt lat="32.96553994528949" lon="-116.50893026031554">
        <time>2005-05-01T09:03:42-07:00</time>
      </trkpt>
      <trkpt lat="32.96549501828849" lon="-116.50896395556629">
        <time>2005-05-01T09:03:44-07:00</time>
      </trkpt>
      <trkpt lat="32.96547054313123" lon="-116.5089595131576">
        <time>2005-05-01T09:03:48-07:00</time>
      </trkpt>
      <trkpt lat="32.96542687341571" lon="-116.50895616039634">
        <time>2005-05-01T09:03:54-07:00</time>
      </trkpt>
      <trkpt lat="32.96542100608349" lon="-116.50897099636495">
        <time>2005-05-01T09:04:00-07:00</time>
      </trkpt>
      <trkpt lat="32.9654273763299" lon="-116.50899480096996">
        <time>2005-05-01T09:04:06-07:00</time>
      </trkpt>
      <trkpt lat="32.96543324366212" lon="-116.50900670327246">
        <time>2005-05-01T09:04:07-07:00</time>
      </trkpt>
      <trkpt lat="32.96546635217965" lon="-116.50908012874424">
        <time>2005-05-01T09:04:11-07:00</time>
      </trkpt>
      <trkpt lat="32.96552108600736" lon="-116.50914114899933">
        <time>2005-05-01T09:04:13-07:00</time>
      </trkpt>
      <trkpt lat="32.9655515961349" lon="-116.50915606878698">
        <time>2005-05-01T09:04:17-07:00</time>
      </trkpt>
      <trkpt lat="32.9655759036541" lon="-116.50916646234691">
        <time>2005-05-01T09:04:18-07:00</time>
      </trkpt>
      <trkpt lat="32.9655880574137" lon="-116.50917107239366">
        <time>2005-05-01T09:04:20-07:00</time>
      </trkpt>
      <trkpt lat="32.965624602511525" lon="-116.50917744264007">
        <time>2005-05-01T09:04:21-07:00</time>
      </trkpt>
      <trkpt lat="32.96564421616495" lon="-116.50915439240634">
        <time>2005-05-01T09:04:28-07:00</time>
      </trkpt>
      <trkpt lat="32.965697860345244" lon="-116.50912974961102">
        <time>2005-05-01T09:04:35-07:00</time>
      </trkpt>
      <trkpt lat="32.965777488425374" lon="-116.50915556587279">
        <time>2005-05-01T09:04:38-07:00</time>
      </trkpt>
      <trkpt lat="32.96584630385041" lon="-116.50917735882103">
        <time>2005-05-01T09:04:40-07:00</time>
      </trkpt>
      <trkpt lat="32.965880166739225" lon="-116.50920669548213">
        <time>2005-05-01T09:04:41-07:00</time>
      </trkpt>
      <trkpt lat="32.965884609147906" lon="-116.50923041626811">
        <time>2005-05-01T09:04:44-07:00</time>
      </trkpt>
      <trkpt lat="32.965910006314516" lon="-116.5092740021646">
        <time>2005-05-01T09:04:46-07:00</time>
      </trkpt>
      <trkpt lat="32.96591989696026" lon="-116.50928238406777">
        <time>2005-05-01T09:04:51-07:00</time>
      </trkpt>
      <trkpt lat="32.965940348804" lon="-116.509312056005">
        <time>2005-05-01T09:04:58-07:00</time>
      </trkpt>
      <trkpt lat="32.9659506585449" lon="-116.50931599549949">
        <time>2005-05-01T09:05:04-07:00</time>
      </trkpt>
      <trkpt lat="32.96596054919064" lon="-116.5093398001045">
        <time>2005-05-01T09:05:09-07:00</time>
      </trkpt>
      <trkpt lat="32.965963650494814" lon="-116.50934734381735">
        <time>2005-05-01T09:05:11-07:00</time>
      </trkpt>
      <trkpt lat="32.965999860316515" lon="-116.50938833132386">
        <time>2005-05-01T09:05:15-07:00</time>
      </trkpt>
      <trkpt lat="32.96603808179498" lon="-116.50944918394089">
        <time>2005-05-01T09:05:16-07:00</time>
      </trkpt>
      <trkpt lat="32.96606691554189" lon="-116.5094986371696">
        <time>2005-05-01T09:05:18-07:00</time>
      </trkpt>
      <trkpt lat="32.96608912758529" lon="-116.5095282252878">
        <time>2005-05-01T09:05:20-07:00</time>
      </trkpt>
      <trkpt lat="32.96615266241133" lon="-116.50959569960833">
        <time>2005-05-01T09:05:25-07:00</time>
      </trkpt>
      <trkpt lat="32.96619029715657" lon="-116.50963375344872">
        <time>2005-05-01T09:05:26-07:00</time>
      </trkpt>
      <trkpt lat="32.9662096593529" lon="-116.5096593182534">
        <time>2005-05-01T09:05:30-07:00</time>
      </trkpt>
      <trkpt lat="32.96625810675323" lon="-116.50970969349146">
        <time>2005-05-01T09:05:35-07:00</time>
      </trkpt>
      <trkpt lat="32.96628702431917" lon="-116.50974355638027">
        <time>2005-05-01T09:05:39-07:00</time>
      </trkpt>
      <trkpt lat="32.96629850752652" lon="-116.5097539499402">
        <time>2005-05-01T09:05:42-07:00</time>
      </trkpt>
      <trkpt lat="32.96635324135423" lon="-116.5097869746387">
        <time>2005-05-01T09:05:48-07:00</time>
      </trkpt>
      <trkpt lat="32.96635181643069" lon="-116.50978982448578">
        <time>2005-05-01T09:05:52-07:00</time>
      </trkpt>
      <trkpt lat="32.96639506705105" lon="-116.50983081199229">
        <time>2005-05-01T09:05:54-07:00</time>
      </trkpt>
      <trkpt lat="32.966415183618665" lon="-116.50985235348344">
        <time>2005-05-01T09:05:59-07:00</time>
      </trkpt>
      <trkpt lat="32.96645198017359" lon="-116.50987305678427">
        <time>2005-05-01T09:06:03-07:00</time>
      </trkpt>
      <trkpt lat="32.966531021520495" lon="-116.5099426265806">
        <time>2005-05-01T09:06:04-07:00</time>
      </trkpt>
      <trkpt lat="32.966580810025334" lon="-116.50997313670814">
        <time>2005-05-01T09:06:09-07:00</time>
      </trkpt>
      <trkpt lat="32.96659237705171" lon="-116.50997154414654">
        <time>2005-05-01T09:06:10-07:00</time>
      </trkpt>
      <trkpt lat="32.96664400957525" lon="-116.5099925827235">
        <time>2005-05-01T09:06:15-07:00</time>
      </trkpt>
      <trkpt lat="32.96668524853885" lon="-116.51001445949078">
        <time>2005-05-01T09:06:17-07:00</time>
      </trkpt>
      <trkpt lat="32.96670762822032" lon="-116.51003122329712">
        <time>2005-05-01T09:06:20-07:00</time>
      </trkpt>
      <trkpt lat="32.96673696488142" lon="-116.51005251333117">
        <time>2005-05-01T09:06:27-07:00</time>
      </trkpt>
      <trkpt lat="32.9667485319078" lon="-116.51007514446974">
        <time>2005-05-01T09:06:32-07:00</time>
      </trkpt>
      <trkpt lat="32.96674920246005" lon="-116.51009123772383">
        <time>2005-05-01T09:06:33-07:00</time>
      </trkpt>
      <trkpt lat="32.96677359379828" lon="-116.5101218316704">
        <time>2005-05-01T09:06:37-07:00</time>
      </trkpt>
      <trkpt lat="32.966785999014974" lon="-116.51012845337391">
        <time>2005-05-01T09:06:42-07:00</time>
      </trkpt>
      <trkpt lat="32.96679555438459" lon="-116.51015477254987">
        <time>2005-05-01T09:06:45-07:00</time>
      </trkpt>
      <trkpt lat="32.9668140783906" lon="-116.51018863543868">
        <time>2005-05-01T09:06:48-07:00</time>
      </trkpt>
      <trkpt lat="32.96684391796589" lon="-116.51020070537925">
        <time>2005-05-01T09:06:50-07:00</time>
      </trkpt>
      <trkpt lat="32.966867638751864" lon="-116.51020187884569">
        <time>2005-05-01T09:06:51-07:00</time>
      </trkpt>
      <trkpt lat="32.96696176752448" lon="-116.51021813973784">
        <time>2005-05-01T09:06:54-07:00</time>
      </trkpt>
      <trkpt lat="32.966990852728486" lon="-116.51024487800896">
        <time>2005-05-01T09:06:55-07:00</time>
      </trkpt>
      <trkpt lat="32.96700619161129" lon="-116.51026482693851">
        <time>2005-05-01T09:06:57-07:00</time>
      </trkpt>
      <trkpt lat="32.9670263081789" lon="-116.51030623354018">
        <time>2005-05-01T09:06:59-07:00</time>
      </trkpt>
      <trkpt lat="32.967060254886746" lon="-116.510318974033">
        <time>2005-05-01T09:07:01-07:00</time>
      </trkpt>
      <trkpt lat="32.96708690933883" lon="-116.51033238507807">
        <time>2005-05-01T09:07:03-07:00</time>
      </trkpt>
      <trkpt lat="32.96711213886738" lon="-116.51034370064735">
        <time>2005-05-01T09:07:10-07:00</time>
      </trkpt>
      <trkpt lat="32.96715664677322" lon="-116.51037178002298">
        <time>2005-05-01T09:07:13-07:00</time>
      </trkpt>
      <trkpt lat="32.96723451465368" lon="-116.51040555909276">
        <time>2005-05-01T09:07:15-07:00</time>
      </trkpt>
      <trkpt lat="32.96724859625101" lon="-116.51041318662465">
        <time>2005-05-01T09:07:21-07:00</time>
      </trkpt>
      <trkpt lat="32.96727726235986" lon="-116.51045266538858">
        <time>2005-05-01T09:07:25-07:00</time>
      </trkpt>
      <trkpt lat="32.96729251742363" lon="-116.51046113111079">
        <time>2005-05-01T09:07:27-07:00</time>
      </trkpt>
      <trkpt lat="32.96730182133615" lon="-116.51046699844301">
        <time>2005-05-01T09:07:29-07:00</time>
      </trkpt>
      <trkpt lat="32.96732378192246" lon="-116.51048946194351">
        <time>2005-05-01T09:07:34-07:00</time>
      </trkpt>
      <trkpt lat="32.96736711636186" lon="-116.51056515052915">
        <time>2005-05-01T09:07:41-07:00</time>
      </trkpt>
      <trkpt lat="32.96741573140025" lon="-116.5106178727001">
        <time>2005-05-01T09:07:42-07:00</time>
      </trkpt>
      <trkpt lat="32.967446744441986" lon="-116.5106831677258">
        <time>2005-05-01T09:07:46-07:00</time>
      </trkpt>
      <trkpt lat="32.96746887266636" lon="-116.51073186658323">
        <time>2005-05-01T09:07:48-07:00</time>
      </trkpt>
      <trkpt lat="32.96747633256018" lon="-116.51074510999024">
        <time>2005-05-01T09:07:49-07:00</time>
      </trkpt>
      <trkpt lat="32.96752461232245" lon="-116.51080478914082">
        <time>2005-05-01T09:07:52-07:00</time>
      </trkpt>
      <trkpt lat="32.967558139935136" lon="-116.51085038669407">
        <time>2005-05-01T09:07:58-07:00</time>
      </trkpt>
      <trkpt lat="32.967564007267356" lon="-116.51085910387337">
        <time>2005-05-01T09:08:05-07:00</time>
      </trkpt>
      <trkpt lat="32.967594265937805" lon="-116.51089598424733">
        <time>2005-05-01T09:08:10-07:00</time>
      </trkpt>
      <trkpt lat="32.96762024983764" lon="-116.51097284629941">
        <time>2005-05-01T09:08:14-07:00</time>
      </trkpt>
      <trkpt lat="32.96765545383096" lon="-116.51107066310942">
        <time>2005-05-01T09:08:15-07:00</time>
      </trkpt>
      <trkpt lat="32.96766844578087" lon="-116.51110611855984">
        <time>2005-05-01T09:08:22-07:00</time>
      </trkpt>
      <trkpt lat="32.96768311411142" lon="-116.51114987209439">
        <time>2005-05-01T09:08:26-07:00</time>
      </trkpt>
      <trkpt lat="32.96768847852945" lon="-116.51120443828404">
        <time>2005-05-01T09:08:27-07:00</time>
      </trkpt>
      <trkpt lat="32.96773818321526" lon="-116.51125196367502">
        <time>2005-05-01T09:08:30-07:00</time>
      </trkpt>
      <trkpt lat="32.967748241499066" lon="-116.51123813353479">
        <time>2005-05-01T09:08:36-07:00</time>
      </trkpt>
      <trkpt lat="32.967795515432954" lon="-116.51121055707335">
        <time>2005-05-01T09:08:44-07:00</time>
      </trkpt>
      <trkpt lat="32.967867935076356" lon="-116.51115179993212">
        <time>2005-05-01T09:08:47-07:00</time>
      </trkpt>
      <trkpt lat="32.96787925064564" lon="-116.51115389540792">
        <time>2005-05-01T09:08:51-07:00</time>
      </trkpt>
      <trkpt lat="32.96792769804597" lon="-116.5111702401191">
        <time>2005-05-01T09:08:55-07:00</time>
      </trkpt>
      <trkpt lat="32.967955358326435" lon="-116.5112030133605">
        <time>2005-05-01T09:09:01-07:00</time>
      </trkpt>
      <trkpt lat="32.96797304414213" lon="-116.5112170111388">
        <time>2005-05-01T09:09:03-07:00</time>
      </trkpt>
      <trkpt lat="32.96799408271909" lon="-116.51123830117285">
        <time>2005-05-01T09:09:07-07:00</time>
      </trkpt>
      <trkpt lat="32.968016965314746" lon="-116.5112688113004">
        <time>2005-05-01T09:09:14-07:00</time>
      </trkpt>
      <trkpt lat="32.96802987344563" lon="-116.51127509772778">
        <time>2005-05-01T09:09:15-07:00</time>
      </trkpt>
      <trkpt lat="32.96805283986032" lon="-116.51128482073545">
        <time>2005-05-01T09:09:20-07:00</time>
      </trkpt>
      <trkpt lat="32.96806314960122" lon="-116.51128909550607">
        <time>2005-05-01T09:09:24-07:00</time>
      </trkpt>
      <trkpt lat="32.96812023036182" lon="-116.51135061867535">
        <time>2005-05-01T09:09:26-07:00</time>
      </trkpt>
      <trkpt lat="32.968183010816574" lon="-116.51139956898987">
        <time>2005-05-01T09:09:28-07:00</time>
      </trkpt>
      <trkpt lat="32.96824000775814" lon="-116.51144583709538">
        <time>2005-05-01T09:09:32-07:00</time>
      </trkpt>
      <trkpt lat="32.9682491440326" lon="-116.5114514529705">
        <time>2005-05-01T09:09:34-07:00</time>
      </trkpt>
      <trkpt lat="32.96832106076181" lon="-116.5115124732256">
        <time>2005-05-01T09:09:36-07:00</time>
      </trkpt>
      <trkpt lat="32.96837369911373" lon="-116.5115724876523">
        <time>2005-05-01T09:09:37-07:00</time>
      </trkpt>
      <trkpt lat="32.96845776960254" lon="-116.5116361901164">
        <time>2005-05-01T09:09:43-07:00</time>
      </trkpt>
      <trkpt lat="32.96850093640387" lon="-116.51162051595747">
        <time>2005-05-01T09:09:50-07:00</time>
      </trkpt>
      <trkpt lat="32.968562208116055" lon="-116.51163367554545">
        <time>2005-05-01T09:09:56-07:00</time>
      </trkpt>
      <trkpt lat="32.96861660666764" lon="-116.51166871190071">
        <time>2005-05-01T09:09:57-07:00</time>
      </trkpt>
      <trkpt lat="32.968682991340756" lon="-116.5117281395942">
        <time>2005-05-01T09:10:04-07:00</time>
      </trkpt>
      <trkpt lat="32.96874091029167" lon="-116.51180282235146">
        <time>2005-05-01T09:10:10-07:00</time>
      </trkpt>
      <trkpt lat="32.968770330771804" lon="-116.51183509267867">
        <time>2005-05-01T09:10:17-07:00</time>
      </trkpt>
      <trkpt lat="32.96877393499017" lon="-116.51184163056314">
        <time>2005-05-01T09:10:21-07:00</time>
      </trkpt>
      <trkpt lat="32.96880913898349" lon="-116.5118679497391">
        <time>2005-05-01T09:10:26-07:00</time>
      </trkpt>
      <trkpt lat="32.96884082257748" lon="-116.51190684176981">
        <time>2005-05-01T09:10:31-07:00</time>
      </trkpt>
      <trkpt lat="32.968880385160446" lon="-116.51196425780654">
        <time>2005-05-01T09:10:37-07:00</time>
      </trkpt>
      <trkpt lat="32.96889270655811" lon="-116.51203290559351">
        <time>2005-05-01T09:10:44-07:00</time>
      </trkpt>
      <trkpt lat="32.96890268102288" lon="-116.51203785091639">
        <time>2005-05-01T09:10:48-07:00</time>
      </trkpt>
      <trkpt lat="32.96895548701286" lon="-116.51208604685962">
        <time>2005-05-01T09:10:49-07:00</time>
      </trkpt>
      <trkpt lat="32.96896655112505" lon="-116.51208353228867">
        <time>2005-05-01T09:10:53-07:00</time>
      </trkpt>
      <trkpt lat="32.96900041401386" lon="-116.5120804309845">
        <time>2005-05-01T09:10:57-07:00</time>
      </trkpt>
      <trkpt lat="32.9690414853394" lon="-116.51202217675745">
        <time>2005-05-01T09:11:03-07:00</time>
      </trkpt>
      <trkpt lat="32.96909177675843" lon="-116.51197389699519">
        <time>2005-05-01T09:11:09-07:00</time>
      </trkpt>
      <trkpt lat="32.96917174011469" lon="-116.51192737743258">
        <time>2005-05-01T09:11:10-07:00</time>
      </trkpt>
      <trkpt lat="32.96923007816076" lon="-116.51189368218184">
        <time>2005-05-01T09:11:15-07:00</time>
      </trkpt>
      <trkpt lat="32.96929311007261" lon="-116.51186753064394">
        <time>2005-05-01T09:11:16-07:00</time>
      </trkpt>
      <trkpt lat="32.96935144811869" lon="-116.51186375878751">
        <time>2005-05-01T09:11:19-07:00</time>
      </trkpt>
      <trkpt lat="32.9694059304893" lon="-116.51185889728367">
        <time>2005-05-01T09:11:25-07:00</time>
      </trkpt>
      <trkpt lat="32.969454461708665" lon="-116.51185487397015">
        <time>2005-05-01T09:11:30-07:00</time>
      </trkpt>
      <trkpt lat="32.969510704278946" lon="-116.51185043156147">
        <time>2005-05-01T09:11:38-07:00</time>
      </trkpt>
      <trkpt lat="32.96952344477177" lon="-116.5118526108563">
        <time>2005-05-01T09:11:44-07:00</time>
      </trkpt>
      <trkpt lat="32.96957541257143" lon="-116.51187239214778">
        <time>2005-05-01T09:11:50-07:00</time>
      </trkpt>
      <trkpt lat="32.969665518030524" lon="-116.51190851815045">
        <time>2005-05-01T09:11:55-07:00</time>
      </trkpt>
      <trkpt lat="32.969730980694294" lon="-116.51193240657449">
        <time>2005-05-01T09:12:01-07:00</time>
      </trkpt>
      <trkpt lat="32.969792168587446" lon="-116.51197037659585">
        <time>2005-05-01T09:12:05-07:00</time>
      </trkpt>
      <trkpt lat="32.96981136314571" lon="-116.51197146624327">
        <time>2005-05-01T09:12:10-07:00</time>
      </trkpt>
      <trkpt lat="32.969863414764404" lon="-116.51200499385595">
        <time>2005-05-01T09:12:11-07:00</time>
      </trkpt>
      <trkpt lat="32.969897193834186" lon="-116.51205997914076">
        <time>2005-05-01T09:12:17-07:00</time>
      </trkpt>
      <trkpt lat="32.96991747803986" lon="-116.51211337186396">
        <time>2005-05-01T09:12:25-07:00</time>
      </trkpt>
      <trkpt lat="32.96992493793368" lon="-116.51212343014777">
        <time>2005-05-01T09:12:31-07:00</time>
      </trkpt>
      <trkpt lat="32.96994631178677" lon="-116.51216383092105">
        <time>2005-05-01T09:12:37-07:00</time>
      </trkpt>
      <trkpt lat="32.96996818855405" lon="-116.51221923530102">
        <time>2005-05-01T09:12:42-07:00</time>
      </trkpt>
      <trkpt lat="32.96998738311231" lon="-116.51226458139718">
        <time>2005-05-01T09:12:47-07:00</time>
      </trkpt>
      <trkpt lat="32.969991490244865" lon="-116.51228159666061">
        <time>2005-05-01T09:12:52-07:00</time>
      </trkpt>
      <trkpt lat="32.969987550750375" lon="-116.51234462857246">
        <time>2005-05-01T09:12:57-07:00</time>
      </trkpt>
      <trkpt lat="32.96998185105622" lon="-116.51235938072205">
        <time>2005-05-01T09:12:58-07:00</time>
      </trkpt>
      <trkpt lat="32.969956286251545" lon="-116.51245828717947">
        <time>2005-05-01T09:13:02-07:00</time>
      </trkpt>
      <trkpt lat="32.9699878860265" lon="-116.51250296272337">
        <time>2005-05-01T09:13:07-07:00</time>
      </trkpt>
      <trkpt lat="32.970029124990106" lon="-116.51255233213305">
        <time>2005-05-01T09:13:11-07:00</time>
      </trkpt>
      <trkpt lat="32.97003063373268" lon="-116.51256314478815">
        <time>2005-05-01T09:13:13-07:00</time>
      </trkpt>
      <trkpt lat="32.970060557127" lon="-116.51259893551469">
        <time>2005-05-01T09:13:18-07:00</time>
      </trkpt>
      <trkpt lat="32.970107328146696" lon="-116.51265836320817">
        <time>2005-05-01T09:13:19-07:00</time>
      </trkpt>
      <trkpt lat="32.970157535746694" lon="-116.51269096881151">
        <time>2005-05-01T09:13:27-07:00</time>
      </trkpt>
      <trkpt lat="32.97016516327858" lon="-116.51269784197211">
        <time>2005-05-01T09:13:32-07:00</time>
      </trkpt>
      <trkpt lat="32.970229452475905" lon="-116.51276338845491">
        <time>2005-05-01T09:13:37-07:00</time>
      </trkpt>
      <trkpt lat="32.97029918991029" lon="-116.51282005012035">
        <time>2005-05-01T09:13:42-07:00</time>
      </trkpt>
      <trkpt lat="32.970349648967385" lon="-116.51285064406693">
        <time>2005-05-01T09:13:48-07:00</time>
      </trkpt>
      <trkpt lat="32.97040907666087" lon="-116.51289129629731">
        <time>2005-05-01T09:13:53-07:00</time>
      </trkpt>
      <trkpt lat="32.970479149371386" lon="-116.51294980198145">
        <time>2005-05-01T09:13:58-07:00</time>
      </trkpt>
      <trkpt lat="32.97051359899342" lon="-116.51297234930098">
        <time>2005-05-01T09:13:59-07:00</time>
      </trkpt>
      <trkpt lat="32.97053748741746" lon="-116.51298215612769">
        <time>2005-05-01T09:14:07-07:00</time>
      </trkpt>
      <trkpt lat="32.970601776614785" lon="-116.5130160190165">
        <time>2005-05-01T09:14:14-07:00</time>
      </trkpt>
      <trkpt lat="32.970666233450174" lon="-116.51303839869797">
        <time>2005-05-01T09:14:19-07:00</time>
      </trkpt>
      <trkpt lat="32.97073722817004" lon="-116.51307301595807">
        <time>2005-05-01T09:14:24-07:00</time>
      </trkpt>
      <trkpt lat="32.9708098154515" lon="-116.5131404902786">
        <time>2005-05-01T09:14:31-07:00</time>
      </trkpt>
      <trkpt lat="32.97085038386285" lon="-116.51318005286157">
        <time>2005-05-01T09:14:35-07:00</time>
      </trkpt>
      <trkpt lat="32.970858262851834" lon="-116.51318667456508">
        <time>2005-05-01T09:14:37-07:00</time>
      </trkpt>
      <trkpt lat="32.970916433259845" lon="-116.51322313584387">
        <time>2005-05-01T09:14:43-07:00</time>
      </trkpt>
      <trkpt lat="32.97091752290726" lon="-116.5132253151387">
        <time>2005-05-01T09:14:49-07:00</time>
      </trkpt>
      <trkpt lat="32.97096563503146" lon="-116.5132784564048">
        <time>2005-05-01T09:14:56-07:00</time>
      </trkpt>
      <trkpt lat="32.970991702750325" lon="-116.51332899928093">
        <time>2005-05-01T09:15:03-07:00</time>
      </trkpt>
      <trkpt lat="32.97101408243179" lon="-116.51335716247559">
        <time>2005-05-01T09:15:07-07:00</time>
      </trkpt>
      <trkpt lat="32.97104216180742" lon="-116.51340527459979">
        <time>2005-05-01T09:15:08-07:00</time>
      </trkpt>
      <trkpt lat="32.9710688162595" lon="-116.51346587575972">
        <time>2005-05-01T09:15:14-07:00</time>
      </trkpt>
      <trkpt lat="32.97108675353229" lon="-116.51354357600212">
        <time>2005-05-01T09:15:15-07:00</time>
      </trkpt>
      <trkpt lat="32.971086502075195" lon="-116.51357232593">
        <time>2005-05-01T09:15:20-07:00</time>
      </trkpt>
      <trkpt lat="32.971091363579035" lon="-116.51362353935838">
        <time>2005-05-01T09:15:25-07:00</time>
      </trkpt>
      <trkpt lat="32.971086418256164" lon="-116.51371196843684">
        <time>2005-05-01T09:15:28-07:00</time>
      </trkpt>
      <trkpt lat="32.97111106105149" lon="-116.51378933340311">
        <time>2005-05-01T09:15:32-07:00</time>
      </trkpt>
      <trkpt lat="32.9711261484772" lon="-116.51384272612631">
        <time>2005-05-01T09:15:38-07:00</time>
      </trkpt>
      <trkpt lat="32.97113897278905" lon="-116.51392369531095">
        <time>2005-05-01T09:15:44-07:00</time>
      </trkpt>
      <trkpt lat="32.97118188813329" lon="-116.51400407776237">
        <time>2005-05-01T09:15:46-07:00</time>
      </trkpt>
      <trkpt lat="32.97120586037636" lon="-116.51406149379909">
        <time>2005-05-01T09:15:50-07:00</time>
      </trkpt>
      <trkpt lat="32.971232598647475" lon="-116.51409443467855">
        <time>2005-05-01T09:15:57-07:00</time>
      </trkpt>
      <trkpt lat="32.97127140685916" lon="-116.51412419043481">
        <time>2005-05-01T09:16:03-07:00</time>
      </trkpt>
      <trkpt lat="32.97134952619672" lon="-116.5141973644495">
        <time>2005-05-01T09:16:08-07:00</time>
      </trkpt>
      <trkpt lat="32.97140970826149" lon="-116.51427037082613">
        <time>2005-05-01T09:16:14-07:00</time>
      </trkpt>
      <trkpt lat="32.97147701494396" lon="-116.51433273218572">
        <time>2005-05-01T09:16:20-07:00</time>
      </trkpt>
      <trkpt lat="32.971522863954306" lon="-116.51439366862178">
        <time>2005-05-01T09:16:25-07:00</time>
      </trkpt>
      <trkpt lat="32.97156846150756" lon="-116.514449743554">
        <time>2005-05-01T09:16:28-07:00</time>
      </trkpt>
      <trkpt lat="32.971611795946956" lon="-116.51449777185917">
        <time>2005-05-01T09:16:32-07:00</time>
      </trkpt>
      <trkpt lat="32.97167055308819" lon="-116.51456004939973">
        <time>2005-05-01T09:16:40-07:00</time>
      </trkpt>
      <trkpt lat="32.97172352671623" lon="-116.51458100415766">
        <time>2005-05-01T09:16:47-07:00</time>
      </trkpt>
      <trkpt lat="32.97176007181406" lon="-116.51459156535566">
        <time>2005-05-01T09:16:54-07:00</time>
      </trkpt>
      <trkpt lat="32.97180541791022" lon="-116.51459231972694">
        <time>2005-05-01T09:17:00-07:00</time>
      </trkpt>
      <trkpt lat="32.971865851432085" lon="-116.51462383568287">
        <time>2005-05-01T09:17:05-07:00</time>
      </trkpt>
      <trkpt lat="32.97189996577799" lon="-116.51466306298971">
        <time>2005-05-01T09:17:10-07:00</time>
      </trkpt>
      <trkpt lat="32.971911784261465" lon="-116.51467722840607">
        <time>2005-05-01T09:17:17-07:00</time>
      </trkpt>
      <trkpt lat="32.97195101156831" lon="-116.51469575241208">
        <time>2005-05-01T09:17:21-07:00</time>
      </trkpt>
      <trkpt lat="32.97195612452924" lon="-116.51470287702978">
        <time>2005-05-01T09:17:24-07:00</time>
      </trkpt>
      <trkpt lat="32.97198638319969" lon="-116.51472869329154">
        <time>2005-05-01T09:17:29-07:00</time>
      </trkpt>
      <trkpt lat="32.972025107592344" lon="-116.51475308462977">
        <time>2005-05-01T09:17:35-07:00</time>
      </trkpt>
      <trkpt lat="32.97204103320837" lon="-116.51475911960006">
        <time>2005-05-01T09:17:39-07:00</time>
      </trkpt>
      <trkpt lat="32.97203868627548" lon="-116.51475534774363">
        <time>2005-05-01T09:17:40-07:00</time>
      </trkpt>
      <trkpt lat="32.97204430215061" lon="-116.5147497318685">
        <time>2005-05-01T09:17:44-07:00</time>
      </trkpt>
      <trkpt lat="32.9720413684845" lon="-116.51474788784981">
        <time>2005-05-01T09:17:45-07:00</time>
      </trkpt>
      <trkpt lat="32.972040781751275" lon="-116.51475140824914">
        <time>2005-05-01T09:17:48-07:00</time>
      </trkpt>
      <trkpt lat="32.972040781751275" lon="-116.51475140824914">
        <time>2005-05-01T09:17:51-07:00</time>
      </trkpt>
      <trkpt lat="32.972042709589005" lon="-116.51475434191525">
        <time>2005-05-01T09:17:55-07:00</time>
      </trkpt>
      <trkpt lat="32.97204681672156" lon="-116.51475559920073">
        <time>2005-05-01T09:17:56-07:00</time>
      </trkpt>
      <trkpt lat="32.97206006012857" lon="-116.51476096361876">
        <time>2005-05-01T09:18:05-07:00</time>
      </trkpt>
      <trkpt lat="32.972091659903526" lon="-116.51478552259505">
        <time>2005-05-01T09:18:13-07:00</time>
      </trkpt>
      <trkpt lat="32.972146812826395" lon="-116.51484025642276">
        <time>2005-05-01T09:18:19-07:00</time>
      </trkpt>
      <trkpt lat="32.972205486148596" lon="-116.51486305519938">
        <time>2005-05-01T09:18:21-07:00</time>
      </trkpt>
      <trkpt lat="32.9722261056304" lon="-116.51487168855965">
        <time>2005-05-01T09:18:29-07:00</time>
      </trkpt>
      <trkpt lat="32.97228720970452" lon="-116.51488342322409">
        <time>2005-05-01T09:18:37-07:00</time>
      </trkpt>
      <trkpt lat="32.97236440703273" lon="-116.51490395888686">
        <time>2005-05-01T09:18:39-07:00</time>
      </trkpt>
      <trkpt lat="32.972375052049756" lon="-116.51491007767618">
        <time>2005-05-01T09:18:42-07:00</time>
      </trkpt>
      <trkpt lat="32.97244898043573" lon="-116.51493664830923">
        <time>2005-05-01T09:18:48-07:00</time>
      </trkpt>
      <trkpt lat="32.97252785414457" lon="-116.51496757753193">
        <time>2005-05-01T09:18:54-07:00</time>
      </trkpt>
      <trkpt lat="32.97260387800634" lon="-116.51498844847083">
        <time>2005-05-01T09:18:56-07:00</time>
      </trkpt>
      <trkpt lat="32.97266406007111" lon="-116.51498903520405">
        <time>2005-05-01T09:19:01-07:00</time>
      </trkpt>
      <trkpt lat="32.972731702029705" lon="-116.5150092355907">
        <time>2005-05-01T09:19:08-07:00</time>
      </trkpt>
      <trkpt lat="32.972790375351906" lon="-116.51501652784646">
        <time>2005-05-01T09:19:09-07:00</time>
      </trkpt>
      <trkpt lat="32.97281241975725" lon="-116.51501443237066">
        <time>2005-05-01T09:19:15-07:00</time>
      </trkpt>
      <trkpt lat="32.97285751439631" lon="-116.51500705629587">
        <time>2005-05-01T09:19:22-07:00</time>
      </trkpt>
      <trkpt lat="32.97293923795223" lon="-116.51498090475798">
        <time>2005-05-01T09:19:29-07:00</time>
      </trkpt>
      <trkpt lat="32.97298005782068" lon="-116.51498157531023">
        <time>2005-05-01T09:19:34-07:00</time>
      </trkpt>
      <trkpt lat="32.97301056794822" lon="-116.51497763581574">
        <time>2005-05-01T09:19:39-07:00</time>
      </trkpt>
      <trkpt lat="32.97302112914622" lon="-116.51497889310122">
        <time>2005-05-01T09:19:45-07:00</time>
      </trkpt>
      <trkpt lat="32.97307485714555" lon="-116.5149709302932">
        <time>2005-05-01T09:19:47-07:00</time>
      </trkpt>
      <trkpt lat="32.97314375638962" lon="-116.51497386395931">
        <time>2005-05-01T09:19:51-07:00</time>
      </trkpt>
      <trkpt lat="32.97321081161499" lon="-116.5149793960154">
        <time>2005-05-01T09:19:58-07:00</time>
      </trkpt>
      <trkpt lat="32.97327904030681" lon="-116.51498408988118">
        <time>2005-05-01T09:20:01-07:00</time>
      </trkpt>
      <trkpt lat="32.973290691152215" lon="-116.51498207822442">
        <time>2005-05-01T09:20:04-07:00</time>
      </trkpt>
      <trkpt lat="32.97335682436824" lon="-116.51499557308853">
        <time>2005-05-01T09:20:05-07:00</time>
      </trkpt>
      <trkpt lat="32.97342664562166" lon="-116.51501283980906">
        <time>2005-05-01T09:20:11-07:00</time>
      </trkpt>
      <trkpt lat="32.97347920015454" lon="-116.51503915898502">
        <time>2005-05-01T09:20:16-07:00</time>
      </trkpt>
      <trkpt lat="32.973527228459716" lon="-116.51503949426115">
        <time>2005-05-01T09:20:22-07:00</time>
      </trkpt>
      <trkpt lat="32.97362412326038" lon="-116.51504938490689">
        <time>2005-05-01T09:20:27-07:00</time>
      </trkpt>
      <trkpt lat="32.97370961867273" lon="-116.51506313122809">
        <time>2005-05-01T09:20:28-07:00</time>
      </trkpt>
      <trkpt lat="32.973775835707784" lon="-116.51505961082876">
        <time>2005-05-01T09:20:34-07:00</time>
      </trkpt>
      <trkpt lat="32.973802741616964" lon="-116.51505877263844">
        <time>2005-05-01T09:20:40-07:00</time>
      </trkpt>
      <trkpt lat="32.97389142215252" lon="-116.51506874710321">
        <time>2005-05-01T09:20:45-07:00</time>
      </trkpt>
      <trkpt lat="32.97395780682564" lon="-116.51510009542108">
        <time>2005-05-01T09:20:50-07:00</time>
      </trkpt>
      <trkpt lat="32.97399468719959" lon="-116.51511878706515">
        <time>2005-05-01T09:20:58-07:00</time>
      </trkpt>
      <trkpt lat="32.974011451005936" lon="-116.51512373238802">
        <time>2005-05-01T09:21:05-07:00</time>
      </trkpt>
      <trkpt lat="32.97407657839358" lon="-116.51514242403209">
        <time>2005-05-01T09:21:10-07:00</time>
      </trkpt>
      <trkpt lat="32.97413835301995" lon="-116.51515918783844">
        <time>2005-05-01T09:21:12-07:00</time>
      </trkpt>
      <trkpt lat="32.9741567093879" lon="-116.5151664800942">
        <time>2005-05-01T09:21:19-07:00</time>
      </trkpt>
      <trkpt lat="32.97418747097254" lon="-116.51518081314862">
        <time>2005-05-01T09:21:26-07:00</time>
      </trkpt>
      <trkpt lat="32.97425360418856" lon="-116.5152269974351">
        <time>2005-05-01T09:21:29-07:00</time>
      </trkpt>
      <trkpt lat="32.97425997443497" lon="-116.51522959582508">
        <time>2005-05-01T09:21:31-07:00</time>
      </trkpt>
      <trkpt lat="32.9742981120944" lon="-116.51525943540037">
        <time>2005-05-01T09:21:37-07:00</time>
      </trkpt>
      <trkpt lat="32.97434245236218" lon="-116.51530302129686">
        <time>2005-05-01T09:21:42-07:00</time>
      </trkpt>
      <trkpt lat="32.9743966832757" lon="-116.51534157805145">
        <time>2005-05-01T09:21:43-07:00</time>
      </trkpt>
      <trkpt lat="32.974462900310755" lon="-116.51540176011622">
        <time>2005-05-01T09:21:46-07:00</time>
      </trkpt>
      <trkpt lat="32.97447991557419" lon="-116.51550418697298">
        <time>2005-05-01T09:21:53-07:00</time>
      </trkpt>
      <trkpt lat="32.97446466051042" lon="-116.51553679257631">
        <time>2005-05-01T09:21:54-07:00</time>
      </trkpt>
      <trkpt lat="32.974447309970856" lon="-116.51556629687548">
        <time>2005-05-01T09:21:58-07:00</time>
      </trkpt>
      <trkpt lat="32.97436357475817" lon="-116.5155927836895">
        <time>2005-05-01T09:22:03-07:00</time>
      </trkpt>
      <trkpt lat="32.97432644292712" lon="-116.51558523997664">
        <time>2005-05-01T09:22:09-07:00</time>
      </trkpt>
      <trkpt lat="32.974290903657675" lon="-116.51558339595795">
        <time>2005-05-01T09:22:16-07:00</time>
      </trkpt>
      <trkpt lat="32.97426517121494" lon="-116.51558389887214">
        <time>2005-05-01T09:22:23-07:00</time>
      </trkpt>
      <trkpt lat="32.97421982511878" lon="-116.51557970792055">
        <time>2005-05-01T09:22:26-07:00</time>
      </trkpt>
      <trkpt lat="32.974193673580885" lon="-116.51557786390185">
        <time>2005-05-01T09:22:28-07:00</time>
      </trkpt>
      <trkpt lat="32.9741532728076" lon="-116.51557568460703">
        <time>2005-05-01T09:22:35-07:00</time>
      </trkpt>
      <trkpt lat="32.974052019417286" lon="-116.51556587778032">
        <time>2005-05-01T09:22:38-07:00</time>
      </trkpt>
      <trkpt lat="32.973980186507106" lon="-116.51556587778032">
        <time>2005-05-01T09:22:41-07:00</time>
      </trkpt>
      <trkpt lat="32.973917573690414" lon="-116.5155721642077">
        <time>2005-05-01T09:22:43-07:00</time>
      </trkpt>
      <trkpt lat="32.97390558756888" lon="-116.51557467877865">
        <time>2005-05-01T09:22:47-07:00</time>
      </trkpt>
      <trkpt lat="32.973842471838" lon="-116.51560518890619">
        <time>2005-05-01T09:22:49-07:00</time>
      </trkpt>
      <trkpt lat="32.97383492812514" lon="-116.5156115591526">
        <time>2005-05-01T09:22:52-07:00</time>
      </trkpt>
      <trkpt lat="32.97376066446304" lon="-116.51564525440335">
        <time>2005-05-01T09:23:00-07:00</time>
      </trkpt>
      <trkpt lat="32.97374909743667" lon="-116.51564852334559">
        <time>2005-05-01T09:23:06-07:00</time>
      </trkpt>
      <trkpt lat="32.973714312538505" lon="-116.51566084474325">
        <time>2005-05-01T09:23:11-07:00</time>
      </trkpt>
      <trkpt lat="32.97364625148475" lon="-116.51570132933557">
        <time>2005-05-01T09:23:12-07:00</time>
      </trkpt>
      <trkpt lat="32.97358212992549" lon="-116.515734186396">
        <time>2005-05-01T09:23:18-07:00</time>
      </trkpt>
      <trkpt lat="32.97352152876556" lon="-116.51577316224575">
        <time>2005-05-01T09:23:19-07:00</time>
      </trkpt>
      <trkpt lat="32.97347576357424" lon="-116.5157944522798">
        <time>2005-05-01T09:23:26-07:00</time>
      </trkpt>
      <trkpt lat="32.973436284810305" lon="-116.51584046892822">
        <time>2005-05-01T09:23:27-07:00</time>
      </trkpt>
      <trkpt lat="32.97343444079161" lon="-116.51585664600134">
        <time>2005-05-01T09:23:31-07:00</time>
      </trkpt>
      <trkpt lat="32.97339613549411" lon="-116.51594113558531">
        <time>2005-05-01T09:23:37-07:00</time>
      </trkpt>
      <trkpt lat="32.97337777912617" lon="-116.51598270982504">
        <time>2005-05-01T09:23:43-07:00</time>
      </trkpt>
      <trkpt lat="32.973366966471076" lon="-116.51599276810884">
        <time>2005-05-01T09:23:49-07:00</time>
      </trkpt>
      <trkpt lat="32.97335288487375" lon="-116.51603643782437">
        <time>2005-05-01T09:23:54-07:00</time>
      </trkpt>
      <trkpt lat="32.97335975803435" lon="-116.51604993268847">
        <time>2005-05-01T09:24:00-07:00</time>
      </trkpt>
      <trkpt lat="32.97336679883301" lon="-116.5160645172">
        <time>2005-05-01T09:24:01-07:00</time>
      </trkpt>
      <trkpt lat="32.973411809653044" lon="-116.51612235233188">
        <time>2005-05-01T09:24:07-07:00</time>
      </trkpt>
      <trkpt lat="32.97342035919428" lon="-116.51611908338964">
        <time>2005-05-01T09:24:11-07:00</time>
      </trkpt>
      <trkpt lat="32.97346537001431" lon="-116.51613492518663">
        <time>2005-05-01T09:24:13-07:00</time>
      </trkpt>
      <trkpt lat="32.97350099310279" lon="-116.51616216637194">
        <time>2005-05-01T09:24:17-07:00</time>
      </trkpt>
      <trkpt lat="32.97351214103401" lon="-116.51618286967278">
        <time>2005-05-01T09:24:18-07:00</time>
      </trkpt>
      <trkpt lat="32.97352354042232" lon="-116.51621044613421">
        <time>2005-05-01T09:24:19-07:00</time>
      </trkpt>
      <trkpt lat="32.97354441136122" lon="-116.51624254882336">
        <time>2005-05-01T09:24:25-07:00</time>
      </trkpt>
      <trkpt lat="32.97355170361698" lon="-116.51624975726008">
        <time>2005-05-01T09:24:26-07:00</time>
      </trkpt>
      <trkpt lat="32.973570143803954" lon="-116.51625629514456">
        <time>2005-05-01T09:24:30-07:00</time>
      </trkpt>
      <trkpt lat="32.97359109856188" lon="-116.51624648831785">
        <time>2005-05-01T09:24:35-07:00</time>
      </trkpt>
      <trkpt lat="32.973623117432" lon="-116.51624204590917">
        <time>2005-05-01T09:24:37-07:00</time>
      </trkpt>
      <trkpt lat="32.973658153787255" lon="-116.51623944751918">
        <time>2005-05-01T09:24:40-07:00</time>
      </trkpt>
      <trkpt lat="32.97368673607707" lon="-116.51624296791852">
        <time>2005-05-01T09:24:43-07:00</time>
      </trkpt>
      <trkpt lat="32.97370710410178" lon="-116.51623819023371">
        <time>2005-05-01T09:24:44-07:00</time>
      </trkpt>
      <trkpt lat="32.97374197281897" lon="-116.51623408310115">
        <time>2005-05-01T09:24:46-07:00</time>
      </trkpt>
      <trkpt lat="32.97375303693116" lon="-116.51624162681401">
        <time>2005-05-01T09:24:48-07:00</time>
      </trkpt>
      <trkpt lat="32.97378120012581" lon="-116.5162508469075">
        <time>2005-05-01T09:24:51-07:00</time>
      </trkpt>
      <trkpt lat="32.973797377198935" lon="-116.51624917052686">
        <time>2005-05-01T09:24:54-07:00</time>
      </trkpt>
      <trkpt lat="32.9738250374794" lon="-116.51626065373421">
        <time>2005-05-01T09:24:56-07:00</time>
      </trkpt>
      <trkpt lat="32.97384607605636" lon="-116.5163026470691">
        <time>2005-05-01T09:24:58-07:00</time>
      </trkpt>
      <trkpt lat="32.973880022764206" lon="-116.51635327376425">
        <time>2005-05-01T09:25:01-07:00</time>
      </trkpt>
      <trkpt lat="32.97391313128173" lon="-116.51642267592251">
        <time>2005-05-01T09:25:02-07:00</time>
      </trkpt>
      <trkpt lat="32.973944898694754" lon="-116.51648822240531">
        <time>2005-05-01T09:25:06-07:00</time>
      </trkpt>
      <trkpt lat="32.973992424085736" lon="-116.51654496788979">
        <time>2005-05-01T09:25:07-07:00</time>
      </trkpt>
      <trkpt lat="32.974000722169876" lon="-116.51655251160264">
        <time>2005-05-01T09:25:10-07:00</time>
      </trkpt>
      <trkpt lat="32.97405989840627" lon="-116.51662409305573">
        <time>2005-05-01T09:25:15-07:00</time>
      </trkpt>
      <trkpt lat="32.974118487909436" lon="-116.51668829843402">
        <time>2005-05-01T09:25:20-07:00</time>
      </trkpt>
      <trkpt lat="32.97417439520359" lon="-116.51673833839595">
        <time>2005-05-01T09:25:26-07:00</time>
      </trkpt>
      <trkpt lat="32.97419694252312" lon="-116.51676231063902">
        <time>2005-05-01T09:25:32-07:00</time>
      </trkpt>
      <trkpt lat="32.974237594753504" lon="-116.51682056486607">
        <time>2005-05-01T09:25:37-07:00</time>
      </trkpt>
      <trkpt lat="32.974271373823285" lon="-116.51688795536757">
        <time>2005-05-01T09:25:38-07:00</time>
      </trkpt>
      <trkpt lat="32.97434186562896" lon="-116.5169535856694">
        <time>2005-05-01T09:25:45-07:00</time>
      </trkpt>
      <trkpt lat="32.974395509809256" lon="-116.51700119487941">
        <time>2005-05-01T09:25:51-07:00</time>
      </trkpt>
      <trkpt lat="32.97446231357753" lon="-116.51706146076322">
        <time>2005-05-01T09:25:57-07:00</time>
      </trkpt>
      <trkpt lat="32.974490309134126" lon="-116.51710487902164">
        <time>2005-05-01T09:26:00-07:00</time>
      </trkpt>
      <trkpt lat="32.974502043798566" lon="-116.51710781268775">
        <time>2005-05-01T09:26:05-07:00</time>
      </trkpt>
      <trkpt lat="32.974524339661" lon="-116.51708208024502">
        <time>2005-05-01T09:26:11-07:00</time>
      </trkpt>
      <trkpt lat="32.974539175629616" lon="-116.51701997034252">
        <time>2005-05-01T09:26:18-07:00</time>
      </trkpt>
      <trkpt lat="32.97457312233746" lon="-116.51695450767875">
        <time>2005-05-01T09:26:23-07:00</time>
      </trkpt>
      <trkpt lat="32.97459525056183" lon="-116.5169364027679">
        <time>2005-05-01T09:26:31-07:00</time>
      </trkpt>
      <trkpt lat="32.97462718561292" lon="-116.51691134087741">
        <time>2005-05-01T09:26:38-07:00</time>
      </trkpt>
      <trkpt lat="32.97468384727836" lon="-116.5168861951679">
        <time>2005-05-01T09:26:39-07:00</time>
      </trkpt>
      <trkpt lat="32.97476724721491" lon="-116.51686817407608">
        <time>2005-05-01T09:26:42-07:00</time>
      </trkpt>
      <trkpt lat="32.974782418459654" lon="-116.51686834171414">
        <time>2005-05-01T09:26:48-07:00</time>
      </trkpt>
      <trkpt lat="32.97484637238085" lon="-116.5168605465442">
        <time>2005-05-01T09:26:54-07:00</time>
      </trkpt>
      <trkpt lat="32.974917367100716" lon="-116.51684965007007">
        <time>2005-05-01T09:26:56-07:00</time>
      </trkpt>
      <trkpt lat="32.974988613277674" lon="-116.51684210635722">
        <time>2005-05-01T09:26:59-07:00</time>
      </trkpt>
      <trkpt lat="32.97503932379186" lon="-116.51683389209211">
        <time>2005-05-01T09:27:04-07:00</time>
      </trkpt>
      <trkpt lat="32.9751081392169" lon="-116.51686096563935">
        <time>2005-05-01T09:27:11-07:00</time>
      </trkpt>
      <trkpt lat="32.97514124773443" lon="-116.51687353849411">
        <time>2005-05-01T09:27:12-07:00</time>
      </trkpt>
      <trkpt lat="32.97516781836748" lon="-116.51686406694353">
        <time>2005-05-01T09:27:17-07:00</time>
      </trkpt>
      <trkpt lat="32.975225234404206" lon="-116.51687236502767">
        <time>2005-05-01T09:27:25-07:00</time>
      </trkpt>
      <trkpt lat="32.97527577728033" lon="-116.51688150130212">
        <time>2005-05-01T09:27:31-07:00</time>
      </trkpt>
      <trkpt lat="32.975288182497025" lon="-116.51687714271247">
        <time>2005-05-01T09:27:36-07:00</time>
      </trkpt>
      <trkpt lat="32.97531668096781" lon="-116.51687622070312">
        <time>2005-05-01T09:27:43-07:00</time>
      </trkpt>
      <trkpt lat="32.975323386490345" lon="-116.51687663979828">
        <time>2005-05-01T09:27:49-07:00</time>
      </trkpt>
      <trkpt lat="32.9753861669451" lon="-116.51688544079661">
        <time>2005-05-01T09:27:55-07:00</time>
      </trkpt>
      <trkpt lat="32.975450959056616" lon="-116.51691301725805">
        <time>2005-05-01T09:28:00-07:00</time>
      </trkpt>
      <trkpt lat="32.9754881747067" lon="-116.51693732477725">
        <time>2005-05-01T09:28:05-07:00</time>
      </trkpt>
      <trkpt lat="32.97550099901855" lon="-116.51695601642132">
        <time>2005-05-01T09:28:06-07:00</time>
      </trkpt>
      <trkpt lat="32.975531006231904" lon="-116.51703321374953">
        <time>2005-05-01T09:28:09-07:00</time>
      </trkpt>
      <trkpt lat="32.97555221244693" lon="-116.5170936472714">
        <time>2005-05-01T09:28:10-07:00</time>
      </trkpt>
      <trkpt lat="32.97555916942656" lon="-116.51710890233517">
        <time>2005-05-01T09:28:15-07:00</time>
      </trkpt>
      <trkpt lat="32.975579872727394" lon="-116.5171864349395">
        <time>2005-05-01T09:28:20-07:00</time>
      </trkpt>
      <trkpt lat="32.97559093683958" lon="-116.51724401861429">
        <time>2005-05-01T09:28:24-07:00</time>
      </trkpt>
      <trkpt lat="32.97559319995344" lon="-116.51734150014818">
        <time>2005-05-01T09:28:26-07:00</time>
      </trkpt>
      <trkpt lat="32.97555774450302" lon="-116.51746714487672">
        <time>2005-05-01T09:28:32-07:00</time>
      </trkpt>
      <trkpt lat="32.9755122307688" lon="-116.51752112433314">
        <time>2005-05-01T09:28:37-07:00</time>
      </trkpt>
      <trkpt lat="32.97545850276947" lon="-116.51757845655084">
        <time>2005-05-01T09:28:38-07:00</time>
      </trkpt>
      <trkpt lat="32.975410390645266" lon="-116.51762070134282">
        <time>2005-05-01T09:28:44-07:00</time>
      </trkpt>
      <trkpt lat="32.9753724206239" lon="-116.51764358393848">
        <time>2005-05-01T09:28:49-07:00</time>
      </trkpt>
      <trkpt lat="32.97535624355078" lon="-116.51766261085868">
        <time>2005-05-01T09:28:56-07:00</time>
      </trkpt>
      <trkpt lat="32.97530452720821" lon="-116.51774609461427">
        <time>2005-05-01T09:29:05-07:00</time>
      </trkpt>
      <trkpt lat="32.97530863434076" lon="-116.51776503771544">
        <time>2005-05-01T09:29:10-07:00</time>
      </trkpt>
      <trkpt lat="32.97532615251839" lon="-116.5177842322737">
        <time>2005-05-01T09:29:16-07:00</time>
      </trkpt>
      <trkpt lat="32.97535163350403" lon="-116.51780124753714">
        <time>2005-05-01T09:29:21-07:00</time>
      </trkpt>
      <trkpt lat="32.97540527768433" lon="-116.51784525252879">
        <time>2005-05-01T09:29:25-07:00</time>
      </trkpt>
      <trkpt lat="32.97544710338116" lon="-116.5178791154176">
        <time>2005-05-01T09:29:27-07:00</time>
      </trkpt>
      <trkpt lat="32.97547501511872" lon="-116.51791364885867">
        <time>2005-05-01T09:29:34-07:00</time>
      </trkpt>
      <trkpt lat="32.97550988383591" lon="-116.51799528859556">
        <time>2005-05-01T09:29:35-07:00</time>
      </trkpt>
      <trkpt lat="32.97555623576045" lon="-116.51806611567736">
        <time>2005-05-01T09:29:37-07:00</time>
      </trkpt>
      <trkpt lat="32.97557635232806" lon="-116.51812763884664">
        <time>2005-05-01T09:29:39-07:00</time>
      </trkpt>
      <trkpt lat="32.97557425685227" lon="-116.51814373210073">
        <time>2005-05-01T09:29:45-07:00</time>
      </trkpt>
      <trkpt lat="32.97557626850903" lon="-116.51822319254279">
        <time>2005-05-01T09:29:49-07:00</time>
      </trkpt>
      <trkpt lat="32.97558079473674" lon="-116.51825051754713">
        <time>2005-05-01T09:29:52-07:00</time>
      </trkpt>
      <trkpt lat="32.97559563070536" lon="-116.51829251088202">
        <time>2005-05-01T09:29:59-07:00</time>
      </trkpt>
      <trkpt lat="32.97561792656779" lon="-116.51832520030439">
        <time>2005-05-01T09:30:06-07:00</time>
      </trkpt>
      <trkpt lat="32.97563980333507" lon="-116.51835680007935">
        <time>2005-05-01T09:30:11-07:00</time>
      </trkpt>
      <trkpt lat="32.97566528432071" lon="-116.51835118420422">
        <time>2005-05-01T09:30:13-07:00</time>
      </trkpt>
      <trkpt lat="32.97569160349667" lon="-116.51832989417017">
        <time>2005-05-01T09:30:19-07:00</time>
      </trkpt>
      <trkpt lat="32.97572923824191" lon="-116.51831321418285">
        <time>2005-05-01T09:30:21-07:00</time>
      </trkpt>
      <trkpt lat="32.97579922713339" lon="-116.51830667629838">
        <time>2005-05-01T09:30:25-07:00</time>
      </trkpt>
      <trkpt lat="32.97582412138581" lon="-116.5183127950877">
        <time>2005-05-01T09:30:28-07:00</time>
      </trkpt>
      <trkpt lat="32.97587131150067" lon="-116.51834799908102">
        <time>2005-05-01T09:30:31-07:00</time>
      </trkpt>
      <trkpt lat="32.97587952576578" lon="-116.51835730299354">
        <time>2005-05-01T09:30:33-07:00</time>
      </trkpt>
      <trkpt lat="32.9759076051414" lon="-116.51840139180422">
        <time>2005-05-01T09:30:38-07:00</time>
      </trkpt>
      <trkpt lat="32.97592252492905" lon="-116.51841832324862">
        <time>2005-05-01T09:30:42-07:00</time>
      </trkpt>
      <trkpt lat="32.9759337566793" lon="-116.51847649365664">
        <time>2005-05-01T09:30:48-07:00</time>
      </trkpt>
      <trkpt lat="32.9759403783828" lon="-116.51848764158785">
        <time>2005-05-01T09:30:50-07:00</time>
      </trkpt>
      <trkpt lat="32.97597113996744" lon="-116.51858864352107">
        <time>2005-05-01T09:30:55-07:00</time>
      </trkpt>
      <trkpt lat="32.975969882681966" lon="-116.51860808953643">
        <time>2005-05-01T09:30:56-07:00</time>
      </trkpt>
      <trkpt lat="32.975971307605505" lon="-116.51866449974477">
        <time>2005-05-01T09:31:01-07:00</time>
      </trkpt>
      <trkpt lat="32.97596326097846" lon="-116.5187324769795">
        <time>2005-05-01T09:31:03-07:00</time>
      </trkpt>
      <trkpt lat="32.97599025070667" lon="-116.51879693381488">
        <time>2005-05-01T09:31:08-07:00</time>
      </trkpt>
      <trkpt lat="32.97599997371435" lon="-116.51887304149568">
        <time>2005-05-01T09:31:09-07:00</time>
      </trkpt>
      <trkpt lat="32.976003577932715" lon="-116.51890438981354">
        <time>2005-05-01T09:31:16-07:00</time>
      </trkpt>
      <trkpt lat="32.97601606696844" lon="-116.5189949143678">
        <time>2005-05-01T09:31:18-07:00</time>
      </trkpt>
      <trkpt lat="32.97603056766093" lon="-116.51908753439784">
        <time>2005-05-01T09:31:22-07:00</time>
      </trkpt>
      <trkpt lat="32.97604280523956" lon="-116.51914235204458">
        <time>2005-05-01T09:31:27-07:00</time>
      </trkpt>
      <trkpt lat="32.976046577095985" lon="-116.51915651746094">
        <time>2005-05-01T09:31:32-07:00</time>
      </trkpt>
      <trkpt lat="32.97605462372303" lon="-116.51923480443656">
        <time>2005-05-01T09:31:38-07:00</time>
      </trkpt>
      <trkpt lat="32.9760561324656" lon="-116.51924746111035">
        <time>2005-05-01T09:31:40-07:00</time>
      </trkpt>
      <trkpt lat="32.976071974262595" lon="-116.51933597400784">
        <time>2005-05-01T09:31:47-07:00</time>
      </trkpt>
      <trkpt lat="32.976106591522694" lon="-116.5193953178823">
        <time>2005-05-01T09:31:53-07:00</time>
      </trkpt>
      <trkpt lat="32.976130144670606" lon="-116.51940302923322">
        <time>2005-05-01T09:31:57-07:00</time>
      </trkpt>
      <trkpt lat="32.9761510156095" lon="-116.51939657516778">
        <time>2005-05-01T09:31:58-07:00</time>
      </trkpt>
      <trkpt lat="32.97615956515074" lon="-116.51938735507429">
        <time>2005-05-01T09:32:03-07:00</time>
      </trkpt>
      <trkpt lat="32.97619879245758" lon="-116.51930420659482">
        <time>2005-05-01T09:32:04-07:00</time>
      </trkpt>
      <trkpt lat="32.97623894177377" lon="-116.51927017606795">
        <time>2005-05-01T09:32:11-07:00</time>
      </trkpt>
      <trkpt lat="32.976294765248895" lon="-116.51925860904157">
        <time>2005-05-01T09:32:17-07:00</time>
      </trkpt>
      <trkpt lat="32.97631312161684" lon="-116.51925642974675">
        <time>2005-05-01T09:32:19-07:00</time>
      </trkpt>
      <trkpt lat="32.97633893787861" lon="-116.51926967315376">
        <time>2005-05-01T09:32:21-07:00</time>
      </trkpt>
      <trkpt lat="32.97639132477343" lon="-116.51928953826427">
        <time>2005-05-01T09:32:22-07:00</time>
      </trkpt>
      <trkpt lat="32.976411106064916" lon="-116.51930395513773">
        <time>2005-05-01T09:32:29-07:00</time>
      </trkpt>
      <trkpt lat="32.976447651162744" lon="-116.5193403325975">
        <time>2005-05-01T09:32:33-07:00</time>
      </trkpt>
      <trkpt lat="32.976511269807816" lon="-116.51936547830701">
        <time>2005-05-01T09:32:38-07:00</time>
      </trkpt>
      <trkpt lat="32.97652275301516" lon="-116.5193535760045">
        <time>2005-05-01T09:32:41-07:00</time>
      </trkpt>
      <trkpt lat="32.9765310510993" lon="-116.51931401342154">
        <time>2005-05-01T09:32:43-07:00</time>
      </trkpt>
      <trkpt lat="32.976523926481605" lon="-116.51930487714708">
        <time>2005-05-01T09:32:48-07:00</time>
      </trkpt>
      <trkpt lat="32.976524932309985" lon="-116.51926933787763">
        <time>2005-05-01T09:32:50-07:00</time>
      </trkpt>
      <trkpt lat="32.97652333974838" lon="-116.51925475336611">
        <time>2005-05-01T09:32:56-07:00</time>
      </trkpt>
      <trkpt lat="32.97653406858444" lon="-116.519212173298">
        <time>2005-05-01T09:33:02-07:00</time>
      </trkpt>
      <trkpt lat="32.97654312103987" lon="-116.5191952418536">
        <time>2005-05-01T09:33:03-07:00</time>
      </trkpt>
      <trkpt lat="32.976555274799466" lon="-116.51915911585093">
        <time>2005-05-01T09:33:06-07:00</time>
      </trkpt>
      <trkpt lat="32.97656080685556" lon="-116.51913749054074">
        <time>2005-05-01T09:33:08-07:00</time>
      </trkpt>
      <trkpt lat="32.976564997807145" lon="-116.5191273484379">
        <time>2005-05-01T09:33:11-07:00</time>
      </trkpt>
      <trkpt lat="32.97658218070865" lon="-116.51907571591437">
        <time>2005-05-01T09:33:12-07:00</time>
      </trkpt>
      <trkpt lat="32.97659609466791" lon="-116.51903145946562">
        <time>2005-05-01T09:33:16-07:00</time>
      </trkpt>
      <trkpt lat="32.9766002856195" lon="-116.51902416720986">
        <time>2005-05-01T09:33:18-07:00</time>
      </trkpt>
      <trkpt lat="32.9766209051013" lon="-116.51896423660219">
        <time>2005-05-01T09:33:21-07:00</time>
      </trkpt>
      <trkpt lat="32.9766243416816" lon="-116.51896054856479">
        <time>2005-05-01T09:33:23-07:00</time>
      </trkpt>
      <trkpt lat="32.97663414850831" lon="-116.51890732347965">
        <time>2005-05-01T09:33:24-07:00</time>
      </trkpt>
      <trkpt lat="32.97664060257375" lon="-116.51889651082456">
        <time>2005-05-01T09:33:28-07:00</time>
      </trkpt>
      <trkpt lat="32.97664621844888" lon="-116.51888066902757">
        <time>2005-05-01T09:33:34-07:00</time>
      </trkpt>
      <trkpt lat="32.97665577381849" lon="-116.51883272454143">
        <time>2005-05-01T09:33:35-07:00</time>
      </trkpt>
      <trkpt lat="32.97665996477008" lon="-116.51880766265094">
        <time>2005-05-01T09:33:40-07:00</time>
      </trkpt>
      <trkpt lat="32.97667161561549" lon="-116.51879291050136">
        <time>2005-05-01T09:33:41-07:00</time>
      </trkpt>
      <trkpt lat="32.97667161561549" lon="-116.51878679171205">
        <time>2005-05-01T09:33:45-07:00</time>
      </trkpt>
      <trkpt lat="32.97668452374637" lon="-116.51876625604928">
        <time>2005-05-01T09:33:47-07:00</time>
      </trkpt>
      <trkpt lat="32.97671905718744" lon="-116.51872401125729">
        <time>2005-05-01T09:33:50-07:00</time>
      </trkpt>
      <trkpt lat="32.97674160450697" lon="-116.51869819499552">
        <time>2005-05-01T09:33:55-07:00</time>
      </trkpt>
      <trkpt lat="32.97675442881882" lon="-116.51868620887399">
        <time>2005-05-01T09:33:58-07:00</time>
      </trkpt>
      <trkpt lat="32.976791895926" lon="-116.51867003180087">
        <time>2005-05-01T09:34:00-07:00</time>
      </trkpt>
      <trkpt lat="32.97680614516139" lon="-116.51865863241255">
        <time>2005-05-01T09:34:02-07:00</time>
      </trkpt>
      <trkpt lat="32.97684227116406" lon="-116.51864941231906">
        <time>2005-05-01T09:34:04-07:00</time>
      </trkpt>
      <trkpt lat="32.97689465805888" lon="-116.51863725855947">
        <time>2005-05-01T09:34:09-07:00</time>
      </trkpt>
      <trkpt lat="32.97690253704786" lon="-116.5186357498169">
        <time>2005-05-01T09:34:12-07:00</time>
      </trkpt>
      <trkpt lat="32.97694084234536" lon="-116.51865377090871">
        <time>2005-05-01T09:34:14-07:00</time>
      </trkpt>
      <trkpt lat="32.97699968330562" lon="-116.51868964545429">
        <time>2005-05-01T09:34:18-07:00</time>
      </trkpt>
      <trkpt lat="32.977025834843516" lon="-116.51874035596848">
        <time>2005-05-01T09:34:20-07:00</time>
      </trkpt>
      <trkpt lat="32.97704025171697" lon="-116.51873943395913">
        <time>2005-05-01T09:34:24-07:00</time>
      </trkpt>
      <trkpt lat="32.977039413526654" lon="-116.51874035596848">
        <time>2005-05-01T09:34:29-07:00</time>
      </trkpt>
      <trkpt lat="32.977039413526654" lon="-116.51874035596848">
        <time>2005-05-01T09:34:30-07:00</time>
      </trkpt>
      <trkpt lat="32.97703631222248" lon="-116.51874085888267">
        <time>2005-05-01T09:34:35-07:00</time>
      </trkpt>
      <trkpt lat="32.97703639604151" lon="-116.51874102652073">
        <time>2005-05-01T09:34:41-07:00</time>
      </trkpt>
      <trkpt lat="32.97703337855637" lon="-116.518739098683">
        <time>2005-05-01T09:34:46-07:00</time>
      </trkpt>
      <trkpt lat="32.9770334623754" lon="-116.5187393501401">
        <time>2005-05-01T09:34:52-07:00</time>
      </trkpt>
      <trkpt lat="32.977051232010126" lon="-116.51875862851739">
        <time>2005-05-01T09:35:00-07:00</time>
      </trkpt>
      <trkpt lat="32.97707964666188" lon="-116.51878964155912">
        <time>2005-05-01T09:35:05-07:00</time>
      </trkpt>
      <trkpt lat="32.97711057588458" lon="-116.51883062906563">
        <time>2005-05-01T09:35:10-07:00</time>
      </trkpt>
      <trkpt lat="32.977158185094595" lon="-116.51887874118984">
        <time>2005-05-01T09:35:11-07:00</time>
      </trkpt>
      <trkpt lat="32.977177212014794" lon="-116.51890615001321">
        <time>2005-05-01T09:35:18-07:00</time>
      </trkpt>
      <trkpt lat="32.977187521755695" lon="-116.51891310699284">
        <time>2005-05-01T09:35:23-07:00</time>
      </trkpt>
      <trkpt lat="32.97719707712531" lon="-116.51891914196312">
        <time>2005-05-01T09:35:25-07:00</time>
      </trkpt>
      <trkpt lat="32.977264216169715" lon="-116.51894537732005">
        <time>2005-05-01T09:35:28-07:00</time>
      </trkpt>
      <trkpt lat="32.977302270010114" lon="-116.51895568706095">
        <time>2005-05-01T09:35:32-07:00</time>
      </trkpt>
      <trkpt lat="32.97731433995068" lon="-116.51895878836513">
        <time>2005-05-01T09:35:37-07:00</time>
      </trkpt>
      <trkpt lat="32.97738675959408" lon="-116.5189877897501">
        <time>2005-05-01T09:35:40-07:00</time>
      </trkpt>
      <trkpt lat="32.97741626389325" lon="-116.51899214833975">
        <time>2005-05-01T09:35:41-07:00</time>
      </trkpt>
      <trkpt lat="32.97746496275067" lon="-116.5190047211945">
        <time>2005-05-01T09:35:42-07:00</time>
      </trkpt>
      <trkpt lat="32.97747275792062" lon="-116.5190049726516">
        <time>2005-05-01T09:35:47-07:00</time>
      </trkpt>
      <trkpt lat="32.977509470656514" lon="-116.51900346390903">
        <time>2005-05-01T09:35:51-07:00</time>
      </trkpt>
      <trkpt lat="32.97753646038473" lon="-116.51899709366262">
        <time>2005-05-01T09:35:52-07:00</time>
      </trkpt>
      <trkpt lat="32.97754450701177" lon="-116.51899675838649">
        <time>2005-05-01T09:35:59-07:00</time>
      </trkpt>
      <trkpt lat="32.97756453976035" lon="-116.51898711919785">
        <time>2005-05-01T09:36:02-07:00</time>
      </trkpt>
      <trkpt lat="32.97762857750058" lon="-116.51898862794042">
        <time>2005-05-01T09:36:06-07:00</time>
      </trkpt>
      <trkpt lat="32.97768725082278" lon="-116.51899047195911">
        <time>2005-05-01T09:36:07-07:00</time>
      </trkpt>
      <trkpt lat="32.97774416394532" lon="-116.5189825091511">
        <time>2005-05-01T09:36:11-07:00</time>
      </trkpt>
      <trkpt lat="32.977781714871526" lon="-116.51899860240519">
        <time>2005-05-01T09:36:14-07:00</time>
      </trkpt>
      <trkpt lat="32.97784038819373" lon="-116.51899801567197">
        <time>2005-05-01T09:36:15-07:00</time>
      </trkpt>
      <trkpt lat="32.97785681672394" lon="-116.51899474672973">
        <time>2005-05-01T09:36:17-07:00</time>
      </trkpt>
      <trkpt lat="32.97792261466384" lon="-116.51898720301688">
        <time>2005-05-01T09:36:22-07:00</time>
      </trkpt>
      <trkpt lat="32.97799838706851" lon="-116.51901863515377">
        <time>2005-05-01T09:36:28-07:00</time>
      </trkpt>
      <trkpt lat="32.97803803347051" lon="-116.51904897764325">
        <time>2005-05-01T09:36:33-07:00</time>
      </trkpt>
      <trkpt lat="32.97804666683078" lon="-116.51906079612672">
        <time>2005-05-01T09:36:37-07:00</time>
      </trkpt>
      <trkpt lat="32.97805890440941" lon="-116.51908384636045">
        <time>2005-05-01T09:36:42-07:00</time>
      </trkpt>
      <trkpt lat="32.97808111645281" lon="-116.51913531124592">
        <time>2005-05-01T09:36:43-07:00</time>
      </trkpt>
      <trkpt lat="32.97808698378503" lon="-116.5191622171551">
        <time>2005-05-01T09:36:50-07:00</time>
      </trkpt>
      <trkpt lat="32.97808061353862" lon="-116.51921368204057">
        <time>2005-05-01T09:36:57-07:00</time>
      </trkpt>
      <trkpt lat="32.97806133516133" lon="-116.51923379860818">
        <time>2005-05-01T09:37:01-07:00</time>
      </trkpt>
      <trkpt lat="32.97802101820707" lon="-116.51927788741887">
        <time>2005-05-01T09:37:02-07:00</time>
      </trkpt>
      <trkpt lat="32.97799285501242" lon="-116.51933672837913">
        <time>2005-05-01T09:37:04-07:00</time>
      </trkpt>
      <trkpt lat="32.97794616781175" lon="-116.51938861235976">
        <time>2005-05-01T09:37:08-07:00</time>
      </trkpt>
      <trkpt lat="32.977931750938296" lon="-116.51942892931402">
        <time>2005-05-01T09:37:10-07:00</time>
      </trkpt>
      <trkpt lat="32.97792328521609" lon="-116.51945918798447">
        <time>2005-05-01T09:37:14-07:00</time>
      </trkpt>
      <trkpt lat="32.9779211897403" lon="-116.5195367205888">
        <time>2005-05-01T09:37:16-07:00</time>
      </trkpt>
      <trkpt lat="32.97791808843613" lon="-116.51956371031702">
        <time>2005-05-01T09:37:21-07:00</time>
      </trkpt>
      <trkpt lat="32.977906269952655" lon="-116.51960067451">
        <time>2005-05-01T09:37:26-07:00</time>
      </trkpt>
      <trkpt lat="32.97790886834264" lon="-116.51967409998178">
        <time>2005-05-01T09:37:31-07:00</time>
      </trkpt>
      <trkpt lat="32.97790409065783" lon="-116.51971491985023">
        <time>2005-05-01T09:37:34-07:00</time>
      </trkpt>
      <trkpt lat="32.977899480611086" lon="-116.51974853128195">
        <time>2005-05-01T09:37:36-07:00</time>
      </trkpt>
      <trkpt lat="32.97788950614631" lon="-116.51982044801116">
        <time>2005-05-01T09:37:41-07:00</time>
      </trkpt>
      <trkpt lat="32.97789126634598" lon="-116.51989513076842">
        <time>2005-05-01T09:37:43-07:00</time>
      </trkpt>
      <trkpt lat="32.97789420001209" lon="-116.51995782740414">
        <time>2005-05-01T09:37:46-07:00</time>
      </trkpt>
      <trkpt lat="32.97789738513529" lon="-116.51999562978745">
        <time>2005-05-01T09:37:52-07:00</time>
      </trkpt>
      <trkpt lat="32.97790543176234" lon="-116.5200137346983">
        <time>2005-05-01T09:37:55-07:00</time>
      </trkpt>
      <trkpt lat="32.977908784523606" lon="-116.5200840588659">
        <time>2005-05-01T09:37:58-07:00</time>
      </trkpt>
      <trkpt lat="32.97791297547519" lon="-116.52010777965188">
        <time>2005-05-01T09:38:03-07:00</time>
      </trkpt>
      <trkpt lat="32.97792060300708" lon="-116.52014331892133">
        <time>2005-05-01T09:38:08-07:00</time>
      </trkpt>
      <trkpt lat="32.97793384641409" lon="-116.52020936831832">
        <time>2005-05-01T09:38:13-07:00</time>
      </trkpt>
      <trkpt lat="32.97795681282878" lon="-116.52026485651731">
        <time>2005-05-01T09:38:16-07:00</time>
      </trkpt>
      <trkpt lat="32.97795698046684" lon="-116.52027952484787">
        <time>2005-05-01T09:38:19-07:00</time>
      </trkpt>
      <trkpt lat="32.977974247187376" lon="-116.52035797946155">
        <time>2005-05-01T09:38:25-07:00</time>
      </trkpt>
      <trkpt lat="32.978002075105906" lon="-116.5204294770956">
        <time>2005-05-01T09:38:27-07:00</time>
      </trkpt>
      <trkpt lat="32.97800634987652" lon="-116.52043836191297">
        <time>2005-05-01T09:38:30-07:00</time>
      </trkpt>
      <trkpt lat="32.97802085056901" lon="-116.52050700969994">
        <time>2005-05-01T09:38:35-07:00</time>
      </trkpt>
      <trkpt lat="32.9780160728842" lon="-116.52055478654802">
        <time>2005-05-01T09:38:40-07:00</time>
      </trkpt>
      <trkpt lat="32.97801045700908" lon="-116.52056526392698">
        <time>2005-05-01T09:38:41-07:00</time>
      </trkpt>
      <trkpt lat="32.977987825870514" lon="-116.52063072659075">
        <time>2005-05-01T09:38:47-07:00</time>
      </trkpt>
      <trkpt lat="32.97795505262911" lon="-116.52072829194367">
        <time>2005-05-01T09:38:53-07:00</time>
      </trkpt>
      <trkpt lat="32.9779299069196" lon="-116.5207960177213">
        <time>2005-05-01T09:38:54-07:00</time>
      </trkpt>
      <trkpt lat="32.97789813950658" lon="-116.520866593346">
        <time>2005-05-01T09:38:59-07:00</time>
      </trkpt>
      <trkpt lat="32.97788372263312" lon="-116.52093725278974">
        <time>2005-05-01T09:39:03-07:00</time>
      </trkpt>
      <trkpt lat="32.9779003188014" lon="-116.5210275258869">
        <time>2005-05-01T09:39:04-07:00</time>
      </trkpt>
      <trkpt lat="32.97790836542845" lon="-116.52103741653264">
        <time>2005-05-01T09:39:09-07:00</time>
      </trkpt>
      <trkpt lat="32.97796335071325" lon="-116.52106775902212">
        <time>2005-05-01T09:39:16-07:00</time>
      </trkpt>
      <trkpt lat="32.97803686000407" lon="-116.52109868824482">
        <time>2005-05-01T09:39:22-07:00</time>
      </trkpt>
      <trkpt lat="32.97804398462176" lon="-116.52110220864415">
        <time>2005-05-01T09:39:28-07:00</time>
      </trkpt>
      <trkpt lat="32.978127636015415" lon="-116.52112592943013">
        <time>2005-05-01T09:39:33-07:00</time>
      </trkpt>
      <trkpt lat="32.978197541087866" lon="-116.5211638994515">
        <time>2005-05-01T09:39:40-07:00</time>
      </trkpt>
      <trkpt lat="32.97828957438469" lon="-116.52123556472361">
        <time>2005-05-01T09:39:41-07:00</time>
      </trkpt>
      <trkpt lat="32.978326957672834" lon="-116.52126054279506">
        <time>2005-05-01T09:39:46-07:00</time>
      </trkpt>
      <trkpt lat="32.978371465578675" lon="-116.52128040790558">
        <time>2005-05-01T09:39:52-07:00</time>
      </trkpt>
      <trkpt lat="32.978459894657135" lon="-116.52128552086651">
        <time>2005-05-01T09:39:53-07:00</time>
      </trkpt>
      <trkpt lat="32.97855293378234" lon="-116.5212291944772">
        <time>2005-05-01T09:39:59-07:00</time>
      </trkpt>
      <trkpt lat="32.978643123060465" lon="-116.52116423472762">
        <time>2005-05-01T09:40:06-07:00</time>
      </trkpt>
      <trkpt lat="32.978705316782" lon="-116.52114101685584">
        <time>2005-05-01T09:40:15-07:00</time>
      </trkpt>
      <trkpt lat="32.97877547331154" lon="-116.52112752199173">
        <time>2005-05-01T09:40:19-07:00</time>
      </trkpt>
      <trkpt lat="32.97885141335428" lon="-116.52113967575133">
        <time>2005-05-01T09:40:23-07:00</time>
      </trkpt>
      <trkpt lat="32.978862477466464" lon="-116.52114059776068">
        <time>2005-05-01T09:40:30-07:00</time>
      </trkpt>
      <trkpt lat="32.978933388367295" lon="-116.5211184695363">
        <time>2005-05-01T09:40:38-07:00</time>
      </trkpt>
      <trkpt lat="32.97896699979901" lon="-116.52111427858472">
        <time>2005-05-01T09:40:46-07:00</time>
      </trkpt>
      <trkpt lat="32.97900773584843" lon="-116.5211171284318">
        <time>2005-05-01T09:40:52-07:00</time>
      </trkpt>
      <trkpt lat="32.979081496596336" lon="-116.52111067436635">
        <time>2005-05-01T09:40:58-07:00</time>
      </trkpt>
      <trkpt lat="32.97912231646478" lon="-116.52109743095934">
        <time>2005-05-01T09:41:04-07:00</time>
      </trkpt>
      <trkpt lat="32.97920051962137" lon="-116.52107605710626">
        <time>2005-05-01T09:41:05-07:00</time>
      </trkpt>
      <trkpt lat="32.97924620099366" lon="-116.52107421308756">
        <time>2005-05-01T09:41:11-07:00</time>
      </trkpt>
      <trkpt lat="32.97932172194123" lon="-116.52106566354632">
        <time>2005-05-01T09:41:14-07:00</time>
      </trkpt>
      <trkpt lat="32.97939690761268" lon="-116.52106096968055">
        <time>2005-05-01T09:41:17-07:00</time>
      </trkpt>
      <trkpt lat="32.97946530394256" lon="-116.52104169130325">
        <time>2005-05-01T09:41:23-07:00</time>
      </trkpt>
      <trkpt lat="32.97951249405742" lon="-116.52100196108222">
        <time>2005-05-01T09:41:27-07:00</time>
      </trkpt>
      <trkpt lat="32.979573933407664" lon="-116.52094655670226">
        <time>2005-05-01T09:41:33-07:00</time>
      </trkpt>
      <trkpt lat="32.979628667235374" lon="-116.52091001160443">
        <time>2005-05-01T09:41:37-07:00</time>
      </trkpt>
      <trkpt lat="32.979668229818344" lon="-116.52090691030025">
        <time>2005-05-01T09:41:43-07:00</time>
      </trkpt>
      <trkpt lat="32.9797328542918" lon="-116.52086910791695">
        <time>2005-05-01T09:41:50-07:00</time>
      </trkpt>
      <trkpt lat="32.97979068942368" lon="-116.5208372566849">
        <time>2005-05-01T09:41:56-07:00</time>
      </trkpt>
      <trkpt lat="32.979871574789286" lon="-116.52077430859208">
        <time>2005-05-01T09:42:01-07:00</time>
      </trkpt>
      <trkpt lat="32.97989588230848" lon="-116.52074388228357">
        <time>2005-05-01T09:42:07-07:00</time>
      </trkpt>
      <trkpt lat="32.979926308616996" lon="-116.52071043848991">
        <time>2005-05-01T09:42:12-07:00</time>
      </trkpt>
      <trkpt lat="32.97995824366808" lon="-116.52067364193499">
        <time>2005-05-01T09:42:17-07:00</time>
      </trkpt>
      <trkpt lat="32.97998749651015" lon="-116.52064497582614">
        <time>2005-05-01T09:42:23-07:00</time>
      </trkpt>
      <trkpt lat="32.98002655617893" lon="-116.5206179022789">
        <time>2005-05-01T09:42:28-07:00</time>
      </trkpt>
      <trkpt lat="32.980067543685436" lon="-116.520591750741">
        <time>2005-05-01T09:42:36-07:00</time>
      </trkpt>
      <trkpt lat="32.9800867382437" lon="-116.5205782558769">
        <time>2005-05-01T09:42:39-07:00</time>
      </trkpt>
      <trkpt lat="32.98013434745371" lon="-116.5205399505794">
        <time>2005-05-01T09:42:43-07:00</time>
      </trkpt>
      <trkpt lat="32.98014784231782" lon="-116.52054975740612">
        <time>2005-05-01T09:42:47-07:00</time>
      </trkpt>
      <trkpt lat="32.980152452364564" lon="-116.52058051899076">
        <time>2005-05-01T09:42:51-07:00</time>
      </trkpt>
      <trkpt lat="32.98016066662967" lon="-116.52060423977673">
        <time>2005-05-01T09:42:55-07:00</time>
      </trkpt>
      <trkpt lat="32.98016804270446" lon="-116.5206646732986">
        <time>2005-05-01T09:42:59-07:00</time>
      </trkpt>
      <trkpt lat="32.980154883116484" lon="-116.52072971686721">
        <time>2005-05-01T09:43:01-07:00</time>
      </trkpt>
      <trkpt lat="32.980150524526834" lon="-116.52074195444584">
        <time>2005-05-01T09:43:07-07:00</time>
      </trkpt>
      <trkpt lat="32.98013920895755" lon="-116.52080272324383">
        <time>2005-05-01T09:43:09-07:00</time>
      </trkpt>
      <trkpt lat="32.98011900857091" lon="-116.52086181566119">
        <time>2005-05-01T09:43:11-07:00</time>
      </trkpt>
      <trkpt lat="32.980095371603966" lon="-116.52092266827822">
        <time>2005-05-01T09:43:13-07:00</time>
      </trkpt>
      <trkpt lat="32.98006528057158" lon="-116.52101570740342">
        <time>2005-05-01T09:43:18-07:00</time>
      </trkpt>
      <trkpt lat="32.98006176017225" lon="-116.52102853171527">
        <time>2005-05-01T09:43:23-07:00</time>
      </trkpt>
      <trkpt lat="32.98004432581365" lon="-116.52111779898405">
        <time>2005-05-01T09:43:24-07:00</time>
      </trkpt>
      <trkpt lat="32.9800418112427" lon="-116.52113263495266">
        <time>2005-05-01T09:43:30-07:00</time>
      </trkpt>
      <trkpt lat="32.980049438774586" lon="-116.52119248174131">
        <time>2005-05-01T09:43:34-07:00</time>
      </trkpt>
      <trkpt lat="32.98006729222834" lon="-116.52122441679239">
        <time>2005-05-01T09:43:39-07:00</time>
      </trkpt>
      <trkpt lat="32.98008497804403" lon="-116.52125199325383">
        <time>2005-05-01T09:43:47-07:00</time>
      </trkpt>
      <trkpt lat="32.980092857033014" lon="-116.52126582339406">
        <time>2005-05-01T09:43:48-07:00</time>
      </trkpt>
      <trkpt lat="32.980104591697454" lon="-116.52128049172461">
        <time>2005-05-01T09:43:55-07:00</time>
      </trkpt>
      <trkpt lat="32.980103585869074" lon="-116.52130052447319">
        <time>2005-05-01T09:43:56-07:00</time>
      </trkpt>
      <trkpt lat="32.980101658031344" lon="-116.5213346388191">
        <time>2005-05-01T09:44:01-07:00</time>
      </trkpt>
      <trkpt lat="32.980118338018656" lon="-116.52137939818203">
        <time>2005-05-01T09:44:04-07:00</time>
      </trkpt>
      <trkpt lat="32.980152955278754" lon="-116.52145374566317">
        <time>2005-05-01T09:44:07-07:00</time>
      </trkpt>
      <trkpt lat="32.980187740176916" lon="-116.52150571346283">
        <time>2005-05-01T09:44:09-07:00</time>
      </trkpt>
      <trkpt lat="32.98019478097558" lon="-116.52151241898537">
        <time>2005-05-01T09:44:11-07:00</time>
      </trkpt>
      <trkpt lat="32.9802387021482" lon="-116.52157897129655">
        <time>2005-05-01T09:44:12-07:00</time>
      </trkpt>
      <trkpt lat="32.98025538213551" lon="-116.52163596823812">
        <time>2005-05-01T09:44:14-07:00</time>
      </trkpt>
      <trkpt lat="32.98026208765805" lon="-116.52166555635631">
        <time>2005-05-01T09:44:19-07:00</time>
      </trkpt>
      <trkpt lat="32.98026627860963" lon="-116.52168936096132">
        <time>2005-05-01T09:44:26-07:00</time>
      </trkpt>
      <trkpt lat="32.980265859514475" lon="-116.52169313281775">
        <time>2005-05-01T09:44:31-07:00</time>
      </trkpt>
      <trkpt lat="32.98026309348643" lon="-116.52169573120773">
        <time>2005-05-01T09:44:32-07:00</time>
      </trkpt>
      <trkpt lat="32.98026627860963" lon="-116.52168936096132">
        <time>2005-05-01T09:44:40-07:00</time>
      </trkpt>
      <trkpt lat="32.98026627860963" lon="-116.52168936096132">
        <time>2005-05-01T09:44:46-07:00</time>
      </trkpt>
      <trkpt lat="32.98029821366072" lon="-116.5217022690922">
        <time>2005-05-01T09:44:50-07:00</time>
      </trkpt>
      <trkpt lat="32.98029821366072" lon="-116.5217022690922">
        <time>2005-05-01T09:44:54-07:00</time>
      </trkpt>
      <trkpt lat="32.98029821366072" lon="-116.5217022690922">
        <time>2005-05-01T09:45:02-07:00</time>
      </trkpt>
      <trkpt lat="32.98029997386038" lon="-116.52170352637768">
        <time>2005-05-01T09:45:15-07:00</time>
      </trkpt>
      <trkpt lat="32.98029821366072" lon="-116.5217022690922">
        <time>2005-05-01T09:45:20-07:00</time>
      </trkpt>
      <trkpt lat="32.98029821366072" lon="-116.5217022690922">
        <time>2005-05-01T09:45:24-07:00</time>
      </trkpt>
      <trkpt lat="32.98029821366072" lon="-116.5217022690922">
        <time>2005-05-01T09:45:30-07:00</time>
      </trkpt>
      <trkpt lat="32.98029821366072" lon="-116.5217022690922">
        <time>2005-05-01T09:45:36-07:00</time>
      </trkpt>
      <trkpt lat="32.98029821366072" lon="-116.5217022690922">
        <time>2005-05-01T09:45:43-07:00</time>
      </trkpt>
      <trkpt lat="32.98029821366072" lon="-116.5217022690922">
        <time>2005-05-01T09:45:51-07:00</time>
      </trkpt>
      <trkpt lat="32.98029821366072" lon="-116.5217022690922">
        <time>2005-05-01T09:45:58-07:00</time>
      </trkpt>
      <trkpt lat="32.98029821366072" lon="-116.5217022690922">
        <time>2005-05-01T09:46:04-07:00</time>
      </trkpt>
      <trkpt lat="32.98029821366072" lon="-116.5217022690922">
        <time>2005-05-01T09:46:09-07:00</time>
      </trkpt>
      <trkpt lat="32.98029821366072" lon="-116.5217022690922">
        <time>2005-05-01T09:46:19-07:00</time>
      </trkpt>
      <trkpt lat="32.98029821366072" lon="-116.5217022690922">
        <time>2005-05-01T09:46:22-07:00</time>
      </trkpt>
      <trkpt lat="32.98029821366072" lon="-116.5217022690922">
        <time>2005-05-01T09:46:24-07:00</time>
      </trkpt>
      <trkpt lat="32.98029821366072" lon="-116.5217022690922">
        <time>2005-05-01T09:46:33-07:00</time>
      </trkpt>
      <trkpt lat="32.98029821366072" lon="-116.5217022690922">
        <time>2005-05-01T09:46:40-07:00</time>
      </trkpt>
      <trkpt lat="32.98029821366072" lon="-116.5217022690922">
        <time>2005-05-01T09:46:48-07:00</time>
      </trkpt>
      <trkpt lat="32.98029821366072" lon="-116.5217022690922">
        <time>2005-05-01T09:46:50-07:00</time>
      </trkpt>
      <trkpt lat="32.98029821366072" lon="-116.5217022690922">
        <time>2005-05-01T09:46:55-07:00</time>
      </trkpt>
      <trkpt lat="32.98029821366072" lon="-116.5217022690922">
        <time>2005-05-01T09:47:03-07:00</time>
      </trkpt>
      <trkpt lat="32.98029821366072" lon="-116.5217022690922">
        <time>2005-05-01T09:47:14-07:00</time>
      </trkpt>
      <trkpt lat="32.98029821366072" lon="-116.5217022690922">
        <time>2005-05-01T09:47:20-07:00</time>
      </trkpt>
      <trkpt lat="32.98029821366072" lon="-116.5217022690922">
        <time>2005-05-01T09:47:30-07:00</time>
      </trkpt>
      <trkpt lat="32.98029821366072" lon="-116.5217022690922">
        <time>2005-05-01T09:47:31-07:00</time>
      </trkpt>
      <trkpt lat="32.9802870657295" lon="-116.52171174064279">
        <time>2005-05-01T09:47:35-07:00</time>
      </trkpt>
      <trkpt lat="32.9802870657295" lon="-116.52171174064279">
        <time>2005-05-01T09:47:37-07:00</time>
      </trkpt>
      <trkpt lat="32.9802870657295" lon="-116.52171174064279">
        <time>2005-05-01T09:47:41-07:00</time>
      </trkpt>
      <trkpt lat="32.9802870657295" lon="-116.52171174064279">
        <time>2005-05-01T09:47:45-07:00</time>
      </trkpt>
      <trkpt lat="32.98028941266239" lon="-116.52171383611858">
        <time>2005-05-01T09:47:52-07:00</time>
      </trkpt>
      <trkpt lat="32.9802870657295" lon="-116.52171174064279">
        <time>2005-05-01T09:47:53-07:00</time>
      </trkpt>
      <trkpt lat="32.9802870657295" lon="-116.52171174064279">
        <time>2005-05-01T09:48:00-07:00</time>
      </trkpt>
      <trkpt lat="32.9802870657295" lon="-116.52171174064279">
        <time>2005-05-01T09:48:05-07:00</time>
      </trkpt>
      <trkpt lat="32.9802870657295" lon="-116.52171174064279">
        <time>2005-05-01T09:48:07-07:00</time>
      </trkpt>
      <trkpt lat="32.9802870657295" lon="-116.52171174064279">
        <time>2005-05-01T09:48:15-07:00</time>
      </trkpt>
      <trkpt lat="32.9802870657295" lon="-116.52171174064279">
        <time>2005-05-01T09:48:23-07:00</time>
      </trkpt>
      <trkpt lat="32.9802870657295" lon="-116.52171174064279">
        <time>2005-05-01T09:48:30-07:00</time>
      </trkpt>
      <trkpt lat="32.9802870657295" lon="-116.52171174064279">
        <time>2005-05-01T09:48:31-07:00</time>
      </trkpt>
      <trkpt lat="32.9802870657295" lon="-116.52171174064279">
        <time>2005-05-01T09:48:32-07:00</time>
      </trkpt>
      <trkpt lat="32.9802870657295" lon="-116.52171174064279">
        <time>2005-05-01T09:48:37-07:00</time>
      </trkpt>
      <trkpt lat="32.9802870657295" lon="-116.52171174064279">
        <time>2005-05-01T09:48:45-07:00</time>
      </trkpt>
      <trkpt lat="32.9802870657295" lon="-116.52171174064279">
        <time>2005-05-01T09:48:50-07:00</time>
      </trkpt>
      <trkpt lat="32.9802870657295" lon="-116.52171174064279">
        <time>2005-05-01T09:49:05-07:00</time>
      </trkpt>
      <trkpt lat="32.9802870657295" lon="-116.52171174064279">
        <time>2005-05-01T09:49:20-07:00</time>
      </trkpt>
      <trkpt lat="32.9802870657295" lon="-116.52171174064279">
        <time>2005-05-01T09:49:28-07:00</time>
      </trkpt>
      <trkpt lat="32.9802870657295" lon="-116.52171174064279">
        <time>2005-05-01T09:49:37-07:00</time>
      </trkpt>
      <trkpt lat="32.9802870657295" lon="-116.52171174064279">
        <time>2005-05-01T09:49:47-07:00</time>
      </trkpt>
      <trkpt lat="32.9802870657295" lon="-116.52171174064279">
        <time>2005-05-01T09:49:49-07:00</time>
      </trkpt>
      <trkpt lat="32.9802870657295" lon="-116.52171174064279">
        <time>2005-05-01T09:49:52-07:00</time>
      </trkpt>
      <trkpt lat="32.9802870657295" lon="-116.52171174064279">
        <time>2005-05-01T09:50:10-07:00</time>
      </trkpt>
      <trkpt lat="32.9802870657295" lon="-116.52171174064279">
        <time>2005-05-01T09:50:21-07:00</time>
      </trkpt>
      <trkpt lat="32.9802870657295" lon="-116.52171174064279">
        <time>2005-05-01T09:50:27-07:00</time>
      </trkpt>
      <trkpt lat="32.9802870657295" lon="-116.52171174064279">
        <time>2005-05-01T09:50:32-07:00</time>
      </trkpt>
      <trkpt lat="32.9802870657295" lon="-116.52171174064279">
        <time>2005-05-01T09:50:37-07:00</time>
      </trkpt>
      <trkpt lat="32.9802870657295" lon="-116.52171174064279">
        <time>2005-05-01T09:50:39-07:00</time>
      </trkpt>
      <trkpt lat="32.9802870657295" lon="-116.52171174064279">
        <time>2005-05-01T09:50:41-07:00</time>
      </trkpt>
      <trkpt lat="32.98029452562332" lon="-116.521704364568">
        <time>2005-05-01T09:50:47-07:00</time>
      </trkpt>
      <trkpt lat="32.9802870657295" lon="-116.52171174064279">
        <time>2005-05-01T09:50:49-07:00</time>
      </trkpt>
      <trkpt lat="32.98030517064035" lon="-116.5217059571296">
        <time>2005-05-01T09:50:58-07:00</time>
      </trkpt>
      <trkpt lat="32.980306847020984" lon="-116.52170143090189">
        <time>2005-05-01T09:51:09-07:00</time>
      </trkpt>
      <trkpt lat="32.980306427925825" lon="-116.52170268818736">
        <time>2005-05-01T09:51:18-07:00</time>
      </trkpt>
      <trkpt lat="32.9803060926497" lon="-116.52170243673027">
        <time>2005-05-01T09:51:28-07:00</time>
      </trkpt>
      <trkpt lat="32.98029058612883" lon="-116.52170361019671">
        <time>2005-05-01T09:51:36-07:00</time>
      </trkpt>
      <trkpt lat="32.98027281649411" lon="-116.5217540692538">
        <time>2005-05-01T09:51:44-07:00</time>
      </trkpt>
      <trkpt lat="32.98025739379227" lon="-116.52183780446649">
        <time>2005-05-01T09:51:49-07:00</time>
      </trkpt>
      <trkpt lat="32.98024498857558" lon="-116.52192581444979">
        <time>2005-05-01T09:51:54-07:00</time>
      </trkpt>
      <trkpt lat="32.98023082315922" lon="-116.52200058102608">
        <time>2005-05-01T09:52:00-07:00</time>
      </trkpt>
      <trkpt lat="32.980232667177916" lon="-116.52205330319703">
        <time>2005-05-01T09:52:03-07:00</time>
      </trkpt>
      <trkpt lat="32.98023861832917" lon="-116.52206419967115">
        <time>2005-05-01T09:52:06-07:00</time>
      </trkpt>
      <trkpt lat="32.9802765045315" lon="-116.52213460765779">
        <time>2005-05-01T09:52:14-07:00</time>
      </trkpt>
      <trkpt lat="32.98032076098025" lon="-116.52220794931054">
        <time>2005-05-01T09:52:22-07:00</time>
      </trkpt>
      <trkpt lat="32.980365017428994" lon="-116.5222604200244">
        <time>2005-05-01T09:52:30-07:00</time>
      </trkpt>
      <trkpt lat="32.98045084811747" lon="-116.52232336811721">
        <time>2005-05-01T09:52:36-07:00</time>
      </trkpt>
      <trkpt lat="32.98049493692815" lon="-116.52234750799835">
        <time>2005-05-01T09:52:40-07:00</time>
      </trkpt>
      <trkpt lat="32.980527710169554" lon="-116.52235915884376">
        <time>2005-05-01T09:52:41-07:00</time>
      </trkpt>
      <trkpt lat="32.980591747909784" lon="-116.52238874696195">
        <time>2005-05-01T09:52:48-07:00</time>
      </trkpt>
      <trkpt lat="32.98060826025903" lon="-116.52238111943007">
        <time>2005-05-01T09:52:55-07:00</time>
      </trkpt>
      <trkpt lat="32.98063466325402" lon="-116.52237231843174">
        <time>2005-05-01T09:53:01-07:00</time>
      </trkpt>
      <trkpt lat="32.98064824193716" lon="-116.52236888185143">
        <time>2005-05-01T09:53:09-07:00</time>
      </trkpt>
      <trkpt lat="32.98070599325001" lon="-116.52231833897531">
        <time>2005-05-01T09:53:13-07:00</time>
      </trkpt>
      <trkpt lat="32.980768186971545" lon="-116.52227567508817">
        <time>2005-05-01T09:53:16-07:00</time>
      </trkpt>
      <trkpt lat="32.98083105124533" lon="-116.52221121825278">
        <time>2005-05-01T09:53:21-07:00</time>
      </trkpt>
      <trkpt lat="32.980891317129135" lon="-116.52214617468417">
        <time>2005-05-01T09:53:22-07:00</time>
      </trkpt>
      <trkpt lat="32.980921659618616" lon="-116.52213376946747">
        <time>2005-05-01T09:53:24-07:00</time>
      </trkpt>
      <trkpt lat="32.980956360697746" lon="-116.52212253771722">
        <time>2005-05-01T09:53:25-07:00</time>
      </trkpt>
      <trkpt lat="32.98102978616953" lon="-116.52210828848183">
        <time>2005-05-01T09:53:31-07:00</time>
      </trkpt>
      <trkpt lat="32.98108929768205" lon="-116.52209496125579">
        <time>2005-05-01T09:53:37-07:00</time>
      </trkpt>
      <trkpt lat="32.9810986854136" lon="-116.52208976447582">
        <time>2005-05-01T09:53:44-07:00</time>
      </trkpt>
      <trkpt lat="32.98116515390575" lon="-116.52206629514694">
        <time>2005-05-01T09:53:51-07:00</time>
      </trkpt>
      <trkpt lat="32.98124419525266" lon="-116.52204668149352">
        <time>2005-05-01T09:53:54-07:00</time>
      </trkpt>
      <trkpt lat="32.9812522418797" lon="-116.52204215526581">
        <time>2005-05-01T09:53:57-07:00</time>
      </trkpt>
      <trkpt lat="32.9813109152019" lon="-116.5220046043396">
        <time>2005-05-01T09:54:03-07:00</time>
      </trkpt>
      <trkpt lat="32.98137520439923" lon="-116.52196026407182">
        <time>2005-05-01T09:54:08-07:00</time>
      </trkpt>
      <trkpt lat="32.981393644586205" lon="-116.52194811031222">
        <time>2005-05-01T09:54:09-07:00</time>
      </trkpt>
      <trkpt lat="32.98143966123462" lon="-116.52190033346415">
        <time>2005-05-01T09:54:15-07:00</time>
      </trkpt>
      <trkpt lat="32.981480564922094" lon="-116.52187242172658">
        <time>2005-05-01T09:54:21-07:00</time>
      </trkpt>
      <trkpt lat="32.98149799928069" lon="-116.52186102233827">
        <time>2005-05-01T09:54:22-07:00</time>
      </trkpt>
      <trkpt lat="32.981536723673344" lon="-116.52181743644178">
        <time>2005-05-01T09:54:28-07:00</time>
      </trkpt>
      <trkpt lat="32.981578297913074" lon="-116.52178558520973">
        <time>2005-05-01T09:54:34-07:00</time>
      </trkpt>
      <trkpt lat="32.98160009086132" lon="-116.52177871204913">
        <time>2005-05-01T09:54:36-07:00</time>
      </trkpt>
      <trkpt lat="32.9816444311291" lon="-116.52176027186215">
        <time>2005-05-01T09:54:41-07:00</time>
      </trkpt>
      <trkpt lat="32.981655495241284" lon="-116.52175549417734">
        <time>2005-05-01T09:54:47-07:00</time>
      </trkpt>
      <trkpt lat="32.98170754685998" lon="-116.52174334041774">
        <time>2005-05-01T09:54:49-07:00</time>
      </trkpt>
      <trkpt lat="32.98171894624829" lon="-116.52173353359103">
        <time>2005-05-01T09:54:54-07:00</time>
      </trkpt>
      <trkpt lat="32.981763454154134" lon="-116.52169480919838">
        <time>2005-05-01T09:54:58-07:00</time>
      </trkpt>
      <trkpt lat="32.981786923483014" lon="-116.52167737483978">
        <time>2005-05-01T09:55:00-07:00</time>
      </trkpt>
      <trkpt lat="32.98181491903961" lon="-116.52166379615664">
        <time>2005-05-01T09:55:05-07:00</time>
      </trkpt>
      <trkpt lat="32.98189194872975" lon="-116.52164367958903">
        <time>2005-05-01T09:55:06-07:00</time>
      </trkpt>
      <trkpt lat="32.981965374201536" lon="-116.52164560742676">
        <time>2005-05-01T09:55:11-07:00</time>
      </trkpt>
      <trkpt lat="32.98198708333075" lon="-116.52165365405381">
        <time>2005-05-01T09:55:12-07:00</time>
      </trkpt>
      <trkpt lat="32.98206637613475" lon="-116.52169279754162">
        <time>2005-05-01T09:55:17-07:00</time>
      </trkpt>
      <trkpt lat="32.98212152905762" lon="-116.52169388718903">
        <time>2005-05-01T09:55:19-07:00</time>
      </trkpt>
      <trkpt lat="32.982144160196185" lon="-116.52168634347618">
        <time>2005-05-01T09:55:22-07:00</time>
      </trkpt>
      <trkpt lat="32.98219185322523" lon="-116.52171433903277">
        <time>2005-05-01T09:55:29-07:00</time>
      </trkpt>
      <trkpt lat="32.982196379452944" lon="-116.52172188274562">
        <time>2005-05-01T09:55:35-07:00</time>
      </trkpt>
      <trkpt lat="32.982237450778484" lon="-116.52176060713828">
        <time>2005-05-01T09:55:37-07:00</time>
      </trkpt>
      <trkpt lat="32.982289250940084" lon="-116.52182917110622">
        <time>2005-05-01T09:55:45-07:00</time>
      </trkpt>
      <trkpt lat="32.98232512548566" lon="-116.52188583277166">
        <time>2005-05-01T09:55:50-07:00</time>
      </trkpt>
      <trkpt lat="32.98233794979751" lon="-116.52190242893994">
        <time>2005-05-01T09:55:52-07:00</time>
      </trkpt>
      <trkpt lat="32.98234608024359" lon="-116.52192723937333">
        <time>2005-05-01T09:55:57-07:00</time>
      </trkpt>
      <trkpt lat="32.98234071582556" lon="-116.5219892654568">
        <time>2005-05-01T09:55:58-07:00</time>
      </trkpt>
      <trkpt lat="32.98231691122055" lon="-116.52207459323108">
        <time>2005-05-01T09:56:03-07:00</time>
      </trkpt>
      <trkpt lat="32.982274666428566" lon="-116.52216939255595">
        <time>2005-05-01T09:56:09-07:00</time>
      </trkpt>
      <trkpt lat="32.98222932033241" lon="-116.52223150245845">
        <time>2005-05-01T09:56:14-07:00</time>
      </trkpt>
      <trkpt lat="32.982216998934746" lon="-116.52224315330386">
        <time>2005-05-01T09:56:16-07:00</time>
      </trkpt>
      <trkpt lat="32.982175005599856" lon="-116.52231917716563">
        <time>2005-05-01T09:56:18-07:00</time>
      </trkpt>
      <trkpt lat="32.98215019516647" lon="-116.52235580608249">
        <time>2005-05-01T09:56:22-07:00</time>
      </trkpt>
      <trkpt lat="32.982142735272646" lon="-116.52238170616329">
        <time>2005-05-01T09:56:29-07:00</time>
      </trkpt>
      <trkpt lat="32.98212714493275" lon="-116.52241548523307">
        <time>2005-05-01T09:56:37-07:00</time>
      </trkpt>
      <trkpt lat="32.98208272084594" lon="-116.5224536228925">
        <time>2005-05-01T09:56:43-07:00</time>
      </trkpt>
      <trkpt lat="32.98201968893409" lon="-116.52251740917563">
        <time>2005-05-01T09:56:44-07:00</time>
      </trkpt>
      <trkpt lat="32.982014659792185" lon="-116.52252939529717">
        <time>2005-05-01T09:56:51-07:00</time>
      </trkpt>
      <trkpt lat="32.98197786323726" lon="-116.52257842943072">
        <time>2005-05-01T09:56:55-07:00</time>
      </trkpt>
      <trkpt lat="32.98190988600254" lon="-116.52264271862805">
        <time>2005-05-01T09:56:57-07:00</time>
      </trkpt>
      <trkpt lat="32.981869485229254" lon="-116.52267012745142">
        <time>2005-05-01T09:57:00-07:00</time>
      </trkpt>
      <trkpt lat="32.981862192973495" lon="-116.52267951518297">
        <time>2005-05-01T09:57:04-07:00</time>
      </trkpt>
      <trkpt lat="32.98180787824094" lon="-116.52273014187813">
        <time>2005-05-01T09:57:11-07:00</time>
      </trkpt>
      <trkpt lat="32.98178784549236" lon="-116.52274942025542">
        <time>2005-05-01T09:57:12-07:00</time>
      </trkpt>
      <trkpt lat="32.981739062815905" lon="-116.5228159725666">
        <time>2005-05-01T09:57:18-07:00</time>
      </trkpt>
      <trkpt lat="32.98172959126532" lon="-116.52282544411719">
        <time>2005-05-01T09:57:25-07:00</time>
      </trkpt>
      <trkpt lat="32.98169304616749" lon="-116.5228614024818">
        <time>2005-05-01T09:57:30-07:00</time>
      </trkpt>
      <trkpt lat="32.981626158580184" lon="-116.5229459758848">
        <time>2005-05-01T09:57:31-07:00</time>
      </trkpt>
      <trkpt lat="32.98162003979087" lon="-116.52301479130983">
        <time>2005-05-01T09:57:37-07:00</time>
      </trkpt>
      <trkpt lat="32.98162590712309" lon="-116.52302602306008">
        <time>2005-05-01T09:57:39-07:00</time>
      </trkpt>
      <trkpt lat="32.98164166510105" lon="-116.52304890565574">
        <time>2005-05-01T09:57:46-07:00</time>
      </trkpt>
      <trkpt lat="32.98167393542826" lon="-116.52309039607644">
        <time>2005-05-01T09:57:47-07:00</time>
      </trkpt>
      <trkpt lat="32.98170696012676" lon="-116.52314865030348">
        <time>2005-05-01T09:57:51-07:00</time>
      </trkpt>
      <trkpt lat="32.98171425238252" lon="-116.52314353734255">
        <time>2005-05-01T09:57:59-07:00</time>
      </trkpt>
      <trkpt lat="32.98173604533076" lon="-116.52313473634422">
        <time>2005-05-01T09:58:04-07:00</time>
      </trkpt>
      <trkpt lat="32.98178005032241" lon="-116.5231048129499">
        <time>2005-05-01T09:58:05-07:00</time>
      </trkpt>
      <trkpt lat="32.981788851320744" lon="-116.5231013763696">
        <time>2005-05-01T09:58:07-07:00</time>
      </trkpt>
      <trkpt lat="32.981813410297036" lon="-116.52309299446642">
        <time>2005-05-01T09:58:11-07:00</time>
      </trkpt>
      <trkpt lat="32.981859762221575" lon="-116.52309257537127">
        <time>2005-05-01T09:58:16-07:00</time>
      </trkpt>
      <trkpt lat="32.98188826069236" lon="-116.52309282682836">
        <time>2005-05-01T09:58:17-07:00</time>
      </trkpt>
      <trkpt lat="32.981921369209886" lon="-116.52307740412652">
        <time>2005-05-01T09:58:19-07:00</time>
      </trkpt>
      <trkpt lat="32.98196277581155" lon="-116.52306566946208">
        <time>2005-05-01T09:58:23-07:00</time>
      </trkpt>
      <trkpt lat="32.98198507167399" lon="-116.52305234223604">
        <time>2005-05-01T09:58:24-07:00</time>
      </trkpt>
      <trkpt lat="32.9819967225194" lon="-116.52305049821734">
        <time>2005-05-01T09:58:26-07:00</time>
      </trkpt>
      <trkpt lat="32.98205162398517" lon="-116.52303951792419">
        <time>2005-05-01T09:58:30-07:00</time>
      </trkpt>
      <trkpt lat="32.98207174055278" lon="-116.52304831892252">
        <time>2005-05-01T09:58:33-07:00</time>
      </trkpt>
      <trkpt lat="32.98211214132607" lon="-116.52305041439831">
        <time>2005-05-01T09:58:36-07:00</time>
      </trkpt>
      <trkpt lat="32.98216796480119" lon="-116.52307145297527">
        <time>2005-05-01T09:58:40-07:00</time>
      </trkpt>
      <trkpt lat="32.98217291012406" lon="-116.52307036332786">
        <time>2005-05-01T09:58:42-07:00</time>
      </trkpt>
      <trkpt lat="32.982220938429236" lon="-116.52308746241033">
        <time>2005-05-01T09:58:43-07:00</time>
      </trkpt>
      <trkpt lat="32.98223049379885" lon="-116.5230926591903">
        <time>2005-05-01T09:58:49-07:00</time>
      </trkpt>
      <trkpt lat="32.98229436390102" lon="-116.52312643826008">
        <time>2005-05-01T09:58:51-07:00</time>
      </trkpt>
      <trkpt lat="32.98231774941087" lon="-116.52313381433487">
        <time>2005-05-01T09:58:55-07:00</time>
      </trkpt>
      <trkpt lat="32.982383631169796" lon="-116.5231510810554">
        <time>2005-05-01T09:58:59-07:00</time>
      </trkpt>
      <trkpt lat="32.98243962228298" lon="-116.52318628504872">
        <time>2005-05-01T09:59:00-07:00</time>
      </trkpt>
      <trkpt lat="32.98251187428832" lon="-116.52323833666742">
        <time>2005-05-01T09:59:04-07:00</time>
      </trkpt>
      <trkpt lat="32.98255369998515" lon="-116.5232551842928">
        <time>2005-05-01T09:59:05-07:00</time>
      </trkpt>
      <trkpt lat="32.98263106495142" lon="-116.52328628115356">
        <time>2005-05-01T09:59:11-07:00</time>
      </trkpt>
      <trkpt lat="32.982682110741735" lon="-116.52331469580531">
        <time>2005-05-01T09:59:13-07:00</time>
      </trkpt>
      <trkpt lat="32.98269459977746" lon="-116.52332324534655">
        <time>2005-05-01T09:59:19-07:00</time>
      </trkpt>
      <trkpt lat="32.982729552313685" lon="-116.52335040271282">
        <time>2005-05-01T09:59:24-07:00</time>
      </trkpt>
      <trkpt lat="32.982777915894985" lon="-116.52340496890247">
        <time>2005-05-01T09:59:31-07:00</time>
      </trkpt>
      <trkpt lat="32.98281781375408" lon="-116.52346464805305">
        <time>2005-05-01T09:59:35-07:00</time>
      </trkpt>
      <trkpt lat="32.98285880126059" lon="-116.52351946569979">
        <time>2005-05-01T09:59:42-07:00</time>
      </trkpt>
      <trkpt lat="32.98292560502887" lon="-116.5236120019108">
        <time>2005-05-01T09:59:46-07:00</time>
      </trkpt>
      <trkpt lat="32.98296676017344" lon="-116.52367562055588">
        <time>2005-05-01T09:59:47-07:00</time>
      </trkpt>
      <trkpt lat="32.98300095833838" lon="-116.52372876182199">
        <time>2005-05-01T09:59:52-07:00</time>
      </trkpt>
      <trkpt lat="32.98300967551768" lon="-116.5237438492477">
        <time>2005-05-01T09:59:57-07:00</time>
      </trkpt>
      <trkpt lat="32.98302702605724" lon="-116.5237679053098">
        <time>2005-05-01T10:00:02-07:00</time>
      </trkpt>
      <trkpt lat="32.98305619508028" lon="-116.52381031773984">
        <time>2005-05-01T10:00:08-07:00</time>
      </trkpt>
      <trkpt lat="32.98309626057744" lon="-116.5238659735769">
        <time>2005-05-01T10:00:16-07:00</time>
      </trkpt>
      <trkpt lat="32.98310304991901" lon="-116.52387703768909">
        <time>2005-05-01T10:00:22-07:00</time>
      </trkpt>
      <trkpt lat="32.98314445652068" lon="-116.52392439544201">
        <time>2005-05-01T10:00:26-07:00</time>
      </trkpt>
      <trkpt lat="32.98319399356842" lon="-116.52398918755352">
        <time>2005-05-01T10:00:27-07:00</time>
      </trkpt>
      <trkpt lat="32.98322123475373" lon="-116.5240200329572">
        <time>2005-05-01T10:00:29-07:00</time>
      </trkpt>
      <trkpt lat="32.983238752931356" lon="-116.52404534630477">
        <time>2005-05-01T10:00:33-07:00</time>
      </trkpt>
      <trkpt lat="32.98330354504287" lon="-116.52410997077823">
        <time>2005-05-01T10:00:38-07:00</time>
      </trkpt>
      <trkpt lat="32.98334067687392" lon="-116.52415565215051">
        <time>2005-05-01T10:00:39-07:00</time>
      </trkpt>
      <trkpt lat="32.98335090279579" lon="-116.524164872244">
        <time>2005-05-01T10:00:43-07:00</time>
      </trkpt>
      <trkpt lat="32.98338074237108" lon="-116.5242132358253">
        <time>2005-05-01T10:00:49-07:00</time>
      </trkpt>
      <trkpt lat="32.98342365771532" lon="-116.52426453307271">
        <time>2005-05-01T10:00:52-07:00</time>
      </trkpt>
      <trkpt lat="32.98345098271966" lon="-116.52434667572379">
        <time>2005-05-01T10:00:54-07:00</time>
      </trkpt>
      <trkpt lat="32.98346942290664" lon="-116.52442479506135">
        <time>2005-05-01T10:01:00-07:00</time>
      </trkpt>
      <trkpt lat="32.98350563272834" lon="-116.52448304928839">
        <time>2005-05-01T10:01:04-07:00</time>
      </trkpt>
      <trkpt lat="32.98353413119912" lon="-116.52450886555016">
        <time>2005-05-01T10:01:05-07:00</time>
      </trkpt>
      <trkpt lat="32.983567574992776" lon="-116.52453845366836">
        <time>2005-05-01T10:01:10-07:00</time>
      </trkpt>
      <trkpt lat="32.98363429494202" lon="-116.5246102027595">
        <time>2005-05-01T10:01:15-07:00</time>
      </trkpt>
      <trkpt lat="32.98367477953434" lon="-116.52468572370708">
        <time>2005-05-01T10:01:21-07:00</time>
      </trkpt>
      <trkpt lat="32.983688777312636" lon="-116.524703996256">
        <time>2005-05-01T10:01:26-07:00</time>
      </trkpt>
      <trkpt lat="32.98374183475971" lon="-116.52474649250507">
        <time>2005-05-01T10:01:32-07:00</time>
      </trkpt>
      <trkpt lat="32.98378759995103" lon="-116.52479804120958">
        <time>2005-05-01T10:01:35-07:00</time>
      </trkpt>
      <trkpt lat="32.98379790969193" lon="-116.52480843476951">
        <time>2005-05-01T10:01:38-07:00</time>
      </trkpt>
      <trkpt lat="32.98387644812465" lon="-116.5248662699014">
        <time>2005-05-01T10:01:45-07:00</time>
      </trkpt>
      <trkpt lat="32.98393478617072" lon="-116.52490398846567">
        <time>2005-05-01T10:01:52-07:00</time>
      </trkpt>
      <trkpt lat="32.98397711478174" lon="-116.52494681999087">
        <time>2005-05-01T10:01:54-07:00</time>
      </trkpt>
      <trkpt lat="32.98398365266621" lon="-116.52495285496116">
        <time>2005-05-01T10:01:59-07:00</time>
      </trkpt>
      <trkpt lat="32.98402304761112" lon="-116.52499996125698">
        <time>2005-05-01T10:02:04-07:00</time>
      </trkpt>
      <trkpt lat="32.98404802568257" lon="-116.52503558434546">
        <time>2005-05-01T10:02:05-07:00</time>
      </trkpt>
      <trkpt lat="32.98406948335469" lon="-116.52505519799888">
        <time>2005-05-01T10:02:12-07:00</time>
      </trkpt>
      <trkpt lat="32.98409630544484" lon="-116.52507917024195">
        <time>2005-05-01T10:02:17-07:00</time>
      </trkpt>
      <trkpt lat="32.98415036872029" lon="-116.5251181460917">
        <time>2005-05-01T10:02:23-07:00</time>
      </trkpt>
      <trkpt lat="32.98415749333799" lon="-116.52512971311808">
        <time>2005-05-01T10:02:24-07:00</time>
      </trkpt>
      <trkpt lat="32.98416696488857" lon="-116.52519190683961">
        <time>2005-05-01T10:02:28-07:00</time>
      </trkpt>
      <trkpt lat="32.98416797071695" lon="-116.52521755546331">
        <time>2005-05-01T10:02:31-07:00</time>
      </trkpt>
      <trkpt lat="32.98416838981211" lon="-116.52522912248969">
        <time>2005-05-01T10:02:33-07:00</time>
      </trkpt>
      <trkpt lat="32.98416771925986" lon="-116.52523155324161">
        <time>2005-05-01T10:02:37-07:00</time>
      </trkpt>
      <trkpt lat="32.9841673001647" lon="-116.52523339726031">
        <time>2005-05-01T10:02:43-07:00</time>
      </trkpt>
      <trkpt lat="32.98415472730994" lon="-116.52527438476682">
        <time>2005-05-01T10:02:44-07:00</time>
      </trkpt>
      <trkpt lat="32.984147099778056" lon="-116.52534613385797">
        <time>2005-05-01T10:02:48-07:00</time>
      </trkpt>
      <trkpt lat="32.984154811128974" lon="-116.52537136338651">
        <time>2005-05-01T10:02:50-07:00</time>
      </trkpt>
      <trkpt lat="32.984177358448505" lon="-116.52543456293643">
        <time>2005-05-01T10:02:56-07:00</time>
      </trkpt>
      <trkpt lat="32.98418381251395" lon="-116.52544319629669">
        <time>2005-05-01T10:02:58-07:00</time>
      </trkpt>
      <trkpt lat="32.98421122133732" lon="-116.52550421655178">
        <time>2005-05-01T10:03:01-07:00</time>
      </trkpt>
      <trkpt lat="32.98423427157104" lon="-116.52557655237615">
        <time>2005-05-01T10:03:04-07:00</time>
      </trkpt>
      <trkpt lat="32.98424022272229" lon="-116.5255859401077">
        <time>2005-05-01T10:03:09-07:00</time>
      </trkpt>
      <trkpt lat="32.98425975255668" lon="-116.52564905583858">
        <time>2005-05-01T10:03:11-07:00</time>
      </trkpt>
      <trkpt lat="32.98426100984216" lon="-116.52567059732974">
        <time>2005-05-01T10:03:16-07:00</time>
      </trkpt>
      <trkpt lat="32.98428959213197" lon="-116.52575802057981">
        <time>2005-05-01T10:03:17-07:00</time>
      </trkpt>
      <trkpt lat="32.98431431874633" lon="-116.52581225149333">
        <time>2005-05-01T10:03:22-07:00</time>
      </trkpt>
      <trkpt lat="32.98432420939207" lon="-116.52581937611103">
        <time>2005-05-01T10:03:28-07:00</time>
      </trkpt>
      <trkpt lat="32.98435580916703" lon="-116.52586832642555">
        <time>2005-05-01T10:03:29-07:00</time>
      </trkpt>
      <trkpt lat="32.984362514689565" lon="-116.52587888762355">
        <time>2005-05-01T10:03:34-07:00</time>
      </trkpt>
      <trkpt lat="32.98440006561577" lon="-116.52591803111136">
        <time>2005-05-01T10:03:36-07:00</time>
      </trkpt>
      <trkpt lat="32.984407022595406" lon="-116.52592456899583">
        <time>2005-05-01T10:03:43-07:00</time>
      </trkpt>
      <trkpt lat="32.98445027321577" lon="-116.52594393119216">
        <time>2005-05-01T10:03:48-07:00</time>
      </trkpt>
      <trkpt lat="32.98449235036969" lon="-116.52595742605627">
        <time>2005-05-01T10:03:49-07:00</time>
      </trkpt>
      <trkpt lat="32.984504671767354" lon="-116.52595583349466">
        <time>2005-05-01T10:03:54-07:00</time>
      </trkpt>
      <trkpt lat="32.984583880752325" lon="-116.52596144936979">
        <time>2005-05-01T10:03:55-07:00</time>
      </trkpt>
      <trkpt lat="32.984654372558" lon="-116.5259625390172">
        <time>2005-05-01T10:04:00-07:00</time>
      </trkpt>
      <trkpt lat="32.98472670838237" lon="-116.52595306746662">
        <time>2005-05-01T10:04:01-07:00</time>
      </trkpt>
      <trkpt lat="32.98474640585482" lon="-116.52594367973506">
        <time>2005-05-01T10:04:05-07:00</time>
      </trkpt>
      <trkpt lat="32.98479041084647" lon="-116.52589799836278">
        <time>2005-05-01T10:04:09-07:00</time>
      </trkpt>
      <trkpt lat="32.98481421545148" lon="-116.52587536722422">
        <time>2005-05-01T10:04:10-07:00</time>
      </trkpt>
      <trkpt lat="32.98483466729522" lon="-116.52586203999817">
        <time>2005-05-01T10:04:16-07:00</time>
      </trkpt>
      <trkpt lat="32.98485931009054" lon="-116.52584401890635">
        <time>2005-05-01T10:04:23-07:00</time>
      </trkpt>
      <trkpt lat="32.9848803486675" lon="-116.52581912465394">
        <time>2005-05-01T10:04:30-07:00</time>
      </trkpt>
      <trkpt lat="32.98491773195565" lon="-116.52577654458582">
        <time>2005-05-01T10:04:32-07:00</time>
      </trkpt>
      <trkpt lat="32.9849427100271" lon="-116.52575240470469">
        <time>2005-05-01T10:04:37-07:00</time>
      </trkpt>
      <trkpt lat="32.98503172583878" lon="-116.52574569918215">
        <time>2005-05-01T10:04:40-07:00</time>
      </trkpt>
      <trkpt lat="32.98509459011257" lon="-116.5257223136723">
        <time>2005-05-01T10:04:42-07:00</time>
      </trkpt>
      <trkpt lat="32.98514513298869" lon="-116.52569632977247">
        <time>2005-05-01T10:04:45-07:00</time>
      </trkpt>
      <trkpt lat="32.98522903583944" lon="-116.52565802447498">
        <time>2005-05-01T10:04:48-07:00</time>
      </trkpt>
      <trkpt lat="32.98526080325246" lon="-116.52565366588533">
        <time>2005-05-01T10:04:52-07:00</time>
      </trkpt>
      <trkpt lat="32.9853034671396" lon="-116.52562759816647">
        <time>2005-05-01T10:04:55-07:00</time>
      </trkpt>
      <trkpt lat="32.98532324843109" lon="-116.52561804279685">
        <time>2005-05-01T10:05:02-07:00</time>
      </trkpt>
      <trkpt lat="32.98537027090788" lon="-116.52557822875679">
        <time>2005-05-01T10:05:07-07:00</time>
      </trkpt>
      <trkpt lat="32.98538317903876" lon="-116.52557093650103">
        <time>2005-05-01T10:05:12-07:00</time>
      </trkpt>
      <trkpt lat="32.9854176286608" lon="-116.52555350214243">
        <time>2005-05-01T10:05:20-07:00</time>
      </trkpt>
      <trkpt lat="32.98545928671956" lon="-116.52554336003959">
        <time>2005-05-01T10:05:23-07:00</time>
      </trkpt>
      <trkpt lat="32.985503543168306" lon="-116.52552684769034">
        <time>2005-05-01T10:05:27-07:00</time>
      </trkpt>
      <trkpt lat="32.98551293089986" lon="-116.52551913633943">
        <time>2005-05-01T10:05:29-07:00</time>
      </trkpt>
      <trkpt lat="32.98557026311755" lon="-116.52550723403692">
        <time>2005-05-01T10:05:34-07:00</time>
      </trkpt>
      <trkpt lat="32.98564150929451" lon="-116.52552709914744">
        <time>2005-05-01T10:05:35-07:00</time>
      </trkpt>
      <trkpt lat="32.985722897574306" lon="-116.52551402337849">
        <time>2005-05-01T10:05:39-07:00</time>
      </trkpt>
      <trkpt lat="32.98573102802038" lon="-116.52551469393075">
        <time>2005-05-01T10:05:43-07:00</time>
      </trkpt>
      <trkpt lat="32.98578458838165" lon="-116.5255098324269">
        <time>2005-05-01T10:05:47-07:00</time>
      </trkpt>
      <trkpt lat="32.98584150150418" lon="-116.52551888488233">
        <time>2005-05-01T10:05:48-07:00</time>
      </trkpt>
      <trkpt lat="32.98584971576929" lon="-116.52552139945328">
        <time>2005-05-01T10:05:53-07:00</time>
      </trkpt>
      <trkpt lat="32.98590671271086" lon="-116.52553338557482">
        <time>2005-05-01T10:05:59-07:00</time>
      </trkpt>
      <trkpt lat="32.985924733802676" lon="-116.52554579079151">
        <time>2005-05-01T10:06:05-07:00</time>
      </trkpt>
      <trkpt lat="32.98598013818264" lon="-116.52555719017982">
        <time>2005-05-01T10:06:06-07:00</time>
      </trkpt>
      <trkpt lat="32.98600419424474" lon="-116.52555668726563">
        <time>2005-05-01T10:06:12-07:00</time>
      </trkpt>
      <trkpt lat="32.986045349389315" lon="-116.52558292262256">
        <time>2005-05-01T10:06:17-07:00</time>
      </trkpt>
      <trkpt lat="32.9860392306" lon="-116.52559189125896">
        <time>2005-05-01T10:06:18-07:00</time>
      </trkpt>
      <trkpt lat="32.98601425252855" lon="-116.52561326511204">
        <time>2005-05-01T10:06:23-07:00</time>
      </trkpt>
      <trkpt lat="32.98597083427012" lon="-116.52563866227865">
        <time>2005-05-01T10:06:25-07:00</time>
      </trkpt>
      <trkpt lat="32.98592490144074" lon="-116.52569280937314">
        <time>2005-05-01T10:06:30-07:00</time>
      </trkpt>
      <trkpt lat="32.9859081376344" lon="-116.52570454403758">
        <time>2005-05-01T10:06:32-07:00</time>
      </trkpt>
      <trkpt lat="32.985854744911194" lon="-116.5257537458092">
        <time>2005-05-01T10:06:37-07:00</time>
      </trkpt>
      <trkpt lat="32.985844099894166" lon="-116.52575936168432">
        <time>2005-05-01T10:06:38-07:00</time>
      </trkpt>
      <trkpt lat="32.9857974126935" lon="-116.52580772526562">
        <time>2005-05-01T10:06:41-07:00</time>
      </trkpt>
      <trkpt lat="32.98578039743006" lon="-116.52582205832005">
        <time>2005-05-01T10:06:45-07:00</time>
      </trkpt>
      <trkpt lat="32.985721388831735" lon="-116.52587628923357">
        <time>2005-05-01T10:06:50-07:00</time>
      </trkpt>
      <trkpt lat="32.9857146833092" lon="-116.52591065503657">
        <time>2005-05-01T10:06:52-07:00</time>
      </trkpt>
      <trkpt lat="32.98573354259133" lon="-116.52594988234341">
        <time>2005-05-01T10:06:58-07:00</time>
      </trkpt>
      <trkpt lat="32.985751647502184" lon="-116.52595642022789">
        <time>2005-05-01T10:06:59-07:00</time>
      </trkpt>
      <trkpt lat="32.98576958477497" lon="-116.52596329338849">
        <time>2005-05-01T10:07:05-07:00</time>
      </trkpt>
      <trkpt lat="32.98582666553557" lon="-116.52601551264524">
        <time>2005-05-01T10:07:07-07:00</time>
      </trkpt>
      <trkpt lat="32.98583320342004" lon="-116.52601635083556">
        <time>2005-05-01T10:07:13-07:00</time>
      </trkpt>
      <trkpt lat="32.985846446827054" lon="-116.52601651847363">
        <time>2005-05-01T10:07:15-07:00</time>
      </trkpt>
      <trkpt lat="32.985868910327554" lon="-116.52601324953139">
        <time>2005-05-01T10:07:18-07:00</time>
      </trkpt>
      <trkpt lat="32.98592624254525" lon="-116.52603244408965">
        <time>2005-05-01T10:07:20-07:00</time>
      </trkpt>
      <trkpt lat="32.985955495387316" lon="-116.52607242576778">
        <time>2005-05-01T10:07:22-07:00</time>
      </trkpt>
      <trkpt lat="32.986006205901504" lon="-116.52608784846961">
        <time>2005-05-01T10:07:28-07:00</time>
      </trkpt>
      <trkpt lat="32.986027831211686" lon="-116.52609497308731">
        <time>2005-05-01T10:07:29-07:00</time>
      </trkpt>
      <trkpt lat="32.98606135882437" lon="-116.52609530836344">
        <time>2005-05-01T10:07:30-07:00</time>
      </trkpt>
      <trkpt lat="32.98611776903272" lon="-116.52611492201686">
        <time>2005-05-01T10:07:32-07:00</time>
      </trkpt>
      <trkpt lat="32.98617593944073" lon="-116.52614459395409">
        <time>2005-05-01T10:07:37-07:00</time>
      </trkpt>
      <trkpt lat="32.98621717840433" lon="-116.52617376297712">
        <time>2005-05-01T10:07:41-07:00</time>
      </trkpt>
      <trkpt lat="32.98625900410116" lon="-116.52620385400951">
        <time>2005-05-01T10:07:46-07:00</time>
      </trkpt>
      <trkpt lat="32.98632815480232" lon="-116.52626227587461">
        <time>2005-05-01T10:07:48-07:00</time>
      </trkpt>
      <trkpt lat="32.98638322390616" lon="-116.52631374076009">
        <time>2005-05-01T10:07:52-07:00</time>
      </trkpt>
      <trkpt lat="32.986417254433036" lon="-116.52636243961751">
        <time>2005-05-01T10:07:56-07:00</time>
      </trkpt>
      <trkpt lat="32.986454889178276" lon="-116.52641558088362">
        <time>2005-05-01T10:08:02-07:00</time>
      </trkpt>
      <trkpt lat="32.986470898613334" lon="-116.52644173242152">
        <time>2005-05-01T10:08:07-07:00</time>
      </trkpt>
      <trkpt lat="32.98647852614522" lon="-116.5264596696943">
        <time>2005-05-01T10:08:11-07:00</time>
      </trkpt>
      <trkpt lat="32.98651582561433" lon="-116.52649847790599">
        <time>2005-05-01T10:08:18-07:00</time>
      </trkpt>
      <trkpt lat="32.98652253113687" lon="-116.52650744654238">
        <time>2005-05-01T10:08:24-07:00</time>
      </trkpt>
      <trkpt lat="32.9865693859756" lon="-116.52655966579914">
        <time>2005-05-01T10:08:29-07:00</time>
      </trkpt>
      <trkpt lat="32.98660115338862" lon="-116.52661590836942">
        <time>2005-05-01T10:08:35-07:00</time>
      </trkpt>
      <trkpt lat="32.98662059940398" lon="-116.52662286534905">
        <time>2005-05-01T10:08:38-07:00</time>
      </trkpt>
      <trkpt lat="32.98666225746274" lon="-116.52664164081216">
        <time>2005-05-01T10:08:40-07:00</time>
      </trkpt>
      <trkpt lat="32.986678099259734" lon="-116.52664960362017">
        <time>2005-05-01T10:08:45-07:00</time>
      </trkpt>
      <trkpt lat="32.986727468669415" lon="-116.52665086090565">
        <time>2005-05-01T10:08:46-07:00</time>
      </trkpt>
      <trkpt lat="32.98677868209779" lon="-116.52661523781717">
        <time>2005-05-01T10:08:52-07:00</time>
      </trkpt>
      <trkpt lat="32.986786644905806" lon="-116.5266100410372">
        <time>2005-05-01T10:08:58-07:00</time>
      </trkpt>
      <trkpt lat="32.9867903329432" lon="-116.52660534717143">
        <time>2005-05-01T10:09:00-07:00</time>
      </trkpt>
      <trkpt lat="32.98683165572584" lon="-116.52657492086291">
        <time>2005-05-01T10:09:04-07:00</time>
      </trkpt>
      <trkpt lat="32.98689938150346" lon="-116.52653535827994">
        <time>2005-05-01T10:09:06-07:00</time>
      </trkpt>
      <trkpt lat="32.98693140037358" lon="-116.52652932330966">
        <time>2005-05-01T10:09:10-07:00</time>
      </trkpt>
      <trkpt lat="32.98699099570513" lon="-116.52653963305056">
        <time>2005-05-01T10:09:15-07:00</time>
      </trkpt>
      <trkpt lat="32.98705352470279" lon="-116.52656595222652">
        <time>2005-05-01T10:09:16-07:00</time>
      </trkpt>
      <trkpt lat="32.98709803260863" lon="-116.52660836465657">
        <time>2005-05-01T10:09:17-07:00</time>
      </trkpt>
      <trkpt lat="32.98711370676756" lon="-116.52661976404488">
        <time>2005-05-01T10:09:22-07:00</time>
      </trkpt>
      <trkpt lat="32.987170200794935" lon="-116.5266739949584">
        <time>2005-05-01T10:09:28-07:00</time>
      </trkpt>
      <trkpt lat="32.987223928794265" lon="-116.52673618867993">
        <time>2005-05-01T10:09:31-07:00</time>
      </trkpt>
      <trkpt lat="32.987259551882744" lon="-116.52680424973369">
        <time>2005-05-01T10:09:37-07:00</time>
      </trkpt>
      <trkpt lat="32.98729567788541" lon="-116.52684783563018">
        <time>2005-05-01T10:09:43-07:00</time>
      </trkpt>
      <trkpt lat="32.987301629036665" lon="-116.52685563080013">
        <time>2005-05-01T10:09:48-07:00</time>
      </trkpt>
      <trkpt lat="32.98733423464" lon="-116.52690332382917">
        <time>2005-05-01T10:09:50-07:00</time>
      </trkpt>
      <trkpt lat="32.98736533150077" lon="-116.52692561969161">
        <time>2005-05-01T10:09:57-07:00</time>
      </trkpt>
      <trkpt lat="32.98738477751613" lon="-116.52693760581315">
        <time>2005-05-01T10:10:04-07:00</time>
      </trkpt>
      <trkpt lat="32.9874431155622" lon="-116.52694548480213">
        <time>2005-05-01T10:10:10-07:00</time>
      </trkpt>
      <trkpt lat="32.987463399767876" lon="-116.52694087475538">
        <time>2005-05-01T10:10:16-07:00</time>
      </trkpt>
      <trkpt lat="32.98751603811979" lon="-116.52692352421582">
        <time>2005-05-01T10:10:17-07:00</time>
      </trkpt>
      <trkpt lat="32.98757596872747" lon="-116.52688320726156">
        <time>2005-05-01T10:10:22-07:00</time>
      </trkpt>
      <trkpt lat="32.98760832287371" lon="-116.52684641070664">
        <time>2005-05-01T10:10:26-07:00</time>
      </trkpt>
      <trkpt lat="32.98762181773782" lon="-116.52683484368026">
        <time>2005-05-01T10:10:28-07:00</time>
      </trkpt>
      <trkpt lat="32.987664146348834" lon="-116.52679536491632">
        <time>2005-05-01T10:10:33-07:00</time>
      </trkpt>
      <trkpt lat="32.987702284008265" lon="-116.52675689198077">
        <time>2005-05-01T10:10:35-07:00</time>
      </trkpt>
      <trkpt lat="32.98775089904666" lon="-116.52669972740114">
        <time>2005-05-01T10:10:39-07:00</time>
      </trkpt>
      <trkpt lat="32.98781988210976" lon="-116.52667223475873">
        <time>2005-05-01T10:10:45-07:00</time>
      </trkpt>
      <trkpt lat="32.98784486018121" lon="-116.52665949426591">
        <time>2005-05-01T10:10:49-07:00</time>
      </trkpt>
      <trkpt lat="32.98787687905133" lon="-116.52664549648762">
        <time>2005-05-01T10:10:50-07:00</time>
      </trkpt>
      <trkpt lat="32.98794091679156" lon="-116.52662185952067">
        <time>2005-05-01T10:10:56-07:00</time>
      </trkpt>
      <trkpt lat="32.988018868491054" lon="-116.52659378014505">
        <time>2005-05-01T10:11:01-07:00</time>
      </trkpt>
      <trkpt lat="32.98809489235282" lon="-116.52658456005156">
        <time>2005-05-01T10:11:08-07:00</time>
      </trkpt>
      <trkpt lat="32.988162115216255" lon="-116.52658078819513">
        <time>2005-05-01T10:11:14-07:00</time>
      </trkpt>
      <trkpt lat="32.98821257427335" lon="-116.5265926066786">
        <time>2005-05-01T10:11:17-07:00</time>
      </trkpt>
      <trkpt lat="32.988304356113076" lon="-116.52662797830999">
        <time>2005-05-01T10:11:20-07:00</time>
      </trkpt>
      <trkpt lat="32.9883686453104" lon="-116.52665697969496">
        <time>2005-05-01T10:11:25-07:00</time>
      </trkpt>
      <trkpt lat="32.98843150958419" lon="-116.52668338268995">
        <time>2005-05-01T10:11:32-07:00</time>
      </trkpt>
      <trkpt lat="32.98844810575247" lon="-116.5266996435821">
        <time>2005-05-01T10:11:38-07:00</time>
      </trkpt>
      <trkpt lat="32.988468473777175" lon="-116.52672453783453">
        <time>2005-05-01T10:11:44-07:00</time>
      </trkpt>
      <trkpt lat="32.988506108522415" lon="-116.526770722121">
        <time>2005-05-01T10:11:49-07:00</time>
      </trkpt>
      <trkpt lat="32.98853863030672" lon="-116.52680064551532">
        <time>2005-05-01T10:11:56-07:00</time>
      </trkpt>
      <trkpt lat="32.98854726366699" lon="-116.52681020088494">
        <time>2005-05-01T10:12:02-07:00</time>
      </trkpt>
      <trkpt lat="32.9885620996356" lon="-116.52683107182384">
        <time>2005-05-01T10:12:08-07:00</time>
      </trkpt>
      <trkpt lat="32.98859026283026" lon="-116.52687767520547">
        <time>2005-05-01T10:12:10-07:00</time>
      </trkpt>
      <trkpt lat="32.98860903829336" lon="-116.52689854614437">
        <time>2005-05-01T10:12:12-07:00</time>
      </trkpt>
      <trkpt lat="32.988639799878" lon="-116.52692670933902">
        <time>2005-05-01T10:12:17-07:00</time>
      </trkpt>
      <trkpt lat="32.9886606708169" lon="-116.52695286087692">
        <time>2005-05-01T10:12:21-07:00</time>
      </trkpt>
      <trkpt lat="32.98869294114411" lon="-116.52702561579645">
        <time>2005-05-01T10:12:22-07:00</time>
      </trkpt>
      <trkpt lat="32.9887278098613" lon="-116.52710088528693">
        <time>2005-05-01T10:12:24-07:00</time>
      </trkpt>
      <trkpt lat="32.988760164007545" lon="-116.527204150334">
        <time>2005-05-01T10:12:28-07:00</time>
      </trkpt>
      <trkpt lat="32.98877550289035" lon="-116.52724295854568">
        <time>2005-05-01T10:12:30-07:00</time>
      </trkpt>
      <trkpt lat="32.988785561174154" lon="-116.52727237902582">
        <time>2005-05-01T10:12:33-07:00</time>
      </trkpt>
      <trkpt lat="32.98881380818784" lon="-116.52735058218241">
        <time>2005-05-01T10:12:36-07:00</time>
      </trkpt>
      <trkpt lat="32.98883082345128" lon="-116.52742786332965">
        <time>2005-05-01T10:12:42-07:00</time>
      </trkpt>
      <trkpt lat="32.98884490504861" lon="-116.52752702124417">
        <time>2005-05-01T10:12:48-07:00</time>
      </trkpt>
      <trkpt lat="32.988846246153116" lon="-116.52754152193666">
        <time>2005-05-01T10:12:56-07:00</time>
      </trkpt>
      <trkpt lat="32.98884632997215" lon="-116.52761276811361">
        <time>2005-05-01T10:12:59-07:00</time>
      </trkpt>
      <trkpt lat="32.98883375711739" lon="-116.52765593491495">
        <time>2005-05-01T10:13:01-07:00</time>
      </trkpt>
      <trkpt lat="32.98882680013776" lon="-116.52768183499575">
        <time>2005-05-01T10:13:07-07:00</time>
      </trkpt>
      <trkpt lat="32.98879763111472" lon="-116.527756517753">
        <time>2005-05-01T10:13:13-07:00</time>
      </trkpt>
      <trkpt lat="32.98876519314945" lon="-116.5278104133904">
        <time>2005-05-01T10:13:20-07:00</time>
      </trkpt>
      <trkpt lat="32.98875815235078" lon="-116.52783145196736">
        <time>2005-05-01T10:13:21-07:00</time>
      </trkpt>
      <trkpt lat="32.988745495676994" lon="-116.5279280114919">
        <time>2005-05-01T10:13:27-07:00</time>
      </trkpt>
      <trkpt lat="32.98875220119953" lon="-116.52794259600341">
        <time>2005-05-01T10:13:30-07:00</time>
      </trkpt>
      <trkpt lat="32.98876184038818" lon="-116.52795131318271">
        <time>2005-05-01T10:13:32-07:00</time>
      </trkpt>
      <trkpt lat="32.98879855312407" lon="-116.52795474976301">
        <time>2005-05-01T10:13:39-07:00</time>
      </trkpt>
      <trkpt lat="32.988854460418224" lon="-116.52793765068054">
        <time>2005-05-01T10:13:44-07:00</time>
      </trkpt>
      <trkpt lat="32.98894179984927" lon="-116.52791971340775">
        <time>2005-05-01T10:13:46-07:00</time>
      </trkpt>
      <trkpt lat="32.98902863636613" lon="-116.52788115665317">
        <time>2005-05-01T10:13:54-07:00</time>
      </trkpt>
      <trkpt lat="32.989092506468296" lon="-116.52786858379841">
        <time>2005-05-01T10:13:55-07:00</time>
      </trkpt>
      <trkpt lat="32.989143719896674" lon="-116.5278500597924">
        <time>2005-05-01T10:13:56-07:00</time>
      </trkpt>
      <trkpt lat="32.98921446315944" lon="-116.52782524935901">
        <time>2005-05-01T10:13:59-07:00</time>
      </trkpt>
      <trkpt lat="32.98926869407296" lon="-116.52783505618572">
        <time>2005-05-01T10:14:05-07:00</time>
      </trkpt>
      <trkpt lat="32.989275231957436" lon="-116.52784218080342">
        <time>2005-05-01T10:14:12-07:00</time>
      </trkpt>
      <trkpt lat="32.98932585865259" lon="-116.52786917053163">
        <time>2005-05-01T10:14:20-07:00</time>
      </trkpt>
      <trkpt lat="32.989365588873625" lon="-116.52793337590992">
        <time>2005-05-01T10:14:26-07:00</time>
      </trkpt>
      <trkpt lat="32.98937112092972" lon="-116.5279430989176">
        <time>2005-05-01T10:14:30-07:00</time>
      </trkpt>
      <trkpt lat="32.9894067440182" lon="-116.52799271978438">
        <time>2005-05-01T10:14:37-07:00</time>
      </trkpt>
      <trkpt lat="32.989411521703005" lon="-116.52800763957202">
        <time>2005-05-01T10:14:42-07:00</time>
      </trkpt>
      <trkpt lat="32.989431135356426" lon="-116.52803127653897">
        <time>2005-05-01T10:14:43-07:00</time>
      </trkpt>
      <trkpt lat="32.989470195025206" lon="-116.52810528874397">
        <time>2005-05-01T10:14:48-07:00</time>
      </trkpt>
      <trkpt lat="32.98952073790133" lon="-116.52813537977636">
        <time>2005-05-01T10:14:54-07:00</time>
      </trkpt>
      <trkpt lat="32.9895653296262" lon="-116.52818567119539">
        <time>2005-05-01T10:14:55-07:00</time>
      </trkpt>
      <trkpt lat="32.98961168155074" lon="-116.52825566008687">
        <time>2005-05-01T10:15:00-07:00</time>
      </trkpt>
      <trkpt lat="32.98965560272336" lon="-116.52830058708787">
        <time>2005-05-01T10:15:02-07:00</time>
      </trkpt>
      <trkpt lat="32.98966784030199" lon="-116.52832640334964">
        <time>2005-05-01T10:15:08-07:00</time>
      </trkpt>
      <trkpt lat="32.98969558440149" lon="-116.52837853878736">
        <time>2005-05-01T10:15:14-07:00</time>
      </trkpt>
      <trkpt lat="32.989748641848564" lon="-116.52846009470522">
        <time>2005-05-01T10:15:19-07:00</time>
      </trkpt>
      <trkpt lat="32.98980379477143" lon="-116.52855824679136">
        <time>2005-05-01T10:15:25-07:00</time>
      </trkpt>
      <trkpt lat="32.9898296110332" lon="-116.52859596535563">
        <time>2005-05-01T10:15:31-07:00</time>
      </trkpt>
      <trkpt lat="32.9898626357317" lon="-116.52865237556398">
        <time>2005-05-01T10:15:36-07:00</time>
      </trkpt>
      <trkpt lat="32.989872861653566" lon="-116.52866017073393">
        <time>2005-05-01T10:15:38-07:00</time>
      </trkpt>
      <trkpt lat="32.98989398404956" lon="-116.52868179604411">
        <time>2005-05-01T10:15:44-07:00</time>
      </trkpt>
      <trkpt lat="32.98990479670465" lon="-116.52871775440872">
        <time>2005-05-01T10:15:51-07:00</time>
      </trkpt>
      <trkpt lat="32.98990982584655" lon="-116.52873812243342">
        <time>2005-05-01T10:15:59-07:00</time>
      </trkpt>
      <trkpt lat="32.98992717638612" lon="-116.52878195978701">
        <time>2005-05-01T10:16:06-07:00</time>
      </trkpt>
      <trkpt lat="32.98993061296642" lon="-116.52879000641406">
        <time>2005-05-01T10:16:12-07:00</time>
      </trkpt>
      <trkpt lat="32.989969504997134" lon="-116.52881355956197">
        <time>2005-05-01T10:16:14-07:00</time>
      </trkpt>
      <trkpt lat="32.99001568928361" lon="-116.5288395434618">
        <time>2005-05-01T10:16:18-07:00</time>
      </trkpt>
      <trkpt lat="32.99007293768227" lon="-116.52886980213225">
        <time>2005-05-01T10:16:21-07:00</time>
      </trkpt>
      <trkpt lat="32.99010562710464" lon="-116.52889176271856">
        <time>2005-05-01T10:16:23-07:00</time>
      </trkpt>
      <trkpt lat="32.99012306146324" lon="-116.52889310382307">
        <time>2005-05-01T10:16:28-07:00</time>
      </trkpt>
      <trkpt lat="32.99017150886357" lon="-116.5289019048214">
        <time>2005-05-01T10:16:29-07:00</time>
      </trkpt>
      <trkpt lat="32.99021115526557" lon="-116.5289103705436">
        <time>2005-05-01T10:16:34-07:00</time>
      </trkpt>
      <trkpt lat="32.99024233594537" lon="-116.52891313657165">
        <time>2005-05-01T10:16:40-07:00</time>
      </trkpt>
      <trkpt lat="32.990288939327" lon="-116.52892034500837">
        <time>2005-05-01T10:16:47-07:00</time>
      </trkpt>
      <trkpt lat="32.990302350372076" lon="-116.52892202138901">
        <time>2005-05-01T10:16:51-07:00</time>
      </trkpt>
      <trkpt lat="32.99032548442483" lon="-116.52892168611288">
        <time>2005-05-01T10:16:53-07:00</time>
      </trkpt>
      <trkpt lat="32.99037108197808" lon="-116.5289262123406">
        <time>2005-05-01T10:16:58-07:00</time>
      </trkpt>
      <trkpt lat="32.99038818106055" lon="-116.52892696671188">
        <time>2005-05-01T10:17:02-07:00</time>
      </trkpt>
      <trkpt lat="32.990410309284925" lon="-116.52892260812223">
        <time>2005-05-01T10:17:05-07:00</time>
      </trkpt>
      <trkpt lat="32.99045389518142" lon="-116.52893166057765">
        <time>2005-05-01T10:17:10-07:00</time>
      </trkpt>
      <trkpt lat="32.99050544388592" lon="-116.52894205413759">
        <time>2005-05-01T10:17:12-07:00</time>
      </trkpt>
      <trkpt lat="32.990531930699944" lon="-116.52895429171622">
        <time>2005-05-01T10:17:14-07:00</time>
      </trkpt>
      <trkpt lat="32.9905445035547" lon="-116.52895471081138">
        <time>2005-05-01T10:17:19-07:00</time>
      </trkpt>
      <trkpt lat="32.990593034774065" lon="-116.528977509588">
        <time>2005-05-01T10:17:21-07:00</time>
      </trkpt>
      <trkpt lat="32.99061826430261" lon="-116.52898295782506">
        <time>2005-05-01T10:17:24-07:00</time>
      </trkpt>
      <trkpt lat="32.99064265564084" lon="-116.5289843827486">
        <time>2005-05-01T10:17:29-07:00</time>
      </trkpt>
      <trkpt lat="32.9906930308789" lon="-116.52899385429919">
        <time>2005-05-01T10:17:35-07:00</time>
      </trkpt>
      <trkpt lat="32.99071264453232" lon="-116.52900215238333">
        <time>2005-05-01T10:17:39-07:00</time>
      </trkpt>
      <trkpt lat="32.99073535948992" lon="-116.52900324203074">
        <time>2005-05-01T10:17:40-07:00</time>
      </trkpt>
      <trkpt lat="32.9908000677824" lon="-116.52899963781238">
        <time>2005-05-01T10:17:45-07:00</time>
      </trkpt>
      <trkpt lat="32.990854969248176" lon="-116.52900910936296">
        <time>2005-05-01T10:17:47-07:00</time>
      </trkpt>
      <trkpt lat="32.99086150713265" lon="-116.5290102828294">
        <time>2005-05-01T10:17:50-07:00</time>
      </trkpt>
      <trkpt lat="32.990880366414785" lon="-116.52900408022106">
        <time>2005-05-01T10:17:55-07:00</time>
      </trkpt>
      <trkpt lat="32.99091540277004" lon="-116.52898312546313">
        <time>2005-05-01T10:17:58-07:00</time>
      </trkpt>
      <trkpt lat="32.990987822413445" lon="-116.52892327867448">
        <time>2005-05-01T10:18:00-07:00</time>
      </trkpt>
      <trkpt lat="32.99100274220109" lon="-116.52892311103642">
        <time>2005-05-01T10:18:06-07:00</time>
      </trkpt>
      <trkpt lat="32.99104230478406" lon="-116.52891154401004">
        <time>2005-05-01T10:18:12-07:00</time>
      </trkpt>
      <trkpt lat="32.991052865982056" lon="-116.5289085265249">
        <time>2005-05-01T10:18:13-07:00</time>
      </trkpt>
      <trkpt lat="32.991083124652505" lon="-116.52888120152056">
        <time>2005-05-01T10:18:15-07:00</time>
      </trkpt>
      <trkpt lat="32.99113207496703" lon="-116.52885463088751">
        <time>2005-05-01T10:18:19-07:00</time>
      </trkpt>
      <trkpt lat="32.99119267612696" lon="-116.52883375994861">
        <time>2005-05-01T10:18:26-07:00</time>
      </trkpt>
      <trkpt lat="32.99124263226986" lon="-116.52880936861038">
        <time>2005-05-01T10:18:27-07:00</time>
      </trkpt>
      <trkpt lat="32.99128755927086" lon="-116.52878095395863">
        <time>2005-05-01T10:18:31-07:00</time>
      </trkpt>
      <trkpt lat="32.99129451625049" lon="-116.52876930311322">
        <time>2005-05-01T10:18:32-07:00</time>
      </trkpt>
      <trkpt lat="32.9913336597383" lon="-116.52873351238668">
        <time>2005-05-01T10:18:36-07:00</time>
      </trkpt>
      <trkpt lat="32.99137800000608" lon="-116.52869068086147">
        <time>2005-05-01T10:18:41-07:00</time>
      </trkpt>
      <trkpt lat="32.99138780683279" lon="-116.52868523262441">
        <time>2005-05-01T10:18:47-07:00</time>
      </trkpt>
      <trkpt lat="32.99142795614898" lon="-116.52869394980371">
        <time>2005-05-01T10:18:53-07:00</time>
      </trkpt>
      <trkpt lat="32.99147564917803" lon="-116.52868866920471">
        <time>2005-05-01T10:18:58-07:00</time>
      </trkpt>
      <trkpt lat="32.99152032472193" lon="-116.52870811522007">
        <time>2005-05-01T10:18:59-07:00</time>
      </trkpt>
      <trkpt lat="32.99152862280607" lon="-116.5287116356194">
        <time>2005-05-01T10:19:04-07:00</time>
      </trkpt>
      <trkpt lat="32.991581009700894" lon="-116.52871431782842">
        <time>2005-05-01T10:19:09-07:00</time>
      </trkpt>
      <trkpt lat="32.99159014597535" lon="-116.52871616184711">
        <time>2005-05-01T10:19:10-07:00</time>
      </trkpt>
      <trkpt lat="32.99163457006216" lon="-116.5287565626204">
        <time>2005-05-01T10:19:15-07:00</time>
      </trkpt>
      <trkpt lat="32.9917102586478" lon="-116.52878070250154">
        <time>2005-05-01T10:19:20-07:00</time>
      </trkpt>
      <trkpt lat="32.991749569773674" lon="-116.52880609966815">
        <time>2005-05-01T10:19:24-07:00</time>
      </trkpt>
      <trkpt lat="32.99181302078068" lon="-116.52885136194527">
        <time>2005-05-01T10:19:25-07:00</time>
      </trkpt>
      <trkpt lat="32.99186339601874" lon="-116.52889058925211">
        <time>2005-05-01T10:19:30-07:00</time>
      </trkpt>
      <trkpt lat="32.991874208673835" lon="-116.52889654040337">
        <time>2005-05-01T10:19:31-07:00</time>
      </trkpt>
      <trkpt lat="32.991948053240776" lon="-116.52894800528884">
        <time>2005-05-01T10:19:36-07:00</time>
      </trkpt>
      <trkpt lat="32.99200245179236" lon="-116.52898731641471">
        <time>2005-05-01T10:19:43-07:00</time>
      </trkpt>
      <trkpt lat="32.99210261553526" lon="-116.52902645990252">
        <time>2005-05-01T10:19:48-07:00</time>
      </trkpt>
      <trkpt lat="32.992125330492854" lon="-116.52902788482606">
        <time>2005-05-01T10:19:54-07:00</time>
      </trkpt>
      <trkpt lat="32.99218534491956" lon="-116.52903978712857">
        <time>2005-05-01T10:19:59-07:00</time>
      </trkpt>
      <trkpt lat="32.992266146466136" lon="-116.52901849709451">
        <time>2005-05-01T10:20:00-07:00</time>
      </trkpt>
      <trkpt lat="32.99227905459702" lon="-116.5290153119713">
        <time>2005-05-01T10:20:07-07:00</time>
      </trkpt>
      <trkpt lat="32.992338398471475" lon="-116.52899988926947">
        <time>2005-05-01T10:20:13-07:00</time>
      </trkpt>
      <trkpt lat="32.99241232685745" lon="-116.52898815460503">
        <time>2005-05-01T10:20:22-07:00</time>
      </trkpt>
      <trkpt lat="32.992434203624725" lon="-116.52897734194994">
        <time>2005-05-01T10:20:24-07:00</time>
      </trkpt>
      <trkpt lat="32.99249614588916" lon="-116.52895881794393">
        <time>2005-05-01T10:20:29-07:00</time>
      </trkpt>
      <trkpt lat="32.99255062825978" lon="-116.52894951403141">
        <time>2005-05-01T10:20:35-07:00</time>
      </trkpt>
      <trkpt lat="32.99262505955994" lon="-116.52893375605345">
        <time>2005-05-01T10:20:36-07:00</time>
      </trkpt>
      <trkpt lat="32.99269094131887" lon="-116.52891875244677">
        <time>2005-05-01T10:20:42-07:00</time>
      </trkpt>
      <trkpt lat="32.99271231517196" lon="-116.52891925536096">
        <time>2005-05-01T10:20:48-07:00</time>
      </trkpt>
      <trkpt lat="32.99273461103439" lon="-116.52892319485545">
        <time>2005-05-01T10:20:50-07:00</time>
      </trkpt>
      <trkpt lat="32.99274584278464" lon="-116.52892336249352">
        <time>2005-05-01T10:20:55-07:00</time>
      </trkpt>
      <trkpt lat="32.99276654608548" lon="-116.52891942299902">
        <time>2005-05-01T10:21:00-07:00</time>
      </trkpt>
      <trkpt lat="32.99279345199466" lon="-116.52890936471522">
        <time>2005-05-01T10:21:06-07:00</time>
      </trkpt>
      <trkpt lat="32.992804935202" lon="-116.52890584431589">
        <time>2005-05-01T10:21:12-07:00</time>
      </trkpt>
      <trkpt lat="32.992903757840395" lon="-116.52890207245946">
        <time>2005-05-01T10:21:17-07:00</time>
      </trkpt>
      <trkpt lat="32.992916917428374" lon="-116.52890148572624">
        <time>2005-05-01T10:21:23-07:00</time>
      </trkpt>
      <trkpt lat="32.99292907118797" lon="-116.52890416793525">
        <time>2005-05-01T10:21:24-07:00</time>
      </trkpt>
      <trkpt lat="32.992953043431044" lon="-116.52891665697098">
        <time>2005-05-01T10:21:26-07:00</time>
      </trkpt>
      <trkpt lat="32.992984894663095" lon="-116.52893375605345">
        <time>2005-05-01T10:21:29-07:00</time>
      </trkpt>
      <trkpt lat="32.99303946085274" lon="-116.52896988205612">
        <time>2005-05-01T10:21:30-07:00</time>
      </trkpt>
      <trkpt lat="32.993114311248064" lon="-116.52902461588383">
        <time>2005-05-01T10:21:37-07:00</time>
      </trkpt>
      <trkpt lat="32.99317139200866" lon="-116.52905344963074">
        <time>2005-05-01T10:21:38-07:00</time>
      </trkpt>
      <trkpt lat="32.99323341809213" lon="-116.52910608798265">
        <time>2005-05-01T10:21:39-07:00</time>
      </trkpt>
      <trkpt lat="32.99328815191984" lon="-116.52918563224375">
        <time>2005-05-01T10:21:41-07:00</time>
      </trkpt>
      <trkpt lat="32.99333358183503" lon="-116.52923961170018">
        <time>2005-05-01T10:21:44-07:00</time>
      </trkpt>
      <trkpt lat="32.99335076473653" lon="-116.52925562113523">
        <time>2005-05-01T10:21:49-07:00</time>
      </trkpt>
      <trkpt lat="32.99338496290147" lon="-116.52929803356528">
        <time>2005-05-01T10:21:56-07:00</time>
      </trkpt>
      <trkpt lat="32.99341890960932" lon="-116.52936751954257">
        <time>2005-05-01T10:22:01-07:00</time>
      </trkpt>
      <trkpt lat="32.993472050875425" lon="-116.52944002300501">
        <time>2005-05-01T10:22:07-07:00</time>
      </trkpt>
      <trkpt lat="32.99351714551449" lon="-116.52948243543506">
        <time>2005-05-01T10:22:14-07:00</time>
      </trkpt>
      <trkpt lat="32.993569783866405" lon="-116.5295489039272">
        <time>2005-05-01T10:22:19-07:00</time>
      </trkpt>
      <trkpt lat="32.9935906548053" lon="-116.52956935577095">
        <time>2005-05-01T10:22:21-07:00</time>
      </trkpt>
      <trkpt lat="32.993625523522496" lon="-116.52959047816694">
        <time>2005-05-01T10:22:25-07:00</time>
      </trkpt>
      <trkpt lat="32.99366005696356" lon="-116.52962031774223">
        <time>2005-05-01T10:22:31-07:00</time>
      </trkpt>
      <trkpt lat="32.99369417130947" lon="-116.52967614121735">
        <time>2005-05-01T10:22:38-07:00</time>
      </trkpt>
      <trkpt lat="32.9937048163265" lon="-116.52969667688012">
        <time>2005-05-01T10:22:43-07:00</time>
      </trkpt>
      <trkpt lat="32.993716383352876" lon="-116.52973523363471">
        <time>2005-05-01T10:22:49-07:00</time>
      </trkpt>
      <trkpt lat="32.99373205751181" lon="-116.52979927137494">
        <time>2005-05-01T10:22:51-07:00</time>
      </trkpt>
      <trkpt lat="32.99376592040062" lon="-116.52984344400465">
        <time>2005-05-01T10:22:54-07:00</time>
      </trkpt>
      <trkpt lat="32.9937962628901" lon="-116.5298742055893">
        <time>2005-05-01T10:22:58-07:00</time>
      </trkpt>
      <trkpt lat="32.99382124096155" lon="-116.52989759109914">
        <time>2005-05-01T10:23:03-07:00</time>
      </trkpt>
      <trkpt lat="32.993867844343185" lon="-116.52991577982903">
        <time>2005-05-01T10:23:05-07:00</time>
      </trkpt>
      <trkpt lat="32.99387748353183" lon="-116.5299220662564">
        <time>2005-05-01T10:23:08-07:00</time>
      </trkpt>
      <trkpt lat="32.993940096348524" lon="-116.52994587086141">
        <time>2005-05-01T10:23:14-07:00</time>
      </trkpt>
      <trkpt lat="32.993983179330826" lon="-116.52997503988445">
        <time>2005-05-01T10:23:19-07:00</time>
      </trkpt>
      <trkpt lat="32.994009498506784" lon="-116.5300034545362">
        <time>2005-05-01T10:23:23-07:00</time>
      </trkpt>
      <trkpt lat="32.99402542412281" lon="-116.53002239763737">
        <time>2005-05-01T10:23:26-07:00</time>
      </trkpt>
      <trkpt lat="32.99408853985369" lon="-116.53006640262902">
        <time>2005-05-01T10:23:30-07:00</time>
      </trkpt>
      <trkpt lat="32.99412718042731" lon="-116.53012599796057">
        <time>2005-05-01T10:23:31-07:00</time>
      </trkpt>
      <trkpt lat="32.994160037487745" lon="-116.53018777258694">
        <time>2005-05-01T10:23:37-07:00</time>
      </trkpt>
      <trkpt lat="32.99418241716921" lon="-116.53025231324136">
        <time>2005-05-01T10:23:42-07:00</time>
      </trkpt>
      <trkpt lat="32.99419457092881" lon="-116.53028022497892">
        <time>2005-05-01T10:23:46-07:00</time>
      </trkpt>
      <trkpt lat="32.99421242438257" lon="-116.53032733127475">
        <time>2005-05-01T10:23:48-07:00</time>
      </trkpt>
      <trkpt lat="32.99422030337155" lon="-116.530349124223">
        <time>2005-05-01T10:23:55-07:00</time>
      </trkpt>
      <trkpt lat="32.994261207059026" lon="-116.53043461963534">
        <time>2005-05-01T10:24:01-07:00</time>
      </trkpt>
      <trkpt lat="32.994282161816955" lon="-116.53048231266439">
        <time>2005-05-01T10:24:06-07:00</time>
      </trkpt>
      <trkpt lat="32.994289454072714" lon="-116.53050854802132">
        <time>2005-05-01T10:24:11-07:00</time>
      </trkpt>
      <trkpt lat="32.99432147294283" lon="-116.53055716305971">
        <time>2005-05-01T10:24:13-07:00</time>
      </trkpt>
      <trkpt lat="32.99432784318924" lon="-116.53056755661964">
        <time>2005-05-01T10:24:17-07:00</time>
      </trkpt>
      <trkpt lat="32.99438567832112" lon="-116.5306271519512">
        <time>2005-05-01T10:24:19-07:00</time>
      </trkpt>
      <trkpt lat="32.99439137801528" lon="-116.53063729405403">
        <time>2005-05-01T10:24:26-07:00</time>
      </trkpt>
      <trkpt lat="32.99442809075117" lon="-116.53068364597857">
        <time>2005-05-01T10:24:30-07:00</time>
      </trkpt>
      <trkpt lat="32.99444502219558" lon="-116.53070057742298">
        <time>2005-05-01T10:24:32-07:00</time>
      </trkpt>
      <trkpt lat="32.99448852427304" lon="-116.53072991408408">
        <time>2005-05-01T10:24:36-07:00</time>
      </trkpt>
      <trkpt lat="32.99451978877187" lon="-116.53073695488274">
        <time>2005-05-01T10:24:37-07:00</time>
      </trkpt>
      <trkpt lat="32.99454937689006" lon="-116.53074785135686">
        <time>2005-05-01T10:24:44-07:00</time>
      </trkpt>
      <trkpt lat="32.99461618065834" lon="-116.53076419606805">
        <time>2005-05-01T10:24:45-07:00</time>
      </trkpt>
      <trkpt lat="32.99468751065433" lon="-116.53077341616154">
        <time>2005-05-01T10:24:50-07:00</time>
      </trkpt>
      <trkpt lat="32.99473830498755" lon="-116.5307838935405">
        <time>2005-05-01T10:24:52-07:00</time>
      </trkpt>
      <trkpt lat="32.994784070178866" lon="-116.5307820495218">
        <time>2005-05-01T10:24:56-07:00</time>
      </trkpt>
      <trkpt lat="32.99484006129205" lon="-116.53077182359993">
        <time>2005-05-01T10:24:59-07:00</time>
      </trkpt>
      <trkpt lat="32.99485020339489" lon="-116.530771991238">
        <time>2005-05-01T10:25:01-07:00</time>
      </trkpt>
      <trkpt lat="32.99491264857352" lon="-116.53078012168407">
        <time>2005-05-01T10:25:07-07:00</time>
      </trkpt>
      <trkpt lat="32.994978530332446" lon="-116.53076377697289">
        <time>2005-05-01T10:25:13-07:00</time>
      </trkpt>
      <trkpt lat="32.99498992972076" lon="-116.53076243586838">
        <time>2005-05-01T10:25:17-07:00</time>
      </trkpt>
      <trkpt lat="32.99504256807268" lon="-116.5307371225208">
        <time>2005-05-01T10:25:21-07:00</time>
      </trkpt>
      <trkpt lat="32.995085064321756" lon="-116.53071080334485">
        <time>2005-05-01T10:25:26-07:00</time>
      </trkpt>
      <trkpt lat="32.995107946917415" lon="-116.53069420717657">
        <time>2005-05-01T10:25:27-07:00</time>
      </trkpt>
      <trkpt lat="32.99517156556249" lon="-116.53067626990378">
        <time>2005-05-01T10:25:33-07:00</time>
      </trkpt>
      <trkpt lat="32.995230574160814" lon="-116.53070728294551">
        <time>2005-05-01T10:25:39-07:00</time>
      </trkpt>
      <trkpt lat="32.99527642317116" lon="-116.53075380250812">
        <time>2005-05-01T10:25:40-07:00</time>
      </trkpt>
      <trkpt lat="32.99528933130205" lon="-116.53076956048608">
        <time>2005-05-01T10:25:45-07:00</time>
      </trkpt>
      <trkpt lat="32.99534171819687" lon="-116.53084474615753">
        <time>2005-05-01T10:25:49-07:00</time>
      </trkpt>
      <trkpt lat="32.99534532241523" lon="-116.5308547206223">
        <time>2005-05-01T10:25:52-07:00</time>
      </trkpt>
      <trkpt lat="32.99538287334144" lon="-116.53092219494283">
        <time>2005-05-01T10:25:59-07:00</time>
      </trkpt>
      <trkpt lat="32.995407935231924" lon="-116.5309725701809">
        <time>2005-05-01T10:26:05-07:00</time>
      </trkpt>
      <trkpt lat="32.99541371874511" lon="-116.53098774142563">
        <time>2005-05-01T10:26:10-07:00</time>
      </trkpt>
      <trkpt lat="32.99546199850738" lon="-116.53102822601795">
        <time>2005-05-01T10:26:12-07:00</time>
      </trkpt>
      <trkpt lat="32.9955265391618" lon="-116.53110106475651">
        <time>2005-05-01T10:26:19-07:00</time>
      </trkpt>
      <trkpt lat="32.9955785907805" lon="-116.53113584965467">
        <time>2005-05-01T10:26:20-07:00</time>
      </trkpt>
      <trkpt lat="32.99558672122657" lon="-116.53114481829107">
        <time>2005-05-01T10:26:26-07:00</time>
      </trkpt>
      <trkpt lat="32.99564514309168" lon="-116.53119552880526">
        <time>2005-05-01T10:26:30-07:00</time>
      </trkpt>
      <trkpt lat="32.99570054747164" lon="-116.5312281344086">
        <time>2005-05-01T10:26:31-07:00</time>
      </trkpt>
      <trkpt lat="32.99572225660086" lon="-116.53124012053013">
        <time>2005-05-01T10:26:37-07:00</time>
      </trkpt>
      <trkpt lat="32.99576701596379" lon="-116.5312709659338">
        <time>2005-05-01T10:26:44-07:00</time>
      </trkpt>
      <trkpt lat="32.99583683721721" lon="-116.53130600228906">
        <time>2005-05-01T10:26:50-07:00</time>
      </trkpt>
      <trkpt lat="32.995915627107024" lon="-116.53132293373346">
        <time>2005-05-01T10:26:51-07:00</time>
      </trkpt>
      <trkpt lat="32.99597756937146" lon="-116.53130994178355">
        <time>2005-05-01T10:26:57-07:00</time>
      </trkpt>
      <trkpt lat="32.99602475948632" lon="-116.53126819990575">
        <time>2005-05-01T10:27:02-07:00</time>
      </trkpt>
      <trkpt lat="32.99606407061219" lon="-116.53122159652412">
        <time>2005-05-01T10:27:04-07:00</time>
      </trkpt>
      <trkpt lat="32.996115032583475" lon="-116.53118832036853">
        <time>2005-05-01T10:27:08-07:00</time>
      </trkpt>
      <trkpt lat="32.99618057906628" lon="-116.53114984743297">
        <time>2005-05-01T10:27:15-07:00</time>
      </trkpt>
      <trkpt lat="32.99620798788965" lon="-116.53111439198256">
        <time>2005-05-01T10:27:22-07:00</time>
      </trkpt>
      <trkpt lat="32.996254255995154" lon="-116.53105194680393">
        <time>2005-05-01T10:27:28-07:00</time>
      </trkpt>
      <trkpt lat="32.996288537979126" lon="-116.53099997900426">
        <time>2005-05-01T10:27:33-07:00</time>
      </trkpt>
      <trkpt lat="32.996293315663934" lon="-116.53099184855819">
        <time>2005-05-01T10:27:37-07:00</time>
      </trkpt>
      <trkpt lat="32.99630572088063" lon="-116.53098497539759">
        <time>2005-05-01T10:27:42-07:00</time>
      </trkpt>
      <trkpt lat="32.99634293653071" lon="-116.53096712194383">
        <time>2005-05-01T10:27:48-07:00</time>
      </trkpt>
      <trkpt lat="32.99638258293271" lon="-116.5309548843652">
        <time>2005-05-01T10:27:52-07:00</time>
      </trkpt>
      <trkpt lat="32.9964420106262" lon="-116.53093703091145">
        <time>2005-05-01T10:27:59-07:00</time>
      </trkpt>
      <trkpt lat="32.99651007167995" lon="-116.53093753382564">
        <time>2005-05-01T10:28:04-07:00</time>
      </trkpt>
      <trkpt lat="32.99657218158245" lon="-116.53093024156988">
        <time>2005-05-01T10:28:05-07:00</time>
      </trkpt>
      <trkpt lat="32.996660359203815" lon="-116.5309133939445">
        <time>2005-05-01T10:28:07-07:00</time>
      </trkpt>
      <trkpt lat="32.99668290652335" lon="-116.53091205284">
        <time>2005-05-01T10:28:11-07:00</time>
      </trkpt>
      <trkpt lat="32.996736047789454" lon="-116.53090090490878">
        <time>2005-05-01T10:28:16-07:00</time>
      </trkpt>
      <trkpt lat="32.99680000171065" lon="-116.5308808721602">
        <time>2005-05-01T10:28:22-07:00</time>
      </trkpt>
      <trkpt lat="32.996834786608815" lon="-116.53087601065636">
        <time>2005-05-01T10:28:28-07:00</time>
      </trkpt>
      <trkpt lat="32.99687753431499" lon="-116.53088925406337">
        <time>2005-05-01T10:28:33-07:00</time>
      </trkpt>
      <trkpt lat="32.99694643355906" lon="-116.53089713305235">
        <time>2005-05-01T10:28:41-07:00</time>
      </trkpt>
      <trkpt lat="32.997012147679925" lon="-116.53090702369809">
        <time>2005-05-01T10:28:43-07:00</time>
      </trkpt>
      <trkpt lat="32.9970496147871" lon="-116.5309189260006">
        <time>2005-05-01T10:28:48-07:00</time>
      </trkpt>
      <trkpt lat="32.9970496147871" lon="-116.5309189260006">
        <time>2005-05-01T10:28:55-07:00</time>
      </trkpt>
      <trkpt lat="32.99705288372934" lon="-116.53091884218156">
        <time>2005-05-01T10:28:58-07:00</time>
      </trkpt>
      <trkpt lat="32.99705229699612" lon="-116.53091724961996">
        <time>2005-05-01T10:29:02-07:00</time>
      </trkpt>
      <trkpt lat="32.99705338664353" lon="-116.53091046027839">
        <time>2005-05-01T10:29:08-07:00</time>
      </trkpt>
      <trkpt lat="32.99708699807525" lon="-116.53091263957322">
        <time>2005-05-01T10:29:14-07:00</time>
      </trkpt>
      <trkpt lat="32.997094709426165" lon="-116.53091540560126">
        <time>2005-05-01T10:29:20-07:00</time>
      </trkpt>
      <trkpt lat="32.99716327339411" lon="-116.53095446527004">
        <time>2005-05-01T10:29:30-07:00</time>
      </trkpt>
      <trkpt lat="32.997201243415475" lon="-116.53100442141294">
        <time>2005-05-01T10:29:37-07:00</time>
      </trkpt>
      <trkpt lat="32.99720786511898" lon="-116.53101791627705">
        <time>2005-05-01T10:29:49-07:00</time>
      </trkpt>
      <trkpt lat="32.997241308912635" lon="-116.5310761705041">
        <time>2005-05-01T10:29:55-07:00</time>
      </trkpt>
      <trkpt lat="32.997285732999444" lon="-116.53113216161728">
        <time>2005-05-01T10:30:02-07:00</time>
      </trkpt>
      <trkpt lat="32.9973656963557" lon="-116.53121564537287">
        <time>2005-05-01T10:30:03-07:00</time>
      </trkpt>
      <trkpt lat="32.997427470982075" lon="-116.5312796831131">
        <time>2005-05-01T10:30:09-07:00</time>
      </trkpt>
      <trkpt lat="32.99747952260077" lon="-116.53132494539022">
        <time>2005-05-01T10:30:14-07:00</time>
      </trkpt>
      <trkpt lat="32.99753685481846" lon="-116.53139468282461">
        <time>2005-05-01T10:30:15-07:00</time>
      </trkpt>
      <trkpt lat="32.99760717898607" lon="-116.53143365867436">
        <time>2005-05-01T10:30:20-07:00</time>
      </trkpt>
      <trkpt lat="32.997659649699926" lon="-116.53145486488938">
        <time>2005-05-01T10:30:26-07:00</time>
      </trkpt>
      <trkpt lat="32.99771564081311" lon="-116.53148612938821">
        <time>2005-05-01T10:30:35-07:00</time>
      </trkpt>
      <trkpt lat="32.99777062609792" lon="-116.53151789680123">
        <time>2005-05-01T10:30:41-07:00</time>
      </trkpt>
      <trkpt lat="32.99780926667154" lon="-116.5315370913595">
        <time>2005-05-01T10:30:47-07:00</time>
      </trkpt>
      <trkpt lat="32.99782359972596" lon="-116.53154966421425">
        <time>2005-05-01T10:30:54-07:00</time>
      </trkpt>
      <trkpt lat="32.99787833355367" lon="-116.53158411383629">
        <time>2005-05-01T10:31:01-07:00</time>
      </trkpt>
      <trkpt lat="32.997950250282884" lon="-116.53164152987301">
        <time>2005-05-01T10:31:06-07:00</time>
      </trkpt>
      <trkpt lat="32.99802049063146" lon="-116.5317080821842">
        <time>2005-05-01T10:31:11-07:00</time>
      </trkpt>
      <trkpt lat="32.99806575290859" lon="-116.53175351209939">
        <time>2005-05-01T10:31:16-07:00</time>
      </trkpt>
      <trkpt lat="32.99810439348221" lon="-116.53180724009871">
        <time>2005-05-01T10:31:20-07:00</time>
      </trkpt>
      <trkpt lat="32.998145716264844" lon="-116.53186490759254">
        <time>2005-05-01T10:31:22-07:00</time>
      </trkpt>
      <trkpt lat="32.998189302161336" lon="-116.53193732723594">
        <time>2005-05-01T10:31:27-07:00</time>
      </trkpt>
      <trkpt lat="32.99822844564915" lon="-116.53199859894812">
        <time>2005-05-01T10:31:35-07:00</time>
      </trkpt>
      <trkpt lat="32.998259123414755" lon="-116.53206263668835">
        <time>2005-05-01T10:31:43-07:00</time>
      </trkpt>
      <trkpt lat="32.99827999435365" lon="-116.5321016125381">
        <time>2005-05-01T10:31:48-07:00</time>
      </trkpt>
      <trkpt lat="32.9983033798635" lon="-116.5321362297982">
        <time>2005-05-01T10:31:54-07:00</time>
      </trkpt>
      <trkpt lat="32.99831201322377" lon="-116.53215668164194">
        <time>2005-05-01T10:32:00-07:00</time>
      </trkpt>
      <trkpt lat="32.998365489766" lon="-116.53218098916113">
        <time>2005-05-01T10:32:07-07:00</time>
      </trkpt>
      <trkpt lat="32.99841117113829" lon="-116.53219481930137">
        <time>2005-05-01T10:32:13-07:00</time>
      </trkpt>
      <trkpt lat="32.998420810326934" lon="-116.5321949031204">
        <time>2005-05-01T10:32:18-07:00</time>
      </trkpt>
      <trkpt lat="32.99846649169922" lon="-116.53219381347299">
        <time>2005-05-01T10:32:22-07:00</time>
      </trkpt>
      <trkpt lat="32.998500941321254" lon="-116.53218685649335">
        <time>2005-05-01T10:32:26-07:00</time>
      </trkpt>
      <trkpt lat="32.998576713725924" lon="-116.53218576684594">
        <time>2005-05-01T10:32:28-07:00</time>
      </trkpt>
      <trkpt lat="32.99864795990288" lon="-116.53220647014678">
        <time>2005-05-01T10:32:34-07:00</time>
      </trkpt>
      <trkpt lat="32.99870646558702" lon="-116.53223371133208">
        <time>2005-05-01T10:32:39-07:00</time>
      </trkpt>
      <trkpt lat="32.998745357617736" lon="-116.53226740658283">
        <time>2005-05-01T10:32:40-07:00</time>
      </trkpt>
      <trkpt lat="32.99875642172992" lon="-116.53228031471372">
        <time>2005-05-01T10:32:45-07:00</time>
      </trkpt>
      <trkpt lat="32.998825488612056" lon="-116.5323574282229">
        <time>2005-05-01T10:32:48-07:00</time>
      </trkpt>
      <trkpt lat="32.99886572174728" lon="-116.53243789449334">
        <time>2005-05-01T10:32:55-07:00</time>
      </trkpt>
      <trkpt lat="32.99890587106347" lon="-116.5325025189668">
        <time>2005-05-01T10:33:02-07:00</time>
      </trkpt>
      <trkpt lat="32.99890989437699" lon="-116.53251224197447">
        <time>2005-05-01T10:33:08-07:00</time>
      </trkpt>
      <trkpt lat="32.998919785022736" lon="-116.53252942487597">
        <time>2005-05-01T10:33:13-07:00</time>
      </trkpt>
      <trkpt lat="32.99897342920303" lon="-116.5325778722763">
        <time>2005-05-01T10:33:14-07:00</time>
      </trkpt>
      <trkpt lat="32.99902246333659" lon="-116.532629923895">
        <time>2005-05-01T10:33:22-07:00</time>
      </trkpt>
      <trkpt lat="32.99906789325178" lon="-116.53265574015677">
        <time>2005-05-01T10:33:29-07:00</time>
      </trkpt>
      <trkpt lat="32.9990943800658" lon="-116.53267518617213">
        <time>2005-05-01T10:33:36-07:00</time>
      </trkpt>
      <trkpt lat="32.9991564899683" lon="-116.53272086754441">
        <time>2005-05-01T10:33:37-07:00</time>
      </trkpt>
      <trkpt lat="32.99917224794626" lon="-116.53274022974074">
        <time>2005-05-01T10:33:39-07:00</time>
      </trkpt>
      <trkpt lat="32.9991858266294" lon="-116.53276135213673">
        <time>2005-05-01T10:33:46-07:00</time>
      </trkpt>
      <trkpt lat="32.999210972338915" lon="-116.53280166909099">
        <time>2005-05-01T10:33:53-07:00</time>
      </trkpt>
      <trkpt lat="32.99928003922105" lon="-116.53287827968597">
        <time>2005-05-01T10:33:58-07:00</time>
      </trkpt>
      <trkpt lat="32.99932664260268" lon="-116.53293049894273">
        <time>2005-05-01T10:34:01-07:00</time>
      </trkpt>
      <trkpt lat="32.99937542527914" lon="-116.5329703129828">
        <time>2005-05-01T10:34:07-07:00</time>
      </trkpt>
      <trkpt lat="32.999439127743244" lon="-116.53298372402787">
        <time>2005-05-01T10:34:09-07:00</time>
      </trkpt>
      <trkpt lat="32.999455304816365" lon="-116.53298766352236">
        <time>2005-05-01T10:34:12-07:00</time>
      </trkpt>
      <trkpt lat="32.99948690459132" lon="-116.53299151919782">
        <time>2005-05-01T10:34:16-07:00</time>
      </trkpt>
      <trkpt lat="32.99955337308347" lon="-116.53301113285124">
        <time>2005-05-01T10:34:24-07:00</time>
      </trkpt>
      <trkpt lat="32.99961615353823" lon="-116.53305237181485">
        <time>2005-05-01T10:34:30-07:00</time>
      </trkpt>
      <trkpt lat="32.99966627731919" lon="-116.5330826304853">
        <time>2005-05-01T10:34:35-07:00</time>
      </trkpt>
      <trkpt lat="32.99968572333455" lon="-116.53309386223555">
        <time>2005-05-01T10:34:41-07:00</time>
      </trkpt>
      <trkpt lat="32.99971003085375" lon="-116.53310492634773">
        <time>2005-05-01T10:34:43-07:00</time>
      </trkpt>
      <trkpt lat="32.99973559565842" lon="-116.53311263769865">
        <time>2005-05-01T10:34:46-07:00</time>
      </trkpt>
      <trkpt lat="32.99976032227278" lon="-116.53312219306827">
        <time>2005-05-01T10:34:53-07:00</time>
      </trkpt>
      <trkpt lat="32.999820252880454" lon="-116.533129401505">
        <time>2005-05-01T10:35:00-07:00</time>
      </trkpt>
      <trkpt lat="32.99988848157227" lon="-116.53311406262219">
        <time>2005-05-01T10:35:05-07:00</time>
      </trkpt>
      <trkpt lat="32.999933660030365" lon="-116.53311758302152">
        <time>2005-05-01T10:35:08-07:00</time>
      </trkpt>
      <trkpt lat="32.99994078464806" lon="-116.53312512673438">
        <time>2005-05-01T10:35:11-07:00</time>
      </trkpt>
      <trkpt lat="32.99999794922769" lon="-116.533213974908">
        <time>2005-05-01T10:35:14-07:00</time>
      </trkpt>
      <trkpt lat="33.000009851530194" lon="-116.53325211256742">
        <time>2005-05-01T10:35:17-07:00</time>
      </trkpt>
      <trkpt lat="33.00001705996692" lon="-116.5332930162549">
        <time>2005-05-01T10:35:22-07:00</time>
      </trkpt>
      <trkpt lat="33.00003373995423" lon="-116.53335764072835">
        <time>2005-05-01T10:35:30-07:00</time>
      </trkpt>
      <trkpt lat="33.00006626173854" lon="-116.53339745476842">
        <time>2005-05-01T10:35:35-07:00</time>
      </trkpt>
      <trkpt lat="33.00007154233754" lon="-116.53342427685857">
        <time>2005-05-01T10:35:36-07:00</time>
      </trkpt>
      <trkpt lat="33.000073889270425" lon="-116.5334706287831">
        <time>2005-05-01T10:35:45-07:00</time>
      </trkpt>
      <trkpt lat="33.00008746795356" lon="-116.53348940424621">
        <time>2005-05-01T10:35:48-07:00</time>
      </trkpt>
      <trkpt lat="33.00011605024338" lon="-116.5335520170629">
        <time>2005-05-01T10:35:51-07:00</time>
      </trkpt>
      <trkpt lat="33.000146225094795" lon="-116.53364673256874">
        <time>2005-05-01T10:35:57-07:00</time>
      </trkpt>
      <trkpt lat="33.000128623098135" lon="-116.53371831402183">
        <time>2005-05-01T10:36:02-07:00</time>
      </trkpt>
      <trkpt lat="33.000097777694464" lon="-116.53380615636706">
        <time>2005-05-01T10:36:04-07:00</time>
      </trkpt>
      <trkpt lat="33.0000891443342" lon="-116.53390581719577">
        <time>2005-05-01T10:36:08-07:00</time>
      </trkpt>
      <trkpt lat="33.00008503720164" lon="-116.53396868146956">
        <time>2005-05-01T10:36:10-07:00</time>
      </trkpt>
      <trkpt lat="33.00009626895189" lon="-116.53404629789293">
        <time>2005-05-01T10:36:16-07:00</time>
      </trkpt>
      <trkpt lat="33.00011923536658" lon="-116.53408200480044">
        <time>2005-05-01T10:36:24-07:00</time>
      </trkpt>
      <trkpt lat="33.000131975859404" lon="-116.53410010971129">
        <time>2005-05-01T10:36:30-07:00</time>
      </trkpt>
      <trkpt lat="33.00015670247376" lon="-116.53416314162314">
        <time>2005-05-01T10:36:37-07:00</time>
      </trkpt>
      <trkpt lat="33.000159971416" lon="-116.53416439890862">
        <time>2005-05-01T10:36:45-07:00</time>
      </trkpt>
      <trkpt lat="33.00021101720631" lon="-116.5342272631824">
        <time>2005-05-01T10:36:50-07:00</time>
      </trkpt>
      <trkpt lat="33.00024027004838" lon="-116.53429565951228">
        <time>2005-05-01T10:36:56-07:00</time>
      </trkpt>
      <trkpt lat="33.00028184428811" lon="-116.53437218628824">
        <time>2005-05-01T10:36:59-07:00</time>
      </trkpt>
      <trkpt lat="33.00031344406307" lon="-116.53444225899875">
        <time>2005-05-01T10:37:01-07:00</time>
      </trkpt>
      <trkpt lat="33.000358287245035" lon="-116.53448693454266">
        <time>2005-05-01T10:37:07-07:00</time>
      </trkpt>
      <trkpt lat="33.00042190589011" lon="-116.534543344751">
        <time>2005-05-01T10:37:14-07:00</time>
      </trkpt>
      <trkpt lat="33.00044068135321" lon="-116.53455901890993">
        <time>2005-05-01T10:37:20-07:00</time>
      </trkpt>
      <trkpt lat="33.00048602744937" lon="-116.5345914568752">
        <time>2005-05-01T10:37:26-07:00</time>
      </trkpt>
      <trkpt lat="33.00054092891514" lon="-116.53460713103414">
        <time>2005-05-01T10:37:33-07:00</time>
      </trkpt>
      <trkpt lat="33.00057998858392" lon="-116.53463018126786">
        <time>2005-05-01T10:37:39-07:00</time>
      </trkpt>
      <trkpt lat="33.000609409064054" lon="-116.53464769944549">
        <time>2005-05-01T10:37:45-07:00</time>
      </trkpt>
      <trkpt lat="33.00068685784936" lon="-116.5346609428525">
        <time>2005-05-01T10:37:52-07:00</time>
      </trkpt>
      <trkpt lat="33.00076715648174" lon="-116.53467209078372">
        <time>2005-05-01T10:37:54-07:00</time>
      </trkpt>
      <trkpt lat="33.000785764306784" lon="-116.53467829339206">
        <time>2005-05-01T10:37:58-07:00</time>
      </trkpt>
      <trkpt lat="33.00083287060261" lon="-116.53467913158238">
        <time>2005-05-01T10:38:03-07:00</time>
      </trkpt>
      <trkpt lat="33.000890370458364" lon="-116.53465658426285">
        <time>2005-05-01T10:38:07-07:00</time>
      </trkpt>
      <trkpt lat="33.000944685190916" lon="-116.53466396033764">
        <time>2005-05-01T10:38:10-07:00</time>
      </trkpt>
      <trkpt lat="33.00095558166504" lon="-116.53465943410993">
        <time>2005-05-01T10:38:17-07:00</time>
      </trkpt>
      <trkpt lat="33.00100654363632" lon="-116.53463747352362">
        <time>2005-05-01T10:38:24-07:00</time>
      </trkpt>
      <trkpt lat="33.001016266644" lon="-116.53463076800108">
        <time>2005-05-01T10:38:26-07:00</time>
      </trkpt>
      <trkpt lat="33.00107292830944" lon="-116.53460210189223">
        <time>2005-05-01T10:38:31-07:00</time>
      </trkpt>
      <trkpt lat="33.001104360446334" lon="-116.53456522151828">
        <time>2005-05-01T10:38:37-07:00</time>
      </trkpt>
      <trkpt lat="33.00111508928239" lon="-116.53455667197704">
        <time>2005-05-01T10:38:43-07:00</time>
      </trkpt>
      <trkpt lat="33.00116085447371" lon="-116.53452892787755">
        <time>2005-05-01T10:38:44-07:00</time>
      </trkpt>
      <trkpt lat="33.001211481168866" lon="-116.53449464589357">
        <time>2005-05-01T10:38:49-07:00</time>
      </trkpt>
      <trkpt lat="33.00125012174249" lon="-116.53447771444917">
        <time>2005-05-01T10:38:50-07:00</time>
      </trkpt>
      <trkpt lat="33.00125841982663" lon="-116.53447427786887">
        <time>2005-05-01T10:38:56-07:00</time>
      </trkpt>
      <trkpt lat="33.001312566921115" lon="-116.53444385156035">
        <time>2005-05-01T10:39:01-07:00</time>
      </trkpt>
      <trkpt lat="33.00137308426201" lon="-116.53440739028156">
        <time>2005-05-01T10:39:02-07:00</time>
      </trkpt>
      <trkpt lat="33.00142806954682" lon="-116.53439213521779">
        <time>2005-05-01T10:39:07-07:00</time>
      </trkpt>
      <trkpt lat="33.00147852860391" lon="-116.53436531312764">
        <time>2005-05-01T10:39:13-07:00</time>
      </trkpt>
      <trkpt lat="33.001538794487715" lon="-116.53435324318707">
        <time>2005-05-01T10:39:17-07:00</time>
      </trkpt>
      <trkpt lat="33.00156779587269" lon="-116.53437956236303">
        <time>2005-05-01T10:39:18-07:00</time>
      </trkpt>
      <trkpt lat="33.00158011727035" lon="-116.53439372777939">
        <time>2005-05-01T10:39:24-07:00</time>
      </trkpt>
      <trkpt lat="33.00158984027803" lon="-116.53439607471228">
        <time>2005-05-01T10:39:30-07:00</time>
      </trkpt>
      <trkpt lat="33.00161641091108" lon="-116.5343911293894">
        <time>2005-05-01T10:39:35-07:00</time>
      </trkpt>
      <trkpt lat="33.00162345170975" lon="-116.53438878245652">
        <time>2005-05-01T10:39:41-07:00</time>
      </trkpt>
      <trkpt lat="33.00167893990874" lon="-116.53441292233765">
        <time>2005-05-01T10:39:47-07:00</time>
      </trkpt>
      <trkpt lat="33.0017226934433" lon="-116.53444536030293">
        <time>2005-05-01T10:39:50-07:00</time>
      </trkpt>
      <trkpt lat="33.001752281561494" lon="-116.53445592150092">
        <time>2005-05-01T10:39:52-07:00</time>
      </trkpt>
      <trkpt lat="33.00176971592009" lon="-116.53447293676436">
        <time>2005-05-01T10:39:53-07:00</time>
      </trkpt>
      <trkpt lat="33.00180491991341" lon="-116.5345068834722">
        <time>2005-05-01T10:39:56-07:00</time>
      </trkpt>
      <trkpt lat="33.001846158877015" lon="-116.53454275801778">
        <time>2005-05-01T10:39:57-07:00</time>
      </trkpt>
      <trkpt lat="33.001861246302724" lon="-116.53455700725317">
        <time>2005-05-01T10:40:02-07:00</time>
      </trkpt>
      <trkpt lat="33.00190156325698" lon="-116.53460034169257">
        <time>2005-05-01T10:40:07-07:00</time>
      </trkpt>
      <trkpt lat="33.00194716081023" lon="-116.53463244438171">
        <time>2005-05-01T10:40:11-07:00</time>
      </trkpt>
      <trkpt lat="33.001975659281015" lon="-116.53465809300542">
        <time>2005-05-01T10:40:13-07:00</time>
      </trkpt>
      <trkpt lat="33.00198228098452" lon="-116.53466446325183">
        <time>2005-05-01T10:40:18-07:00</time>
      </trkpt>
      <trkpt lat="33.002022095024586" lon="-116.53471576049924">
        <time>2005-05-01T10:40:23-07:00</time>
      </trkpt>
      <trkpt lat="33.00204858183861" lon="-116.53473403304815">
        <time>2005-05-01T10:40:25-07:00</time>
      </trkpt>
      <trkpt lat="33.00207741558552" lon="-116.53475222177804">
        <time>2005-05-01T10:40:30-07:00</time>
      </trkpt>
      <trkpt lat="33.002137346193194" lon="-116.53477569110692">
        <time>2005-05-01T10:40:36-07:00</time>
      </trkpt>
      <trkpt lat="33.002159390598536" lon="-116.53478256426752">
        <time>2005-05-01T10:40:40-07:00</time>
      </trkpt>
      <trkpt lat="33.00219375640154" lon="-116.53479144908488">
        <time>2005-05-01T10:40:41-07:00</time>
      </trkpt>
      <trkpt lat="33.00222745165229" lon="-116.5347885992378">
        <time>2005-05-01T10:40:48-07:00</time>
      </trkpt>
      <trkpt lat="33.00228310748935" lon="-116.53479488566518">
        <time>2005-05-01T10:40:52-07:00</time>
      </trkpt>
      <trkpt lat="33.00234764814377" lon="-116.53479589149356">
        <time>2005-05-01T10:40:55-07:00</time>
      </trkpt>
      <trkpt lat="33.00236240029335" lon="-116.53479253873229">
        <time>2005-05-01T10:41:01-07:00</time>
      </trkpt>
      <trkpt lat="33.002397855743766" lon="-116.53477133251727">
        <time>2005-05-01T10:41:03-07:00</time>
      </trkpt>
      <trkpt lat="33.002454433590174" lon="-116.53477208688855">
        <time>2005-05-01T10:41:06-07:00</time>
      </trkpt>
      <trkpt lat="33.00248469226062" lon="-116.53480544686317">
        <time>2005-05-01T10:41:10-07:00</time>
      </trkpt>
      <trkpt lat="33.00248846411705" lon="-116.53480511158705">
        <time>2005-05-01T10:41:16-07:00</time>
      </trkpt>
      <trkpt lat="33.002529200166464" lon="-116.53483939357102">
        <time>2005-05-01T10:41:22-07:00</time>
      </trkpt>
      <trkpt lat="33.00259198062122" lon="-116.53487283736467">
        <time>2005-05-01T10:41:23-07:00</time>
      </trkpt>
      <trkpt lat="33.00260078161955" lon="-116.53487929143012">
        <time>2005-05-01T10:41:27-07:00</time>
      </trkpt>
      <trkpt lat="33.002654844895005" lon="-116.53492799028754">
        <time>2005-05-01T10:41:34-07:00</time>
      </trkpt>
      <trkpt lat="33.00270924344659" lon="-116.53495154343545">
        <time>2005-05-01T10:41:38-07:00</time>
      </trkpt>
      <trkpt lat="33.00277194008231" lon="-116.53500225394964">
        <time>2005-05-01T10:41:39-07:00</time>
      </trkpt>
      <trkpt lat="33.00282021984458" lon="-116.53508213348687">
        <time>2005-05-01T10:41:45-07:00</time>
      </trkpt>
      <trkpt lat="33.002865985035896" lon="-116.53512706048787">
        <time>2005-05-01T10:41:51-07:00</time>
      </trkpt>
      <trkpt lat="33.002865985035896" lon="-116.53512706048787">
        <time>2005-05-01T10:41:52-07:00</time>
      </trkpt>
      <trkpt lat="33.0028866045177" lon="-116.53513443656266">
        <time>2005-05-01T10:41:58-07:00</time>
      </trkpt>
      <trkpt lat="33.0029156897217" lon="-116.53514625504613">
        <time>2005-05-01T10:42:04-07:00</time>
      </trkpt>
      <trkpt lat="33.00293019041419" lon="-116.53515161946416">
        <time>2005-05-01T10:42:10-07:00</time>
      </trkpt>
      <trkpt lat="33.002942176535726" lon="-116.53516612015665">
        <time>2005-05-01T10:42:17-07:00</time>
      </trkpt>
      <trkpt lat="33.002941673621535" lon="-116.53516536578536">
        <time>2005-05-01T10:42:23-07:00</time>
      </trkpt>
      <trkpt lat="33.00295223481953" lon="-116.53516754508018">
        <time>2005-05-01T10:42:24-07:00</time>
      </trkpt>
      <trkpt lat="33.003029599785805" lon="-116.53521121479571">
        <time>2005-05-01T10:42:25-07:00</time>
      </trkpt>
      <trkpt lat="33.0030766222626" lon="-116.53529134579003">
        <time>2005-05-01T10:42:28-07:00</time>
      </trkpt>
      <trkpt lat="33.0030816514045" lon="-116.53530408628285">
        <time>2005-05-01T10:42:29-07:00</time>
      </trkpt>
      <trkpt lat="33.003129344433546" lon="-116.53537441045046">
        <time>2005-05-01T10:42:34-07:00</time>
      </trkpt>
      <trkpt lat="33.00318533554673" lon="-116.5354122966528">
        <time>2005-05-01T10:42:40-07:00</time>
      </trkpt>
      <trkpt lat="33.00319849513471" lon="-116.53543140739202">
        <time>2005-05-01T10:42:47-07:00</time>
      </trkpt>
      <trkpt lat="33.00322079099715" lon="-116.5354744065553">
        <time>2005-05-01T10:42:54-07:00</time>
      </trkpt>
      <trkpt lat="33.00324191339314" lon="-116.53553416952491">
        <time>2005-05-01T10:43:01-07:00</time>
      </trkpt>
      <trkpt lat="33.003246020525694" lon="-116.53554774820805">
        <time>2005-05-01T10:43:02-07:00</time>
      </trkpt>
      <trkpt lat="33.00327024422586" lon="-116.5356039069593">
        <time>2005-05-01T10:43:09-07:00</time>
      </trkpt>
      <trkpt lat="33.00330461002886" lon="-116.53566526249051">
        <time>2005-05-01T10:43:14-07:00</time>
      </trkpt>
      <trkpt lat="33.003318440169096" lon="-116.53567959554493">
        <time>2005-05-01T10:43:16-07:00</time>
      </trkpt>
      <trkpt lat="33.003373593091965" lon="-116.53569107875228">
        <time>2005-05-01T10:43:20-07:00</time>
      </trkpt>
      <trkpt lat="33.00342648290098" lon="-116.53571580536664">
        <time>2005-05-01T10:43:25-07:00</time>
      </trkpt>
      <trkpt lat="33.003436205908656" lon="-116.53571873903275">
        <time>2005-05-01T10:43:26-07:00</time>
      </trkpt>
      <trkpt lat="33.00350761972368" lon="-116.5357278753072">
        <time>2005-05-01T10:43:32-07:00</time>
      </trkpt>
      <trkpt lat="33.00351642072201" lon="-116.5357260312885">
        <time>2005-05-01T10:43:38-07:00</time>
      </trkpt>
      <trkpt lat="33.00353460945189" lon="-116.53572544455528">
        <time>2005-05-01T10:43:40-07:00</time>
      </trkpt>
      <trkpt lat="33.00354550592601" lon="-116.53572745621204">
        <time>2005-05-01T10:43:46-07:00</time>
      </trkpt>
      <trkpt lat="33.00356889143586" lon="-116.53572594746947">
        <time>2005-05-01T10:43:51-07:00</time>
      </trkpt>
      <trkpt lat="33.00365773960948" lon="-116.53573575429618">
        <time>2005-05-01T10:43:52-07:00</time>
      </trkpt>
      <trkpt lat="33.0037138145417" lon="-116.5357278753072">
        <time>2005-05-01T10:43:58-07:00</time>
      </trkpt>
      <trkpt lat="33.00375195220113" lon="-116.5357315633446">
        <time>2005-05-01T10:43:59-07:00</time>
      </trkpt>
      <trkpt lat="33.003761591389775" lon="-116.5357297193259">
        <time>2005-05-01T10:44:06-07:00</time>
      </trkpt>
      <trkpt lat="33.00378489308059" lon="-116.53572611510754">
        <time>2005-05-01T10:44:08-07:00</time>
      </trkpt>
      <trkpt lat="33.003863180056214" lon="-116.53572435490787">
        <time>2005-05-01T10:44:10-07:00</time>
      </trkpt>
      <trkpt lat="33.00388731993735" lon="-116.53571362607181">
        <time>2005-05-01T10:44:18-07:00</time>
      </trkpt>
      <trkpt lat="33.003940880298615" lon="-116.53569493442774">
        <time>2005-05-01T10:44:23-07:00</time>
      </trkpt>
      <trkpt lat="33.004014221951365" lon="-116.53568814508617">
        <time>2005-05-01T10:44:27-07:00</time>
      </trkpt>
      <trkpt lat="33.00408974289894" lon="-116.53566031716764">
        <time>2005-05-01T10:44:28-07:00</time>
      </trkpt>
      <trkpt lat="33.004105752334" lon="-116.53565319254994">
        <time>2005-05-01T10:44:30-07:00</time>
      </trkpt>
      <trkpt lat="33.00414782948792" lon="-116.53562419116497">
        <time>2005-05-01T10:44:37-07:00</time>
      </trkpt>
      <trkpt lat="33.00415218807757" lon="-116.53561916202307">
        <time>2005-05-01T10:44:39-07:00</time>
      </trkpt>
      <trkpt lat="33.00419711507857" lon="-116.53558873571455">
        <time>2005-05-01T10:44:44-07:00</time>
      </trkpt>
      <trkpt lat="33.00422536209226" lon="-116.535574067384">
        <time>2005-05-01T10:44:50-07:00</time>
      </trkpt>
      <trkpt lat="33.00428059883416" lon="-116.53554204851389">
        <time>2005-05-01T10:44:58-07:00</time>
      </trkpt>
      <trkpt lat="33.00428847782314" lon="-116.53553794138134">
        <time>2005-05-01T10:45:00-07:00</time>
      </trkpt>
      <trkpt lat="33.00434346310794" lon="-116.5355050843209">
        <time>2005-05-01T10:45:05-07:00</time>
      </trkpt>
      <trkpt lat="33.00436441786587" lon="-116.53549871407449">
        <time>2005-05-01T10:45:06-07:00</time>
      </trkpt>
      <trkpt lat="33.00438973121345" lon="-116.53549427166581">
        <time>2005-05-01T10:45:11-07:00</time>
      </trkpt>
      <trkpt lat="33.004473969340324" lon="-116.53548496775329">
        <time>2005-05-01T10:45:14-07:00</time>
      </trkpt>
      <trkpt lat="33.00449090078473" lon="-116.53548153117299">
        <time>2005-05-01T10:45:20-07:00</time>
      </trkpt>
      <trkpt lat="33.00450540147722" lon="-116.53547750785947">
        <time>2005-05-01T10:45:21-07:00</time>
      </trkpt>
      <trkpt lat="33.00453431904316" lon="-116.53547801077366">
        <time>2005-05-01T10:45:27-07:00</time>
      </trkpt>
      <trkpt lat="33.00456759519875" lon="-116.53549125418067">
        <time>2005-05-01T10:45:29-07:00</time>
      </trkpt>
      <trkpt lat="33.0045962613076" lon="-116.53549527749419">
        <time>2005-05-01T10:45:32-07:00</time>
      </trkpt>
      <trkpt lat="33.00464772619307" lon="-116.53551153838634">
        <time>2005-05-01T10:45:40-07:00</time>
      </trkpt>
      <trkpt lat="33.00465610809624" lon="-116.5355138015002">
        <time>2005-05-01T10:45:42-07:00</time>
      </trkpt>
      <trkpt lat="33.004688965156674" lon="-116.53552830219269">
        <time>2005-05-01T10:45:44-07:00</time>
      </trkpt>
      <trkpt lat="33.00470874644816" lon="-116.53553827665746">
        <time>2005-05-01T10:45:47-07:00</time>
      </trkpt>
      <trkpt lat="33.00473649054766" lon="-116.53554615564644">
        <time>2005-05-01T10:45:51-07:00</time>
      </trkpt>
      <trkpt lat="33.00478535704315" lon="-116.53557079844177">
        <time>2005-05-01T10:45:54-07:00</time>
      </trkpt>
      <trkpt lat="33.00483690574765" lon="-116.53559099882841">
        <time>2005-05-01T10:45:59-07:00</time>
      </trkpt>
      <trkpt lat="33.00490714609623" lon="-116.53563810512424">
        <time>2005-05-01T10:46:00-07:00</time>
      </trkpt>
      <trkpt lat="33.00491686910391" lon="-116.53564112260938">
        <time>2005-05-01T10:46:03-07:00</time>
      </trkpt>
      <trkpt lat="33.00496079027653" lon="-116.53566467575729">
        <time>2005-05-01T10:46:05-07:00</time>
      </trkpt>
      <trkpt lat="33.00502005033195" lon="-116.5356953535229">
        <time>2005-05-01T10:46:08-07:00</time>
      </trkpt>
      <trkpt lat="33.00508299842477" lon="-116.5357397776097">
        <time>2005-05-01T10:46:13-07:00</time>
      </trkpt>
      <trkpt lat="33.00510261207819" lon="-116.53577087447047">
        <time>2005-05-01T10:46:18-07:00</time>
      </trkpt>
      <trkpt lat="33.00510755740106" lon="-116.53578269295394">
        <time>2005-05-01T10:46:25-07:00</time>
      </trkpt>
      <trkpt lat="33.00513278692961" lon="-116.53585821390152">
        <time>2005-05-01T10:46:26-07:00</time>
      </trkpt>
      <trkpt lat="33.005139492452145" lon="-116.53593750670552">
        <time>2005-05-01T10:46:30-07:00</time>
      </trkpt>
      <trkpt lat="33.00513924099505" lon="-116.53594974428415">
        <time>2005-05-01T10:46:36-07:00</time>
      </trkpt>
      <trkpt lat="33.005135133862495" lon="-116.53604730963707">
        <time>2005-05-01T10:46:43-07:00</time>
      </trkpt>
      <trkpt lat="33.00513387657702" lon="-116.53610036708415">
        <time>2005-05-01T10:46:46-07:00</time>
      </trkpt>
      <trkpt lat="33.005136139690876" lon="-116.53611520305276">
        <time>2005-05-01T10:46:48-07:00</time>
      </trkpt>
      <trkpt lat="33.0051330383867" lon="-116.53619709424675">
        <time>2005-05-01T10:46:55-07:00</time>
      </trkpt>
      <trkpt lat="33.005129685625434" lon="-116.53630941174924">
        <time>2005-05-01T10:47:01-07:00</time>
      </trkpt>
      <trkpt lat="33.005122896283865" lon="-116.53639138676226">
        <time>2005-05-01T10:47:02-07:00</time>
      </trkpt>
      <trkpt lat="33.00511225126684" lon="-116.53646715916693">
        <time>2005-05-01T10:47:09-07:00</time>
      </trkpt>
      <trkpt lat="33.00508643500507" lon="-116.5365410875529">
        <time>2005-05-01T10:47:13-07:00</time>
      </trkpt>
      <trkpt lat="33.005059361457825" lon="-116.53665357269347">
        <time>2005-05-01T10:47:14-07:00</time>
      </trkpt>
      <trkpt lat="33.005058355629444" lon="-116.53668098151684">
        <time>2005-05-01T10:47:20-07:00</time>
      </trkpt>
      <trkpt lat="33.005054499953985" lon="-116.53673227876425">
        <time>2005-05-01T10:47:28-07:00</time>
      </trkpt>
      <trkpt lat="33.00505751743913" lon="-116.5367609448731">
        <time>2005-05-01T10:47:34-07:00</time>
      </trkpt>
      <trkpt lat="33.00506489351392" lon="-116.53682330623269">
        <time>2005-05-01T10:47:40-07:00</time>
      </trkpt>
      <trkpt lat="33.00509280525148" lon="-116.53689086437225">
        <time>2005-05-01T10:47:47-07:00</time>
      </trkpt>
      <trkpt lat="33.00511627458036" lon="-116.53689597733319">
        <time>2005-05-01T10:47:56-07:00</time>
      </trkpt>
      <trkpt lat="33.00518047995865" lon="-116.53689949773252">
        <time>2005-05-01T10:47:58-07:00</time>
      </trkpt>
      <trkpt lat="33.0052435118705" lon="-116.53688851743937">
        <time>2005-05-01T10:48:02-07:00</time>
      </trkpt>
      <trkpt lat="33.005304615944624" lon="-116.53690645471215">
        <time>2005-05-01T10:48:04-07:00</time>
      </trkpt>
      <trkpt lat="33.00536898896098" lon="-116.53693973086774">
        <time>2005-05-01T10:48:08-07:00</time>
      </trkpt>
      <trkpt lat="33.00537837669253" lon="-116.53694836422801">
        <time>2005-05-01T10:48:14-07:00</time>
      </trkpt>
      <trkpt lat="33.00541626289487" lon="-116.53697577305138">
        <time>2005-05-01T10:48:16-07:00</time>
      </trkpt>
      <trkpt lat="33.00544501282275" lon="-116.5369887650013">
        <time>2005-05-01T10:48:21-07:00</time>
      </trkpt>
      <trkpt lat="33.005488850176334" lon="-116.53702396899462">
        <time>2005-05-01T10:48:27-07:00</time>
      </trkpt>
      <trkpt lat="33.005503602325916" lon="-116.5370437502861">
        <time>2005-05-01T10:48:33-07:00</time>
      </trkpt>
      <trkpt lat="33.005560180172324" lon="-116.53708783909678">
        <time>2005-05-01T10:48:39-07:00</time>
      </trkpt>
      <trkpt lat="33.005612064152956" lon="-116.53713318519294">
        <time>2005-05-01T10:48:40-07:00</time>
      </trkpt>
      <trkpt lat="33.00561558455229" lon="-116.53714005835354">
        <time>2005-05-01T10:48:44-07:00</time>
      </trkpt>
      <trkpt lat="33.005669647827744" lon="-116.53720183297992">
        <time>2005-05-01T10:48:47-07:00</time>
      </trkpt>
      <trkpt lat="33.00567911937833" lon="-116.53721440583467">
        <time>2005-05-01T10:48:51-07:00</time>
      </trkpt>
      <trkpt lat="33.00570325925946" lon="-116.53725371696055">
        <time>2005-05-01T10:48:53-07:00</time>
      </trkpt>
      <trkpt lat="33.0057377088815" lon="-116.53731842525303">
        <time>2005-05-01T10:48:59-07:00</time>
      </trkpt>
      <trkpt lat="33.00575103610754" lon="-116.53733426705003">
        <time>2005-05-01T10:49:05-07:00</time>
      </trkpt>
      <trkpt lat="33.00580275245011" lon="-116.53739344328642">
        <time>2005-05-01T10:49:06-07:00</time>
      </trkpt>
      <trkpt lat="33.00581322982907" lon="-116.53740836307406">
        <time>2005-05-01T10:49:13-07:00</time>
      </trkpt>
      <trkpt lat="33.00583812408149" lon="-116.5374237857759">
        <time>2005-05-01T10:49:14-07:00</time>
      </trkpt>
      <trkpt lat="33.005850026383996" lon="-116.53743023984134">
        <time>2005-05-01T10:49:19-07:00</time>
      </trkpt>
      <trkpt lat="33.00590216182172" lon="-116.53744675219059">
        <time>2005-05-01T10:49:25-07:00</time>
      </trkpt>
      <trkpt lat="33.0059206020087" lon="-116.53745220042765">
        <time>2005-05-01T10:49:27-07:00</time>
      </trkpt>
      <trkpt lat="33.00595957785845" lon="-116.53745538555086">
        <time>2005-05-01T10:49:34-07:00</time>
      </trkpt>
      <trkpt lat="33.00596955232322" lon="-116.53745136223733">
        <time>2005-05-01T10:49:36-07:00</time>
      </trkpt>
      <trkpt lat="33.00602571107447" lon="-116.53741565532982">
        <time>2005-05-01T10:49:39-07:00</time>
      </trkpt>
      <trkpt lat="33.006104584783316" lon="-116.53738724067807">
        <time>2005-05-01T10:49:40-07:00</time>
      </trkpt>
      <trkpt lat="33.00615655258298" lon="-116.53737634420395">
        <time>2005-05-01T10:49:46-07:00</time>
      </trkpt>
      <trkpt lat="33.00620659254491" lon="-116.53738061897457">
        <time>2005-05-01T10:49:48-07:00</time>
      </trkpt>
      <trkpt lat="33.006225284188986" lon="-116.53738631866872">
        <time>2005-05-01T10:49:52-07:00</time>
      </trkpt>
      <trkpt lat="33.00625923089683" lon="-116.5373957902193">
        <time>2005-05-01T10:49:53-07:00</time>
      </trkpt>
      <trkpt lat="33.006280437111855" lon="-116.53740609996021">
        <time>2005-05-01T10:49:59-07:00</time>
      </trkpt>
      <trkpt lat="33.006360149011016" lon="-116.53742705471814">
        <time>2005-05-01T10:50:06-07:00</time>
      </trkpt>
      <trkpt lat="33.00642158836126" lon="-116.53745178133249">
        <time>2005-05-01T10:50:12-07:00</time>
      </trkpt>
      <trkpt lat="33.006455870345235" lon="-116.53745622374117">
        <time>2005-05-01T10:50:17-07:00</time>
      </trkpt>
      <trkpt lat="33.00649073906243" lon="-116.53745898976922">
        <time>2005-05-01T10:50:19-07:00</time>
      </trkpt>
      <trkpt lat="33.00649803131819" lon="-116.53745764866471">
        <time>2005-05-01T10:50:22-07:00</time>
      </trkpt>
      <trkpt lat="33.00656793639064" lon="-116.53745362535119">
        <time>2005-05-01T10:50:24-07:00</time>
      </trkpt>
      <trkpt lat="33.006584867835045" lon="-116.53745404444635">
        <time>2005-05-01T10:50:31-07:00</time>
      </trkpt>
      <trkpt lat="33.0066130310297" lon="-116.53745362535119">
        <time>2005-05-01T10:50:37-07:00</time>
      </trkpt>
      <trkpt lat="33.00669743679464" lon="-116.5374409686774">
        <time>2005-05-01T10:50:40-07:00</time>
      </trkpt>
      <trkpt lat="33.006704645231366" lon="-116.53743267059326">
        <time>2005-05-01T10:50:43-07:00</time>
      </trkpt>
      <trkpt lat="33.00670489668846" lon="-116.53743300586939">
        <time>2005-05-01T10:50:44-07:00</time>
      </trkpt>
      <trkpt lat="33.0067047290504" lon="-116.53743325732648">
        <time>2005-05-01T10:50:50-07:00</time>
      </trkpt>
      <trkpt lat="33.00672342069447" lon="-116.53741741552949">
        <time>2005-05-01T10:50:53-07:00</time>
      </trkpt>
      <trkpt lat="33.00674839876592" lon="-116.53741037473083">
        <time>2005-05-01T10:50:56-07:00</time>
      </trkpt>
      <trkpt lat="33.00676742568612" lon="-116.53740232810378">
        <time>2005-05-01T10:51:03-07:00</time>
      </trkpt>
      <trkpt lat="33.00679374486208" lon="-116.53737877495587">
        <time>2005-05-01T10:51:07-07:00</time>
      </trkpt>
      <trkpt lat="33.00682492554188" lon="-116.53733585961163">
        <time>2005-05-01T10:51:08-07:00</time>
      </trkpt>
      <trkpt lat="33.0068307928741" lon="-116.53733099810779">
        <time>2005-05-01T10:51:10-07:00</time>
      </trkpt>
      <trkpt lat="33.00684370100498" lon="-116.53731456957757">
        <time>2005-05-01T10:51:16-07:00</time>
      </trkpt>
      <trkpt lat="33.00685836933553" lon="-116.53730073943734">
        <time>2005-05-01T10:51:19-07:00</time>
      </trkpt>
      <trkpt lat="33.00688108429313" lon="-116.53727115131915">
        <time>2005-05-01T10:51:21-07:00</time>
      </trkpt>
      <trkpt lat="33.00692953169346" lon="-116.53721390292048">
        <time>2005-05-01T10:51:25-07:00</time>
      </trkpt>
      <trkpt lat="33.00697311758995" lon="-116.53716545552015">
        <time>2005-05-01T10:51:30-07:00</time>
      </trkpt>
      <trkpt lat="33.0069790687412" lon="-116.53715338557959">
        <time>2005-05-01T10:51:31-07:00</time>
      </trkpt>
      <trkpt lat="33.00699516199529" lon="-116.5371267311275">
        <time>2005-05-01T10:51:33-07:00</time>
      </trkpt>
      <trkpt lat="33.00701083615422" lon="-116.53709630481899">
        <time>2005-05-01T10:51:35-07:00</time>
      </trkpt>
      <trkpt lat="33.00704821944237" lon="-116.53704701922834">
        <time>2005-05-01T10:51:38-07:00</time>
      </trkpt>
      <trkpt lat="33.00708686001599" lon="-116.53698775917292">
        <time>2005-05-01T10:51:44-07:00</time>
      </trkpt>
      <trkpt lat="33.0071120057255" lon="-116.53689614497125">
        <time>2005-05-01T10:51:50-07:00</time>
      </trkpt>
      <trkpt lat="33.00717771984637" lon="-116.53681609779596">
        <time>2005-05-01T10:51:51-07:00</time>
      </trkpt>
      <trkpt lat="33.00722264684737" lon="-116.53678860515356">
        <time>2005-05-01T10:51:53-07:00</time>
      </trkpt>
      <trkpt lat="33.00724091939628" lon="-116.53677913360298">
        <time>2005-05-01T10:51:56-07:00</time>
      </trkpt>
      <trkpt lat="33.007311914116144" lon="-116.53674837201834">
        <time>2005-05-01T10:52:02-07:00</time>
      </trkpt>
      <trkpt lat="33.00736455246806" lon="-116.53677687048912">
        <time>2005-05-01T10:52:08-07:00</time>
      </trkpt>
      <trkpt lat="33.00737679004669" lon="-116.53678919188678">
        <time>2005-05-01T10:52:15-07:00</time>
      </trkpt>
      <trkpt lat="33.00740755163133" lon="-116.5368191152811">
        <time>2005-05-01T10:52:23-07:00</time>
      </trkpt>
      <trkpt lat="33.00745205953717" lon="-116.53684920631349">
        <time>2005-05-01T10:52:28-07:00</time>
      </trkpt>
      <trkpt lat="33.00747745670378" lon="-116.53687376528978">
        <time>2005-05-01T10:52:30-07:00</time>
      </trkpt>
      <trkpt lat="33.00750126130879" lon="-116.53690318576992">
        <time>2005-05-01T10:52:36-07:00</time>
      </trkpt>
      <trkpt lat="33.007511319592595" lon="-116.53691148385406">
        <time>2005-05-01T10:52:42-07:00</time>
      </trkpt>
      <trkpt lat="33.00753789022565" lon="-116.53692791238427">
        <time>2005-05-01T10:52:44-07:00</time>
      </trkpt>
      <trkpt lat="33.00757569260895" lon="-116.53695682995021">
        <time>2005-05-01T10:52:47-07:00</time>
      </trkpt>
      <trkpt lat="33.007580721750855" lon="-116.53696194291115">
        <time>2005-05-01T10:52:52-07:00</time>
      </trkpt>
      <trkpt lat="33.00761399790645" lon="-116.53699781745672">
        <time>2005-05-01T10:52:55-07:00</time>
      </trkpt>
      <trkpt lat="33.007663786411285" lon="-116.53700636699796">
        <time>2005-05-01T10:52:59-07:00</time>
      </trkpt>
      <trkpt lat="33.00767384469509" lon="-116.53700510971248">
        <time>2005-05-01T10:53:01-07:00</time>
      </trkpt>
      <trkpt lat="33.00772497430444" lon="-116.53699262067676">
        <time>2005-05-01T10:53:04-07:00</time>
      </trkpt>
      <trkpt lat="33.00778557546437" lon="-116.5369869209826">
        <time>2005-05-01T10:53:09-07:00</time>
      </trkpt>
      <trkpt lat="33.007841147482395" lon="-116.53699781745672">
        <time>2005-05-01T10:53:10-07:00</time>
      </trkpt>
      <trkpt lat="33.00789353437722" lon="-116.53701223433018">
        <time>2005-05-01T10:53:14-07:00</time>
      </trkpt>
      <trkpt lat="33.00796905532479" lon="-116.53702489100397">
        <time>2005-05-01T10:53:19-07:00</time>
      </trkpt>
      <trkpt lat="33.00803309306502" lon="-116.53701541945338">
        <time>2005-05-01T10:53:20-07:00</time>
      </trkpt>
      <trkpt lat="33.00804231315851" lon="-116.5370109770447">
        <time>2005-05-01T10:53:25-07:00</time>
      </trkpt>
      <trkpt lat="33.008115738630295" lon="-116.53700846247375">
        <time>2005-05-01T10:53:30-07:00</time>
      </trkpt>
      <trkpt lat="33.00816720351577" lon="-116.53701659291983">
        <time>2005-05-01T10:53:35-07:00</time>
      </trkpt>
      <trkpt lat="33.00817843526602" lon="-116.53701005503535">
        <time>2005-05-01T10:53:40-07:00</time>
      </trkpt>
      <trkpt lat="33.00823518075049" lon="-116.5370107255876">
        <time>2005-05-01T10:53:47-07:00</time>
      </trkpt>
      <trkpt lat="33.008282789960504" lon="-116.5370678063482">
        <time>2005-05-01T10:53:53-07:00</time>
      </trkpt>
      <trkpt lat="33.00831179134548" lon="-116.53711080551147">
        <time>2005-05-01T10:53:54-07:00</time>
      </trkpt>
      <trkpt lat="33.00831891596317" lon="-116.53712941333652">
        <time>2005-05-01T10:54:01-07:00</time>
      </trkpt>
      <trkpt lat="33.008321933448315" lon="-116.53714869171381">
        <time>2005-05-01T10:54:06-07:00</time>
      </trkpt>
      <trkpt lat="33.00832218490541" lon="-116.53719370253384">
        <time>2005-05-01T10:54:07-07:00</time>
      </trkpt>
      <trkpt lat="33.00832235254347" lon="-116.53719881549478">
        <time>2005-05-01T10:54:12-07:00</time>
      </trkpt>
      <trkpt lat="33.00832662731409" lon="-116.53724147938192">
        <time>2005-05-01T10:54:17-07:00</time>
      </trkpt>
      <trkpt lat="33.00833702087402" lon="-116.53727475553751">
        <time>2005-05-01T10:54:21-07:00</time>
      </trkpt>
      <trkpt lat="33.00834272056818" lon="-116.53728799894452">
        <time>2005-05-01T10:54:24-07:00</time>
      </trkpt>
      <trkpt lat="33.008355461061" lon="-116.53737466782331">
        <time>2005-05-01T10:54:27-07:00</time>
      </trkpt>
      <trkpt lat="33.0083744879812" lon="-116.53741800226271">
        <time>2005-05-01T10:54:33-07:00</time>
      </trkpt>
      <trkpt lat="33.008392844349146" lon="-116.53743183240294">
        <time>2005-05-01T10:54:34-07:00</time>
      </trkpt>
      <trkpt lat="33.008459312841296" lon="-116.53747483156621">
        <time>2005-05-01T10:54:39-07:00</time>
      </trkpt>
      <trkpt lat="33.00850792787969" lon="-116.53749771416187">
        <time>2005-05-01T10:54:42-07:00</time>
      </trkpt>
      <trkpt lat="33.008584789931774" lon="-116.53749838471413">
        <time>2005-05-01T10:54:43-07:00</time>
      </trkpt>
      <trkpt lat="33.00863650627434" lon="-116.53750936500728">
        <time>2005-05-01T10:54:50-07:00</time>
      </trkpt>
      <trkpt lat="33.008662573993206" lon="-116.53751724399626">
        <time>2005-05-01T10:54:54-07:00</time>
      </trkpt>
      <trkpt lat="33.00873273052275" lon="-116.53756141662598">
        <time>2005-05-01T10:54:56-07:00</time>
      </trkpt>
      <trkpt lat="33.00878377631307" lon="-116.53758513741195">
        <time>2005-05-01T10:55:03-07:00</time>
      </trkpt>
      <trkpt lat="33.008837923407555" lon="-116.53759561479092">
        <time>2005-05-01T10:55:09-07:00</time>
      </trkpt>
      <trkpt lat="33.00890229642391" lon="-116.53761053457856">
        <time>2005-05-01T10:55:16-07:00</time>
      </trkpt>
      <trkpt lat="33.00896717235446" lon="-116.53762604109943">
        <time>2005-05-01T10:55:21-07:00</time>
      </trkpt>
      <trkpt lat="33.009038837626576" lon="-116.53765780851245">
        <time>2005-05-01T10:55:23-07:00</time>
      </trkpt>
      <trkpt lat="33.009092817083" lon="-116.53769041411579">
        <time>2005-05-01T10:55:30-07:00</time>
      </trkpt>
      <trkpt lat="33.00914662890136" lon="-116.537706842646">
        <time>2005-05-01T10:55:35-07:00</time>
      </trkpt>
      <trkpt lat="33.00919842906296" lon="-116.53771690092981">
        <time>2005-05-01T10:55:40-07:00</time>
      </trkpt>
      <trkpt lat="33.00926070660353" lon="-116.53774472884834">
        <time>2005-05-01T10:55:46-07:00</time>
      </trkpt>
      <trkpt lat="33.0093037057668" lon="-116.53776870109141">
        <time>2005-05-01T10:55:52-07:00</time>
      </trkpt>
      <trkpt lat="33.00936631858349" lon="-116.53779108077288">
        <time>2005-05-01T10:55:59-07:00</time>
      </trkpt>
      <trkpt lat="33.00941132940352" lon="-116.53782133944333">
        <time>2005-05-01T10:56:05-07:00</time>
      </trkpt>
      <trkpt lat="33.00947687588632" lon="-116.53783760033548">
        <time>2005-05-01T10:56:10-07:00</time>
      </trkpt>
      <trkpt lat="33.00953060388565" lon="-116.53782930225134">
        <time>2005-05-01T10:56:15-07:00</time>
      </trkpt>
      <trkpt lat="33.009590366855264" lon="-116.53781530447304">
        <time>2005-05-01T10:56:21-07:00</time>
      </trkpt>
      <trkpt lat="33.00962381064892" lon="-116.53781656175852">
        <time>2005-05-01T10:56:26-07:00</time>
      </trkpt>
      <trkpt lat="33.00965314731002" lon="-116.53782737441361">
        <time>2005-05-01T10:56:32-07:00</time>
      </trkpt>
      <trkpt lat="33.00971425138414" lon="-116.5378437191248">
        <time>2005-05-01T10:56:37-07:00</time>
      </trkpt>
      <trkpt lat="33.00977912731469" lon="-116.53785428032279">
        <time>2005-05-01T10:56:42-07:00</time>
      </trkpt>
      <trkpt lat="33.009819611907005" lon="-116.53787355870008">
        <time>2005-05-01T10:56:47-07:00</time>
      </trkpt>
      <trkpt lat="33.00988473929465" lon="-116.53789493255317">
        <time>2005-05-01T10:56:53-07:00</time>
      </trkpt>
      <trkpt lat="33.00990343093872" lon="-116.53790675103664">
        <time>2005-05-01T10:56:56-07:00</time>
      </trkpt>
      <trkpt lat="33.009972078725696" lon="-116.5379282925278">
        <time>2005-05-01T10:56:59-07:00</time>
      </trkpt>
      <trkpt lat="33.01000292412937" lon="-116.53793843463063">
        <time>2005-05-01T10:57:04-07:00</time>
      </trkpt>
      <trkpt lat="33.010033182799816" lon="-116.5379436314106">
        <time>2005-05-01T10:57:10-07:00</time>
      </trkpt>
      <trkpt lat="33.0100651178509" lon="-116.53795612044632">
        <time>2005-05-01T10:57:15-07:00</time>
      </trkpt>
      <trkpt lat="33.01009705290198" lon="-116.53796458616853">
        <time>2005-05-01T10:57:22-07:00</time>
      </trkpt>
      <trkpt lat="33.010153882205486" lon="-116.53797539882362">
        <time>2005-05-01T10:57:24-07:00</time>
      </trkpt>
      <trkpt lat="33.010171400383115" lon="-116.53798218816519">
        <time>2005-05-01T10:57:30-07:00</time>
      </trkpt>
      <trkpt lat="33.01021314226091" lon="-116.53800850734115">
        <time>2005-05-01T10:57:33-07:00</time>
      </trkpt>
      <trkpt lat="33.010249519720674" lon="-116.53805167414248">
        <time>2005-05-01T10:57:37-07:00</time>
      </trkpt>
      <trkpt lat="33.01027567125857" lon="-116.53811981901526">
        <time>2005-05-01T10:57:40-07:00</time>
      </trkpt>
      <trkpt lat="33.010278940200806" lon="-116.53813105076551">
        <time>2005-05-01T10:57:43-07:00</time>
      </trkpt>
      <trkpt lat="33.01030567847192" lon="-116.53821545653045">
        <time>2005-05-01T10:57:49-07:00</time>
      </trkpt>
      <trkpt lat="33.01032898016274" lon="-116.53826147317886">
        <time>2005-05-01T10:57:50-07:00</time>
      </trkpt>
      <trkpt lat="33.0103328358382" lon="-116.53826893307269">
        <time>2005-05-01T10:57:54-07:00</time>
      </trkpt>
      <trkpt lat="33.01036611199379" lon="-116.53833338990808">
        <time>2005-05-01T10:57:59-07:00</time>
      </trkpt>
      <trkpt lat="33.010369297116995" lon="-116.53834629803896">
        <time>2005-05-01T10:58:04-07:00</time>
      </trkpt>
      <trkpt lat="33.01037692464888" lon="-116.53838803991675">
        <time>2005-05-01T10:58:05-07:00</time>
      </trkpt>
      <trkpt lat="33.0103896651417" lon="-116.53842668049037">
        <time>2005-05-01T10:58:13-07:00</time>
      </trkpt>
      <trkpt lat="33.01041221246123" lon="-116.53848996385932">
        <time>2005-05-01T10:58:18-07:00</time>
      </trkpt>
      <trkpt lat="33.010424952954054" lon="-116.53853438794613">
        <time>2005-05-01T10:58:19-07:00</time>
      </trkpt>
      <trkpt lat="33.010431323200464" lon="-116.5385633893311">
        <time>2005-05-01T10:58:25-07:00</time>
      </trkpt>
      <trkpt lat="33.01045068539679" lon="-116.53862851671875">
        <time>2005-05-01T10:58:26-07:00</time>
      </trkpt>
      <trkpt lat="33.01046376116574" lon="-116.53864947147667">
        <time>2005-05-01T10:58:30-07:00</time>
      </trkpt>
      <trkpt lat="33.010473316535354" lon="-116.53868861496449">
        <time>2005-05-01T10:58:33-07:00</time>
      </trkpt>
      <trkpt lat="33.010485554113984" lon="-116.53873915784061">
        <time>2005-05-01T10:58:39-07:00</time>
      </trkpt>
      <trkpt lat="33.01048044115305" lon="-116.53875248506665">
        <time>2005-05-01T10:58:43-07:00</time>
      </trkpt>
      <trkpt lat="33.01049083471298" lon="-116.53877712786198">
        <time>2005-05-01T10:58:45-07:00</time>
      </trkpt>
      <trkpt lat="33.01049997098744" lon="-116.53878425247967">
        <time>2005-05-01T10:58:51-07:00</time>
      </trkpt>
      <trkpt lat="33.01051606424153" lon="-116.53879137709737">
        <time>2005-05-01T10:58:53-07:00</time>
      </trkpt>
      <trkpt lat="33.01052696071565" lon="-116.53878869488835">
        <time>2005-05-01T10:58:56-07:00</time>
      </trkpt>
      <trkpt lat="33.010562332347035" lon="-116.53878668323159">
        <time>2005-05-01T10:59:01-07:00</time>
      </trkpt>
      <trkpt lat="33.01057616248727" lon="-116.53878056444228">
        <time>2005-05-01T10:59:02-07:00</time>
      </trkpt>
      <trkpt lat="33.010603403672576" lon="-116.5387740265578">
        <time>2005-05-01T10:59:04-07:00</time>
      </trkpt>
      <trkpt lat="33.01062075421214" lon="-116.53877712786198">
        <time>2005-05-01T10:59:05-07:00</time>
      </trkpt>
      <trkpt lat="33.01065143197775" lon="-116.53878928162158">
        <time>2005-05-01T10:59:07-07:00</time>
      </trkpt>
      <trkpt lat="33.0106486659497" lon="-116.5388260781765">
        <time>2005-05-01T10:59:08-07:00</time>
      </trkpt>
      <trkpt lat="33.01064715720713" lon="-116.53888458386064">
        <time>2005-05-01T10:59:12-07:00</time>
      </trkpt>
      <trkpt lat="33.010655120015144" lon="-116.53890947811306">
        <time>2005-05-01T10:59:14-07:00</time>
      </trkpt>
      <trkpt lat="33.010655120015144" lon="-116.53890947811306">
        <time>2005-05-01T10:59:18-07:00</time>
      </trkpt>
      <trkpt lat="33.010655120015144" lon="-116.53890947811306">
        <time>2005-05-01T10:59:20-07:00</time>
      </trkpt>
      <trkpt lat="33.010655120015144" lon="-116.53890947811306">
        <time>2005-05-01T10:59:26-07:00</time>
      </trkpt>
      <trkpt lat="33.010655120015144" lon="-116.53890947811306">
        <time>2005-05-01T10:59:31-07:00</time>
      </trkpt>
      <trkpt lat="33.01065721549094" lon="-116.53891559690237">
        <time>2005-05-01T10:59:38-07:00</time>
      </trkpt>
      <trkpt lat="33.01065889187157" lon="-116.5389088075608">
        <time>2005-05-01T10:59:45-07:00</time>
      </trkpt>
      <trkpt lat="33.01066819578409" lon="-116.53886740095913">
        <time>2005-05-01T10:59:53-07:00</time>
      </trkpt>
      <trkpt lat="33.010669788345695" lon="-116.5388311073184">
        <time>2005-05-01T11:00:03-07:00</time>
      </trkpt>
      <trkpt lat="33.01066962070763" lon="-116.53879732824862">
        <time>2005-05-01T11:00:05-07:00</time>
      </trkpt>
      <trkpt lat="33.01068336702883" lon="-116.5387275069952">
        <time>2005-05-01T11:00:15-07:00</time>
      </trkpt>
      <trkpt lat="33.01068361848593" lon="-116.53868836350739">
        <time>2005-05-01T11:00:23-07:00</time>
      </trkpt>
      <trkpt lat="33.01068018190563" lon="-116.53862306848168">
        <time>2005-05-01T11:00:33-07:00</time>
      </trkpt>
      <trkpt lat="33.01069158129394" lon="-116.53852122835815">
        <time>2005-05-01T11:00:39-07:00</time>
      </trkpt>
      <trkpt lat="33.01070239394903" lon="-116.53843724168837">
        <time>2005-05-01T11:00:43-07:00</time>
      </trkpt>
      <trkpt lat="33.0107041541487" lon="-116.5383511595428">
        <time>2005-05-01T11:00:46-07:00</time>
      </trkpt>
      <trkpt lat="33.010708931833506" lon="-116.53827622532845">
        <time>2005-05-01T11:00:53-07:00</time>
      </trkpt>
      <trkpt lat="33.01070289686322" lon="-116.5382338128984">
        <time>2005-05-01T11:00:56-07:00</time>
      </trkpt>
      <trkpt lat="33.01069451496005" lon="-116.53820011764765">
        <time>2005-05-01T11:01:01-07:00</time>
      </trkpt>
      <trkpt lat="33.01067791879177" lon="-116.53810255229473">
        <time>2005-05-01T11:01:09-07:00</time>
      </trkpt>
      <trkpt lat="33.010658556595445" lon="-116.53806676156819">
        <time>2005-05-01T11:01:17-07:00</time>
      </trkpt>
      <trkpt lat="33.010651264339685" lon="-116.53803390450776">
        <time>2005-05-01T11:01:25-07:00</time>
      </trkpt>
      <trkpt lat="33.01061891019344" lon="-116.53795746155083">
        <time>2005-05-01T11:01:32-07:00</time>
      </trkpt>
      <trkpt lat="33.01056660711765" lon="-116.53787456452847">
        <time>2005-05-01T11:01:35-07:00</time>
      </trkpt>
      <trkpt lat="33.01056392490864" lon="-116.53786056675017">
        <time>2005-05-01T11:01:38-07:00</time>
      </trkpt>
      <trkpt lat="33.010532492771745" lon="-116.53781170025468">
        <time>2005-05-01T11:01:46-07:00</time>
      </trkpt>
      <trkpt lat="33.01051514223218" lon="-116.53778789564967">
        <time>2005-05-01T11:01:49-07:00</time>
      </trkpt>
      <trkpt lat="33.01046040840447" lon="-116.53773718513548">
        <time>2005-05-01T11:01:52-07:00</time>
      </trkpt>
      <trkpt lat="33.01042822189629" lon="-116.53768572025001">
        <time>2005-05-01T11:01:59-07:00</time>
      </trkpt>
      <trkpt lat="33.01041690632701" lon="-116.53766677714884">
        <time>2005-05-01T11:02:06-07:00</time>
      </trkpt>
      <trkpt lat="33.01039142534137" lon="-116.53762126341462">
        <time>2005-05-01T11:02:07-07:00</time>
      </trkpt>
      <trkpt lat="33.010376170277596" lon="-116.53762889094651">
        <time>2005-05-01T11:02:12-07:00</time>
      </trkpt>
      <trkpt lat="33.01037784665823" lon="-116.53762972913682">
        <time>2005-05-01T11:02:15-07:00</time>
      </trkpt>
      <trkpt lat="33.0103708896786" lon="-116.53761472553015">
        <time>2005-05-01T11:02:22-07:00</time>
      </trkpt>
      <trkpt lat="33.01037047058344" lon="-116.5376140549779">
        <time>2005-05-01T11:02:28-07:00</time>
      </trkpt>
      <trkpt lat="33.01037047058344" lon="-116.5376140549779">
        <time>2005-05-01T11:02:29-07:00</time>
      </trkpt>
      <trkpt lat="33.01037047058344" lon="-116.5376140549779">
        <time>2005-05-01T11:02:37-07:00</time>
      </trkpt>
      <trkpt lat="33.01037047058344" lon="-116.5376140549779">
        <time>2005-05-01T11:02:39-07:00</time>
      </trkpt>
      <trkpt lat="33.01037047058344" lon="-116.5376140549779">
        <time>2005-05-01T11:02:43-07:00</time>
      </trkpt>
      <trkpt lat="33.01037047058344" lon="-116.5376140549779">
        <time>2005-05-01T11:02:47-07:00</time>
      </trkpt>
      <trkpt lat="33.01037047058344" lon="-116.5376140549779">
        <time>2005-05-01T11:02:54-07:00</time>
      </trkpt>
      <trkpt lat="33.01037047058344" lon="-116.5376140549779">
        <time>2005-05-01T11:03:04-07:00</time>
      </trkpt>
      <trkpt lat="33.01037047058344" lon="-116.5376140549779">
        <time>2005-05-01T11:03:10-07:00</time>
      </trkpt>
      <trkpt lat="33.01037047058344" lon="-116.5376140549779">
        <time>2005-05-01T11:03:15-07:00</time>
      </trkpt>
      <trkpt lat="33.01037047058344" lon="-116.5376140549779">
        <time>2005-05-01T11:03:23-07:00</time>
      </trkpt>
      <trkpt lat="33.01037047058344" lon="-116.5376140549779">
        <time>2005-05-01T11:03:28-07:00</time>
      </trkpt>
      <trkpt lat="33.01037047058344" lon="-116.5376140549779">
        <time>2005-05-01T11:03:34-07:00</time>
      </trkpt>
      <trkpt lat="33.01037047058344" lon="-116.5376140549779">
        <time>2005-05-01T11:03:42-07:00</time>
      </trkpt>
      <trkpt lat="33.01036384887993" lon="-116.53762084431946">
        <time>2005-05-01T11:03:52-07:00</time>
      </trkpt>
      <trkpt lat="33.0103637650609" lon="-116.53762109577656">
        <time>2005-05-01T11:04:01-07:00</time>
      </trkpt>
      <trkpt lat="33.01037047058344" lon="-116.5376140549779">
        <time>2005-05-01T11:04:02-07:00</time>
      </trkpt>
      <trkpt lat="33.010353706777096" lon="-116.53762210160494">
        <time>2005-05-01T11:04:10-07:00</time>
      </trkpt>
      <trkpt lat="33.010353706777096" lon="-116.53762210160494">
        <time>2005-05-01T11:04:15-07:00</time>
      </trkpt>
      <trkpt lat="33.010353706777096" lon="-116.53762210160494">
        <time>2005-05-01T11:04:24-07:00</time>
      </trkpt>
      <trkpt lat="33.010353706777096" lon="-116.53762210160494">
        <time>2005-05-01T11:04:29-07:00</time>
      </trkpt>
      <trkpt lat="33.010353706777096" lon="-116.53762210160494">
        <time>2005-05-01T11:04:31-07:00</time>
      </trkpt>
      <trkpt lat="33.010353706777096" lon="-116.53762210160494">
        <time>2005-05-01T11:04:41-07:00</time>
      </trkpt>
      <trkpt lat="33.010353706777096" lon="-116.53762210160494">
        <time>2005-05-01T11:04:47-07:00</time>
      </trkpt>
      <trkpt lat="33.010353706777096" lon="-116.53762210160494">
        <time>2005-05-01T11:04:59-07:00</time>
      </trkpt>
      <trkpt lat="33.010353706777096" lon="-116.53762210160494">
        <time>2005-05-01T11:05:07-07:00</time>
      </trkpt>
      <trkpt lat="33.010353706777096" lon="-116.53762210160494">
        <time>2005-05-01T11:05:09-07:00</time>
      </trkpt>
      <trkpt lat="33.010353706777096" lon="-116.53762210160494">
        <time>2005-05-01T11:05:17-07:00</time>
      </trkpt>
      <trkpt lat="33.010353706777096" lon="-116.53762210160494">
        <time>2005-05-01T11:05:30-07:00</time>
      </trkpt>
      <trkpt lat="33.010353706777096" lon="-116.53762210160494">
        <time>2005-05-01T11:05:42-07:00</time>
      </trkpt>
      <trkpt lat="33.010353706777096" lon="-116.53762210160494">
        <time>2005-05-01T11:05:55-07:00</time>
      </trkpt>
      <trkpt lat="33.010353706777096" lon="-116.53762210160494">
        <time>2005-05-01T11:05:59-07:00</time>
      </trkpt>
      <trkpt lat="33.010353706777096" lon="-116.53762210160494">
        <time>2005-05-01T11:06:09-07:00</time>
      </trkpt>
      <trkpt lat="33.010353706777096" lon="-116.53762210160494">
        <time>2005-05-01T11:06:15-07:00</time>
      </trkpt>
      <trkpt lat="33.010353706777096" lon="-116.53762210160494">
        <time>2005-05-01T11:06:25-07:00</time>
      </trkpt>
      <trkpt lat="33.010353706777096" lon="-116.53762210160494">
        <time>2005-05-01T11:06:33-07:00</time>
      </trkpt>
      <trkpt lat="33.010353706777096" lon="-116.53762210160494">
        <time>2005-05-01T11:06:34-07:00</time>
      </trkpt>
      <trkpt lat="33.010353706777096" lon="-116.53762210160494">
        <time>2005-05-01T11:06:41-07:00</time>
      </trkpt>
      <trkpt lat="33.010353706777096" lon="-116.53762210160494">
        <time>2005-05-01T11:06:42-07:00</time>
      </trkpt>
      <trkpt lat="33.010353706777096" lon="-116.53762210160494">
        <time>2005-05-01T11:06:49-07:00</time>
      </trkpt>
      <trkpt lat="33.010353706777096" lon="-116.53762210160494">
        <time>2005-05-01T11:06:52-07:00</time>
      </trkpt>
      <trkpt lat="33.010353706777096" lon="-116.53762210160494">
        <time>2005-05-01T11:06:56-07:00</time>
      </trkpt>
      <trkpt lat="33.010353706777096" lon="-116.53762210160494">
        <time>2005-05-01T11:07:07-07:00</time>
      </trkpt>
      <trkpt lat="33.01035580225289" lon="-116.5376241132617">
        <time>2005-05-01T11:07:08-07:00</time>
      </trkpt>
      <trkpt lat="33.010353706777096" lon="-116.53762210160494">
        <time>2005-05-01T11:07:16-07:00</time>
      </trkpt>
      <trkpt lat="33.010353706777096" lon="-116.53762210160494">
        <time>2005-05-01T11:07:26-07:00</time>
      </trkpt>
      <trkpt lat="33.01035739481449" lon="-116.53761816211045">
        <time>2005-05-01T11:07:33-07:00</time>
      </trkpt>
      <trkpt lat="33.01035789772868" lon="-116.53761841356754">
        <time>2005-05-01T11:07:43-07:00</time>
      </trkpt>
      <trkpt lat="33.01035781390965" lon="-116.53761841356754">
        <time>2005-05-01T11:07:54-07:00</time>
      </trkpt>
      <trkpt lat="33.01035781390965" lon="-116.53762394562364">
        <time>2005-05-01T11:08:01-07:00</time>
      </trkpt>
      <trkpt lat="33.010353706777096" lon="-116.53762210160494">
        <time>2005-05-01T11:08:11-07:00</time>
      </trkpt>
      <trkpt lat="33.01034700125456" lon="-116.53761631809175">
        <time>2005-05-01T11:08:18-07:00</time>
      </trkpt>
      <trkpt lat="33.010353706777096" lon="-116.53762210160494">
        <time>2005-05-01T11:08:28-07:00</time>
      </trkpt>
      <trkpt lat="33.010353706777096" lon="-116.53762210160494">
        <time>2005-05-01T11:08:34-07:00</time>
      </trkpt>
      <trkpt lat="33.010353706777096" lon="-116.53762210160494">
        <time>2005-05-01T11:08:36-07:00</time>
      </trkpt>
      <trkpt lat="33.010353706777096" lon="-116.53762210160494">
        <time>2005-05-01T11:08:43-07:00</time>
      </trkpt>
      <trkpt lat="33.010353706777096" lon="-116.53762210160494">
        <time>2005-05-01T11:08:54-07:00</time>
      </trkpt>
      <trkpt lat="33.010353706777096" lon="-116.53762210160494">
        <time>2005-05-01T11:09:03-07:00</time>
      </trkpt>
      <trkpt lat="33.010353706777096" lon="-116.53762210160494">
        <time>2005-05-01T11:09:10-07:00</time>
      </trkpt>
      <trkpt lat="33.010353706777096" lon="-116.53762210160494">
        <time>2005-05-01T11:09:19-07:00</time>
      </trkpt>
      <trkpt lat="33.010353706777096" lon="-116.53762210160494">
        <time>2005-05-01T11:09:30-07:00</time>
      </trkpt>
      <trkpt lat="33.010353706777096" lon="-116.53762210160494">
        <time>2005-05-01T11:09:40-07:00</time>
      </trkpt>
      <trkpt lat="33.010353706777096" lon="-116.53762210160494">
        <time>2005-05-01T11:09:46-07:00</time>
      </trkpt>
      <trkpt lat="33.010353706777096" lon="-116.53762210160494">
        <time>2005-05-01T11:09:56-07:00</time>
      </trkpt>
      <trkpt lat="33.010353706777096" lon="-116.53762210160494">
        <time>2005-05-01T11:10:05-07:00</time>
      </trkpt>
      <trkpt lat="33.010353706777096" lon="-116.53762210160494">
        <time>2005-05-01T11:10:06-07:00</time>
      </trkpt>
      <trkpt lat="33.010353706777096" lon="-116.53762210160494">
        <time>2005-05-01T11:10:19-07:00</time>
      </trkpt>
      <trkpt lat="33.010353706777096" lon="-116.53762210160494">
        <time>2005-05-01T11:10:22-07:00</time>
      </trkpt>
      <trkpt lat="33.010353706777096" lon="-116.53762210160494">
        <time>2005-05-01T11:10:28-07:00</time>
      </trkpt>
      <trkpt lat="33.010353706777096" lon="-116.53762210160494">
        <time>2005-05-01T11:10:31-07:00</time>
      </trkpt>
      <trkpt lat="33.010353706777096" lon="-116.53762210160494">
        <time>2005-05-01T11:10:45-07:00</time>
      </trkpt>
      <trkpt lat="33.010353706777096" lon="-116.53762210160494">
        <time>2005-05-01T11:11:00-07:00</time>
      </trkpt>
      <trkpt lat="33.010353706777096" lon="-116.53762210160494">
        <time>2005-05-01T11:11:15-07:00</time>
      </trkpt>
      <trkpt lat="33.01034985110164" lon="-116.53761807829142">
        <time>2005-05-01T11:11:35-07:00</time>
      </trkpt>
      <trkpt lat="33.010353706777096" lon="-116.53762210160494">
        <time>2005-05-01T11:11:43-07:00</time>
      </trkpt>
      <trkpt lat="33.010353706777096" lon="-116.53762210160494">
        <time>2005-05-01T11:11:46-07:00</time>
      </trkpt>
      <trkpt lat="33.010353706777096" lon="-116.53762210160494">
        <time>2005-05-01T11:11:48-07:00</time>
      </trkpt>
      <trkpt lat="33.010353706777096" lon="-116.53762210160494">
        <time>2005-05-01T11:11:56-07:00</time>
      </trkpt>
      <trkpt lat="33.010353706777096" lon="-116.53762210160494">
        <time>2005-05-01T11:12:09-07:00</time>
      </trkpt>
      <trkpt lat="33.010353706777096" lon="-116.53762210160494">
        <time>2005-05-01T11:12:23-07:00</time>
      </trkpt>
      <trkpt lat="33.010353706777096" lon="-116.53762210160494">
        <time>2005-05-01T11:12:29-07:00</time>
      </trkpt>
      <trkpt lat="33.010353706777096" lon="-116.53762210160494">
        <time>2005-05-01T11:12:32-07:00</time>
      </trkpt>
      <trkpt lat="33.010353706777096" lon="-116.53762210160494">
        <time>2005-05-01T11:12:37-07:00</time>
      </trkpt>
      <trkpt lat="33.010353706777096" lon="-116.53762210160494">
        <time>2005-05-01T11:12:44-07:00</time>
      </trkpt>
      <trkpt lat="33.010353706777096" lon="-116.53762210160494">
        <time>2005-05-01T11:12:47-07:00</time>
      </trkpt>
      <trkpt lat="33.010353706777096" lon="-116.53762210160494">
        <time>2005-05-01T11:12:56-07:00</time>
      </trkpt>
      <trkpt lat="33.010353706777096" lon="-116.53762210160494">
        <time>2005-05-01T11:12:58-07:00</time>
      </trkpt>
      <trkpt lat="33.010353706777096" lon="-116.53762210160494">
        <time>2005-05-01T11:13:10-07:00</time>
      </trkpt>
      <trkpt lat="33.010353706777096" lon="-116.53762210160494">
        <time>2005-05-01T11:13:18-07:00</time>
      </trkpt>
      <trkpt lat="33.010347755625844" lon="-116.5376204252243">
        <time>2005-05-01T11:13:20-07:00</time>
      </trkpt>
      <trkpt lat="33.01034222356975" lon="-116.53762813657522">
        <time>2005-05-01T11:13:27-07:00</time>
      </trkpt>
      <trkpt lat="33.010341385379434" lon="-116.53762478381395">
        <time>2005-05-01T11:13:38-07:00</time>
      </trkpt>
      <trkpt lat="33.010353706777096" lon="-116.53762210160494">
        <time>2005-05-01T11:13:42-07:00</time>
      </trkpt>
      <trkpt lat="33.010353706777096" lon="-116.53762210160494">
        <time>2005-05-01T11:13:48-07:00</time>
      </trkpt>
      <trkpt lat="33.010353706777096" lon="-116.53762210160494">
        <time>2005-05-01T11:13:54-07:00</time>
      </trkpt>
      <trkpt lat="33.010353706777096" lon="-116.53762210160494">
        <time>2005-05-01T11:14:02-07:00</time>
      </trkpt>
      <trkpt lat="33.010353706777096" lon="-116.53762210160494">
        <time>2005-05-01T11:14:16-07:00</time>
      </trkpt>
      <trkpt lat="33.010353706777096" lon="-116.53762210160494">
        <time>2005-05-01T11:14:23-07:00</time>
      </trkpt>
      <trkpt lat="33.010353706777096" lon="-116.53762210160494">
        <time>2005-05-01T11:14:28-07:00</time>
      </trkpt>
      <trkpt lat="33.010353706777096" lon="-116.53762210160494">
        <time>2005-05-01T11:14:33-07:00</time>
      </trkpt>
      <trkpt lat="33.010353706777096" lon="-116.53762210160494">
        <time>2005-05-01T11:14:38-07:00</time>
      </trkpt>
      <trkpt lat="33.010353706777096" lon="-116.53762210160494">
        <time>2005-05-01T11:14:46-07:00</time>
      </trkpt>
      <trkpt lat="33.01035387441516" lon="-116.53762268833816">
        <time>2005-05-01T11:14:47-07:00</time>
      </trkpt>
      <trkpt lat="33.010353706777096" lon="-116.53762210160494">
        <time>2005-05-01T11:14:53-07:00</time>
      </trkpt>
      <trkpt lat="33.010353706777096" lon="-116.53762210160494">
        <time>2005-05-01T11:14:59-07:00</time>
      </trkpt>
      <trkpt lat="33.010353706777096" lon="-116.53762210160494">
        <time>2005-05-01T11:15:06-07:00</time>
      </trkpt>
      <trkpt lat="33.010353706777096" lon="-116.53762210160494">
        <time>2005-05-01T11:15:10-07:00</time>
      </trkpt>
      <trkpt lat="33.010353706777096" lon="-116.53762210160494">
        <time>2005-05-01T11:15:20-07:00</time>
      </trkpt>
      <trkpt lat="33.010353706777096" lon="-116.53762210160494">
        <time>2005-05-01T11:15:29-07:00</time>
      </trkpt>
      <trkpt lat="33.010353706777096" lon="-116.53762210160494">
        <time>2005-05-01T11:15:38-07:00</time>
      </trkpt>
      <trkpt lat="33.010353706777096" lon="-116.53762210160494">
        <time>2005-05-01T11:15:47-07:00</time>
      </trkpt>
      <trkpt lat="33.010353706777096" lon="-116.53762210160494">
        <time>2005-05-01T11:15:57-07:00</time>
      </trkpt>
      <trkpt lat="33.010353706777096" lon="-116.53762210160494">
        <time>2005-05-01T11:16:10-07:00</time>
      </trkpt>
      <trkpt lat="33.010353706777096" lon="-116.53762210160494">
        <time>2005-05-01T11:16:19-07:00</time>
      </trkpt>
      <trkpt lat="33.010353706777096" lon="-116.53762210160494">
        <time>2005-05-01T11:16:31-07:00</time>
      </trkpt>
      <trkpt lat="33.010353706777096" lon="-116.53762210160494">
        <time>2005-05-01T11:16:44-07:00</time>
      </trkpt>
      <trkpt lat="33.010353706777096" lon="-116.53762210160494">
        <time>2005-05-01T11:16:52-07:00</time>
      </trkpt>
      <trkpt lat="33.010353706777096" lon="-116.53762210160494">
        <time>2005-05-01T11:16:55-07:00</time>
      </trkpt>
      <trkpt lat="33.010353706777096" lon="-116.53762210160494">
        <time>2005-05-01T11:17:06-07:00</time>
      </trkpt>
      <trkpt lat="33.010353706777096" lon="-116.53762210160494">
        <time>2005-05-01T11:17:10-07:00</time>
      </trkpt>
      <trkpt lat="33.010353706777096" lon="-116.53762210160494">
        <time>2005-05-01T11:17:22-07:00</time>
      </trkpt>
      <trkpt lat="33.010353706777096" lon="-116.53762210160494">
        <time>2005-05-01T11:17:28-07:00</time>
      </trkpt>
      <trkpt lat="33.010353706777096" lon="-116.53762210160494">
        <time>2005-05-01T11:17:31-07:00</time>
      </trkpt>
      <trkpt lat="33.010353706777096" lon="-116.53762210160494">
        <time>2005-05-01T11:17:38-07:00</time>
      </trkpt>
      <trkpt lat="33.010353706777096" lon="-116.53762210160494">
        <time>2005-05-01T11:17:44-07:00</time>
      </trkpt>
      <trkpt lat="33.010353706777096" lon="-116.53762210160494">
        <time>2005-05-01T11:17:45-07:00</time>
      </trkpt>
      <trkpt lat="33.010353706777096" lon="-116.53762210160494">
        <time>2005-05-01T11:18:00-07:00</time>
      </trkpt>
      <trkpt lat="33.010353706777096" lon="-116.53762210160494">
        <time>2005-05-01T11:18:09-07:00</time>
      </trkpt>
      <trkpt lat="33.010353706777096" lon="-116.53762210160494">
        <time>2005-05-01T11:18:18-07:00</time>
      </trkpt>
      <trkpt lat="33.010353706777096" lon="-116.53762210160494">
        <time>2005-05-01T11:18:19-07:00</time>
      </trkpt>
      <trkpt lat="33.010353706777096" lon="-116.53762210160494">
        <time>2005-05-01T11:18:31-07:00</time>
      </trkpt>
      <trkpt lat="33.010353706777096" lon="-116.53762210160494">
        <time>2005-05-01T11:18:32-07:00</time>
      </trkpt>
      <trkpt lat="33.010353706777096" lon="-116.53762210160494">
        <time>2005-05-01T11:18:51-07:00</time>
      </trkpt>
      <trkpt lat="33.010353706777096" lon="-116.53762210160494">
        <time>2005-05-01T11:19:06-07:00</time>
      </trkpt>
      <trkpt lat="33.010353706777096" lon="-116.53762210160494">
        <time>2005-05-01T11:19:20-07:00</time>
      </trkpt>
      <trkpt lat="33.010353706777096" lon="-116.53762210160494">
        <time>2005-05-01T11:19:32-07:00</time>
      </trkpt>
      <trkpt lat="33.010353706777096" lon="-116.53762210160494">
        <time>2005-05-01T11:19:43-07:00</time>
      </trkpt>
      <trkpt lat="33.010353706777096" lon="-116.53762210160494">
        <time>2005-05-01T11:19:48-07:00</time>
      </trkpt>
      <trkpt lat="33.010353706777096" lon="-116.53762210160494">
        <time>2005-05-01T11:19:50-07:00</time>
      </trkpt>
      <trkpt lat="33.010353706777096" lon="-116.53762210160494">
        <time>2005-05-01T11:19:56-07:00</time>
      </trkpt>
      <trkpt lat="33.010353706777096" lon="-116.53762210160494">
        <time>2005-05-01T11:19:57-07:00</time>
      </trkpt>
      <trkpt lat="33.010353706777096" lon="-116.53762210160494">
        <time>2005-05-01T11:19:58-07:00</time>
      </trkpt>
      <trkpt lat="33.010353706777096" lon="-116.53762210160494">
        <time>2005-05-01T11:20:02-07:00</time>
      </trkpt>
      <trkpt lat="33.010353706777096" lon="-116.53762210160494">
        <time>2005-05-01T11:20:07-07:00</time>
      </trkpt>
      <trkpt lat="33.010353706777096" lon="-116.53762210160494">
        <time>2005-05-01T11:20:17-07:00</time>
      </trkpt>
      <trkpt lat="33.010353706777096" lon="-116.53762210160494">
        <time>2005-05-01T11:20:23-07:00</time>
      </trkpt>
      <trkpt lat="33.010353706777096" lon="-116.53762210160494">
        <time>2005-05-01T11:20:31-07:00</time>
      </trkpt>
      <trkpt lat="33.010353706777096" lon="-116.53762210160494">
        <time>2005-05-01T11:20:36-07:00</time>
      </trkpt>
      <trkpt lat="33.010353706777096" lon="-116.53762210160494">
        <time>2005-05-01T11:20:37-07:00</time>
      </trkpt>
      <trkpt lat="33.010353706777096" lon="-116.53762210160494">
        <time>2005-05-01T11:20:51-07:00</time>
      </trkpt>
      <trkpt lat="33.010353706777096" lon="-116.53762210160494">
        <time>2005-05-01T11:20:58-07:00</time>
      </trkpt>
      <trkpt lat="33.010353706777096" lon="-116.53762210160494">
        <time>2005-05-01T11:21:06-07:00</time>
      </trkpt>
      <trkpt lat="33.010353706777096" lon="-116.53762210160494">
        <time>2005-05-01T11:21:16-07:00</time>
      </trkpt>
      <trkpt lat="33.010353706777096" lon="-116.53762210160494">
        <time>2005-05-01T11:21:28-07:00</time>
      </trkpt>
      <trkpt lat="33.01036317832768" lon="-116.53762025758624">
        <time>2005-05-01T11:21:30-07:00</time>
      </trkpt>
      <trkpt lat="33.010353706777096" lon="-116.53762210160494">
        <time>2005-05-01T11:21:33-07:00</time>
      </trkpt>
      <trkpt lat="33.010353706777096" lon="-116.53762210160494">
        <time>2005-05-01T11:21:36-07:00</time>
      </trkpt>
      <trkpt lat="33.010367788374424" lon="-116.53762050904334">
        <time>2005-05-01T11:21:42-07:00</time>
      </trkpt>
      <trkpt lat="33.010367788374424" lon="-116.53762050904334">
        <time>2005-05-01T11:21:45-07:00</time>
      </trkpt>
      <trkpt lat="33.010367788374424" lon="-116.53762050904334">
        <time>2005-05-01T11:21:46-07:00</time>
      </trkpt>
      <trkpt lat="33.010367788374424" lon="-116.53762050904334">
        <time>2005-05-01T11:21:52-07:00</time>
      </trkpt>
      <trkpt lat="33.010367788374424" lon="-116.53762050904334">
        <time>2005-05-01T11:21:55-07:00</time>
      </trkpt>
      <trkpt lat="33.010367788374424" lon="-116.53762050904334">
        <time>2005-05-01T11:22:01-07:00</time>
      </trkpt>
      <trkpt lat="33.010367788374424" lon="-116.53762050904334">
        <time>2005-05-01T11:22:07-07:00</time>
      </trkpt>
      <trkpt lat="33.010367788374424" lon="-116.53762050904334">
        <time>2005-05-01T11:22:15-07:00</time>
      </trkpt>
      <trkpt lat="33.010367788374424" lon="-116.53762050904334">
        <time>2005-05-01T11:22:17-07:00</time>
      </trkpt>
      <trkpt lat="33.010367788374424" lon="-116.53762050904334">
        <time>2005-05-01T11:22:22-07:00</time>
      </trkpt>
      <trkpt lat="33.010367788374424" lon="-116.53762050904334">
        <time>2005-05-01T11:22:24-07:00</time>
      </trkpt>
      <trkpt lat="33.010367788374424" lon="-116.53762050904334">
        <time>2005-05-01T11:22:33-07:00</time>
      </trkpt>
      <trkpt lat="33.010367788374424" lon="-116.53762050904334">
        <time>2005-05-01T11:22:37-07:00</time>
      </trkpt>
      <trkpt lat="33.010367788374424" lon="-116.53762050904334">
        <time>2005-05-01T11:22:43-07:00</time>
      </trkpt>
      <trkpt lat="33.010367788374424" lon="-116.53762050904334">
        <time>2005-05-01T11:22:57-07:00</time>
      </trkpt>
      <trkpt lat="33.010367788374424" lon="-116.53762050904334">
        <time>2005-05-01T11:23:15-07:00</time>
      </trkpt>
      <trkpt lat="33.010367788374424" lon="-116.53762050904334">
        <time>2005-05-01T11:23:19-07:00</time>
      </trkpt>
      <trkpt lat="33.010367788374424" lon="-116.53762050904334">
        <time>2005-05-01T11:23:23-07:00</time>
      </trkpt>
      <trkpt lat="33.010367788374424" lon="-116.53762050904334">
        <time>2005-05-01T11:23:27-07:00</time>
      </trkpt>
      <trkpt lat="33.010367788374424" lon="-116.53762050904334">
        <time>2005-05-01T11:23:29-07:00</time>
      </trkpt>
      <trkpt lat="33.010367788374424" lon="-116.53762050904334">
        <time>2005-05-01T11:23:39-07:00</time>
      </trkpt>
      <trkpt lat="33.010367788374424" lon="-116.53762050904334">
        <time>2005-05-01T11:23:44-07:00</time>
      </trkpt>
      <trkpt lat="33.010367788374424" lon="-116.53762050904334">
        <time>2005-05-01T11:23:50-07:00</time>
      </trkpt>
      <trkpt lat="33.010367788374424" lon="-116.53762076050043">
        <time>2005-05-01T11:23:54-07:00</time>
      </trkpt>
      <trkpt lat="33.010367788374424" lon="-116.53762050904334">
        <time>2005-05-01T11:24:01-07:00</time>
      </trkpt>
      <trkpt lat="33.010367788374424" lon="-116.53762050904334">
        <time>2005-05-01T11:24:05-07:00</time>
      </trkpt>
      <trkpt lat="33.010367788374424" lon="-116.53762050904334">
        <time>2005-05-01T11:24:15-07:00</time>
      </trkpt>
      <trkpt lat="33.010367788374424" lon="-116.53762050904334">
        <time>2005-05-01T11:24:18-07:00</time>
      </trkpt>
      <trkpt lat="33.010367788374424" lon="-116.53762050904334">
        <time>2005-05-01T11:24:22-07:00</time>
      </trkpt>
      <trkpt lat="33.010367788374424" lon="-116.53762050904334">
        <time>2005-05-01T11:24:24-07:00</time>
      </trkpt>
      <trkpt lat="33.010367788374424" lon="-116.53762050904334">
        <time>2005-05-01T11:24:32-07:00</time>
      </trkpt>
      <trkpt lat="33.010367788374424" lon="-116.53762050904334">
        <time>2005-05-01T11:24:40-07:00</time>
      </trkpt>
      <trkpt lat="33.010367788374424" lon="-116.53762050904334">
        <time>2005-05-01T11:24:42-07:00</time>
      </trkpt>
      <trkpt lat="33.010367788374424" lon="-116.53762050904334">
        <time>2005-05-01T11:24:50-07:00</time>
      </trkpt>
      <trkpt lat="33.010367788374424" lon="-116.53762050904334">
        <time>2005-05-01T11:24:52-07:00</time>
      </trkpt>
      <trkpt lat="33.010367788374424" lon="-116.53762050904334">
        <time>2005-05-01T11:25:02-07:00</time>
      </trkpt>
      <trkpt lat="33.010367788374424" lon="-116.53762050904334">
        <time>2005-05-01T11:25:06-07:00</time>
      </trkpt>
      <trkpt lat="33.01037390716374" lon="-116.53762553818524">
        <time>2005-05-01T11:25:11-07:00</time>
      </trkpt>
      <trkpt lat="33.01037533208728" lon="-116.53762478381395">
        <time>2005-05-01T11:25:17-07:00</time>
      </trkpt>
      <trkpt lat="33.01038480363786" lon="-116.53762159869075">
        <time>2005-05-01T11:25:21-07:00</time>
      </trkpt>
      <trkpt lat="33.01038480363786" lon="-116.53762159869075">
        <time>2005-05-01T11:25:28-07:00</time>
      </trkpt>
      <trkpt lat="33.010379103943706" lon="-116.53762478381395">
        <time>2005-05-01T11:25:31-07:00</time>
      </trkpt>
      <trkpt lat="33.01038480363786" lon="-116.53762159869075">
        <time>2005-05-01T11:25:42-07:00</time>
      </trkpt>
      <trkpt lat="33.01038480363786" lon="-116.53762159869075">
        <time>2005-05-01T11:25:48-07:00</time>
      </trkpt>
      <trkpt lat="33.01038480363786" lon="-116.53762159869075">
        <time>2005-05-01T11:25:55-07:00</time>
      </trkpt>
      <trkpt lat="33.01038480363786" lon="-116.53762159869075">
        <time>2005-05-01T11:26:02-07:00</time>
      </trkpt>
    </trkseg>
  </trk>
</gpx>
