<?xml version="1.0" encoding="UTF-8"?>
<gpx version="1.1" creator="GarminFitSummaryExtractor" xmlns="http://www.topografix.com/GPX/1/1" xmlns:xsi="http://www.w3.org/2001/XMLSchema-instance" xsi:schemaLocation="http://www.topografix.com/GPX/1/1 http://www.topografix.com/GPX/1/1/gpx.xsd">
  <metadata>
    <name>2025-09-24-06-36-09</name>
    <time>2005-09-25T06:36:09-07:00</time>
  </metadata>
  <trk>
    <name>2025-09-24-06-36-09</name>
    <type>HIKING</type>
    <trkseg>
      <trkpt lat="48.82390704005957" lon="-120.73150768876076">
        <time>2005-09-25T06:36:09-07:00</time>
      </trkpt>
      <trkpt lat="48.8240622729063" lon="-120.73151330463588">
        <time>2005-09-25T06:36:10-07:00</time>
      </trkpt>
      <trkpt lat="48.82416830398142" lon="-120.73146251030266">
        <time>2005-09-25T06:36:14-07:00</time>
      </trkpt>
      <trkpt lat="48.82417886517942" lon="-120.73145563714206">
        <time>2005-09-25T06:36:16-07:00</time>
      </trkpt>
      <trkpt lat="48.82420568726957" lon="-120.73141481727362">
        <time>2005-09-25T06:36:25-07:00</time>
      </trkpt>
      <trkpt lat="48.82422957569361" lon="-120.73141297325492">
        <time>2005-09-25T06:36:29-07:00</time>
      </trkpt>
      <trkpt lat="48.82427852600813" lon="-120.73143719695508">
        <time>2005-09-25T06:36:33-07:00</time>
      </trkpt>
      <trkpt lat="48.82434993982315" lon="-120.73142579756677">
        <time>2005-09-25T06:36:42-07:00</time>
      </trkpt>
      <trkpt lat="48.824475668370724" lon="-120.73141615837812">
        <time>2005-09-25T06:36:53-07:00</time>
      </trkpt>
      <trkpt lat="48.82456082850695" lon="-120.73138455860317">
        <time>2005-09-25T06:37:04-07:00</time>
      </trkpt>
      <trkpt lat="48.82463777437806" lon="-120.73134700767696">
        <time>2005-09-25T06:37:10-07:00</time>
      </trkpt>
      <trkpt lat="48.824649257585406" lon="-120.73133845813572">
        <time>2005-09-25T06:37:15-07:00</time>
      </trkpt>
      <trkpt lat="48.82472184486687" lon="-120.73124944232404">
        <time>2005-09-25T06:37:17-07:00</time>
      </trkpt>
      <trkpt lat="48.824826618656516" lon="-120.73109035380185">
        <time>2005-09-25T06:37:28-07:00</time>
      </trkpt>
      <trkpt lat="48.8248344976455" lon="-120.73108113370836">
        <time>2005-09-25T06:37:36-07:00</time>
      </trkpt>
      <trkpt lat="48.8249412830919" lon="-120.73100997135043">
        <time>2005-09-25T06:37:37-07:00</time>
      </trkpt>
      <trkpt lat="48.8250847812742" lon="-120.73096479289234">
        <time>2005-09-25T06:37:49-07:00</time>
      </trkpt>
      <trkpt lat="48.82511026225984" lon="-120.73095071129501">
        <time>2005-09-25T06:37:53-07:00</time>
      </trkpt>
      <trkpt lat="48.8251225836575" lon="-120.73092958889902">
        <time>2005-09-25T06:37:58-07:00</time>
      </trkpt>
      <trkpt lat="48.825215538963675" lon="-120.73088139295578">
        <time>2005-09-25T06:37:59-07:00</time>
      </trkpt>
      <trkpt lat="48.82532467134297" lon="-120.73081945069134">
        <time>2005-09-25T06:38:05-07:00</time>
      </trkpt>
      <trkpt lat="48.82540304213762" lon="-120.73077133856714">
        <time>2005-09-25T06:38:17-07:00</time>
      </trkpt>
      <trkpt lat="48.825474455952644" lon="-120.7307004276663">
        <time>2005-09-25T06:38:23-07:00</time>
      </trkpt>
      <trkpt lat="48.82553187198937" lon="-120.73065776377916">
        <time>2005-09-25T06:38:27-07:00</time>
      </trkpt>
      <trkpt lat="48.82554369047284" lon="-120.73065248318017">
        <time>2005-09-25T06:38:31-07:00</time>
      </trkpt>
      <trkpt lat="48.825668413192034" lon="-120.73063320480287">
        <time>2005-09-25T06:38:37-07:00</time>
      </trkpt>
      <trkpt lat="48.82576799020171" lon="-120.73065524920821">
        <time>2005-09-25T06:38:53-07:00</time>
      </trkpt>
      <trkpt lat="48.82579975761473" lon="-120.7306525669992">
        <time>2005-09-25T06:39:08-07:00</time>
      </trkpt>
      <trkpt lat="48.825838565826416" lon="-120.73063211515546">
        <time>2005-09-25T06:39:11-07:00</time>
      </trkpt>
      <trkpt lat="48.82590721361339" lon="-120.73059297166765">
        <time>2005-09-25T06:39:20-07:00</time>
      </trkpt>
      <trkpt lat="48.82593898102641" lon="-120.73056765832007">
        <time>2005-09-25T06:39:28-07:00</time>
      </trkpt>
      <trkpt lat="48.82599740289152" lon="-120.73051032610238">
        <time>2005-09-25T06:39:43-07:00</time>
      </trkpt>
      <trkpt lat="48.82605926133692" lon="-120.73046657256782">
        <time>2005-09-25T06:39:57-07:00</time>
      </trkpt>
      <trkpt lat="48.82607812061906" lon="-120.73045684956014">
        <time>2005-09-25T06:40:12-07:00</time>
      </trkpt>
      <trkpt lat="48.82615456357598" lon="-120.73035878129303">
        <time>2005-09-25T06:40:25-07:00</time>
      </trkpt>
      <trkpt lat="48.82623746059835" lon="-120.73023640550673">
        <time>2005-09-25T06:40:29-07:00</time>
      </trkpt>
      <trkpt lat="48.826254894956946" lon="-120.73022743687034">
        <time>2005-09-25T06:40:36-07:00</time>
      </trkpt>
      <trkpt lat="48.82631038315594" lon="-120.73015895672143">
        <time>2005-09-25T06:40:51-07:00</time>
      </trkpt>
      <trkpt lat="48.826371319592" lon="-120.7300690189004">
        <time>2005-09-25T06:40:55-07:00</time>
      </trkpt>
      <trkpt lat="48.82642068900168" lon="-120.7300082501024">
        <time>2005-09-25T06:41:02-07:00</time>
      </trkpt>
      <trkpt lat="48.82648380473256" lon="-120.72996759787202">
        <time>2005-09-25T06:41:10-07:00</time>
      </trkpt>
      <trkpt lat="48.82654298096895" lon="-120.72992132976651">
        <time>2005-09-25T06:41:11-07:00</time>
      </trkpt>
      <trkpt lat="48.826627638190985" lon="-120.72989526204765">
        <time>2005-09-25T06:41:17-07:00</time>
      </trkpt>
      <trkpt lat="48.8267511036247" lon="-120.72985092177987">
        <time>2005-09-25T06:41:19-07:00</time>
      </trkpt>
      <trkpt lat="48.82682042196393" lon="-120.72984153404832">
        <time>2005-09-25T06:41:24-07:00</time>
      </trkpt>
      <trkpt lat="48.82684288546443" lon="-120.72984480299056">
        <time>2005-09-25T06:41:29-07:00</time>
      </trkpt>
      <trkpt lat="48.826946737244725" lon="-120.72984790429473">
        <time>2005-09-25T06:41:37-07:00</time>
      </trkpt>
      <trkpt lat="48.827064419165254" lon="-120.72982183657587">
        <time>2005-09-25T06:41:43-07:00</time>
      </trkpt>
      <trkpt lat="48.827076153829694" lon="-120.72982812300324">
        <time>2005-09-25T06:41:50-07:00</time>
      </trkpt>
      <trkpt lat="48.82716927677393" lon="-120.7298911549151">
        <time>2005-09-25T06:41:51-07:00</time>
      </trkpt>
      <trkpt lat="48.8272727932781" lon="-120.72994907386601">
        <time>2005-09-25T06:41:59-07:00</time>
      </trkpt>
      <trkpt lat="48.82732325233519" lon="-120.73004119098186">
        <time>2005-09-25T06:42:10-07:00</time>
      </trkpt>
      <trkpt lat="48.82731285877526" lon="-120.73012098670006">
        <time>2005-09-25T06:42:11-07:00</time>
      </trkpt>
      <trkpt lat="48.82728863507509" lon="-120.73022651486099">
        <time>2005-09-25T06:42:21-07:00</time>
      </trkpt>
      <trkpt lat="48.82729332894087" lon="-120.73034369386733">
        <time>2005-09-25T06:42:30-07:00</time>
      </trkpt>
      <trkpt lat="48.82728167809546" lon="-120.73043354786932">
        <time>2005-09-25T06:42:33-07:00</time>
      </trkpt>
      <trkpt lat="48.82727354764938" lon="-120.73046489618719">
        <time>2005-09-25T06:42:36-07:00</time>
      </trkpt>
      <trkpt lat="48.82724395953119" lon="-120.73053161613643">
        <time>2005-09-25T06:42:45-07:00</time>
      </trkpt>
      <trkpt lat="48.82723079994321" lon="-120.73057545349002">
        <time>2005-09-25T06:42:53-07:00</time>
      </trkpt>
      <trkpt lat="48.8272104319185" lon="-120.73067444376647">
        <time>2005-09-25T06:43:00-07:00</time>
      </trkpt>
      <trkpt lat="48.82721219211817" lon="-120.73071107268333">
        <time>2005-09-25T06:43:08-07:00</time>
      </trkpt>
      <trkpt lat="48.82720255292952" lon="-120.73080947622657">
        <time>2005-09-25T06:43:14-07:00</time>
      </trkpt>
      <trkpt lat="48.82720481604338" lon="-120.73084459640086">
        <time>2005-09-25T06:43:15-07:00</time>
      </trkpt>
      <trkpt lat="48.82721831090748" lon="-120.7308785431087">
        <time>2005-09-25T06:43:23-07:00</time>
      </trkpt>
      <trkpt lat="48.82726650685072" lon="-120.73102933354676">
        <time>2005-09-25T06:43:29-07:00</time>
      </trkpt>
      <trkpt lat="48.827274134382606" lon="-120.7311634439975">
        <time>2005-09-25T06:43:32-07:00</time>
      </trkpt>
      <trkpt lat="48.82727371528745" lon="-120.7311808783561">
        <time>2005-09-25T06:43:35-07:00</time>
      </trkpt>
      <trkpt lat="48.82724856957793" lon="-120.73132705874741">
        <time>2005-09-25T06:43:42-07:00</time>
      </trkpt>
      <trkpt lat="48.82722652517259" lon="-120.73141171596944">
        <time>2005-09-25T06:43:44-07:00</time>
      </trkpt>
      <trkpt lat="48.82722241804004" lon="-120.73142889887094">
        <time>2005-09-25T06:43:49-07:00</time>
      </trkpt>
      <trkpt lat="48.82717271335423" lon="-120.73157759383321">
        <time>2005-09-25T06:43:56-07:00</time>
      </trkpt>
      <trkpt lat="48.827135330066085" lon="-120.73171748779714">
        <time>2005-09-25T06:43:58-07:00</time>
      </trkpt>
      <trkpt lat="48.82712535560131" lon="-120.73175034485757">
        <time>2005-09-25T06:44:04-07:00</time>
      </trkpt>
      <trkpt lat="48.82710373029113" lon="-120.7318143825978">
        <time>2005-09-25T06:44:13-07:00</time>
      </trkpt>
      <trkpt lat="48.82706282660365" lon="-120.73193256743252">
        <time>2005-09-25T06:44:15-07:00</time>
      </trkpt>
      <trkpt lat="48.82705360651016" lon="-120.73194656521082">
        <time>2005-09-25T06:44:20-07:00</time>
      </trkpt>
      <trkpt lat="48.82698277942836" lon="-120.73204211890697">
        <time>2005-09-25T06:44:27-07:00</time>
      </trkpt>
      <trkpt lat="48.826919328421354" lon="-120.73218117468059">
        <time>2005-09-25T06:44:34-07:00</time>
      </trkpt>
      <trkpt lat="48.826914466917515" lon="-120.73220514692366">
        <time>2005-09-25T06:44:39-07:00</time>
      </trkpt>
      <trkpt lat="48.82689896039665" lon="-120.73233003728092">
        <time>2005-09-25T06:44:43-07:00</time>
      </trkpt>
      <trkpt lat="48.826894937083125" lon="-120.73235099203885">
        <time>2005-09-25T06:44:51-07:00</time>
      </trkpt>
      <trkpt lat="48.82686727680266" lon="-120.73252156376839">
        <time>2005-09-25T06:44:59-07:00</time>
      </trkpt>
      <trkpt lat="48.826859313994646" lon="-120.7325609587133">
        <time>2005-09-25T06:45:05-07:00</time>
      </trkpt>
      <trkpt lat="48.826859230175614" lon="-120.73260898701847">
        <time>2005-09-25T06:45:07-07:00</time>
      </trkpt>
      <trkpt lat="48.82687322795391" lon="-120.732681741938">
        <time>2005-09-25T06:45:15-07:00</time>
      </trkpt>
      <trkpt lat="48.82688898593187" lon="-120.7327174488455">
        <time>2005-09-25T06:45:23-07:00</time>
      </trkpt>
      <trkpt lat="48.82690700702369" lon="-120.73272063396871">
        <time>2005-09-25T06:45:24-07:00</time>
      </trkpt>
      <trkpt lat="48.82693324238062" lon="-120.73274418711662">
        <time>2005-09-25T06:45:31-07:00</time>
      </trkpt>
      <trkpt lat="48.827016642317176" lon="-120.73285072110593">
        <time>2005-09-25T06:45:39-07:00</time>
      </trkpt>
      <trkpt lat="48.82702804170549" lon="-120.73286547325552">
        <time>2005-09-25T06:45:45-07:00</time>
      </trkpt>
      <trkpt lat="48.82704807445407" lon="-120.73295784182847">
        <time>2005-09-25T06:45:50-07:00</time>
      </trkpt>
      <trkpt lat="48.82704857736826" lon="-120.7329959794879">
        <time>2005-09-25T06:45:56-07:00</time>
      </trkpt>
      <trkpt lat="48.82702703587711" lon="-120.7330855820328">
        <time>2005-09-25T06:46:02-07:00</time>
      </trkpt>
      <trkpt lat="48.82701278664172" lon="-120.73316898196936">
        <time>2005-09-25T06:46:08-07:00</time>
      </trkpt>
      <trkpt lat="48.827016055583954" lon="-120.73321457952261">
        <time>2005-09-25T06:46:10-07:00</time>
      </trkpt>
      <trkpt lat="48.82701789960265" lon="-120.73331139050424">
        <time>2005-09-25T06:46:14-07:00</time>
      </trkpt>
      <trkpt lat="48.827004823833704" lon="-120.73341582901776">
        <time>2005-09-25T06:46:16-07:00</time>
      </trkpt>
      <trkpt lat="48.82700256071985" lon="-120.73346318677068">
        <time>2005-09-25T06:46:22-07:00</time>
      </trkpt>
      <trkpt lat="48.82701228372753" lon="-120.73361825197935">
        <time>2005-09-25T06:46:24-07:00</time>
      </trkpt>
      <trkpt lat="48.82702033035457" lon="-120.73365873657167">
        <time>2005-09-25T06:46:29-07:00</time>
      </trkpt>
      <trkpt lat="48.827038099989295" lon="-120.73377331718802">
        <time>2005-09-25T06:46:31-07:00</time>
      </trkpt>
      <trkpt lat="48.82706039585173" lon="-120.73385705240071">
        <time>2005-09-25T06:46:33-07:00</time>
      </trkpt>
      <trkpt lat="48.82708428427577" lon="-120.73393852449954">
        <time>2005-09-25T06:46:41-07:00</time>
      </trkpt>
      <trkpt lat="48.8270965218544" lon="-120.73399225249887">
        <time>2005-09-25T06:46:47-07:00</time>
      </trkpt>
      <trkpt lat="48.82714547216892" lon="-120.73407749645412">
        <time>2005-09-25T06:46:48-07:00</time>
      </trkpt>
      <trkpt lat="48.82716977968812" lon="-120.73408504016697">
        <time>2005-09-25T06:46:56-07:00</time>
      </trkpt>
      <trkpt lat="48.82723373360932" lon="-120.73412510566413">
        <time>2005-09-25T06:47:02-07:00</time>
      </trkpt>
      <trkpt lat="48.82725569419563" lon="-120.7341437973082">
        <time>2005-09-25T06:47:03-07:00</time>
      </trkpt>
      <trkpt lat="48.8273108471185" lon="-120.7342048175633">
        <time>2005-09-25T06:47:10-07:00</time>
      </trkpt>
      <trkpt lat="48.827325850725174" lon="-120.73421705514193">
        <time>2005-09-25T06:47:17-07:00</time>
      </trkpt>
      <trkpt lat="48.82738318294287" lon="-120.73428771458566">
        <time>2005-09-25T06:47:19-07:00</time>
      </trkpt>
      <trkpt lat="48.82740246132016" lon="-120.73431763797998">
        <time>2005-09-25T06:47:23-07:00</time>
      </trkpt>
      <trkpt lat="48.827448561787605" lon="-120.73440263047814">
        <time>2005-09-25T06:47:30-07:00</time>
      </trkpt>
      <trkpt lat="48.82745644077659" lon="-120.73441931046546">
        <time>2005-09-25T06:47:31-07:00</time>
      </trkpt>
      <trkpt lat="48.8274678401649" lon="-120.73453238233924">
        <time>2005-09-25T06:47:38-07:00</time>
      </trkpt>
      <trkpt lat="48.82746892981231" lon="-120.73455543257296">
        <time>2005-09-25T06:47:45-07:00</time>
      </trkpt>
      <trkpt lat="48.82748896256089" lon="-120.73465995490551">
        <time>2005-09-25T06:47:46-07:00</time>
      </trkpt>
      <trkpt lat="48.82750304415822" lon="-120.73468040674925">
        <time>2005-09-25T06:47:53-07:00</time>
      </trkpt>
      <trkpt lat="48.82756758481264" lon="-120.73473799042404">
        <time>2005-09-25T06:47:54-07:00</time>
      </trkpt>
      <trkpt lat="48.82759398780763" lon="-120.73475115001202">
        <time>2005-09-25T06:48:01-07:00</time>
      </trkpt>
      <trkpt lat="48.82765458896756" lon="-120.73482424020767">
        <time>2005-09-25T06:48:03-07:00</time>
      </trkpt>
      <trkpt lat="48.82769029587507" lon="-120.7349213026464">
        <time>2005-09-25T06:48:06-07:00</time>
      </trkpt>
      <trkpt lat="48.827755842357874" lon="-120.73504334315658">
        <time>2005-09-25T06:48:10-07:00</time>
      </trkpt>
      <trkpt lat="48.82784611545503" lon="-120.73509665206075">
        <time>2005-09-25T06:48:12-07:00</time>
      </trkpt>
      <trkpt lat="48.82790076546371" lon="-120.7350957300514">
        <time>2005-09-25T06:48:14-07:00</time>
      </trkpt>
      <trkpt lat="48.827914260327816" lon="-120.73510176502168">
        <time>2005-09-25T06:48:16-07:00</time>
      </trkpt>
      <trkpt lat="48.82797176018357" lon="-120.73514861986041">
        <time>2005-09-25T06:48:24-07:00</time>
      </trkpt>
      <trkpt lat="48.828045101836324" lon="-120.73526621796191">
        <time>2005-09-25T06:48:25-07:00</time>
      </trkpt>
      <trkpt lat="48.82806438021362" lon="-120.73529060930014">
        <time>2005-09-25T06:48:30-07:00</time>
      </trkpt>
      <trkpt lat="48.82808156311512" lon="-120.73530049994588">
        <time>2005-09-25T06:48:32-07:00</time>
      </trkpt>
      <trkpt lat="48.82815004326403" lon="-120.73528004810214">
        <time>2005-09-25T06:48:37-07:00</time>
      </trkpt>
      <trkpt lat="48.82817937992513" lon="-120.7352630328387">
        <time>2005-09-25T06:48:41-07:00</time>
      </trkpt>
      <trkpt lat="48.828250374644995" lon="-120.73524501174688">
        <time>2005-09-25T06:48:44-07:00</time>
      </trkpt>
      <trkpt lat="48.828276777639985" lon="-120.73525054380298">
        <time>2005-09-25T06:48:48-07:00</time>
      </trkpt>
      <trkpt lat="48.828331511467695" lon="-120.73523746803403">
        <time>2005-09-25T06:48:55-07:00</time>
      </trkpt>
      <trkpt lat="48.82836168631911" lon="-120.73522062040865">
        <time>2005-09-25T06:48:57-07:00</time>
      </trkpt>
      <trkpt lat="48.82840929552913" lon="-120.73517703451216">
        <time>2005-09-25T06:49:03-07:00</time>
      </trkpt>
      <trkpt lat="48.82844064384699" lon="-120.73512791655958">
        <time>2005-09-25T06:49:05-07:00</time>
      </trkpt>
      <trkpt lat="48.82849462330341" lon="-120.73511995375156">
        <time>2005-09-25T06:49:11-07:00</time>
      </trkpt>
      <trkpt lat="48.82853267714381" lon="-120.73512758128345">
        <time>2005-09-25T06:49:16-07:00</time>
      </trkpt>
      <trkpt lat="48.82856830023229" lon="-120.73513478972018">
        <time>2005-09-25T06:49:21-07:00</time>
      </trkpt>
      <trkpt lat="48.82858355529606" lon="-120.7351287547499">
        <time>2005-09-25T06:49:24-07:00</time>
      </trkpt>
      <trkpt lat="48.82855941541493" lon="-120.7351181935519">
        <time>2005-09-25T06:49:29-07:00</time>
      </trkpt>
      <trkpt lat="48.82853728719056" lon="-120.73510687798262">
        <time>2005-09-25T06:49:31-07:00</time>
      </trkpt>
      <trkpt lat="48.82853074930608" lon="-120.73509648442268">
        <time>2005-09-25T06:49:35-07:00</time>
      </trkpt>
      <trkpt lat="48.82847241126001" lon="-120.73504124768078">
        <time>2005-09-25T06:49:37-07:00</time>
      </trkpt>
      <trkpt lat="48.82841868326068" lon="-120.73499363847077">
        <time>2005-09-25T06:49:42-07:00</time>
      </trkpt>
      <trkpt lat="48.82835707627237" lon="-120.73498047888279">
        <time>2005-09-25T06:49:43-07:00</time>
      </trkpt>
      <trkpt lat="48.82833670824766" lon="-120.73496975004673">
        <time>2005-09-25T06:49:48-07:00</time>
      </trkpt>
      <trkpt lat="48.828341737389565" lon="-120.73495851829648">
        <time>2005-09-25T06:49:50-07:00</time>
      </trkpt>
      <trkpt lat="48.82835330441594" lon="-120.73495281860232">
        <time>2005-09-25T06:49:56-07:00</time>
      </trkpt>
      <trkpt lat="48.82837392389774" lon="-120.7349472027272">
        <time>2005-09-25T06:49:57-07:00</time>
      </trkpt>
      <trkpt lat="48.82839437574148" lon="-120.73493890464306">
        <time>2005-09-25T06:50:03-07:00</time>
      </trkpt>
      <trkpt lat="48.828458078205585" lon="-120.73489657603204">
        <time>2005-09-25T06:50:04-07:00</time>
      </trkpt>
      <trkpt lat="48.82846713066101" lon="-120.73488911613822">
        <time>2005-09-25T06:50:10-07:00</time>
      </trkpt>
      <trkpt lat="48.82852857001126" lon="-120.73485273867846">
        <time>2005-09-25T06:50:12-07:00</time>
      </trkpt>
      <trkpt lat="48.82858674041927" lon="-120.73482926934958">
        <time>2005-09-25T06:50:18-07:00</time>
      </trkpt>
      <trkpt lat="48.82863602600992" lon="-120.7348367292434">
        <time>2005-09-25T06:50:20-07:00</time>
      </trkpt>
      <trkpt lat="48.82870894856751" lon="-120.73485114611685">
        <time>2005-09-25T06:50:26-07:00</time>
      </trkpt>
      <trkpt lat="48.82881338708103" lon="-120.73485751636326">
        <time>2005-09-25T06:50:32-07:00</time>
      </trkpt>
      <trkpt lat="48.82883811369538" lon="-120.73489691130817">
        <time>2005-09-25T06:50:40-07:00</time>
      </trkpt>
      <trkpt lat="48.82888941094279" lon="-120.73499062098563">
        <time>2005-09-25T06:50:50-07:00</time>
      </trkpt>
      <trkpt lat="48.828969709575176" lon="-120.73506505228579">
        <time>2005-09-25T06:50:54-07:00</time>
      </trkpt>
      <trkpt lat="48.82901379838586" lon="-120.73510318994522">
        <time>2005-09-25T06:50:56-07:00</time>
      </trkpt>
      <trkpt lat="48.829045901075006" lon="-120.73513428680599">
        <time>2005-09-25T06:51:04-07:00</time>
      </trkpt>
      <trkpt lat="48.82910415530205" lon="-120.73518072254956">
        <time>2005-09-25T06:51:11-07:00</time>
      </trkpt>
      <trkpt lat="48.829114800319076" lon="-120.73518952354789">
        <time>2005-09-25T06:51:13-07:00</time>
      </trkpt>
      <trkpt lat="48.82917758077383" lon="-120.73519648052752">
        <time>2005-09-25T06:51:15-07:00</time>
      </trkpt>
      <trkpt lat="48.82919954136014" lon="-120.73521349579096">
        <time>2005-09-25T06:51:20-07:00</time>
      </trkpt>
      <trkpt lat="48.829260896891356" lon="-120.73529035784304">
        <time>2005-09-25T06:51:22-07:00</time>
      </trkpt>
      <trkpt lat="48.82928696461022" lon="-120.73532002978027">
        <time>2005-09-25T06:51:27-07:00</time>
      </trkpt>
      <trkpt lat="48.82937891408801" lon="-120.73538582772017">
        <time>2005-09-25T06:51:29-07:00</time>
      </trkpt>
      <trkpt lat="48.82945124991238" lon="-120.73551499284804">
        <time>2005-09-25T06:51:33-07:00</time>
      </trkpt>
      <trkpt lat="48.82946088910103" lon="-120.73552496731281">
        <time>2005-09-25T06:51:35-07:00</time>
      </trkpt>
      <trkpt lat="48.82953565567732" lon="-120.73551432229578">
        <time>2005-09-25T06:51:39-07:00</time>
      </trkpt>
      <trkpt lat="48.82962458766997" lon="-120.73545707389712">
        <time>2005-09-25T06:51:44-07:00</time>
      </trkpt>
      <trkpt lat="48.829663479700685" lon="-120.73547115549445">
        <time>2005-09-25T06:51:49-07:00</time>
      </trkpt>
      <trkpt lat="48.82970622740686" lon="-120.73549973778427">
        <time>2005-09-25T06:51:51-07:00</time>
      </trkpt>
      <trkpt lat="48.82973397150636" lon="-120.7355045992881">
        <time>2005-09-25T06:51:54-07:00</time>
      </trkpt>
      <trkpt lat="48.8298231549561" lon="-120.73556184768677">
        <time>2005-09-25T06:51:57-07:00</time>
      </trkpt>
      <trkpt lat="48.82983170449734" lon="-120.73556947521865">
        <time>2005-09-25T06:51:59-07:00</time>
      </trkpt>
      <trkpt lat="48.829891216009855" lon="-120.73557718656957">
        <time>2005-09-25T06:52:01-07:00</time>
      </trkpt>
      <trkpt lat="48.82991619408131" lon="-120.73556838557124">
        <time>2005-09-25T06:52:02-07:00</time>
      </trkpt>
      <trkpt lat="48.82997210137546" lon="-120.73559252545238">
        <time>2005-09-25T06:52:07-07:00</time>
      </trkpt>
      <trkpt lat="48.82999079301953" lon="-120.73561364784837">
        <time>2005-09-25T06:52:11-07:00</time>
      </trkpt>
      <trkpt lat="48.83007913827896" lon="-120.73567718267441">
        <time>2005-09-25T06:52:15-07:00</time>
      </trkpt>
      <trkpt lat="48.83017058484256" lon="-120.73570090346038">
        <time>2005-09-25T06:52:18-07:00</time>
      </trkpt>
      <trkpt lat="48.83023696951568" lon="-120.73570895008743">
        <time>2005-09-25T06:52:19-07:00</time>
      </trkpt>
      <trkpt lat="48.830278627574444" lon="-120.73569872416556">
        <time>2005-09-25T06:52:20-07:00</time>
      </trkpt>
      <trkpt lat="48.8303205370903" lon="-120.73568522930145">
        <time>2005-09-25T06:52:22-07:00</time>
      </trkpt>
      <trkpt lat="48.83039421401918" lon="-120.73561004363">
        <time>2005-09-25T06:52:23-07:00</time>
      </trkpt>
      <trkpt lat="48.83044936694205" lon="-120.7355373725295">
        <time>2005-09-25T06:52:28-07:00</time>
      </trkpt>
      <trkpt lat="48.83048859424889" lon="-120.73550250381231">
        <time>2005-09-25T06:52:29-07:00</time>
      </trkpt>
      <trkpt lat="48.83052505552769" lon="-120.73547626845539">
        <time>2005-09-25T06:52:34-07:00</time>
      </trkpt>
      <trkpt lat="48.83057987317443" lon="-120.73544232174754">
        <time>2005-09-25T06:52:39-07:00</time>
      </trkpt>
      <trkpt lat="48.8306072819978" lon="-120.73543142527342">
        <time>2005-09-25T06:52:43-07:00</time>
      </trkpt>
      <trkpt lat="48.830676851794124" lon="-120.73542170226574">
        <time>2005-09-25T06:52:48-07:00</time>
      </trkpt>
      <trkpt lat="48.8307040091604" lon="-120.73541549965739">
        <time>2005-09-25T06:52:56-07:00</time>
      </trkpt>
      <trkpt lat="48.830756060779095" lon="-120.73541508056223">
        <time>2005-09-25T06:52:59-07:00</time>
      </trkpt>
      <trkpt lat="48.83077450096607" lon="-120.73541097342968">
        <time>2005-09-25T06:53:04-07:00</time>
      </trkpt>
      <trkpt lat="48.83084314875305" lon="-120.73541382327676">
        <time>2005-09-25T06:53:10-07:00</time>
      </trkpt>
      <trkpt lat="48.8308837171644" lon="-120.7353911921382">
        <time>2005-09-25T06:53:13-07:00</time>
      </trkpt>
      <trkpt lat="48.830944150686264" lon="-120.73535992763937">
        <time>2005-09-25T06:53:16-07:00</time>
      </trkpt>
      <trkpt lat="48.83096795529127" lon="-120.73534936644137">
        <time>2005-09-25T06:53:21-07:00</time>
      </trkpt>
      <trkpt lat="48.831061413511634" lon="-120.73532019741833">
        <time>2005-09-25T06:53:22-07:00</time>
      </trkpt>
      <trkpt lat="48.83108798414469" lon="-120.73531776666641">
        <time>2005-09-25T06:53:27-07:00</time>
      </trkpt>
      <trkpt lat="48.831166522577405" lon="-120.73534014634788">
        <time>2005-09-25T06:53:29-07:00</time>
      </trkpt>
      <trkpt lat="48.831178676337004" lon="-120.73534333147109">
        <time>2005-09-25T06:53:35-07:00</time>
      </trkpt>
      <trkpt lat="48.83126358501613" lon="-120.7353526353836">
        <time>2005-09-25T06:53:37-07:00</time>
      </trkpt>
      <trkpt lat="48.83127800188959" lon="-120.73535489849746">
        <time>2005-09-25T06:53:45-07:00</time>
      </trkpt>
      <trkpt lat="48.8313790038228" lon="-120.73534450493753">
        <time>2005-09-25T06:53:53-07:00</time>
      </trkpt>
      <trkpt lat="48.83142954669893" lon="-120.73532497510314">
        <time>2005-09-25T06:53:54-07:00</time>
      </trkpt>
      <trkpt lat="48.83145838044584" lon="-120.73531248606741">
        <time>2005-09-25T06:54:00-07:00</time>
      </trkpt>
      <trkpt lat="48.83152577094734" lon="-120.73527242057025">
        <time>2005-09-25T06:54:06-07:00</time>
      </trkpt>
      <trkpt lat="48.83153633214533" lon="-120.73526470921934">
        <time>2005-09-25T06:54:09-07:00</time>
      </trkpt>
      <trkpt lat="48.83165401406586" lon="-120.73521290905774">
        <time>2005-09-25T06:54:13-07:00</time>
      </trkpt>
      <trkpt lat="48.831750992685556" lon="-120.73518726043403">
        <time>2005-09-25T06:54:15-07:00</time>
      </trkpt>
      <trkpt lat="48.83175945840776" lon="-120.73519069701433">
        <time>2005-09-25T06:54:22-07:00</time>
      </trkpt>
      <trkpt lat="48.83182785473764" lon="-120.73522539809346">
        <time>2005-09-25T06:54:23-07:00</time>
      </trkpt>
      <trkpt lat="48.831961546093225" lon="-120.73522942140698">
        <time>2005-09-25T06:54:29-07:00</time>
      </trkpt>
      <trkpt lat="48.83198434486985" lon="-120.73521517217159">
        <time>2005-09-25T06:54:31-07:00</time>
      </trkpt>
      <trkpt lat="48.83205307647586" lon="-120.73515800759196">
        <time>2005-09-25T06:54:36-07:00</time>
      </trkpt>
      <trkpt lat="48.832056848332286" lon="-120.73515205644071">
        <time>2005-09-25T06:54:38-07:00</time>
      </trkpt>
      <trkpt lat="48.83205056190491" lon="-120.7351287547499">
        <time>2005-09-25T06:54:44-07:00</time>
      </trkpt>
      <trkpt lat="48.8320180401206" lon="-120.73512967675924">
        <time>2005-09-25T06:54:51-07:00</time>
      </trkpt>
      <trkpt lat="48.83198585361242" lon="-120.7351321913302">
        <time>2005-09-25T06:54:56-07:00</time>
      </trkpt>
      <trkpt lat="48.831904884427786" lon="-120.73510704562068">
        <time>2005-09-25T06:54:59-07:00</time>
      </trkpt>
      <trkpt lat="48.83189683780074" lon="-120.73509807698429">
        <time>2005-09-25T06:55:02-07:00</time>
      </trkpt>
      <trkpt lat="48.83182869292796" lon="-120.73503102175891">
        <time>2005-09-25T06:55:09-07:00</time>
      </trkpt>
      <trkpt lat="48.83180547505617" lon="-120.73500671423972">
        <time>2005-09-25T06:55:14-07:00</time>
      </trkpt>
      <trkpt lat="48.83172718808055" lon="-120.7349297683686">
        <time>2005-09-25T06:55:18-07:00</time>
      </trkpt>
      <trkpt lat="48.83169793523848" lon="-120.73490219190717">
        <time>2005-09-25T06:55:21-07:00</time>
      </trkpt>
      <trkpt lat="48.83165108039975" lon="-120.73486883193254">
        <time>2005-09-25T06:55:25-07:00</time>
      </trkpt>
      <trkpt lat="48.83161436766386" lon="-120.73485173285007">
        <time>2005-09-25T06:55:27-07:00</time>
      </trkpt>
      <trkpt lat="48.83156692609191" lon="-120.73483203537762">
        <time>2005-09-25T06:55:32-07:00</time>
      </trkpt>
      <trkpt lat="48.83153021335602" lon="-120.73481309227645">
        <time>2005-09-25T06:55:34-07:00</time>
      </trkpt>
      <trkpt lat="48.83145100437105" lon="-120.73478476144373">
        <time>2005-09-25T06:55:39-07:00</time>
      </trkpt>
      <trkpt lat="48.831426445394754" lon="-120.73478383943439">
        <time>2005-09-25T06:55:40-07:00</time>
      </trkpt>
      <trkpt lat="48.83132368326187" lon="-120.73478518053889">
        <time>2005-09-25T06:55:45-07:00</time>
      </trkpt>
      <trkpt lat="48.83131194859743" lon="-120.73478249832988">
        <time>2005-09-25T06:55:48-07:00</time>
      </trkpt>
      <trkpt lat="48.83127330802381" lon="-120.73477705009282">
        <time>2005-09-25T06:55:53-07:00</time>
      </trkpt>
      <trkpt lat="48.83122402243316" lon="-120.73475617915392">
        <time>2005-09-25T06:55:55-07:00</time>
      </trkpt>
      <trkpt lat="48.83124053478241" lon="-120.73474561795592">
        <time>2005-09-25T06:56:01-07:00</time>
      </trkpt>
      <trkpt lat="48.8312529399991" lon="-120.73474100790918">
        <time>2005-09-25T06:56:03-07:00</time>
      </trkpt>
      <trkpt lat="48.831276493147016" lon="-120.73473991826177">
        <time>2005-09-25T06:56:10-07:00</time>
      </trkpt>
      <trkpt lat="48.831368861719966" lon="-120.73474452830851">
        <time>2005-09-25T06:56:11-07:00</time>
      </trkpt>
      <trkpt lat="48.8313911575824" lon="-120.73473304510117">
        <time>2005-09-25T06:56:17-07:00</time>
      </trkpt>
      <trkpt lat="48.83146491833031" lon="-120.73467613197863">
        <time>2005-09-25T06:56:18-07:00</time>
      </trkpt>
      <trkpt lat="48.83153029717505" lon="-120.73460471816361">
        <time>2005-09-25T06:56:25-07:00</time>
      </trkpt>
      <trkpt lat="48.831543289124966" lon="-120.73459382168949">
        <time>2005-09-25T06:56:29-07:00</time>
      </trkpt>
      <trkpt lat="48.8316588755697" lon="-120.73452743701637">
        <time>2005-09-25T06:56:31-07:00</time>
      </trkpt>
      <trkpt lat="48.831681003794074" lon="-120.73451478034258">
        <time>2005-09-25T06:56:36-07:00</time>
      </trkpt>
      <trkpt lat="48.83174780756235" lon="-120.73448209092021">
        <time>2005-09-25T06:56:37-07:00</time>
      </trkpt>
      <trkpt lat="48.831815952435136" lon="-120.73448192328215">
        <time>2005-09-25T06:56:45-07:00</time>
      </trkpt>
      <trkpt lat="48.83185534738004" lon="-120.73449558578432">
        <time>2005-09-25T06:56:53-07:00</time>
      </trkpt>
      <trkpt lat="48.83191586472094" lon="-120.73452550917864">
        <time>2005-09-25T06:56:54-07:00</time>
      </trkpt>
      <trkpt lat="48.83201544173062" lon="-120.73452475480735">
        <time>2005-09-25T06:57:00-07:00</time>
      </trkpt>
      <trkpt lat="48.83204285055399" lon="-120.73451478034258">
        <time>2005-09-25T06:57:09-07:00</time>
      </trkpt>
      <trkpt lat="48.832034384831786" lon="-120.73448837734759">
        <time>2005-09-25T06:57:11-07:00</time>
      </trkpt>
      <trkpt lat="48.832024494186044" lon="-120.73448569513857">
        <time>2005-09-25T06:57:18-07:00</time>
      </trkpt>
      <trkpt lat="48.83192642591894" lon="-120.73438075371087">
        <time>2005-09-25T06:57:19-07:00</time>
      </trkpt>
      <trkpt lat="48.831873033195734" lon="-120.7342909835279">
        <time>2005-09-25T06:57:22-07:00</time>
      </trkpt>
      <trkpt lat="48.83185769431293" lon="-120.7342825178057">
        <time>2005-09-25T06:57:24-07:00</time>
      </trkpt>
      <trkpt lat="48.83183321915567" lon="-120.73427891358733">
        <time>2005-09-25T06:57:26-07:00</time>
      </trkpt>
      <trkpt lat="48.83178326301277" lon="-120.73424882255495">
        <time>2005-09-25T06:57:32-07:00</time>
      </trkpt>
      <trkpt lat="48.831771025434136" lon="-120.73424228467047">
        <time>2005-09-25T06:57:33-07:00</time>
      </trkpt>
      <trkpt lat="48.831707993522286" lon="-120.73422049172223">
        <time>2005-09-25T06:57:39-07:00</time>
      </trkpt>
      <trkpt lat="48.83168469183147" lon="-120.73420917615294">
        <time>2005-09-25T06:57:41-07:00</time>
      </trkpt>
      <trkpt lat="48.831603387370706" lon="-120.73418998159468">
        <time>2005-09-25T06:57:49-07:00</time>
      </trkpt>
      <trkpt lat="48.83152677677572" lon="-120.73418805375695">
        <time>2005-09-25T06:57:52-07:00</time>
      </trkpt>
      <trkpt lat="48.831487884745" lon="-120.7341892272234">
        <time>2005-09-25T06:57:56-07:00</time>
      </trkpt>
      <trkpt lat="48.83143063634634" lon="-120.73419434018433">
        <time>2005-09-25T06:57:59-07:00</time>
      </trkpt>
      <trkpt lat="48.831360060721636" lon="-120.7342045661062">
        <time>2005-09-25T06:58:04-07:00</time>
      </trkpt>
      <trkpt lat="48.83138570934534" lon="-120.73418461717665">
        <time>2005-09-25T06:58:07-07:00</time>
      </trkpt>
      <trkpt lat="48.83141806349158" lon="-120.73415854945779">
        <time>2005-09-25T06:58:12-07:00</time>
      </trkpt>
      <trkpt lat="48.831519316881895" lon="-120.73409358970821">
        <time>2005-09-25T06:58:14-07:00</time>
      </trkpt>
      <trkpt lat="48.83156826719642" lon="-120.73405955918133">
        <time>2005-09-25T06:58:22-07:00</time>
      </trkpt>
      <trkpt lat="48.83161721751094" lon="-120.7340251095593">
        <time>2005-09-25T06:58:23-07:00</time>
      </trkpt>
      <trkpt lat="48.83170665241778" lon="-120.7340597268194">
        <time>2005-09-25T06:58:26-07:00</time>
      </trkpt>
      <trkpt lat="48.83175803348422" lon="-120.73406802490354">
        <time>2005-09-25T06:58:31-07:00</time>
      </trkpt>
      <trkpt lat="48.831804636865854" lon="-120.7340700365603">
        <time>2005-09-25T06:58:33-07:00</time>
      </trkpt>
      <trkpt lat="48.83184193633497" lon="-120.73406752198935">
        <time>2005-09-25T06:58:34-07:00</time>
      </trkpt>
      <trkpt lat="48.83192810229957" lon="-120.73404313065112">
        <time>2005-09-25T06:58:36-07:00</time>
      </trkpt>
      <trkpt lat="48.832036312669516" lon="-120.73404380120337">
        <time>2005-09-25T06:58:44-07:00</time>
      </trkpt>
      <trkpt lat="48.8320975843817" lon="-120.73403969407082">
        <time>2005-09-25T06:58:46-07:00</time>
      </trkpt>
      <trkpt lat="48.83213664405048" lon="-120.73403215035796">
        <time>2005-09-25T06:58:53-07:00</time>
      </trkpt>
      <trkpt lat="48.83214896544814" lon="-120.73403147980571">
        <time>2005-09-25T06:59:00-07:00</time>
      </trkpt>
      <trkpt lat="48.83220814168453" lon="-120.73404271155596">
        <time>2005-09-25T06:59:01-07:00</time>
      </trkpt>
      <trkpt lat="48.8322564214468" lon="-120.73403944261372">
        <time>2005-09-25T06:59:09-07:00</time>
      </trkpt>
      <trkpt lat="48.83228768594563" lon="-120.73401236906648">
        <time>2005-09-25T06:59:11-07:00</time>
      </trkpt>
      <trkpt lat="48.83226631209254" lon="-120.73399401269853">
        <time>2005-09-25T06:59:16-07:00</time>
      </trkpt>
      <trkpt lat="48.8322548288852" lon="-120.73398747481406">
        <time>2005-09-25T06:59:22-07:00</time>
      </trkpt>
      <trkpt lat="48.83222138509154" lon="-120.73395579122007">
        <time>2005-09-25T06:59:25-07:00</time>
      </trkpt>
      <trkpt lat="48.83218006230891" lon="-120.73389954864979">
        <time>2005-09-25T06:59:30-07:00</time>
      </trkpt>
      <trkpt lat="48.83215139620006" lon="-120.73387113399804">
        <time>2005-09-25T06:59:38-07:00</time>
      </trkpt>
      <trkpt lat="48.832114934921265" lon="-120.73381589725614">
        <time>2005-09-25T06:59:40-07:00</time>
      </trkpt>
      <trkpt lat="48.83208735845983" lon="-120.73377222754061">
        <time>2005-09-25T06:59:43-07:00</time>
      </trkpt>
      <trkpt lat="48.832035306841135" lon="-120.73369628749788">
        <time>2005-09-25T06:59:44-07:00</time>
      </trkpt>
      <trkpt lat="48.831985518336296" lon="-120.73365630581975">
        <time>2005-09-25T06:59:52-07:00</time>
      </trkpt>
      <trkpt lat="48.831918463110924" lon="-120.73359578847885">
        <time>2005-09-25T06:59:57-07:00</time>
      </trkpt>
      <trkpt lat="48.83189499378204" lon="-120.7335377857089">
        <time>2005-09-25T06:59:59-07:00</time>
      </trkpt>
      <trkpt lat="48.83188954554498" lon="-120.73345581069589">
        <time>2005-09-25T07:00:01-07:00</time>
      </trkpt>
      <trkpt lat="48.831891641020775" lon="-120.73337266221642">
        <time>2005-09-25T07:00:04-07:00</time>
      </trkpt>
      <trkpt lat="48.831887282431126" lon="-120.7333065290004">
        <time>2005-09-25T07:00:05-07:00</time>
      </trkpt>
      <trkpt lat="48.83185710757971" lon="-120.73323193006217">
        <time>2005-09-25T07:00:10-07:00</time>
      </trkpt>
      <trkpt lat="48.831825675442815" lon="-120.73319756425917">
        <time>2005-09-25T07:00:12-07:00</time>
      </trkpt>
      <trkpt lat="48.831804217770696" lon="-120.73317241854966">
        <time>2005-09-25T07:00:18-07:00</time>
      </trkpt>
      <trkpt lat="48.83172819390893" lon="-120.73310703970492">
        <time>2005-09-25T07:00:24-07:00</time>
      </trkpt>
      <trkpt lat="48.83171897381544" lon="-120.73310159146786">
        <time>2005-09-25T07:00:28-07:00</time>
      </trkpt>
      <trkpt lat="48.83171126246452" lon="-120.7330541498959">
        <time>2005-09-25T07:00:32-07:00</time>
      </trkpt>
      <trkpt lat="48.83172266185284" lon="-120.7330248132348">
        <time>2005-09-25T07:00:37-07:00</time>
      </trkpt>
      <trkpt lat="48.83175736293197" lon="-120.73300243355334">
        <time>2005-09-25T07:00:40-07:00</time>
      </trkpt>
      <trkpt lat="48.831787034869194" lon="-120.73299983516335">
        <time>2005-09-25T07:00:42-07:00</time>
      </trkpt>
      <trkpt lat="48.83182240650058" lon="-120.73298751376569">
        <time>2005-09-25T07:00:50-07:00</time>
      </trkpt>
      <trkpt lat="48.83188175037503" lon="-120.7329785451293">
        <time>2005-09-25T07:00:53-07:00</time>
      </trkpt>
      <trkpt lat="48.83193053305149" lon="-120.73300838470459">
        <time>2005-09-25T07:00:57-07:00</time>
      </trkpt>
      <trkpt lat="48.83205072954297" lon="-120.73307979851961">
        <time>2005-09-25T07:01:05-07:00</time>
      </trkpt>
      <trkpt lat="48.83209087885916" lon="-120.73310762643814">
        <time>2005-09-25T07:01:09-07:00</time>
      </trkpt>
      <trkpt lat="48.832140835002065" lon="-120.73313998058438">
        <time>2005-09-25T07:01:13-07:00</time>
      </trkpt>
      <trkpt lat="48.83215131238103" lon="-120.73314987123013">
        <time>2005-09-25T07:01:16-07:00</time>
      </trkpt>
      <trkpt lat="48.83224602788687" lon="-120.73319488205016">
        <time>2005-09-25T07:01:22-07:00</time>
      </trkpt>
      <trkpt lat="48.83225901983678" lon="-120.73320250958204">
        <time>2005-09-25T07:01:30-07:00</time>
      </trkpt>
      <trkpt lat="48.8323394022882" lon="-120.73321365751326">
        <time>2005-09-25T07:01:35-07:00</time>
      </trkpt>
      <trkpt lat="48.83240603841841" lon="-120.73322388343513">
        <time>2005-09-25T07:01:39-07:00</time>
      </trkpt>
      <trkpt lat="48.83252271451056" lon="-120.73320988565683">
        <time>2005-09-25T07:01:40-07:00</time>
      </trkpt>
      <trkpt lat="48.83262681774795" lon="-120.73325430974364">
        <time>2005-09-25T07:01:44-07:00</time>
      </trkpt>
      <trkpt lat="48.832630505785346" lon="-120.73329546488822">
        <time>2005-09-25T07:01:48-07:00</time>
      </trkpt>
      <trkpt lat="48.83266914635897" lon="-120.73341867886484">
        <time>2005-09-25T07:01:51-07:00</time>
      </trkpt>
      <trkpt lat="48.83268012665212" lon="-120.73343678377569">
        <time>2005-09-25T07:01:53-07:00</time>
      </trkpt>
      <trkpt lat="48.832739973440766" lon="-120.73348799720407">
        <time>2005-09-25T07:01:54-07:00</time>
      </trkpt>
      <trkpt lat="48.832785319536924" lon="-120.73353518731892">
        <time>2005-09-25T07:01:57-07:00</time>
      </trkpt>
      <trkpt lat="48.8328106328845" lon="-120.7335708104074">
        <time>2005-09-25T07:02:01-07:00</time>
      </trkpt>
      <trkpt lat="48.832827396690845" lon="-120.73365320451558">
        <time>2005-09-25T07:02:04-07:00</time>
      </trkpt>
      <trkpt lat="48.83282572031021" lon="-120.73370047844946">
        <time>2005-09-25T07:02:08-07:00</time>
      </trkpt>
      <trkpt lat="48.83283686824143" lon="-120.73374121449888">
        <time>2005-09-25T07:02:11-07:00</time>
      </trkpt>
      <trkpt lat="48.83292546495795" lon="-120.73381757363677">
        <time>2005-09-25T07:02:17-07:00</time>
      </trkpt>
      <trkpt lat="48.83293837308884" lon="-120.73382243514061">
        <time>2005-09-25T07:02:22-07:00</time>
      </trkpt>
      <trkpt lat="48.833005176857114" lon="-120.73384246788919">
        <time>2005-09-25T07:02:28-07:00</time>
      </trkpt>
      <trkpt lat="48.83305002003908" lon="-120.7338387798518">
        <time>2005-09-25T07:02:31-07:00</time>
      </trkpt>
      <trkpt lat="48.833121517673135" lon="-120.73381539434195">
        <time>2005-09-25T07:02:35-07:00</time>
      </trkpt>
      <trkpt lat="48.83313392288983" lon="-120.73381455615163">
        <time>2005-09-25T07:02:40-07:00</time>
      </trkpt>
      <trkpt lat="48.83323039859533" lon="-120.73383735492826">
        <time>2005-09-25T07:02:43-07:00</time>
      </trkpt>
      <trkpt lat="48.83325210772455" lon="-120.73385277763009">
        <time>2005-09-25T07:02:47-07:00</time>
      </trkpt>
      <trkpt lat="48.83329778909683" lon="-120.73391354642808">
        <time>2005-09-25T07:02:50-07:00</time>
      </trkpt>
      <trkpt lat="48.83332838304341" lon="-120.73391748592257">
        <time>2005-09-25T07:02:52-07:00</time>
      </trkpt>
      <trkpt lat="48.833326790481806" lon="-120.73390189558268">
        <time>2005-09-25T07:02:59-07:00</time>
      </trkpt>
      <trkpt lat="48.83332100696862" lon="-120.73387088254094">
        <time>2005-09-25T07:03:00-07:00</time>
      </trkpt>
      <trkpt lat="48.83330315351486" lon="-120.7337869796902">
        <time>2005-09-25T07:03:04-07:00</time>
      </trkpt>
      <trkpt lat="48.83329762145877" lon="-120.73376258835196">
        <time>2005-09-25T07:03:06-07:00</time>
      </trkpt>
      <trkpt lat="48.83327918127179" lon="-120.7336709741503">
        <time>2005-09-25T07:03:09-07:00</time>
      </trkpt>
      <trkpt lat="48.83323752321303" lon="-120.73359201662242">
        <time>2005-09-25T07:03:11-07:00</time>
      </trkpt>
      <trkpt lat="48.833225537091494" lon="-120.73355480097234">
        <time>2005-09-25T07:03:14-07:00</time>
      </trkpt>
      <trkpt lat="48.83321505971253" lon="-120.73348053731024">
        <time>2005-09-25T07:03:18-07:00</time>
      </trkpt>
      <trkpt lat="48.833210952579975" lon="-120.7334170024842">
        <time>2005-09-25T07:03:22-07:00</time>
      </trkpt>
      <trkpt lat="48.83321405388415" lon="-120.7333620171994">
        <time>2005-09-25T07:03:30-07:00</time>
      </trkpt>
      <trkpt lat="48.83322302252054" lon="-120.7332890946418">
        <time>2005-09-25T07:03:33-07:00</time>
      </trkpt>
      <trkpt lat="48.83323844522238" lon="-120.73321726173162">
        <time>2005-09-25T07:03:39-07:00</time>
      </trkpt>
      <trkpt lat="48.83326442912221" lon="-120.73315238580108">
        <time>2005-09-25T07:03:40-07:00</time>
      </trkpt>
      <trkpt lat="48.83327423594892" lon="-120.73313838802278">
        <time>2005-09-25T07:03:47-07:00</time>
      </trkpt>
      <trkpt lat="48.833315977826715" lon="-120.73313126340508">
        <time>2005-09-25T07:03:48-07:00</time>
      </trkpt>
      <trkpt lat="48.83334254845977" lon="-120.73318314738572">
        <time>2005-09-25T07:03:54-07:00</time>
      </trkpt>
      <trkpt lat="48.833413710817695" lon="-120.73320116847754">
        <time>2005-09-25T07:04:00-07:00</time>
      </trkpt>
      <trkpt lat="48.833441538736224" lon="-120.73321977630258">
        <time>2005-09-25T07:04:08-07:00</time>
      </trkpt>
      <trkpt lat="48.83351228199899" lon="-120.73331918567419">
        <time>2005-09-25T07:04:16-07:00</time>
      </trkpt>
      <trkpt lat="48.83352099917829" lon="-120.73333393782377">
        <time>2005-09-25T07:04:18-07:00</time>
      </trkpt>
      <trkpt lat="48.833569111302495" lon="-120.73339520953596">
        <time>2005-09-25T07:04:26-07:00</time>
      </trkpt>
      <trkpt lat="48.83361177518964" lon="-120.73346016928554">
        <time>2005-09-25T07:04:27-07:00</time>
      </trkpt>
      <trkpt lat="48.83362501859665" lon="-120.73351205326617">
        <time>2005-09-25T07:04:32-07:00</time>
      </trkpt>
      <trkpt lat="48.833627197891474" lon="-120.73352923616767">
        <time>2005-09-25T07:04:36-07:00</time>
      </trkpt>
      <trkpt lat="48.83364010602236" lon="-120.73363727889955">
        <time>2005-09-25T07:04:38-07:00</time>
      </trkpt>
      <trkpt lat="48.83364119566977" lon="-120.73368195444345">
        <time>2005-09-25T07:04:43-07:00</time>
      </trkpt>
      <trkpt lat="48.83363876491785" lon="-120.73378580622375">
        <time>2005-09-25T07:04:46-07:00</time>
      </trkpt>
      <trkpt lat="48.83362703025341" lon="-120.73382595553994">
        <time>2005-09-25T07:04:50-07:00</time>
      </trkpt>
      <trkpt lat="48.8335897307843" lon="-120.73394548147917">
        <time>2005-09-25T07:04:57-07:00</time>
      </trkpt>
      <trkpt lat="48.83358595892787" lon="-120.73396551422775">
        <time>2005-09-25T07:04:58-07:00</time>
      </trkpt>
      <trkpt lat="48.83356785401702" lon="-120.73403030633926">
        <time>2005-09-25T07:05:02-07:00</time>
      </trkpt>
      <trkpt lat="48.8335548620671" lon="-120.73411982506514">
        <time>2005-09-25T07:05:06-07:00</time>
      </trkpt>
      <trkpt lat="48.833550503477454" lon="-120.73416952975094">
        <time>2005-09-25T07:05:13-07:00</time>
      </trkpt>
      <trkpt lat="48.8335654232651" lon="-120.73427388444543">
        <time>2005-09-25T07:05:14-07:00</time>
      </trkpt>
      <trkpt lat="48.833573469892144" lon="-120.73426147922873">
        <time>2005-09-25T07:05:21-07:00</time>
      </trkpt>
      <trkpt lat="48.83363029919565" lon="-120.73416056111455">
        <time>2005-09-25T07:05:23-07:00</time>
      </trkpt>
      <trkpt lat="48.8336793333292" lon="-120.73404966853559">
        <time>2005-09-25T07:05:28-07:00</time>
      </trkpt>
      <trkpt lat="48.83369752205908" lon="-120.7339902408421">
        <time>2005-09-25T07:05:32-07:00</time>
      </trkpt>
      <trkpt lat="48.833719147369266" lon="-120.73393173515797">
        <time>2005-09-25T07:05:33-07:00</time>
      </trkpt>
      <trkpt lat="48.83374806493521" lon="-120.73387096635997">
        <time>2005-09-25T07:05:34-07:00</time>
      </trkpt>
      <trkpt lat="48.833790980279446" lon="-120.73383048176765">
        <time>2005-09-25T07:05:37-07:00</time>
      </trkpt>
      <trkpt lat="48.833789052441716" lon="-120.73384414426982">
        <time>2005-09-25T07:05:38-07:00</time>
      </trkpt>
      <trkpt lat="48.83378033526242" lon="-120.73387616313994">
        <time>2005-09-25T07:05:44-07:00</time>
      </trkpt>
      <trkpt lat="48.83377815596759" lon="-120.7339487504214">
        <time>2005-09-25T07:05:50-07:00</time>
      </trkpt>
      <trkpt lat="48.83377698250115" lon="-120.73396182619035">
        <time>2005-09-25T07:05:52-07:00</time>
      </trkpt>
      <trkpt lat="48.8337224163115" lon="-120.734095685184">
        <time>2005-09-25T07:05:56-07:00</time>
      </trkpt>
      <trkpt lat="48.83368360809982" lon="-120.73418973013759">
        <time>2005-09-25T07:05:59-07:00</time>
      </trkpt>
      <trkpt lat="48.83366768248379" lon="-120.73422937653959">
        <time>2005-09-25T07:06:02-07:00</time>
      </trkpt>
      <trkpt lat="48.83365980349481" lon="-120.73426608927548">
        <time>2005-09-25T07:06:06-07:00</time>
      </trkpt>
      <trkpt lat="48.83364848792553" lon="-120.73434948921204">
        <time>2005-09-25T07:06:10-07:00</time>
      </trkpt>
      <trkpt lat="48.83362082764506" lon="-120.73449600487947">
        <time>2005-09-25T07:06:14-07:00</time>
      </trkpt>
      <trkpt lat="48.833573050796986" lon="-120.7346379943192">
        <time>2005-09-25T07:06:15-07:00</time>
      </trkpt>
      <trkpt lat="48.83356978185475" lon="-120.73465685360134">
        <time>2005-09-25T07:06:19-07:00</time>
      </trkpt>
      <trkpt lat="48.8335532695055" lon="-120.73476313613355">
        <time>2005-09-25T07:06:22-07:00</time>
      </trkpt>
      <trkpt lat="48.833558885380626" lon="-120.73480772785842">
        <time>2005-09-25T07:06:28-07:00</time>
      </trkpt>
      <trkpt lat="48.83356533944607" lon="-120.73491803370416">
        <time>2005-09-25T07:06:30-07:00</time>
      </trkpt>
      <trkpt lat="48.83357279933989" lon="-120.7350994180888">
        <time>2005-09-25T07:06:38-07:00</time>
      </trkpt>
      <trkpt lat="48.83359140716493" lon="-120.73520385660231">
        <time>2005-09-25T07:06:39-07:00</time>
      </trkpt>
      <trkpt lat="48.83361579850316" lon="-120.73519103229046">
        <time>2005-09-25T07:06:44-07:00</time>
      </trkpt>
      <trkpt lat="48.83362493477762" lon="-120.73517577722669">
        <time>2005-09-25T07:06:49-07:00</time>
      </trkpt>
      <trkpt lat="48.83364010602236" lon="-120.73510821908712">
        <time>2005-09-25T07:06:53-07:00</time>
      </trkpt>
      <trkpt lat="48.833649745211005" lon="-120.73507192544639">
        <time>2005-09-25T07:06:54-07:00</time>
      </trkpt>
      <trkpt lat="48.83366466499865" lon="-120.73501668870449">
        <time>2005-09-25T07:06:59-07:00</time>
      </trkpt>
      <trkpt lat="48.83371101692319" lon="-120.73492993600667">
        <time>2005-09-25T07:07:02-07:00</time>
      </trkpt>
      <trkpt lat="48.833737755194306" lon="-120.73488215915859">
        <time>2005-09-25T07:07:08-07:00</time>
      </trkpt>
      <trkpt lat="48.833774803206325" lon="-120.73476942256093">
        <time>2005-09-25T07:07:10-07:00</time>
      </trkpt>
      <trkpt lat="48.83377740159631" lon="-120.73474964126945">
        <time>2005-09-25T07:07:16-07:00</time>
      </trkpt>
      <trkpt lat="48.83378687314689" lon="-120.73466582223773">
        <time>2005-09-25T07:07:17-07:00</time>
      </trkpt>
      <trkpt lat="48.83379500359297" lon="-120.73462718166411">
        <time>2005-09-25T07:07:22-07:00</time>
      </trkpt>
      <trkpt lat="48.83380447514355" lon="-120.73464679531753">
        <time>2005-09-25T07:07:26-07:00</time>
      </trkpt>
      <trkpt lat="48.833808582276106" lon="-120.73468510061502">
        <time>2005-09-25T07:07:28-07:00</time>
      </trkpt>
      <trkpt lat="48.83382065221667" lon="-120.73476992547512">
        <time>2005-09-25T07:07:34-07:00</time>
      </trkpt>
      <trkpt lat="48.83385015651584" lon="-120.73487159796059">
        <time>2005-09-25T07:07:35-07:00</time>
      </trkpt>
      <trkpt lat="48.83389608934522" lon="-120.7349900342524">
        <time>2005-09-25T07:07:41-07:00</time>
      </trkpt>
      <trkpt lat="48.833914529532194" lon="-120.7350441813469">
        <time>2005-09-25T07:07:48-07:00</time>
      </trkpt>
      <trkpt lat="48.833936490118504" lon="-120.73519882746041">
        <time>2005-09-25T07:07:51-07:00</time>
      </trkpt>
      <trkpt lat="48.83393095806241" lon="-120.7352080475539">
        <time>2005-09-25T07:07:55-07:00</time>
      </trkpt>
      <trkpt lat="48.8339296169579" lon="-120.73532715439796">
        <time>2005-09-25T07:07:59-07:00</time>
      </trkpt>
      <trkpt lat="48.83392835967243" lon="-120.73534911498427">
        <time>2005-09-25T07:08:05-07:00</time>
      </trkpt>
      <trkpt lat="48.83389617316425" lon="-120.73548498563468">
        <time>2005-09-25T07:08:06-07:00</time>
      </trkpt>
      <trkpt lat="48.833887707442045" lon="-120.7355011627078">
        <time>2005-09-25T07:08:08-07:00</time>
      </trkpt>
      <trkpt lat="48.83385912515223" lon="-120.73553460650146">
        <time>2005-09-25T07:08:12-07:00</time>
      </trkpt>
      <trkpt lat="48.833829034119844" lon="-120.73557190597057">
        <time>2005-09-25T07:08:13-07:00</time>
      </trkpt>
      <trkpt lat="48.8338035531342" lon="-120.73564130812883">
        <time>2005-09-25T07:08:21-07:00</time>
      </trkpt>
      <trkpt lat="48.83381126448512" lon="-120.73565077967942">
        <time>2005-09-25T07:08:25-07:00</time>
      </trkpt>
      <trkpt lat="48.83382769301534" lon="-120.73565488681197">
        <time>2005-09-25T07:08:28-07:00</time>
      </trkpt>
      <trkpt lat="48.8338830973953" lon="-120.73569285683334">
        <time>2005-09-25T07:08:31-07:00</time>
      </trkpt>
      <trkpt lat="48.8339401781559" lon="-120.73573744855821">
        <time>2005-09-25T07:08:34-07:00</time>
      </trkpt>
      <trkpt lat="48.83396859280765" lon="-120.73575614020228">
        <time>2005-09-25T07:08:42-07:00</time>
      </trkpt>
      <trkpt lat="48.8339901342988" lon="-120.73576033115387">
        <time>2005-09-25T07:08:49-07:00</time>
      </trkpt>
      <trkpt lat="48.83403908461332" lon="-120.73575982823968">
        <time>2005-09-25T07:08:50-07:00</time>
      </trkpt>
      <trkpt lat="48.83405417203903" lon="-120.73575689457357">
        <time>2005-09-25T07:08:56-07:00</time>
      </trkpt>
      <trkpt lat="48.83410035632551" lon="-120.73574474081397">
        <time>2005-09-25T07:08:58-07:00</time>
      </trkpt>
      <trkpt lat="48.8342269230634" lon="-120.73575521819293">
        <time>2005-09-25T07:09:05-07:00</time>
      </trkpt>
      <trkpt lat="48.83423874154687" lon="-120.73576209135354">
        <time>2005-09-25T07:09:13-07:00</time>
      </trkpt>
      <trkpt lat="48.83431116119027" lon="-120.7358119636774">
        <time>2005-09-25T07:09:19-07:00</time>
      </trkpt>
      <trkpt lat="48.83438827469945" lon="-120.73589435778558">
        <time>2005-09-25T07:09:22-07:00</time>
      </trkpt>
      <trkpt lat="48.83439967408776" lon="-120.73590517044067">
        <time>2005-09-25T07:09:23-07:00</time>
      </trkpt>
      <trkpt lat="48.834473602473736" lon="-120.73599049821496">
        <time>2005-09-25T07:09:28-07:00</time>
      </trkpt>
      <trkpt lat="48.83448508568108" lon="-120.7360024843365">
        <time>2005-09-25T07:09:30-07:00</time>
      </trkpt>
      <trkpt lat="48.83457410149276" lon="-120.7360799331218">
        <time>2005-09-25T07:09:32-07:00</time>
      </trkpt>
      <trkpt lat="48.834643671289086" lon="-120.73611572384834">
        <time>2005-09-25T07:09:38-07:00</time>
      </trkpt>
      <trkpt lat="48.83469228632748" lon="-120.73609225451946">
        <time>2005-09-25T07:09:41-07:00</time>
      </trkpt>
      <trkpt lat="48.83473193272948" lon="-120.7360799331218">
        <time>2005-09-25T07:09:46-07:00</time>
      </trkpt>
      <trkpt lat="48.834755485877395" lon="-120.73608957231045">
        <time>2005-09-25T07:09:47-07:00</time>
      </trkpt>
      <trkpt lat="48.83477224968374" lon="-120.7361039891839">
        <time>2005-09-25T07:09:52-07:00</time>
      </trkpt>
      <trkpt lat="48.83482899516821" lon="-120.73618873022497">
        <time>2005-09-25T07:09:54-07:00</time>
      </trkpt>
      <trkpt lat="48.834849363192916" lon="-120.73620381765068">
        <time>2005-09-25T07:09:58-07:00</time>
      </trkpt>
      <trkpt lat="48.834874257445335" lon="-120.73619526810944">
        <time>2005-09-25T07:10:00-07:00</time>
      </trkpt>
      <trkpt lat="48.834914825856686" lon="-120.7361457310617">
        <time>2005-09-25T07:10:04-07:00</time>
      </trkpt>
      <trkpt lat="48.834981713443995" lon="-120.73603299446404">
        <time>2005-09-25T07:10:09-07:00</time>
      </trkpt>
      <trkpt lat="48.83501968346536" lon="-120.73592671193182">
        <time>2005-09-25T07:10:16-07:00</time>
      </trkpt>
      <trkpt lat="48.83503963239491" lon="-120.73587893508375">
        <time>2005-09-25T07:10:19-07:00</time>
      </trkpt>
      <trkpt lat="48.835084307938814" lon="-120.73579603806138">
        <time>2005-09-25T07:10:29-07:00</time>
      </trkpt>
      <trkpt lat="48.83512035012245" lon="-120.73578044772148">
        <time>2005-09-25T07:10:30-07:00</time>
      </trkpt>
      <trkpt lat="48.83515438064933" lon="-120.73577960953116">
        <time>2005-09-25T07:10:35-07:00</time>
      </trkpt>
      <trkpt lat="48.835232835263014" lon="-120.73581506498158">
        <time>2005-09-25T07:10:36-07:00</time>
      </trkpt>
      <trkpt lat="48.835308691486716" lon="-120.73581858538091">
        <time>2005-09-25T07:10:43-07:00</time>
      </trkpt>
      <trkpt lat="48.83535764180124" lon="-120.73582554236054">
        <time>2005-09-25T07:10:44-07:00</time>
      </trkpt>
      <trkpt lat="48.835450261831284" lon="-120.73587373830378">
        <time>2005-09-25T07:10:48-07:00</time>
      </trkpt>
      <trkpt lat="48.835566602647305" lon="-120.73595177382231">
        <time>2005-09-25T07:10:51-07:00</time>
      </trkpt>
      <trkpt lat="48.835641453042626" lon="-120.73599418625236">
        <time>2005-09-25T07:10:56-07:00</time>
      </trkpt>
      <trkpt lat="48.835654612630606" lon="-120.73600022122264">
        <time>2005-09-25T07:10:57-07:00</time>
      </trkpt>
      <trkpt lat="48.835714710876346" lon="-120.73601614683867">
        <time>2005-09-25T07:10:59-07:00</time>
      </trkpt>
      <trkpt lat="48.83576910942793" lon="-120.73600642383099">
        <time>2005-09-25T07:11:04-07:00</time>
      </trkpt>
      <trkpt lat="48.835867177695036" lon="-120.73600742965937">
        <time>2005-09-25T07:11:09-07:00</time>
      </trkpt>
      <trkpt lat="48.835893999785185" lon="-120.73601698502898">
        <time>2005-09-25T07:11:11-07:00</time>
      </trkpt>
      <trkpt lat="48.83595870807767" lon="-120.73604196310043">
        <time>2005-09-25T07:11:13-07:00</time>
      </trkpt>
      <trkpt lat="48.83603481575847" lon="-120.73606635443866">
        <time>2005-09-25T07:11:17-07:00</time>
      </trkpt>
      <trkpt lat="48.83612098172307" lon="-120.73612066917121">
        <time>2005-09-25T07:11:18-07:00</time>
      </trkpt>
      <trkpt lat="48.83613171055913" lon="-120.73612888343632">
        <time>2005-09-25T07:11:21-07:00</time>
      </trkpt>
      <trkpt lat="48.83620974607766" lon="-120.7362266164273">
        <time>2005-09-25T07:11:29-07:00</time>
      </trkpt>
      <trkpt lat="48.83622072637081" lon="-120.73623524978757">
        <time>2005-09-25T07:11:30-07:00</time>
      </trkpt>
      <trkpt lat="48.836309406906366" lon="-120.73629325255752">
        <time>2005-09-25T07:11:37-07:00</time>
      </trkpt>
      <trkpt lat="48.83632030338049" lon="-120.73642476461828">
        <time>2005-09-25T07:11:44-07:00</time>
      </trkpt>
      <trkpt lat="48.83631116710603" lon="-120.73643532581627">
        <time>2005-09-25T07:11:45-07:00</time>
      </trkpt>
      <trkpt lat="48.83626716211438" lon="-120.73649710044265">
        <time>2005-09-25T07:11:53-07:00</time>
      </trkpt>
      <trkpt lat="48.83625978603959" lon="-120.73652559891343">
        <time>2005-09-25T07:11:54-07:00</time>
      </trkpt>
      <trkpt lat="48.83627261035144" lon="-120.73660816065967">
        <time>2005-09-25T07:12:03-07:00</time>
      </trkpt>
      <trkpt lat="48.83627537637949" lon="-120.73662827722728">
        <time>2005-09-25T07:12:09-07:00</time>
      </trkpt>
      <trkpt lat="48.83634176105261" lon="-120.73679725639522">
        <time>2005-09-25T07:12:13-07:00</time>
      </trkpt>
      <trkpt lat="48.83639741688967" lon="-120.73691175319254">
        <time>2005-09-25T07:12:16-07:00</time>
      </trkpt>
      <trkpt lat="48.836418287828565" lon="-120.7370173651725">
        <time>2005-09-25T07:12:19-07:00</time>
      </trkpt>
      <trkpt lat="48.83643303997815" lon="-120.73706120252609">
        <time>2005-09-25T07:12:21-07:00</time>
      </trkpt>
      <trkpt lat="48.83646405301988" lon="-120.73715415783226">
        <time>2005-09-25T07:12:27-07:00</time>
      </trkpt>
      <trkpt lat="48.83648794144392" lon="-120.73723361827433">
        <time>2005-09-25T07:12:29-07:00</time>
      </trkpt>
      <trkpt lat="48.836545860394835" lon="-120.73734702542424">
        <time>2005-09-25T07:12:31-07:00</time>
      </trkpt>
      <trkpt lat="48.83657050319016" lon="-120.73740310035646">
        <time>2005-09-25T07:12:35-07:00</time>
      </trkpt>
      <trkpt lat="48.83660914376378" lon="-120.73753871954978">
        <time>2005-09-25T07:12:43-07:00</time>
      </trkpt>
      <trkpt lat="48.83661878295243" lon="-120.7375496160239">
        <time>2005-09-25T07:12:49-07:00</time>
      </trkpt>
      <trkpt lat="48.83669698610902" lon="-120.73758792132139">
        <time>2005-09-25T07:12:51-07:00</time>
      </trkpt>
      <trkpt lat="48.83672481402755" lon="-120.73752799071372">
        <time>2005-09-25T07:12:55-07:00</time>
      </trkpt>
      <trkpt lat="48.836745182052255" lon="-120.73750058189034">
        <time>2005-09-25T07:12:59-07:00</time>
      </trkpt>
      <trkpt lat="48.8367722555995" lon="-120.73745716363192">
        <time>2005-09-25T07:13:02-07:00</time>
      </trkpt>
      <trkpt lat="48.83680544793606" lon="-120.73742472566664">
        <time>2005-09-25T07:13:10-07:00</time>
      </trkpt>
      <trkpt lat="48.83681626059115" lon="-120.73741382919252">
        <time>2005-09-25T07:13:15-07:00</time>
      </trkpt>
      <trkpt lat="48.83689580485225" lon="-120.73733311146498">
        <time>2005-09-25T07:13:18-07:00</time>
      </trkpt>
      <trkpt lat="48.83693352341652" lon="-120.73730318807065">
        <time>2005-09-25T07:13:26-07:00</time>
      </trkpt>
      <trkpt lat="48.83699798025191" lon="-120.73724032379687">
        <time>2005-09-25T07:13:35-07:00</time>
      </trkpt>
      <trkpt lat="48.83703620173037" lon="-120.73710864409804">
        <time>2005-09-25T07:13:42-07:00</time>
      </trkpt>
      <trkpt lat="48.83703871630132" lon="-120.73708433657885">
        <time>2005-09-25T07:13:43-07:00</time>
      </trkpt>
      <trkpt lat="48.83704114705324" lon="-120.73691041208804">
        <time>2005-09-25T07:13:48-07:00</time>
      </trkpt>
      <trkpt lat="48.837051624432206" lon="-120.73679516091943">
        <time>2005-09-25T07:13:52-07:00</time>
      </trkpt>
      <trkpt lat="48.83706998080015" lon="-120.73675735853612">
        <time>2005-09-25T07:13:58-07:00</time>
      </trkpt>
      <trkpt lat="48.837084732949734" lon="-120.73677973821759">
        <time>2005-09-25T07:14:00-07:00</time>
      </trkpt>
      <trkpt lat="48.83710124529898" lon="-120.73684746399522">
        <time>2005-09-25T07:14:05-07:00</time>
      </trkpt>
      <trkpt lat="48.83710954338312" lon="-120.73686816729605">
        <time>2005-09-25T07:14:12-07:00</time>
      </trkpt>
      <trkpt lat="48.83713888004422" lon="-120.73692717589438">
        <time>2005-09-25T07:14:20-07:00</time>
      </trkpt>
      <trkpt lat="48.83715329691768" lon="-120.7369729410857">
        <time>2005-09-25T07:14:21-07:00</time>
      </trkpt>
      <trkpt lat="48.83720702491701" lon="-120.73710579425097">
        <time>2005-09-25T07:14:29-07:00</time>
      </trkpt>
      <trkpt lat="48.83725765161216" lon="-120.73724376037717">
        <time>2005-09-25T07:14:30-07:00</time>
      </trkpt>
      <trkpt lat="48.83726519532502" lon="-120.73725189082325">
        <time>2005-09-25T07:14:37-07:00</time>
      </trkpt>
      <trkpt lat="48.83729570545256" lon="-120.73724275454879">
        <time>2005-09-25T07:14:45-07:00</time>
      </trkpt>
      <trkpt lat="48.83731028996408" lon="-120.73719556443393">
        <time>2005-09-25T07:14:46-07:00</time>
      </trkpt>
      <trkpt lat="48.83732235990465" lon="-120.73714443482459">
        <time>2005-09-25T07:14:50-07:00</time>
      </trkpt>
      <trkpt lat="48.83733669295907" lon="-120.73703521862626">
        <time>2005-09-25T07:14:52-07:00</time>
      </trkpt>
      <trkpt lat="48.83741430938244" lon="-120.73695693165064">
        <time>2005-09-25T07:14:57-07:00</time>
      </trkpt>
      <trkpt lat="48.837545067071915" lon="-120.7369190454483">
        <time>2005-09-25T07:14:58-07:00</time>
      </trkpt>
      <trkpt lat="48.83756375871599" lon="-120.7369275111705">
        <time>2005-09-25T07:15:06-07:00</time>
      </trkpt>
      <trkpt lat="48.83758747950196" lon="-120.73694595135748">
        <time>2005-09-25T07:15:14-07:00</time>
      </trkpt>
      <trkpt lat="48.83764707483351" lon="-120.73699875734746">
        <time>2005-09-25T07:15:19-07:00</time>
      </trkpt>
      <trkpt lat="48.83768001571298" lon="-120.73704862967134">
        <time>2005-09-25T07:15:22-07:00</time>
      </trkpt>
      <trkpt lat="48.837699461728334" lon="-120.7371230609715">
        <time>2005-09-25T07:15:27-07:00</time>
      </trkpt>
      <trkpt lat="48.83771882392466" lon="-120.73718776926398">
        <time>2005-09-25T07:15:31-07:00</time>
      </trkpt>
      <trkpt lat="48.83774044923484" lon="-120.73723261244595">
        <time>2005-09-25T07:15:38-07:00</time>
      </trkpt>
      <trkpt lat="48.837794763967395" lon="-120.73728986084461">
        <time>2005-09-25T07:15:41-07:00</time>
      </trkpt>
      <trkpt lat="48.83786969818175" lon="-120.73742019943893">
        <time>2005-09-25T07:15:48-07:00</time>
      </trkpt>
      <trkpt lat="48.837874894961715" lon="-120.73743855580688">
        <time>2005-09-25T07:15:49-07:00</time>
      </trkpt>
      <trkpt lat="48.83795594796538" lon="-120.73754726909101">
        <time>2005-09-25T07:15:56-07:00</time>
      </trkpt>
      <trkpt lat="48.83797438815236" lon="-120.7375493645668">
        <time>2005-09-25T07:16:01-07:00</time>
      </trkpt>
      <trkpt lat="48.838046388700604" lon="-120.7374737598002">
        <time>2005-09-25T07:16:03-07:00</time>
      </trkpt>
      <trkpt lat="48.83809324353933" lon="-120.73738382197917">
        <time>2005-09-25T07:16:06-07:00</time>
      </trkpt>
      <trkpt lat="48.83809894323349" lon="-120.73736689053476">
        <time>2005-09-25T07:16:10-07:00</time>
      </trkpt>
      <trkpt lat="48.83813951164484" lon="-120.73730377480388">
        <time>2005-09-25T07:16:11-07:00</time>
      </trkpt>
      <trkpt lat="48.838179828599095" lon="-120.7372264098376">
        <time>2005-09-25T07:16:18-07:00</time>
      </trkpt>
      <trkpt lat="48.838188126683235" lon="-120.73721358552575">
        <time>2005-09-25T07:16:21-07:00</time>
      </trkpt>
      <trkpt lat="48.83824470452964" lon="-120.73711224831641">
        <time>2005-09-25T07:16:26-07:00</time>
      </trkpt>
      <trkpt lat="48.83826716803014" lon="-120.73701174929738">
        <time>2005-09-25T07:16:34-07:00</time>
      </trkpt>
      <trkpt lat="48.83826524019241" lon="-120.7369626313448">
        <time>2005-09-25T07:16:35-07:00</time>
      </trkpt>
      <trkpt lat="48.83825694210827" lon="-120.7368793990463">
        <time>2005-09-25T07:16:44-07:00</time>
      </trkpt>
      <trkpt lat="48.83825669065118" lon="-120.73683070018888">
        <time>2005-09-25T07:16:49-07:00</time>
      </trkpt>
      <trkpt lat="48.83825928904116" lon="-120.73677320033312">
        <time>2005-09-25T07:16:53-07:00</time>
      </trkpt>
      <trkpt lat="48.838275130838156" lon="-120.73665794916451">
        <time>2005-09-25T07:16:55-07:00</time>
      </trkpt>
      <trkpt lat="48.83827722631395" lon="-120.73655745014548">
        <time>2005-09-25T07:16:58-07:00</time>
      </trkpt>
      <trkpt lat="48.83827202953398" lon="-120.73649819009006">
        <time>2005-09-25T07:16:59-07:00</time>
      </trkpt>
      <trkpt lat="48.83826004341245" lon="-120.73640221729875">
        <time>2005-09-25T07:17:04-07:00</time>
      </trkpt>
      <trkpt lat="48.83825979195535" lon="-120.73638050816953">
        <time>2005-09-25T07:17:07-07:00</time>
      </trkpt>
      <trkpt lat="48.83825761266053" lon="-120.7363270316273">
        <time>2005-09-25T07:17:15-07:00</time>
      </trkpt>
      <trkpt lat="48.83825786411762" lon="-120.73625519871712">
        <time>2005-09-25T07:17:23-07:00</time>
      </trkpt>
      <trkpt lat="48.83825954049826" lon="-120.73623390868306">
        <time>2005-09-25T07:17:24-07:00</time>
      </trkpt>
      <trkpt lat="48.83825710974634" lon="-120.73612578213215">
        <time>2005-09-25T07:17:27-07:00</time>
      </trkpt>
      <trkpt lat="48.83825534954667" lon="-120.73610415682197">
        <time>2005-09-25T07:17:30-07:00</time>
      </trkpt>
      <trkpt lat="48.83824688382447" lon="-120.73598043993115">
        <time>2005-09-25T07:17:33-07:00</time>
      </trkpt>
      <trkpt lat="48.83824462071061" lon="-120.73596342466772">
        <time>2005-09-25T07:17:38-07:00</time>
      </trkpt>
      <trkpt lat="48.83823229931295" lon="-120.73586862534285">
        <time>2005-09-25T07:17:45-07:00</time>
      </trkpt>
      <trkpt lat="48.83821612223983" lon="-120.73577877134085">
        <time>2005-09-25T07:17:52-07:00</time>
      </trkpt>
      <trkpt lat="48.83820304647088" lon="-120.73576007969677">
        <time>2005-09-25T07:17:55-07:00</time>
      </trkpt>
      <trkpt lat="48.838173961266875" lon="-120.73565161786973">
        <time>2005-09-25T07:17:58-07:00</time>
      </trkpt>
      <trkpt lat="48.83817404508591" lon="-120.7356087025255">
        <time>2005-09-25T07:18:03-07:00</time>
      </trkpt>
      <trkpt lat="48.838176811113954" lon="-120.73549722321332">
        <time>2005-09-25T07:18:06-07:00</time>
      </trkpt>
      <trkpt lat="48.83817630819976" lon="-120.73543670587242">
        <time>2005-09-25T07:18:10-07:00</time>
      </trkpt>
      <trkpt lat="48.83818653412163" lon="-120.73549873195589">
        <time>2005-09-25T07:18:14-07:00</time>
      </trkpt>
      <trkpt lat="48.83820606395602" lon="-120.73556117713451">
        <time>2005-09-25T07:18:18-07:00</time>
      </trkpt>
      <trkpt lat="48.83822752162814" lon="-120.73560283519328">
        <time>2005-09-25T07:18:23-07:00</time>
      </trkpt>
      <trkpt lat="48.83824495598674" lon="-120.73566645383835">
        <time>2005-09-25T07:18:30-07:00</time>
      </trkpt>
      <trkpt lat="48.83826700039208" lon="-120.73573166504502">
        <time>2005-09-25T07:18:31-07:00</time>
      </trkpt>
      <trkpt lat="48.83828032761812" lon="-120.73578648269176">
        <time>2005-09-25T07:18:40-07:00</time>
      </trkpt>
      <trkpt lat="48.83831234648824" lon="-120.73588270694017">
        <time>2005-09-25T07:18:41-07:00</time>
      </trkpt>
      <trkpt lat="48.83832223713398" lon="-120.73591087013483">
        <time>2005-09-25T07:18:47-07:00</time>
      </trkpt>
      <trkpt lat="48.83834478445351" lon="-120.73598789982498">
        <time>2005-09-25T07:18:53-07:00</time>
      </trkpt>
      <trkpt lat="48.838396752253175" lon="-120.73611874133348">
        <time>2005-09-25T07:18:54-07:00</time>
      </trkpt>
      <trkpt lat="48.83840613998473" lon="-120.73613290674984">
        <time>2005-09-25T07:18:59-07:00</time>
      </trkpt>
      <trkpt lat="48.83845659904182" lon="-120.73622359894216">
        <time>2005-09-25T07:19:03-07:00</time>
      </trkpt>
      <trkpt lat="48.838471099734306" lon="-120.73624715209007">
        <time>2005-09-25T07:19:04-07:00</time>
      </trkpt>
      <trkpt lat="48.83849121630192" lon="-120.73629593476653">
        <time>2005-09-25T07:19:10-07:00</time>
      </trkpt>
      <trkpt lat="48.83853790350258" lon="-120.73640414513648">
        <time>2005-09-25T07:19:15-07:00</time>
      </trkpt>
      <trkpt lat="48.83854519575834" lon="-120.7364250998944">
        <time>2005-09-25T07:19:18-07:00</time>
      </trkpt>
      <trkpt lat="48.838568748906255" lon="-120.73647044599056">
        <time>2005-09-25T07:19:22-07:00</time>
      </trkpt>
      <trkpt lat="48.83861241862178" lon="-120.73655342683196">
        <time>2005-09-25T07:19:25-07:00</time>
      </trkpt>
      <trkpt lat="48.838703613728285" lon="-120.7366946619004">
        <time>2005-09-25T07:19:28-07:00</time>
      </trkpt>
      <trkpt lat="48.838773518800735" lon="-120.73683958500624">
        <time>2005-09-25T07:19:33-07:00</time>
      </trkpt>
      <trkpt lat="48.83887552656233" lon="-120.73683271184564">
        <time>2005-09-25T07:19:38-07:00</time>
      </trkpt>
      <trkpt lat="48.838886339217424" lon="-120.73682709597051">
        <time>2005-09-25T07:19:41-07:00</time>
      </trkpt>
      <trkpt lat="48.838976779952645" lon="-120.73683204129338">
        <time>2005-09-25T07:19:46-07:00</time>
      </trkpt>
      <trkpt lat="48.83902455680072" lon="-120.73684570379555">
        <time>2005-09-25T07:19:48-07:00</time>
      </trkpt>
      <trkpt lat="48.83906881324947" lon="-120.73687420226634">
        <time>2005-09-25T07:19:52-07:00</time>
      </trkpt>
      <trkpt lat="48.83917744271457" lon="-120.73685735464096">
        <time>2005-09-25T07:19:56-07:00</time>
      </trkpt>
      <trkpt lat="48.839193703606725" lon="-120.73683866299689">
        <time>2005-09-25T07:19:57-07:00</time>
      </trkpt>
      <trkpt lat="48.839231338351965" lon="-120.7367274351418">
        <time>2005-09-25T07:20:03-07:00</time>
      </trkpt>
      <trkpt lat="48.83923360146582" lon="-120.73670824058354">
        <time>2005-09-25T07:20:04-07:00</time>
      </trkpt>
      <trkpt lat="48.83925455622375" lon="-120.73658720590174">
        <time>2005-09-25T07:20:09-07:00</time>
      </trkpt>
      <trkpt lat="48.839260591194034" lon="-120.7365292031318">
        <time>2005-09-25T07:20:10-07:00</time>
      </trkpt>
      <trkpt lat="48.83926788344979" lon="-120.73638679459691">
        <time>2005-09-25T07:20:14-07:00</time>
      </trkpt>
      <trkpt lat="48.839277271181345" lon="-120.73629325255752">
        <time>2005-09-25T07:20:18-07:00</time>
      </trkpt>
      <trkpt lat="48.83928783237934" lon="-120.73623097501695">
        <time>2005-09-25T07:20:19-07:00</time>
      </trkpt>
      <trkpt lat="48.83931079879403" lon="-120.7361541967839">
        <time>2005-09-25T07:20:25-07:00</time>
      </trkpt>
      <trkpt lat="48.839330999180675" lon="-120.73610566556454">
        <time>2005-09-25T07:20:28-07:00</time>
      </trkpt>
      <trkpt lat="48.83935161866248" lon="-120.73608730919659">
        <time>2005-09-25T07:20:34-07:00</time>
      </trkpt>
      <trkpt lat="48.83964775130153" lon="-120.73606769554317">
        <time>2005-09-25T07:20:38-07:00</time>
      </trkpt>
      <trkpt lat="48.839647164568305" lon="-120.7360595650971">
        <time>2005-09-25T07:20:42-07:00</time>
      </trkpt>
      <trkpt lat="48.839702401310205" lon="-120.73621555231512">
        <time>2005-09-25T07:20:45-07:00</time>
      </trkpt>
      <trkpt lat="48.839698042720556" lon="-120.73627405799925">
        <time>2005-09-25T07:20:49-07:00</time>
      </trkpt>
      <trkpt lat="48.83971572853625" lon="-120.7363732997328">
        <time>2005-09-25T07:20:52-07:00</time>
      </trkpt>
      <trkpt lat="48.83974674157798" lon="-120.73642610572278">
        <time>2005-09-25T07:20:56-07:00</time>
      </trkpt>
      <trkpt lat="48.83978730998933" lon="-120.7365046441555">
        <time>2005-09-25T07:20:59-07:00</time>
      </trkpt>
      <trkpt lat="48.8398044090718" lon="-120.73653875850141">
        <time>2005-09-25T07:21:05-07:00</time>
      </trkpt>
      <trkpt lat="48.83986978791654" lon="-120.73663121089339">
        <time>2005-09-25T07:21:07-07:00</time>
      </trkpt>
      <trkpt lat="48.83991823531687" lon="-120.73666574433446">
        <time>2005-09-25T07:21:13-07:00</time>
      </trkpt>
      <trkpt lat="48.83993701077998" lon="-120.7366912253201">
        <time>2005-09-25T07:21:19-07:00</time>
      </trkpt>
      <trkpt lat="48.839983781799674" lon="-120.73677412234247">
        <time>2005-09-25T07:21:20-07:00</time>
      </trkpt>
      <trkpt lat="48.84002300910652" lon="-120.73685551062226">
        <time>2005-09-25T07:21:27-07:00</time>
      </trkpt>
      <trkpt lat="48.84006416425109" lon="-120.73695215396583">
        <time>2005-09-25T07:21:29-07:00</time>
      </trkpt>
      <trkpt lat="48.84008134715259" lon="-120.73699112981558">
        <time>2005-09-25T07:21:32-07:00</time>
      </trkpt>
      <trkpt lat="48.84009584784508" lon="-120.73703572154045">
        <time>2005-09-25T07:21:37-07:00</time>
      </trkpt>
      <trkpt lat="48.840126441791654" lon="-120.7371228095144">
        <time>2005-09-25T07:21:39-07:00</time>
      </trkpt>
      <trkpt lat="48.840159801766276" lon="-120.73718827217817">
        <time>2005-09-25T07:21:41-07:00</time>
      </trkpt>
      <trkpt lat="48.84017698466778" lon="-120.73721693828702">
        <time>2005-09-25T07:21:46-07:00</time>
      </trkpt>
      <trkpt lat="48.8402362447232" lon="-120.73730922304094">
        <time>2005-09-25T07:21:56-07:00</time>
      </trkpt>
      <trkpt lat="48.84029198437929" lon="-120.73737527243793">
        <time>2005-09-25T07:22:06-07:00</time>
      </trkpt>
      <trkpt lat="48.84037219919264" lon="-120.73743436485529">
        <time>2005-09-25T07:22:12-07:00</time>
      </trkpt>
      <trkpt lat="48.84044143371284" lon="-120.73753670789301">
        <time>2005-09-25T07:22:13-07:00</time>
      </trkpt>
      <trkpt lat="48.840462639927864" lon="-120.73758406564593">
        <time>2005-09-25T07:22:21-07:00</time>
      </trkpt>
      <trkpt lat="48.840485103428364" lon="-120.73767257854342">
        <time>2005-09-25T07:22:26-07:00</time>
      </trkpt>
      <trkpt lat="48.84048719890416" lon="-120.73768674395978">
        <time>2005-09-25T07:22:30-07:00</time>
      </trkpt>
      <trkpt lat="48.84049616754055" lon="-120.73772479780018">
        <time>2005-09-25T07:22:37-07:00</time>
      </trkpt>
      <trkpt lat="48.84049826301634" lon="-120.73773385025561">
        <time>2005-09-25T07:22:38-07:00</time>
      </trkpt>
      <trkpt lat="48.84049474261701" lon="-120.73771951720119">
        <time>2005-09-25T07:22:44-07:00</time>
      </trkpt>
      <trkpt lat="48.84048501960933" lon="-120.73772965930402">
        <time>2005-09-25T07:22:45-07:00</time>
      </trkpt>
      <trkpt lat="48.84048409759998" lon="-120.73777651414275">
        <time>2005-09-25T07:22:51-07:00</time>
      </trkpt>
      <trkpt lat="48.84048434905708" lon="-120.7378278952092">
        <time>2005-09-25T07:22:54-07:00</time>
      </trkpt>
      <trkpt lat="48.84049667045474" lon="-120.73790660127997">
        <time>2005-09-25T07:23:02-07:00</time>
      </trkpt>
      <trkpt lat="48.84049876593053" lon="-120.73796460404992">
        <time>2005-09-25T07:23:07-07:00</time>
      </trkpt>
      <trkpt lat="48.8404970895499" lon="-120.73800986632705">
        <time>2005-09-25T07:23:10-07:00</time>
      </trkpt>
      <trkpt lat="48.84050404652953" lon="-120.73809796012938">
        <time>2005-09-25T07:23:14-07:00</time>
      </trkpt>
      <trkpt lat="48.84050639346242" lon="-120.73813391849399">
        <time>2005-09-25T07:23:17-07:00</time>
      </trkpt>
      <trkpt lat="48.84051485918462" lon="-120.7381952740252">
        <time>2005-09-25T07:23:21-07:00</time>
      </trkpt>
      <trkpt lat="48.84052558802068" lon="-120.73827758431435">
        <time>2005-09-25T07:26:36-07:00</time>
      </trkpt>
      <trkpt lat="48.84052902460098" lon="-120.73836039751768">
        <time>2005-09-25T07:26:46-07:00</time>
      </trkpt>
      <trkpt lat="48.84052097797394" lon="-120.73841043747962">
        <time>2005-09-25T07:26:47-07:00</time>
      </trkpt>
      <trkpt lat="48.84053271263838" lon="-120.73845888487995">
        <time>2005-09-25T07:26:48-07:00</time>
      </trkpt>
      <trkpt lat="48.8405573554337" lon="-120.73853163979948">
        <time>2005-09-25T07:26:54-07:00</time>
      </trkpt>
      <trkpt lat="48.840608820319176" lon="-120.7386101782322">
        <time>2005-09-25T07:26:59-07:00</time>
      </trkpt>
      <trkpt lat="48.84062918834388" lon="-120.73862744495273">
        <time>2005-09-25T07:27:02-07:00</time>
      </trkpt>
      <trkpt lat="48.840706553310156" lon="-120.73868444189429">
        <time>2005-09-25T07:27:04-07:00</time>
      </trkpt>
      <trkpt lat="48.84072918444872" lon="-120.73870740830898">
        <time>2005-09-25T07:27:09-07:00</time>
      </trkpt>
      <trkpt lat="48.84078945033252" lon="-120.73876406997442">
        <time>2005-09-25T07:27:13-07:00</time>
      </trkpt>
      <trkpt lat="48.84080051444471" lon="-120.7387753855437">
        <time>2005-09-25T07:27:21-07:00</time>
      </trkpt>
      <trkpt lat="48.84087150916457" lon="-120.73889181017876">
        <time>2005-09-25T07:27:25-07:00</time>
      </trkpt>
      <trkpt lat="48.84091056883335" lon="-120.73893673717976">
        <time>2005-09-25T07:27:27-07:00</time>
      </trkpt>
      <trkpt lat="48.840945437550545" lon="-120.73893514461815">
        <time>2005-09-25T07:27:33-07:00</time>
      </trkpt>
      <trkpt lat="48.84095608256757" lon="-120.73893564753234">
        <time>2005-09-25T07:27:38-07:00</time>
      </trkpt>
      <trkpt lat="48.84108147583902" lon="-120.73892299085855">
        <time>2005-09-25T07:27:44-07:00</time>
      </trkpt>
      <trkpt lat="48.84110930375755" lon="-120.73893690481782">
        <time>2005-09-25T07:27:47-07:00</time>
      </trkpt>
      <trkpt lat="48.84113662876189" lon="-120.7389741204679">
        <time>2005-09-25T07:27:50-07:00</time>
      </trkpt>
      <trkpt lat="48.84110955521464" lon="-120.73904511518776">
        <time>2005-09-25T07:27:55-07:00</time>
      </trkpt>
      <trkpt lat="48.841108130291104" lon="-120.73906229808927">
        <time>2005-09-25T07:27:59-07:00</time>
      </trkpt>
      <trkpt lat="48.84110779501498" lon="-120.7390830013901">
        <time>2005-09-25T07:28:01-07:00</time>
      </trkpt>
      <trkpt lat="48.8411202840507" lon="-120.73911728337407">
        <time>2005-09-25T07:28:06-07:00</time>
      </trkpt>
      <trkpt lat="48.841160517185926" lon="-120.7391551695764">
        <time>2005-09-25T07:28:11-07:00</time>
      </trkpt>
      <trkpt lat="48.84122665040195" lon="-120.73925809934735">
        <time>2005-09-25T07:28:18-07:00</time>
      </trkpt>
      <trkpt lat="48.84130300953984" lon="-120.73936932720244">
        <time>2005-09-25T07:28:27-07:00</time>
      </trkpt>
      <trkpt lat="48.84133377112448" lon="-120.73940503410995">
        <time>2005-09-25T07:28:30-07:00</time>
      </trkpt>
      <trkpt lat="48.841354390606284" lon="-120.73943722061813">
        <time>2005-09-25T07:28:36-07:00</time>
      </trkpt>
      <trkpt lat="48.841360760852695" lon="-120.73947242461145">
        <time>2005-09-25T07:28:37-07:00</time>
      </trkpt>
      <trkpt lat="48.8413882534951" lon="-120.73950570076704">
        <time>2005-09-25T07:28:41-07:00</time>
      </trkpt>
      <trkpt lat="48.84141717106104" lon="-120.73955146595836">
        <time>2005-09-25T07:28:42-07:00</time>
      </trkpt>
      <trkpt lat="48.84143183939159" lon="-120.73957443237305">
        <time>2005-09-25T07:28:44-07:00</time>
      </trkpt>
      <trkpt lat="48.8414950389415" lon="-120.73964861221611">
        <time>2005-09-25T07:28:47-07:00</time>
      </trkpt>
      <trkpt lat="48.84154625236988" lon="-120.73972270824015">
        <time>2005-09-25T07:28:50-07:00</time>
      </trkpt>
      <trkpt lat="48.841589000076056" lon="-120.73978800326586">
        <time>2005-09-25T07:28:52-07:00</time>
      </trkpt>
      <trkpt lat="48.841596795246005" lon="-120.73980116285384">
        <time>2005-09-25T07:28:57-07:00</time>
      </trkpt>
      <trkpt lat="48.84168312884867" lon="-120.73989981785417">
        <time>2005-09-25T07:29:00-07:00</time>
      </trkpt>
      <trkpt lat="48.84174079634249" lon="-120.73999193497002">
        <time>2005-09-25T07:29:03-07:00</time>
      </trkpt>
      <trkpt lat="48.84174599312246" lon="-120.74001691304147">
        <time>2005-09-25T07:29:08-07:00</time>
      </trkpt>
      <trkpt lat="48.84178320877254" lon="-120.74008916504681">
        <time>2005-09-25T07:29:10-07:00</time>
      </trkpt>
      <trkpt lat="48.841839702799916" lon="-120.7401625905186">
        <time>2005-09-25T07:29:13-07:00</time>
      </trkpt>
      <trkpt lat="48.84189032949507" lon="-120.7402448169887">
        <time>2005-09-25T07:29:17-07:00</time>
      </trkpt>
      <trkpt lat="48.84191413410008" lon="-120.740303741768">
        <time>2005-09-25T07:29:22-07:00</time>
      </trkpt>
      <trkpt lat="48.84191757068038" lon="-120.74032327160239">
        <time>2005-09-25T07:29:25-07:00</time>
      </trkpt>
      <trkpt lat="48.84194531477988" lon="-120.74039946310222">
        <time>2005-09-25T07:29:28-07:00</time>
      </trkpt>
      <trkpt lat="48.842001808807254" lon="-120.74047699570656">
        <time>2005-09-25T07:29:33-07:00</time>
      </trkpt>
      <trkpt lat="48.84202846325934" lon="-120.74054840952158">
        <time>2005-09-25T07:29:39-07:00</time>
      </trkpt>
      <trkpt lat="48.842038521543145" lon="-120.74057129211724">
        <time>2005-09-25T07:29:41-07:00</time>
      </trkpt>
      <trkpt lat="48.8420563749969" lon="-120.7406750600785">
        <time>2005-09-25T07:29:49-07:00</time>
      </trkpt>
      <trkpt lat="48.84207992814481" lon="-120.74078913778067">
        <time>2005-09-25T07:29:51-07:00</time>
      </trkpt>
      <trkpt lat="48.8420891482383" lon="-120.74086398817599">
        <time>2005-09-25T07:29:56-07:00</time>
      </trkpt>
      <trkpt lat="48.842099541798234" lon="-120.74091218411922">
        <time>2005-09-25T07:29:57-07:00</time>
      </trkpt>
      <trkpt lat="48.84214287623763" lon="-120.74102056212723">
        <time>2005-09-25T07:30:07-07:00</time>
      </trkpt>
      <trkpt lat="48.842150839045644" lon="-120.74103137478232">
        <time>2005-09-25T07:30:12-07:00</time>
      </trkpt>
      <trkpt lat="48.842174308374524" lon="-120.7410947419703">
        <time>2005-09-25T07:30:16-07:00</time>
      </trkpt>
      <trkpt lat="48.84218470193446" lon="-120.74110404588282">
        <time>2005-09-25T07:30:17-07:00</time>
      </trkpt>
      <trkpt lat="48.84220481850207" lon="-120.7412033714354">
        <time>2005-09-25T07:30:27-07:00</time>
      </trkpt>
      <trkpt lat="48.84221571497619" lon="-120.74131376110017">
        <time>2005-09-25T07:30:30-07:00</time>
      </trkpt>
      <trkpt lat="48.842212026938796" lon="-120.74133060872555">
        <time>2005-09-25T07:30:35-07:00</time>
      </trkpt>
      <trkpt lat="48.8422289583832" lon="-120.74145524762571">
        <time>2005-09-25T07:30:42-07:00</time>
      </trkpt>
      <trkpt lat="48.84222686290741" lon="-120.74147243052721">
        <time>2005-09-25T07:30:43-07:00</time>
      </trkpt>
      <trkpt lat="48.84223675355315" lon="-120.74155256152153">
        <time>2005-09-25T07:30:44-07:00</time>
      </trkpt>
      <trkpt lat="48.842243710532784" lon="-120.74161131866276">
        <time>2005-09-25T07:30:46-07:00</time>
      </trkpt>
      <trkpt lat="48.84225519374013" lon="-120.7416835706681">
        <time>2005-09-25T07:30:49-07:00</time>
      </trkpt>
      <trkpt lat="48.8422773219645" lon="-120.74180628173053">
        <time>2005-09-25T07:30:56-07:00</time>
      </trkpt>
      <trkpt lat="48.842294588685036" lon="-120.74189194478095">
        <time>2005-09-25T07:31:03-07:00</time>
      </trkpt>
      <trkpt lat="48.842300958931446" lon="-120.74192664586008">
        <time>2005-09-25T07:31:07-07:00</time>
      </trkpt>
      <trkpt lat="48.84231227450073" lon="-120.74201725423336">
        <time>2005-09-25T07:31:11-07:00</time>
      </trkpt>
      <trkpt lat="48.84230540134013" lon="-120.74208003468812">
        <time>2005-09-25T07:31:13-07:00</time>
      </trkpt>
      <trkpt lat="48.84230355732143" lon="-120.74223367497325">
        <time>2005-09-25T07:31:17-07:00</time>
      </trkpt>
      <trkpt lat="48.84230406023562" lon="-120.74225915595889">
        <time>2005-09-25T07:31:20-07:00</time>
      </trkpt>
      <trkpt lat="48.84231001138687" lon="-120.74234565719962">
        <time>2005-09-25T07:31:22-07:00</time>
      </trkpt>
      <trkpt lat="48.842308670282364" lon="-120.74237910099328">
        <time>2005-09-25T07:31:29-07:00</time>
      </trkpt>
      <trkpt lat="48.84228654205799" lon="-120.74253575876355">
        <time>2005-09-25T07:31:35-07:00</time>
      </trkpt>
      <trkpt lat="48.84228059090674" lon="-120.74257959611714">
        <time>2005-09-25T07:31:41-07:00</time>
      </trkpt>
      <trkpt lat="48.84227656759322" lon="-120.74266031384468">
        <time>2005-09-25T07:31:42-07:00</time>
      </trkpt>
      <trkpt lat="48.842279920354486" lon="-120.74282091110945">
        <time>2005-09-25T07:31:51-07:00</time>
      </trkpt>
      <trkpt lat="48.84227975271642" lon="-120.74286173097789">
        <time>2005-09-25T07:31:59-07:00</time>
      </trkpt>
      <trkpt lat="48.84226483292878" lon="-120.74298528023064">
        <time>2005-09-25T07:32:01-07:00</time>
      </trkpt>
      <trkpt lat="48.84224429726601" lon="-120.74315040372312">
        <time>2005-09-25T07:32:07-07:00</time>
      </trkpt>
      <trkpt lat="48.84224848821759" lon="-120.74318711645901">
        <time>2005-09-25T07:32:14-07:00</time>
      </trkpt>
      <trkpt lat="48.84225024841726" lon="-120.74325232766569">
        <time>2005-09-25T07:32:20-07:00</time>
      </trkpt>
      <trkpt lat="48.84224999696016" lon="-120.74329038150609">
        <time>2005-09-25T07:32:24-07:00</time>
      </trkpt>
      <trkpt lat="48.842258881777525" lon="-120.74343932792544">
        <time>2005-09-25T07:32:25-07:00</time>
      </trkpt>
      <trkpt lat="48.84225946851075" lon="-120.74344879947603">
        <time>2005-09-25T07:32:31-07:00</time>
      </trkpt>
      <trkpt lat="48.842255445197225" lon="-120.74359095655382">
        <time>2005-09-25T07:32:37-07:00</time>
      </trkpt>
      <trkpt lat="48.842260893434286" lon="-120.74366748332977">
        <time>2005-09-25T07:32:42-07:00</time>
      </trkpt>
      <trkpt lat="48.84226483292878" lon="-120.74374409392476">
        <time>2005-09-25T07:32:44-07:00</time>
      </trkpt>
      <trkpt lat="48.84227086789906" lon="-120.74380888603628">
        <time>2005-09-25T07:32:50-07:00</time>
      </trkpt>
      <trkpt lat="48.8422775734216" lon="-120.74385666288435">
        <time>2005-09-25T07:32:57-07:00</time>
      </trkpt>
      <trkpt lat="48.842290146276355" lon="-120.74392246082425">
        <time>2005-09-25T07:33:01-07:00</time>
      </trkpt>
      <trkpt lat="48.84229031391442" lon="-120.74394894763827">
        <time>2005-09-25T07:33:04-07:00</time>
      </trkpt>
      <trkpt lat="48.84228645823896" lon="-120.74398339726031">
        <time>2005-09-25T07:33:11-07:00</time>
      </trkpt>
      <trkpt lat="48.842293079942465" lon="-120.74401860125363">
        <time>2005-09-25T07:33:12-07:00</time>
      </trkpt>
      <trkpt lat="48.84230355732143" lon="-120.7441033422947">
        <time>2005-09-25T07:33:17-07:00</time>
      </trkpt>
      <trkpt lat="48.84230456314981" lon="-120.74414349161088">
        <time>2005-09-25T07:33:18-07:00</time>
      </trkpt>
      <trkpt lat="48.842321494594216" lon="-120.74424851685762">
        <time>2005-09-25T07:33:24-07:00</time>
      </trkpt>
      <trkpt lat="48.84232560172677" lon="-120.74426578357816">
        <time>2005-09-25T07:33:30-07:00</time>
      </trkpt>
      <trkpt lat="48.84233532473445" lon="-120.7443290669471">
        <time>2005-09-25T07:33:31-07:00</time>
      </trkpt>
      <trkpt lat="48.842355692759156" lon="-120.74440953321755">
        <time>2005-09-25T07:33:38-07:00</time>
      </trkpt>
      <trkpt lat="48.84236231446266" lon="-120.74442822486162">
        <time>2005-09-25T07:33:39-07:00</time>
      </trkpt>
      <trkpt lat="48.842396177351475" lon="-120.7445447333157">
        <time>2005-09-25T07:33:44-07:00</time>
      </trkpt>
      <trkpt lat="48.84240615181625" lon="-120.74459368363023">
        <time>2005-09-25T07:33:48-07:00</time>
      </trkpt>
      <trkpt lat="48.84242978878319" lon="-120.74468202888966">
        <time>2005-09-25T07:33:51-07:00</time>
      </trkpt>
      <trkpt lat="48.84246080182493" lon="-120.74480189010501">
        <time>2005-09-25T07:33:58-07:00</time>
      </trkpt>
      <trkpt lat="48.84250229224563" lon="-120.74489124119282">
        <time>2005-09-25T07:34:03-07:00</time>
      </trkpt>
      <trkpt lat="48.842517882585526" lon="-120.7449178956449">
        <time>2005-09-25T07:34:05-07:00</time>
      </trkpt>
      <trkpt lat="48.842529114335775" lon="-120.7449353300035">
        <time>2005-09-25T07:34:11-07:00</time>
      </trkpt>
      <trkpt lat="48.84257630445063" lon="-120.74501914903522">
        <time>2005-09-25T07:34:15-07:00</time>
      </trkpt>
      <trkpt lat="48.84263573214412" lon="-120.74508645571768">
        <time>2005-09-25T07:34:24-07:00</time>
      </trkpt>
      <trkpt lat="48.84265777654946" lon="-120.74510095641017">
        <time>2005-09-25T07:34:26-07:00</time>
      </trkpt>
      <trkpt lat="48.84274436160922" lon="-120.74513532221317">
        <time>2005-09-25T07:34:31-07:00</time>
      </trkpt>
      <trkpt lat="48.842838406562805" lon="-120.74519039131701">
        <time>2005-09-25T07:34:33-07:00</time>
      </trkpt>
      <trkpt lat="48.842856427654624" lon="-120.7452152017504">
        <time>2005-09-25T07:34:42-07:00</time>
      </trkpt>
      <trkpt lat="48.84292130358517" lon="-120.74528007768095">
        <time>2005-09-25T07:34:45-07:00</time>
      </trkpt>
      <trkpt lat="48.842977629974484" lon="-120.74532458558679">
        <time>2005-09-25T07:34:49-07:00</time>
      </trkpt>
      <trkpt lat="48.84300520643592" lon="-120.74534051120281">
        <time>2005-09-25T07:34:58-07:00</time>
      </trkpt>
      <trkpt lat="48.843137891963124" lon="-120.74536037631333">
        <time>2005-09-25T07:35:00-07:00</time>
      </trkpt>
      <trkpt lat="48.843237636610866" lon="-120.74537512846291">
        <time>2005-09-25T07:35:07-07:00</time>
      </trkpt>
      <trkpt lat="48.84332673624158" lon="-120.74541770853102">
        <time>2005-09-25T07:35:16-07:00</time>
      </trkpt>
      <trkpt lat="48.84336059913039" lon="-120.74542986229062">
        <time>2005-09-25T07:35:18-07:00</time>
      </trkpt>
      <trkpt lat="48.84340636432171" lon="-120.74545064941049">
        <time>2005-09-25T07:35:23-07:00</time>
      </trkpt>
      <trkpt lat="48.84345715865493" lon="-120.74548467993736">
        <time>2005-09-25T07:35:25-07:00</time>
      </trkpt>
      <trkpt lat="48.84353150613606" lon="-120.74549783952534">
        <time>2005-09-25T07:35:33-07:00</time>
      </trkpt>
      <trkpt lat="48.843568889424205" lon="-120.74551829136908">
        <time>2005-09-25T07:35:34-07:00</time>
      </trkpt>
      <trkpt lat="48.8436227850616" lon="-120.74554251506925">
        <time>2005-09-25T07:35:42-07:00</time>
      </trkpt>
      <trkpt lat="48.843631921336055" lon="-120.74554729275405">
        <time>2005-09-25T07:35:46-07:00</time>
      </trkpt>
      <trkpt lat="48.84371523745358" lon="-120.74556807987392">
        <time>2005-09-25T07:35:51-07:00</time>
      </trkpt>
      <trkpt lat="48.8437385391444" lon="-120.74557612650096">
        <time>2005-09-25T07:35:55-07:00</time>
      </trkpt>
      <trkpt lat="48.843824453651905" lon="-120.74562717229128">
        <time>2005-09-25T07:35:59-07:00</time>
      </trkpt>
      <trkpt lat="48.84383484721184" lon="-120.7456314470619">
        <time>2005-09-25T07:37:57-07:00</time>
      </trkpt>
      <trkpt lat="48.843894274905324" lon="-120.74566220864654">
        <time>2005-09-25T07:37:58-07:00</time>
      </trkpt>
      <trkpt lat="48.843900728970766" lon="-120.74567335657775">
        <time>2005-09-25T07:38:00-07:00</time>
      </trkpt>
      <trkpt lat="48.84396183304489" lon="-120.74571828357875">
        <time>2005-09-25T07:38:02-07:00</time>
      </trkpt>
      <trkpt lat="48.84401832707226" lon="-120.74575675651431">
        <time>2005-09-25T07:38:07-07:00</time>
      </trkpt>
      <trkpt lat="48.84402997791767" lon="-120.74576212093234">
        <time>2005-09-25T07:38:09-07:00</time>
      </trkpt>
      <trkpt lat="48.84409208782017" lon="-120.74578600935638">
        <time>2005-09-25T07:38:16-07:00</time>
      </trkpt>
      <trkpt lat="48.84410373866558" lon="-120.74578600935638">
        <time>2005-09-25T07:38:17-07:00</time>
      </trkpt>
      <trkpt lat="48.844108851626515" lon="-120.74578274041414">
        <time>2005-09-25T07:38:21-07:00</time>
      </trkpt>
      <trkpt lat="48.84416249580681" lon="-120.7457604445517">
        <time>2005-09-25T07:38:26-07:00</time>
      </trkpt>
      <trkpt lat="48.84421563707292" lon="-120.7457675691694">
        <time>2005-09-25T07:38:27-07:00</time>
      </trkpt>
      <trkpt lat="48.84423675946891" lon="-120.74577460996807">
        <time>2005-09-25T07:38:34-07:00</time>
      </trkpt>
      <trkpt lat="48.8442753162235" lon="-120.74581945315003">
        <time>2005-09-25T07:38:37-07:00</time>
      </trkpt>
      <trkpt lat="48.84432217106223" lon="-120.7458439283073">
        <time>2005-09-25T07:38:42-07:00</time>
      </trkpt>
      <trkpt lat="48.84433566592634" lon="-120.74584694579244">
        <time>2005-09-25T07:38:49-07:00</time>
      </trkpt>
      <trkpt lat="48.84439442306757" lon="-120.74586471542716">
        <time>2005-09-25T07:38:55-07:00</time>
      </trkpt>
      <trkpt lat="48.84442476555705" lon="-120.74588927440345">
        <time>2005-09-25T07:38:57-07:00</time>
      </trkpt>
      <trkpt lat="48.844450833275914" lon="-120.7459010090679">
        <time>2005-09-25T07:38:58-07:00</time>
      </trkpt>
      <trkpt lat="48.84446281939745" lon="-120.74591785669327">
        <time>2005-09-25T07:39:04-07:00</time>
      </trkpt>
      <trkpt lat="48.84451135061681" lon="-120.74595926329494">
        <time>2005-09-25T07:39:10-07:00</time>
      </trkpt>
      <trkpt lat="48.844602294266224" lon="-120.74598130770028">
        <time>2005-09-25T07:39:12-07:00</time>
      </trkpt>
      <trkpt lat="48.844720143824816" lon="-120.74595088139176">
        <time>2005-09-25T07:39:19-07:00</time>
      </trkpt>
      <trkpt lat="48.844811003655195" lon="-120.74599186889827">
        <time>2005-09-25T07:39:28-07:00</time>
      </trkpt>
      <trkpt lat="48.84491628035903" lon="-120.74601550586522">
        <time>2005-09-25T07:39:30-07:00</time>
      </trkpt>
      <trkpt lat="48.84498534724116" lon="-120.746049284935">
        <time>2005-09-25T07:39:36-07:00</time>
      </trkpt>
      <trkpt lat="48.84501946158707" lon="-120.74608909897506">
        <time>2005-09-25T07:39:40-07:00</time>
      </trkpt>
      <trkpt lat="48.84511711075902" lon="-120.74617476202548">
        <time>2005-09-25T07:39:43-07:00</time>
      </trkpt>
      <trkpt lat="48.84520662948489" lon="-120.74619647115469">
        <time>2005-09-25T07:39:53-07:00</time>
      </trkpt>
      <trkpt lat="48.84527066722512" lon="-120.74627852998674">
        <time>2005-09-25T07:40:00-07:00</time>
      </trkpt>
      <trkpt lat="48.84536404162645" lon="-120.74639042839408">
        <time>2005-09-25T07:40:07-07:00</time>
      </trkpt>
      <trkpt lat="48.845482394099236" lon="-120.74646653607488">
        <time>2005-09-25T07:40:10-07:00</time>
      </trkpt>
      <trkpt lat="48.84555623866618" lon="-120.74649201706052">
        <time>2005-09-25T07:40:15-07:00</time>
      </trkpt>
      <trkpt lat="48.84557384066284" lon="-120.7464967109263">
        <time>2005-09-25T07:40:19-07:00</time>
      </trkpt>
      <trkpt lat="48.84566478431225" lon="-120.74651188217103">
        <time>2005-09-25T07:40:24-07:00</time>
      </trkpt>
      <trkpt lat="48.84571230970323" lon="-120.74654155410826">
        <time>2005-09-25T07:40:27-07:00</time>
      </trkpt>
      <trkpt lat="48.845756985247135" lon="-120.74656921438873">
        <time>2005-09-25T07:40:32-07:00</time>
      </trkpt>
      <trkpt lat="48.845813143998384" lon="-120.74656929820776">
        <time>2005-09-25T07:40:33-07:00</time>
      </trkpt>
      <trkpt lat="48.84584072045982" lon="-120.7465720642358">
        <time>2005-09-25T07:40:40-07:00</time>
      </trkpt>
      <trkpt lat="48.845908027142286" lon="-120.74657650664449">
        <time>2005-09-25T07:40:42-07:00</time>
      </trkpt>
      <trkpt lat="48.84594666771591" lon="-120.74657541699708">
        <time>2005-09-25T07:40:49-07:00</time>
      </trkpt>
      <trkpt lat="48.84601238183677" lon="-120.74660542421043">
        <time>2005-09-25T07:40:50-07:00</time>
      </trkpt>
      <trkpt lat="48.84602587670088" lon="-120.74661875143647">
        <time>2005-09-25T07:40:56-07:00</time>
      </trkpt>
      <trkpt lat="48.84605471044779" lon="-120.74664733372629">
        <time>2005-09-25T07:40:57-07:00</time>
      </trkpt>
      <trkpt lat="48.8461025711149" lon="-120.74668865650892">
        <time>2005-09-25T07:41:03-07:00</time>
      </trkpt>
      <trkpt lat="48.84613291360438" lon="-120.7466951943934">
        <time>2005-09-25T07:41:09-07:00</time>
      </trkpt>
      <trkpt lat="48.84619368240237" lon="-120.74670751579106">
        <time>2005-09-25T07:41:10-07:00</time>
      </trkpt>
      <trkpt lat="48.84629066102207" lon="-120.74671539478004">
        <time>2005-09-25T07:41:15-07:00</time>
      </trkpt>
      <trkpt lat="48.846408762037754" lon="-120.7466986309737">
        <time>2005-09-25T07:41:16-07:00</time>
      </trkpt>
      <trkpt lat="48.84642217308283" lon="-120.74669854715466">
        <time>2005-09-25T07:41:17-07:00</time>
      </trkpt>
      <trkpt lat="48.84651085361838" lon="-120.74671220965683">
        <time>2005-09-25T07:41:21-07:00</time>
      </trkpt>
      <trkpt lat="48.84655552916229" lon="-120.74675110168755">
        <time>2005-09-25T07:41:26-07:00</time>
      </trkpt>
      <trkpt lat="48.84659240953624" lon="-120.74680072255433">
        <time>2005-09-25T07:41:27-07:00</time>
      </trkpt>
      <trkpt lat="48.846640940755606" lon="-120.74685713276267">
        <time>2005-09-25T07:41:31-07:00</time>
      </trkpt>
      <trkpt lat="48.84665443561971" lon="-120.74686727486551">
        <time>2005-09-25T07:41:36-07:00</time>
      </trkpt>
      <trkpt lat="48.846745463088155" lon="-120.74689225293696">
        <time>2005-09-25T07:41:37-07:00</time>
      </trkpt>
      <trkpt lat="48.846846548840404" lon="-120.74683324433863">
        <time>2005-09-25T07:41:43-07:00</time>
      </trkpt>
      <trkpt lat="48.84688066318631" lon="-120.7468175701797">
        <time>2005-09-25T07:41:47-07:00</time>
      </trkpt>
      <trkpt lat="48.846924332901835" lon="-120.74684011749923">
        <time>2005-09-25T07:41:49-07:00</time>
      </trkpt>
      <trkpt lat="48.84700085967779" lon="-120.74689434841275">
        <time>2005-09-25T07:41:50-07:00</time>
      </trkpt>
      <trkpt lat="48.84702189825475" lon="-120.7469127047807">
        <time>2005-09-25T07:41:55-07:00</time>
      </trkpt>
      <trkpt lat="48.84707797318697" lon="-120.74694413691759">
        <time>2005-09-25T07:42:02-07:00</time>
      </trkpt>
      <trkpt lat="48.847173023968935" lon="-120.74697707779706">
        <time>2005-09-25T07:42:11-07:00</time>
      </trkpt>
      <trkpt lat="48.84728265926242" lon="-120.74699107557535">
        <time>2005-09-25T07:42:19-07:00</time>
      </trkpt>
      <trkpt lat="48.847385086119175" lon="-120.74703834950924">
        <time>2005-09-25T07:42:27-07:00</time>
      </trkpt>
      <trkpt lat="48.84742246940732" lon="-120.74711822904646">
        <time>2005-09-25T07:42:34-07:00</time>
      </trkpt>
      <trkpt lat="48.84746194817126" lon="-120.74717245995998">
        <time>2005-09-25T07:42:37-07:00</time>
      </trkpt>
      <trkpt lat="48.84747133590281" lon="-120.74717472307384">
        <time>2005-09-25T07:42:45-07:00</time>
      </trkpt>
      <trkpt lat="48.847484746947885" lon="-120.74717405252159">
        <time>2005-09-25T07:42:52-07:00</time>
      </trkpt>
      <trkpt lat="48.84754031896591" lon="-120.74718721210957">
        <time>2005-09-25T07:43:00-07:00</time>
      </trkpt>
      <trkpt lat="48.84756026789546" lon="-120.74720062315464">
        <time>2005-09-25T07:43:09-07:00</time>
      </trkpt>
      <trkpt lat="48.84762329980731" lon="-120.74720883741975">
        <time>2005-09-25T07:43:18-07:00</time>
      </trkpt>
      <trkpt lat="48.84763344191015" lon="-120.74720699340105">
        <time>2005-09-25T07:43:25-07:00</time>
      </trkpt>
      <trkpt lat="48.84764350019395" lon="-120.74721042998135">
        <time>2005-09-25T07:43:27-07:00</time>
      </trkpt>
      <trkpt lat="48.847737880423665" lon="-120.74718193151057">
        <time>2005-09-25T07:43:37-07:00</time>
      </trkpt>
      <trkpt lat="48.84774877689779" lon="-120.74718000367284">
        <time>2005-09-25T07:43:42-07:00</time>
      </trkpt>
      <trkpt lat="48.84782982990146" lon="-120.74715251103044">
        <time>2005-09-25T07:43:46-07:00</time>
      </trkpt>
      <trkpt lat="48.84784952737391" lon="-120.74714454822242">
        <time>2005-09-25T07:43:51-07:00</time>
      </trkpt>
      <trkpt lat="48.8478965498507" lon="-120.74713608250022">
        <time>2005-09-25T07:43:53-07:00</time>
      </trkpt>
      <trkpt lat="48.84791448712349" lon="-120.74712828733027">
        <time>2005-09-25T07:43:58-07:00</time>
      </trkpt>
      <trkpt lat="48.84793695062399" lon="-120.74714312329888">
        <time>2005-09-25T07:44:01-07:00</time>
      </trkpt>
      <trkpt lat="48.84798648767173" lon="-120.74719626456499">
        <time>2005-09-25T07:44:08-07:00</time>
      </trkpt>
      <trkpt lat="48.848023787140846" lon="-120.7472203206271">
        <time>2005-09-25T07:44:10-07:00</time>
      </trkpt>
      <trkpt lat="48.848034013062716" lon="-120.74722870253026">
        <time>2005-09-25T07:44:13-07:00</time>
      </trkpt>
      <trkpt lat="48.84807298891246" lon="-120.7472475618124">
        <time>2005-09-25T07:44:17-07:00</time>
      </trkpt>
      <trkpt lat="48.8481262139976" lon="-120.74725217185915">
        <time>2005-09-25T07:44:19-07:00</time>
      </trkpt>
      <trkpt lat="48.84814792312682" lon="-120.74726298451424">
        <time>2005-09-25T07:44:24-07:00</time>
      </trkpt>
      <trkpt lat="48.84818220511079" lon="-120.74727639555931">
        <time>2005-09-25T07:44:32-07:00</time>
      </trkpt>
      <trkpt lat="48.848256804049015" lon="-120.74730564840138">
        <time>2005-09-25T07:44:41-07:00</time>
      </trkpt>
      <trkpt lat="48.84828228503466" lon="-120.74729994870722">
        <time>2005-09-25T07:44:42-07:00</time>
      </trkpt>
      <trkpt lat="48.84833274409175" lon="-120.74732584878802">
        <time>2005-09-25T07:44:51-07:00</time>
      </trkpt>
      <trkpt lat="48.848356045782566" lon="-120.74734169058502">
        <time>2005-09-25T07:44:55-07:00</time>
      </trkpt>
      <trkpt lat="48.84840055368841" lon="-120.7473807502538">
        <time>2005-09-25T07:44:59-07:00</time>
      </trkpt>
      <trkpt lat="48.848422430455685" lon="-120.74739173054695">
        <time>2005-09-25T07:45:06-07:00</time>
      </trkpt>
      <trkpt lat="48.84848512709141" lon="-120.74744671583176">
        <time>2005-09-25T07:45:07-07:00</time>
      </trkpt>
      <trkpt lat="48.84849853813648" lon="-120.74745459482074">
        <time>2005-09-25T07:45:14-07:00</time>
      </trkpt>
      <trkpt lat="48.84855788201094" lon="-120.74749482795596">
        <time>2005-09-25T07:45:22-07:00</time>
      </trkpt>
      <trkpt lat="48.84856584481895" lon="-120.74749977327883">
        <time>2005-09-25T07:45:25-07:00</time>
      </trkpt>
      <trkpt lat="48.848634073510766" lon="-120.7475535850972">
        <time>2005-09-25T07:45:27-07:00</time>
      </trkpt>
      <trkpt lat="48.84867581538856" lon="-120.74756599031389">
        <time>2005-09-25T07:45:33-07:00</time>
      </trkpt>
      <trkpt lat="48.84871881455183" lon="-120.74756138026714">
        <time>2005-09-25T07:45:35-07:00</time>
      </trkpt>
      <trkpt lat="48.8487427867949" lon="-120.7475581113249">
        <time>2005-09-25T07:45:40-07:00</time>
      </trkpt>
      <trkpt lat="48.848777404055" lon="-120.74755752459168">
        <time>2005-09-25T07:45:47-07:00</time>
      </trkpt>
      <trkpt lat="48.8487980235368" lon="-120.74755291454494">
        <time>2005-09-25T07:45:55-07:00</time>
      </trkpt>
      <trkpt lat="48.848863737657666" lon="-120.74753464199603">
        <time>2005-09-25T07:46:03-07:00</time>
      </trkpt>
      <trkpt lat="48.84887371212244" lon="-120.74752978049219">
        <time>2005-09-25T07:46:09-07:00</time>
      </trkpt>
      <trkpt lat="48.84888293221593" lon="-120.74752676300704">
        <time>2005-09-25T07:46:14-07:00</time>
      </trkpt>
      <trkpt lat="48.848937414586544" lon="-120.74748686514795">
        <time>2005-09-25T07:46:15-07:00</time>
      </trkpt>
      <trkpt lat="48.84896256029606" lon="-120.74745325371623">
        <time>2005-09-25T07:46:16-07:00</time>
      </trkpt>
      <trkpt lat="48.84901109151542" lon="-120.74737169779837">
        <time>2005-09-25T07:46:20-07:00</time>
      </trkpt>
      <trkpt lat="48.849020479246974" lon="-120.74736381880939">
        <time>2005-09-25T07:46:22-07:00</time>
      </trkpt>
      <trkpt lat="48.84904528968036" lon="-120.74737085960805">
        <time>2005-09-25T07:46:26-07:00</time>
      </trkpt>
      <trkpt lat="48.849053252488375" lon="-120.7473768107593">
        <time>2005-09-25T07:46:27-07:00</time>
      </trkpt>
      <trkpt lat="48.849061634391546" lon="-120.74738494120538">
        <time>2005-09-25T07:46:28-07:00</time>
      </trkpt>
      <trkpt lat="48.84911259636283" lon="-120.74741519987583">
        <time>2005-09-25T07:46:36-07:00</time>
      </trkpt>
      <trkpt lat="48.849137825891376" lon="-120.7474343944341">
        <time>2005-09-25T07:46:37-07:00</time>
      </trkpt>
      <trkpt lat="48.84916733019054" lon="-120.74747982434928">
        <time>2005-09-25T07:46:45-07:00</time>
      </trkpt>
      <trkpt lat="48.84917562827468" lon="-120.74749382212758">
        <time>2005-09-25T07:46:47-07:00</time>
      </trkpt>
      <trkpt lat="48.849209155887365" lon="-120.74753866530955">
        <time>2005-09-25T07:46:52-07:00</time>
      </trkpt>
      <trkpt lat="48.84923002682626" lon="-120.74756087735295">
        <time>2005-09-25T07:46:54-07:00</time>
      </trkpt>
      <trkpt lat="48.8492660690099" lon="-120.7475932314992">
        <time>2005-09-25T07:46:56-07:00</time>
      </trkpt>
      <trkpt lat="48.84930504485965" lon="-120.7476220652461">
        <time>2005-09-25T07:47:01-07:00</time>
      </trkpt>
      <trkpt lat="48.84940730407834" lon="-120.74765106663108">
        <time>2005-09-25T07:47:06-07:00</time>
      </trkpt>
      <trkpt lat="48.849475868046284" lon="-120.74765073135495">
        <time>2005-09-25T07:47:07-07:00</time>
      </trkpt>
      <trkpt lat="48.84948601014912" lon="-120.74764838442206">
        <time>2005-09-25T07:47:11-07:00</time>
      </trkpt>
      <trkpt lat="48.84954644367099" lon="-120.74766967445612">
        <time>2005-09-25T07:47:15-07:00</time>
      </trkpt>
      <trkpt lat="48.84955935180187" lon="-120.7476704288274">
        <time>2005-09-25T07:47:18-07:00</time>
      </trkpt>
      <trkpt lat="48.84966705925763" lon="-120.74770781211555">
        <time>2005-09-25T07:47:21-07:00</time>
      </trkpt>
      <trkpt lat="48.849756410345435" lon="-120.74773823842406">
        <time>2005-09-25T07:47:28-07:00</time>
      </trkpt>
      <trkpt lat="48.849796894937754" lon="-120.74774318374693">
        <time>2005-09-25T07:47:30-07:00</time>
      </trkpt>
      <trkpt lat="48.84982170537114" lon="-120.74775139801204">
        <time>2005-09-25T07:47:35-07:00</time>
      </trkpt>
      <trkpt lat="48.8498620223254" lon="-120.74775667861104">
        <time>2005-09-25T07:47:37-07:00</time>
      </trkpt>
      <trkpt lat="48.84991491213441" lon="-120.74776598252356">
        <time>2005-09-25T07:47:42-07:00</time>
      </trkpt>
      <trkpt lat="48.84997132234275" lon="-120.7477896194905">
        <time>2005-09-25T07:47:44-07:00</time>
      </trkpt>
      <trkpt lat="48.85000778362155" lon="-120.74781870469451">
        <time>2005-09-25T07:47:50-07:00</time>
      </trkpt>
      <trkpt lat="48.85007324628532" lon="-120.747857009992">
        <time>2005-09-25T07:47:51-07:00</time>
      </trkpt>
      <trkpt lat="48.8501017447561" lon="-120.74786832556129">
        <time>2005-09-25T07:47:57-07:00</time>
      </trkpt>
      <trkpt lat="48.85014600120485" lon="-120.74788869358599">
        <time>2005-09-25T07:47:58-07:00</time>
      </trkpt>
      <trkpt lat="48.85018900036812" lon="-120.74789824895561">
        <time>2005-09-25T07:48:05-07:00</time>
      </trkpt>
      <trkpt lat="48.85020568035543" lon="-120.74790554121137">
        <time>2005-09-25T07:48:09-07:00</time>
      </trkpt>
      <trkpt lat="48.850243566557765" lon="-120.74791082181036">
        <time>2005-09-25T07:48:13-07:00</time>
      </trkpt>
      <trkpt lat="48.85029310360551" lon="-120.74792406521738">
        <time>2005-09-25T07:48:15-07:00</time>
      </trkpt>
      <trkpt lat="48.85034255683422" lon="-120.74793345294893">
        <time>2005-09-25T07:48:20-07:00</time>
      </trkpt>
      <trkpt lat="48.85041497647762" lon="-120.74794988147914">
        <time>2005-09-25T07:48:22-07:00</time>
      </trkpt>
      <trkpt lat="48.85042226873338" lon="-120.7479487080127">
        <time>2005-09-25T07:48:27-07:00</time>
      </trkpt>
      <trkpt lat="48.85044959373772" lon="-120.74795147404075">
        <time>2005-09-25T07:48:28-07:00</time>
      </trkpt>
      <trkpt lat="48.850502483546734" lon="-120.74796320870519">
        <time>2005-09-25T07:48:29-07:00</time>
      </trkpt>
      <trkpt lat="48.850527461618185" lon="-120.74796547181904">
        <time>2005-09-25T07:48:34-07:00</time>
      </trkpt>
      <trkpt lat="48.85058588348329" lon="-120.7480002567172">
        <time>2005-09-25T07:48:37-07:00</time>
      </trkpt>
      <trkpt lat="48.850607592612505" lon="-120.74802313931286">
        <time>2005-09-25T07:48:44-07:00</time>
      </trkpt>
      <trkpt lat="48.85065050795674" lon="-120.74805624783039">
        <time>2005-09-25T07:48:45-07:00</time>
      </trkpt>
      <trkpt lat="48.850702391937375" lon="-120.74808281846344">
        <time>2005-09-25T07:48:49-07:00</time>
      </trkpt>
      <trkpt lat="48.850750755518675" lon="-120.748092206195">
        <time>2005-09-25T07:48:50-07:00</time>
      </trkpt>
      <trkpt lat="48.85079199448228" lon="-120.74809329584241">
        <time>2005-09-25T07:48:51-07:00</time>
      </trkpt>
      <trkpt lat="48.85085008107126" lon="-120.74809270910919">
        <time>2005-09-25T07:48:58-07:00</time>
      </trkpt>
      <trkpt lat="48.85088670998812" lon="-120.74810184538364">
        <time>2005-09-25T07:49:00-07:00</time>
      </trkpt>
      <trkpt lat="48.85091420263052" lon="-120.74810855090618">
        <time>2005-09-25T07:49:04-07:00</time>
      </trkpt>
      <trkpt lat="48.85094219818711" lon="-120.7481141667813">
        <time>2005-09-25T07:49:05-07:00</time>
      </trkpt>
      <trkpt lat="48.8509617280215" lon="-120.74812523089349">
        <time>2005-09-25T07:49:09-07:00</time>
      </trkpt>
      <trkpt lat="48.85098117403686" lon="-120.74814182706177">
        <time>2005-09-25T07:49:11-07:00</time>
      </trkpt>
      <trkpt lat="48.851005313917994" lon="-120.74816152453423">
        <time>2005-09-25T07:49:15-07:00</time>
      </trkpt>
      <trkpt lat="48.851021993905306" lon="-120.74812263250351">
        <time>2005-09-25T07:49:18-07:00</time>
      </trkpt>
      <trkpt lat="48.851001877337694" lon="-120.74809086509049">
        <time>2005-09-25T07:49:26-07:00</time>
      </trkpt>
      <trkpt lat="48.85097480379045" lon="-120.74802280403674">
        <time>2005-09-25T07:49:32-07:00</time>
      </trkpt>
      <trkpt lat="48.85091193951666" lon="-120.74791601859033">
        <time>2005-09-25T07:49:33-07:00</time>
      </trkpt>
      <trkpt lat="48.850896432995796" lon="-120.74789363890886">
        <time>2005-09-25T07:49:39-07:00</time>
      </trkpt>
      <trkpt lat="48.85083901695907" lon="-120.74783077463508">
        <time>2005-09-25T07:49:40-07:00</time>
      </trkpt>
      <trkpt lat="48.850824013352394" lon="-120.74780881404877">
        <time>2005-09-25T07:49:50-07:00</time>
      </trkpt>
      <trkpt lat="48.85075846686959" lon="-120.74772818014026">
        <time>2005-09-25T07:49:59-07:00</time>
      </trkpt>
      <trkpt lat="48.85073256678879" lon="-120.74770596809685">
        <time>2005-09-25T07:50:03-07:00</time>
      </trkpt>
      <trkpt lat="48.85064145550132" lon="-120.74767394922674">
        <time>2005-09-25T07:50:06-07:00</time>
      </trkpt>
      <trkpt lat="48.85058781132102" lon="-120.74764234945178">
        <time>2005-09-25T07:50:10-07:00</time>
      </trkpt>
      <trkpt lat="48.850547494366765" lon="-120.7476257532835">
        <time>2005-09-25T07:50:14-07:00</time>
      </trkpt>
      <trkpt lat="48.85053601115942" lon="-120.74761150404811">
        <time>2005-09-25T07:50:19-07:00</time>
      </trkpt>
      <trkpt lat="48.85054975748062" lon="-120.74761552736163">
        <time>2005-09-25T07:50:22-07:00</time>
      </trkpt>
      <trkpt lat="48.85056090541184" lon="-120.74762977659702">
        <time>2005-09-25T07:50:28-07:00</time>
      </trkpt>
      <trkpt lat="48.85057264007628" lon="-120.74763698503375">
        <time>2005-09-25T07:50:30-07:00</time>
      </trkpt>
      <trkpt lat="48.85061941109598" lon="-120.74765450321138">
        <time>2005-09-25T07:50:34-07:00</time>
      </trkpt>
      <trkpt lat="48.85067590512335" lon="-120.74766581878066">
        <time>2005-09-25T07:50:38-07:00</time>
      </trkpt>
      <trkpt lat="48.85070230811834" lon="-120.7476704288274">
        <time>2005-09-25T07:50:41-07:00</time>
      </trkpt>
      <trkpt lat="48.850746899843216" lon="-120.74767629615963">
        <time>2005-09-25T07:50:44-07:00</time>
      </trkpt>
      <trkpt lat="48.850756203755736" lon="-120.74767931364477">
        <time>2005-09-25T07:50:48-07:00</time>
      </trkpt>
      <trkpt lat="48.850790401920676" lon="-120.74770739302039">
        <time>2005-09-25T07:50:53-07:00</time>
      </trkpt>
      <trkpt lat="48.85080523788929" lon="-120.7477240730077">
        <time>2005-09-25T07:51:01-07:00</time>
      </trkpt>
      <trkpt lat="48.850827449932694" lon="-120.74774117209017">
        <time>2005-09-25T07:51:02-07:00</time>
      </trkpt>
      <trkpt lat="48.85085133835673" lon="-120.74776313267648">
        <time>2005-09-25T07:51:05-07:00</time>
      </trkpt>
      <trkpt lat="48.850930044427514" lon="-120.74780235998333">
        <time>2005-09-25T07:51:09-07:00</time>
      </trkpt>
      <trkpt lat="48.85094043798745" lon="-120.74780847877264">
        <time>2005-09-25T07:51:11-07:00</time>
      </trkpt>
      <trkpt lat="48.85102794505656" lon="-120.74786187149584">
        <time>2005-09-25T07:51:17-07:00</time>
      </trkpt>
      <trkpt lat="48.851071363314986" lon="-120.74786824174225">
        <time>2005-09-25T07:51:21-07:00</time>
      </trkpt>
      <trkpt lat="48.851125510409474" lon="-120.7478710077703">
        <time>2005-09-25T07:51:25-07:00</time>
      </trkpt>
      <trkpt lat="48.85117068886757" lon="-120.74787377379835">
        <time>2005-09-25T07:51:29-07:00</time>
      </trkpt>
      <trkpt lat="48.85121033526957" lon="-120.74786933138967">
        <time>2005-09-25T07:51:33-07:00</time>
      </trkpt>
      <trkpt lat="48.85126758366823" lon="-120.74785994365811">
        <time>2005-09-25T07:51:37-07:00</time>
      </trkpt>
      <trkpt lat="48.85136045515537" lon="-120.7478948123753">
        <time>2005-09-25T07:51:41-07:00</time>
      </trkpt>
      <trkpt lat="48.85136875323951" lon="-120.74790269136429">
        <time>2005-09-25T07:51:44-07:00</time>
      </trkpt>
      <trkpt lat="48.85142491199076" lon="-120.74792909435928">
        <time>2005-09-25T07:51:46-07:00</time>
      </trkpt>
      <trkpt lat="48.85144938714802" lon="-120.74794066138566">
        <time>2005-09-25T07:51:49-07:00</time>
      </trkpt>
      <trkpt lat="48.85148090310395" lon="-120.74795893393457">
        <time>2005-09-25T07:51:51-07:00</time>
      </trkpt>
      <trkpt lat="48.85154225863516" lon="-120.74798106215894">
        <time>2005-09-25T07:51:53-07:00</time>
      </trkpt>
      <trkpt lat="48.851595651358366" lon="-120.74797376990318">
        <time>2005-09-25T07:51:56-07:00</time>
      </trkpt>
      <trkpt lat="48.851683996617794" lon="-120.74796639382839">
        <time>2005-09-25T07:52:00-07:00</time>
      </trkpt>
      <trkpt lat="48.85175021365285" lon="-120.74792951345444">
        <time>2005-09-25T07:52:02-07:00</time>
      </trkpt>
      <trkpt lat="48.851761696860194" lon="-120.74792616069317">
        <time>2005-09-25T07:52:06-07:00</time>
      </trkpt>
      <trkpt lat="48.85182389058173" lon="-120.74792523868382">
        <time>2005-09-25T07:52:13-07:00</time>
      </trkpt>
      <trkpt lat="48.85183562524617" lon="-120.74794577434659">
        <time>2005-09-25T07:52:15-07:00</time>
      </trkpt>
      <trkpt lat="48.851851047948" lon="-120.7479587662965">
        <time>2005-09-25T07:52:21-07:00</time>
      </trkpt>
      <trkpt lat="48.85190058499575" lon="-120.74800981208682">
        <time>2005-09-25T07:52:23-07:00</time>
      </trkpt>
      <trkpt lat="48.851927323266864" lon="-120.74804468080401">
        <time>2005-09-25T07:52:30-07:00</time>
      </trkpt>
      <trkpt lat="48.851966466754675" lon="-120.7480678986758">
        <time>2005-09-25T07:52:32-07:00</time>
      </trkpt>
      <trkpt lat="48.85201642289758" lon="-120.74808340519667">
        <time>2005-09-25T07:52:38-07:00</time>
      </trkpt>
      <trkpt lat="48.85206051170826" lon="-120.748102767393">
        <time>2005-09-25T07:52:42-07:00</time>
      </trkpt>
      <trkpt lat="48.85210166685283" lon="-120.74810813181102">
        <time>2005-09-25T07:52:45-07:00</time>
      </trkpt>
      <trkpt lat="48.852138966321945" lon="-120.74812120757997">
        <time>2005-09-25T07:52:48-07:00</time>
      </trkpt>
      <trkpt lat="48.85221834294498" lon="-120.7481196988374">
        <time>2005-09-25T07:52:50-07:00</time>
      </trkpt>
      <trkpt lat="48.85223628021777" lon="-120.74811902828515">
        <time>2005-09-25T07:52:51-07:00</time>
      </trkpt>
      <trkpt lat="48.85231716558337" lon="-120.74813285842538">
        <time>2005-09-25T07:52:52-07:00</time>
      </trkpt>
      <trkpt lat="48.852345664054155" lon="-120.74813336133957">
        <time>2005-09-25T07:52:55-07:00</time>
      </trkpt>
      <trkpt lat="48.852365696802735" lon="-120.74812372215092">
        <time>2005-09-25T07:52:59-07:00</time>
      </trkpt>
      <trkpt lat="48.85243694297969" lon="-120.7480750232935">
        <time>2005-09-25T07:53:02-07:00</time>
      </trkpt>
      <trkpt lat="48.8525297306478" lon="-120.7479780446738">
        <time>2005-09-25T07:53:06-07:00</time>
      </trkpt>
      <trkpt lat="48.85253610089421" lon="-120.74796010740101">
        <time>2005-09-25T07:53:07-07:00</time>
      </trkpt>
      <trkpt lat="48.85255755856633" lon="-120.74794996529818">
        <time>2005-09-25T07:53:11-07:00</time>
      </trkpt>
      <trkpt lat="48.852588487789035" lon="-120.74796580709517">
        <time>2005-09-25T07:53:13-07:00</time>
      </trkpt>
      <trkpt lat="48.852599719539285" lon="-120.74798743240535">
        <time>2005-09-25T07:53:16-07:00</time>
      </trkpt>
      <trkpt lat="48.85260491631925" lon="-120.74802531860769">
        <time>2005-09-25T07:53:18-07:00</time>
      </trkpt>
      <trkpt lat="48.8526214286685" lon="-120.74816320091486">
        <time>2005-09-25T07:53:24-07:00</time>
      </trkpt>
      <trkpt lat="48.85266115888953" lon="-120.74825783260167">
        <time>2005-09-25T07:53:25-07:00</time>
      </trkpt>
      <trkpt lat="48.852700889110565" lon="-120.74832882732153">
        <time>2005-09-25T07:53:34-07:00</time>
      </trkpt>
      <trkpt lat="48.8527078460902" lon="-120.74833704158664">
        <time>2005-09-25T07:53:38-07:00</time>
      </trkpt>
      <trkpt lat="48.85275210253894" lon="-120.74838314205408">
        <time>2005-09-25T07:53:42-07:00</time>
      </trkpt>
      <trkpt lat="48.85276065208018" lon="-120.74839102104306">
        <time>2005-09-25T07:53:45-07:00</time>
      </trkpt>
      <trkpt lat="48.852853775024414" lon="-120.74840283952653">
        <time>2005-09-25T07:53:47-07:00</time>
      </trkpt>
      <trkpt lat="48.852864587679505" lon="-120.74840258806944">
        <time>2005-09-25T07:53:51-07:00</time>
      </trkpt>
      <trkpt lat="48.85293893516064" lon="-120.74840443208814">
        <time>2005-09-25T07:53:59-07:00</time>
      </trkpt>
      <trkpt lat="48.85295360349119" lon="-120.748401414603">
        <time>2005-09-25T07:54:00-07:00</time>
      </trkpt>
      <trkpt lat="48.85299333371222" lon="-120.74840736575425">
        <time>2005-09-25T07:54:05-07:00</time>
      </trkpt>
      <trkpt lat="48.85302225127816" lon="-120.748419938609">
        <time>2005-09-25T07:54:08-07:00</time>
      </trkpt>
      <trkpt lat="48.853055108338594" lon="-120.74841423891485">
        <time>2005-09-25T07:54:11-07:00</time>
      </trkpt>
      <trkpt lat="48.85309894569218" lon="-120.74841683730483">
        <time>2005-09-25T07:54:17-07:00</time>
      </trkpt>
      <trkpt lat="48.85312560014427" lon="-120.74842060916126">
        <time>2005-09-25T07:54:19-07:00</time>
      </trkpt>
      <trkpt lat="48.85316281579435" lon="-120.74844441376626">
        <time>2005-09-25T07:54:23-07:00</time>
      </trkpt>
      <trkpt lat="48.85317656211555" lon="-120.74846033938229">
        <time>2005-09-25T07:54:28-07:00</time>
      </trkpt>
      <trkpt lat="48.85318645276129" lon="-120.74848146177828">
        <time>2005-09-25T07:54:29-07:00</time>
      </trkpt>
      <trkpt lat="48.853195840492845" lon="-120.74848850257695">
        <time>2005-09-25T07:54:35-07:00</time>
      </trkpt>
      <trkpt lat="48.85321503505111" lon="-120.74852865189314">
        <time>2005-09-25T07:54:37-07:00</time>
      </trkpt>
      <trkpt lat="48.853289717808366" lon="-120.74855488725007">
        <time>2005-09-25T07:54:38-07:00</time>
      </trkpt>
      <trkpt lat="48.85339457541704" lon="-120.74857760220766">
        <time>2005-09-25T07:54:43-07:00</time>
      </trkpt>
      <trkpt lat="48.85344226844609" lon="-120.74858397245407">
        <time>2005-09-25T07:54:46-07:00</time>
      </trkpt>
      <trkpt lat="48.85349155403674" lon="-120.74860844761133">
        <time>2005-09-25T07:54:49-07:00</time>
      </trkpt>
      <trkpt lat="48.85349943302572" lon="-120.74861397966743">
        <time>2005-09-25T07:54:53-07:00</time>
      </trkpt>
      <trkpt lat="48.85355634614825" lon="-120.74863862246275">
        <time>2005-09-25T07:54:56-07:00</time>
      </trkpt>
      <trkpt lat="48.85358107276261" lon="-120.74865337461233">
        <time>2005-09-25T07:55:00-07:00</time>
      </trkpt>
      <trkpt lat="48.85362105444074" lon="-120.74865714646876">
        <time>2005-09-25T07:55:03-07:00</time>
      </trkpt>
      <trkpt lat="48.853687355294824" lon="-120.74863971211016">
        <time>2005-09-25T07:55:09-07:00</time>
      </trkpt>
      <trkpt lat="48.853726079687476" lon="-120.74861666187644">
        <time>2005-09-25T07:55:10-07:00</time>
      </trkpt>
      <trkpt lat="48.85377905331552" lon="-120.74859285727143">
        <time>2005-09-25T07:55:15-07:00</time>
      </trkpt>
      <trkpt lat="48.853799253702164" lon="-120.74859587475657">
        <time>2005-09-25T07:55:18-07:00</time>
      </trkpt>
      <trkpt lat="48.853834960609674" lon="-120.74860610067844">
        <time>2005-09-25T07:55:21-07:00</time>
      </trkpt>
      <trkpt lat="48.85388609021902" lon="-120.74865748174489">
        <time>2005-09-25T07:55:26-07:00</time>
      </trkpt>
      <trkpt lat="48.853904362767935" lon="-120.74868656694889">
        <time>2005-09-25T07:55:35-07:00</time>
      </trkpt>
      <trkpt lat="48.853972340002656" lon="-120.7487825397402">
        <time>2005-09-25T07:55:38-07:00</time>
      </trkpt>
      <trkpt lat="48.85409161448479" lon="-120.74885604903102">
        <time>2005-09-25T07:55:41-07:00</time>
      </trkpt>
      <trkpt lat="48.85418314486742" lon="-120.74890650808811">
        <time>2005-09-25T07:55:43-07:00</time>
      </trkpt>
      <trkpt lat="48.854200914502144" lon="-120.74891312979162">
        <time>2005-09-25T07:55:45-07:00</time>
      </trkpt>
      <trkpt lat="48.854269897565246" lon="-120.74897775426507">
        <time>2005-09-25T07:55:47-07:00</time>
      </trkpt>
      <trkpt lat="48.854341143742204" lon="-120.74900172650814">
        <time>2005-09-25T07:55:54-07:00</time>
      </trkpt>
      <trkpt lat="48.854359248653054" lon="-120.74900767765939">
        <time>2005-09-25T07:56:01-07:00</time>
      </trkpt>
      <trkpt lat="48.85450216010213" lon="-120.74904615059495">
        <time>2005-09-25T07:56:06-07:00</time>
      </trkpt>
      <trkpt lat="48.854551361873746" lon="-120.74905972927809">
        <time>2005-09-25T07:56:07-07:00</time>
      </trkpt>
      <trkpt lat="48.85459343902767" lon="-120.74907624162734">
        <time>2005-09-25T07:56:12-07:00</time>
      </trkpt>
      <trkpt lat="48.85462646372616" lon="-120.74908780865371">
        <time>2005-09-25T07:56:13-07:00</time>
      </trkpt>
      <trkpt lat="48.854656890034676" lon="-120.74910147115588">
        <time>2005-09-25T07:56:19-07:00</time>
      </trkpt>
      <trkpt lat="48.85466359555721" lon="-120.74910515919328">
        <time>2005-09-25T07:56:20-07:00</time>
      </trkpt>
      <trkpt lat="48.854748168960214" lon="-120.7491435483098">
        <time>2005-09-25T07:56:26-07:00</time>
      </trkpt>
      <trkpt lat="48.85476183146238" lon="-120.74914581142366">
        <time>2005-09-25T07:56:27-07:00</time>
      </trkpt>
      <trkpt lat="48.854826875030994" lon="-120.74916844256222">
        <time>2005-09-25T07:56:30-07:00</time>
      </trkpt>
      <trkpt lat="48.85486082173884" lon="-120.74918897822499">
        <time>2005-09-25T07:56:33-07:00</time>
      </trkpt>
      <trkpt lat="48.85498168878257" lon="-120.74923474341631">
        <time>2005-09-25T07:56:36-07:00</time>
      </trkpt>
      <trkpt lat="48.85510716587305" lon="-120.74932736344635">
        <time>2005-09-25T07:56:39-07:00</time>
      </trkpt>
      <trkpt lat="48.85512636043131" lon="-120.74933423660696">
        <time>2005-09-25T07:56:41-07:00</time>
      </trkpt>
      <trkpt lat="48.85521185584366" lon="-120.7493644952774">
        <time>2005-09-25T07:56:45-07:00</time>
      </trkpt>
      <trkpt lat="48.855279916897416" lon="-120.74937128461897">
        <time>2005-09-25T07:56:46-07:00</time>
      </trkpt>
      <trkpt lat="48.85532492771745" lon="-120.74939894489944">
        <time>2005-09-25T07:56:47-07:00</time>
      </trkpt>
      <trkpt lat="48.85541117750108" lon="-120.74950489215553">
        <time>2005-09-25T07:56:48-07:00</time>
      </trkpt>
      <trkpt lat="48.85543406009674" lon="-120.74952324852347">
        <time>2005-09-25T07:56:51-07:00</time>
      </trkpt>
      <trkpt lat="48.85550471954048" lon="-120.74957337230444">
        <time>2005-09-25T07:56:57-07:00</time>
      </trkpt>
      <trkpt lat="48.855537911877036" lon="-120.74957655742764">
        <time>2005-09-25T07:57:06-07:00</time>
      </trkpt>
      <trkpt lat="48.85558317415416" lon="-120.74957789853215">
        <time>2005-09-25T07:57:11-07:00</time>
      </trkpt>
      <trkpt lat="48.8556400872767" lon="-120.74961310252547">
        <time>2005-09-25T07:57:15-07:00</time>
      </trkpt>
      <trkpt lat="48.85565819218755" lon="-120.74962022714317">
        <time>2005-09-25T07:57:16-07:00</time>
      </trkpt>
      <trkpt lat="48.855684930458665" lon="-120.74963665567338">
        <time>2005-09-25T07:57:21-07:00</time>
      </trkpt>
      <trkpt lat="48.85571309365332" lon="-120.7496602088213">
        <time>2005-09-25T07:57:24-07:00</time>
      </trkpt>
      <trkpt lat="48.85573924519122" lon="-120.7496908865869">
        <time>2005-09-25T07:57:27-07:00</time>
      </trkpt>
      <trkpt lat="48.85576279833913" lon="-120.74971854686737">
        <time>2005-09-25T07:57:32-07:00</time>
      </trkpt>
      <trkpt lat="48.85584267787635" lon="-120.74978593736887">
        <time>2005-09-25T07:57:35-07:00</time>
      </trkpt>
      <trkpt lat="48.85588366538286" lon="-120.74980203062296">
        <time>2005-09-25T07:57:38-07:00</time>
      </trkpt>
      <trkpt lat="48.85590805672109" lon="-120.74981108307838">
        <time>2005-09-25T07:57:41-07:00</time>
      </trkpt>
      <trkpt lat="48.855931274592876" lon="-120.74981753714383">
        <time>2005-09-25T07:57:45-07:00</time>
      </trkpt>
      <trkpt lat="48.8559799734503" lon="-120.74984377250075">
        <time>2005-09-25T07:57:50-07:00</time>
      </trkpt>
      <trkpt lat="48.85599296540022" lon="-120.74985290877521">
        <time>2005-09-25T07:57:52-07:00</time>
      </trkpt>
      <trkpt lat="48.856064043939114" lon="-120.74986078776419">
        <time>2005-09-25T07:57:59-07:00</time>
      </trkpt>
      <trkpt lat="48.85608390904963" lon="-120.7498639728874">
        <time>2005-09-25T07:58:08-07:00</time>
      </trkpt>
      <trkpt lat="48.856121795251966" lon="-120.74987411499023">
        <time>2005-09-25T07:58:15-07:00</time>
      </trkpt>
      <trkpt lat="48.85618105530739" lon="-120.74988333508372">
        <time>2005-09-25T07:58:16-07:00</time>
      </trkpt>
      <trkpt lat="48.85618843138218" lon="-120.74988576583564">
        <time>2005-09-25T07:58:22-07:00</time>
      </trkpt>
      <trkpt lat="48.85622899979353" lon="-120.74989800341427">
        <time>2005-09-25T07:58:29-07:00</time>
      </trkpt>
      <trkpt lat="48.85623629204929" lon="-120.74989976361394">
        <time>2005-09-25T07:58:31-07:00</time>
      </trkpt>
      <trkpt lat="48.85628079995513" lon="-120.74992063455284">
        <time>2005-09-25T07:58:40-07:00</time>
      </trkpt>
      <trkpt lat="48.856359757483006" lon="-120.74995826929808">
        <time>2005-09-25T07:58:45-07:00</time>
      </trkpt>
      <trkpt lat="48.85637258179486" lon="-120.74996170587838">
        <time>2005-09-25T07:58:48-07:00</time>
      </trkpt>
      <trkpt lat="48.85645807720721" lon="-120.74998115189373">
        <time>2005-09-25T07:58:51-07:00</time>
      </trkpt>
      <trkpt lat="48.85647903196514" lon="-120.74998358264565">
        <time>2005-09-25T07:58:55-07:00</time>
      </trkpt>
      <trkpt lat="48.85650753043592" lon="-120.74998861178756">
        <time>2005-09-25T07:58:56-07:00</time>
      </trkpt>
      <trkpt lat="48.85654013603926" lon="-120.74998232536018">
        <time>2005-09-25T07:59:04-07:00</time>
      </trkpt>
      <trkpt lat="48.856586990877986" lon="-120.74999305419624">
        <time>2005-09-25T07:59:05-07:00</time>
      </trkpt>
      <trkpt lat="48.85663996450603" lon="-120.75001744553447">
        <time>2005-09-25T07:59:11-07:00</time>
      </trkpt>
      <trkpt lat="48.85665496811271" lon="-120.75002079829574">
        <time>2005-09-25T07:59:14-07:00</time>
      </trkpt>
      <trkpt lat="48.85673442855477" lon="-120.75005290098488">
        <time>2005-09-25T07:59:23-07:00</time>
      </trkpt>
      <trkpt lat="48.85674616321921" lon="-120.75005709193647">
        <time>2005-09-25T07:59:34-07:00</time>
      </trkpt>
      <trkpt lat="48.85681925341487" lon="-120.7501002587378">
        <time>2005-09-25T07:59:35-07:00</time>
      </trkpt>
      <trkpt lat="48.856849847361445" lon="-120.75011014938354">
        <time>2005-09-25T07:59:41-07:00</time>
      </trkpt>
      <trkpt lat="48.85691547766328" lon="-120.75010587461293">
        <time>2005-09-25T07:59:47-07:00</time>
      </trkpt>
      <trkpt lat="48.85694053955376" lon="-120.75010595843196">
        <time>2005-09-25T07:59:50-07:00</time>
      </trkpt>
      <trkpt lat="48.8570196647197" lon="-120.75007762759924">
        <time>2005-09-25T07:59:58-07:00</time>
      </trkpt>
      <trkpt lat="48.857051599770784" lon="-120.75005977414548">
        <time>2005-09-25T08:00:00-07:00</time>
      </trkpt>
      <trkpt lat="48.85706006549299" lon="-120.7500521466136">
        <time>2005-09-25T08:00:06-07:00</time>
      </trkpt>
      <trkpt lat="48.857095185667276" lon="-120.75003253296018">
        <time>2005-09-25T08:00:09-07:00</time>
      </trkpt>
      <trkpt lat="48.857118235901" lon="-120.75001819990575">
        <time>2005-09-25T08:00:13-07:00</time>
      </trkpt>
      <trkpt lat="48.85714480653405" lon="-120.74999498203397">
        <time>2005-09-25T08:00:18-07:00</time>
      </trkpt>
      <trkpt lat="48.85718814097345" lon="-120.7499948143959">
        <time>2005-09-25T08:00:20-07:00</time>
      </trkpt>
      <trkpt lat="48.85720205493271" lon="-120.74999858625233">
        <time>2005-09-25T08:00:23-07:00</time>
      </trkpt>
      <trkpt lat="48.85725578293204" lon="-120.74999095872045">
        <time>2005-09-25T08:00:26-07:00</time>
      </trkpt>
      <trkpt lat="48.85729777626693" lon="-120.74998400174081">
        <time>2005-09-25T08:00:29-07:00</time>
      </trkpt>
      <trkpt lat="48.857319401577115" lon="-120.74997754767537">
        <time>2005-09-25T08:00:31-07:00</time>
      </trkpt>
      <trkpt lat="48.857407327741385" lon="-120.74994938448071">
        <time>2005-09-25T08:00:37-07:00</time>
      </trkpt>
      <trkpt lat="48.857433730736375" lon="-120.74992365203798">
        <time>2005-09-25T08:00:42-07:00</time>
      </trkpt>
      <trkpt lat="48.85748536325991" lon="-120.74988853186369">
        <time>2005-09-25T08:00:44-07:00</time>
      </trkpt>
      <trkpt lat="48.85752970352769" lon="-120.74984871782362">
        <time>2005-09-25T08:00:47-07:00</time>
      </trkpt>
      <trkpt lat="48.85753431357443" lon="-120.74984846636653">
        <time>2005-09-25T08:00:51-07:00</time>
      </trkpt>
      <trkpt lat="48.857546634972095" lon="-120.74984536506236">
        <time>2005-09-25T08:00:52-07:00</time>
      </trkpt>
      <trkpt lat="48.857554011046886" lon="-120.74984779581428">
        <time>2005-09-25T08:00:57-07:00</time>
      </trkpt>
      <trkpt lat="48.85755719617009" lon="-120.74983262456954">
        <time>2005-09-25T08:00:59-07:00</time>
      </trkpt>
      <trkpt lat="48.85753699578345" lon="-120.7498325407505">
        <time>2005-09-25T08:01:02-07:00</time>
      </trkpt>
      <trkpt lat="48.85753213427961" lon="-120.7498552557081">
        <time>2005-09-25T08:01:07-07:00</time>
      </trkpt>
      <trkpt lat="48.85755216702819" lon="-120.74985592626035">
        <time>2005-09-25T08:01:08-07:00</time>
      </trkpt>
      <trkpt lat="48.85755610652268" lon="-120.74985827319324">
        <time>2005-09-25T08:01:12-07:00</time>
      </trkpt>
      <trkpt lat="48.85756281204522" lon="-120.74985919520259">
        <time>2005-09-25T08:01:13-07:00</time>
      </trkpt>
      <trkpt lat="48.85757421143353" lon="-120.74984444305301">
        <time>2005-09-25T08:01:17-07:00</time>
      </trkpt>
      <trkpt lat="48.85757815092802" lon="-120.74984276667237">
        <time>2005-09-25T08:01:22-07:00</time>
      </trkpt>
      <trkpt lat="48.857581252232194" lon="-120.74983002617955">
        <time>2005-09-25T08:01:23-07:00</time>
      </trkpt>
      <trkpt lat="48.85759122669697" lon="-120.74980454519391">
        <time>2005-09-25T08:01:30-07:00</time>
      </trkpt>
      <trkpt lat="48.857580749318004" lon="-120.74979607947171">
        <time>2005-09-25T08:01:32-07:00</time>
      </trkpt>
      <trkpt lat="48.857624251395464" lon="-120.74977302923799">
        <time>2005-09-25T08:01:35-07:00</time>
      </trkpt>
      <trkpt lat="48.85763296857476" lon="-120.74976498261094">
        <time>2005-09-25T08:01:38-07:00</time>
      </trkpt>
      <trkpt lat="48.85769633576274" lon="-120.74972407892346">
        <time>2005-09-25T08:01:42-07:00</time>
      </trkpt>
      <trkpt lat="48.8577086571604" lon="-120.74972080998123">
        <time>2005-09-25T08:01:46-07:00</time>
      </trkpt>
      <trkpt lat="48.85773246176541" lon="-120.74970287270844">
        <time>2005-09-25T08:01:47-07:00</time>
      </trkpt>
      <trkpt lat="48.857767414301634" lon="-120.74968468397856">
        <time>2005-09-25T08:01:54-07:00</time>
      </trkpt>
      <trkpt lat="48.85777990333736" lon="-120.7496826723218">
        <time>2005-09-25T08:01:55-07:00</time>
      </trkpt>
      <trkpt lat="48.85779641568661" lon="-120.74966884218156">
        <time>2005-09-25T08:02:01-07:00</time>
      </trkpt>
      <trkpt lat="48.85782550089061" lon="-120.74963791295886">
        <time>2005-09-25T08:02:03-07:00</time>
      </trkpt>
      <trkpt lat="48.85784536600113" lon="-120.74963556602597">
        <time>2005-09-25T08:02:08-07:00</time>
      </trkpt>
      <trkpt lat="48.85788316838443" lon="-120.74962265789509">
        <time>2005-09-25T08:02:10-07:00</time>
      </trkpt>
      <trkpt lat="48.857896411791444" lon="-120.74961771257222">
        <time>2005-09-25T08:02:16-07:00</time>
      </trkpt>
      <trkpt lat="48.85790462605655" lon="-120.7496168743819">
        <time>2005-09-25T08:02:19-07:00</time>
      </trkpt>
      <trkpt lat="48.85796522721648" lon="-120.7495785690844">
        <time>2005-09-25T08:02:20-07:00</time>
      </trkpt>
      <trkpt lat="48.857973692938685" lon="-120.74957605451345">
        <time>2005-09-25T08:02:25-07:00</time>
      </trkpt>
      <trkpt lat="48.85800680145621" lon="-120.74954512529075">
        <time>2005-09-25T08:02:27-07:00</time>
      </trkpt>
      <trkpt lat="48.85802373290062" lon="-120.74954411946237">
        <time>2005-09-25T08:02:31-07:00</time>
      </trkpt>
      <trkpt lat="48.858074778690934" lon="-120.74950019828975">
        <time>2005-09-25T08:02:34-07:00</time>
      </trkpt>
      <trkpt lat="48.858103696256876" lon="-120.74947924353182">
        <time>2005-09-25T08:02:35-07:00</time>
      </trkpt>
      <trkpt lat="48.85818894021213" lon="-120.74941537342966">
        <time>2005-09-25T08:02:40-07:00</time>
      </trkpt>
      <trkpt lat="48.85819438844919" lon="-120.74941528961062">
        <time>2005-09-25T08:02:44-07:00</time>
      </trkpt>
      <trkpt lat="48.85821685194969" lon="-120.74941009283066">
        <time>2005-09-25T08:02:46-07:00</time>
      </trkpt>
      <trkpt lat="48.858255660161376" lon="-120.74938209727407">
        <time>2005-09-25T08:02:52-07:00</time>
      </trkpt>
      <trkpt lat="48.85828306898475" lon="-120.7493631541729">
        <time>2005-09-25T08:02:54-07:00</time>
      </trkpt>
      <trkpt lat="48.858295138925314" lon="-120.749352844432">
        <time>2005-09-25T08:03:00-07:00</time>
      </trkpt>
      <trkpt lat="48.85833587497473" lon="-120.74931889772415">
        <time>2005-09-25T08:03:06-07:00</time>
      </trkpt>
      <trkpt lat="48.85836479254067" lon="-120.74930221773684">
        <time>2005-09-25T08:03:07-07:00</time>
      </trkpt>
      <trkpt lat="48.85837107896805" lon="-120.74929358437657">
        <time>2005-09-25T08:03:10-07:00</time>
      </trkpt>
      <trkpt lat="48.85840603150427" lon="-120.7492590509355">
        <time>2005-09-25T08:03:14-07:00</time>
      </trkpt>
      <trkpt lat="48.8584391400218" lon="-120.74922376312315">
        <time>2005-09-25T08:03:20-07:00</time>
      </trkpt>
      <trkpt lat="48.85847048833966" lon="-120.74919132515788">
        <time>2005-09-25T08:03:26-07:00</time>
      </trkpt>
      <trkpt lat="48.85849471203983" lon="-120.74917171150446">
        <time>2005-09-25T08:03:31-07:00</time>
      </trkpt>
      <trkpt lat="48.858513571321964" lon="-120.74915427714586">
        <time>2005-09-25T08:03:37-07:00</time>
      </trkpt>
      <trkpt lat="48.85856034234166" lon="-120.7491059973836">
        <time>2005-09-25T08:03:39-07:00</time>
      </trkpt>
      <trkpt lat="48.85860778391361" lon="-120.74906484223902">
        <time>2005-09-25T08:03:41-07:00</time>
      </trkpt>
      <trkpt lat="48.85863066650927" lon="-120.74904992245138">
        <time>2005-09-25T08:03:47-07:00</time>
      </trkpt>
      <trkpt lat="48.85869177058339" lon="-120.74897515587509">
        <time>2005-09-25T08:03:49-07:00</time>
      </trkpt>
      <trkpt lat="48.858742229640484" lon="-120.74888060800731">
        <time>2005-09-25T08:03:51-07:00</time>
      </trkpt>
      <trkpt lat="48.85879478417337" lon="-120.7488520257175">
        <time>2005-09-25T08:03:52-07:00</time>
      </trkpt>
      <trkpt lat="48.858809703961015" lon="-120.74883232824504">
        <time>2005-09-25T08:07:01-07:00</time>
      </trkpt>
      <trkpt lat="48.85883493348956" lon="-120.74880835600197">
        <time>2005-09-25T08:07:05-07:00</time>
      </trkpt>
      <trkpt lat="48.85887751355767" lon="-120.74876083061099">
        <time>2005-09-25T08:07:06-07:00</time>
      </trkpt>
      <trkpt lat="48.85892084799707" lon="-120.74873333796859">
        <time>2005-09-25T08:07:11-07:00</time>
      </trkpt>
      <trkpt lat="48.85894465260208" lon="-120.74870517477393">
        <time>2005-09-25T08:07:12-07:00</time>
      </trkpt>
      <trkpt lat="48.858966026455164" lon="-120.74863174930215">
        <time>2005-09-25T08:07:14-07:00</time>
      </trkpt>
      <trkpt lat="48.858976336196065" lon="-120.74859034270048">
        <time>2005-09-25T08:07:17-07:00</time>
      </trkpt>
      <trkpt lat="48.85901070199907" lon="-120.74854499660432">
        <time>2005-09-25T08:07:18-07:00</time>
      </trkpt>
      <trkpt lat="48.85904850438237" lon="-120.7485480979085">
        <time>2005-09-25T08:07:20-07:00</time>
      </trkpt>
      <trkpt lat="48.85908898897469" lon="-120.74852135963738">
        <time>2005-09-25T08:07:23-07:00</time>
      </trkpt>
      <trkpt lat="48.8591125421226" lon="-120.74846738018095">
        <time>2005-09-25T08:07:25-07:00</time>
      </trkpt>
      <trkpt lat="48.8591143861413" lon="-120.74842773377895">
        <time>2005-09-25T08:07:29-07:00</time>
      </trkpt>
      <trkpt lat="48.85910793207586" lon="-120.74839194305241">
        <time>2005-09-25T08:07:30-07:00</time>
      </trkpt>
      <trkpt lat="48.85905705392361" lon="-120.74831390753388">
        <time>2005-09-25T08:07:31-07:00</time>
      </trkpt>
      <trkpt lat="48.85904414579272" lon="-120.7483078725636">
        <time>2005-09-25T08:07:37-07:00</time>
      </trkpt>
      <trkpt lat="48.85901866480708" lon="-120.74828599579632">
        <time>2005-09-25T08:07:38-07:00</time>
      </trkpt>
      <trkpt lat="48.85894440114498" lon="-120.74830351397395">
        <time>2005-09-25T08:07:42-07:00</time>
      </trkpt>
      <trkpt lat="48.85893342085183" lon="-120.74831139296293">
        <time>2005-09-25T08:07:44-07:00</time>
      </trkpt>
      <trkpt lat="48.8588900025934" lon="-120.74833150953054">
        <time>2005-09-25T08:07:48-07:00</time>
      </trkpt>
      <trkpt lat="48.85887893848121" lon="-120.74833670631051">
        <time>2005-09-25T08:07:50-07:00</time>
      </trkpt>
      <trkpt lat="48.85885546915233" lon="-120.7483456749469">
        <time>2005-09-25T08:07:58-07:00</time>
      </trkpt>
      <trkpt lat="48.85874449275434" lon="-120.7484030071646">
        <time>2005-09-25T08:07:59-07:00</time>
      </trkpt>
      <trkpt lat="48.85873083025217" lon="-120.74840895831585">
        <time>2005-09-25T08:08:06-07:00</time>
      </trkpt>
      <trkpt lat="48.85864365845919" lon="-120.74843997135758">
        <time>2005-09-25T08:08:12-07:00</time>
      </trkpt>
      <trkpt lat="48.858632845804095" lon="-120.74844474904239">
        <time>2005-09-25T08:08:14-07:00</time>
      </trkpt>
      <trkpt lat="48.85854818858206" lon="-120.74847877956927">
        <time>2005-09-25T08:08:15-07:00</time>
      </trkpt>
      <trkpt lat="48.858490101993084" lon="-120.7484944537282">
        <time>2005-09-25T08:08:20-07:00</time>
      </trkpt>
      <trkpt lat="48.85843620635569" lon="-120.74851431883872">
        <time>2005-09-25T08:08:23-07:00</time>
      </trkpt>
      <trkpt lat="48.858421286568046" lon="-120.74851775541902">
        <time>2005-09-25T08:08:24-07:00</time>
      </trkpt>
      <trkpt lat="48.85833939537406" lon="-120.74851490557194">
        <time>2005-09-25T08:08:27-07:00</time>
      </trkpt>
      <trkpt lat="48.85823638178408" lon="-120.74853141792119">
        <time>2005-09-25T08:08:30-07:00</time>
      </trkpt>
      <trkpt lat="48.85822657495737" lon="-120.74853493832052">
        <time>2005-09-25T08:08:34-07:00</time>
      </trkpt>
      <trkpt lat="48.85815817862749" lon="-120.74854642152786">
        <time>2005-09-25T08:08:37-07:00</time>
      </trkpt>
      <trkpt lat="48.858020631596446" lon="-120.74857131578028">
        <time>2005-09-25T08:08:39-07:00</time>
      </trkpt>
      <trkpt lat="48.857965897768736" lon="-120.74857676401734">
        <time>2005-09-25T08:08:44-07:00</time>
      </trkpt>
      <trkpt lat="48.85791761800647" lon="-120.74859377928078">
        <time>2005-09-25T08:08:48-07:00</time>
      </trkpt>
      <trkpt lat="48.857879815623164" lon="-120.74860786087811">
        <time>2005-09-25T08:08:50-07:00</time>
      </trkpt>
      <trkpt lat="48.85781108401716" lon="-120.74864013120532">
        <time>2005-09-25T08:08:56-07:00</time>
      </trkpt>
      <trkpt lat="48.857744531705976" lon="-120.74867005459964">
        <time>2005-09-25T08:09:03-07:00</time>
      </trkpt>
      <trkpt lat="48.857703460380435" lon="-120.74867826886475">
        <time>2005-09-25T08:09:09-07:00</time>
      </trkpt>
      <trkpt lat="48.857613019645214" lon="-120.7487288955599">
        <time>2005-09-25T08:09:11-07:00</time>
      </trkpt>
      <trkpt lat="48.85755434632301" lon="-120.74873903766274">
        <time>2005-09-25T08:09:14-07:00</time>
      </trkpt>
      <trkpt lat="48.85750539600849" lon="-120.74875907041132">
        <time>2005-09-25T08:09:18-07:00</time>
      </trkpt>
      <trkpt lat="48.8573753926903" lon="-120.74879989027977">
        <time>2005-09-25T08:09:21-07:00</time>
      </trkpt>
      <trkpt lat="48.857361394912004" lon="-120.7488034106791">
        <time>2005-09-25T08:09:24-07:00</time>
      </trkpt>
      <trkpt lat="48.85726399719715" lon="-120.74882009066641">
        <time>2005-09-25T08:09:29-07:00</time>
      </trkpt>
      <trkpt lat="48.857160564512014" lon="-120.74882637709379">
        <time>2005-09-25T08:09:31-07:00</time>
      </trkpt>
      <trkpt lat="48.857146902009845" lon="-120.74882713146508">
        <time>2005-09-25T08:09:36-07:00</time>
      </trkpt>
      <trkpt lat="48.85705637745559" lon="-120.7488121278584">
        <time>2005-09-25T08:09:41-07:00</time>
      </trkpt>
      <trkpt lat="48.85701312683523" lon="-120.74879611842334">
        <time>2005-09-25T08:09:45-07:00</time>
      </trkpt>
      <trkpt lat="48.857020335271955" lon="-120.74879737570882">
        <time>2005-09-25T08:09:50-07:00</time>
      </trkpt>
      <trkpt lat="48.857089234516025" lon="-120.74877021834254">
        <time>2005-09-25T08:09:52-07:00</time>
      </trkpt>
      <trkpt lat="48.85716919787228" lon="-120.74872143566608">
        <time>2005-09-25T08:09:55-07:00</time>
      </trkpt>
      <trkpt lat="48.8571803458035" lon="-120.7487140595913">
        <time>2005-09-25T08:11:20-07:00</time>
      </trkpt>
      <trkpt lat="48.85722175240517" lon="-120.74868338182569">
        <time>2005-09-25T08:11:21-07:00</time>
      </trkpt>
      <trkpt lat="48.85725653730333" lon="-120.74866184033453">
        <time>2005-09-25T08:11:23-07:00</time>
      </trkpt>
      <trkpt lat="48.857266679406166" lon="-120.74865614064038">
        <time>2005-09-25T08:11:29-07:00</time>
      </trkpt>
      <trkpt lat="48.85734555311501" lon="-120.7485792785883">
        <time>2005-09-25T08:11:30-07:00</time>
      </trkpt>
      <trkpt lat="48.85735494084656" lon="-120.74857500381768">
        <time>2005-09-25T08:11:34-07:00</time>
      </trkpt>
      <trkpt lat="48.857392240315676" lon="-120.74856167659163">
        <time>2005-09-25T08:11:35-07:00</time>
      </trkpt>
      <trkpt lat="48.857438173145056" lon="-120.74851959943771">
        <time>2005-09-25T08:11:37-07:00</time>
      </trkpt>
      <trkpt lat="48.85746373794973" lon="-120.74848975986242">
        <time>2005-09-25T08:11:46-07:00</time>
      </trkpt>
      <trkpt lat="48.85752676986158" lon="-120.74840200133622">
        <time>2005-09-25T08:11:47-07:00</time>
      </trkpt>
      <trkpt lat="48.85756155475974" lon="-120.74833670631051">
        <time>2005-09-25T08:11:54-07:00</time>
      </trkpt>
      <trkpt lat="48.857569098472595" lon="-120.74832128360868">
        <time>2005-09-25T08:11:55-07:00</time>
      </trkpt>
      <trkpt lat="48.857635986059904" lon="-120.7482391409576">
        <time>2005-09-25T08:12:02-07:00</time>
      </trkpt>
      <trkpt lat="48.85767303407192" lon="-120.74817133136094">
        <time>2005-09-25T08:12:06-07:00</time>
      </trkpt>
      <trkpt lat="48.8576898816973" lon="-120.74814450927079">
        <time>2005-09-25T08:12:09-07:00</time>
      </trkpt>
      <trkpt lat="48.857735730707645" lon="-120.74807569384575">
        <time>2005-09-25T08:12:10-07:00</time>
      </trkpt>
      <trkpt lat="48.85775945149362" lon="-120.7480523083359">
        <time>2005-09-25T08:12:17-07:00</time>
      </trkpt>
      <trkpt lat="48.85779172182083" lon="-120.74802196584642">
        <time>2005-09-25T08:12:25-07:00</time>
      </trkpt>
      <trkpt lat="48.857833463698626" lon="-120.74796605855227">
        <time>2005-09-25T08:12:26-07:00</time>
      </trkpt>
      <trkpt lat="48.85785022750497" lon="-120.74795625172555">
        <time>2005-09-25T08:12:32-07:00</time>
      </trkpt>
      <trkpt lat="48.857908146455884" lon="-120.7478765398264">
        <time>2005-09-25T08:12:41-07:00</time>
      </trkpt>
      <trkpt lat="48.857911583036184" lon="-120.7477729395032">
        <time>2005-09-25T08:12:45-07:00</time>
      </trkpt>
      <trkpt lat="48.85782977566123" lon="-120.74780638329685">
        <time>2005-09-25T08:12:49-07:00</time>
      </trkpt>
      <trkpt lat="48.85773355141282" lon="-120.74785809963942">
        <time>2005-09-25T08:12:52-07:00</time>
      </trkpt>
      <trkpt lat="48.857690300792456" lon="-120.74787620455027">
        <time>2005-09-25T08:12:58-07:00</time>
      </trkpt>
      <trkpt lat="48.85761997662485" lon="-120.74790042825043">
        <time>2005-09-25T08:13:03-07:00</time>
      </trkpt>
      <trkpt lat="48.85760547593236" lon="-120.74790042825043">
        <time>2005-09-25T08:13:06-07:00</time>
      </trkpt>
      <trkpt lat="48.857517801225185" lon="-120.74793370440602">
        <time>2005-09-25T08:13:14-07:00</time>
      </trkpt>
      <trkpt lat="48.857491901144385" lon="-120.74794200249016">
        <time>2005-09-25T08:13:18-07:00</time>
      </trkpt>
      <trkpt lat="48.857395676895976" lon="-120.7479714229703">
        <time>2005-09-25T08:13:22-07:00</time>
      </trkpt>
      <trkpt lat="48.857383439317346" lon="-120.7479764521122">
        <time>2005-09-25T08:13:31-07:00</time>
      </trkpt>
      <trkpt lat="48.857287382707" lon="-120.74800956062973">
        <time>2005-09-25T08:13:32-07:00</time>
      </trkpt>
      <trkpt lat="48.85726299136877" lon="-120.74801433831453">
        <time>2005-09-25T08:13:40-07:00</time>
      </trkpt>
      <trkpt lat="48.857214795425534" lon="-120.74803839437664">
        <time>2005-09-25T08:13:48-07:00</time>
      </trkpt>
      <trkpt lat="48.85717908851802" lon="-120.74806462973356">
        <time>2005-09-25T08:13:49-07:00</time>
      </trkpt>
      <trkpt lat="48.85713248513639" lon="-120.7480887696147">
        <time>2005-09-25T08:13:57-07:00</time>
      </trkpt>
      <trkpt lat="48.857091665267944" lon="-120.74809555895627">
        <time>2005-09-25T08:14:03-07:00</time>
      </trkpt>
      <trkpt lat="48.85702745988965" lon="-120.74808365665376">
        <time>2005-09-25T08:14:04-07:00</time>
      </trkpt>
      <trkpt lat="48.85696962475777" lon="-120.74805490672588">
        <time>2005-09-25T08:14:09-07:00</time>
      </trkpt>
      <trkpt lat="48.85693911463022" lon="-120.74802607297897">
        <time>2005-09-25T08:14:15-07:00</time>
      </trkpt>
      <trkpt lat="48.856885973364115" lon="-120.74796672910452">
        <time>2005-09-25T08:14:16-07:00</time>
      </trkpt>
      <trkpt lat="48.856877675279975" lon="-120.74795449152589">
        <time>2005-09-25T08:14:21-07:00</time>
      </trkpt>
      <trkpt lat="48.85688639245927" lon="-120.7479127496481">
        <time>2005-09-25T08:14:25-07:00</time>
      </trkpt>
      <trkpt lat="48.856893768534064" lon="-120.7478971593082">
        <time>2005-09-25T08:14:26-07:00</time>
      </trkpt>
      <trkpt lat="48.85693266056478" lon="-120.74785524979234">
        <time>2005-09-25T08:14:33-07:00</time>
      </trkpt>
      <trkpt lat="48.856970965862274" lon="-120.74781007133424">
        <time>2005-09-25T08:14:34-07:00</time>
      </trkpt>
      <trkpt lat="48.85697800666094" lon="-120.74779942631721">
        <time>2005-09-25T08:14:38-07:00</time>
      </trkpt>
      <trkpt lat="48.857003739103675" lon="-120.74776011519134">
        <time>2005-09-25T08:14:42-07:00</time>
      </trkpt>
      <trkpt lat="48.85703919455409" lon="-120.74771795421839">
        <time>2005-09-25T08:14:44-07:00</time>
      </trkpt>
      <trkpt lat="48.857083870097995" lon="-120.74766254983842">
        <time>2005-09-25T08:14:51-07:00</time>
      </trkpt>
      <trkpt lat="48.8570920843631" lon="-120.74765131808817">
        <time>2005-09-25T08:14:57-07:00</time>
      </trkpt>
      <trkpt lat="48.857128294184804" lon="-120.74760261923075">
        <time>2005-09-25T08:14:58-07:00</time>
      </trkpt>
      <trkpt lat="48.85717020370066" lon="-120.74755609966815">
        <time>2005-09-25T08:15:05-07:00</time>
      </trkpt>
      <trkpt lat="48.857222674414515" lon="-120.74748267419636">
        <time>2005-09-25T08:15:10-07:00</time>
      </trkpt>
      <trkpt lat="48.85724010877311" lon="-120.74744638055563">
        <time>2005-09-25T08:15:12-07:00</time>
      </trkpt>
      <trkpt lat="48.857275396585464" lon="-120.74739047326148">
        <time>2005-09-25T08:15:17-07:00</time>
      </trkpt>
      <trkpt lat="48.85728847235441" lon="-120.7473598793149">
        <time>2005-09-25T08:15:20-07:00</time>
      </trkpt>
      <trkpt lat="48.85732158087194" lon="-120.74730682186782">
        <time>2005-09-25T08:15:23-07:00</time>
      </trkpt>
      <trkpt lat="48.857335075736046" lon="-120.74726901948452">
        <time>2005-09-25T08:15:28-07:00</time>
      </trkpt>
      <trkpt lat="48.85734932497144" lon="-120.74722610414028">
        <time>2005-09-25T08:15:30-07:00</time>
      </trkpt>
      <trkpt lat="48.857381511479616" lon="-120.74713063426316">
        <time>2005-09-25T08:15:36-07:00</time>
      </trkpt>
      <trkpt lat="48.85739014483988" lon="-120.74708352796733">
        <time>2005-09-25T08:15:43-07:00</time>
      </trkpt>
      <trkpt lat="48.85739894583821" lon="-120.74696433730423">
        <time>2005-09-25T08:15:49-07:00</time>
      </trkpt>
      <trkpt lat="48.857394587248564" lon="-120.74682821519673">
        <time>2005-09-25T08:15:56-07:00</time>
      </trkpt>
      <trkpt lat="48.857396598905325" lon="-120.74678521603346">
        <time>2005-09-25T08:15:59-07:00</time>
      </trkpt>
      <trkpt lat="48.85740011930466" lon="-120.74671782553196">
        <time>2005-09-25T08:16:05-07:00</time>
      </trkpt>
      <trkpt lat="48.85740523226559" lon="-120.74664012528956">
        <time>2005-09-25T08:16:06-07:00</time>
      </trkpt>
      <trkpt lat="48.85741411708295" lon="-120.74659394100308">
        <time>2005-09-25T08:16:13-07:00</time>
      </trkpt>
      <trkpt lat="48.85741964913905" lon="-120.74653132818639">
        <time>2005-09-25T08:16:15-07:00</time>
      </trkpt>
      <trkpt lat="48.85742384009063" lon="-120.74644558131695">
        <time>2005-09-25T08:16:23-07:00</time>
      </trkpt>
      <trkpt lat="48.857422498986125" lon="-120.74640358798206">
        <time>2005-09-25T08:16:24-07:00</time>
      </trkpt>
      <trkpt lat="48.85741059668362" lon="-120.74637299403548">
        <time>2005-09-25T08:16:32-07:00</time>
      </trkpt>
      <trkpt lat="48.85741294361651" lon="-120.74635430239141">
        <time>2005-09-25T08:16:34-07:00</time>
      </trkpt>
      <trkpt lat="48.857419062405825" lon="-120.74626193381846">
        <time>2005-09-25T08:16:39-07:00</time>
      </trkpt>
      <trkpt lat="48.857423420995474" lon="-120.7462163362652">
        <time>2005-09-25T08:16:42-07:00</time>
      </trkpt>
      <trkpt lat="48.85741579346359" lon="-120.74608859606087">
        <time>2005-09-25T08:16:46-07:00</time>
      </trkpt>
      <trkpt lat="48.85740992613137" lon="-120.74602204374969">
        <time>2005-09-25T08:16:49-07:00</time>
      </trkpt>
      <trkpt lat="48.85740120895207" lon="-120.74597233906388">
        <time>2005-09-25T08:16:54-07:00</time>
      </trkpt>
      <trkpt lat="48.85738964192569" lon="-120.74585842899978">
        <time>2005-09-25T08:16:59-07:00</time>
      </trkpt>
      <trkpt lat="48.85739232413471" lon="-120.74581995606422">
        <time>2005-09-25T08:17:02-07:00</time>
      </trkpt>
      <trkpt lat="48.857393665239215" lon="-120.74580294080079">
        <time>2005-09-25T08:17:07-07:00</time>
      </trkpt>
      <trkpt lat="48.857400957494974" lon="-120.74561728164554">
        <time>2005-09-25T08:17:08-07:00</time>
      </trkpt>
      <trkpt lat="48.85740087367594" lon="-120.74559833854437">
        <time>2005-09-25T08:17:12-07:00</time>
      </trkpt>
      <trkpt lat="48.857400957494974" lon="-120.74557788670063">
        <time>2005-09-25T08:17:13-07:00</time>
      </trkpt>
      <trkpt lat="48.8574118539691" lon="-120.74539591558278">
        <time>2005-09-25T08:17:17-07:00</time>
      </trkpt>
      <trkpt lat="48.85741579346359" lon="-120.74534671381116">
        <time>2005-09-25T08:17:21-07:00</time>
      </trkpt>
      <trkpt lat="48.857422918081284" lon="-120.74529181234539">
        <time>2005-09-25T08:17:22-07:00</time>
      </trkpt>
      <trkpt lat="48.85744554921985" lon="-120.7451634015888">
        <time>2005-09-25T08:17:25-07:00</time>
      </trkpt>
      <trkpt lat="48.85747421532869" lon="-120.74507555924356">
        <time>2005-09-25T08:17:29-07:00</time>
      </trkpt>
      <trkpt lat="48.857488883659244" lon="-120.74501948431134">
        <time>2005-09-25T08:17:34-07:00</time>
      </trkpt>
      <trkpt lat="48.85751428082585" lon="-120.74487447738647">
        <time>2005-09-25T08:17:35-07:00</time>
      </trkpt>
      <trkpt lat="48.85754730552435" lon="-120.74477565474808">
        <time>2005-09-25T08:17:39-07:00</time>
      </trkpt>
      <trkpt lat="48.85756490752101" lon="-120.74470323510468">
        <time>2005-09-25T08:17:43-07:00</time>
      </trkpt>
      <trkpt lat="48.857586616650224" lon="-120.74458454735577">
        <time>2005-09-25T08:17:49-07:00</time>
      </trkpt>
      <trkpt lat="48.85761771351099" lon="-120.74451740831137">
        <time>2005-09-25T08:17:51-07:00</time>
      </trkpt>
      <trkpt lat="48.85763933882117" lon="-120.74448329396546">
        <time>2005-09-25T08:17:56-07:00</time>
      </trkpt>
      <trkpt lat="48.857681499794126" lon="-120.74443618766963">
        <time>2005-09-25T08:17:58-07:00</time>
      </trkpt>
      <trkpt lat="48.85772625915706" lon="-120.74438011273742">
        <time>2005-09-25T08:18:03-07:00</time>
      </trkpt>
      <trkpt lat="48.8578191306442" lon="-120.74433795176446">
        <time>2005-09-25T08:18:05-07:00</time>
      </trkpt>
      <trkpt lat="48.85790009982884" lon="-120.74425656348467">
        <time>2005-09-25T08:18:08-07:00</time>
      </trkpt>
      <trkpt lat="48.85799942538142" lon="-120.74416738003492">
        <time>2005-09-25T08:18:12-07:00</time>
      </trkpt>
      <trkpt lat="48.858045022934675" lon="-120.74410703033209">
        <time>2005-09-25T08:18:14-07:00</time>
      </trkpt>
      <trkpt lat="48.858057260513306" lon="-120.74404751881957">
        <time>2005-09-25T08:18:20-07:00</time>
      </trkpt>
      <trkpt lat="48.85806430131197" lon="-120.7440134882927">
        <time>2005-09-25T08:18:27-07:00</time>
      </trkpt>
      <trkpt lat="48.858073772862554" lon="-120.74390108697116">
        <time>2005-09-25T08:18:29-07:00</time>
      </trkpt>
      <trkpt lat="48.85807503014803" lon="-120.7438869215548">
        <time>2005-09-25T08:18:33-07:00</time>
      </trkpt>
      <trkpt lat="48.85808492079377" lon="-120.74383051134646">
        <time>2005-09-25T08:18:37-07:00</time>
      </trkpt>
      <trkpt lat="48.85808827355504" lon="-120.74381073005497">
        <time>2005-09-25T08:18:39-07:00</time>
      </trkpt>
      <trkpt lat="48.85809598490596" lon="-120.74377493932843">
        <time>2005-09-25T08:18:43-07:00</time>
      </trkpt>
      <trkpt lat="48.858127584680915" lon="-120.74368458241224">
        <time>2005-09-25T08:18:49-07:00</time>
      </trkpt>
      <trkpt lat="48.85814887471497" lon="-120.74366262182593">
        <time>2005-09-25T08:18:52-07:00</time>
      </trkpt>
      <trkpt lat="48.85818072594702" lon="-120.74361367151141">
        <time>2005-09-25T08:18:55-07:00</time>
      </trkpt>
      <trkpt lat="48.85821584612131" lon="-120.74356111697853">
        <time>2005-09-25T08:18:56-07:00</time>
      </trkpt>
      <trkpt lat="48.8582337833941" lon="-120.7435298524797">
        <time>2005-09-25T08:19:01-07:00</time>
      </trkpt>
      <trkpt lat="48.85827384889126" lon="-120.74343337677419">
        <time>2005-09-25T08:19:03-07:00</time>
      </trkpt>
      <trkpt lat="48.85827787220478" lon="-120.74341703206301">
        <time>2005-09-25T08:19:10-07:00</time>
      </trkpt>
      <trkpt lat="48.8583165127784" lon="-120.74335366487503">
        <time>2005-09-25T08:19:14-07:00</time>
      </trkpt>
      <trkpt lat="48.85833939537406" lon="-120.74332969263196">
        <time>2005-09-25T08:19:17-07:00</time>
      </trkpt>
      <trkpt lat="48.85837937705219" lon="-120.74329105205834">
        <time>2005-09-25T08:19:23-07:00</time>
      </trkpt>
      <trkpt lat="48.85840594768524" lon="-120.74326096102595">
        <time>2005-09-25T08:19:25-07:00</time>
      </trkpt>
      <trkpt lat="48.85842774063349" lon="-120.74323900043964">
        <time>2005-09-25T08:19:26-07:00</time>
      </trkpt>
      <trkpt lat="48.85849236510694" lon="-120.74317487888038">
        <time>2005-09-25T08:19:35-07:00</time>
      </trkpt>
      <trkpt lat="48.85850175283849" lon="-120.74316079728305">
        <time>2005-09-25T08:19:36-07:00</time>
      </trkpt>
      <trkpt lat="48.858521869406104" lon="-120.74313414283097">
        <time>2005-09-25T08:19:37-07:00</time>
      </trkpt>
      <trkpt lat="48.85853452607989" lon="-120.74311218224466">
        <time>2005-09-25T08:19:46-07:00</time>
      </trkpt>
      <trkpt lat="48.858541902154684" lon="-120.74310212396085">
        <time>2005-09-25T08:19:49-07:00</time>
      </trkpt>
      <trkpt lat="48.85856998153031" lon="-120.74306633323431">
        <time>2005-09-25T08:19:52-07:00</time>
      </trkpt>
      <trkpt lat="48.85860803537071" lon="-120.74302475899458">
        <time>2005-09-25T08:19:59-07:00</time>
      </trkpt>
      <trkpt lat="48.85864365845919" lon="-120.74297924526036">
        <time>2005-09-25T08:20:04-07:00</time>
      </trkpt>
      <trkpt lat="48.85865522548556" lon="-120.74297295883298">
        <time>2005-09-25T08:20:07-07:00</time>
      </trkpt>
      <trkpt lat="48.858718341216445" lon="-120.74290732853115">
        <time>2005-09-25T08:20:16-07:00</time>
      </trkpt>
      <trkpt lat="48.85872739367187" lon="-120.74289634823799">
        <time>2005-09-25T08:20:21-07:00</time>
      </trkpt>
      <trkpt lat="48.85879914276302" lon="-120.74285837821662">
        <time>2005-09-25T08:20:25-07:00</time>
      </trkpt>
      <trkpt lat="48.85883191600442" lon="-120.74284262023866">
        <time>2005-09-25T08:20:32-07:00</time>
      </trkpt>
      <trkpt lat="48.85885647498071" lon="-120.74282728135586">
        <time>2005-09-25T08:20:37-07:00</time>
      </trkpt>
      <trkpt lat="48.85890123434365" lon="-120.74280180037022">
        <time>2005-09-25T08:20:40-07:00</time>
      </trkpt>
      <trkpt lat="48.85891146026552" lon="-120.74280171655118">
        <time>2005-09-25T08:20:44-07:00</time>
      </trkpt>
      <trkpt lat="48.85896518826485" lon="-120.74278092943132">
        <time>2005-09-25T08:20:48-07:00</time>
      </trkpt>
      <trkpt lat="48.858986645936966" lon="-120.742769530043">
        <time>2005-09-25T08:20:56-07:00</time>
      </trkpt>
      <trkpt lat="48.859046241268516" lon="-120.74273072183132">
        <time>2005-09-25T08:21:03-07:00</time>
      </trkpt>
      <trkpt lat="48.85907985270023" lon="-120.74271278455853">
        <time>2005-09-25T08:21:12-07:00</time>
      </trkpt>
      <trkpt lat="48.859100388363004" lon="-120.74270121753216">
        <time>2005-09-25T08:21:17-07:00</time>
      </trkpt>
      <trkpt lat="48.859141040593386" lon="-120.7426785863936">
        <time>2005-09-25T08:21:20-07:00</time>
      </trkpt>
      <trkpt lat="48.85915017686784" lon="-120.74267548508942">
        <time>2005-09-25T08:21:22-07:00</time>
      </trkpt>
      <trkpt lat="48.859209436923265" lon="-120.74262485839427">
        <time>2005-09-25T08:21:28-07:00</time>
      </trkpt>
      <trkpt lat="48.85928940027952" lon="-120.74256593361497">
        <time>2005-09-25T08:21:29-07:00</time>
      </trkpt>
      <trkpt lat="48.85934882797301" lon="-120.74253592640162">
        <time>2005-09-25T08:21:33-07:00</time>
      </trkpt>
      <trkpt lat="48.859366765245795" lon="-120.74252486228943">
        <time>2005-09-25T08:21:34-07:00</time>
      </trkpt>
      <trkpt lat="48.8593992870301" lon="-120.74249996803701">
        <time>2005-09-25T08:21:36-07:00</time>
      </trkpt>
      <trkpt lat="48.85945536196232" lon="-120.74243794195354">
        <time>2005-09-25T08:21:42-07:00</time>
      </trkpt>
      <trkpt lat="48.859505988657475" lon="-120.74238195084035">
        <time>2005-09-25T08:21:44-07:00</time>
      </trkpt>
      <trkpt lat="48.85957270860672" lon="-120.74230651371181">
        <time>2005-09-25T08:21:48-07:00</time>
      </trkpt>
      <trkpt lat="48.85963532142341" lon="-120.74226611293852">
        <time>2005-09-25T08:21:53-07:00</time>
      </trkpt>
      <trkpt lat="48.859682343900204" lon="-120.74222831055522">
        <time>2005-09-25T08:21:56-07:00</time>
      </trkpt>
      <trkpt lat="48.859695084393024" lon="-120.7422226946801">
        <time>2005-09-25T08:22:02-07:00</time>
      </trkpt>
      <trkpt lat="48.85972433723509" lon="-120.74220425449312">
        <time>2005-09-25T08:22:03-07:00</time>
      </trkpt>
      <trkpt lat="48.859762055799365" lon="-120.74220794253051">
        <time>2005-09-25T08:22:09-07:00</time>
      </trkpt>
      <trkpt lat="48.85982785373926" lon="-120.7421931065619">
        <time>2005-09-25T08:22:11-07:00</time>
      </trkpt>
      <trkpt lat="48.859850484877825" lon="-120.74219411239028">
        <time>2005-09-25T08:22:15-07:00</time>
      </trkpt>
      <trkpt lat="48.859911505132914" lon="-120.74220400303602">
        <time>2005-09-25T08:22:18-07:00</time>
      </trkpt>
      <trkpt lat="48.85994561947882" lon="-120.74219402857125">
        <time>2005-09-25T08:22:20-07:00</time>
      </trkpt>
      <trkpt lat="48.859963305294514" lon="-120.74218841269612">
        <time>2005-09-25T08:22:27-07:00</time>
      </trkpt>
      <trkpt lat="48.859981494024396" lon="-120.74218162335455">
        <time>2005-09-25T08:22:28-07:00</time>
      </trkpt>
      <trkpt lat="48.86001099832356" lon="-120.74216972105205">
        <time>2005-09-25T08:22:30-07:00</time>
      </trkpt>
      <trkpt lat="48.86004469357431" lon="-120.74216284789145">
        <time>2005-09-25T08:22:32-07:00</time>
      </trkpt>
      <trkpt lat="48.86010479182005" lon="-120.74215304106474">
        <time>2005-09-25T08:22:33-07:00</time>
      </trkpt>
      <trkpt lat="48.86013228446245" lon="-120.74216653592885">
        <time>2005-09-25T08:22:36-07:00</time>
      </trkpt>
      <trkpt lat="48.86017461307347" lon="-120.74218371883035">
        <time>2005-09-25T08:22:40-07:00</time>
      </trkpt>
      <trkpt lat="48.86022456921637" lon="-120.74217977933586">
        <time>2005-09-25T08:22:44-07:00</time>
      </trkpt>
      <trkpt lat="48.86024929583073" lon="-120.74217785149813">
        <time>2005-09-25T08:22:45-07:00</time>
      </trkpt>
      <trkpt lat="48.860275615006685" lon="-120.74217768386006">
        <time>2005-09-25T08:22:51-07:00</time>
      </trkpt>
      <trkpt lat="48.86031693778932" lon="-120.74216812849045">
        <time>2005-09-25T08:22:52-07:00</time>
      </trkpt>
      <trkpt lat="48.860360188409686" lon="-120.74215446598828">
        <time>2005-09-25T08:22:59-07:00</time>
      </trkpt>
      <trkpt lat="48.860393380746245" lon="-120.74213451705873">
        <time>2005-09-25T08:23:02-07:00</time>
      </trkpt>
      <trkpt lat="48.860440235584974" lon="-120.74210979044437">
        <time>2005-09-25T08:23:05-07:00</time>
      </trkpt>
      <trkpt lat="48.86048725806177" lon="-120.74209160171449">
        <time>2005-09-25T08:23:10-07:00</time>
      </trkpt>
      <trkpt lat="48.86053495109081" lon="-120.7420757599175">
        <time>2005-09-25T08:23:11-07:00</time>
      </trkpt>
      <trkpt lat="48.86056495830417" lon="-120.74206159450114">
        <time>2005-09-25T08:23:16-07:00</time>
      </trkpt>
      <trkpt lat="48.86060862801969" lon="-120.74203368276358">
        <time>2005-09-25T08:23:18-07:00</time>
      </trkpt>
      <trkpt lat="48.86061851866543" lon="-120.74203225784004">
        <time>2005-09-25T08:23:23-07:00</time>
      </trkpt>
      <trkpt lat="48.86066218838096" lon="-120.74201440438628">
        <time>2005-09-25T08:23:26-07:00</time>
      </trkpt>
      <trkpt lat="48.86069118976593" lon="-120.74199579656124">
        <time>2005-09-25T08:23:29-07:00</time>
      </trkpt>
      <trkpt lat="48.86072480119765" lon="-120.74197651818395">
        <time>2005-09-25T08:23:34-07:00</time>
      </trkpt>
      <trkpt lat="48.86077484115958" lon="-120.7419512886554">
        <time>2005-09-25T08:23:35-07:00</time>
      </trkpt>
      <trkpt lat="48.86083376593888" lon="-120.74192488566041">
        <time>2005-09-25T08:23:41-07:00</time>
      </trkpt>
      <trkpt lat="48.86087106540799" lon="-120.74192899279296">
        <time>2005-09-25T08:23:48-07:00</time>
      </trkpt>
      <trkpt lat="48.86089595966041" lon="-120.74192773550749">
        <time>2005-09-25T08:23:54-07:00</time>
      </trkpt>
      <trkpt lat="48.86095312424004" lon="-120.7419201079756">
        <time>2005-09-25T08:23:56-07:00</time>
      </trkpt>
      <trkpt lat="48.86097835376859" lon="-120.74191256426275">
        <time>2005-09-25T08:23:59-07:00</time>
      </trkpt>
      <trkpt lat="48.86101129464805" lon="-120.74190678074956">
        <time>2005-09-25T08:24:04-07:00</time>
      </trkpt>
      <trkpt lat="48.86103032156825" lon="-120.74190585874021">
        <time>2005-09-25T08:24:10-07:00</time>
      </trkpt>
      <trkpt lat="48.86104482226074" lon="-120.74190703220665">
        <time>2005-09-25T08:24:17-07:00</time>
      </trkpt>
      <trkpt lat="48.86112847365439" lon="-120.74190753512084">
        <time>2005-09-25T08:24:23-07:00</time>
      </trkpt>
      <trkpt lat="48.86120625771582" lon="-120.74189999140799">
        <time>2005-09-25T08:24:28-07:00</time>
      </trkpt>
      <trkpt lat="48.86124489828944" lon="-120.74189110659063">
        <time>2005-09-25T08:24:29-07:00</time>
      </trkpt>
      <trkpt lat="48.861311031505466" lon="-120.74186654761434">
        <time>2005-09-25T08:24:32-07:00</time>
      </trkpt>
      <trkpt lat="48.86133961379528" lon="-120.74185866862535">
        <time>2005-09-25T08:24:35-07:00</time>
      </trkpt>
      <trkpt lat="48.86138789355755" lon="-120.74185162782669">
        <time>2005-09-25T08:24:41-07:00</time>
      </trkpt>
      <trkpt lat="48.86149493046105" lon="-120.74182078242302">
        <time>2005-09-25T08:24:43-07:00</time>
      </trkpt>
      <trkpt lat="48.861519154161215" lon="-120.74181382544339">
        <time>2005-09-25T08:24:48-07:00</time>
      </trkpt>
      <trkpt lat="48.86157900094986" lon="-120.74179991148412">
        <time>2005-09-25T08:24:51-07:00</time>
      </trkpt>
      <trkpt lat="48.861616384238005" lon="-120.74179127812386">
        <time>2005-09-25T08:24:53-07:00</time>
      </trkpt>
      <trkpt lat="48.861683355644345" lon="-120.74177786707878">
        <time>2005-09-25T08:24:55-07:00</time>
      </trkpt>
      <trkpt lat="48.86175284162164" lon="-120.74180326424539">
        <time>2005-09-25T08:24:58-07:00</time>
      </trkpt>
      <trkpt lat="48.861763486638665" lon="-120.7418096344918">
        <time>2005-09-25T08:25:01-07:00</time>
      </trkpt>
      <trkpt lat="48.86178519576788" lon="-120.74182715266943">
        <time>2005-09-25T08:25:06-07:00</time>
      </trkpt>
      <trkpt lat="48.861782010644674" lon="-120.74182882905006">
        <time>2005-09-25T08:25:09-07:00</time>
      </trkpt>
      <trkpt lat="48.861784441396594" lon="-120.74182966724038">
        <time>2005-09-25T08:25:12-07:00</time>
      </trkpt>
      <trkpt lat="48.86182861402631" lon="-120.74181801639497">
        <time>2005-09-25T08:25:16-07:00</time>
      </trkpt>
      <trkpt lat="48.86183540336788" lon="-120.74182614684105">
        <time>2005-09-25T08:25:18-07:00</time>
      </trkpt>
      <trkpt lat="48.86185694485903" lon="-120.74183201417327">
        <time>2005-09-25T08:25:21-07:00</time>
      </trkpt>
      <trkpt lat="48.86187530122697" lon="-120.74183670803905">
        <time>2005-09-25T08:25:24-07:00</time>
      </trkpt>
      <trkpt lat="48.86188678443432" lon="-120.7418376300484">
        <time>2005-09-25T08:25:28-07:00</time>
      </trkpt>
      <trkpt lat="48.8619483076036" lon="-120.7418508734554">
        <time>2005-09-25T08:25:31-07:00</time>
      </trkpt>
      <trkpt lat="48.86197445914149" lon="-120.74185741133988">
        <time>2005-09-25T08:25:36-07:00</time>
      </trkpt>
      <trkpt lat="48.8619895465672" lon="-120.7418579980731">
        <time>2005-09-25T08:25:39-07:00</time>
      </trkpt>
      <trkpt lat="48.86200035922229" lon="-120.7418614346534">
        <time>2005-09-25T08:25:44-07:00</time>
      </trkpt>
      <trkpt lat="48.862064983695745" lon="-120.74189831502736">
        <time>2005-09-25T08:25:47-07:00</time>
      </trkpt>
      <trkpt lat="48.86207856237888" lon="-120.74189999140799">
        <time>2005-09-25T08:25:50-07:00</time>
      </trkpt>
      <trkpt lat="48.862171433866024" lon="-120.74193988926709">
        <time>2005-09-25T08:25:52-07:00</time>
      </trkpt>
      <trkpt lat="48.86218182742596" lon="-120.74194659478962">
        <time>2005-09-25T08:25:56-07:00</time>
      </trkpt>
      <trkpt lat="48.86225122958422" lon="-120.741974003613">
        <time>2005-09-25T08:25:59-07:00</time>
      </trkpt>
      <trkpt lat="48.86228400282562" lon="-120.74197995476425">
        <time>2005-09-25T08:26:02-07:00</time>
      </trkpt>
      <trkpt lat="48.8622969109565" lon="-120.74198280461133">
        <time>2005-09-25T08:26:07-07:00</time>
      </trkpt>
      <trkpt lat="48.862349884584546" lon="-120.74199311435223">
        <time>2005-09-25T08:26:12-07:00</time>
      </trkpt>
      <trkpt lat="48.862389447167516" lon="-120.742013650015">
        <time>2005-09-25T08:26:16-07:00</time>
      </trkpt>
      <trkpt lat="48.86245398782194" lon="-120.74205790646374">
        <time>2005-09-25T08:26:18-07:00</time>
      </trkpt>
      <trkpt lat="48.862494891509414" lon="-120.7420842256397">
        <time>2005-09-25T08:26:23-07:00</time>
      </trkpt>
      <trkpt lat="48.862566724419594" lon="-120.74212655425072">
        <time>2005-09-25T08:26:25-07:00</time>
      </trkpt>
      <trkpt lat="48.86258793063462" lon="-120.74214524589479">
        <time>2005-09-25T08:26:28-07:00</time>
      </trkpt>
      <trkpt lat="48.86261919513345" lon="-120.74217139743268">
        <time>2005-09-25T08:26:30-07:00</time>
      </trkpt>
      <trkpt lat="48.862683568149805" lon="-120.7422089483589">
        <time>2005-09-25T08:26:31-07:00</time>
      </trkpt>
      <trkpt lat="48.86270494200289" lon="-120.74221464805305">
        <time>2005-09-25T08:26:38-07:00</time>
      </trkpt>
      <trkpt lat="48.8628048542887" lon="-120.74222923256457">
        <time>2005-09-25T08:26:44-07:00</time>
      </trkpt>
      <trkpt lat="48.86282857507467" lon="-120.74223677627742">
        <time>2005-09-25T08:26:47-07:00</time>
      </trkpt>
      <trkpt lat="48.86289780959487" lon="-120.74226108379662">
        <time>2005-09-25T08:26:52-07:00</time>
      </trkpt>
      <trkpt lat="48.86294483207166" lon="-120.74227466247976">
        <time>2005-09-25T08:26:55-07:00</time>
      </trkpt>
      <trkpt lat="48.863039715215564" lon="-120.74231011793017">
        <time>2005-09-25T08:27:00-07:00</time>
      </trkpt>
      <trkpt lat="48.86305522173643" lon="-120.74232310988009">
        <time>2005-09-25T08:27:09-07:00</time>
      </trkpt>
      <trkpt lat="48.86309813708067" lon="-120.74240709654987">
        <time>2005-09-25T08:27:11-07:00</time>
      </trkpt>
      <trkpt lat="48.86311171576381" lon="-120.74243291281164">
        <time>2005-09-25T08:27:16-07:00</time>
      </trkpt>
      <trkpt lat="48.863200563937426" lon="-120.7425403688103">
        <time>2005-09-25T08:27:19-07:00</time>
      </trkpt>
      <trkpt lat="48.86328974738717" lon="-120.74266928248107">
        <time>2005-09-25T08:27:24-07:00</time>
      </trkpt>
      <trkpt lat="48.86337147094309" lon="-120.74275779537857">
        <time>2005-09-25T08:27:31-07:00</time>
      </trkpt>
      <trkpt lat="48.863381361588836" lon="-120.74276383034885">
        <time>2005-09-25T08:27:32-07:00</time>
      </trkpt>
      <trkpt lat="48.86347590945661" lon="-120.74279978871346">
        <time>2005-09-25T08:27:37-07:00</time>
      </trkpt>
      <trkpt lat="48.86357489973307" lon="-120.74291554279625">
        <time>2005-09-25T08:27:38-07:00</time>
      </trkpt>
      <trkpt lat="48.863572804257274" lon="-120.7430530898273">
        <time>2005-09-25T08:27:40-07:00</time>
      </trkpt>
      <trkpt lat="48.86356618255377" lon="-120.74315283447504">
        <time>2005-09-25T08:27:44-07:00</time>
      </trkpt>
      <trkpt lat="48.863562662154436" lon="-120.74317001737654">
        <time>2005-09-25T08:27:45-07:00</time>
      </trkpt>
      <trkpt lat="48.86356073431671" lon="-120.74324771761894">
        <time>2005-09-25T08:27:47-07:00</time>
      </trkpt>
      <trkpt lat="48.863617312163115" lon="-120.74341024272144">
        <time>2005-09-25T08:27:49-07:00</time>
      </trkpt>
      <trkpt lat="48.86363307014108" lon="-120.74345340952277">
        <time>2005-09-25T08:27:50-07:00</time>
      </trkpt>
      <trkpt lat="48.863661820068955" lon="-120.74356011115015">
        <time>2005-09-25T08:27:55-07:00</time>
      </trkpt>
      <trkpt lat="48.86373206041753" lon="-120.74375004507601">
        <time>2005-09-25T08:27:57-07:00</time>
      </trkpt>
      <trkpt lat="48.86377237737179" lon="-120.74387049302459">
        <time>2005-09-25T08:27:58-07:00</time>
      </trkpt>
      <trkpt lat="48.8637821841985" lon="-120.74391106143594">
        <time>2005-09-25T08:27:59-07:00</time>
      </trkpt>
      <trkpt lat="48.863837756216526" lon="-120.74404701590538">
        <time>2005-09-25T08:28:05-07:00</time>
      </trkpt>
      <trkpt lat="48.86387597769499" lon="-120.74411457404494">
        <time>2005-09-25T08:28:06-07:00</time>
      </trkpt>
      <trkpt lat="48.863922748714685" lon="-120.74419034644961">
        <time>2005-09-25T08:28:14-07:00</time>
      </trkpt>
      <trkpt lat="48.86397873982787" lon="-120.74426461011171">
        <time>2005-09-25T08:28:15-07:00</time>
      </trkpt>
      <trkpt lat="48.86401126161218" lon="-120.7443100400269">
        <time>2005-09-25T08:28:22-07:00</time>
      </trkpt>
      <trkpt lat="48.86403238400817" lon="-120.74433845467865">
        <time>2005-09-25T08:28:25-07:00</time>
      </trkpt>
      <trkpt lat="48.86414042674005" lon="-120.74447331950068">
        <time>2005-09-25T08:28:26-07:00</time>
      </trkpt>
      <trkpt lat="48.86417998932302" lon="-120.74450366199017">
        <time>2005-09-25T08:28:30-07:00</time>
      </trkpt>
      <trkpt lat="48.86417713947594" lon="-120.74450014159083">
        <time>2005-09-25T08:28:34-07:00</time>
      </trkpt>
      <trkpt lat="48.86417739093304" lon="-120.74450047686696">
        <time>2005-09-25T08:28:40-07:00</time>
      </trkpt>
      <trkpt lat="48.86417739093304" lon="-120.74450047686696">
        <time>2005-09-25T08:28:44-07:00</time>
      </trkpt>
      <trkpt lat="48.86417739093304" lon="-120.74450047686696">
        <time>2005-09-25T08:28:51-07:00</time>
      </trkpt>
      <trkpt lat="48.86417739093304" lon="-120.74450047686696">
        <time>2005-09-25T08:28:53-07:00</time>
      </trkpt>
      <trkpt lat="48.864167584106326" lon="-120.74448731727898">
        <time>2005-09-25T08:28:56-07:00</time>
      </trkpt>
      <trkpt lat="48.86416624300182" lon="-120.74448622763157">
        <time>2005-09-25T08:29:02-07:00</time>
      </trkpt>
      <trkpt lat="48.86418476700783" lon="-120.74450751766562">
        <time>2005-09-25T08:29:04-07:00</time>
      </trkpt>
      <trkpt lat="48.86417504400015" lon="-120.74450894258916">
        <time>2005-09-25T08:29:12-07:00</time>
      </trkpt>
      <trkpt lat="48.86416548863053" lon="-120.74450584128499">
        <time>2005-09-25T08:29:14-07:00</time>
      </trkpt>
      <trkpt lat="48.86417353525758" lon="-120.74451296590269">
        <time>2005-09-25T08:29:20-07:00</time>
      </trkpt>
      <trkpt lat="48.864191472530365" lon="-120.74454138055444">
        <time>2005-09-25T08:29:24-07:00</time>
      </trkpt>
      <trkpt lat="48.864238830283284" lon="-120.7445935998112">
        <time>2005-09-25T08:29:32-07:00</time>
      </trkpt>
      <trkpt lat="48.86430228129029" lon="-120.7446795143187">
        <time>2005-09-25T08:29:34-07:00</time>
      </trkpt>
      <trkpt lat="48.86436313390732" lon="-120.74476660229266">
        <time>2005-09-25T08:29:40-07:00</time>
      </trkpt>
      <trkpt lat="48.864444606006145" lon="-120.744838854298">
        <time>2005-09-25T08:29:42-07:00</time>
      </trkpt>
      <trkpt lat="48.864501267671585" lon="-120.74486576020718">
        <time>2005-09-25T08:29:50-07:00</time>
      </trkpt>
      <trkpt lat="48.86453974060714" lon="-120.74489995837212">
        <time>2005-09-25T08:30:00-07:00</time>
      </trkpt>
      <trkpt lat="48.86457963846624" lon="-120.74491580016911">
        <time>2005-09-25T08:30:08-07:00</time>
      </trkpt>
      <trkpt lat="48.864583326503634" lon="-120.74492468498647">
        <time>2005-09-25T08:30:09-07:00</time>
      </trkpt>
      <trkpt lat="48.8646162673831" lon="-120.74495402164757">
        <time>2005-09-25T08:30:16-07:00</time>
      </trkpt>
      <trkpt lat="48.864696649834514" lon="-120.7450059056282">
        <time>2005-09-25T08:30:26-07:00</time>
      </trkpt>
      <trkpt lat="48.864739229902625" lon="-120.74502317234874">
        <time>2005-09-25T08:30:33-07:00</time>
      </trkpt>
      <trkpt lat="48.864806620404124" lon="-120.74504538439214">
        <time>2005-09-25T08:30:38-07:00</time>
      </trkpt>
      <trkpt lat="48.864828580990434" lon="-120.74504999443889">
        <time>2005-09-25T08:30:39-07:00</time>
      </trkpt>
      <trkpt lat="48.86489823460579" lon="-120.74508595280349">
        <time>2005-09-25T08:30:43-07:00</time>
      </trkpt>
      <trkpt lat="48.86493427678943" lon="-120.74517513625324">
        <time>2005-09-25T08:30:52-07:00</time>
      </trkpt>
      <trkpt lat="48.86494458653033" lon="-120.74520614929497">
        <time>2005-09-25T08:30:55-07:00</time>
      </trkpt>
      <trkpt lat="48.86497836560011" lon="-120.74534176848829">
        <time>2005-09-25T08:31:01-07:00</time>
      </trkpt>
      <trkpt lat="48.86500284075737" lon="-120.74540974572301">
        <time>2005-09-25T08:31:12-07:00</time>
      </trkpt>
      <trkpt lat="48.86501365341246" lon="-120.74544494971633">
        <time>2005-09-25T08:31:19-07:00</time>
      </trkpt>
      <trkpt lat="48.86502689681947" lon="-120.74549037963152">
        <time>2005-09-25T08:31:21-07:00</time>
      </trkpt>
      <trkpt lat="48.86508682742715" lon="-120.74564510956407">
        <time>2005-09-25T08:31:29-07:00</time>
      </trkpt>
      <trkpt lat="48.86510384269059" lon="-120.74569908902049">
        <time>2005-09-25T08:31:34-07:00</time>
      </trkpt>
      <trkpt lat="48.865133011713624" lon="-120.74577745981514">
        <time>2005-09-25T08:31:39-07:00</time>
      </trkpt>
      <trkpt lat="48.865171149373055" lon="-120.74587108567357">
        <time>2005-09-25T08:31:44-07:00</time>
      </trkpt>
      <trkpt lat="48.8652032520622" lon="-120.74595239013433">
        <time>2005-09-25T08:31:48-07:00</time>
      </trkpt>
      <trkpt lat="48.865268882364035" lon="-120.74611516669393">
        <time>2005-09-25T08:31:51-07:00</time>
      </trkpt>
      <trkpt lat="48.86527307331562" lon="-120.74613033793867">
        <time>2005-09-25T08:32:02-07:00</time>
      </trkpt>
      <trkpt lat="48.86528296396136" lon="-120.7461698167026">
        <time>2005-09-25T08:32:08-07:00</time>
      </trkpt>
      <trkpt lat="48.86532177217305" lon="-120.74623787775636">
        <time>2005-09-25T08:32:09-07:00</time>
      </trkpt>
      <trkpt lat="48.86534691788256" lon="-120.74627484194934">
        <time>2005-09-25T08:32:11-07:00</time>
      </trkpt>
      <trkpt lat="48.86539268307388" lon="-120.74634868651628">
        <time>2005-09-25T08:32:15-07:00</time>
      </trkpt>
      <trkpt lat="48.86544356122613" lon="-120.74645547196269">
        <time>2005-09-25T08:32:17-07:00</time>
      </trkpt>
      <trkpt lat="48.865493601188064" lon="-120.74660886079073">
        <time>2005-09-25T08:32:23-07:00</time>
      </trkpt>
      <trkpt lat="48.86550072580576" lon="-120.74662470258772">
        <time>2005-09-25T08:32:39-07:00</time>
      </trkpt>
      <trkpt lat="48.86557549238205" lon="-120.7467623334378">
        <time>2005-09-25T08:32:40-07:00</time>
      </trkpt>
      <trkpt lat="48.86566056869924" lon="-120.74692452326417">
        <time>2005-09-25T08:32:47-07:00</time>
      </trkpt>
      <trkpt lat="48.86566735804081" lon="-120.74694128707051">
        <time>2005-09-25T08:32:53-07:00</time>
      </trkpt>
      <trkpt lat="48.86572242714465" lon="-120.74705100618303">
        <time>2005-09-25T08:32:55-07:00</time>
      </trkpt>
      <trkpt lat="48.865781938657165" lon="-120.7471960131079">
        <time>2005-09-25T08:32:59-07:00</time>
      </trkpt>
      <trkpt lat="48.86585058644414" lon="-120.74735334143043">
        <time>2005-09-25T08:33:01-07:00</time>
      </trkpt>
      <trkpt lat="48.86590724810958" lon="-120.74753263033926">
        <time>2005-09-25T08:33:05-07:00</time>
      </trkpt>
      <trkpt lat="48.8659836910665" lon="-120.74770672246814">
        <time>2005-09-25T08:33:12-07:00</time>
      </trkpt>
      <trkpt lat="48.865990145131946" lon="-120.74772533029318">
        <time>2005-09-25T08:33:19-07:00</time>
      </trkpt>
      <trkpt lat="48.86603280901909" lon="-120.74784401804209">
        <time>2005-09-25T08:33:26-07:00</time>
      </trkpt>
      <trkpt lat="48.866104977205396" lon="-120.74801827780902">
        <time>2005-09-25T08:33:31-07:00</time>
      </trkpt>
      <trkpt lat="48.86611394584179" lon="-120.74803655035794">
        <time>2005-09-25T08:33:35-07:00</time>
      </trkpt>
      <trkpt lat="48.866200698539615" lon="-120.74819991365075">
        <time>2005-09-25T08:33:39-07:00</time>
      </trkpt>
      <trkpt lat="48.86625769548118" lon="-120.74838163331151">
        <time>2005-09-25T08:33:40-07:00</time>
      </trkpt>
      <trkpt lat="48.86632257141173" lon="-120.74856821447611">
        <time>2005-09-25T08:33:43-07:00</time>
      </trkpt>
      <trkpt lat="48.86640261858702" lon="-120.74872478842735">
        <time>2005-09-25T08:33:50-07:00</time>
      </trkpt>
      <trkpt lat="48.866456262767315" lon="-120.74889183975756">
        <time>2005-09-25T08:33:54-07:00</time>
      </trkpt>
      <trkpt lat="48.86646104045212" lon="-120.74891321361065">
        <time>2005-09-25T08:34:00-07:00</time>
      </trkpt>
      <trkpt lat="48.86648383922875" lon="-120.74907724745572">
        <time>2005-09-25T08:34:02-07:00</time>
      </trkpt>
      <trkpt lat="48.866497250273824" lon="-120.74916835874319">
        <time>2005-09-25T08:34:08-07:00</time>
      </trkpt>
      <trkpt lat="48.86650278232992" lon="-120.7492027245462">
        <time>2005-09-25T08:34:14-07:00</time>
      </trkpt>
      <trkpt lat="48.86650286614895" lon="-120.74919325299561">
        <time>2005-09-25T08:34:16-07:00</time>
      </trkpt>
      <trkpt lat="48.86651158332825" lon="-120.74918755330145">
        <time>2005-09-25T08:34:24-07:00</time>
      </trkpt>
      <trkpt lat="48.86650932021439" lon="-120.74919886887074">
        <time>2005-09-25T08:34:28-07:00</time>
      </trkpt>
      <trkpt lat="48.86650051921606" lon="-120.74921865016222">
        <time>2005-09-25T08:34:30-07:00</time>
      </trkpt>
      <trkpt lat="48.86649649590254" lon="-120.74922820553184">
        <time>2005-09-25T08:34:33-07:00</time>
      </trkpt>
      <trkpt lat="48.86649758554995" lon="-120.74922963045537">
        <time>2005-09-25T08:34:43-07:00</time>
      </trkpt>
      <trkpt lat="48.86650110594928" lon="-120.74922946281731">
        <time>2005-09-25T08:34:46-07:00</time>
      </trkpt>
      <trkpt lat="48.86650923639536" lon="-120.74922929517925">
        <time>2005-09-25T08:34:51-07:00</time>
      </trkpt>
      <trkpt lat="48.86651711538434" lon="-120.74923574924469">
        <time>2005-09-25T08:34:57-07:00</time>
      </trkpt>
      <trkpt lat="48.86651694774628" lon="-120.74923566542566">
        <time>2005-09-25T08:35:02-07:00</time>
      </trkpt>
      <trkpt lat="48.86652692221105" lon="-120.74921211227775">
        <time>2005-09-25T08:35:12-07:00</time>
      </trkpt>
      <trkpt lat="48.86652876622975" lon="-120.74921035207808">
        <time>2005-09-25T08:35:13-07:00</time>
      </trkpt>
      <trkpt lat="48.86652977205813" lon="-120.74920943006873">
        <time>2005-09-25T08:35:15-07:00</time>
      </trkpt>
      <trkpt lat="48.8665296882391" lon="-120.7492090947926">
        <time>2005-09-25T08:35:20-07:00</time>
      </trkpt>
      <trkpt lat="48.86652532964945" lon="-120.74920834042132">
        <time>2005-09-25T08:35:23-07:00</time>
      </trkpt>
      <trkpt lat="48.866510996595025" lon="-120.74920859187841">
        <time>2005-09-25T08:35:28-07:00</time>
      </trkpt>
      <trkpt lat="48.866516863927245" lon="-120.74921236373484">
        <time>2005-09-25T08:35:35-07:00</time>
      </trkpt>
      <trkpt lat="48.866513427346945" lon="-120.74927070178092">
        <time>2005-09-25T08:35:43-07:00</time>
      </trkpt>
      <trkpt lat="48.86654645204544" lon="-120.74940715916455">
        <time>2005-09-25T08:35:44-07:00</time>
      </trkpt>
      <trkpt lat="48.86655290611088" lon="-120.74942643754184">
        <time>2005-09-25T08:35:54-07:00</time>
      </trkpt>
      <trkpt lat="48.866566736251116" lon="-120.74946365319192">
        <time>2005-09-25T08:36:05-07:00</time>
      </trkpt>
      <trkpt lat="48.866584924981" lon="-120.74958921410143">
        <time>2005-09-25T08:36:06-07:00</time>
      </trkpt>
      <trkpt lat="48.86659624055028" lon="-120.7497529964894">
        <time>2005-09-25T08:36:13-07:00</time>
      </trkpt>
      <trkpt lat="48.86661518365145" lon="-120.74996111914515">
        <time>2005-09-25T08:36:21-07:00</time>
      </trkpt>
      <trkpt lat="48.866637060418725" lon="-120.75003387406468">
        <time>2005-09-25T08:36:30-07:00</time>
      </trkpt>
      <trkpt lat="48.866668827831745" lon="-120.75015750713646">
        <time>2005-09-25T08:36:40-07:00</time>
      </trkpt>
      <trkpt lat="48.866719203069806" lon="-120.7503193616867">
        <time>2005-09-25T08:36:51-07:00</time>
      </trkpt>
      <trkpt lat="48.86678013950586" lon="-120.75051558203995">
        <time>2005-09-25T08:36:52-07:00</time>
      </trkpt>
      <trkpt lat="48.86685289442539" lon="-120.75066721066833">
        <time>2005-09-25T08:36:59-07:00</time>
      </trkpt>
      <trkpt lat="48.8669697381556" lon="-120.75083903968334">
        <time>2005-09-25T08:37:09-07:00</time>
      </trkpt>
      <trkpt lat="48.867095382884145" lon="-120.75098857283592">
        <time>2005-09-25T08:37:10-07:00</time>
      </trkpt>
      <trkpt lat="48.867214154452085" lon="-120.75111002661288">
        <time>2005-09-25T08:37:20-07:00</time>
      </trkpt>
      <trkpt lat="48.86731339618564" lon="-120.75119619257748">
        <time>2005-09-25T08:37:30-07:00</time>
      </trkpt>
      <trkpt lat="48.86735547333956" lon="-120.75122754089534">
        <time>2005-09-25T08:37:41-07:00</time>
      </trkpt>
      <trkpt lat="48.86742303147912" lon="-120.75128059834242">
        <time>2005-09-25T08:37:51-07:00</time>
      </trkpt>
      <trkpt lat="48.8675260450691" lon="-120.75137263163924">
        <time>2005-09-25T08:38:01-07:00</time>
      </trkpt>
      <trkpt lat="48.86753937229514" lon="-120.7513785827905">
        <time>2005-09-25T08:38:02-07:00</time>
      </trkpt>
      <trkpt lat="48.8675535377115" lon="-120.75138285756111">
        <time>2005-09-25T08:38:11-07:00</time>
      </trkpt>
      <trkpt lat="48.867635848000646" lon="-120.75142920948565">
        <time>2005-09-25T08:38:16-07:00</time>
      </trkpt>
      <trkpt lat="48.86768454685807" lon="-120.75156390666962">
        <time>2005-09-25T08:38:19-07:00</time>
      </trkpt>
      <trkpt lat="48.86769133619964" lon="-120.75159760192037">
        <time>2005-09-25T08:38:22-07:00</time>
      </trkpt>
      <trkpt lat="48.86772394180298" lon="-120.751673290506">
        <time>2005-09-25T08:38:25-07:00</time>
      </trkpt>
      <trkpt lat="48.867761828005314" lon="-120.7517015375197">
        <time>2005-09-25T08:38:34-07:00</time>
      </trkpt>
      <trkpt lat="48.86788981966674" lon="-120.75176448561251">
        <time>2005-09-25T08:38:39-07:00</time>
      </trkpt>
      <trkpt lat="48.868001298978925" lon="-120.75180136598647">
        <time>2005-09-25T08:38:43-07:00</time>
      </trkpt>
      <trkpt lat="48.86808084324002" lon="-120.75188937596977">
        <time>2005-09-25T08:38:44-07:00</time>
      </trkpt>
      <trkpt lat="48.86813431978226" lon="-120.75197671540082">
        <time>2005-09-25T08:38:46-07:00</time>
      </trkpt>
      <trkpt lat="48.868173798546195" lon="-120.7520033698529">
        <time>2005-09-25T08:38:54-07:00</time>
      </trkpt>
      <trkpt lat="48.86823230423033" lon="-120.75203555636108">
        <time>2005-09-25T08:39:09-07:00</time>
      </trkpt>
      <trkpt lat="48.86831436306238" lon="-120.75205324217677">
        <time>2005-09-25T08:39:11-07:00</time>
      </trkpt>
      <trkpt lat="48.86835149489343" lon="-120.75201795436442">
        <time>2005-09-25T08:39:20-07:00</time>
      </trkpt>
      <trkpt lat="48.86836909689009" lon="-120.7519777212292">
        <time>2005-09-25T08:39:21-07:00</time>
      </trkpt>
      <trkpt lat="48.868372114375234" lon="-120.75196598656476">
        <time>2005-09-25T08:39:27-07:00</time>
      </trkpt>
      <trkpt lat="48.86839013546705" lon="-120.75191292911768">
        <time>2005-09-25T08:39:28-07:00</time>
      </trkpt>
      <trkpt lat="48.86840027756989" lon="-120.75189415365458">
        <time>2005-09-25T08:39:30-07:00</time>
      </trkpt>
      <trkpt lat="48.86839457787573" lon="-120.75190169736743">
        <time>2005-09-25T08:39:34-07:00</time>
      </trkpt>
      <trkpt lat="48.86838695034385" lon="-120.75190370902419">
        <time>2005-09-25T08:39:38-07:00</time>
      </trkpt>
      <trkpt lat="48.868385441601276" lon="-120.75189893133938">
        <time>2005-09-25T08:39:43-07:00</time>
      </trkpt>
      <trkpt lat="48.86835048906505" lon="-120.75197168625891">
        <time>2005-09-25T08:39:51-07:00</time>
      </trkpt>
      <trkpt lat="48.86832073330879" lon="-120.7520292699337">
        <time>2005-09-25T08:39:52-07:00</time>
      </trkpt>
      <trkpt lat="48.868318889290094" lon="-120.75207268819213">
        <time>2005-09-25T08:39:54-07:00</time>
      </trkpt>
      <trkpt lat="48.86832978576422" lon="-120.75207704678178">
        <time>2005-09-25T08:40:00-07:00</time>
      </trkpt>
      <trkpt lat="48.868366749957204" lon="-120.75210797600448">
        <time>2005-09-25T08:40:08-07:00</time>
      </trkpt>
      <trkpt lat="48.86839985847473" lon="-120.75212826021016">
        <time>2005-09-25T08:40:18-07:00</time>
      </trkpt>
      <trkpt lat="48.868459705263376" lon="-120.75213395990431">
        <time>2005-09-25T08:40:22-07:00</time>
      </trkpt>
      <trkpt lat="48.86849474161863" lon="-120.75213555246592">
        <time>2005-09-25T08:40:28-07:00</time>
      </trkpt>
      <trkpt lat="48.86859289370477" lon="-120.75212859548628">
        <time>2005-09-25T08:40:37-07:00</time>
      </trkpt>
      <trkpt lat="48.86864016763866" lon="-120.75212733820081">
        <time>2005-09-25T08:40:48-07:00</time>
      </trkpt>
      <trkpt lat="48.86872968636453" lon="-120.75213052332401">
        <time>2005-09-25T08:40:57-07:00</time>
      </trkpt>
      <trkpt lat="48.86884979903698" lon="-120.75222875922918">
        <time>2005-09-25T08:41:09-07:00</time>
      </trkpt>
      <trkpt lat="48.86893353424966" lon="-120.75232188217342">
        <time>2005-09-25T08:41:21-07:00</time>
      </trkpt>
      <trkpt lat="48.868974102661014" lon="-120.7523783762008">
        <time>2005-09-25T08:41:31-07:00</time>
      </trkpt>
      <trkpt lat="48.86900830082595" lon="-120.75242456048727">
        <time>2005-09-25T08:41:40-07:00</time>
      </trkpt>
      <trkpt lat="48.869018191471696" lon="-120.75243579223752">
        <time>2005-09-25T08:41:44-07:00</time>
      </trkpt>
      <trkpt lat="48.869045516476035" lon="-120.75247258879244">
        <time>2005-09-25T08:41:50-07:00</time>
      </trkpt>
      <trkpt lat="48.869096394628286" lon="-120.75256219133735">
        <time>2005-09-25T08:41:59-07:00</time>
      </trkpt>
      <trkpt lat="48.86919731274247" lon="-120.75273469090462">
        <time>2005-09-25T08:42:00-07:00</time>
      </trkpt>
      <trkpt lat="48.86921835131943" lon="-120.75278900563717">
        <time>2005-09-25T08:42:01-07:00</time>
      </trkpt>
      <trkpt lat="48.869251711294055" lon="-120.75285178609192">
        <time>2005-09-25T08:42:08-07:00</time>
      </trkpt>
      <trkpt lat="48.869338212534785" lon="-120.7529669534415">
        <time>2005-09-25T08:42:16-07:00</time>
      </trkpt>
      <trkpt lat="48.86934684589505" lon="-120.752984136343">
        <time>2005-09-25T08:42:18-07:00</time>
      </trkpt>
      <trkpt lat="48.86942119337618" lon="-120.75310894288123">
        <time>2005-09-25T08:42:23-07:00</time>
      </trkpt>
      <trkpt lat="48.869488751515746" lon="-120.75320868752897">
        <time>2005-09-25T08:42:26-07:00</time>
      </trkpt>
      <trkpt lat="48.869559494778514" lon="-120.75334589928389">
        <time>2005-09-25T08:42:36-07:00</time>
      </trkpt>
      <trkpt lat="48.869574666023254" lon="-120.75338512659073">
        <time>2005-09-25T08:42:45-07:00</time>
      </trkpt>
      <trkpt lat="48.869616659358144" lon="-120.75347573496401">
        <time>2005-09-25T08:42:53-07:00</time>
      </trkpt>
      <trkpt lat="48.86964633129537" lon="-120.75353382155299">
        <time>2005-09-25T08:42:59-07:00</time>
      </trkpt>
      <trkpt lat="48.869703495875" lon="-120.75364471413195">
        <time>2005-09-25T08:43:02-07:00</time>
      </trkpt>
      <trkpt lat="48.86975286528468" lon="-120.75376759283245">
        <time>2005-09-25T08:43:08-07:00</time>
      </trkpt>
      <trkpt lat="48.869760828092694" lon="-120.75378335081041">
        <time>2005-09-25T08:43:14-07:00</time>
      </trkpt>
      <trkpt lat="48.869801396504045" lon="-120.75382676906884">
        <time>2005-09-25T08:43:18-07:00</time>
      </trkpt>
      <trkpt lat="48.869810281321406" lon="-120.75379114598036">
        <time>2005-09-25T08:43:21-07:00</time>
      </trkpt>
      <trkpt lat="48.86980650946498" lon="-120.75362744741142">
        <time>2005-09-25T08:43:22-07:00</time>
      </trkpt>
      <trkpt lat="48.86980508454144" lon="-120.75361537747085">
        <time>2005-09-25T08:43:26-07:00</time>
      </trkpt>
      <trkpt lat="48.869798462837934" lon="-120.7535782456398">
        <time>2005-09-25T08:43:30-07:00</time>
      </trkpt>
      <trkpt lat="48.86975856497884" lon="-120.75349627062678">
        <time>2005-09-25T08:43:31-07:00</time>
      </trkpt>
      <trkpt lat="48.86973241344094" lon="-120.75343382544816">
        <time>2005-09-25T08:43:36-07:00</time>
      </trkpt>
      <trkpt lat="48.86972704902291" lon="-120.7534157205373">
        <time>2005-09-25T08:43:37-07:00</time>
      </trkpt>
      <trkpt lat="48.869700226932764" lon="-120.75332779437304">
        <time>2005-09-25T08:43:42-07:00</time>
      </trkpt>
      <trkpt lat="48.869683630764484" lon="-120.753282783553">
        <time>2005-09-25T08:43:46-07:00</time>
      </trkpt>
      <trkpt lat="48.86960710398853" lon="-120.75314448215067">
        <time>2005-09-25T08:43:49-07:00</time>
      </trkpt>
      <trkpt lat="48.869563434273005" lon="-120.75305697508156">
        <time>2005-09-25T08:43:50-07:00</time>
      </trkpt>
      <trkpt lat="48.86954164132476" lon="-120.75301280245185">
        <time>2005-09-25T08:43:53-07:00</time>
      </trkpt>
      <trkpt lat="48.86953527107835" lon="-120.75299687683582">
        <time>2005-09-25T08:43:56-07:00</time>
      </trkpt>
      <trkpt lat="48.86949051171541" lon="-120.75292680412531">
        <time>2005-09-25T08:44:01-07:00</time>
      </trkpt>
      <trkpt lat="48.86947047896683" lon="-120.75287600979209">
        <time>2005-09-25T08:44:04-07:00</time>
      </trkpt>
      <trkpt lat="48.86944675818086" lon="-120.75282798148692">
        <time>2005-09-25T08:44:11-07:00</time>
      </trkpt>
      <trkpt lat="48.869411470368505" lon="-120.75275388546288">
        <time>2005-09-25T08:44:15-07:00</time>
      </trkpt>
      <trkpt lat="48.869385151192546" lon="-120.75270652770996">
        <time>2005-09-25T08:44:22-07:00</time>
      </trkpt>
      <trkpt lat="48.869318179786205" lon="-120.75258783996105">
        <time>2005-09-25T08:44:33-07:00</time>
      </trkpt>
      <trkpt lat="48.8693099655211" lon="-120.7525752671063">
        <time>2005-09-25T08:44:42-07:00</time>
      </trkpt>
      <trkpt lat="48.86930460110307" lon="-120.75248063541949">
        <time>2005-09-25T08:44:46-07:00</time>
      </trkpt>
      <trkpt lat="48.869306864216924" lon="-120.75243512168527">
        <time>2005-09-25T08:44:50-07:00</time>
      </trkpt>
      <trkpt lat="48.86929219588637" lon="-120.75237795710564">
        <time>2005-09-25T08:44:51-07:00</time>
      </trkpt>
      <trkpt lat="48.86924106627703" lon="-120.75230746529996">
        <time>2005-09-25T08:44:54-07:00</time>
      </trkpt>
      <trkpt lat="48.86917619034648" lon="-120.75225088745356">
        <time>2005-09-25T08:45:01-07:00</time>
      </trkpt>
      <trkpt lat="48.86916730552912" lon="-120.75223730877042">
        <time>2005-09-25T08:45:14-07:00</time>
      </trkpt>
      <trkpt lat="48.869126569479704" lon="-120.75217218138278">
        <time>2005-09-25T08:45:18-07:00</time>
      </trkpt>
      <trkpt lat="48.86911106295884" lon="-120.75211610645056">
        <time>2005-09-25T08:45:22-07:00</time>
      </trkpt>
      <trkpt lat="48.86910259723663" lon="-120.75207679532468">
        <time>2005-09-25T08:45:31-07:00</time>
      </trkpt>
      <trkpt lat="48.869095807895064" lon="-120.75201150029898">
        <time>2005-09-25T08:45:32-07:00</time>
      </trkpt>
      <trkpt lat="48.86908767744899" lon="-120.75195173732936">
        <time>2005-09-25T08:45:41-07:00</time>
      </trkpt>
      <trkpt lat="48.86908298358321" lon="-120.75190831907094">
        <time>2005-09-25T08:45:48-07:00</time>
      </trkpt>
      <trkpt lat="48.86905901134014" lon="-120.75183849781752">
        <time>2005-09-25T08:45:57-07:00</time>
      </trkpt>
      <trkpt lat="48.86905272491276" lon="-120.75182081200182">
        <time>2005-09-25T08:45:59-07:00</time>
      </trkpt>
      <trkpt lat="48.869024058803916" lon="-120.7517549302429">
        <time>2005-09-25T08:46:05-07:00</time>
      </trkpt>
      <trkpt lat="48.86899539269507" lon="-120.75165862217546">
        <time>2005-09-25T08:46:09-07:00</time>
      </trkpt>
      <trkpt lat="48.86898776516318" lon="-120.75164127163589">
        <time>2005-09-25T08:46:15-07:00</time>
      </trkpt>
      <trkpt lat="48.868933618068695" lon="-120.75157228857279">
        <time>2005-09-25T08:46:23-07:00</time>
      </trkpt>
      <trkpt lat="48.868905790150166" lon="-120.7515144534409">
        <time>2005-09-25T08:46:24-07:00</time>
      </trkpt>
      <trkpt lat="48.86889539659023" lon="-120.75147313065827">
        <time>2005-09-25T08:46:29-07:00</time>
      </trkpt>
      <trkpt lat="48.868885254487395" lon="-120.75143943540752">
        <time>2005-09-25T08:46:31-07:00</time>
      </trkpt>
      <trkpt lat="48.86886899359524" lon="-120.75138109736145">
        <time>2005-09-25T08:46:40-07:00</time>
      </trkpt>
      <trkpt lat="48.86886337772012" lon="-120.75136031024158">
        <time>2005-09-25T08:46:41-07:00</time>
      </trkpt>
      <trkpt lat="48.86884887702763" lon="-120.75130515731871">
        <time>2005-09-25T08:46:44-07:00</time>
      </trkpt>
      <trkpt lat="48.86881333775818" lon="-120.75118915177882">
        <time>2005-09-25T08:46:49-07:00</time>
      </trkpt>
      <trkpt lat="48.868787018582225" lon="-120.75110139325261">
        <time>2005-09-25T08:46:53-07:00</time>
      </trkpt>
      <trkpt lat="48.86875944212079" lon="-120.75101338326931">
        <time>2005-09-25T08:46:54-07:00</time>
      </trkpt>
      <trkpt lat="48.86874468997121" lon="-120.75096828863025">
        <time>2005-09-25T08:46:59-07:00</time>
      </trkpt>
      <trkpt lat="48.86872532777488" lon="-120.75091573409736">
        <time>2005-09-25T08:47:01-07:00</time>
      </trkpt>
      <trkpt lat="48.8686933927238" lon="-120.75082328170538">
        <time>2005-09-25T08:47:10-07:00</time>
      </trkpt>
      <trkpt lat="48.86867889203131" lon="-120.75078489258885">
        <time>2005-09-25T08:47:15-07:00</time>
      </trkpt>
      <trkpt lat="48.868646370247006" lon="-120.75069445185363">
        <time>2005-09-25T08:47:18-07:00</time>
      </trkpt>
      <trkpt lat="48.868640419095755" lon="-120.75067676603794">
        <time>2005-09-25T08:47:19-07:00</time>
      </trkpt>
      <trkpt lat="48.86862516403198" lon="-120.7506185118109">
        <time>2005-09-25T08:47:24-07:00</time>
      </trkpt>
      <trkpt lat="48.868608148768544" lon="-120.75054257176816">
        <time>2005-09-25T08:47:27-07:00</time>
      </trkpt>
      <trkpt lat="48.86860026977956" lon="-120.75052086263895">
        <time>2005-09-25T08:47:30-07:00</time>
      </trkpt>
      <trkpt lat="48.86857562698424" lon="-120.75041877105832">
        <time>2005-09-25T08:47:34-07:00</time>
      </trkpt>
      <trkpt lat="48.86854981072247" lon="-120.75030075386167">
        <time>2005-09-25T08:47:37-07:00</time>
      </trkpt>
      <trkpt lat="48.86852474883199" lon="-120.7501713372767">
        <time>2005-09-25T08:47:44-07:00</time>
      </trkpt>
      <trkpt lat="48.86851326562464" lon="-120.75011299923062">
        <time>2005-09-25T08:47:45-07:00</time>
      </trkpt>
      <trkpt lat="48.868507565930486" lon="-120.75009061954916">
        <time>2005-09-25T08:47:50-07:00</time>
      </trkpt>
      <trkpt lat="48.86848971247673" lon="-120.74996422044933">
        <time>2005-09-25T08:47:52-07:00</time>
      </trkpt>
      <trkpt lat="48.868481079116464" lon="-120.74991032481194">
        <time>2005-09-25T08:47:55-07:00</time>
      </trkpt>
      <trkpt lat="48.86847454123199" lon="-120.7498951535672">
        <time>2005-09-25T08:48:00-07:00</time>
      </trkpt>
      <trkpt lat="48.86846364475787" lon="-120.74983539059758">
        <time>2005-09-25T08:48:06-07:00</time>
      </trkpt>
      <trkpt lat="48.868469931185246" lon="-120.74972969479859">
        <time>2005-09-25T08:48:07-07:00</time>
      </trkpt>
      <trkpt lat="48.868472361937165" lon="-120.7497104164213">
        <time>2005-09-25T08:48:12-07:00</time>
      </trkpt>
      <trkpt lat="48.86848669499159" lon="-120.74963414110243">
        <time>2005-09-25T08:48:15-07:00</time>
      </trkpt>
      <trkpt lat="48.868507063016295" lon="-120.74957270175219">
        <time>2005-09-25T08:48:17-07:00</time>
      </trkpt>
      <trkpt lat="48.86852256953716" lon="-120.74951503425837">
        <time>2005-09-25T08:48:20-07:00</time>
      </trkpt>
      <trkpt lat="48.86856070719659" lon="-120.7493972685188">
        <time>2005-09-25T08:48:23-07:00</time>
      </trkpt>
      <trkpt lat="48.86858677491546" lon="-120.74930699542165">
        <time>2005-09-25T08:48:26-07:00</time>
      </trkpt>
      <trkpt lat="48.868602868169546" lon="-120.74921680614352">
        <time>2005-09-25T08:48:30-07:00</time>
      </trkpt>
      <trkpt lat="48.868608735501766" lon="-120.74920213781297">
        <time>2005-09-25T08:48:31-07:00</time>
      </trkpt>
      <trkpt lat="48.868611082434654" lon="-120.74920968152583">
        <time>2005-09-25T08:48:35-07:00</time>
      </trkpt>
      <trkpt lat="48.86861636303365" lon="-120.74922854080796">
        <time>2005-09-25T08:48:40-07:00</time>
      </trkpt>
      <trkpt lat="48.868633629754186" lon="-120.74929702095687">
        <time>2005-09-25T08:48:41-07:00</time>
      </trkpt>
      <trkpt lat="48.86863765306771" lon="-120.74932795017958">
        <time>2005-09-25T08:48:46-07:00</time>
      </trkpt>
      <trkpt lat="48.86865911073983" lon="-120.74942283332348">
        <time>2005-09-25T08:48:50-07:00</time>
      </trkpt>
      <trkpt lat="48.86866967193782" lon="-120.74951310642064">
        <time>2005-09-25T08:48:52-07:00</time>
      </trkpt>
      <trkpt lat="48.86866715736687" lon="-120.74960572645068">
        <time>2005-09-25T08:48:54-07:00</time>
      </trkpt>
      <trkpt lat="48.868668833747506" lon="-120.74962290935218">
        <time>2005-09-25T08:48:57-07:00</time>
      </trkpt>
      <trkpt lat="48.86871300637722" lon="-120.74979406781495">
        <time>2005-09-25T08:48:58-07:00</time>
      </trkpt>
      <trkpt lat="48.868774361908436" lon="-120.74991426430643">
        <time>2005-09-25T08:49:01-07:00</time>
      </trkpt>
      <trkpt lat="48.86880864389241" lon="-120.74997528456151">
        <time>2005-09-25T08:49:07-07:00</time>
      </trkpt>
      <trkpt lat="48.8688678201288" lon="-120.75006815604866">
        <time>2005-09-25T08:49:12-07:00</time>
      </trkpt>
      <trkpt lat="48.8688765373081" lon="-120.75008433312178">
        <time>2005-09-25T08:49:17-07:00</time>
      </trkpt>
      <trkpt lat="48.86891073547304" lon="-120.75014778412879">
        <time>2005-09-25T08:49:19-07:00</time>
      </trkpt>
      <trkpt lat="48.86896203272045" lon="-120.75022322125733">
        <time>2005-09-25T08:49:22-07:00</time>
      </trkpt>
      <trkpt lat="48.868981981649995" lon="-120.75025666505098">
        <time>2005-09-25T08:49:27-07:00</time>
      </trkpt>
      <trkpt lat="48.86901852674782" lon="-120.75032036751509">
        <time>2005-09-25T08:49:29-07:00</time>
      </trkpt>
      <trkpt lat="48.86906345374882" lon="-120.75038951821625">
        <time>2005-09-25T08:49:34-07:00</time>
      </trkpt>
      <trkpt lat="48.86907510459423" lon="-120.75040175579488">
        <time>2005-09-25T08:49:35-07:00</time>
      </trkpt>
      <trkpt lat="48.869136879220605" lon="-120.75048130005598">
        <time>2005-09-25T08:49:38-07:00</time>
      </trkpt>
      <trkpt lat="48.86918541043997" lon="-120.75058473274112">
        <time>2005-09-25T08:49:42-07:00</time>
      </trkpt>
      <trkpt lat="48.86921877041459" lon="-120.75064960867167">
        <time>2005-09-25T08:49:43-07:00</time>
      </trkpt>
      <trkpt lat="48.86926210485399" lon="-120.75073141604662">
        <time>2005-09-25T08:49:48-07:00</time>
      </trkpt>
      <trkpt lat="48.86927987448871" lon="-120.75076871551573">
        <time>2005-09-25T08:49:54-07:00</time>
      </trkpt>
      <trkpt lat="48.86930778622627" lon="-120.75081766583025">
        <time>2005-09-25T08:50:01-07:00</time>
      </trkpt>
      <trkpt lat="48.86935447342694" lon="-120.75088891200721">
        <time>2005-09-25T08:50:04-07:00</time>
      </trkpt>
      <trkpt lat="48.869421277195215" lon="-120.75097382068634">
        <time>2005-09-25T08:50:05-07:00</time>
      </trkpt>
      <trkpt lat="48.86946243233979" lon="-120.75102847069502">
        <time>2005-09-25T08:50:11-07:00</time>
      </trkpt>
      <trkpt lat="48.869471065700054" lon="-120.7510418817401">
        <time>2005-09-25T08:50:14-07:00</time>
      </trkpt>
      <trkpt lat="48.86953108012676" lon="-120.75112704187632">
        <time>2005-09-25T08:50:15-07:00</time>
      </trkpt>
      <trkpt lat="48.869550777599216" lon="-120.75115604326129">
        <time>2005-09-25T08:50:18-07:00</time>
      </trkpt>
      <trkpt lat="48.869601571932435" lon="-120.75122619979084">
        <time>2005-09-25T08:50:23-07:00</time>
      </trkpt>
      <trkpt lat="48.869660245254636" lon="-120.75130515731871">
        <time>2005-09-25T08:50:24-07:00</time>
      </trkpt>
      <trkpt lat="48.86968111619353" lon="-120.7513318117708">
        <time>2005-09-25T08:50:28-07:00</time>
      </trkpt>
      <trkpt lat="48.86975822970271" lon="-120.7514489069581">
        <time>2005-09-25T08:50:31-07:00</time>
      </trkpt>
      <trkpt lat="48.86977666988969" lon="-120.75147329829633">
        <time>2005-09-25T08:50:34-07:00</time>
      </trkpt>
      <trkpt lat="48.86981539428234" lon="-120.75154412537813">
        <time>2005-09-25T08:50:40-07:00</time>
      </trkpt>
      <trkpt lat="48.86985939927399" lon="-120.75162006542087">
        <time>2005-09-25T08:50:45-07:00</time>
      </trkpt>
      <trkpt lat="48.8698660209775" lon="-120.75163356028497">
        <time>2005-09-25T08:50:49-07:00</time>
      </trkpt>
      <trkpt lat="48.869891837239265" lon="-120.751694412902">
        <time>2005-09-25T08:50:51-07:00</time>
      </trkpt>
      <trkpt lat="48.86993416585028" lon="-120.75178544037044">
        <time>2005-09-25T08:50:52-07:00</time>
      </trkpt>
      <trkpt lat="48.86994958855212" lon="-120.75181938707829">
        <time>2005-09-25T08:50:53-07:00</time>
      </trkpt>
      <trkpt lat="48.86996811255813" lon="-120.75186431407928">
        <time>2005-09-25T08:50:56-07:00</time>
      </trkpt>
      <trkpt lat="48.870021756738424" lon="-120.75201175175607">
        <time>2005-09-25T08:50:58-07:00</time>
      </trkpt>
      <trkpt lat="48.870073053985834" lon="-120.75210403650999">
        <time>2005-09-25T08:51:03-07:00</time>
      </trkpt>
      <trkpt lat="48.87007967568934" lon="-120.75212021358311">
        <time>2005-09-25T08:51:07-07:00</time>
      </trkpt>
      <trkpt lat="48.87010465376079" lon="-120.75215985998511">
        <time>2005-09-25T08:51:11-07:00</time>
      </trkpt>
      <trkpt lat="48.87015259824693" lon="-120.75223781168461">
        <time>2005-09-25T08:51:12-07:00</time>
      </trkpt>
      <trkpt lat="48.87016341090202" lon="-120.7522536534816">
        <time>2005-09-25T08:51:20-07:00</time>
      </trkpt>
      <trkpt lat="48.87020523659885" lon="-120.75233780778944">
        <time>2005-09-25T08:51:27-07:00</time>
      </trkpt>
      <trkpt lat="48.87024429626763" lon="-120.7523884344846">
        <time>2005-09-25T08:51:31-07:00</time>
      </trkpt>
      <trkpt lat="48.870262233540416" lon="-120.75241332873702">
        <time>2005-09-25T08:51:37-07:00</time>
      </trkpt>
      <trkpt lat="48.87033423408866" lon="-120.75252120383084">
        <time>2005-09-25T08:51:38-07:00</time>
      </trkpt>
      <trkpt lat="48.87034219689667" lon="-120.75253922492266">
        <time>2005-09-25T08:51:42-07:00</time>
      </trkpt>
      <trkpt lat="48.87042702175677" lon="-120.7526989839971">
        <time>2005-09-25T08:51:47-07:00</time>
      </trkpt>
      <trkpt lat="48.870475301519036" lon="-120.75276277028024">
        <time>2005-09-25T08:51:49-07:00</time>
      </trkpt>
      <trkpt lat="48.870500614866614" lon="-120.75280526652932">
        <time>2005-09-25T08:51:53-07:00</time>
      </trkpt>
      <trkpt lat="48.87052081525326" lon="-120.75283166952431">
        <time>2005-09-25T08:51:58-07:00</time>
      </trkpt>
      <trkpt lat="48.870553839951754" lon="-120.75286947190762">
        <time>2005-09-25T08:51:59-07:00</time>
      </trkpt>
      <trkpt lat="48.870603712275624" lon="-120.75292143970728">
        <time>2005-09-25T08:52:05-07:00</time>
      </trkpt>
      <trkpt lat="48.87066255323589" lon="-120.75298086740077">
        <time>2005-09-25T08:52:11-07:00</time>
      </trkpt>
      <trkpt lat="48.87072365731001" lon="-120.75305110774934">
        <time>2005-09-25T08:52:15-07:00</time>
      </trkpt>
      <trkpt lat="48.87076975777745" lon="-120.75310081243515">
        <time>2005-09-25T08:52:20-07:00</time>
      </trkpt>
      <trkpt lat="48.87078031897545" lon="-120.75311237946153">
        <time>2005-09-25T08:52:22-07:00</time>
      </trkpt>
      <trkpt lat="48.87081175111234" lon="-120.75314205139875">
        <time>2005-09-25T08:52:25-07:00</time>
      </trkpt>
      <trkpt lat="48.87087126262486" lon="-120.75319795869291">
        <time>2005-09-25T08:52:30-07:00</time>
      </trkpt>
      <trkpt lat="48.87093085795641" lon="-120.75324581936002">
        <time>2005-09-25T08:52:36-07:00</time>
      </trkpt>
      <trkpt lat="48.87095717713237" lon="-120.75326669029891">
        <time>2005-09-25T08:52:40-07:00</time>
      </trkpt>
      <trkpt lat="48.870982490479946" lon="-120.75328856706619">
        <time>2005-09-25T08:52:41-07:00</time>
      </trkpt>
      <trkpt lat="48.87102750129998" lon="-120.75332988984883">
        <time>2005-09-25T08:52:47-07:00</time>
      </trkpt>
      <trkpt lat="48.871081648394465" lon="-120.7533813547343">
        <time>2005-09-25T08:52:49-07:00</time>
      </trkpt>
      <trkpt lat="48.87109212577343" lon="-120.7533932570368">
        <time>2005-09-25T08:52:54-07:00</time>
      </trkpt>
      <trkpt lat="48.87113160453737" lon="-120.75344329699874">
        <time>2005-09-25T08:53:00-07:00</time>
      </trkpt>
      <trkpt lat="48.87116705998778" lon="-120.75348897837102">
        <time>2005-09-25T08:53:02-07:00</time>
      </trkpt>
      <trkpt lat="48.87120075523853" lon="-120.75352401472628">
        <time>2005-09-25T08:53:10-07:00</time>
      </trkpt>
      <trkpt lat="48.871254567056894" lon="-120.75357271358371">
        <time>2005-09-25T08:53:12-07:00</time>
      </trkpt>
      <trkpt lat="48.87128675356507" lon="-120.75359375216067">
        <time>2005-09-25T08:53:17-07:00</time>
      </trkpt>
      <trkpt lat="48.87133494950831" lon="-120.75362753123045">
        <time>2005-09-25T08:53:22-07:00</time>
      </trkpt>
      <trkpt lat="48.871347941458225" lon="-120.75363457202911">
        <time>2005-09-25T08:53:23-07:00</time>
      </trkpt>
      <trkpt lat="48.87139303609729" lon="-120.75367396697402">
        <time>2005-09-25T08:53:27-07:00</time>
      </trkpt>
      <trkpt lat="48.871442237868905" lon="-120.75371755287051">
        <time>2005-09-25T08:53:33-07:00</time>
      </trkpt>
      <trkpt lat="48.87145061977208" lon="-120.753726772964">
        <time>2005-09-25T08:53:35-07:00</time>
      </trkpt>
      <trkpt lat="48.87150074355304" lon="-120.75377572327852">
        <time>2005-09-25T08:53:38-07:00</time>
      </trkpt>
      <trkpt lat="48.87155145406723" lon="-120.75381813570857">
        <time>2005-09-25T08:53:46-07:00</time>
      </trkpt>
      <trkpt lat="48.87158959172666" lon="-120.75384101830423">
        <time>2005-09-25T08:53:52-07:00</time>
      </trkpt>
      <trkpt lat="48.87166201137006" lon="-120.75389348901808">
        <time>2005-09-25T08:53:53-07:00</time>
      </trkpt>
      <trkpt lat="48.871672824025154" lon="-120.7539014518261">
        <time>2005-09-25T08:53:56-07:00</time>
      </trkpt>
      <trkpt lat="48.87170718982816" lon="-120.7539268489927">
        <time>2005-09-25T08:54:01-07:00</time>
      </trkpt>
      <trkpt lat="48.871769132092595" lon="-120.75396322645247">
        <time>2005-09-25T08:54:02-07:00</time>
      </trkpt>
      <trkpt lat="48.87180458754301" lon="-120.75398275628686">
        <time>2005-09-25T08:54:07-07:00</time>
      </trkpt>
      <trkpt lat="48.87185328640044" lon="-120.7540151104331">
        <time>2005-09-25T08:54:11-07:00</time>
      </trkpt>
      <trkpt lat="48.871927466243505" lon="-120.75403497554362">
        <time>2005-09-25T08:54:13-07:00</time>
      </trkpt>
      <trkpt lat="48.871995359659195" lon="-120.75407110154629">
        <time>2005-09-25T08:54:21-07:00</time>
      </trkpt>
      <trkpt lat="48.87207708321512" lon="-120.75408107601106">
        <time>2005-09-25T08:54:22-07:00</time>
      </trkpt>
      <trkpt lat="48.8721452280879" lon="-120.75410286895931">
        <time>2005-09-25T08:54:32-07:00</time>
      </trkpt>
      <trkpt lat="48.87222242541611" lon="-120.75412575155497">
        <time>2005-09-25T08:54:37-07:00</time>
      </trkpt>
      <trkpt lat="48.872262155637145" lon="-120.75413664802909">
        <time>2005-09-25T08:54:40-07:00</time>
      </trkpt>
      <trkpt lat="48.87233859859407" lon="-120.7541652303189">
        <time>2005-09-25T08:54:42-07:00</time>
      </trkpt>
      <trkpt lat="48.872360391542315" lon="-120.75415760278702">
        <time>2005-09-25T08:54:45-07:00</time>
      </trkpt>
      <trkpt lat="48.872357876971364" lon="-120.75412390753627">
        <time>2005-09-25T08:54:49-07:00</time>
      </trkpt>
      <trkpt lat="48.87234102934599" lon="-120.75411150231957">
        <time>2005-09-25T08:54:54-07:00</time>
      </trkpt>
      <trkpt lat="48.87228520587087" lon="-120.75407336466014">
        <time>2005-09-25T08:55:00-07:00</time>
      </trkpt>
      <trkpt lat="48.8722213357687" lon="-120.75404025614262">
        <time>2005-09-25T08:55:04-07:00</time>
      </trkpt>
      <trkpt lat="48.87215503491461" lon="-120.75400421395898">
        <time>2005-09-25T08:55:05-07:00</time>
      </trkpt>
      <trkpt lat="48.872127290815115" lon="-120.75399247929454">
        <time>2005-09-25T08:55:08-07:00</time>
      </trkpt>
      <trkpt lat="48.872059397399426" lon="-120.75394730083644">
        <time>2005-09-25T08:55:13-07:00</time>
      </trkpt>
      <trkpt lat="48.872030060738325" lon="-120.75392676517367">
        <time>2005-09-25T08:55:18-07:00</time>
      </trkpt>
      <trkpt lat="48.871944481506944" lon="-120.75385275296867">
        <time>2005-09-25T08:55:20-07:00</time>
      </trkpt>
      <trkpt lat="48.87188907712698" lon="-120.75380346737802">
        <time>2005-09-25T08:55:22-07:00</time>
      </trkpt>
      <trkpt lat="48.87185479514301" lon="-120.75375736691058">
        <time>2005-09-25T08:55:26-07:00</time>
      </trkpt>
      <trkpt lat="48.871782291680574" lon="-120.75365720316768">
        <time>2005-09-25T08:55:31-07:00</time>
      </trkpt>
      <trkpt lat="48.871745159849524" lon="-120.75358780100942">
        <time>2005-09-25T08:55:32-07:00</time>
      </trkpt>
      <trkpt lat="48.871695287525654" lon="-120.75349962338805">
        <time>2005-09-25T08:55:36-07:00</time>
      </trkpt>
      <trkpt lat="48.87163854204118" lon="-120.75342913158238">
        <time>2005-09-25T08:55:40-07:00</time>
      </trkpt>
      <trkpt lat="48.871608870103955" lon="-120.75338412076235">
        <time>2005-09-25T08:55:43-07:00</time>
      </trkpt>
      <trkpt lat="48.87154986150563" lon="-120.75327188707888">
        <time>2005-09-25T08:55:47-07:00</time>
      </trkpt>
      <trkpt lat="48.871481800451875" lon="-120.75315437279642">
        <time>2005-09-25T08:55:50-07:00</time>
      </trkpt>
      <trkpt lat="48.87145237997174" lon="-120.75310567393899">
        <time>2005-09-25T08:55:54-07:00</time>
      </trkpt>
      <trkpt lat="48.87142379768193" lon="-120.75305454432964">
        <time>2005-09-25T08:55:55-07:00</time>
      </trkpt>
      <trkpt lat="48.871359676122665" lon="-120.75293552130461">
        <time>2005-09-25T08:55:59-07:00</time>
      </trkpt>
      <trkpt lat="48.871332267299294" lon="-120.7528649456799">
        <time>2005-09-25T08:56:03-07:00</time>
      </trkpt>
      <trkpt lat="48.87130921706557" lon="-120.75281515717506">
        <time>2005-09-25T08:56:04-07:00</time>
      </trkpt>
      <trkpt lat="48.87130192480981" lon="-120.75279839336872">
        <time>2005-09-25T08:56:09-07:00</time>
      </trkpt>
      <trkpt lat="48.87129480019212" lon="-120.75278079137206">
        <time>2005-09-25T08:56:14-07:00</time>
      </trkpt>
      <trkpt lat="48.87125045992434" lon="-120.75266587547958">
        <time>2005-09-25T08:56:17-07:00</time>
      </trkpt>
      <trkpt lat="48.87123126536608" lon="-120.7526281569153">
        <time>2005-09-25T08:56:23-07:00</time>
      </trkpt>
      <trkpt lat="48.871210142970085" lon="-120.75257400982082">
        <time>2005-09-25T08:56:24-07:00</time>
      </trkpt>
      <trkpt lat="48.87114442884922" lon="-120.7524521369487">
        <time>2005-09-25T08:56:27-07:00</time>
      </trkpt>
      <trkpt lat="48.87112037278712" lon="-120.75240318663418">
        <time>2005-09-25T08:56:32-07:00</time>
      </trkpt>
      <trkpt lat="48.87107695452869" lon="-120.75230226852">
        <time>2005-09-25T08:56:35-07:00</time>
      </trkpt>
      <trkpt lat="48.871047869324684" lon="-120.75223680585623">
        <time>2005-09-25T08:56:39-07:00</time>
      </trkpt>
      <trkpt lat="48.87104074470699" lon="-120.75221979059279">
        <time>2005-09-25T08:56:45-07:00</time>
      </trkpt>
      <trkpt lat="48.870988357812166" lon="-120.75209808535874">
        <time>2005-09-25T08:56:50-07:00</time>
      </trkpt>
      <trkpt lat="48.87097276747227" lon="-120.75206992216408">
        <time>2005-09-25T08:56:56-07:00</time>
      </trkpt>
      <trkpt lat="48.870926247909665" lon="-120.75190169736743">
        <time>2005-09-25T08:57:01-07:00</time>
      </trkpt>
      <trkpt lat="48.87091811746359" lon="-120.75186062604189">
        <time>2005-09-25T08:57:07-07:00</time>
      </trkpt>
      <trkpt lat="48.87089313939214" lon="-120.7517670840025">
        <time>2005-09-25T08:57:10-07:00</time>
      </trkpt>
      <trkpt lat="48.87085994705558" lon="-120.75170237571001">
        <time>2005-09-25T08:57:16-07:00</time>
      </trkpt>
      <trkpt lat="48.870853409171104" lon="-120.75168485753238">
        <time>2005-09-25T08:57:18-07:00</time>
      </trkpt>
      <trkpt lat="48.870835388079286" lon="-120.7516288664192">
        <time>2005-09-25T08:57:20-07:00</time>
      </trkpt>
      <trkpt lat="48.87081803753972" lon="-120.75155024416745">
        <time>2005-09-25T08:57:21-07:00</time>
      </trkpt>
      <trkpt lat="48.87082683853805" lon="-120.75153909623623">
        <time>2005-09-25T08:57:25-07:00</time>
      </trkpt>
      <trkpt lat="48.87085944414139" lon="-120.75156843289733">
        <time>2005-09-25T08:57:30-07:00</time>
      </trkpt>
      <trkpt lat="48.87088785879314" lon="-120.75162224471569">
        <time>2005-09-25T08:57:35-07:00</time>
      </trkpt>
      <trkpt lat="48.87089724652469" lon="-120.75163984671235">
        <time>2005-09-25T08:57:37-07:00</time>
      </trkpt>
      <trkpt lat="48.87095248326659" lon="-120.75168846175075">
        <time>2005-09-25T08:57:42-07:00</time>
      </trkpt>
      <trkpt lat="48.87099816463888" lon="-120.75173011980951">
        <time>2005-09-25T08:57:44-07:00</time>
      </trkpt>
      <trkpt lat="48.871037643402815" lon="-120.75177446007729">
        <time>2005-09-25T08:57:51-07:00</time>
      </trkpt>
      <trkpt lat="48.87108868919313" lon="-120.75184436514974">
        <time>2005-09-25T08:57:56-07:00</time>
      </trkpt>
      <trkpt lat="48.87109933421016" lon="-120.75185249559581">
        <time>2005-09-25T08:58:00-07:00</time>
      </trkpt>
      <trkpt lat="48.87114082463086" lon="-120.75189356692135">
        <time>2005-09-25T08:58:07-07:00</time>
      </trkpt>
      <trkpt lat="48.871202263981104" lon="-120.75194880366325">
        <time>2005-09-25T08:58:11-07:00</time>
      </trkpt>
      <trkpt lat="48.87124568223953" lon="-120.75199188664556">
        <time>2005-09-25T08:58:17-07:00</time>
      </trkpt>
      <trkpt lat="48.87129748240113" lon="-120.75205575674772">
        <time>2005-09-25T08:58:22-07:00</time>
      </trkpt>
      <trkpt lat="48.871321538463235" lon="-120.75207469984889">
        <time>2005-09-25T08:58:25-07:00</time>
      </trkpt>
      <trkpt lat="48.87136956676841" lon="-120.75210713781416">
        <time>2005-09-25T08:58:32-07:00</time>
      </trkpt>
      <trkpt lat="48.87142404913902" lon="-120.75215307064354">
        <time>2005-09-25T08:58:40-07:00</time>
      </trkpt>
      <trkpt lat="48.871472580358386" lon="-120.75220168568194">
        <time>2005-09-25T08:58:43-07:00</time>
      </trkpt>
      <trkpt lat="48.871518010273576" lon="-120.75225424021482">
        <time>2005-09-25T08:58:46-07:00</time>
      </trkpt>
      <trkpt lat="48.87152697890997" lon="-120.75226522050798">
        <time>2005-09-25T08:58:54-07:00</time>
      </trkpt>
      <trkpt lat="48.871531672775745" lon="-120.75227008201182">
        <time>2005-09-25T08:58:58-07:00</time>
      </trkpt>
      <trkpt lat="48.871573247015476" lon="-120.752312829718">
        <time>2005-09-25T08:59:01-07:00</time>
      </trkpt>
      <trkpt lat="48.871597135439515" lon="-120.75233940035105">
        <time>2005-09-25T08:59:02-07:00</time>
      </trkpt>
      <trkpt lat="48.87162731029093" lon="-120.75237183831632">
        <time>2005-09-25T08:59:03-07:00</time>
      </trkpt>
      <trkpt lat="48.87166888453066" lon="-120.75240838341415">
        <time>2005-09-25T08:59:10-07:00</time>
      </trkpt>
      <trkpt lat="48.871675757691264" lon="-120.752421207726">
        <time>2005-09-25T08:59:12-07:00</time>
      </trkpt>
      <trkpt lat="48.87170341797173" lon="-120.75246370397508">
        <time>2005-09-25T08:59:15-07:00</time>
      </trkpt>
      <trkpt lat="48.87174675241113" lon="-120.75251433067024">
        <time>2005-09-25T08:59:22-07:00</time>
      </trkpt>
      <trkpt lat="48.871756475418806" lon="-120.75252908281982">
        <time>2005-09-25T08:59:25-07:00</time>
      </trkpt>
      <trkpt lat="48.87181003578007" lon="-120.7526006642729">
        <time>2005-09-25T08:59:30-07:00</time>
      </trkpt>
      <trkpt lat="48.871848257258534" lon="-120.75263201259077">
        <time>2005-09-25T08:59:34-07:00</time>
      </trkpt>
      <trkpt lat="48.8718899153173" lon="-120.75266528874636">
        <time>2005-09-25T08:59:35-07:00</time>
      </trkpt>
      <trkpt lat="48.871913300827146" lon="-120.75268766842782">
        <time>2005-09-25T08:59:42-07:00</time>
      </trkpt>
      <trkpt lat="48.87194925919175" lon="-120.75271566398442">
        <time>2005-09-25T08:59:44-07:00</time>
      </trkpt>
      <trkpt lat="48.87199083343148" lon="-120.75275036506355">
        <time>2005-09-25T08:59:53-07:00</time>
      </trkpt>
      <trkpt lat="48.872028551995754" lon="-120.75278506614268">
        <time>2005-09-25T08:59:55-07:00</time>
      </trkpt>
      <trkpt lat="48.87203995138407" lon="-120.75280006974936">
        <time>2005-09-25T09:00:00-07:00</time>
      </trkpt>
      <trkpt lat="48.87207909487188" lon="-120.75285555794835">
        <time>2005-09-25T09:00:04-07:00</time>
      </trkpt>
      <trkpt lat="48.8721161428839" lon="-120.75288531370461">
        <time>2005-09-25T09:00:05-07:00</time>
      </trkpt>
      <trkpt lat="48.872148245573044" lon="-120.75293283909559">
        <time>2005-09-25T09:00:08-07:00</time>
      </trkpt>
      <trkpt lat="48.87217070907354" lon="-120.75298832729459">
        <time>2005-09-25T09:00:12-07:00</time>
      </trkpt>
      <trkpt lat="48.87221362441778" lon="-120.75301992706954">
        <time>2005-09-25T09:00:13-07:00</time>
      </trkpt>
      <trkpt lat="48.87223885394633" lon="-120.75302990153432">
        <time>2005-09-25T09:00:16-07:00</time>
      </trkpt>
      <trkpt lat="48.87226056307554" lon="-120.75304415076971">
        <time>2005-09-25T09:00:19-07:00</time>
      </trkpt>
      <trkpt lat="48.87231915257871" lon="-120.75310441665351">
        <time>2005-09-25T09:00:20-07:00</time>
      </trkpt>
      <trkpt lat="48.87236366048455" lon="-120.75314221903682">
        <time>2005-09-25T09:00:25-07:00</time>
      </trkpt>
      <trkpt lat="48.87238344177604" lon="-120.75316057540476">
        <time>2005-09-25T09:00:29-07:00</time>
      </trkpt>
      <trkpt lat="48.87244186364114" lon="-120.75320826843381">
        <time>2005-09-25T09:00:33-07:00</time>
      </trkpt>
      <trkpt lat="48.87247212231159" lon="-120.75324933975935">
        <time>2005-09-25T09:00:38-07:00</time>
      </trkpt>
      <trkpt lat="48.87250833213329" lon="-120.753288064152">
        <time>2005-09-25T09:00:39-07:00</time>
      </trkpt>
      <trkpt lat="48.87254538014531" lon="-120.75331438332796">
        <time>2005-09-25T09:00:43-07:00</time>
      </trkpt>
      <trkpt lat="48.8725944980979" lon="-120.75334271416068">
        <time>2005-09-25T09:00:48-07:00</time>
      </trkpt>
      <trkpt lat="48.872607573866844" lon="-120.75335210189223">
        <time>2005-09-25T09:00:52-07:00</time>
      </trkpt>
      <trkpt lat="48.8726650737226" lon="-120.75339686125517">
        <time>2005-09-25T09:00:57-07:00</time>
      </trkpt>
      <trkpt lat="48.87269583530724" lon="-120.75342586264014">
        <time>2005-09-25T09:00:59-07:00</time>
      </trkpt>
      <trkpt lat="48.872715616598725" lon="-120.75344413518906">
        <time>2005-09-25T09:01:03-07:00</time>
      </trkpt>
      <trkpt lat="48.872767416760325" lon="-120.75348445214331">
        <time>2005-09-25T09:01:08-07:00</time>
      </trkpt>
      <trkpt lat="48.87279256246984" lon="-120.75350146740675">
        <time>2005-09-25T09:01:13-07:00</time>
      </trkpt>
      <trkpt lat="48.872818714007735" lon="-120.75351756066084">
        <time>2005-09-25T09:01:18-07:00</time>
      </trkpt>
      <trkpt lat="48.87286934070289" lon="-120.75356089510024">
        <time>2005-09-25T09:01:19-07:00</time>
      </trkpt>
      <trkpt lat="48.87288937345147" lon="-120.75358428061008">
        <time>2005-09-25T09:01:24-07:00</time>
      </trkpt>
      <trkpt lat="48.87294779531658" lon="-120.75364152900875">
        <time>2005-09-25T09:01:30-07:00</time>
      </trkpt>
      <trkpt lat="48.87298744171858" lon="-120.75369324535131">
        <time>2005-09-25T09:01:32-07:00</time>
      </trkpt>
      <trkpt lat="48.8729983381927" lon="-120.75370715931058">
        <time>2005-09-25T09:01:35-07:00</time>
      </trkpt>
      <trkpt lat="48.873052317649126" lon="-120.75375543907285">
        <time>2005-09-25T09:01:39-07:00</time>
      </trkpt>
      <trkpt lat="48.87308584526181" lon="-120.75379282236099">
        <time>2005-09-25T09:01:40-07:00</time>
      </trkpt>
      <trkpt lat="48.873096909374" lon="-120.75380053371191">
        <time>2005-09-25T09:01:43-07:00</time>
      </trkpt>
      <trkpt lat="48.87314837425947" lon="-120.75388292782009">
        <time>2005-09-25T09:01:47-07:00</time>
      </trkpt>
      <trkpt lat="48.873239904642105" lon="-120.75394168496132">
        <time>2005-09-25T09:01:48-07:00</time>
      </trkpt>
      <trkpt lat="48.87333721853793" lon="-120.75404578819871">
        <time>2005-09-25T09:01:54-07:00</time>
      </trkpt>
      <trkpt lat="48.87339262291789" lon="-120.75416036881506">
        <time>2005-09-25T09:01:57-07:00</time>
      </trkpt>
      <trkpt lat="48.87341491878033" lon="-120.75419314205647">
        <time>2005-09-25T09:02:01-07:00</time>
      </trkpt>
      <trkpt lat="48.87346068397164" lon="-120.75422977097332">
        <time>2005-09-25T09:02:03-07:00</time>
      </trkpt>
      <trkpt lat="48.87349287047982" lon="-120.75426505878568">
        <time>2005-09-25T09:02:06-07:00</time>
      </trkpt>
      <trkpt lat="48.87351424433291" lon="-120.75428475625813">
        <time>2005-09-25T09:02:10-07:00</time>
      </trkpt>
      <trkpt lat="48.87358222156763" lon="-120.75435901992023">
        <time>2005-09-25T09:02:14-07:00</time>
      </trkpt>
      <trkpt lat="48.87359554879367" lon="-120.754368994385">
        <time>2005-09-25T09:02:15-07:00</time>
      </trkpt>
      <trkpt lat="48.87368146330118" lon="-120.75443831272423">
        <time>2005-09-25T09:02:19-07:00</time>
      </trkpt>
      <trkpt lat="48.87371071614325" lon="-120.75448030605912">
        <time>2005-09-25T09:02:22-07:00</time>
      </trkpt>
      <trkpt lat="48.87379813939333" lon="-120.754604190588">
        <time>2005-09-25T09:02:26-07:00</time>
      </trkpt>
      <trkpt lat="48.87386594898999" lon="-120.75474760495126">
        <time>2005-09-25T09:02:29-07:00</time>
      </trkpt>
      <trkpt lat="48.87391967698932" lon="-120.75486511923373">
        <time>2005-09-25T09:02:33-07:00</time>
      </trkpt>
      <trkpt lat="48.87401313520968" lon="-120.75493653304875">
        <time>2005-09-25T09:02:36-07:00</time>
      </trkpt>
      <trkpt lat="48.87405286543071" lon="-120.75495555996895">
        <time>2005-09-25T09:02:38-07:00</time>
      </trkpt>
      <trkpt lat="48.87414699420333" lon="-120.75501381419599">
        <time>2005-09-25T09:02:43-07:00</time>
      </trkpt>
      <trkpt lat="48.87419351376593" lon="-120.7551171630621">
        <time>2005-09-25T09:02:47-07:00</time>
      </trkpt>
      <trkpt lat="48.87420323677361" lon="-120.755132753402">
        <time>2005-09-25T09:02:49-07:00</time>
      </trkpt>
      <trkpt lat="48.874283116310835" lon="-120.755167119205">
        <time>2005-09-25T09:02:54-07:00</time>
      </trkpt>
      <trkpt lat="48.87434623204172" lon="-120.75523677282035">
        <time>2005-09-25T09:02:57-07:00</time>
      </trkpt>
      <trkpt lat="48.87436483986676" lon="-120.75526996515691">
        <time>2005-09-25T09:03:00-07:00</time>
      </trkpt>
      <trkpt lat="48.87445519678295" lon="-120.75540860183537">
        <time>2005-09-25T09:03:03-07:00</time>
      </trkpt>
      <trkpt lat="48.87454119510949" lon="-120.75555997900665">
        <time>2005-09-25T09:03:07-07:00</time>
      </trkpt>
      <trkpt lat="48.87461755424738" lon="-120.7556795887649">
        <time>2005-09-25T09:03:08-07:00</time>
      </trkpt>
      <trkpt lat="48.87463381513953" lon="-120.755708925426">
        <time>2005-09-25T09:03:13-07:00</time>
      </trkpt>
      <trkpt lat="48.874661810696125" lon="-120.75574178248644">
        <time>2005-09-25T09:03:16-07:00</time>
      </trkpt>
      <trkpt lat="48.87469273991883" lon="-120.75577539391816">
        <time>2005-09-25T09:03:18-07:00</time>
      </trkpt>
      <trkpt lat="48.874700451269746" lon="-120.75578964315355">
        <time>2005-09-25T09:03:23-07:00</time>
      </trkpt>
      <trkpt lat="48.87475199997425" lon="-120.75591905973852">
        <time>2005-09-25T09:03:25-07:00</time>
      </trkpt>
      <trkpt lat="48.87476859614253" lon="-120.75596373528242">
        <time>2005-09-25T09:03:27-07:00</time>
      </trkpt>
      <trkpt lat="48.87480916455388" lon="-120.75603967532516">
        <time>2005-09-25T09:03:32-07:00</time>
      </trkpt>
      <trkpt lat="48.87484076432884" lon="-120.75605073943734">
        <time>2005-09-25T09:03:34-07:00</time>
      </trkpt>
      <trkpt lat="48.874876303598285" lon="-120.75605099089444">
        <time>2005-09-25T09:03:39-07:00</time>
      </trkpt>
      <trkpt lat="48.874887535348535" lon="-120.75605174526572">
        <time>2005-09-25T09:03:43-07:00</time>
      </trkpt>
      <trkpt lat="48.87490388005972" lon="-120.75605182908475">
        <time>2005-09-25T09:03:44-07:00</time>
      </trkpt>
      <trkpt lat="48.875032626092434" lon="-120.75608451850712">
        <time>2005-09-25T09:03:49-07:00</time>
      </trkpt>
      <trkpt lat="48.87510823085904" lon="-120.75616247020662">
        <time>2005-09-25T09:03:53-07:00</time>
      </trkpt>
      <trkpt lat="48.87513664551079" lon="-120.75617764145136">
        <time>2005-09-25T09:03:54-07:00</time>
      </trkpt>
      <trkpt lat="48.87521434575319" lon="-120.75626472942531">
        <time>2005-09-25T09:04:00-07:00</time>
      </trkpt>
      <trkpt lat="48.875290704891086" lon="-120.75637486763299">
        <time>2005-09-25T09:04:07-07:00</time>
      </trkpt>
      <trkpt lat="48.87531878426671" lon="-120.75647813268006">
        <time>2005-09-25T09:04:17-07:00</time>
      </trkpt>
      <trkpt lat="48.87538265436888" lon="-120.75660939328372">
        <time>2005-09-25T09:04:24-07:00</time>
      </trkpt>
      <trkpt lat="48.87541165575385" lon="-120.75666127726436">
        <time>2005-09-25T09:04:26-07:00</time>
      </trkpt>
      <trkpt lat="48.87545457109809" lon="-120.75673436746001">
        <time>2005-09-25T09:04:30-07:00</time>
      </trkpt>
      <trkpt lat="48.87555364519358" lon="-120.75688113458455">
        <time>2005-09-25T09:04:33-07:00</time>
      </trkpt>
      <trkpt lat="48.87563050724566" lon="-120.7569507881999">
        <time>2005-09-25T09:04:35-07:00</time>
      </trkpt>
      <trkpt lat="48.875673254951835" lon="-120.75701432302594">
        <time>2005-09-25T09:04:42-07:00</time>
      </trkpt>
      <trkpt lat="48.87578934431076" lon="-120.75713435187936">
        <time>2005-09-25T09:04:43-07:00</time>
      </trkpt>
      <trkpt lat="48.87588263489306" lon="-120.75721154920757">
        <time>2005-09-25T09:04:50-07:00</time>
      </trkpt>
      <trkpt lat="48.875994784757495" lon="-120.75731171295047">
        <time>2005-09-25T09:04:53-07:00</time>
      </trkpt>
      <trkpt lat="48.87609411031008" lon="-120.75736393220723">
        <time>2005-09-25T09:05:03-07:00</time>
      </trkpt>
      <trkpt lat="48.876122357323766" lon="-120.75739863328636">
        <time>2005-09-25T09:05:12-07:00</time>
      </trkpt>
      <trkpt lat="48.876235177740455" lon="-120.75747013092041">
        <time>2005-09-25T09:05:20-07:00</time>
      </trkpt>
      <trkpt lat="48.87634942308068" lon="-120.75740198604763">
        <time>2005-09-25T09:05:28-07:00</time>
      </trkpt>
      <trkpt lat="48.87640214525163" lon="-120.75745563022792">
        <time>2005-09-25T09:05:34-07:00</time>
      </trkpt>
      <trkpt lat="48.8764192443341" lon="-120.75748496688902">
        <time>2005-09-25T09:05:41-07:00</time>
      </trkpt>
      <trkpt lat="48.87647431343794" lon="-120.75754003599286">
        <time>2005-09-25T09:05:49-07:00</time>
      </trkpt>
      <trkpt lat="48.87648236006498" lon="-120.75754028744996">
        <time>2005-09-25T09:05:50-07:00</time>
      </trkpt>
      <trkpt lat="48.87649543583393" lon="-120.75752779841423">
        <time>2005-09-25T09:05:57-07:00</time>
      </trkpt>
      <trkpt lat="48.876535166054964" lon="-120.75750935822725">
        <time>2005-09-25T09:06:03-07:00</time>
      </trkpt>
      <trkpt lat="48.87655754573643" lon="-120.75750567018986">
        <time>2005-09-25T09:06:05-07:00</time>
      </trkpt>
      <trkpt lat="48.87657699175179" lon="-120.75750885531306">
        <time>2005-09-25T09:06:15-07:00</time>
      </trkpt>
      <trkpt lat="48.87663164176047" lon="-120.75754665769637">
        <time>2005-09-25T09:06:25-07:00</time>
      </trkpt>
      <trkpt lat="48.876638850197196" lon="-120.757558895275">
        <time>2005-09-25T09:06:33-07:00</time>
      </trkpt>
      <trkpt lat="48.87671034783125" lon="-120.75767531991005">
        <time>2005-09-25T09:06:35-07:00</time>
      </trkpt>
      <trkpt lat="48.87679207138717" lon="-120.75776835903525">
        <time>2005-09-25T09:06:38-07:00</time>
      </trkpt>
      <trkpt lat="48.87681243941188" lon="-120.7577938400209">
        <time>2005-09-25T09:06:41-07:00</time>
      </trkpt>
      <trkpt lat="48.876862060278654" lon="-120.75787262991071">
        <time>2005-09-25T09:06:42-07:00</time>
      </trkpt>
      <trkpt lat="48.87691084295511" lon="-120.75794639065862">
        <time>2005-09-25T09:06:50-07:00</time>
      </trkpt>
      <trkpt lat="48.87695266865194" lon="-120.75796910561621">
        <time>2005-09-25T09:06:53-07:00</time>
      </trkpt>
      <trkpt lat="48.87702986598015" lon="-120.75798721052706">
        <time>2005-09-25T09:06:59-07:00</time>
      </trkpt>
      <trkpt lat="48.87706423178315" lon="-120.75799810700119">
        <time>2005-09-25T09:07:02-07:00</time>
      </trkpt>
      <trkpt lat="48.877107901498675" lon="-120.75801671482623">
        <time>2005-09-25T09:07:05-07:00</time>
      </trkpt>
      <trkpt lat="48.87714855372906" lon="-120.75803750194609">
        <time>2005-09-25T09:07:06-07:00</time>
      </trkpt>
      <trkpt lat="48.87723027728498" lon="-120.75809231959283">
        <time>2005-09-25T09:07:07-07:00</time>
      </trkpt>
      <trkpt lat="48.877254500985146" lon="-120.75811821967363">
        <time>2005-09-25T09:07:17-07:00</time>
      </trkpt>
      <trkpt lat="48.87728777714074" lon="-120.75815325602889">
        <time>2005-09-25T09:07:24-07:00</time>
      </trkpt>
      <trkpt lat="48.87731350958347" lon="-120.75816356576979">
        <time>2005-09-25T09:07:26-07:00</time>
      </trkpt>
      <trkpt lat="48.8773709256202" lon="-120.7582307048142">
        <time>2005-09-25T09:07:35-07:00</time>
      </trkpt>
      <trkpt lat="48.877415182068944" lon="-120.7582875341177">
        <time>2005-09-25T09:07:44-07:00</time>
      </trkpt>
      <trkpt lat="48.87747720815241" lon="-120.75834503397346">
        <time>2005-09-25T09:07:51-07:00</time>
      </trkpt>
      <trkpt lat="48.877534875646234" lon="-120.75840882025659">
        <time>2005-09-25T09:08:00-07:00</time>
      </trkpt>
      <trkpt lat="48.87754334136844" lon="-120.75841946527362">
        <time>2005-09-25T09:08:04-07:00</time>
      </trkpt>
      <trkpt lat="48.87760788202286" lon="-120.75850965455174">
        <time>2005-09-25T09:08:09-07:00</time>
      </trkpt>
      <trkpt lat="48.87762799859047" lon="-120.75854754075408">
        <time>2005-09-25T09:08:20-07:00</time>
      </trkpt>
      <trkpt lat="48.87768466025591" lon="-120.75865575112402">
        <time>2005-09-25T09:08:27-07:00</time>
      </trkpt>
      <trkpt lat="48.8777197804302" lon="-120.75871811248362">
        <time>2005-09-25T09:08:32-07:00</time>
      </trkpt>
      <trkpt lat="48.877767557278275" lon="-120.75874753296375">
        <time>2005-09-25T09:08:43-07:00</time>
      </trkpt>
      <trkpt lat="48.87786587700248" lon="-120.75881324708462">
        <time>2005-09-25T09:08:51-07:00</time>
      </trkpt>
      <trkpt lat="48.87789127416909" lon="-120.75882514938712">
        <time>2005-09-25T09:09:01-07:00</time>
      </trkpt>
      <trkpt lat="48.87797442264855" lon="-120.7588639575988">
        <time>2005-09-25T09:09:09-07:00</time>
      </trkpt>
      <trkpt lat="48.87803368270397" lon="-120.75891483575106">
        <time>2005-09-25T09:09:12-07:00</time>
      </trkpt>
      <trkpt lat="48.87806972488761" lon="-120.75893771834671">
        <time>2005-09-25T09:09:22-07:00</time>
      </trkpt>
      <trkpt lat="48.87817273847759" lon="-120.75900846160948">
        <time>2005-09-25T09:09:31-07:00</time>
      </trkpt>
      <trkpt lat="48.87821573764086" lon="-120.75904693454504">
        <time>2005-09-25T09:09:37-07:00</time>
      </trkpt>
      <trkpt lat="48.87828094884753" lon="-120.75908666476607">
        <time>2005-09-25T09:09:39-07:00</time>
      </trkpt>
      <trkpt lat="48.87835646979511" lon="-120.75913527980447">
        <time>2005-09-25T09:09:45-07:00</time>
      </trkpt>
      <trkpt lat="48.878382705152035" lon="-120.75915112160146">
        <time>2005-09-25T09:09:46-07:00</time>
      </trkpt>
      <trkpt lat="48.87845789082348" lon="-120.7592408079654">
        <time>2005-09-25T09:09:47-07:00</time>
      </trkpt>
      <trkpt lat="48.878467194736004" lon="-120.75926721096039">
        <time>2005-09-25T09:09:51-07:00</time>
      </trkpt>
      <trkpt lat="48.8784793484956" lon="-120.75930409133434">
        <time>2005-09-25T09:09:53-07:00</time>
      </trkpt>
      <trkpt lat="48.87850231491029" lon="-120.75933577492833">
        <time>2005-09-25T09:09:55-07:00</time>
      </trkpt>
      <trkpt lat="48.87852368876338" lon="-120.75933351181448">
        <time>2005-09-25T09:10:00-07:00</time>
      </trkpt>
      <trkpt lat="48.87852896936238" lon="-120.75929881073534">
        <time>2005-09-25T09:10:01-07:00</time>
      </trkpt>
      <trkpt lat="48.87854573316872" lon="-120.75924390926957">
        <time>2005-09-25T09:10:09-07:00</time>
      </trkpt>
      <trkpt lat="48.878558641299605" lon="-120.75923779048026">
        <time>2005-09-25T09:10:17-07:00</time>
      </trkpt>
      <trkpt lat="48.878624103963375" lon="-120.75924701057374">
        <time>2005-09-25T09:10:19-07:00</time>
      </trkpt>
      <trkpt lat="48.87872049584985" lon="-120.75924835167825">
        <time>2005-09-25T09:10:25-07:00</time>
      </trkpt>
      <trkpt lat="48.87883071787655" lon="-120.75929336249828">
        <time>2005-09-25T09:10:30-07:00</time>
      </trkpt>
      <trkpt lat="48.87893792241812" lon="-120.75930383987725">
        <time>2005-09-25T09:10:33-07:00</time>
      </trkpt>
      <trkpt lat="48.87897413223982" lon="-120.75931180268526">
        <time>2005-09-25T09:10:39-07:00</time>
      </trkpt>
      <trkpt lat="48.87904403731227" lon="-120.75934851542115">
        <time>2005-09-25T09:10:42-07:00</time>
      </trkpt>
      <trkpt lat="48.87909843586385" lon="-120.75938673689961">
        <time>2005-09-25T09:10:46-07:00</time>
      </trkpt>
      <trkpt lat="48.87916808947921" lon="-120.75941288843751">
        <time>2005-09-25T09:10:49-07:00</time>
      </trkpt>
      <trkpt lat="48.87923036701977" lon="-120.75945530086756">
        <time>2005-09-25T09:10:56-07:00</time>
      </trkpt>
      <trkpt lat="48.87927529402077" lon="-120.75949419289827">
        <time>2005-09-25T09:10:59-07:00</time>
      </trkpt>
      <trkpt lat="48.87930647470057" lon="-120.75952101498842">
        <time>2005-09-25T09:11:03-07:00</time>
      </trkpt>
      <trkpt lat="48.87940068729222" lon="-120.7595915067941">
        <time>2005-09-25T09:11:06-07:00</time>
      </trkpt>
      <trkpt lat="48.87942222878337" lon="-120.75959963724017">
        <time>2005-09-25T09:11:12-07:00</time>
      </trkpt>
      <trkpt lat="48.87952004559338" lon="-120.75965034775436">
        <time>2005-09-25T09:11:17-07:00</time>
      </trkpt>
      <trkpt lat="48.87957327067852" lon="-120.75966333970428">
        <time>2005-09-25T09:11:23-07:00</time>
      </trkpt>
      <trkpt lat="48.87960160151124" lon="-120.759670548141">
        <time>2005-09-25T09:11:29-07:00</time>
      </trkpt>
      <trkpt lat="48.87966211885214" lon="-120.75970742851496">
        <time>2005-09-25T09:11:30-07:00</time>
      </trkpt>
      <trkpt lat="48.87969606555998" lon="-120.75972846709192">
        <time>2005-09-25T09:11:38-07:00</time>
      </trkpt>
      <trkpt lat="48.87973370030522" lon="-120.7597466558218">
        <time>2005-09-25T09:11:41-07:00</time>
      </trkpt>
      <trkpt lat="48.879788937047124" lon="-120.75978571549058">
        <time>2005-09-25T09:11:48-07:00</time>
      </trkpt>
      <trkpt lat="48.87984501197934" lon="-120.7598557882011">
        <time>2005-09-25T09:11:53-07:00</time>
      </trkpt>
      <trkpt lat="48.879874013364315" lon="-120.75988881289959">
        <time>2005-09-25T09:11:57-07:00</time>
      </trkpt>
      <trkpt lat="48.8799249753356" lon="-120.75992401689291">
        <time>2005-09-25T09:12:06-07:00</time>
      </trkpt>
      <trkpt lat="48.87994324788451" lon="-120.75993977487087">
        <time>2005-09-25T09:12:08-07:00</time>
      </trkpt>
      <trkpt lat="48.879985408857465" lon="-120.75997011736035">
        <time>2005-09-25T09:12:15-07:00</time>
      </trkpt>
      <trkpt lat="48.880006866529584" lon="-120.75998880900443">
        <time>2005-09-25T09:12:21-07:00</time>
      </trkpt>
      <trkpt lat="48.88009772635996" lon="-120.76004890725017">
        <time>2005-09-25T09:12:24-07:00</time>
      </trkpt>
      <trkpt lat="48.880117340013385" lon="-120.76006324030459">
        <time>2005-09-25T09:12:33-07:00</time>
      </trkpt>
      <trkpt lat="48.88019763864577" lon="-120.76009433716536">
        <time>2005-09-25T09:12:37-07:00</time>
      </trkpt>
      <trkpt lat="48.88021339662373" lon="-120.76007178984582">
        <time>2005-09-25T09:12:43-07:00</time>
      </trkpt>
      <trkpt lat="48.88025815598667" lon="-120.76003164052963">
        <time>2005-09-25T09:12:50-07:00</time>
      </trkpt>
      <trkpt lat="48.88029755093157" lon="-120.76002610847354">
        <time>2005-09-25T09:12:52-07:00</time>
      </trkpt>
      <trkpt lat="48.880342561751604" lon="-120.7600178103894">
        <time>2005-09-25T09:13:00-07:00</time>
      </trkpt>
      <trkpt lat="48.88038790784776" lon="-120.76001613400877">
        <time>2005-09-25T09:13:02-07:00</time>
      </trkpt>
      <trkpt lat="48.88041657395661" lon="-120.76000666245818">
        <time>2005-09-25T09:13:05-07:00</time>
      </trkpt>
      <trkpt lat="48.88048647902906" lon="-120.7600297126919">
        <time>2005-09-25T09:13:08-07:00</time>
      </trkpt>
      <trkpt lat="48.88049905188382" lon="-120.76003373600543">
        <time>2005-09-25T09:13:10-07:00</time>
      </trkpt>
      <trkpt lat="48.88058898970485" lon="-120.76003775931895">
        <time>2005-09-25T09:13:12-07:00</time>
      </trkpt>
      <trkpt lat="48.880595276132226" lon="-120.76003625057638">
        <time>2005-09-25T09:13:15-07:00</time>
      </trkpt>
      <trkpt lat="48.880636766552925" lon="-120.76001890003681">
        <time>2005-09-25T09:13:16-07:00</time>
      </trkpt>
      <trkpt lat="48.88067599385977" lon="-120.75999786145985">
        <time>2005-09-25T09:13:21-07:00</time>
      </trkpt>
      <trkpt lat="48.880743719637394" lon="-120.75998227111995">
        <time>2005-09-25T09:13:29-07:00</time>
      </trkpt>
      <trkpt lat="48.88076693750918" lon="-120.75997648760676">
        <time>2005-09-25T09:13:38-07:00</time>
      </trkpt>
      <trkpt lat="48.88083189725876" lon="-120.75995176099241">
        <time>2005-09-25T09:13:46-07:00</time>
      </trkpt>
      <trkpt lat="48.880920661613345" lon="-120.75993290171027">
        <time>2005-09-25T09:13:49-07:00</time>
      </trkpt>
      <trkpt lat="48.88100003823638" lon="-120.75994212180376">
        <time>2005-09-25T09:13:55-07:00</time>
      </trkpt>
      <trkpt lat="48.88102484866977" lon="-120.75994949787855">
        <time>2005-09-25T09:14:00-07:00</time>
      </trkpt>
      <trkpt lat="48.881077487021685" lon="-120.7599916588515">
        <time>2005-09-25T09:14:06-07:00</time>
      </trkpt>
      <trkpt lat="48.88112023472786" lon="-120.76001797802746">
        <time>2005-09-25T09:14:13-07:00</time>
      </trkpt>
      <trkpt lat="48.8811544328928" lon="-120.76001789420843">
        <time>2005-09-25T09:14:18-07:00</time>
      </trkpt>
      <trkpt lat="48.88123934157193" lon="-120.76004320755601">
        <time>2005-09-25T09:14:21-07:00</time>
      </trkpt>
      <trkpt lat="48.881262643262744" lon="-120.76004354283214">
        <time>2005-09-25T09:14:30-07:00</time>
      </trkpt>
      <trkpt lat="48.8813079893589" lon="-120.76004220172763">
        <time>2005-09-25T09:14:32-07:00</time>
      </trkpt>
      <trkpt lat="48.88134067878127" lon="-120.76005117036402">
        <time>2005-09-25T09:14:41-07:00</time>
      </trkpt>
      <trkpt lat="48.88139692135155" lon="-120.7600680179894">
        <time>2005-09-25T09:14:46-07:00</time>
      </trkpt>
      <trkpt lat="48.8814084045589" lon="-120.76007212512195">
        <time>2005-09-25T09:14:49-07:00</time>
      </trkpt>
      <trkpt lat="48.88146213255823" lon="-120.76010313816369">
        <time>2005-09-25T09:14:55-07:00</time>
      </trkpt>
      <trkpt lat="48.881503120064735" lon="-120.76015016064048">
        <time>2005-09-25T09:14:58-07:00</time>
      </trkpt>
      <trkpt lat="48.88153119944036" lon="-120.7601837720722">
        <time>2005-09-25T09:15:01-07:00</time>
      </trkpt>
      <trkpt lat="48.88158685527742" lon="-120.7602165453136">
        <time>2005-09-25T09:15:06-07:00</time>
      </trkpt>
      <trkpt lat="48.88161334209144" lon="-120.76021847315133">
        <time>2005-09-25T09:15:13-07:00</time>
      </trkpt>
      <trkpt lat="48.88165927492082" lon="-120.76022492721677">
        <time>2005-09-25T09:15:17-07:00</time>
      </trkpt>
      <trkpt lat="48.881714679300785" lon="-120.7602144498378">
        <time>2005-09-25T09:15:22-07:00</time>
      </trkpt>
      <trkpt lat="48.881726833060384" lon="-120.76021109707654">
        <time>2005-09-25T09:15:24-07:00</time>
      </trkpt>
      <trkpt lat="48.881742507219315" lon="-120.76022400520742">
        <time>2005-09-25T09:15:28-07:00</time>
      </trkpt>
      <trkpt lat="48.88178684748709" lon="-120.76021394692361">
        <time>2005-09-25T09:15:30-07:00</time>
      </trkpt>
      <trkpt lat="48.88184015639126" lon="-120.76020363718271">
        <time>2005-09-25T09:15:39-07:00</time>
      </trkpt>
      <trkpt lat="48.88192347250879" lon="-120.76026901602745">
        <time>2005-09-25T09:15:42-07:00</time>
      </trkpt>
      <trkpt lat="48.8819850794971" lon="-120.7603529188782">
        <time>2005-09-25T09:15:48-07:00</time>
      </trkpt>
      <trkpt lat="48.882005447521806" lon="-120.76037479564548">
        <time>2005-09-25T09:15:50-07:00</time>
      </trkpt>
      <trkpt lat="48.88204995542765" lon="-120.76039977371693">
        <time>2005-09-25T09:15:54-07:00</time>
      </trkpt>
      <trkpt lat="48.88207023963332" lon="-120.76040714979172">
        <time>2005-09-25T09:15:58-07:00</time>
      </trkpt>
      <trkpt lat="48.882151460275054" lon="-120.76042391359806">
        <time>2005-09-25T09:16:02-07:00</time>
      </trkpt>
      <trkpt lat="48.882153891026974" lon="-120.76042978093028">
        <time>2005-09-25T09:16:06-07:00</time>
      </trkpt>
      <trkpt lat="48.88215774670243" lon="-120.76045392081141">
        <time>2005-09-25T09:16:09-07:00</time>
      </trkpt>
      <trkpt lat="48.88214584439993" lon="-120.76045375317335">
        <time>2005-09-25T09:16:16-07:00</time>
      </trkpt>
      <trkpt lat="48.882138300687075" lon="-120.76044889166951">
        <time>2005-09-25T09:16:17-07:00</time>
      </trkpt>
      <trkpt lat="48.88207887299359" lon="-120.76046858914196">
        <time>2005-09-25T09:16:25-07:00</time>
      </trkpt>
      <trkpt lat="48.88201500289142" lon="-120.76047479175031">
        <time>2005-09-25T09:16:26-07:00</time>
      </trkpt>
      <trkpt lat="48.88200519606471" lon="-120.76047680340707">
        <time>2005-09-25T09:16:31-07:00</time>
      </trkpt>
      <trkpt lat="48.88197250664234" lon="-120.7604980096221">
        <time>2005-09-25T09:16:35-07:00</time>
      </trkpt>
      <trkpt lat="48.88195565901697" lon="-120.76050354167819">
        <time>2005-09-25T09:16:40-07:00</time>
      </trkpt>
      <trkpt lat="48.88191198930144" lon="-120.76050077565014">
        <time>2005-09-25T09:16:42-07:00</time>
      </trkpt>
      <trkpt lat="48.8818777911365" lon="-120.76050228439271">
        <time>2005-09-25T09:16:48-07:00</time>
      </trkpt>
      <trkpt lat="48.881847029551864" lon="-120.76051183976233">
        <time>2005-09-25T09:16:56-07:00</time>
      </trkpt>
      <trkpt lat="48.881805539131165" lon="-120.7605234067887">
        <time>2005-09-25T09:17:03-07:00</time>
      </trkpt>
      <trkpt lat="48.88179606758058" lon="-120.76052684336901">
        <time>2005-09-25T09:17:05-07:00</time>
      </trkpt>
      <trkpt lat="48.8817052077502" lon="-120.76056481339037">
        <time>2005-09-25T09:17:10-07:00</time>
      </trkpt>
      <trkpt lat="48.881634045392275" lon="-120.76060730963945">
        <time>2005-09-25T09:17:14-07:00</time>
      </trkpt>
      <trkpt lat="48.88162348419428" lon="-120.76061359606683">
        <time>2005-09-25T09:17:17-07:00</time>
      </trkpt>
      <trkpt lat="48.88156053610146" lon="-120.7606327906251">
        <time>2005-09-25T09:17:24-07:00</time>
      </trkpt>
      <trkpt lat="48.88154142536223" lon="-120.76063320972025">
        <time>2005-09-25T09:17:26-07:00</time>
      </trkpt>
      <trkpt lat="48.881484093144536" lon="-120.7606639713049">
        <time>2005-09-25T09:17:30-07:00</time>
      </trkpt>
      <trkpt lat="48.88146414421499" lon="-120.76067134737968">
        <time>2005-09-25T09:17:33-07:00</time>
      </trkpt>
      <trkpt lat="48.88141443952918" lon="-120.76069749891758">
        <time>2005-09-25T09:17:39-07:00</time>
      </trkpt>
      <trkpt lat="48.881384348496795" lon="-120.76071761548519">
        <time>2005-09-25T09:17:40-07:00</time>
      </trkpt>
      <trkpt lat="48.88136741705239" lon="-120.76072205789387">
        <time>2005-09-25T09:17:46-07:00</time>
      </trkpt>
      <trkpt lat="48.881315533071756" lon="-120.76074787415564">
        <time>2005-09-25T09:17:50-07:00</time>
      </trkpt>
      <trkpt lat="48.88129918836057" lon="-120.76076011173427">
        <time>2005-09-25T09:17:53-07:00</time>
      </trkpt>
      <trkpt lat="48.88125476427376" lon="-120.76081023551524">
        <time>2005-09-25T09:17:59-07:00</time>
      </trkpt>
      <trkpt lat="48.88123867101967" lon="-120.76084032654762">
        <time>2005-09-25T09:18:01-07:00</time>
      </trkpt>
      <trkpt lat="48.88119701296091" lon="-120.76089883223176">
        <time>2005-09-25T09:18:04-07:00</time>
      </trkpt>
      <trkpt lat="48.8811494037509" lon="-120.76092875562608">
        <time>2005-09-25T09:18:09-07:00</time>
      </trkpt>
      <trkpt lat="48.881121492013335" lon="-120.76094912365079">
        <time>2005-09-25T09:18:10-07:00</time>
      </trkpt>
      <trkpt lat="48.881076481193304" lon="-120.76098281890154">
        <time>2005-09-25T09:18:16-07:00</time>
      </trkpt>
      <trkpt lat="48.88101034797728" lon="-120.76105473563075">
        <time>2005-09-25T09:18:21-07:00</time>
      </trkpt>
      <trkpt lat="48.880956787616014" lon="-120.76111827045679">
        <time>2005-09-25T09:18:25-07:00</time>
      </trkpt>
      <trkpt lat="48.88094840571284" lon="-120.7611317653209">
        <time>2005-09-25T09:18:32-07:00</time>
      </trkpt>
      <trkpt lat="48.880924014374614" lon="-120.76119882054627">
        <time>2005-09-25T09:18:40-07:00</time>
      </trkpt>
      <trkpt lat="48.88091353699565" lon="-120.76123972423375">
        <time>2005-09-25T09:18:42-07:00</time>
      </trkpt>
      <trkpt lat="48.880910854786634" lon="-120.76127777807415">
        <time>2005-09-25T09:18:46-07:00</time>
      </trkpt>
      <trkpt lat="48.880903981626034" lon="-120.76138833537698">
        <time>2005-09-25T09:18:48-07:00</time>
      </trkpt>
      <trkpt lat="48.88088973239064" lon="-120.76140702702105">
        <time>2005-09-25T09:18:54-07:00</time>
      </trkpt>
      <trkpt lat="48.88085335493088" lon="-120.76147223822773">
        <time>2005-09-25T09:18:55-07:00</time>
      </trkpt>
      <trkpt lat="48.880857629701495" lon="-120.76151230372488">
        <time>2005-09-25T09:18:58-07:00</time>
      </trkpt>
      <trkpt lat="48.880881099030375" lon="-120.76157835312188">
        <time>2005-09-25T09:19:00-07:00</time>
      </trkpt>
      <trkpt lat="48.880904568359256" lon="-120.76164197176695">
        <time>2005-09-25T09:19:01-07:00</time>
      </trkpt>
      <trkpt lat="48.8809194881469" lon="-120.76168790459633">
        <time>2005-09-25T09:19:06-07:00</time>
      </trkpt>
      <trkpt lat="48.88092393055558" lon="-120.76170265674591">
        <time>2005-09-25T09:19:12-07:00</time>
      </trkpt>
      <trkpt lat="48.88096793554723" lon="-120.76186149381101">
        <time>2005-09-25T09:19:13-07:00</time>
      </trkpt>
      <trkpt lat="48.880969947203994" lon="-120.76187859289348">
        <time>2005-09-25T09:19:17-07:00</time>
      </trkpt>
      <trkpt lat="48.88100045733154" lon="-120.76195755042136">
        <time>2005-09-25T09:19:19-07:00</time>
      </trkpt>
      <trkpt lat="48.881041277199984" lon="-120.76206064783037">
        <time>2005-09-25T09:19:23-07:00</time>
      </trkpt>
      <trkpt lat="48.881045803427696" lon="-120.76207246631384">
        <time>2005-09-25T09:19:26-07:00</time>
      </trkpt>
      <trkpt lat="48.881088802590966" lon="-120.76219006441534">
        <time>2005-09-25T09:19:29-07:00</time>
      </trkpt>
      <trkpt lat="48.88109626248479" lon="-120.76225468888879">
        <time>2005-09-25T09:19:33-07:00</time>
      </trkpt>
      <trkpt lat="48.88110699132085" lon="-120.76235041022301">
        <time>2005-09-25T09:19:34-07:00</time>
      </trkpt>
      <trkpt lat="48.88111671432853" lon="-120.76243909075856">
        <time>2005-09-25T09:19:42-07:00</time>
      </trkpt>
      <trkpt lat="48.88111554086208" lon="-120.7625214010477">
        <time>2005-09-25T09:19:48-07:00</time>
      </trkpt>
      <trkpt lat="48.88111629523337" lon="-120.76255082152784">
        <time>2005-09-25T09:19:49-07:00</time>
      </trkpt>
      <trkpt lat="48.88112015090883" lon="-120.76263874769211">
        <time>2005-09-25T09:19:54-07:00</time>
      </trkpt>
      <trkpt lat="48.88113683089614" lon="-120.76265894807875">
        <time>2005-09-25T09:19:56-07:00</time>
      </trkpt>
      <trkpt lat="48.8811509963125" lon="-120.76263346709311">
        <time>2005-09-25T09:20:01-07:00</time>
      </trkpt>
      <trkpt lat="48.88116700574756" lon="-120.76259700581431">
        <time>2005-09-25T09:20:03-07:00</time>
      </trkpt>
      <trkpt lat="48.88120086863637" lon="-120.76254889369011">
        <time>2005-09-25T09:20:08-07:00</time>
      </trkpt>
      <trkpt lat="48.88123062439263" lon="-120.76246742159128">
        <time>2005-09-25T09:20:11-07:00</time>
      </trkpt>
      <trkpt lat="48.881254931911826" lon="-120.76238636858761">
        <time>2005-09-25T09:20:13-07:00</time>
      </trkpt>
      <trkpt lat="48.88125996105373" lon="-120.762360971421">
        <time>2005-09-25T09:20:18-07:00</time>
      </trkpt>
      <trkpt lat="48.881260296329856" lon="-120.7623493205756">
        <time>2005-09-25T09:20:19-07:00</time>
      </trkpt>
      <trkpt lat="48.88127027079463" lon="-120.76222359202802">
        <time>2005-09-25T09:20:24-07:00</time>
      </trkpt>
      <trkpt lat="48.881268091499805" lon="-120.76218956150115">
        <time>2005-09-25T09:20:26-07:00</time>
      </trkpt>
      <trkpt lat="48.88126918114722" lon="-120.76213667169213">
        <time>2005-09-25T09:20:31-07:00</time>
      </trkpt>
      <trkpt lat="48.88127010315657" lon="-120.76211806386709">
        <time>2005-09-25T09:20:35-07:00</time>
      </trkpt>
      <trkpt lat="48.881274964660406" lon="-120.76204623095691">
        <time>2005-09-25T09:20:38-07:00</time>
      </trkpt>
      <trkpt lat="48.88127990998328" lon="-120.7619550358504">
        <time>2005-09-25T09:20:43-07:00</time>
      </trkpt>
      <trkpt lat="48.881297344341874" lon="-120.76196945272386">
        <time>2005-09-25T09:20:50-07:00</time>
      </trkpt>
      <trkpt lat="48.88130899518728" lon="-120.7620311435312">
        <time>2005-09-25T09:20:56-07:00</time>
      </trkpt>
      <trkpt lat="48.881312096491456" lon="-120.76207548379898">
        <time>2005-09-25T09:20:57-07:00</time>
      </trkpt>
      <trkpt lat="48.881315030157566" lon="-120.762123093009">
        <time>2005-09-25T09:21:01-07:00</time>
      </trkpt>
      <trkpt lat="48.88132458552718" lon="-120.76221738941967">
        <time>2005-09-25T09:21:04-07:00</time>
      </trkpt>
      <trkpt lat="48.88133640401065" lon="-120.76225016266108">
        <time>2005-09-25T09:21:06-07:00</time>
      </trkpt>
      <trkpt lat="48.88134696520865" lon="-120.76232140883803">
        <time>2005-09-25T09:21:12-07:00</time>
      </trkpt>
      <trkpt lat="48.88136263936758" lon="-120.76245090924203">
        <time>2005-09-25T09:21:14-07:00</time>
      </trkpt>
      <trkpt lat="48.88136414811015" lon="-120.76248502358794">
        <time>2005-09-25T09:21:19-07:00</time>
      </trkpt>
      <trkpt lat="48.88137387111783" lon="-120.762585606426">
        <time>2005-09-25T09:21:21-07:00</time>
      </trkpt>
      <trkpt lat="48.88137630186975" lon="-120.7626149430871">
        <time>2005-09-25T09:21:25-07:00</time>
      </trkpt>
      <trkpt lat="48.88137831352651" lon="-120.76268057338893">
        <time>2005-09-25T09:21:29-07:00</time>
      </trkpt>
      <trkpt lat="48.88137286528945" lon="-120.76275802217424">
        <time>2005-09-25T09:21:33-07:00</time>
      </trkpt>
      <trkpt lat="48.88136766850948" lon="-120.76279507018626">
        <time>2005-09-25T09:21:34-07:00</time>
      </trkpt>
      <trkpt lat="48.88136808760464" lon="-120.76286623254418">
        <time>2005-09-25T09:21:43-07:00</time>
      </trkpt>
      <trkpt lat="48.88138644397259" lon="-120.76287587173283">
        <time>2005-09-25T09:21:44-07:00</time>
      </trkpt>
      <trkpt lat="48.88139046728611" lon="-120.76285726390779">
        <time>2005-09-25T09:21:50-07:00</time>
      </trkpt>
      <trkpt lat="48.88143891468644" lon="-120.76274042017758">
        <time>2005-09-25T09:21:57-07:00</time>
      </trkpt>
      <trkpt lat="48.88144386000931" lon="-120.76272591948509">
        <time>2005-09-25T09:21:58-07:00</time>
      </trkpt>
      <trkpt lat="48.88146858662367" lon="-120.76266062445939">
        <time>2005-09-25T09:22:05-07:00</time>
      </trkpt>
      <trkpt lat="48.88147956691682" lon="-120.76262592338026">
        <time>2005-09-25T09:22:09-07:00</time>
      </trkpt>
      <trkpt lat="48.881485937163234" lon="-120.7626062259078">
        <time>2005-09-25T09:22:14-07:00</time>
      </trkpt>
      <trkpt lat="48.8814911339432" lon="-120.76259071938694">
        <time>2005-09-25T09:22:19-07:00</time>
      </trkpt>
      <trkpt lat="48.88152784667909" lon="-120.76248141936958">
        <time>2005-09-25T09:22:24-07:00</time>
      </trkpt>
      <trkpt lat="48.88153270818293" lon="-120.76246121898293">
        <time>2005-09-25T09:22:26-07:00</time>
      </trkpt>
      <trkpt lat="48.88154393993318" lon="-120.7623680960387">
        <time>2005-09-25T09:22:31-07:00</time>
      </trkpt>
      <trkpt lat="48.881549974903464" lon="-120.76232484541833">
        <time>2005-09-25T09:22:33-07:00</time>
      </trkpt>
      <trkpt lat="48.8815791439265" lon="-120.76225887984037">
        <time>2005-09-25T09:22:37-07:00</time>
      </trkpt>
      <trkpt lat="48.88158450834453" lon="-120.76224588789046">
        <time>2005-09-25T09:22:39-07:00</time>
      </trkpt>
      <trkpt lat="48.88160395435989" lon="-120.76216491870582">
        <time>2005-09-25T09:22:42-07:00</time>
      </trkpt>
      <trkpt lat="48.88161635957658" lon="-120.76209174469113">
        <time>2005-09-25T09:22:47-07:00</time>
      </trkpt>
      <trkpt lat="48.8816256634891" lon="-120.7620313949883">
        <time>2005-09-25T09:22:52-07:00</time>
      </trkpt>
      <trkpt lat="48.8816380687058" lon="-120.76194958761334">
        <time>2005-09-25T09:22:54-07:00</time>
      </trkpt>
      <trkpt lat="48.881648713722825" lon="-120.76190826483071">
        <time>2005-09-25T09:22:55-07:00</time>
      </trkpt>
      <trkpt lat="48.881667237728834" lon="-120.7618360966444">
        <time>2005-09-25T09:23:03-07:00</time>
      </trkpt>
      <trkpt lat="48.88167335651815" lon="-120.76180801726878">
        <time>2005-09-25T09:23:05-07:00</time>
      </trkpt>
      <trkpt lat="48.88170747086406" lon="-120.7617430575192">
        <time>2005-09-25T09:23:09-07:00</time>
      </trkpt>
      <trkpt lat="48.88173689134419" lon="-120.76171154156327">
        <time>2005-09-25T09:23:10-07:00</time>
      </trkpt>
      <trkpt lat="48.88175792992115" lon="-120.76168991625309">
        <time>2005-09-25T09:23:14-07:00</time>
      </trkpt>
      <trkpt lat="48.88182842172682" lon="-120.76165236532688">
        <time>2005-09-25T09:23:19-07:00</time>
      </trkpt>
      <trkpt lat="48.8818399887532" lon="-120.7616513594985">
        <time>2005-09-25T09:23:23-07:00</time>
      </trkpt>
      <trkpt lat="48.881853483617306" lon="-120.76169108971953">
        <time>2005-09-25T09:23:27-07:00</time>
      </trkpt>
      <trkpt lat="48.88184778392315" lon="-120.76170257292688">
        <time>2005-09-25T09:23:30-07:00</time>
      </trkpt>
      <trkpt lat="48.88182330876589" lon="-120.7617739867419">
        <time>2005-09-25T09:23:33-07:00</time>
      </trkpt>
      <trkpt lat="48.88179648667574" lon="-120.76189611107111">
        <time>2005-09-25T09:23:39-07:00</time>
      </trkpt>
      <trkpt lat="48.881794810295105" lon="-120.76191069558263">
        <time>2005-09-25T09:23:41-07:00</time>
      </trkpt>
      <trkpt lat="48.881799252703786" lon="-120.76204254291952">
        <time>2005-09-25T09:23:45-07:00</time>
      </trkpt>
      <trkpt lat="48.881802689284086" lon="-120.76207866892219">
        <time>2005-09-25T09:23:52-07:00</time>
      </trkpt>
      <trkpt lat="48.88180134817958" lon="-120.7621709536761">
        <time>2005-09-25T09:23:54-07:00</time>
      </trkpt>
      <trkpt lat="48.88180369511247" lon="-120.76220062561333">
        <time>2005-09-25T09:24:00-07:00</time>
      </trkpt>
      <trkpt lat="48.88180889189243" lon="-120.76221168972552">
        <time>2005-09-25T09:24:02-07:00</time>
      </trkpt>
      <trkpt lat="48.88179447501898" lon="-120.76229969970882">
        <time>2005-09-25T09:24:06-07:00</time>
      </trkpt>
      <trkpt lat="48.88179204426706" lon="-120.7623321376741">
        <time>2005-09-25T09:24:11-07:00</time>
      </trkpt>
      <trkpt lat="48.881770335137844" lon="-120.76246029697359">
        <time>2005-09-25T09:24:14-07:00</time>
      </trkpt>
      <trkpt lat="48.88176036067307" lon="-120.76249868609011">
        <time>2005-09-25T09:24:19-07:00</time>
      </trkpt>
      <trkpt lat="48.881745943799615" lon="-120.76256775297225">
        <time>2005-09-25T09:24:23-07:00</time>
      </trkpt>
      <trkpt lat="48.881740076467395" lon="-120.76260077767074">
        <time>2005-09-25T09:24:24-07:00</time>
      </trkpt>
      <trkpt lat="48.88173060491681" lon="-120.76265148818493">
        <time>2005-09-25T09:24:30-07:00</time>
      </trkpt>
      <trkpt lat="48.88172213919461" lon="-120.76272793114185">
        <time>2005-09-25T09:24:31-07:00</time>
      </trkpt>
      <trkpt lat="48.881727838888764" lon="-120.76278316788375">
        <time>2005-09-25T09:24:35-07:00</time>
      </trkpt>
      <trkpt lat="48.881744937971234" lon="-120.76287704519928">
        <time>2005-09-25T09:24:37-07:00</time>
      </trkpt>
      <trkpt lat="48.88179539702833" lon="-120.7629653904587">
        <time>2005-09-25T09:24:38-07:00</time>
      </trkpt>
      <trkpt lat="48.88180713169277" lon="-120.7629759516567">
        <time>2005-09-25T09:24:39-07:00</time>
      </trkpt>
      <trkpt lat="48.88190251775086" lon="-120.76301626861095">
        <time>2005-09-25T09:24:46-07:00</time>
      </trkpt>
      <trkpt lat="48.88191618025303" lon="-120.76301987282932">
        <time>2005-09-25T09:24:47-07:00</time>
      </trkpt>
      <trkpt lat="48.88193956576288" lon="-120.76309908181429">
        <time>2005-09-25T09:24:52-07:00</time>
      </trkpt>
      <trkpt lat="48.881940403953195" lon="-120.76311768963933">
        <time>2005-09-25T09:24:54-07:00</time>
      </trkpt>
      <trkpt lat="48.88193378224969" lon="-120.76318164356053">
        <time>2005-09-25T09:24:59-07:00</time>
      </trkpt>
      <trkpt lat="48.88193545863032" lon="-120.7632214576006">
        <time>2005-09-25T09:25:00-07:00</time>
      </trkpt>
      <trkpt lat="48.88194786384702" lon="-120.76328432187438">
        <time>2005-09-25T09:25:05-07:00</time>
      </trkpt>
      <trkpt lat="48.881965801119804" lon="-120.76328189112246">
        <time>2005-09-25T09:25:09-07:00</time>
      </trkpt>
      <trkpt lat="48.88197619467974" lon="-120.76327837072313">
        <time>2005-09-25T09:25:12-07:00</time>
      </trkpt>
      <trkpt lat="48.881984911859035" lon="-120.76326554641128">
        <time>2005-09-25T09:25:17-07:00</time>
      </trkpt>
      <trkpt lat="48.88199941255152" lon="-120.7632074598223">
        <time>2005-09-25T09:25:19-07:00</time>
      </trkpt>
      <trkpt lat="48.88205104507506" lon="-120.76309019699693">
        <time>2005-09-25T09:25:24-07:00</time>
      </trkpt>
      <trkpt lat="48.882057666778564" lon="-120.76307728886604">
        <time>2005-09-25T09:25:26-07:00</time>
      </trkpt>
      <trkpt lat="48.882108544930816" lon="-120.76302364468575">
        <time>2005-09-25T09:25:32-07:00</time>
      </trkpt>
      <trkpt lat="48.882149532437325" lon="-120.76297528110445">
        <time>2005-09-25T09:25:35-07:00</time>
      </trkpt>
      <trkpt lat="48.882198482751846" lon="-120.76290026307106">
        <time>2005-09-25T09:25:37-07:00</time>
      </trkpt>
      <trkpt lat="48.882205272093415" lon="-120.76288886368275">
        <time>2005-09-25T09:25:43-07:00</time>
      </trkpt>
      <trkpt lat="48.882238464429975" lon="-120.76283664442599">
        <time>2005-09-25T09:25:44-07:00</time>
      </trkpt>
      <trkpt lat="48.88225615024567" lon="-120.76283035799861">
        <time>2005-09-25T09:25:50-07:00</time>
      </trkpt>
      <trkpt lat="48.882260927930474" lon="-120.7628306094557">
        <time>2005-09-25T09:25:51-07:00</time>
      </trkpt>
      <trkpt lat="48.88228280469775" lon="-120.76281795278192">
        <time>2005-09-25T09:25:56-07:00</time>
      </trkpt>
      <trkpt lat="48.88230761513114" lon="-120.76280303299427">
        <time>2005-09-25T09:26:03-07:00</time>
      </trkpt>
      <trkpt lat="48.88233703561127" lon="-120.76278886757791">
        <time>2005-09-25T09:26:04-07:00</time>
      </trkpt>
      <trkpt lat="48.88238481245935" lon="-120.76276380568743">
        <time>2005-09-25T09:26:11-07:00</time>
      </trkpt>
      <trkpt lat="48.88240828178823" lon="-120.76274754479527">
        <time>2005-09-25T09:26:13-07:00</time>
      </trkpt>
      <trkpt lat="48.882455974817276" lon="-120.76269825920463">
        <time>2005-09-25T09:26:18-07:00</time>
      </trkpt>
      <trkpt lat="48.882483802735806" lon="-120.76265559531748">
        <time>2005-09-25T09:26:20-07:00</time>
      </trkpt>
      <trkpt lat="48.882517497986555" lon="-120.76260983012617">
        <time>2005-09-25T09:26:21-07:00</time>
      </trkpt>
      <trkpt lat="48.88255521655083" lon="-120.76255677267909">
        <time>2005-09-25T09:26:27-07:00</time>
      </trkpt>
      <trkpt lat="48.88258011080325" lon="-120.76253447681665">
        <time>2005-09-25T09:26:29-07:00</time>
      </trkpt>
      <trkpt lat="48.88262118212879" lon="-120.7625044696033">
        <time>2005-09-25T09:26:36-07:00</time>
      </trkpt>
      <trkpt lat="48.88264222070575" lon="-120.76248686760664">
        <time>2005-09-25T09:26:38-07:00</time>
      </trkpt>
      <trkpt lat="48.882713969796896" lon="-120.76239550486207">
        <time>2005-09-25T09:26:43-07:00</time>
      </trkpt>
      <trkpt lat="48.88280072249472" lon="-120.76226281933486">
        <time>2005-09-25T09:26:47-07:00</time>
      </trkpt>
      <trkpt lat="48.88285051099956" lon="-120.7622692734003">
        <time>2005-09-25T09:26:51-07:00</time>
      </trkpt>
      <trkpt lat="48.88285017572343" lon="-120.7623009569943">
        <time>2005-09-25T09:26:56-07:00</time>
      </trkpt>
      <trkpt lat="48.88285386376083" lon="-120.7623176369816">
        <time>2005-09-25T09:26:59-07:00</time>
      </trkpt>
      <trkpt lat="48.882860569283366" lon="-120.76239064335823">
        <time>2005-09-25T09:27:04-07:00</time>
      </trkpt>
      <trkpt lat="48.88285838998854" lon="-120.76244789175689">
        <time>2005-09-25T09:27:11-07:00</time>
      </trkpt>
      <trkpt lat="48.88285671360791" lon="-120.76247312128544">
        <time>2005-09-25T09:27:12-07:00</time>
      </trkpt>
      <trkpt lat="48.882859563454986" lon="-120.76254738494754">
        <time>2005-09-25T09:27:20-07:00</time>
      </trkpt>
      <trkpt lat="48.88285084627569" lon="-120.76260580681264">
        <time>2005-09-25T09:27:21-07:00</time>
      </trkpt>
      <trkpt lat="48.88285294175148" lon="-120.76261980459094">
        <time>2005-09-25T09:27:26-07:00</time>
      </trkpt>
      <trkpt lat="48.88285428285599" lon="-120.76267772354186">
        <time>2005-09-25T09:27:27-07:00</time>
      </trkpt>
      <trkpt lat="48.88285822235048" lon="-120.76270764693618">
        <time>2005-09-25T09:27:31-07:00</time>
      </trkpt>
      <trkpt lat="48.88289166614413" lon="-120.7627513166517">
        <time>2005-09-25T09:27:34-07:00</time>
      </trkpt>
      <trkpt lat="48.882908849045634" lon="-120.76275852508843">
        <time>2005-09-25T09:27:38-07:00</time>
      </trkpt>
      <trkpt lat="48.882920164614916" lon="-120.76276095584035">
        <time>2005-09-25T09:27:39-07:00</time>
      </trkpt>
      <trkpt lat="48.88294639997184" lon="-120.76275550760329">
        <time>2005-09-25T09:27:40-07:00</time>
      </trkpt>
      <trkpt lat="48.88295939192176" lon="-120.7627446949482">
        <time>2005-09-25T09:27:41-07:00</time>
      </trkpt>
      <trkpt lat="48.88298822566867" lon="-120.76272365637124">
        <time>2005-09-25T09:27:45-07:00</time>
      </trkpt>
      <trkpt lat="48.88300641439855" lon="-120.76269700191915">
        <time>2005-09-25T09:27:54-07:00</time>
      </trkpt>
      <trkpt lat="48.88301412574947" lon="-120.76268384233117">
        <time>2005-09-25T09:27:55-07:00</time>
      </trkpt>
      <trkpt lat="48.883063327521086" lon="-120.7626757118851">
        <time>2005-09-25T09:28:01-07:00</time>
      </trkpt>
      <trkpt lat="48.883075481280684" lon="-120.76268618926406">
        <time>2005-09-25T09:28:06-07:00</time>
      </trkpt>
      <trkpt lat="48.8830866292119" lon="-120.76269398443401">
        <time>2005-09-25T09:28:13-07:00</time>
      </trkpt>
      <trkpt lat="48.883157623931766" lon="-120.76271058060229">
        <time>2005-09-25T09:28:14-07:00</time>
      </trkpt>
      <trkpt lat="48.883166844025254" lon="-120.76271217316389">
        <time>2005-09-25T09:28:19-07:00</time>
      </trkpt>
      <trkpt lat="48.883205819875" lon="-120.76270555146039">
        <time>2005-09-25T09:28:21-07:00</time>
      </trkpt>
      <trkpt lat="48.883239263668656" lon="-120.76270672492683">
        <time>2005-09-25T09:28:22-07:00</time>
      </trkpt>
      <trkpt lat="48.883249992504716" lon="-120.76270152814686">
        <time>2005-09-25T09:28:24-07:00</time>
      </trkpt>
      <trkpt lat="48.883313527330756" lon="-120.7626844290644">
        <time>2005-09-25T09:28:27-07:00</time>
      </trkpt>
      <trkpt lat="48.88335635885596" lon="-120.76268585398793">
        <time>2005-09-25T09:28:30-07:00</time>
      </trkpt>
      <trkpt lat="48.8833715301007" lon="-120.76269306242466">
        <time>2005-09-25T09:28:34-07:00</time>
      </trkpt>
      <trkpt lat="48.88339860364795" lon="-120.76270027086139">
        <time>2005-09-25T09:28:36-07:00</time>
      </trkpt>
      <trkpt lat="48.88345409184694" lon="-120.76272390782833">
        <time>2005-09-25T09:28:41-07:00</time>
      </trkpt>
      <trkpt lat="48.88353900052607" lon="-120.76269515790045">
        <time>2005-09-25T09:28:44-07:00</time>
      </trkpt>
      <trkpt lat="48.88359013013542" lon="-120.7626374065876">
        <time>2005-09-25T09:28:48-07:00</time>
      </trkpt>
      <trkpt lat="48.8836133480072" lon="-120.76260446570814">
        <time>2005-09-25T09:28:53-07:00</time>
      </trkpt>
      <trkpt lat="48.8836722727865" lon="-120.76253606937826">
        <time>2005-09-25T09:28:56-07:00</time>
      </trkpt>
      <trkpt lat="48.883678894490004" lon="-120.76251561753452">
        <time>2005-09-25T09:29:00-07:00</time>
      </trkpt>
      <trkpt lat="48.88369875960052" lon="-120.76248074881732">
        <time>2005-09-25T09:29:02-07:00</time>
      </trkpt>
      <trkpt lat="48.883729269728065" lon="-120.76245501637459">
        <time>2005-09-25T09:29:09-07:00</time>
      </trkpt>
      <trkpt lat="48.88373899273574" lon="-120.76244495809078">
        <time>2005-09-25T09:29:19-07:00</time>
      </trkpt>
      <trkpt lat="48.88376455754042" lon="-120.7624114304781">
        <time>2005-09-25T09:29:24-07:00</time>
      </trkpt>
      <trkpt lat="48.883780064061284" lon="-120.76238662004471">
        <time>2005-09-25T09:29:26-07:00</time>
      </trkpt>
      <trkpt lat="48.88379691168666" lon="-120.76239173300564">
        <time>2005-09-25T09:29:27-07:00</time>
      </trkpt>
      <trkpt lat="48.88380143791437" lon="-120.76239726506174">
        <time>2005-09-25T09:29:31-07:00</time>
      </trkpt>
      <trkpt lat="48.88380479067564" lon="-120.76241050846875">
        <time>2005-09-25T09:29:34-07:00</time>
      </trkpt>
      <trkpt lat="48.88381836935878" lon="-120.76244705356658">
        <time>2005-09-25T09:29:35-07:00</time>
      </trkpt>
      <trkpt lat="48.88383563607931" lon="-120.76253254897892">
        <time>2005-09-25T09:29:40-07:00</time>
      </trkpt>
      <trkpt lat="48.88384284451604" lon="-120.76255300082266">
        <time>2005-09-25T09:29:44-07:00</time>
      </trkpt>
      <trkpt lat="48.88385114260018" lon="-120.76257772743702">
        <time>2005-09-25T09:29:45-07:00</time>
      </trkpt>
      <trkpt lat="48.883893471211195" lon="-120.76267613098025">
        <time>2005-09-25T09:29:49-07:00</time>
      </trkpt>
      <trkpt lat="48.883897913619876" lon="-120.76269490644336">
        <time>2005-09-25T09:29:51-07:00</time>
      </trkpt>
      <trkpt lat="48.88389456085861" lon="-120.76278702355921">
        <time>2005-09-25T09:29:55-07:00</time>
      </trkpt>
      <trkpt lat="48.883890034630895" lon="-120.76283840462565">
        <time>2005-09-25T09:29:57-07:00</time>
      </trkpt>
      <trkpt lat="48.88388307765126" lon="-120.76288986951113">
        <time>2005-09-25T09:29:59-07:00</time>
      </trkpt>
      <trkpt lat="48.883877294138074" lon="-120.76292691752315">
        <time>2005-09-25T09:30:03-07:00</time>
      </trkpt>
      <trkpt lat="48.88388332910836" lon="-120.76299766078591">
        <time>2005-09-25T09:30:05-07:00</time>
      </trkpt>
      <trkpt lat="48.88389070518315" lon="-120.76301551423967">
        <time>2005-09-25T09:30:08-07:00</time>
      </trkpt>
      <trkpt lat="48.88395331799984" lon="-120.76310008764267">
        <time>2005-09-25T09:30:10-07:00</time>
      </trkpt>
      <trkpt lat="48.8839658908546" lon="-120.76313244178891">
        <time>2005-09-25T09:30:11-07:00</time>
      </trkpt>
      <trkpt lat="48.8839917909354" lon="-120.76317518949509">
        <time>2005-09-25T09:30:16-07:00</time>
      </trkpt>
      <trkpt lat="48.88404283672571" lon="-120.76323729939759">
        <time>2005-09-25T09:30:17-07:00</time>
      </trkpt>
      <trkpt lat="48.88408248312771" lon="-120.76326361857355">
        <time>2005-09-25T09:30:18-07:00</time>
      </trkpt>
      <trkpt lat="48.884114753454924" lon="-120.76326881535351">
        <time>2005-09-25T09:30:25-07:00</time>
      </trkpt>
      <trkpt lat="48.88414870016277" lon="-120.76326303184032">
        <time>2005-09-25T09:30:26-07:00</time>
      </trkpt>
      <trkpt lat="48.88418935239315" lon="-120.76325288973749">
        <time>2005-09-25T09:30:30-07:00</time>
      </trkpt>
      <trkpt lat="48.884201254695654" lon="-120.76324928551912">
        <time>2005-09-25T09:30:33-07:00</time>
      </trkpt>
      <trkpt lat="48.88425188139081" lon="-120.76323788613081">
        <time>2005-09-25T09:30:34-07:00</time>
      </trkpt>
      <trkpt lat="48.88430058024824" lon="-120.76323922723532">
        <time>2005-09-25T09:30:39-07:00</time>
      </trkpt>
      <trkpt lat="48.88432631269097" lon="-120.76326655223966">
        <time>2005-09-25T09:30:43-07:00</time>
      </trkpt>
      <trkpt lat="48.884348357096314" lon="-120.763288596645">
        <time>2005-09-25T09:30:45-07:00</time>
      </trkpt>
      <trkpt lat="48.88435925357044" lon="-120.76330267824233">
        <time>2005-09-25T09:30:48-07:00</time>
      </trkpt>
      <trkpt lat="48.88440476730466" lon="-120.76334291137755">
        <time>2005-09-25T09:30:53-07:00</time>
      </trkpt>
      <trkpt lat="48.88445816002786" lon="-120.76338599435985">
        <time>2005-09-25T09:31:00-07:00</time>
      </trkpt>
      <trkpt lat="48.88447911478579" lon="-120.76339856721461">
        <time>2005-09-25T09:31:05-07:00</time>
      </trkpt>
      <trkpt lat="48.88450551778078" lon="-120.76342983171344">
        <time>2005-09-25T09:31:08-07:00</time>
      </trkpt>
      <trkpt lat="48.884542901068926" lon="-120.76347140595317">
        <time>2005-09-25T09:31:16-07:00</time>
      </trkpt>
      <trkpt lat="48.88456461019814" lon="-120.76349361799657">
        <time>2005-09-25T09:31:17-07:00</time>
      </trkpt>
      <trkpt lat="48.88457207009196" lon="-120.76350602321327">
        <time>2005-09-25T09:31:20-07:00</time>
      </trkpt>
      <trkpt lat="48.884620098397136" lon="-120.76356209814548">
        <time>2005-09-25T09:31:23-07:00</time>
      </trkpt>
      <trkpt lat="48.88462764210999" lon="-120.76357316225767">
        <time>2005-09-25T09:31:24-07:00</time>
      </trkpt>
      <trkpt lat="48.88467458076775" lon="-120.76363518834114">
        <time>2005-09-25T09:31:27-07:00</time>
      </trkpt>
      <trkpt lat="48.88469017110765" lon="-120.763682378456">
        <time>2005-09-25T09:31:30-07:00</time>
      </trkpt>
      <trkpt lat="48.884697295725346" lon="-120.76369285583496">
        <time>2005-09-25T09:31:32-07:00</time>
      </trkpt>
      <trkpt lat="48.884732415899634" lon="-120.76374616473913">
        <time>2005-09-25T09:31:33-07:00</time>
      </trkpt>
      <trkpt lat="48.88476158492267" lon="-120.76379821635783">
        <time>2005-09-25T09:31:34-07:00</time>
      </trkpt>
      <trkpt lat="48.88477239757776" lon="-120.7638169080019">
        <time>2005-09-25T09:31:36-07:00</time>
      </trkpt>
      <trkpt lat="48.884789161384106" lon="-120.7638533692807">
        <time>2005-09-25T09:31:42-07:00</time>
      </trkpt>
      <trkpt lat="48.88480885885656" lon="-120.76388010755181">
        <time>2005-09-25T09:31:44-07:00</time>
      </trkpt>
      <trkpt lat="48.884826293215156" lon="-120.76391556300223">
        <time>2005-09-25T09:31:46-07:00</time>
      </trkpt>
      <trkpt lat="48.884854624047875" lon="-120.76396082527936">
        <time>2005-09-25T09:31:52-07:00</time>
      </trkpt>
      <trkpt lat="48.88486007228494" lon="-120.76397063210607">
        <time>2005-09-25T09:31:53-07:00</time>
      </trkpt>
      <trkpt lat="48.88488605618477" lon="-120.7640399504453">
        <time>2005-09-25T09:31:58-07:00</time>
      </trkpt>
      <trkpt lat="48.88490525074303" lon="-120.76407624408603">
        <time>2005-09-25T09:32:01-07:00</time>
      </trkpt>
      <trkpt lat="48.88494757935405" lon="-120.76414036564529">
        <time>2005-09-25T09:32:04-07:00</time>
      </trkpt>
      <trkpt lat="48.884970461949706" lon="-120.76420188881457">
        <time>2005-09-25T09:32:06-07:00</time>
      </trkpt>
      <trkpt lat="48.88499426655471" lon="-120.76430465094745">
        <time>2005-09-25T09:32:11-07:00</time>
      </trkpt>
      <trkpt lat="48.88499493710697" lon="-120.76432602480054">
        <time>2005-09-25T09:32:12-07:00</time>
      </trkpt>
      <trkpt lat="48.884986471384764" lon="-120.76438469812274">
        <time>2005-09-25T09:32:18-07:00</time>
      </trkpt>
      <trkpt lat="48.88498714193702" lon="-120.76444773003459">
        <time>2005-09-25T09:32:20-07:00</time>
      </trkpt>
      <trkpt lat="48.884990913793445" lon="-120.7644625660032">
        <time>2005-09-25T09:32:24-07:00</time>
      </trkpt>
      <trkpt lat="48.88499996624887" lon="-120.76453096233308">
        <time>2005-09-25T09:32:30-07:00</time>
      </trkpt>
      <trkpt lat="48.88500675559044" lon="-120.7645648252219">
        <time>2005-09-25T09:32:34-07:00</time>
      </trkpt>
      <trkpt lat="48.885016310960054" lon="-120.7646264322102">
        <time>2005-09-25T09:32:37-07:00</time>
      </trkpt>
      <trkpt lat="48.885022262111306" lon="-120.76470564119518">
        <time>2005-09-25T09:32:40-07:00</time>
      </trkpt>
      <trkpt lat="48.88502242974937" lon="-120.76471771113575">
        <time>2005-09-25T09:32:44-07:00</time>
      </trkpt>
      <trkpt lat="48.88505570590496" lon="-120.76481862924993">
        <time>2005-09-25T09:32:45-07:00</time>
      </trkpt>
      <trkpt lat="48.885081354528666" lon="-120.76494821347296">
        <time>2005-09-25T09:32:50-07:00</time>
      </trkpt>
      <trkpt lat="48.88505972921848" lon="-120.76502624899149">
        <time>2005-09-25T09:32:54-07:00</time>
      </trkpt>
      <trkpt lat="48.885033912956715" lon="-120.76507008634508">
        <time>2005-09-25T09:32:57-07:00</time>
      </trkpt>
      <trkpt lat="48.884999714791775" lon="-120.76509925536811">
        <time>2005-09-25T09:33:00-07:00</time>
      </trkpt>
      <trkpt lat="48.88496333733201" lon="-120.76514711603522">
        <time>2005-09-25T09:33:02-07:00</time>
      </trkpt>
      <trkpt lat="48.88492218218744" lon="-120.76520562171936">
        <time>2005-09-25T09:33:08-07:00</time>
      </trkpt>
      <trkpt lat="48.88489653356373" lon="-120.76523881405592">
        <time>2005-09-25T09:33:14-07:00</time>
      </trkpt>
      <trkpt lat="48.88486074283719" lon="-120.76530318707228">
        <time>2005-09-25T09:33:16-07:00</time>
      </trkpt>
      <trkpt lat="48.884820425882936" lon="-120.7653759419918">
        <time>2005-09-25T09:33:19-07:00</time>
      </trkpt>
      <trkpt lat="48.88477390632033" lon="-120.76542790979147">
        <time>2005-09-25T09:33:22-07:00</time>
      </trkpt>
      <trkpt lat="48.88477189466357" lon="-120.7654573302716">
        <time>2005-09-25T09:33:24-07:00</time>
      </trkpt>
      <trkpt lat="48.884784216061234" lon="-120.76545649208128">
        <time>2005-09-25T09:33:25-07:00</time>
      </trkpt>
      <trkpt lat="48.88480885885656" lon="-120.76545640826225">
        <time>2005-09-25T09:33:30-07:00</time>
      </trkpt>
      <trkpt lat="48.88483953662217" lon="-120.76544936746359">
        <time>2005-09-25T09:33:31-07:00</time>
      </trkpt>
      <trkpt lat="48.88486577197909" lon="-120.76544660143554">
        <time>2005-09-25T09:33:38-07:00</time>
      </trkpt>
      <trkpt lat="48.88491581194103" lon="-120.765421371907">
        <time>2005-09-25T09:33:43-07:00</time>
      </trkpt>
      <trkpt lat="48.884942047297955" lon="-120.7654092181474">
        <time>2005-09-25T09:33:44-07:00</time>
      </trkpt>
      <trkpt lat="48.884978257119656" lon="-120.76542246155441">
        <time>2005-09-25T09:33:50-07:00</time>
      </trkpt>
      <trkpt lat="48.88497004285455" lon="-120.76543176546693">
        <time>2005-09-25T09:33:55-07:00</time>
      </trkpt>
      <trkpt lat="48.88492268510163" lon="-120.76549312099814">
        <time>2005-09-25T09:33:57-07:00</time>
      </trkpt>
      <trkpt lat="48.884858479723334" lon="-120.76555313542485">
        <time>2005-09-25T09:34:01-07:00</time>
      </trkpt>
      <trkpt lat="48.8847999740392" lon="-120.76561155728996">
        <time>2005-09-25T09:34:05-07:00</time>
      </trkpt>
      <trkpt lat="48.88479704037309" lon="-120.76562446542084">
        <time>2005-09-25T09:34:08-07:00</time>
      </trkpt>
      <trkpt lat="48.884805673733354" lon="-120.76563821174204">
        <time>2005-09-25T09:34:12-07:00</time>
      </trkpt>
      <trkpt lat="48.88482319191098" lon="-120.7656542211771">
        <time>2005-09-25T09:34:13-07:00</time>
      </trkpt>
      <trkpt lat="48.884842889383435" lon="-120.76566503383219">
        <time>2005-09-25T09:34:18-07:00</time>
      </trkpt>
      <trkpt lat="48.88487868010998" lon="-120.76567475683987">
        <time>2005-09-25T09:34:21-07:00</time>
      </trkpt>
      <trkpt lat="48.88490223325789" lon="-120.7656798698008">
        <time>2005-09-25T09:34:26-07:00</time>
      </trkpt>
      <trkpt lat="48.88491405174136" lon="-120.76569286175072">
        <time>2005-09-25T09:34:30-07:00</time>
      </trkpt>
      <trkpt lat="48.88490952551365" lon="-120.76569881290197">
        <time>2005-09-25T09:34:37-07:00</time>
      </trkpt>
      <trkpt lat="48.88490223325789" lon="-120.76569856144488">
        <time>2005-09-25T09:34:38-07:00</time>
      </trkpt>
      <trkpt lat="48.88488169759512" lon="-120.7657213602215">
        <time>2005-09-25T09:34:42-07:00</time>
      </trkpt>
      <trkpt lat="48.88485445640981" lon="-120.76577056199312">
        <time>2005-09-25T09:34:46-07:00</time>
      </trkpt>
      <trkpt lat="48.88484900817275" lon="-120.76577961444855">
        <time>2005-09-25T09:34:47-07:00</time>
      </trkpt>
      <trkpt lat="48.88482511974871" lon="-120.76588011346757">
        <time>2005-09-25T09:34:52-07:00</time>
      </trkpt>
      <trkpt lat="48.884820844978094" lon="-120.76589939184487">
        <time>2005-09-25T09:34:54-07:00</time>
      </trkpt>
      <trkpt lat="48.88480986468494" lon="-120.7659803610295">
        <time>2005-09-25T09:34:58-07:00</time>
      </trkpt>
      <trkpt lat="48.884823778644204" lon="-120.76605470851064">
        <time>2005-09-25T09:35:03-07:00</time>
      </trkpt>
      <trkpt lat="48.884851690381765" lon="-120.76619803905487">
        <time>2005-09-25T09:35:04-07:00</time>
      </trkpt>
      <trkpt lat="48.884888822212815" lon="-120.76635050587356">
        <time>2005-09-25T09:35:11-07:00</time>
      </trkpt>
      <trkpt lat="48.88489544391632" lon="-120.76636467128992">
        <time>2005-09-25T09:35:19-07:00</time>
      </trkpt>
      <trkpt lat="48.8849294744432" lon="-120.76645008288324">
        <time>2005-09-25T09:35:24-07:00</time>
      </trkpt>
      <trkpt lat="48.88493936508894" lon="-120.76651529408991">
        <time>2005-09-25T09:35:27-07:00</time>
      </trkpt>
      <trkpt lat="48.88495244085789" lon="-120.7665940001607">
        <time>2005-09-25T09:35:31-07:00</time>
      </trkpt>
      <trkpt lat="48.88495369814336" lon="-120.76662023551762">
        <time>2005-09-25T09:35:36-07:00</time>
      </trkpt>
      <trkpt lat="48.88495151884854" lon="-120.7666267734021">
        <time>2005-09-25T09:35:41-07:00</time>
      </trkpt>
      <trkpt lat="48.88495160266757" lon="-120.76664278283715">
        <time>2005-09-25T09:35:44-07:00</time>
      </trkpt>
      <trkpt lat="48.88495101593435" lon="-120.76666315086186">
        <time>2005-09-25T09:35:49-07:00</time>
      </trkpt>
      <trkpt lat="48.884950345382094" lon="-120.76668075285852">
        <time>2005-09-25T09:35:55-07:00</time>
      </trkpt>
      <trkpt lat="48.884961577132344" lon="-120.76683129183948">
        <time>2005-09-25T09:36:00-07:00</time>
      </trkpt>
      <trkpt lat="48.88497909530997" lon="-120.76692793518305">
        <time>2005-09-25T09:36:03-07:00</time>
      </trkpt>
      <trkpt lat="48.8849931769073" lon="-120.7669822499156">
        <time>2005-09-25T09:36:04-07:00</time>
      </trkpt>
      <trkpt lat="48.8850502576679" lon="-120.76711803674698">
        <time>2005-09-25T09:36:06-07:00</time>
      </trkpt>
      <trkpt lat="48.88506836257875" lon="-120.76717059127986">
        <time>2005-09-25T09:36:09-07:00</time>
      </trkpt>
      <trkpt lat="48.88507909141481" lon="-120.76719548553228">
        <time>2005-09-25T09:36:12-07:00</time>
      </trkpt>
      <trkpt lat="48.88508629985154" lon="-120.76720939949155">
        <time>2005-09-25T09:36:17-07:00</time>
      </trkpt>
      <trkpt lat="48.88510926626623" lon="-120.76725860126317">
        <time>2005-09-25T09:36:20-07:00</time>
      </trkpt>
      <trkpt lat="48.88512644916773" lon="-120.76728542335331">
        <time>2005-09-25T09:36:26-07:00</time>
      </trkpt>
      <trkpt lat="48.885134160518646" lon="-120.76729615218937">
        <time>2005-09-25T09:36:27-07:00</time>
      </trkpt>
      <trkpt lat="48.885167771950364" lon="-120.76734200119972">
        <time>2005-09-25T09:36:33-07:00</time>
      </trkpt>
      <trkpt lat="48.88520046137273" lon="-120.76737066730857">
        <time>2005-09-25T09:36:40-07:00</time>
      </trkpt>
      <trkpt lat="48.88522434979677" lon="-120.76738717965782">
        <time>2005-09-25T09:36:46-07:00</time>
      </trkpt>
      <trkpt lat="48.8852246850729" lon="-120.76740335673094">
        <time>2005-09-25T09:36:47-07:00</time>
      </trkpt>
      <trkpt lat="48.88522434979677" lon="-120.76741475611925">
        <time>2005-09-25T09:36:48-07:00</time>
      </trkpt>
      <trkpt lat="48.88523809611797" lon="-120.76743562705815">
        <time>2005-09-25T09:36:50-07:00</time>
      </trkpt>
      <trkpt lat="48.88528637588024" lon="-120.76750947162509">
        <time>2005-09-25T09:36:52-07:00</time>
      </trkpt>
      <trkpt lat="48.885345216840506" lon="-120.7675694860518">
        <time>2005-09-25T09:36:55-07:00</time>
      </trkpt>
      <trkpt lat="48.88535661622882" lon="-120.76757996343076">
        <time>2005-09-25T09:36:57-07:00</time>
      </trkpt>
      <trkpt lat="48.885383773595095" lon="-120.76761089265347">
        <time>2005-09-25T09:37:01-07:00</time>
      </trkpt>
      <trkpt lat="48.8854112662375" lon="-120.76765783131123">
        <time>2005-09-25T09:37:02-07:00</time>
      </trkpt>
      <trkpt lat="48.885424342006445" lon="-120.76767291873693">
        <time>2005-09-25T09:37:03-07:00</time>
      </trkpt>
      <trkpt lat="48.88545979745686" lon="-120.76772103086114">
        <time>2005-09-25T09:37:06-07:00</time>
      </trkpt>
      <trkpt lat="48.885501036420465" lon="-120.76779085211456">
        <time>2005-09-25T09:37:10-07:00</time>
      </trkpt>
      <trkpt lat="48.88556775636971" lon="-120.76786218211055">
        <time>2005-09-25T09:37:11-07:00</time>
      </trkpt>
      <trkpt lat="48.8856147788465" lon="-120.7678715698421">
        <time>2005-09-25T09:37:17-07:00</time>
      </trkpt>
      <trkpt lat="48.88572055846453" lon="-120.7678681332618">
        <time>2005-09-25T09:37:18-07:00</time>
      </trkpt>
      <trkpt lat="48.88574746437371" lon="-120.76788070611656">
        <time>2005-09-25T09:37:24-07:00</time>
      </trkpt>
      <trkpt lat="48.88577487319708" lon="-120.76789487153292">
        <time>2005-09-25T09:37:30-07:00</time>
      </trkpt>
      <trkpt lat="48.88581896200776" lon="-120.76792169362307">
        <time>2005-09-25T09:37:37-07:00</time>
      </trkpt>
      <trkpt lat="48.88589657843113" lon="-120.7679408043623">
        <time>2005-09-25T09:37:46-07:00</time>
      </trkpt>
      <trkpt lat="48.885908145457506" lon="-120.76793854124844">
        <time>2005-09-25T09:37:47-07:00</time>
      </trkpt>
      <trkpt lat="48.88600311242044" lon="-120.76791582629085">
        <time>2005-09-25T09:37:53-07:00</time>
      </trkpt>
      <trkpt lat="48.88606513850391" lon="-120.76790191233158">
        <time>2005-09-25T09:37:58-07:00</time>
      </trkpt>
      <trkpt lat="48.886104952543974" lon="-120.76788196340203">
        <time>2005-09-25T09:38:03-07:00</time>
      </trkpt>
      <trkpt lat="48.88620444573462" lon="-120.76785874553025">
        <time>2005-09-25T09:38:05-07:00</time>
      </trkpt>
      <trkpt lat="48.886323468759656" lon="-120.76792378909886">
        <time>2005-09-25T09:38:09-07:00</time>
      </trkpt>
      <trkpt lat="48.886413322761655" lon="-120.76795035973191">
        <time>2005-09-25T09:38:15-07:00</time>
      </trkpt>
      <trkpt lat="48.886445593088865" lon="-120.76795547269285">
        <time>2005-09-25T09:38:18-07:00</time>
      </trkpt>
      <trkpt lat="48.88656855560839" lon="-120.76797483488917">
        <time>2005-09-25T09:38:19-07:00</time>
      </trkpt>
      <trkpt lat="48.886638041585684" lon="-120.76797475107014">
        <time>2005-09-25T09:38:26-07:00</time>
      </trkpt>
      <trkpt lat="48.88669545762241" lon="-120.76797927729785">
        <time>2005-09-25T09:38:31-07:00</time>
      </trkpt>
      <trkpt lat="48.88670375570655" lon="-120.76798078604043">
        <time>2005-09-25T09:38:34-07:00</time>
      </trkpt>
      <trkpt lat="48.88676200993359" lon="-120.76799813657999">
        <time>2005-09-25T09:38:42-07:00</time>
      </trkpt>
      <trkpt lat="48.88679478317499" lon="-120.76799352653325">
        <time>2005-09-25T09:38:46-07:00</time>
      </trkpt>
      <trkpt lat="48.886904418468475" lon="-120.76800559647381">
        <time>2005-09-25T09:38:48-07:00</time>
      </trkpt>
      <trkpt lat="48.88692026026547" lon="-120.76801867224276">
        <time>2005-09-25T09:38:49-07:00</time>
      </trkpt>
      <trkpt lat="48.88699469156563" lon="-120.76803836971521">
        <time>2005-09-25T09:38:52-07:00</time>
      </trkpt>
      <trkpt lat="48.88700567185879" lon="-120.76803945936263">
        <time>2005-09-25T09:38:54-07:00</time>
      </trkpt>
      <trkpt lat="48.88708144426346" lon="-120.76801758259535">
        <time>2005-09-25T09:38:55-07:00</time>
      </trkpt>
      <trkpt lat="48.887109104543924" lon="-120.76800341717899">
        <time>2005-09-25T09:38:59-07:00</time>
      </trkpt>
      <trkpt lat="48.88720625080168" lon="-120.76801515184343">
        <time>2005-09-25T09:39:04-07:00</time>
      </trkpt>
      <trkpt lat="48.88728076592088" lon="-120.7680737413466">
        <time>2005-09-25T09:39:07-07:00</time>
      </trkpt>
      <trkpt lat="48.887310521677136" lon="-120.76809989288449">
        <time>2005-09-25T09:39:10-07:00</time>
      </trkpt>
      <trkpt lat="48.88732041232288" lon="-120.7681049220264">
        <time>2005-09-25T09:39:11-07:00</time>
      </trkpt>
      <trkpt lat="48.88740532100201" lon="-120.76814733445644">
        <time>2005-09-25T09:39:13-07:00</time>
      </trkpt>
      <trkpt lat="48.887453181669116" lon="-120.76814850792289">
        <time>2005-09-25T09:39:19-07:00</time>
      </trkpt>
      <trkpt lat="48.88754127547145" lon="-120.76823509298265">
        <time>2005-09-25T09:39:24-07:00</time>
      </trkpt>
      <trkpt lat="48.88755057938397" lon="-120.76824372634292">
        <time>2005-09-25T09:39:25-07:00</time>
      </trkpt>
      <trkpt lat="48.88765367679298" lon="-120.76831832528114">
        <time>2005-09-25T09:39:29-07:00</time>
      </trkpt>
      <trkpt lat="48.88773808255792" lon="-120.76836543157697">
        <time>2005-09-25T09:39:33-07:00</time>
      </trkpt>
      <trkpt lat="48.88777228072286" lon="-120.76840063557029">
        <time>2005-09-25T09:39:34-07:00</time>
      </trkpt>
      <trkpt lat="48.88779575005174" lon="-120.76841128058732">
        <time>2005-09-25T09:39:37-07:00</time>
      </trkpt>
      <trkpt lat="48.88785400427878" lon="-120.76842561364174">
        <time>2005-09-25T09:39:42-07:00</time>
      </trkpt>
      <trkpt lat="48.887878227978945" lon="-120.76842251233757">
        <time>2005-09-25T09:39:48-07:00</time>
      </trkpt>
      <trkpt lat="48.88791468925774" lon="-120.76841337606311">
        <time>2005-09-25T09:39:51-07:00</time>
      </trkpt>
      <trkpt lat="48.887926675379276" lon="-120.76841304078698">
        <time>2005-09-25T09:39:58-07:00</time>
      </trkpt>
      <trkpt lat="48.88799867592752" lon="-120.76842930167913">
        <time>2005-09-25T09:40:01-07:00</time>
      </trkpt>
      <trkpt lat="48.888066401705146" lon="-120.7683951035142">
        <time>2005-09-25T09:40:04-07:00</time>
      </trkpt>
      <trkpt lat="48.888115771114826" lon="-120.76837540604174">
        <time>2005-09-25T09:40:09-07:00</time>
      </trkpt>
      <trkpt lat="48.88813924044371" lon="-120.76839426532388">
        <time>2005-09-25T09:40:16-07:00</time>
      </trkpt>
      <trkpt lat="48.88823420740664" lon="-120.76845134608448">
        <time>2005-09-25T09:40:17-07:00</time>
      </trkpt>
      <trkpt lat="48.88827075250447" lon="-120.76846375130117">
        <time>2005-09-25T09:40:25-07:00</time>
      </trkpt>
      <trkpt lat="48.8883466925472" lon="-120.76851169578731">
        <time>2005-09-25T09:40:30-07:00</time>
      </trkpt>
      <trkpt lat="48.888409808278084" lon="-120.76856525614858">
        <time>2005-09-25T09:40:33-07:00</time>
      </trkpt>
      <trkpt lat="48.888489017263055" lon="-120.76863817870617">
        <time>2005-09-25T09:40:42-07:00</time>
      </trkpt>
      <trkpt lat="48.888502260670066" lon="-120.76865980401635">
        <time>2005-09-25T09:40:53-07:00</time>
      </trkpt>
      <trkpt lat="48.88856738805771" lon="-120.76871143653989">
        <time>2005-09-25T09:41:01-07:00</time>
      </trkpt>
      <trkpt lat="48.88867744244635" lon="-120.76869517564774">
        <time>2005-09-25T09:41:03-07:00</time>
      </trkpt>
      <trkpt lat="48.88872379437089" lon="-120.76868997886777">
        <time>2005-09-25T09:41:12-07:00</time>
      </trkpt>
      <trkpt lat="48.88878255151212" lon="-120.76869148761034">
        <time>2005-09-25T09:41:17-07:00</time>
      </trkpt>
      <trkpt lat="48.88890199363232" lon="-120.76870674267411">
        <time>2005-09-25T09:41:22-07:00</time>
      </trkpt>
      <trkpt lat="48.88902587816119" lon="-120.76873716898263">
        <time>2005-09-25T09:41:23-07:00</time>
      </trkpt>
      <trkpt lat="48.88909083791077" lon="-120.76875703409314">
        <time>2005-09-25T09:41:28-07:00</time>
      </trkpt>
      <trkpt lat="48.88917147181928" lon="-120.76876767911017">
        <time>2005-09-25T09:41:31-07:00</time>
      </trkpt>
      <trkpt lat="48.88929686509073" lon="-120.7688058167696">
        <time>2005-09-25T09:41:40-07:00</time>
      </trkpt>
      <trkpt lat="48.88930876739323" lon="-120.76880883425474">
        <time>2005-09-25T09:41:42-07:00</time>
      </trkpt>
      <trkpt lat="48.88943617232144" lon="-120.76885887421668">
        <time>2005-09-25T09:41:49-07:00</time>
      </trkpt>
      <trkpt lat="48.88954471796751" lon="-120.76891620643437">
        <time>2005-09-25T09:41:50-07:00</time>
      </trkpt>
      <trkpt lat="48.88968016952276" lon="-120.76899088919163">
        <time>2005-09-25T09:41:56-07:00</time>
      </trkpt>
      <trkpt lat="48.88970598578453" lon="-120.76900329440832">
        <time>2005-09-25T09:41:58-07:00</time>
      </trkpt>
      <trkpt lat="48.88981729745865" lon="-120.76905886642635">
        <time>2005-09-25T09:42:07-07:00</time>
      </trkpt>
      <trkpt lat="48.889879239723086" lon="-120.7690939027816">
        <time>2005-09-25T09:42:14-07:00</time>
      </trkpt>
      <trkpt lat="48.88998191803694" lon="-120.76913053169847">
        <time>2005-09-25T09:42:17-07:00</time>
      </trkpt>
      <trkpt lat="48.89006313867867" lon="-120.76921401545405">
        <time>2005-09-25T09:42:18-07:00</time>
      </trkpt>
      <trkpt lat="48.89010018669069" lon="-120.76925408095121">
        <time>2005-09-25T09:42:25-07:00</time>
      </trkpt>
      <trkpt lat="48.890119632706046" lon="-120.76927486807108">
        <time>2005-09-25T09:42:29-07:00</time>
      </trkpt>
      <trkpt lat="48.89013849198818" lon="-120.7692963257432">
        <time>2005-09-25T09:42:39-07:00</time>
      </trkpt>
      <trkpt lat="48.89029380865395" lon="-120.76941316947341">
        <time>2005-09-25T09:42:40-07:00</time>
      </trkpt>
      <trkpt lat="48.890340412035584" lon="-120.76944845728576">
        <time>2005-09-25T09:42:49-07:00</time>
      </trkpt>
      <trkpt lat="48.8903793040663" lon="-120.76948198489845">
        <time>2005-09-25T09:42:56-07:00</time>
      </trkpt>
      <trkpt lat="48.89051282778382" lon="-120.76958533376455">
        <time>2005-09-25T09:43:00-07:00</time>
      </trkpt>
      <trkpt lat="48.89060301706195" lon="-120.76962028630078">
        <time>2005-09-25T09:43:03-07:00</time>
      </trkpt>
      <trkpt lat="48.89064894989133" lon="-120.76963252387941">
        <time>2005-09-25T09:43:07-07:00</time>
      </trkpt>
      <trkpt lat="48.89068113639951" lon="-120.76964442618191">
        <time>2005-09-25T09:43:09-07:00</time>
      </trkpt>
      <trkpt lat="48.89078792184591" lon="-120.7696932926774">
        <time>2005-09-25T09:43:13-07:00</time>
      </trkpt>
      <trkpt lat="48.8907989859581" lon="-120.76969639398158">
        <time>2005-09-25T09:43:14-07:00</time>
      </trkpt>
      <trkpt lat="48.890844164416194" lon="-120.76970636844635">
        <time>2005-09-25T09:43:20-07:00</time>
      </trkpt>
      <trkpt lat="48.890921948477626" lon="-120.76973218470812">
        <time>2005-09-25T09:43:26-07:00</time>
      </trkpt>
      <trkpt lat="48.890961930155754" lon="-120.76973126269877">
        <time>2005-09-25T09:43:31-07:00</time>
      </trkpt>
      <trkpt lat="48.891022028401494" lon="-120.76973226852715">
        <time>2005-09-25T09:43:33-07:00</time>
      </trkpt>
      <trkpt lat="48.89110383577645" lon="-120.76974911615252">
        <time>2005-09-25T09:43:42-07:00</time>
      </trkpt>
      <trkpt lat="48.891140297055244" lon="-120.76974282972515">
        <time>2005-09-25T09:43:45-07:00</time>
      </trkpt>
      <trkpt lat="48.89122495427728" lon="-120.76980519108474">
        <time>2005-09-25T09:43:52-07:00</time>
      </trkpt>
      <trkpt lat="48.891334841027856" lon="-120.76987970620394">
        <time>2005-09-25T09:43:59-07:00</time>
      </trkpt>
      <trkpt lat="48.89143810607493" lon="-120.7699387986213">
        <time>2005-09-25T09:44:08-07:00</time>
      </trkpt>
      <trkpt lat="48.89145134948194" lon="-120.76994315721095">
        <time>2005-09-25T09:44:10-07:00</time>
      </trkpt>
      <trkpt lat="48.89156266115606" lon="-120.76999872922897">
        <time>2005-09-25T09:44:17-07:00</time>
      </trkpt>
      <trkpt lat="48.891660226508975" lon="-120.7700873259455">
        <time>2005-09-25T09:44:26-07:00</time>
      </trkpt>
      <trkpt lat="48.8917834404856" lon="-120.77011976391077">
        <time>2005-09-25T09:44:29-07:00</time>
      </trkpt>
      <trkpt lat="48.89185921289027" lon="-120.77018153853714">
        <time>2005-09-25T09:44:34-07:00</time>
      </trkpt>
      <trkpt lat="48.89196306467056" lon="-120.77019159682095">
        <time>2005-09-25T09:44:43-07:00</time>
      </trkpt>
      <trkpt lat="48.89200136996806" lon="-120.77019293792546">
        <time>2005-09-25T09:44:53-07:00</time>
      </trkpt>
      <trkpt lat="48.89210161752999" lon="-120.77020802535117">
        <time>2005-09-25T09:44:58-07:00</time>
      </trkpt>
      <trkpt lat="48.89217026531696" lon="-120.77027625404298">
        <time>2005-09-25T09:45:05-07:00</time>
      </trkpt>
      <trkpt lat="48.892204044386744" lon="-120.77032805420458">
        <time>2005-09-25T09:45:15-07:00</time>
      </trkpt>
      <trkpt lat="48.89226011931896" lon="-120.77036987990141">
        <time>2005-09-25T09:45:16-07:00</time>
      </trkpt>
      <trkpt lat="48.89233723282814" lon="-120.77041204087436">
        <time>2005-09-25T09:45:26-07:00</time>
      </trkpt>
      <trkpt lat="48.89234762638807" lon="-120.77041748911142">
        <time>2005-09-25T09:45:35-07:00</time>
      </trkpt>
      <trkpt lat="48.89245005324483" lon="-120.77050424180925">
        <time>2005-09-25T09:45:46-07:00</time>
      </trkpt>
      <trkpt lat="48.892463464289904" lon="-120.77051513828337">
        <time>2005-09-25T09:45:48-07:00</time>
      </trkpt>
      <trkpt lat="48.89247737824917" lon="-120.77052561566234">
        <time>2005-09-25T09:45:57-07:00</time>
      </trkpt>
      <trkpt lat="48.89254393056035" lon="-120.77057959511876">
        <time>2005-09-25T09:46:02-07:00</time>
      </trkpt>
      <trkpt lat="48.89257452450693" lon="-120.77060608193278">
        <time>2005-09-25T09:46:10-07:00</time>
      </trkpt>
      <trkpt lat="48.89264199882746" lon="-120.77065151184797">
        <time>2005-09-25T09:46:18-07:00</time>
      </trkpt>
      <trkpt lat="48.89270360581577" lon="-120.77070532366633">
        <time>2005-09-25T09:46:22-07:00</time>
      </trkpt>
      <trkpt lat="48.89273193664849" lon="-120.77074128203094">
        <time>2005-09-25T09:46:24-07:00</time>
      </trkpt>
      <trkpt lat="48.892814833670855" lon="-120.77081671915948">
        <time>2005-09-25T09:46:26-07:00</time>
      </trkpt>
      <trkpt lat="48.89293318614364" lon="-120.77092509716749">
        <time>2005-09-25T09:46:40-07:00</time>
      </trkpt>
      <trkpt lat="48.892957577481866" lon="-120.7709454651922">
        <time>2005-09-25T09:46:44-07:00</time>
      </trkpt>
      <trkpt lat="48.893089005723596" lon="-120.77106356620789">
        <time>2005-09-25T09:46:48-07:00</time>
      </trkpt>
      <trkpt lat="48.89315622858703" lon="-120.77111545018852">
        <time>2005-09-25T09:46:59-07:00</time>
      </trkpt>
      <trkpt lat="48.893194533884525" lon="-120.77113724313676">
        <time>2005-09-25T09:47:07-07:00</time>
      </trkpt>
      <trkpt lat="48.893298050388694" lon="-120.77120396308601">
        <time>2005-09-25T09:47:12-07:00</time>
      </trkpt>
      <trkpt lat="48.8933340087533" lon="-120.77122600749135">
        <time>2005-09-25T09:47:15-07:00</time>
      </trkpt>
      <trkpt lat="48.893391927704215" lon="-120.77127646654844">
        <time>2005-09-25T09:47:23-07:00</time>
      </trkpt>
      <trkpt lat="48.893484799191356" lon="-120.77134125865996">
        <time>2005-09-25T09:47:24-07:00</time>
      </trkpt>
      <trkpt lat="48.89359728433192" lon="-120.7714066375047">
        <time>2005-09-25T09:47:28-07:00</time>
      </trkpt>
      <trkpt lat="48.89368110336363" lon="-120.77145743183792">
        <time>2005-09-25T09:47:34-07:00</time>
      </trkpt>
      <trkpt lat="48.8937589712441" lon="-120.77152306213975">
        <time>2005-09-25T09:47:37-07:00</time>
      </trkpt>
      <trkpt lat="48.893769197165966" lon="-120.77153437770903">
        <time>2005-09-25T09:47:42-07:00</time>
      </trkpt>
      <trkpt lat="48.8938660081476" lon="-120.77158936299384">
        <time>2005-09-25T09:47:49-07:00</time>
      </trkpt>
      <trkpt lat="48.89395862817764" lon="-120.77164493501186">
        <time>2005-09-25T09:47:52-07:00</time>
      </trkpt>
      <trkpt lat="48.89404437504709" lon="-120.77168927527964">
        <time>2005-09-25T09:48:00-07:00</time>
      </trkpt>
      <trkpt lat="48.89415736310184" lon="-120.77173554338515">
        <time>2005-09-25T09:48:10-07:00</time>
      </trkpt>
      <trkpt lat="48.89429792761803" lon="-120.77178231440485">
        <time>2005-09-25T09:48:20-07:00</time>
      </trkpt>
      <trkpt lat="48.89440605416894" lon="-120.77180452644825">
        <time>2005-09-25T09:48:21-07:00</time>
      </trkpt>
      <trkpt lat="48.89447880908847" lon="-120.77182053588331">
        <time>2005-09-25T09:48:30-07:00</time>
      </trkpt>
      <trkpt lat="48.89457226730883" lon="-120.77181936241686">
        <time>2005-09-25T09:48:40-07:00</time>
      </trkpt>
      <trkpt lat="48.89458240941167" lon="-120.77182187698781">
        <time>2005-09-25T09:48:50-07:00</time>
      </trkpt>
      <trkpt lat="48.89466245658696" lon="-120.77180695720017">
        <time>2005-09-25T09:48:57-07:00</time>
      </trkpt>
      <trkpt lat="48.89474627561867" lon="-120.77180762775242">
        <time>2005-09-25T09:49:06-07:00</time>
      </trkpt>
      <trkpt lat="48.89484937302768" lon="-120.77179924584925">
        <time>2005-09-25T09:49:09-07:00</time>
      </trkpt>
      <trkpt lat="48.89487703330815" lon="-120.77179689891636">
        <time>2005-09-25T09:49:16-07:00</time>
      </trkpt>
      <trkpt lat="48.89500309713185" lon="-120.77181441709399">
        <time>2005-09-25T09:49:24-07:00</time>
      </trkpt>
      <trkpt lat="48.895100662484765" lon="-120.77180796302855">
        <time>2005-09-25T09:49:28-07:00</time>
      </trkpt>
      <trkpt lat="48.89515506103635" lon="-120.77181969769299">
        <time>2005-09-25T09:49:33-07:00</time>
      </trkpt>
      <trkpt lat="48.895171489566565" lon="-120.77181802131236">
        <time>2005-09-25T09:49:39-07:00</time>
      </trkpt>
      <trkpt lat="48.89525983482599" lon="-120.77181609347463">
        <time>2005-09-25T09:49:40-07:00</time>
      </trkpt>
      <trkpt lat="48.89536385424435" lon="-120.77180477790534">
        <time>2005-09-25T09:49:49-07:00</time>
      </trkpt>
      <trkpt lat="48.89546686783433" lon="-120.77180620282888">
        <time>2005-09-25T09:49:50-07:00</time>
      </trkpt>
      <trkpt lat="48.8955978769809" lon="-120.77180561609566">
        <time>2005-09-25T09:49:51-07:00</time>
      </trkpt>
      <trkpt lat="48.8957049138844" lon="-120.77183520421386">
        <time>2005-09-25T09:49:57-07:00</time>
      </trkpt>
      <trkpt lat="48.895718241110444" lon="-120.77183771878481">
        <time>2005-09-25T09:50:00-07:00</time>
      </trkpt>
      <trkpt lat="48.895799880847335" lon="-120.7718416582793">
        <time>2005-09-25T09:50:06-07:00</time>
      </trkpt>
      <trkpt lat="48.89583919197321" lon="-120.7718538120389">
        <time>2005-09-25T09:50:12-07:00</time>
      </trkpt>
      <trkpt lat="48.89593692496419" lon="-120.77186806127429">
        <time>2005-09-25T09:50:15-07:00</time>
      </trkpt>
      <trkpt lat="48.89596324414015" lon="-120.77186630107462">
        <time>2005-09-25T09:50:23-07:00</time>
      </trkpt>
      <trkpt lat="48.89601621776819" lon="-120.77185523696244">
        <time>2005-09-25T09:50:34-07:00</time>
      </trkpt>
      <trkpt lat="48.89606659300625" lon="-120.77180553227663">
        <time>2005-09-25T09:50:36-07:00</time>
      </trkpt>
      <trkpt lat="48.89608897268772" lon="-120.77179547399282">
        <time>2005-09-25T09:50:48-07:00</time>
      </trkpt>
      <trkpt lat="48.89614311978221" lon="-120.77182028442621">
        <time>2005-09-25T09:50:54-07:00</time>
      </trkpt>
      <trkpt lat="48.89620958827436" lon="-120.77185682952404">
        <time>2005-09-25T09:50:57-07:00</time>
      </trkpt>
      <trkpt lat="48.89627262018621" lon="-120.77185666188598">
        <time>2005-09-25T09:51:05-07:00</time>
      </trkpt>
      <trkpt lat="48.89628586359322" lon="-120.77185649424791">
        <time>2005-09-25T09:51:08-07:00</time>
      </trkpt>
      <trkpt lat="48.89639105647802" lon="-120.77188733965158">
        <time>2005-09-25T09:51:14-07:00</time>
      </trkpt>
      <trkpt lat="48.89648728072643" lon="-120.77183118090034">
        <time>2005-09-25T09:51:22-07:00</time>
      </trkpt>
      <trkpt lat="48.89655953273177" lon="-120.77188080176711">
        <time>2005-09-25T09:51:31-07:00</time>
      </trkpt>
      <trkpt lat="48.896638406440616" lon="-120.77200669795275">
        <time>2005-09-25T09:51:38-07:00</time>
      </trkpt>
      <trkpt lat="48.896731697022915" lon="-120.7721249666065">
        <time>2005-09-25T09:51:45-07:00</time>
      </trkpt>
      <trkpt lat="48.89676229096949" lon="-120.77218213118613">
        <time>2005-09-25T09:51:46-07:00</time>
      </trkpt>
      <trkpt lat="48.896810822188854" lon="-120.77226469293237">
        <time>2005-09-25T09:51:54-07:00</time>
      </trkpt>
      <trkpt lat="48.89683227986097" lon="-120.7723065186292">
        <time>2005-09-25T09:52:02-07:00</time>
      </trkpt>
      <trkpt lat="48.89688483439386" lon="-120.77239343896508">
        <time>2005-09-25T09:52:09-07:00</time>
      </trkpt>
      <trkpt lat="48.89689606614411" lon="-120.77240207232535">
        <time>2005-09-25T09:52:18-07:00</time>
      </trkpt>
      <trkpt lat="48.896946692839265" lon="-120.77245420776308">
        <time>2005-09-25T09:52:30-07:00</time>
      </trkpt>
      <trkpt lat="48.89697787351906" lon="-120.7724907528609">
        <time>2005-09-25T09:52:38-07:00</time>
      </trkpt>
      <trkpt lat="48.89698784798384" lon="-120.77250751666725">
        <time>2005-09-25T09:52:44-07:00</time>
      </trkpt>
      <trkpt lat="48.89704953879118" lon="-120.77258312143385">
        <time>2005-09-25T09:52:51-07:00</time>
      </trkpt>
      <trkpt lat="48.89709287323058" lon="-120.7726329099387">
        <time>2005-09-25T09:52:52-07:00</time>
      </trkpt>
      <trkpt lat="48.897133860737085" lon="-120.77268093824387">
        <time>2005-09-25T09:52:58-07:00</time>
      </trkpt>
      <trkpt lat="48.8971693161875" lon="-120.77270734123886">
        <time>2005-09-25T09:53:05-07:00</time>
      </trkpt>
      <trkpt lat="48.897215500473976" lon="-120.77274011448026">
        <time>2005-09-25T09:53:13-07:00</time>
      </trkpt>
      <trkpt lat="48.89728607609868" lon="-120.7727946806699">
        <time>2005-09-25T09:53:15-07:00</time>
      </trkpt>
      <trkpt lat="48.89734650962055" lon="-120.7728348299861">
        <time>2005-09-25T09:53:25-07:00</time>
      </trkpt>
      <trkpt lat="48.897396298125386" lon="-120.77287095598876">
        <time>2005-09-25T09:53:33-07:00</time>
      </trkpt>
      <trkpt lat="48.89743854291737" lon="-120.77289710752666">
        <time>2005-09-25T09:53:38-07:00</time>
      </trkpt>
      <trkpt lat="48.89749453403056" lon="-120.77292711474001">
        <time>2005-09-25T09:53:39-07:00</time>
      </trkpt>
      <trkpt lat="48.8975200150162" lon="-120.77293951995671">
        <time>2005-09-25T09:53:46-07:00</time>
      </trkpt>
      <trkpt lat="48.89758707024157" lon="-120.77296575531363">
        <time>2005-09-25T09:53:54-07:00</time>
      </trkpt>
      <trkpt lat="48.89761825092137" lon="-120.77295276336372">
        <time>2005-09-25T09:54:03-07:00</time>
      </trkpt>
      <trkpt lat="48.8977132178843" lon="-120.77291060239077">
        <time>2005-09-25T09:54:13-07:00</time>
      </trkpt>
      <trkpt lat="48.89774129725993" lon="-120.77286852523685">
        <time>2005-09-25T09:54:21-07:00</time>
      </trkpt>
      <trkpt lat="48.897836934775114" lon="-120.77278026379645">
        <time>2005-09-25T09:54:22-07:00</time>
      </trkpt>
      <trkpt lat="48.89787012711167" lon="-120.77275821939111">
        <time>2005-09-25T09:54:29-07:00</time>
      </trkpt>
      <trkpt lat="48.897943971678615" lon="-120.77270868234336">
        <time>2005-09-25T09:54:32-07:00</time>
      </trkpt>
      <trkpt lat="48.89799325726926" lon="-120.77264757826924">
        <time>2005-09-25T09:54:39-07:00</time>
      </trkpt>
      <trkpt lat="48.89806458726525" lon="-120.7725739851594">
        <time>2005-09-25T09:54:41-07:00</time>
      </trkpt>
      <trkpt lat="48.898073974996805" lon="-120.7725827023387">
        <time>2005-09-25T09:54:45-07:00</time>
      </trkpt>
      <trkpt lat="48.8981899805367" lon="-120.77265294268727">
        <time>2005-09-25T09:54:50-07:00</time>
      </trkpt>
      <trkpt lat="48.898313865065575" lon="-120.7726514339447">
        <time>2005-09-25T09:54:52-07:00</time>
      </trkpt>
      <trkpt lat="48.89841151423752" lon="-120.77262545004487">
        <time>2005-09-25T09:54:56-07:00</time>
      </trkpt>
      <trkpt lat="48.89850681647658" lon="-120.77262016944587">
        <time>2005-09-25T09:55:01-07:00</time>
      </trkpt>
      <trkpt lat="48.89860681258142" lon="-120.77265051193535">
        <time>2005-09-25T09:55:06-07:00</time>
      </trkpt>
      <trkpt lat="48.89869976788759" lon="-120.77267498709261">
        <time>2005-09-25T09:55:07-07:00</time>
      </trkpt>
      <trkpt lat="48.89880579896271" lon="-120.77271052636206">
        <time>2005-09-25T09:55:16-07:00</time>
      </trkpt>
      <trkpt lat="48.898906549438834" lon="-120.77274715527892">
        <time>2005-09-25T09:55:24-07:00</time>
      </trkpt>
      <trkpt lat="48.89897997491062" lon="-120.77277733013034">
        <time>2005-09-25T09:55:31-07:00</time>
      </trkpt>
      <trkpt lat="48.89910729601979" lon="-120.77285947278142">
        <time>2005-09-25T09:55:40-07:00</time>
      </trkpt>
      <trkpt lat="48.899127496406436" lon="-120.7728779129684">
        <time>2005-09-25T09:55:49-07:00</time>
      </trkpt>
      <trkpt lat="48.8992037717253" lon="-120.77294597402215">
        <time>2005-09-25T09:55:53-07:00</time>
      </trkpt>
      <trkpt lat="48.89930603094399" lon="-120.77306809835136">
        <time>2005-09-25T09:55:59-07:00</time>
      </trkpt>
      <trkpt lat="48.899410888552666" lon="-120.77314043417573">
        <time>2005-09-25T09:56:02-07:00</time>
      </trkpt>
      <trkpt lat="48.8995370361954" lon="-120.77318251132965">
        <time>2005-09-25T09:56:09-07:00</time>
      </trkpt>
      <trkpt lat="48.899594619870186" lon="-120.77319106087089">
        <time>2005-09-25T09:56:10-07:00</time>
      </trkpt>
      <trkpt lat="48.89963937923312" lon="-120.77320438809693">
        <time>2005-09-25T09:56:15-07:00</time>
      </trkpt>
      <trkpt lat="48.89974867925048" lon="-120.7732492312789">
        <time>2005-09-25T09:56:18-07:00</time>
      </trkpt>
      <trkpt lat="48.899795869365335" lon="-120.77328284271061">
        <time>2005-09-25T09:56:19-07:00</time>
      </trkpt>
      <trkpt lat="48.89989888295531" lon="-120.77336959540844">
        <time>2005-09-25T09:56:24-07:00</time>
      </trkpt>
      <trkpt lat="48.899920005351305" lon="-120.77338552102447">
        <time>2005-09-25T09:56:28-07:00</time>
      </trkpt>
      <trkpt lat="48.90001597814262" lon="-120.77346590347588">
        <time>2005-09-25T09:56:32-07:00</time>
      </trkpt>
      <trkpt lat="48.90004590153694" lon="-120.77350093983114">
        <time>2005-09-25T09:56:35-07:00</time>
      </trkpt>
      <trkpt lat="48.90011563897133" lon="-120.77357478439808">
        <time>2005-09-25T09:56:39-07:00</time>
      </trkpt>
      <trkpt lat="48.900205409154296" lon="-120.77373035252094">
        <time>2005-09-25T09:56:45-07:00</time>
      </trkpt>
      <trkpt lat="48.900270285084844" lon="-120.77392824925482">
        <time>2005-09-25T09:56:51-07:00</time>
      </trkpt>
      <trkpt lat="48.900314876809716" lon="-120.77406705357134">
        <time>2005-09-25T09:56:55-07:00</time>
      </trkpt>
      <trkpt lat="48.90032091178" lon="-120.77408105134964">
        <time>2005-09-25T09:56:58-07:00</time>
      </trkpt>
      <trkpt lat="48.90038427896798" lon="-120.77418020926416">
        <time>2005-09-25T09:57:03-07:00</time>
      </trkpt>
      <trkpt lat="48.90049131587148" lon="-120.77420988120139">
        <time>2005-09-25T09:57:05-07:00</time>
      </trkpt>
      <trkpt lat="48.9005989395082" lon="-120.7741848193109">
        <time>2005-09-25T09:57:11-07:00</time>
      </trkpt>
      <trkpt lat="48.90072542242706" lon="-120.77418733388186">
        <time>2005-09-25T09:57:13-07:00</time>
      </trkpt>
      <trkpt lat="48.900811756029725" lon="-120.77419043518603">
        <time>2005-09-25T09:57:20-07:00</time>
      </trkpt>
      <trkpt lat="48.90087939798832" lon="-120.77424701303244">
        <time>2005-09-25T09:57:23-07:00</time>
      </trkpt>
      <trkpt lat="48.90087931416929" lon="-120.77426679432392">
        <time>2005-09-25T09:57:32-07:00</time>
      </trkpt>
      <trkpt lat="48.90087830834091" lon="-120.77440911903977">
        <time>2005-09-25T09:57:35-07:00</time>
      </trkpt>
      <trkpt lat="48.900876715779305" lon="-120.77442311681807">
        <time>2005-09-25T09:57:41-07:00</time>
      </trkpt>
      <trkpt lat="48.9008925575763" lon="-120.77452872879803">
        <time>2005-09-25T09:57:46-07:00</time>
      </trkpt>
      <trkpt lat="48.90093086287379" lon="-120.77464079484344">
        <time>2005-09-25T09:57:53-07:00</time>
      </trkpt>
      <trkpt lat="48.90094058588147" lon="-120.77468320727348">
        <time>2005-09-25T09:57:54-07:00</time>
      </trkpt>
      <trkpt lat="48.900958271697164" lon="-120.77476794831455">
        <time>2005-09-25T09:58:04-07:00</time>
      </trkpt>
      <trkpt lat="48.901017531752586" lon="-120.77490373514593">
        <time>2005-09-25T09:58:13-07:00</time>
      </trkpt>
      <trkpt lat="48.901056507602334" lon="-120.77496031299233">
        <time>2005-09-25T09:58:21-07:00</time>
      </trkpt>
      <trkpt lat="48.901090202853084" lon="-120.77499124221504">
        <time>2005-09-25T09:58:28-07:00</time>
      </trkpt>
      <trkpt lat="48.90111937187612" lon="-120.77502678148448">
        <time>2005-09-25T09:58:36-07:00</time>
      </trkpt>
      <trkpt lat="48.90119036659598" lon="-120.77510062605143">
        <time>2005-09-25T09:58:44-07:00</time>
      </trkpt>
      <trkpt lat="48.90122037380934" lon="-120.77511730603874">
        <time>2005-09-25T09:58:53-07:00</time>
      </trkpt>
      <trkpt lat="48.90127628110349" lon="-120.77513792552054">
        <time>2005-09-25T09:59:01-07:00</time>
      </trkpt>
      <trkpt lat="48.901383904740214" lon="-120.77518939040601">
        <time>2005-09-25T09:59:07-07:00</time>
      </trkpt>
      <trkpt lat="48.90145632438362" lon="-120.77522970736027">
        <time>2005-09-25T09:59:18-07:00</time>
      </trkpt>
      <trkpt lat="48.90147308818996" lon="-120.77524772845209">
        <time>2005-09-25T09:59:20-07:00</time>
      </trkpt>
      <trkpt lat="48.901573587208986" lon="-120.77525342814624">
        <time>2005-09-25T09:59:27-07:00</time>
      </trkpt>
      <trkpt lat="48.90169411897659" lon="-120.77521663159132">
        <time>2005-09-25T09:59:37-07:00</time>
      </trkpt>
      <trkpt lat="48.90175949782133" lon="-120.7752591278404">
        <time>2005-09-25T09:59:47-07:00</time>
      </trkpt>
      <trkpt lat="48.90176058746874" lon="-120.77529634349048">
        <time>2005-09-25T09:59:57-07:00</time>
      </trkpt>
      <trkpt lat="48.90176930464804" lon="-120.77538393437862">
        <time>2005-09-25T10:00:02-07:00</time>
      </trkpt>
      <trkpt lat="48.90178883448243" lon="-120.7754869479686">
        <time>2005-09-25T10:00:05-07:00</time>
      </trkpt>
      <trkpt lat="48.90180392190814" lon="-120.77553489245474">
        <time>2005-09-25T10:00:14-07:00</time>
      </trkpt>
      <trkpt lat="48.9018283970654" lon="-120.77559809200466">
        <time>2005-09-25T10:00:18-07:00</time>
      </trkpt>
      <trkpt lat="48.901840299367905" lon="-120.77562457881868">
        <time>2005-09-25T10:00:28-07:00</time>
      </trkpt>
      <trkpt lat="48.90185555443168" lon="-120.77565810643137">
        <time>2005-09-25T10:00:30-07:00</time>
      </trkpt>
      <trkpt lat="48.901862846687436" lon="-120.77567889355123">
        <time>2005-09-25T10:00:39-07:00</time>
      </trkpt>
      <trkpt lat="48.9019113779068" lon="-120.77575315721333">
        <time>2005-09-25T10:00:42-07:00</time>
      </trkpt>
      <trkpt lat="48.90197843313217" lon="-120.77583731152117">
        <time>2005-09-25T10:00:49-07:00</time>
      </trkpt>
      <trkpt lat="48.90201112255454" lon="-120.77587209641933">
        <time>2005-09-25T10:01:01-07:00</time>
      </trkpt>
      <trkpt lat="48.90205688774586" lon="-120.77590302564204">
        <time>2005-09-25T10:01:12-07:00</time>
      </trkpt>
      <trkpt lat="48.9021013956517" lon="-120.77593831345439">
        <time>2005-09-25T10:01:21-07:00</time>
      </trkpt>
      <trkpt lat="48.90220231376588" lon="-120.77601777389646">
        <time>2005-09-25T10:01:22-07:00</time>
      </trkpt>
      <trkpt lat="48.90223793685436" lon="-120.7760432548821">
        <time>2005-09-25T10:01:31-07:00</time>
      </trkpt>
      <trkpt lat="48.902307506650686" lon="-120.77610385604203">
        <time>2005-09-25T10:01:41-07:00</time>
      </trkpt>
      <trkpt lat="48.90239040367305" lon="-120.77617225237191">
        <time>2005-09-25T10:01:50-07:00</time>
      </trkpt>
      <trkpt lat="48.90249274671078" lon="-120.77622966840863">
        <time>2005-09-25T10:02:00-07:00</time>
      </trkpt>
      <trkpt lat="48.90256851911545" lon="-120.77632664702833">
        <time>2005-09-25T10:02:07-07:00</time>
      </trkpt>
      <trkpt lat="48.90263171866536" lon="-120.77643427066505">
        <time>2005-09-25T10:02:13-07:00</time>
      </trkpt>
      <trkpt lat="48.90264127403498" lon="-120.77644131146371">
        <time>2005-09-25T10:02:14-07:00</time>
      </trkpt>
      <trkpt lat="48.90273540280759" lon="-120.77650375664234">
        <time>2005-09-25T10:02:21-07:00</time>
      </trkpt>
      <trkpt lat="48.90283020213246" lon="-120.77651725150645">
        <time>2005-09-25T10:02:22-07:00</time>
      </trkpt>
      <trkpt lat="48.90298107638955" lon="-120.77652529813349">
        <time>2005-09-25T10:02:29-07:00</time>
      </trkpt>
      <trkpt lat="48.90306456014514" lon="-120.77653870917857">
        <time>2005-09-25T10:02:36-07:00</time>
      </trkpt>
      <trkpt lat="48.903101021423936" lon="-120.77654516324401">
        <time>2005-09-25T10:02:39-07:00</time>
      </trkpt>
      <trkpt lat="48.903203532099724" lon="-120.77657173387706">
        <time>2005-09-25T10:02:43-07:00</time>
      </trkpt>
      <trkpt lat="48.9032912068069" lon="-120.77656343579292">
        <time>2005-09-25T10:02:52-07:00</time>
      </trkpt>
      <trkpt lat="48.90332699753344" lon="-120.77655329369009">
        <time>2005-09-25T10:02:56-07:00</time>
      </trkpt>
      <trkpt lat="48.903464963659644" lon="-120.77650157734752">
        <time>2005-09-25T10:02:59-07:00</time>
      </trkpt>
      <trkpt lat="48.903499748557806" lon="-120.77648950740695">
        <time>2005-09-25T10:03:02-07:00</time>
      </trkpt>
      <trkpt lat="48.903608126565814" lon="-120.77644927427173">
        <time>2005-09-25T10:03:09-07:00</time>
      </trkpt>
      <trkpt lat="48.90373393893242" lon="-120.77643854543567">
        <time>2005-09-25T10:03:12-07:00</time>
      </trkpt>
      <trkpt lat="48.90374483540654" lon="-120.77643619850278">
        <time>2005-09-25T10:03:17-07:00</time>
      </trkpt>
      <trkpt lat="48.903832510113716" lon="-120.77643100172281">
        <time>2005-09-25T10:03:26-07:00</time>
      </trkpt>
      <trkpt lat="48.90385338105261" lon="-120.77643292956054">
        <time>2005-09-25T10:03:33-07:00</time>
      </trkpt>
      <trkpt lat="48.903919933363795" lon="-120.77643812634051">
        <time>2005-09-25T10:03:35-07:00</time>
      </trkpt>
      <trkpt lat="48.90393150039017" lon="-120.77643561176956">
        <time>2005-09-25T10:03:44-07:00</time>
      </trkpt>
      <trkpt lat="48.903995202854276" lon="-120.77642052434385">
        <time>2005-09-25T10:03:53-07:00</time>
      </trkpt>
      <trkpt lat="48.904032250866294" lon="-120.77641381882131">
        <time>2005-09-25T10:04:00-07:00</time>
      </trkpt>
      <trkpt lat="48.90411674045026" lon="-120.7763939537108">
        <time>2005-09-25T10:04:02-07:00</time>
      </trkpt>
      <trkpt lat="48.90415311791003" lon="-120.77638456597924">
        <time>2005-09-25T10:04:07-07:00</time>
      </trkpt>
      <trkpt lat="48.90421816147864" lon="-120.77635422348976">
        <time>2005-09-25T10:04:13-07:00</time>
      </trkpt>
      <trkpt lat="48.904239451512694" lon="-120.77633888460696">
        <time>2005-09-25T10:04:16-07:00</time>
      </trkpt>
      <trkpt lat="48.90432125888765" lon="-120.7762766070664">
        <time>2005-09-25T10:04:20-07:00</time>
      </trkpt>
      <trkpt lat="48.90434673987329" lon="-120.77626797370613">
        <time>2005-09-25T10:04:22-07:00</time>
      </trkpt>
      <trkpt lat="48.90443810261786" lon="-120.77630485408008">
        <time>2005-09-25T10:04:25-07:00</time>
      </trkpt>
      <trkpt lat="48.904548240825534" lon="-120.77632161788642">
        <time>2005-09-25T10:04:27-07:00</time>
      </trkpt>
      <trkpt lat="48.90457447618246" lon="-120.77632304280996">
        <time>2005-09-25T10:04:34-07:00</time>
      </trkpt>
      <trkpt lat="48.90469375066459" lon="-120.77627015300095">
        <time>2005-09-25T10:04:42-07:00</time>
      </trkpt>
      <trkpt lat="48.9047297090292" lon="-120.77628540806472">
        <time>2005-09-25T10:04:45-07:00</time>
      </trkpt>
      <trkpt lat="48.90476952306926" lon="-120.7763162534684">
        <time>2005-09-25T10:04:49-07:00</time>
      </trkpt>
      <trkpt lat="48.90484563075006" lon="-120.77637660317123">
        <time>2005-09-25T10:04:53-07:00</time>
      </trkpt>
      <trkpt lat="48.904863987118006" lon="-120.77638288959861">
        <time>2005-09-25T10:05:02-07:00</time>
      </trkpt>
      <trkpt lat="48.90493741258979" lon="-120.77648825012147">
        <time>2005-09-25T10:05:06-07:00</time>
      </trkpt>
      <trkpt lat="48.905028104782104" lon="-120.77659989707172">
        <time>2005-09-25T10:05:12-07:00</time>
      </trkpt>
      <trkpt lat="48.90510513447225" lon="-120.77678505331278">
        <time>2005-09-25T10:05:20-07:00</time>
      </trkpt>
      <trkpt lat="48.90516422688961" lon="-120.77694908715785">
        <time>2005-09-25T10:05:29-07:00</time>
      </trkpt>
      <trkpt lat="48.905253829434514" lon="-120.77710113488138">
        <time>2005-09-25T10:05:37-07:00</time>
      </trkpt>
      <trkpt lat="48.905313257128" lon="-120.77716458588839">
        <time>2005-09-25T10:05:45-07:00</time>
      </trkpt>
      <trkpt lat="48.905363883823156" lon="-120.7771963533014">
        <time>2005-09-25T10:05:46-07:00</time>
      </trkpt>
      <trkpt lat="48.90546429902315" lon="-120.77727723866701">
        <time>2005-09-25T10:05:54-07:00</time>
      </trkpt>
      <trkpt lat="48.90547494404018" lon="-120.7772862073034">
        <time>2005-09-25T10:06:02-07:00</time>
      </trkpt>
      <trkpt lat="48.90553671866655" lon="-120.77733976766467">
        <time>2005-09-25T10:06:14-07:00</time>
      </trkpt>
      <trkpt lat="48.90556639060378" lon="-120.7773744687438">
        <time>2005-09-25T10:06:21-07:00</time>
      </trkpt>
      <trkpt lat="48.905644258484244" lon="-120.77742551453412">
        <time>2005-09-25T10:06:24-07:00</time>
      </trkpt>
      <trkpt lat="48.905666721984744" lon="-120.77744479291141">
        <time>2005-09-25T10:06:33-07:00</time>
      </trkpt>
      <trkpt lat="48.90567728318274" lon="-120.7774558570236">
        <time>2005-09-25T10:06:40-07:00</time>
      </trkpt>
      <trkpt lat="48.90578281134367" lon="-120.77756440266967">
        <time>2005-09-25T10:06:43-07:00</time>
      </trkpt>
      <trkpt lat="48.905845591798425" lon="-120.77763254754245">
        <time>2005-09-25T10:06:55-07:00</time>
      </trkpt>
      <trkpt lat="48.90585204586387" lon="-120.77764738351107">
        <time>2005-09-25T10:06:58-07:00</time>
      </trkpt>
      <trkpt lat="48.90592463314533" lon="-120.77777646481991">
        <time>2005-09-25T10:07:07-07:00</time>
      </trkpt>
      <trkpt lat="48.90594307333231" lon="-120.77780253253877">
        <time>2005-09-25T10:07:18-07:00</time>
      </trkpt>
      <trkpt lat="48.90603560954332" lon="-120.77791929244995">
        <time>2005-09-25T10:07:19-07:00</time>
      </trkpt>
      <trkpt lat="48.906130911782384" lon="-120.77803362160921">
        <time>2005-09-25T10:07:27-07:00</time>
      </trkpt>
      <trkpt lat="48.90624423511326" lon="-120.77811199240386">
        <time>2005-09-25T10:07:29-07:00</time>
      </trkpt>
      <trkpt lat="48.90633149072528" lon="-120.77816253527999">
        <time>2005-09-25T10:07:35-07:00</time>
      </trkpt>
      <trkpt lat="48.90634473413229" lon="-120.77817091718316">
        <time>2005-09-25T10:07:36-07:00</time>
      </trkpt>
      <trkpt lat="48.90642059035599" lon="-120.77822833321989">
        <time>2005-09-25T10:07:42-07:00</time>
      </trkpt>
      <trkpt lat="48.90645990148187" lon="-120.77825205400586">
        <time>2005-09-25T10:07:48-07:00</time>
      </trkpt>
      <trkpt lat="48.906469624489546" lon="-120.77825607731938">
        <time>2005-09-25T10:07:54-07:00</time>
      </trkpt>
      <trkpt lat="48.90648311935365" lon="-120.77823914587498">
        <time>2005-09-25T10:07:57-07:00</time>
      </trkpt>
      <trkpt lat="48.90649292618036" lon="-120.77822280116379">
        <time>2005-09-25T10:08:03-07:00</time>
      </trkpt>
      <trkpt lat="48.90649921260774" lon="-120.77821006067097">
        <time>2005-09-25T10:08:05-07:00</time>
      </trkpt>
      <trkpt lat="48.906515557318926" lon="-120.77817544341087">
        <time>2005-09-25T10:08:13-07:00</time>
      </trkpt>
      <trkpt lat="48.90652469359338" lon="-120.77814728021622">
        <time>2005-09-25T10:08:15-07:00</time>
      </trkpt>
      <trkpt lat="48.90652494505048" lon="-120.7781292591244">
        <time>2005-09-25T10:08:23-07:00</time>
      </trkpt>
      <trkpt lat="48.90652167610824" lon="-120.77803160995245">
        <time>2005-09-25T10:08:32-07:00</time>
      </trkpt>
      <trkpt lat="48.906525280326605" lon="-120.7780000101775">
        <time>2005-09-25T10:08:34-07:00</time>
      </trkpt>
      <trkpt lat="48.9065411221236" lon="-120.77790043316782">
        <time>2005-09-25T10:08:43-07:00</time>
      </trkpt>
      <trkpt lat="48.90655252151191" lon="-120.77778258360922">
        <time>2005-09-25T10:08:46-07:00</time>
      </trkpt>
      <trkpt lat="48.90655227005482" lon="-120.77776355668902">
        <time>2005-09-25T10:08:50-07:00</time>
      </trkpt>
      <trkpt lat="48.90653684735298" lon="-120.77757253311574">
        <time>2005-09-25T10:08:58-07:00</time>
      </trkpt>
      <trkpt lat="48.90650449320674" lon="-120.77740170992911">
        <time>2005-09-25T10:09:00-07:00</time>
      </trkpt>
      <trkpt lat="48.90647582709789" lon="-120.77721135690808">
        <time>2005-09-25T10:09:08-07:00</time>
      </trkpt>
      <trkpt lat="48.90646015293896" lon="-120.77699158340693">
        <time>2005-09-25T10:09:17-07:00</time>
      </trkpt>
      <trkpt lat="48.9064393658191" lon="-120.77682134695351">
        <time>2005-09-25T10:09:28-07:00</time>
      </trkpt>
      <trkpt lat="48.906438862904906" lon="-120.77680240385234">
        <time>2005-09-25T10:09:37-07:00</time>
      </trkpt>
      <trkpt lat="48.906433833763" lon="-120.77666477300227">
        <time>2005-09-25T10:09:48-07:00</time>
      </trkpt>
      <trkpt lat="48.90643090009689" lon="-120.77664725482464">
        <time>2005-09-25T10:09:53-07:00</time>
      </trkpt>
      <trkpt lat="48.90641639940441" lon="-120.77651490457356">
        <time>2005-09-25T10:09:58-07:00</time>
      </trkpt>
      <trkpt lat="48.906421680003405" lon="-120.77645271085203">
        <time>2005-09-25T10:10:08-07:00</time>
      </trkpt>
      <trkpt lat="48.90642251819372" lon="-120.77643393538892">
        <time>2005-09-25T10:10:09-07:00</time>
      </trkpt>
      <trkpt lat="48.906426625326276" lon="-120.77628239057958">
        <time>2005-09-25T10:10:15-07:00</time>
      </trkpt>
      <trkpt lat="48.90642679296434" lon="-120.77626512385905">
        <time>2005-09-25T10:10:18-07:00</time>
      </trkpt>
      <trkpt lat="48.90643274411559" lon="-120.77613713219762">
        <time>2005-09-25T10:10:25-07:00</time>
      </trkpt>
      <trkpt lat="48.90645554289222" lon="-120.7759827375412">
        <time>2005-09-25T10:10:27-07:00</time>
      </trkpt>
      <trkpt lat="48.90647524036467" lon="-120.77586304396391">
        <time>2005-09-25T10:10:28-07:00</time>
      </trkpt>
      <trkpt lat="48.90651874244213" lon="-120.77565190382302">
        <time>2005-09-25T10:10:38-07:00</time>
      </trkpt>
      <trkpt lat="48.906554616987705" lon="-120.77551779337227">
        <time>2005-09-25T10:10:45-07:00</time>
      </trkpt>
      <trkpt lat="48.906561406329274" lon="-120.77549960464239">
        <time>2005-09-25T10:10:46-07:00</time>
      </trkpt>
      <trkpt lat="48.90659627504647" lon="-120.77540539205074">
        <time>2005-09-25T10:10:56-07:00</time>
      </trkpt>
      <trkpt lat="48.906609853729606" lon="-120.77535308897495">
        <time>2005-09-25T10:10:58-07:00</time>
      </trkpt>
      <trkpt lat="48.906666012480855" lon="-120.77526667155325">
        <time>2005-09-25T10:11:08-07:00</time>
      </trkpt>
      <trkpt lat="48.906684536486864" lon="-120.77524680644274">
        <time>2005-09-25T10:11:17-07:00</time>
      </trkpt>
      <trkpt lat="48.90673038549721" lon="-120.77518536709249">
        <time>2005-09-25T10:11:27-07:00</time>
      </trkpt>
      <trkpt lat="48.906763242557645" lon="-120.7751502469182">
        <time>2005-09-25T10:11:34-07:00</time>
      </trkpt>
      <trkpt lat="48.90677145682275" lon="-120.77513750642538">
        <time>2005-09-25T10:11:35-07:00</time>
      </trkpt>
      <trkpt lat="48.90679920092225" lon="-120.7750778272748">
        <time>2005-09-25T10:11:42-07:00</time>
      </trkpt>
      <trkpt lat="48.90685200691223" lon="-120.77499819919467">
        <time>2005-09-25T10:11:47-07:00</time>
      </trkpt>
      <trkpt lat="48.90695602633059" lon="-120.7749018073082">
        <time>2005-09-25T10:11:49-07:00</time>
      </trkpt>
      <trkpt lat="48.907016878947616" lon="-120.77484883368015">
        <time>2005-09-25T10:11:52-07:00</time>
      </trkpt>
      <trkpt lat="48.907070104032755" lon="-120.7748122047633">
        <time>2005-09-25T10:11:54-07:00</time>
      </trkpt>
      <trkpt lat="48.90716741792858" lon="-120.77473157085478">
        <time>2005-09-25T10:11:57-07:00</time>
      </trkpt>
      <trkpt lat="48.90725207515061" lon="-120.77465797774494">
        <time>2005-09-25T10:12:02-07:00</time>
      </trkpt>
      <trkpt lat="48.90730555169284" lon="-120.77461816370487">
        <time>2005-09-25T10:12:04-07:00</time>
      </trkpt>
      <trkpt lat="48.907390628010035" lon="-120.77455027028918">
        <time>2005-09-25T10:12:05-07:00</time>
      </trkpt>
      <trkpt lat="48.907403284683824" lon="-120.77454322949052">
        <time>2005-09-25T10:12:12-07:00</time>
      </trkpt>
      <trkpt lat="48.907489785924554" lon="-120.77446728944778">
        <time>2005-09-25T10:12:14-07:00</time>
      </trkpt>
      <trkpt lat="48.90752046369016" lon="-120.77443937771022">
        <time>2005-09-25T10:12:19-07:00</time>
      </trkpt>
      <trkpt lat="48.907589530572295" lon="-120.77436972409487">
        <time>2005-09-25T10:12:25-07:00</time>
      </trkpt>
      <trkpt lat="48.907597828656435" lon="-120.77435991726816">
        <time>2005-09-25T10:12:26-07:00</time>
      </trkpt>
      <trkpt lat="48.90764627605677" lon="-120.77429269440472">
        <time>2005-09-25T10:12:37-07:00</time>
      </trkpt>
      <trkpt lat="48.90765340067446" lon="-120.77427718788385">
        <time>2005-09-25T10:12:47-07:00</time>
      </trkpt>
      <trkpt lat="48.90768273733556" lon="-120.77418465167284">
        <time>2005-09-25T10:12:57-07:00</time>
      </trkpt>
      <trkpt lat="48.9077153429389" lon="-120.77407065778971">
        <time>2005-09-25T10:13:09-07:00</time>
      </trkpt>
      <trkpt lat="48.90774115920067" lon="-120.77402522787452">
        <time>2005-09-25T10:13:18-07:00</time>
      </trkpt>
      <trkpt lat="48.90779539011419" lon="-120.77388659119606">
        <time>2005-09-25T10:13:19-07:00</time>
      </trkpt>
      <trkpt lat="48.907824056223035" lon="-120.77384853735566">
        <time>2005-09-25T10:13:26-07:00</time>
      </trkpt>
      <trkpt lat="48.9078657142818" lon="-120.77381995506585">
        <time>2005-09-25T10:13:27-07:00</time>
      </trkpt>
      <trkpt lat="48.90788440592587" lon="-120.77380386181176">
        <time>2005-09-25T10:13:34-07:00</time>
      </trkpt>
      <trkpt lat="48.90794550999999" lon="-120.77366396784782">
        <time>2005-09-25T10:13:37-07:00</time>
      </trkpt>
      <trkpt lat="48.907949114218354" lon="-120.77362507581711">
        <time>2005-09-25T10:13:38-07:00</time>
      </trkpt>
      <trkpt lat="48.90797442756593" lon="-120.77355852350593">
        <time>2005-09-25T10:13:46-07:00</time>
      </trkpt>
      <trkpt lat="48.90797828324139" lon="-120.77354083769023">
        <time>2005-09-25T10:13:47-07:00</time>
      </trkpt>
      <trkpt lat="48.907981384545565" lon="-120.77352290041745">
        <time>2005-09-25T10:13:53-07:00</time>
      </trkpt>
      <trkpt lat="48.90803050249815" lon="-120.77342667616904">
        <time>2005-09-25T10:14:00-07:00</time>
      </trkpt>
      <trkpt lat="48.908038549125195" lon="-120.77341158874333">
        <time>2005-09-25T10:14:07-07:00</time>
      </trkpt>
      <trkpt lat="48.90809554606676" lon="-120.77330656349659">
        <time>2005-09-25T10:14:17-07:00</time>
      </trkpt>
      <trkpt lat="48.90815991908312" lon="-120.77317756600678">
        <time>2005-09-25T10:14:25-07:00</time>
      </trkpt>
      <trkpt lat="48.908210629597306" lon="-120.77311201952398">
        <time>2005-09-25T10:14:26-07:00</time>
      </trkpt>
      <trkpt lat="48.908232003450394" lon="-120.77307681553066">
        <time>2005-09-25T10:14:33-07:00</time>
      </trkpt>
      <trkpt lat="48.908260921016335" lon="-120.77302560210228">
        <time>2005-09-25T10:14:36-07:00</time>
      </trkpt>
      <trkpt lat="48.90830132178962" lon="-120.77296508476138">
        <time>2005-09-25T10:14:43-07:00</time>
      </trkpt>
      <trkpt lat="48.90834474004805" lon="-120.77292962931097">
        <time>2005-09-25T10:14:45-07:00</time>
      </trkpt>
      <trkpt lat="48.90840475447476" lon="-120.77285788021982">
        <time>2005-09-25T10:14:50-07:00</time>
      </trkpt>
      <trkpt lat="48.90841933898628" lon="-120.77283566817641">
        <time>2005-09-25T10:14:53-07:00</time>
      </trkpt>
      <trkpt lat="48.90847407281399" lon="-120.7727624103427">
        <time>2005-09-25T10:14:54-07:00</time>
      </trkpt>
      <trkpt lat="48.90849913470447" lon="-120.7727238535881">
        <time>2005-09-25T10:14:58-07:00</time>
      </trkpt>
      <trkpt lat="48.90854456461966" lon="-120.77264682389796">
        <time>2005-09-25T10:15:04-07:00</time>
      </trkpt>
      <trkpt lat="48.908591168001294" lon="-120.77257197350264">
        <time>2005-09-25T10:15:14-07:00</time>
      </trkpt>
      <trkpt lat="48.908607345074415" lon="-120.77254506759346">
        <time>2005-09-25T10:15:20-07:00</time>
      </trkpt>
      <trkpt lat="48.90870692208409" lon="-120.77243065461516">
        <time>2005-09-25T10:15:25-07:00</time>
      </trkpt>
      <trkpt lat="48.90879618935287" lon="-120.7723718136549">
        <time>2005-09-25T10:15:34-07:00</time>
      </trkpt>
      <trkpt lat="48.90880700200796" lon="-120.77236460521817">
        <time>2005-09-25T10:15:42-07:00</time>
      </trkpt>
      <trkpt lat="48.90887648798525" lon="-120.77230350114405">
        <time>2005-09-25T10:15:47-07:00</time>
      </trkpt>
      <trkpt lat="48.90891487710178" lon="-120.77226377092302">
        <time>2005-09-25T10:15:56-07:00</time>
      </trkpt>
      <trkpt lat="48.908957205712795" lon="-120.77220283448696">
        <time>2005-09-25T10:15:57-07:00</time>
      </trkpt>
      <trkpt lat="48.908997690305114" lon="-120.77213611453772">
        <time>2005-09-25T10:16:05-07:00</time>
      </trkpt>
      <trkpt lat="48.90907178632915" lon="-120.77201474457979">
        <time>2005-09-25T10:16:08-07:00</time>
      </trkpt>
      <trkpt lat="48.90909072943032" lon="-120.77194877900183">
        <time>2005-09-25T10:16:16-07:00</time>
      </trkpt>
      <trkpt lat="48.90911411494017" lon="-120.77186923474073">
        <time>2005-09-25T10:16:17-07:00</time>
      </trkpt>
      <trkpt lat="48.909151162952185" lon="-120.77179287560284">
        <time>2005-09-25T10:16:23-07:00</time>
      </trkpt>
      <trkpt lat="48.90916884876788" lon="-120.7717652991414">
        <time>2005-09-25T10:16:24-07:00</time>
      </trkpt>
      <trkpt lat="48.90921453014016" lon="-120.77166915871203">
        <time>2005-09-25T10:16:30-07:00</time>
      </trkpt>
      <trkpt lat="48.90922668389976" lon="-120.77164074406028">
        <time>2005-09-25T10:16:36-07:00</time>
      </trkpt>
      <trkpt lat="48.909299690276384" lon="-120.77151945792139">
        <time>2005-09-25T10:16:39-07:00</time>
      </trkpt>
      <trkpt lat="48.909374959766865" lon="-120.77143454924226">
        <time>2005-09-25T10:16:47-07:00</time>
      </trkpt>
      <trkpt lat="48.909431621432304" lon="-120.77132466249168">
        <time>2005-09-25T10:16:50-07:00</time>
      </trkpt>
      <trkpt lat="48.909456599503756" lon="-120.77126925811172">
        <time>2005-09-25T10:16:54-07:00</time>
      </trkpt>
      <trkpt lat="48.90947110019624" lon="-120.77123757451773">
        <time>2005-09-25T10:16:56-07:00</time>
      </trkpt>
      <trkpt lat="48.909547459334135" lon="-120.77118460088968">
        <time>2005-09-25T10:17:05-07:00</time>
      </trkpt>
      <trkpt lat="48.909559193998575" lon="-120.77118024230003">
        <time>2005-09-25T10:17:07-07:00</time>
      </trkpt>
      <trkpt lat="48.909609066322446" lon="-120.77116037718952">
        <time>2005-09-25T10:17:11-07:00</time>
      </trkpt>
      <trkpt lat="48.90965323895216" lon="-120.7711302023381">
        <time>2005-09-25T10:17:12-07:00</time>
      </trkpt>
      <trkpt lat="48.909660279750824" lon="-120.77112525701523">
        <time>2005-09-25T10:17:13-07:00</time>
      </trkpt>
      <trkpt lat="48.909726329147816" lon="-120.7711402606219">
        <time>2005-09-25T10:17:20-07:00</time>
      </trkpt>
      <trkpt lat="48.909736974164844" lon="-120.77112944796681">
        <time>2005-09-25T10:17:21-07:00</time>
      </trkpt>
      <trkpt lat="48.90976362861693" lon="-120.77113741077483">
        <time>2005-09-25T10:17:28-07:00</time>
      </trkpt>
      <trkpt lat="48.909801514819264" lon="-120.77114470303059">
        <time>2005-09-25T10:17:36-07:00</time>
      </trkpt>
      <trkpt lat="48.90982875600457" lon="-120.77114453539252">
        <time>2005-09-25T10:17:42-07:00</time>
      </trkpt>
      <trkpt lat="48.90986915677786" lon="-120.77114478684962">
        <time>2005-09-25T10:17:45-07:00</time>
      </trkpt>
      <trkpt lat="48.90991156920791" lon="-120.77113841660321">
        <time>2005-09-25T10:17:49-07:00</time>
      </trkpt>
      <trkpt lat="48.909956496208906" lon="-120.77112198807299">
        <time>2005-09-25T10:17:54-07:00</time>
      </trkpt>
      <trkpt lat="48.90997585840523" lon="-120.77110924758017">
        <time>2005-09-25T10:17:59-07:00</time>
      </trkpt>
      <trkpt lat="48.90999438241124" lon="-120.77109960839152">
        <time>2005-09-25T10:18:07-07:00</time>
      </trkpt>
      <trkpt lat="48.91001231968403" lon="-120.77107261866331">
        <time>2005-09-25T10:18:09-07:00</time>
      </trkpt>
      <trkpt lat="48.9100690651685" lon="-120.77097714878619">
        <time>2005-09-25T10:18:15-07:00</time>
      </trkpt>
      <trkpt lat="48.91007602214813" lon="-120.77096600085497">
        <time>2005-09-25T10:18:18-07:00</time>
      </trkpt>
      <trkpt lat="48.91013176180422" lon="-120.77088226564229">
        <time>2005-09-25T10:18:24-07:00</time>
      </trkpt>
      <trkpt lat="48.91015003435314" lon="-120.77086499892175">
        <time>2005-09-25T10:18:30-07:00</time>
      </trkpt>
      <trkpt lat="48.91018523834646" lon="-120.77081085182726">
        <time>2005-09-25T10:18:32-07:00</time>
      </trkpt>
      <trkpt lat="48.91020233742893" lon="-120.77078671194613">
        <time>2005-09-25T10:18:43-07:00</time>
      </trkpt>
      <trkpt lat="48.91024382784963" lon="-120.77073340304196">
        <time>2005-09-25T10:18:51-07:00</time>
      </trkpt>
      <trkpt lat="48.910259921103716" lon="-120.7707038987428">
        <time>2005-09-25T10:18:52-07:00</time>
      </trkpt>
      <trkpt lat="48.91030551865697" lon="-120.77065033838153">
        <time>2005-09-25T10:18:59-07:00</time>
      </trkpt>
      <trkpt lat="48.910332256928086" lon="-120.77062376774848">
        <time>2005-09-25T10:19:03-07:00</time>
      </trkpt>
      <trkpt lat="48.910370813682675" lon="-120.77055771835148">
        <time>2005-09-25T10:19:08-07:00</time>
      </trkpt>
      <trkpt lat="48.91040174290538" lon="-120.7704478316009">
        <time>2005-09-25T10:19:13-07:00</time>
      </trkpt>
      <trkpt lat="48.91043585725129" lon="-120.770329143852">
        <time>2005-09-25T10:19:22-07:00</time>
      </trkpt>
      <trkpt lat="48.910439629107714" lon="-120.77031598426402">
        <time>2005-09-25T10:19:26-07:00</time>
      </trkpt>
      <trkpt lat="48.91046988777816" lon="-120.77020534314215">
        <time>2005-09-25T10:19:30-07:00</time>
      </trkpt>
      <trkpt lat="48.910541804507375" lon="-120.77007894404233">
        <time>2005-09-25T10:19:36-07:00</time>
      </trkpt>
      <trkpt lat="48.910626880824566" lon="-120.76997936703265">
        <time>2005-09-25T10:19:38-07:00</time>
      </trkpt>
      <trkpt lat="48.910711789503694" lon="-120.76996939256787">
        <time>2005-09-25T10:19:45-07:00</time>
      </trkpt>
      <trkpt lat="48.91072478145361" lon="-120.7699752599001">
        <time>2005-09-25T10:19:47-07:00</time>
      </trkpt>
      <trkpt lat="48.910818407312036" lon="-120.77002219855785">
        <time>2005-09-25T10:19:56-07:00</time>
      </trkpt>
      <trkpt lat="48.91083559021354" lon="-120.7700387109071">
        <time>2005-09-25T10:20:05-07:00</time>
      </trkpt>
      <trkpt lat="48.910902980715036" lon="-120.77009344473481">
        <time>2005-09-25T10:20:13-07:00</time>
      </trkpt>
      <trkpt lat="48.91101353801787" lon="-120.77006821520627">
        <time>2005-09-25T10:20:18-07:00</time>
      </trkpt>
      <trkpt lat="48.91108637675643" lon="-120.7700506132096">
        <time>2005-09-25T10:20:20-07:00</time>
      </trkpt>
      <trkpt lat="48.91111169010401" lon="-120.77005262486637">
        <time>2005-09-25T10:20:27-07:00</time>
      </trkpt>
      <trkpt lat="48.91116181388497" lon="-120.77005421742797">
        <time>2005-09-25T10:20:28-07:00</time>
      </trkpt>
      <trkpt lat="48.91119886189699" lon="-120.77004365622997">
        <time>2005-09-25T10:20:33-07:00</time>
      </trkpt>
      <trkpt lat="48.91129458323121" lon="-120.7700318377465">
        <time>2005-09-25T10:20:38-07:00</time>
      </trkpt>
      <trkpt lat="48.91135820187628" lon="-120.77009512111545">
        <time>2005-09-25T10:20:39-07:00</time>
      </trkpt>
      <trkpt lat="48.91136867925525" lon="-120.7701013237238">
        <time>2005-09-25T10:20:45-07:00</time>
      </trkpt>
      <trkpt lat="48.9114227425307" lon="-120.7700889185071">
        <time>2005-09-25T10:20:46-07:00</time>
      </trkpt>
      <trkpt lat="48.911443781107664" lon="-120.77007223851979">
        <time>2005-09-25T10:20:48-07:00</time>
      </trkpt>
      <trkpt lat="48.91152894124389" lon="-120.7700941991061">
        <time>2005-09-25T10:20:51-07:00</time>
      </trkpt>
      <trkpt lat="48.91162013635039" lon="-120.77010735869408">
        <time>2005-09-25T10:20:54-07:00</time>
      </trkpt>
      <trkpt lat="48.911630949005485" lon="-120.7701081968844">
        <time>2005-09-25T10:20:58-07:00</time>
      </trkpt>
      <trkpt lat="48.91173765063286" lon="-120.77010358683765">
        <time>2005-09-25T10:21:02-07:00</time>
      </trkpt>
      <trkpt lat="48.91180864535272" lon="-120.77017525210977">
        <time>2005-09-25T10:21:05-07:00</time>
      </trkpt>
      <trkpt lat="48.911842005327344" lon="-120.77018916606903">
        <time>2005-09-25T10:21:07-07:00</time>
      </trkpt>
      <trkpt lat="48.91185223124921" lon="-120.77018866315484">
        <time>2005-09-25T10:21:09-07:00</time>
      </trkpt>
      <trkpt lat="48.91186815686524" lon="-120.77018472366035">
        <time>2005-09-25T10:21:11-07:00</time>
      </trkpt>
      <trkpt lat="48.91193361952901" lon="-120.77014692127705">
        <time>2005-09-25T10:21:18-07:00</time>
      </trkpt>
      <trkpt lat="48.91194476746023" lon="-120.77014356851578">
        <time>2005-09-25T10:21:19-07:00</time>
      </trkpt>
      <trkpt lat="48.91204199753702" lon="-120.77009939588606">
        <time>2005-09-25T10:21:26-07:00</time>
      </trkpt>
      <trkpt lat="48.91214098781347" lon="-120.77011230401695">
        <time>2005-09-25T10:21:28-07:00</time>
      </trkpt>
      <trkpt lat="48.91216387040913" lon="-120.77011171728373">
        <time>2005-09-25T10:21:33-07:00</time>
      </trkpt>
      <trkpt lat="48.912240816280246" lon="-120.77012663707137">
        <time>2005-09-25T10:21:35-07:00</time>
      </trkpt>
      <trkpt lat="48.9123416505754" lon="-120.77015538699925">
        <time>2005-09-25T10:21:40-07:00</time>
      </trkpt>
      <trkpt lat="48.91242857091129" lon="-120.77016150578856">
        <time>2005-09-25T10:21:42-07:00</time>
      </trkpt>
      <trkpt lat="48.912503169849515" lon="-120.77013057656586">
        <time>2005-09-25T10:21:47-07:00</time>
      </trkpt>
      <trkpt lat="48.91258078627288" lon="-120.77010937035084">
        <time>2005-09-25T10:21:50-07:00</time>
      </trkpt>
      <trkpt lat="48.91259444877505" lon="-120.77010526321828">
        <time>2005-09-25T10:21:55-07:00</time>
      </trkpt>
      <trkpt lat="48.91269788146019" lon="-120.77009771950543">
        <time>2005-09-25T10:22:02-07:00</time>
      </trkpt>
      <trkpt lat="48.9127991348505" lon="-120.77019243501127">
        <time>2005-09-25T10:22:09-07:00</time>
      </trkpt>
      <trkpt lat="48.91288546845317" lon="-120.7702133897692">
        <time>2005-09-25T10:22:10-07:00</time>
      </trkpt>
      <trkpt lat="48.912931652739644" lon="-120.77021439559758">
        <time>2005-09-25T10:22:16-07:00</time>
      </trkpt>
      <trkpt lat="48.91299217008054" lon="-120.77022621408105">
        <time>2005-09-25T10:22:26-07:00</time>
      </trkpt>
      <trkpt lat="48.91309124417603" lon="-120.7702480070293">
        <time>2005-09-25T10:22:35-07:00</time>
      </trkpt>
      <trkpt lat="48.91313382424414" lon="-120.7702635973692">
        <time>2005-09-25T10:22:42-07:00</time>
      </trkpt>
      <trkpt lat="48.91321621835232" lon="-120.77031053602695">
        <time>2005-09-25T10:22:43-07:00</time>
      </trkpt>
      <trkpt lat="48.91332291997969" lon="-120.77032101340592">
        <time>2005-09-25T10:22:52-07:00</time>
      </trkpt>
      <trkpt lat="48.91340606845915" lon="-120.77028446830809">
        <time>2005-09-25T10:22:54-07:00</time>
      </trkpt>
      <trkpt lat="48.9134659152478" lon="-120.77025152742863">
        <time>2005-09-25T10:23:01-07:00</time>
      </trkpt>
      <trkpt lat="48.91349349170923" lon="-120.77024633064866">
        <time>2005-09-25T10:23:10-07:00</time>
      </trkpt>
      <trkpt lat="48.91355442814529" lon="-120.77026787213981">
        <time>2005-09-25T10:23:17-07:00</time>
      </trkpt>
      <trkpt lat="48.913580579683185" lon="-120.77028539031744">
        <time>2005-09-25T10:23:20-07:00</time>
      </trkpt>
      <trkpt lat="48.91360740177333" lon="-120.77030148357153">
        <time>2005-09-25T10:23:25-07:00</time>
      </trkpt>
      <trkpt lat="48.913676384836435" lon="-120.77031824737787">
        <time>2005-09-25T10:23:29-07:00</time>
      </trkpt>
      <trkpt lat="48.913755090907216" lon="-120.77034062705934">
        <time>2005-09-25T10:23:37-07:00</time>
      </trkpt>
      <trkpt lat="48.91378107480705" lon="-120.77034900896251">
        <time>2005-09-25T10:23:44-07:00</time>
      </trkpt>
      <trkpt lat="48.91387998126447" lon="-120.77038354240358">
        <time>2005-09-25T10:23:45-07:00</time>
      </trkpt>
      <trkpt lat="48.91389464959502" lon="-120.77040986157954">
        <time>2005-09-25T10:23:50-07:00</time>
      </trkpt>
      <trkpt lat="48.91390034928918" lon="-120.77043928205967">
        <time>2005-09-25T10:23:52-07:00</time>
      </trkpt>
      <trkpt lat="48.91391065903008" lon="-120.77048311941326">
        <time>2005-09-25T10:24:00-07:00</time>
      </trkpt>
      <trkpt lat="48.91391359269619" lon="-120.77050155960023">
        <time>2005-09-25T10:24:08-07:00</time>
      </trkpt>
      <trkpt lat="48.91392725519836" lon="-120.77061706222594">
        <time>2005-09-25T10:24:09-07:00</time>
      </trkpt>
      <trkpt lat="48.913940163329244" lon="-120.77070012688637">
        <time>2005-09-25T10:24:19-07:00</time>
      </trkpt>
      <trkpt lat="48.91394812613726" lon="-120.77073189429939">
        <time>2005-09-25T10:24:26-07:00</time>
      </trkpt>
      <trkpt lat="48.91397218219936" lon="-120.77079341746867">
        <time>2005-09-25T10:24:29-07:00</time>
      </trkpt>
      <trkpt lat="48.913981737568974" lon="-120.77081688679755">
        <time>2005-09-25T10:24:30-07:00</time>
      </trkpt>
      <trkpt lat="48.91403278335929" lon="-120.77091218903661">
        <time>2005-09-25T10:24:32-07:00</time>
      </trkpt>
      <trkpt lat="48.914069160819054" lon="-120.77096139080822">
        <time>2005-09-25T10:24:37-07:00</time>
      </trkpt>
      <trkpt lat="48.91410964541137" lon="-120.77098603360355">
        <time>2005-09-25T10:24:38-07:00</time>
      </trkpt>
      <trkpt lat="48.91413135454059" lon="-120.7709885481745">
        <time>2005-09-25T10:24:46-07:00</time>
      </trkpt>
      <trkpt lat="48.91419790685177" lon="-120.77098402194679">
        <time>2005-09-25T10:24:55-07:00</time>
      </trkpt>
      <trkpt lat="48.914268063381314" lon="-120.77101537026465">
        <time>2005-09-25T10:24:57-07:00</time>
      </trkpt>
      <trkpt lat="48.91428432427347" lon="-120.77107429504395">
        <time>2005-09-25T10:25:04-07:00</time>
      </trkpt>
      <trkpt lat="48.91429706476629" lon="-120.771095585078">
        <time>2005-09-25T10:25:13-07:00</time>
      </trkpt>
      <trkpt lat="48.914309637621045" lon="-120.77110346406698">
        <time>2005-09-25T10:25:20-07:00</time>
      </trkpt>
      <trkpt lat="48.914324725046754" lon="-120.77110078185797">
        <time>2005-09-25T10:25:27-07:00</time>
      </trkpt>
      <trkpt lat="48.91434442251921" lon="-120.77112902887166">
        <time>2005-09-25T10:25:34-07:00</time>
      </trkpt>
      <trkpt lat="48.91437719576061" lon="-120.77119172550738">
        <time>2005-09-25T10:25:35-07:00</time>
      </trkpt>
      <trkpt lat="48.91440209001303" lon="-120.77120270580053">
        <time>2005-09-25T10:25:45-07:00</time>
      </trkpt>
      <trkpt lat="48.914466043934226" lon="-120.77118585817516">
        <time>2005-09-25T10:25:55-07:00</time>
      </trkpt>
      <trkpt lat="48.91449864953756" lon="-120.77120957896113">
        <time>2005-09-25T10:26:03-07:00</time>
      </trkpt>
      <trkpt lat="48.9145450014621" lon="-120.77122240327299">
        <time>2005-09-25T10:26:07-07:00</time>
      </trkpt>
      <trkpt lat="48.91458758153021" lon="-120.77122114598751">
        <time>2005-09-25T10:26:12-07:00</time>
      </trkpt>
      <trkpt lat="48.914623875170946" lon="-120.77120932750404">
        <time>2005-09-25T10:26:20-07:00</time>
      </trkpt>
      <trkpt lat="48.91470476053655" lon="-120.77120915986598">
        <time>2005-09-25T10:26:23-07:00</time>
      </trkpt>
      <trkpt lat="48.914716159924865" lon="-120.77123296447098">
        <time>2005-09-25T10:26:30-07:00</time>
      </trkpt>
      <trkpt lat="48.91473535448313" lon="-120.77128887176514">
        <time>2005-09-25T10:26:39-07:00</time>
      </trkpt>
      <trkpt lat="48.91474071890116" lon="-120.77135073021054">
        <time>2005-09-25T10:26:46-07:00</time>
      </trkpt>
      <trkpt lat="48.91474767588079" lon="-120.77142004854977">
        <time>2005-09-25T10:26:52-07:00</time>
      </trkpt>
      <trkpt lat="48.91480844467878" lon="-120.77153286896646">
        <time>2005-09-25T10:26:55-07:00</time>
      </trkpt>
      <trkpt lat="48.914890168234706" lon="-120.77156689949334">
        <time>2005-09-25T10:27:02-07:00</time>
      </trkpt>
      <trkpt lat="48.91495889984071" lon="-120.77164703048766">
        <time>2005-09-25T10:27:05-07:00</time>
      </trkpt>
      <trkpt lat="48.914969293400645" lon="-120.77166069298983">
        <time>2005-09-25T10:27:08-07:00</time>
      </trkpt>
      <trkpt lat="48.914998043328524" lon="-120.77166555449367">
        <time>2005-09-25T10:27:14-07:00</time>
      </trkpt>
      <trkpt lat="48.91500030644238" lon="-120.77164351008832">
        <time>2005-09-25T10:27:21-07:00</time>
      </trkpt>
      <trkpt lat="48.914999635890126" lon="-120.7716291770339">
        <time>2005-09-25T10:27:24-07:00</time>
      </trkpt>
      <trkpt lat="48.914998043328524" lon="-120.77161316759884">
        <time>2005-09-25T10:27:32-07:00</time>
      </trkpt>
      <trkpt lat="48.91497055068612" lon="-120.77149825170636">
        <time>2005-09-25T10:27:34-07:00</time>
      </trkpt>
      <trkpt lat="48.91495730727911" lon="-120.77146212570369">
        <time>2005-09-25T10:27:36-07:00</time>
      </trkpt>
      <trkpt lat="48.91495043411851" lon="-120.77144351787865">
        <time>2005-09-25T10:27:39-07:00</time>
      </trkpt>
      <trkpt lat="48.9149369392544" lon="-120.7714098226279">
        <time>2005-09-25T10:27:40-07:00</time>
      </trkpt>
      <trkpt lat="48.91491774469614" lon="-120.7713839225471">
        <time>2005-09-25T10:27:47-07:00</time>
      </trkpt>
      <trkpt lat="48.91491196118295" lon="-120.7713767979294">
        <time>2005-09-25T10:27:53-07:00</time>
      </trkpt>
      <trkpt lat="48.91489394009113" lon="-120.77130571939051">
        <time>2005-09-25T10:27:55-07:00</time>
      </trkpt>
      <trkpt lat="48.914903830736876" lon="-120.77127269469202">
        <time>2005-09-25T10:27:59-07:00</time>
      </trkpt>
      <trkpt lat="48.914911625906825" lon="-120.7712562661618">
        <time>2005-09-25T10:28:01-07:00</time>
      </trkpt>
      <trkpt lat="48.914959486573935" lon="-120.77116934582591">
        <time>2005-09-25T10:28:08-07:00</time>
      </trkpt>
      <trkpt lat="48.91496367752552" lon="-120.77115702442825">
        <time>2005-09-25T10:28:12-07:00</time>
      </trkpt>
      <trkpt lat="48.91498320735991" lon="-120.77108804136515">
        <time>2005-09-25T10:28:16-07:00</time>
      </trkpt>
      <trkpt lat="48.915003491565585" lon="-120.77103096060455">
        <time>2005-09-25T10:28:18-07:00</time>
      </trkpt>
      <trkpt lat="48.91504565253854" lon="-120.77095443382859">
        <time>2005-09-25T10:28:24-07:00</time>
      </trkpt>
      <trkpt lat="48.91505654901266" lon="-120.77094655483961">
        <time>2005-09-25T10:28:31-07:00</time>
      </trkpt>
      <trkpt lat="48.91507792286575" lon="-120.77093582600355">
        <time>2005-09-25T10:28:35-07:00</time>
      </trkpt>
      <trkpt lat="48.915150510147214" lon="-120.7709245942533">
        <time>2005-09-25T10:28:37-07:00</time>
      </trkpt>
      <trkpt lat="48.915182277560234" lon="-120.77093155123293">
        <time>2005-09-25T10:28:39-07:00</time>
      </trkpt>
      <trkpt lat="48.91519216820598" lon="-120.770931718871">
        <time>2005-09-25T10:28:41-07:00</time>
      </trkpt>
      <trkpt lat="48.915230724960566" lon="-120.77094378881156">
        <time>2005-09-25T10:28:44-07:00</time>
      </trkpt>
      <trkpt lat="48.91529140993953" lon="-120.77095954678953">
        <time>2005-09-25T10:28:48-07:00</time>
      </trkpt>
      <trkpt lat="48.91533583402634" lon="-120.77099977992475">
        <time>2005-09-25T10:28:50-07:00</time>
      </trkpt>
      <trkpt lat="48.915351424366236" lon="-120.77100824564695">
        <time>2005-09-25T10:28:56-07:00</time>
      </trkpt>
      <trkpt lat="48.915341114625335" lon="-120.77100112102926">
        <time>2005-09-25T10:28:59-07:00</time>
      </trkpt>
      <trkpt lat="48.9153341576457" lon="-120.77099877409637">
        <time>2005-09-25T10:29:04-07:00</time>
      </trkpt>
      <trkpt lat="48.9153307210654" lon="-120.77100313268602">
        <time>2005-09-25T10:29:08-07:00</time>
      </trkpt>
      <trkpt lat="48.91533248126507" lon="-120.77100640162826">
        <time>2005-09-25T10:29:12-07:00</time>
      </trkpt>
      <trkpt lat="48.915300546213984" lon="-120.77107354067266">
        <time>2005-09-25T10:29:19-07:00</time>
      </trkpt>
      <trkpt lat="48.915294678881764" lon="-120.77114696614444">
        <time>2005-09-25T10:29:21-07:00</time>
      </trkpt>
      <trkpt lat="48.91548402607441" lon="-120.77114126645029">
        <time>2005-09-25T10:29:25-07:00</time>
      </trkpt>
      <trkpt lat="48.91549098305404" lon="-120.77115065418184">
        <time>2005-09-25T10:29:29-07:00</time>
      </trkpt>
      <trkpt lat="48.91556231305003" lon="-120.77120639383793">
        <time>2005-09-25T10:29:34-07:00</time>
      </trkpt>
      <trkpt lat="48.91565325669944" lon="-120.77127965167165">
        <time>2005-09-25T10:29:43-07:00</time>
      </trkpt>
      <trkpt lat="48.91566515900195" lon="-120.77127864584327">
        <time>2005-09-25T10:29:51-07:00</time>
      </trkpt>
      <trkpt lat="48.9156779833138" lon="-120.77127470634878">
        <time>2005-09-25T10:29:59-07:00</time>
      </trkpt>
      <trkpt lat="48.91572995111346" lon="-120.77130362391472">
        <time>2005-09-25T10:30:00-07:00</time>
      </trkpt>
      <trkpt lat="48.9157575275749" lon="-120.77134075574577">
        <time>2005-09-25T10:30:04-07:00</time>
      </trkpt>
      <trkpt lat="48.91583137214184" lon="-120.77140429057181">
        <time>2005-09-25T10:30:06-07:00</time>
      </trkpt>
      <trkpt lat="48.91587286256254" lon="-120.7714217249304">
        <time>2005-09-25T10:30:07-07:00</time>
      </trkpt>
      <trkpt lat="48.91588560305536" lon="-120.77142625115812">
        <time>2005-09-25T10:30:08-07:00</time>
      </trkpt>
      <trkpt lat="48.9159644767642" lon="-120.77146313153207">
        <time>2005-09-25T10:30:15-07:00</time>
      </trkpt>
      <trkpt lat="48.916053576394916" lon="-120.7715599425137">
        <time>2005-09-25T10:30:18-07:00</time>
      </trkpt>
      <trkpt lat="48.91606212593615" lon="-120.77160285785794">
        <time>2005-09-25T10:30:19-07:00</time>
      </trkpt>
      <trkpt lat="48.91608693636954" lon="-120.77165993861854">
        <time>2005-09-25T10:30:21-07:00</time>
      </trkpt>
      <trkpt lat="48.916097078472376" lon="-120.77166396193206">
        <time>2005-09-25T10:30:24-07:00</time>
      </trkpt>
      <trkpt lat="48.916157176718116" lon="-120.77164409682155">
        <time>2005-09-25T10:30:25-07:00</time>
      </trkpt>
      <trkpt lat="48.91621199436486" lon="-120.77160805463791">
        <time>2005-09-25T10:30:29-07:00</time>
      </trkpt>
      <trkpt lat="48.91622079536319" lon="-120.77160847373307">
        <time>2005-09-25T10:30:31-07:00</time>
      </trkpt>
      <trkpt lat="48.9162530656904" lon="-120.77159363776445">
        <time>2005-09-25T10:30:32-07:00</time>
      </trkpt>
      <trkpt lat="48.916265554726124" lon="-120.77158257365227">
        <time>2005-09-25T10:30:39-07:00</time>
      </trkpt>
      <trkpt lat="48.91630528494716" lon="-120.77157729305327">
        <time>2005-09-25T10:30:40-07:00</time>
      </trkpt>
      <trkpt lat="48.91642623580992" lon="-120.77160939574242">
        <time>2005-09-25T10:30:45-07:00</time>
      </trkpt>
      <trkpt lat="48.91649790108204" lon="-120.77169271185994">
        <time>2005-09-25T10:30:49-07:00</time>
      </trkpt>
      <trkpt lat="48.916521118953824" lon="-120.77171391807497">
        <time>2005-09-25T10:30:55-07:00</time>
      </trkpt>
      <trkpt lat="48.91656294465065" lon="-120.77173914760351">
        <time>2005-09-25T10:30:56-07:00</time>
      </trkpt>
      <trkpt lat="48.91662027686834" lon="-120.77176915481687">
        <time>2005-09-25T10:30:58-07:00</time>
      </trkpt>
      <trkpt lat="48.916681883856654" lon="-120.77181424945593">
        <time>2005-09-25T10:31:04-07:00</time>
      </trkpt>
      <trkpt lat="48.916693115606904" lon="-120.77182397246361">
        <time>2005-09-25T10:31:07-07:00</time>
      </trkpt>
      <trkpt lat="48.916704850271344" lon="-120.77182992361486">
        <time>2005-09-25T10:31:08-07:00</time>
      </trkpt>
      <trkpt lat="48.91676427796483" lon="-120.77189127914608">
        <time>2005-09-25T10:31:12-07:00</time>
      </trkpt>
      <trkpt lat="48.91677316278219" lon="-120.77189362607896">
        <time>2005-09-25T10:31:18-07:00</time>
      </trkpt>
      <trkpt lat="48.916830997914076" lon="-120.77192086726427">
        <time>2005-09-25T10:31:23-07:00</time>
      </trkpt>
      <trkpt lat="48.91686502844095" lon="-120.77192774042487">
        <time>2005-09-25T10:31:25-07:00</time>
      </trkpt>
      <trkpt lat="48.91692747361958" lon="-120.77196369878948">
        <time>2005-09-25T10:31:33-07:00</time>
      </trkpt>
      <trkpt lat="48.917018165811896" lon="-120.77202899381518">
        <time>2005-09-25T10:31:34-07:00</time>
      </trkpt>
      <trkpt lat="48.91709469258785" lon="-120.77216695994139">
        <time>2005-09-25T10:31:40-07:00</time>
      </trkpt>
      <trkpt lat="48.91714573837817" lon="-120.77220132574439">
        <time>2005-09-25T10:31:43-07:00</time>
      </trkpt>
      <trkpt lat="48.91717071644962" lon="-120.77219755388796">
        <time>2005-09-25T10:31:51-07:00</time>
      </trkpt>
      <trkpt lat="48.917294600978494" lon="-120.7721522077918">
        <time>2005-09-25T10:31:56-07:00</time>
      </trkpt>
      <trkpt lat="48.91738856211305" lon="-120.77218079008162">
        <time>2005-09-25T10:50:33-07:00</time>
      </trkpt>
      <trkpt lat="48.917457377538085" lon="-120.77223191969097">
        <time>2005-09-25T10:50:34-07:00</time>
      </trkpt>
      <trkpt lat="48.91750783659518" lon="-120.77218229882419">
        <time>2005-09-25T10:50:41-07:00</time>
      </trkpt>
      <trkpt lat="48.91752912662923" lon="-120.77216855250299">
        <time>2005-09-25T10:50:50-07:00</time>
      </trkpt>
      <trkpt lat="48.917567851021886" lon="-120.77213980257511">
        <time>2005-09-25T10:50:51-07:00</time>
      </trkpt>
      <trkpt lat="48.91760707832873" lon="-120.77210426330566">
        <time>2005-09-25T10:50:52-07:00</time>
      </trkpt>
      <trkpt lat="48.91765058040619" lon="-120.77208892442286">
        <time>2005-09-25T10:50:57-07:00</time>
      </trkpt>
      <trkpt lat="48.91769508831203" lon="-120.77208305709064">
        <time>2005-09-25T10:51:00-07:00</time>
      </trkpt>
      <trkpt lat="48.91769181936979" lon="-120.77212295494974">
        <time>2005-09-25T10:51:07-07:00</time>
      </trkpt>
      <trkpt lat="48.917683102190495" lon="-120.77215388417244">
        <time>2005-09-25T10:51:11-07:00</time>
      </trkpt>
      <trkpt lat="48.91767463646829" lon="-120.77218137681484">
        <time>2005-09-25T10:51:12-07:00</time>
      </trkpt>
      <trkpt lat="48.91765644773841" lon="-120.77222663909197">
        <time>2005-09-25T10:51:19-07:00</time>
      </trkpt>
      <trkpt lat="48.91764186322689" lon="-120.77225505374372">
        <time>2005-09-25T10:51:28-07:00</time>
      </trkpt>
      <trkpt lat="48.9176154602319" lon="-120.77230140566826">
        <time>2005-09-25T10:51:31-07:00</time>
      </trkpt>
      <trkpt lat="48.917608838528395" lon="-120.7723097037524">
        <time>2005-09-25T10:51:36-07:00</time>
      </trkpt>
      <trkpt lat="48.91759391874075" lon="-120.77233778312802">
        <time>2005-09-25T10:51:37-07:00</time>
      </trkpt>
      <trkpt lat="48.917593164369464" lon="-120.77248563989997">
        <time>2005-09-25T10:51:42-07:00</time>
      </trkpt>
      <trkpt lat="48.917595678940415" lon="-120.77251916751266">
        <time>2005-09-25T10:51:47-07:00</time>
      </trkpt>
      <trkpt lat="48.91760221682489" lon="-120.77258077450097">
        <time>2005-09-25T10:51:48-07:00</time>
      </trkpt>
      <trkpt lat="48.91762434504926" lon="-120.77260281890631">
        <time>2005-09-25T10:51:51-07:00</time>
      </trkpt>
      <trkpt lat="48.917662566527724" lon="-120.77261899597943">
        <time>2005-09-25T10:51:52-07:00</time>
      </trkpt>
      <trkpt lat="48.91771168448031" lon="-120.77265034429729">
        <time>2005-09-25T10:51:55-07:00</time>
      </trkpt>
      <trkpt lat="48.91772098839283" lon="-120.7726583071053">
        <time>2005-09-25T10:52:05-07:00</time>
      </trkpt>
      <trkpt lat="48.917811093851924" lon="-120.77268051914871">
        <time>2005-09-25T10:52:12-07:00</time>
      </trkpt>
      <trkpt lat="48.91789449378848" lon="-120.77273039147258">
        <time>2005-09-25T10:52:14-07:00</time>
      </trkpt>
      <trkpt lat="48.91791444271803" lon="-120.77274715527892">
        <time>2005-09-25T10:52:18-07:00</time>
      </trkpt>
      <trkpt lat="48.917990466579795" lon="-120.77279845252633">
        <time>2005-09-25T10:52:23-07:00</time>
      </trkpt>
      <trkpt lat="48.91801309771836" lon="-120.77282317914069">
        <time>2005-09-25T10:52:29-07:00</time>
      </trkpt>
      <trkpt lat="48.91807906329632" lon="-120.77289886772633">
        <time>2005-09-25T10:52:30-07:00</time>
      </trkpt>
      <trkpt lat="48.918155087158084" lon="-120.77295485883951">
        <time>2005-09-25T10:52:31-07:00</time>
      </trkpt>
      <trkpt lat="48.91822951845825" lon="-120.77296575531363">
        <time>2005-09-25T10:52:38-07:00</time>
      </trkpt>
      <trkpt lat="48.91825315542519" lon="-120.77297388575971">
        <time>2005-09-25T10:52:39-07:00</time>
      </trkpt>
      <trkpt lat="48.91835868358612" lon="-120.77298947609961">
        <time>2005-09-25T10:52:45-07:00</time>
      </trkpt>
      <trkpt lat="48.91837419010699" lon="-120.77299484051764">
        <time>2005-09-25T10:52:48-07:00</time>
      </trkpt>
      <trkpt lat="48.91846387647092" lon="-120.77301755547523">
        <time>2005-09-25T10:52:54-07:00</time>
      </trkpt>
      <trkpt lat="48.91853998415172" lon="-120.77304856851697">
        <time>2005-09-25T10:53:02-07:00</time>
      </trkpt>
      <trkpt lat="48.918563202023506" lon="-120.77304915525019">
        <time>2005-09-25T10:53:11-07:00</time>
      </trkpt>
      <trkpt lat="48.91863369382918" lon="-120.7730417791754">
        <time>2005-09-25T10:53:16-07:00</time>
      </trkpt>
      <trkpt lat="48.918748358264565" lon="-120.77301311306655">
        <time>2005-09-25T10:53:18-07:00</time>
      </trkpt>
      <trkpt lat="48.91881910152733" lon="-120.77308787964284">
        <time>2005-09-25T10:53:28-07:00</time>
      </trkpt>
      <trkpt lat="48.91884768381715" lon="-120.77312408946455">
        <time>2005-09-25T10:53:36-07:00</time>
      </trkpt>
      <trkpt lat="48.918894371017814" lon="-120.77320304699242">
        <time>2005-09-25T10:53:43-07:00</time>
      </trkpt>
      <trkpt lat="48.91891281120479" lon="-120.77325652353466">
        <time>2005-09-25T10:53:48-07:00</time>
      </trkpt>
      <trkpt lat="48.91893862746656" lon="-120.77330388128757">
        <time>2005-09-25T10:53:50-07:00</time>
      </trkpt>
      <trkpt lat="48.91896176151931" lon="-120.77335216104984">
        <time>2005-09-25T10:53:54-07:00</time>
      </trkpt>
      <trkpt lat="48.91899101436138" lon="-120.7734199706465">
        <time>2005-09-25T10:53:58-07:00</time>
      </trkpt>
      <trkpt lat="48.919014148414135" lon="-120.77346313744783">
        <time>2005-09-25T10:54:02-07:00</time>
      </trkpt>
      <trkpt lat="48.91905337572098" lon="-120.77352365478873">
        <time>2005-09-25T10:54:06-07:00</time>
      </trkpt>
      <trkpt lat="48.919125040993094" lon="-120.7736049592495">
        <time>2005-09-25T10:54:09-07:00</time>
      </trkpt>
      <trkpt lat="48.91914390027523" lon="-120.77363077551126">
        <time>2005-09-25T10:54:11-07:00</time>
      </trkpt>
      <trkpt lat="48.91916250810027" lon="-120.77368123456836">
        <time>2005-09-25T10:54:13-07:00</time>
      </trkpt>
      <trkpt lat="48.91919268295169" lon="-120.7737617008388">
        <time>2005-09-25T10:54:16-07:00</time>
      </trkpt>
      <trkpt lat="48.919203244149685" lon="-120.77384158037603">
        <time>2005-09-25T10:54:18-07:00</time>
      </trkpt>
      <trkpt lat="48.91922403126955" lon="-120.7738829869777">
        <time>2005-09-25T10:54:22-07:00</time>
      </trkpt>
      <trkpt lat="48.919277004897594" lon="-120.77395146712661">
        <time>2005-09-25T10:54:23-07:00</time>
      </trkpt>
      <trkpt lat="48.91935193911195" lon="-120.7740468531847">
        <time>2005-09-25T10:54:25-07:00</time>
      </trkpt>
      <trkpt lat="48.919420754536986" lon="-120.77409236691892">
        <time>2005-09-25T10:54:33-07:00</time>
      </trkpt>
      <trkpt lat="48.919429974630475" lon="-120.77409278601408">
        <time>2005-09-25T10:54:35-07:00</time>
      </trkpt>
      <trkpt lat="48.919508680701256" lon="-120.77411491423845">
        <time>2005-09-25T10:54:39-07:00</time>
      </trkpt>
      <trkpt lat="48.919523349031806" lon="-120.77411876991391">
        <time>2005-09-25T10:54:42-07:00</time>
      </trkpt>
      <trkpt lat="48.91956106759608" lon="-120.77408096753061">
        <time>2005-09-25T10:54:46-07:00</time>
      </trkpt>
      <trkpt lat="48.919555032625794" lon="-120.7740730047226">
        <time>2005-09-25T10:54:51-07:00</time>
      </trkpt>
      <trkpt lat="48.91953776590526" lon="-120.77406361699104">
        <time>2005-09-25T10:54:52-07:00</time>
      </trkpt>
      <trkpt lat="48.919489067047834" lon="-120.77402950264513">
        <time>2005-09-25T10:54:59-07:00</time>
      </trkpt>
      <trkpt lat="48.91942771151662" lon="-120.77395683154464">
        <time>2005-09-25T10:55:07-07:00</time>
      </trkpt>
      <trkpt lat="48.919410947710276" lon="-120.77391953207552">
        <time>2005-09-25T10:55:09-07:00</time>
      </trkpt>
      <trkpt lat="48.91936727799475" lon="-120.77379397116601">
        <time>2005-09-25T10:55:16-07:00</time>
      </trkpt>
      <trkpt lat="48.919330732896924" lon="-120.77368274331093">
        <time>2005-09-25T10:55:18-07:00</time>
      </trkpt>
      <trkpt lat="48.91932570375502" lon="-120.77360462397337">
        <time>2005-09-25T10:55:25-07:00</time>
      </trkpt>
      <trkpt lat="48.91932260245085" lon="-120.77353471890092">
        <time>2005-09-25T10:55:32-07:00</time>
      </trkpt>
      <trkpt lat="48.919318495318294" lon="-120.77347646467388">
        <time>2005-09-25T10:55:37-07:00</time>
      </trkpt>
      <trkpt lat="48.919319082051516" lon="-120.77346053905785">
        <time>2005-09-25T10:55:39-07:00</time>
      </trkpt>
      <trkpt lat="48.9193095266819" lon="-120.7733993511647">
        <time>2005-09-25T10:55:47-07:00</time>
      </trkpt>
      <trkpt lat="48.91930944286287" lon="-120.77333673834801">
        <time>2005-09-25T10:55:48-07:00</time>
      </trkpt>
      <trkpt lat="48.91929687000811" lon="-120.77325887046754">
        <time>2005-09-25T10:55:56-07:00</time>
      </trkpt>
      <trkpt lat="48.919297037646174" lon="-120.7732286117971">
        <time>2005-09-25T10:56:02-07:00</time>
      </trkpt>
      <trkpt lat="48.91931053251028" lon="-120.77313934452832">
        <time>2005-09-25T10:56:04-07:00</time>
      </trkpt>
      <trkpt lat="48.91931095160544" lon="-120.77312350273132">
        <time>2005-09-25T10:56:10-07:00</time>
      </trkpt>
      <trkpt lat="48.91931002959609" lon="-120.77302224934101">
        <time>2005-09-25T10:56:19-07:00</time>
      </trkpt>
      <trkpt lat="48.91931279562414" lon="-120.77299073338509">
        <time>2005-09-25T10:56:26-07:00</time>
      </trkpt>
      <trkpt lat="48.91931254416704" lon="-120.77297681942582">
        <time>2005-09-25T10:56:29-07:00</time>
      </trkpt>
      <trkpt lat="48.91931631602347" lon="-120.772810773924">
        <time>2005-09-25T10:56:35-07:00</time>
      </trkpt>
      <trkpt lat="48.91932226717472" lon="-120.77280046418309">
        <time>2005-09-25T10:56:39-07:00</time>
      </trkpt>
      <trkpt lat="48.91935244202614" lon="-120.77273231931031">
        <time>2005-09-25T10:56:43-07:00</time>
      </trkpt>
      <trkpt lat="48.91936568543315" lon="-120.77269376255572">
        <time>2005-09-25T10:56:47-07:00</time>
      </trkpt>
      <trkpt lat="48.919424107298255" lon="-120.77251916751266">
        <time>2005-09-25T10:56:52-07:00</time>
      </trkpt>
      <trkpt lat="48.91942930407822" lon="-120.77247650362551">
        <time>2005-09-25T10:56:55-07:00</time>
      </trkpt>
      <trkpt lat="48.91943265683949" lon="-120.77240064740181">
        <time>2005-09-25T10:57:00-07:00</time>
      </trkpt>
      <trkpt lat="48.91943299211562" lon="-120.7723871525377">
        <time>2005-09-25T10:57:08-07:00</time>
      </trkpt>
      <trkpt lat="48.919438775628805" lon="-120.7723110448569">
        <time>2005-09-25T10:57:10-07:00</time>
      </trkpt>
      <trkpt lat="48.91944439150393" lon="-120.7723044231534">
        <time>2005-09-25T10:57:13-07:00</time>
      </trkpt>
      <trkpt lat="48.91946400515735" lon="-120.77230157330632">
        <time>2005-09-25T10:57:19-07:00</time>
      </trkpt>
      <trkpt lat="48.91954002901912" lon="-120.77230609953403">
        <time>2005-09-25T10:57:24-07:00</time>
      </trkpt>
      <trkpt lat="48.91954958438873" lon="-120.77230961993337">
        <time>2005-09-25T10:57:27-07:00</time>
      </trkpt>
      <trkpt lat="48.919619070366025" lon="-120.7722835522145">
        <time>2005-09-25T10:57:34-07:00</time>
      </trkpt>
      <trkpt lat="48.91964899376035" lon="-120.77227265574038">
        <time>2005-09-25T10:57:42-07:00</time>
      </trkpt>
      <trkpt lat="48.91970431432128" lon="-120.77223401516676">
        <time>2005-09-25T10:57:49-07:00</time>
      </trkpt>
      <trkpt lat="48.91979341395199" lon="-120.77222370542586">
        <time>2005-09-25T10:57:50-07:00</time>
      </trkpt>
      <trkpt lat="48.919837502762675" lon="-120.77224197797477">
        <time>2005-09-25T10:57:56-07:00</time>
      </trkpt>
      <trkpt lat="48.91986885108054" lon="-120.77224901877344">
        <time>2005-09-25T10:57:57-07:00</time>
      </trkpt>
      <trkpt lat="48.919899528846145" lon="-120.77224457636476">
        <time>2005-09-25T10:58:02-07:00</time>
      </trkpt>
      <trkpt lat="48.919947473332286" lon="-120.77220970764756">
        <time>2005-09-25T10:58:03-07:00</time>
      </trkpt>
      <trkpt lat="48.9200503192842" lon="-120.7721627689898">
        <time>2005-09-25T10:58:05-07:00</time>
      </trkpt>
      <trkpt lat="48.92010614275932" lon="-120.77212437987328">
        <time>2005-09-25T10:58:10-07:00</time>
      </trkpt>
      <trkpt lat="48.92013246193528" lon="-120.77209621667862">
        <time>2005-09-25T10:58:16-07:00</time>
      </trkpt>
      <trkpt lat="48.92015291377902" lon="-120.77204927802086">
        <time>2005-09-25T10:58:18-07:00</time>
      </trkpt>
      <trkpt lat="48.92017286270857" lon="-120.77198213897645">
        <time>2005-09-25T10:58:25-07:00</time>
      </trkpt>
      <trkpt lat="48.92018090933561" lon="-120.7719674706459">
        <time>2005-09-25T10:58:32-07:00</time>
      </trkpt>
      <trkpt lat="48.920266488566995" lon="-120.77188440598547">
        <time>2005-09-25T10:58:36-07:00</time>
      </trkpt>
      <trkpt lat="48.920331029221416" lon="-120.77180553227663">
        <time>2005-09-25T10:58:40-07:00</time>
      </trkpt>
      <trkpt lat="48.920358857139945" lon="-120.77176270075142">
        <time>2005-09-25T10:58:43-07:00</time>
      </trkpt>
      <trkpt lat="48.92040889710188" lon="-120.77169162221253">
        <time>2005-09-25T10:58:44-07:00</time>
      </trkpt>
      <trkpt lat="48.920471174642444" lon="-120.7715998403728">
        <time>2005-09-25T10:58:49-07:00</time>
      </trkpt>
      <trkpt lat="48.92054317519069" lon="-120.77153873629868">
        <time>2005-09-25T10:58:53-07:00</time>
      </trkpt>
      <trkpt lat="48.92055440694094" lon="-120.77152457088232">
        <time>2005-09-25T10:58:58-07:00</time>
      </trkpt>
      <trkpt lat="48.92058005556464" lon="-120.77149774879217">
        <time>2005-09-25T10:59:00-07:00</time>
      </trkpt>
      <trkpt lat="48.920590532943606" lon="-120.77148819342256">
        <time>2005-09-25T10:59:05-07:00</time>
      </trkpt>
      <trkpt lat="48.920601177960634" lon="-120.77147134579718">
        <time>2005-09-25T10:59:06-07:00</time>
      </trkpt>
      <trkpt lat="48.9206203725189" lon="-120.77144385315478">
        <time>2005-09-25T10:59:12-07:00</time>
      </trkpt>
      <trkpt lat="48.92066362313926" lon="-120.77140831388533">
        <time>2005-09-25T10:59:14-07:00</time>
      </trkpt>
      <trkpt lat="48.92067627981305" lon="-120.77140437439084">
        <time>2005-09-25T10:59:15-07:00</time>
      </trkpt>
      <trkpt lat="48.92077493481338" lon="-120.77136757783592">
        <time>2005-09-25T10:59:25-07:00</time>
      </trkpt>
      <trkpt lat="48.92080075107515" lon="-120.77135425060987">
        <time>2005-09-25T10:59:26-07:00</time>
      </trkpt>
      <trkpt lat="48.920844588428736" lon="-120.77131913043559">
        <time>2005-09-25T10:59:31-07:00</time>
      </trkpt>
      <trkpt lat="48.92090485431254" lon="-120.77126598916948">
        <time>2005-09-25T10:59:33-07:00</time>
      </trkpt>
      <trkpt lat="48.92093176022172" lon="-120.77124855481088">
        <time>2005-09-25T10:59:43-07:00</time>
      </trkpt>
      <trkpt lat="48.92095833085477" lon="-120.77123464085162">
        <time>2005-09-25T10:59:46-07:00</time>
      </trkpt>
      <trkpt lat="48.921038042753935" lon="-120.77121058478951">
        <time>2005-09-25T10:59:51-07:00</time>
      </trkpt>
      <trkpt lat="48.921076180413365" lon="-120.77119382098317">
        <time>2005-09-25T10:59:52-07:00</time>
      </trkpt>
      <trkpt lat="48.92115890979767" lon="-120.77118820510805">
        <time>2005-09-25T10:59:58-07:00</time>
      </trkpt>
      <trkpt lat="48.921192018315196" lon="-120.77122575603426">
        <time>2005-09-25T10:59:59-07:00</time>
      </trkpt>
      <trkpt lat="48.921182127669454" lon="-120.77123413793743">
        <time>2005-09-25T11:00:01-07:00</time>
      </trkpt>
      <trkpt lat="48.92116863280535" lon="-120.77123003080487">
        <time>2005-09-25T11:00:08-07:00</time>
      </trkpt>
      <trkpt lat="48.92113208770752" lon="-120.77123044990003">
        <time>2005-09-25T11:00:09-07:00</time>
      </trkpt>
      <trkpt lat="48.921104008331895" lon="-120.77123648487031">
        <time>2005-09-25T11:00:15-07:00</time>
      </trkpt>
      <trkpt lat="48.92101155593991" lon="-120.77128577046096">
        <time>2005-09-25T11:00:18-07:00</time>
      </trkpt>
      <trkpt lat="48.92099982127547" lon="-120.77129767276347">
        <time>2005-09-25T11:00:24-07:00</time>
      </trkpt>
      <trkpt lat="48.92094290815294" lon="-120.77137797139585">
        <time>2005-09-25T11:00:33-07:00</time>
      </trkpt>
      <trkpt lat="48.920914912596345" lon="-120.77142021618783">
        <time>2005-09-25T11:00:37-07:00</time>
      </trkpt>
      <trkpt lat="48.92089705914259" lon="-120.77144896611571">
        <time>2005-09-25T11:00:40-07:00</time>
      </trkpt>
      <trkpt lat="48.92084282822907" lon="-120.77152792364359">
        <time>2005-09-25T11:00:43-07:00</time>
      </trkpt>
      <trkpt lat="48.920858670026064" lon="-120.77154242433608">
        <time>2005-09-25T11:00:48-07:00</time>
      </trkpt>
      <trkpt lat="48.92088037915528" lon="-120.77153395861387">
        <time>2005-09-25T11:00:57-07:00</time>
      </trkpt>
      <trkpt lat="48.92091667279601" lon="-120.77151090838015">
        <time>2005-09-25T11:01:02-07:00</time>
      </trkpt>
      <trkpt lat="48.920967634767294" lon="-120.77147612348199">
        <time>2005-09-25T11:01:05-07:00</time>
      </trkpt>
      <trkpt lat="48.920991187915206" lon="-120.77146489173174">
        <time>2005-09-25T11:01:08-07:00</time>
      </trkpt>
      <trkpt lat="48.92104332335293" lon="-120.7714460324496">
        <time>2005-09-25T11:01:12-07:00</time>
      </trkpt>
      <trkpt lat="48.921104008331895" lon="-120.77143521979451">
        <time>2005-09-25T11:01:13-07:00</time>
      </trkpt>
      <trkpt lat="48.92111741937697" lon="-120.77143186703324">
        <time>2005-09-25T11:01:21-07:00</time>
      </trkpt>
      <trkpt lat="48.92114860005677" lon="-120.77145667746663">
        <time>2005-09-25T11:01:27-07:00</time>
      </trkpt>
      <trkpt lat="48.921140218153596" lon="-120.77146271243691">
        <time>2005-09-25T11:01:30-07:00</time>
      </trkpt>
      <trkpt lat="48.92113175243139" lon="-120.77147126197815">
        <time>2005-09-25T11:01:36-07:00</time>
      </trkpt>
      <trkpt lat="48.92110023647547" lon="-120.77150269411504">
        <time>2005-09-25T11:01:43-07:00</time>
      </trkpt>
      <trkpt lat="48.92107919789851" lon="-120.7715242356062">
        <time>2005-09-25T11:01:49-07:00</time>
      </trkpt>
      <trkpt lat="48.92105673439801" lon="-120.77154678292572">
        <time>2005-09-25T11:01:50-07:00</time>
      </trkpt>
      <trkpt lat="48.92099219374359" lon="-120.77160470187664">
        <time>2005-09-25T11:01:52-07:00</time>
      </trkpt>
      <trkpt lat="48.92097434028983" lon="-120.7716238964349">
        <time>2005-09-25T11:01:53-07:00</time>
      </trkpt>
      <trkpt lat="48.92094978131354" lon="-120.77163521200418">
        <time>2005-09-25T11:01:54-07:00</time>
      </trkpt>
      <trkpt lat="48.92087501473725" lon="-120.77170033939183">
        <time>2005-09-25T11:01:56-07:00</time>
      </trkpt>
      <trkpt lat="48.920793207362294" lon="-120.7717652991414">
        <time>2005-09-25T11:02:00-07:00</time>
      </trkpt>
      <trkpt lat="48.9207599312067" lon="-120.7718776166439">
        <time>2005-09-25T11:02:01-07:00</time>
      </trkpt>
      <trkpt lat="48.92075247131288" lon="-120.77190142124891">
        <time>2005-09-25T11:02:09-07:00</time>
      </trkpt>
      <trkpt lat="48.92073352821171" lon="-120.77193302102387">
        <time>2005-09-25T11:02:11-07:00</time>
      </trkpt>
      <trkpt lat="48.920718524605036" lon="-120.77198456972837">
        <time>2005-09-25T11:02:15-07:00</time>
      </trkpt>
      <trkpt lat="48.92071349546313" lon="-120.77200351282954">
        <time>2005-09-25T11:02:20-07:00</time>
      </trkpt>
      <trkpt lat="48.9206875115633" lon="-120.77209051698446">
        <time>2005-09-25T11:02:22-07:00</time>
      </trkpt>
      <trkpt lat="48.920697486028075" lon="-120.7721281517297">
        <time>2005-09-25T11:02:24-07:00</time>
      </trkpt>
      <trkpt lat="48.92073344439268" lon="-120.77204265631735">
        <time>2005-09-25T11:02:30-07:00</time>
      </trkpt>
      <trkpt lat="48.92074844799936" lon="-120.77200870960951">
        <time>2005-09-25T11:02:33-07:00</time>
      </trkpt>
      <trkpt lat="48.92081106081605" lon="-120.77194006182253">
        <time>2005-09-25T11:02:40-07:00</time>
      </trkpt>
      <trkpt lat="48.920863615348935" lon="-120.7718810532242">
        <time>2005-09-25T11:02:46-07:00</time>
      </trkpt>
      <trkpt lat="48.920893957838416" lon="-120.77186009846628">
        <time>2005-09-25T11:02:47-07:00</time>
      </trkpt>
      <trkpt lat="48.92093628644943" lon="-120.77186261303723">
        <time>2005-09-25T11:02:48-07:00</time>
      </trkpt>
      <trkpt lat="48.92096159979701" lon="-120.77186001464725">
        <time>2005-09-25T11:02:51-07:00</time>
      </trkpt>
      <trkpt lat="48.920976435765624" lon="-120.7718606851995">
        <time>2005-09-25T11:02:53-07:00</time>
      </trkpt>
      <trkpt lat="48.92100057564676" lon="-120.77185615897179">
        <time>2005-09-25T11:03:01-07:00</time>
      </trkpt>
      <trkpt lat="48.92104449681938" lon="-120.77186160720885">
        <time>2005-09-25T11:03:02-07:00</time>
      </trkpt>
      <trkpt lat="48.9210691396147" lon="-120.77186479233205">
        <time>2005-09-25T11:03:08-07:00</time>
      </trkpt>
      <trkpt lat="48.9210916031152" lon="-120.77186311595142">
        <time>2005-09-25T11:03:11-07:00</time>
      </trkpt>
      <trkpt lat="48.92111632972956" lon="-120.7718585897237">
        <time>2005-09-25T11:03:13-07:00</time>
      </trkpt>
      <trkpt lat="48.92112714238465" lon="-120.77185498550534">
        <time>2005-09-25T11:03:19-07:00</time>
      </trkpt>
      <trkpt lat="48.92116284929216" lon="-120.7718226313591">
        <time>2005-09-25T11:03:20-07:00</time>
      </trkpt>
      <trkpt lat="48.92125530168414" lon="-120.77175674960017">
        <time>2005-09-25T11:03:22-07:00</time>
      </trkpt>
      <trkpt lat="48.92127885483205" lon="-120.77174199745059">
        <time>2005-09-25T11:03:25-07:00</time>
      </trkpt>
      <trkpt lat="48.92131531611085" lon="-120.77172657474875">
        <time>2005-09-25T11:03:30-07:00</time>
      </trkpt>
      <trkpt lat="48.921354711055756" lon="-120.77169463969767">
        <time>2005-09-25T11:03:32-07:00</time>
      </trkpt>
      <trkpt lat="48.92143811099231" lon="-120.77165968716145">
        <time>2005-09-25T11:03:36-07:00</time>
      </trkpt>
      <trkpt lat="48.921532994136214" lon="-120.77168114483356">
        <time>2005-09-25T11:03:41-07:00</time>
      </trkpt>
      <trkpt lat="48.92157104797661" lon="-120.77167988754809">
        <time>2005-09-25T11:03:42-07:00</time>
      </trkpt>
      <trkpt lat="48.92162410542369" lon="-120.77166454866529">
        <time>2005-09-25T11:03:47-07:00</time>
      </trkpt>
      <trkpt lat="48.921637097373605" lon="-120.77166857197881">
        <time>2005-09-25T11:03:48-07:00</time>
      </trkpt>
      <trkpt lat="48.92171488143504" lon="-120.77170603908598">
        <time>2005-09-25T11:03:49-07:00</time>
      </trkpt>
      <trkpt lat="48.92177749425173" lon="-120.77173244208097">
        <time>2005-09-25T11:03:53-07:00</time>
      </trkpt>
      <trkpt lat="48.92178780399263" lon="-120.771737806499">
        <time>2005-09-25T11:03:55-07:00</time>
      </trkpt>
      <trkpt lat="48.92182258889079" lon="-120.77174845151603">
        <time>2005-09-25T11:03:57-07:00</time>
      </trkpt>
      <trkpt lat="48.92188796773553" lon="-120.7717105653137">
        <time>2005-09-25T11:04:03-07:00</time>
      </trkpt>
      <trkpt lat="48.921932727098465" lon="-120.77168701216578">
        <time>2005-09-25T11:04:05-07:00</time>
      </trkpt>
      <trkpt lat="48.9219431206584" lon="-120.77168324030936">
        <time>2005-09-25T11:04:07-07:00</time>
      </trkpt>
      <trkpt lat="48.921979581937194" lon="-120.7716738525778">
        <time>2005-09-25T11:04:14-07:00</time>
      </trkpt>
      <trkpt lat="48.92200388945639" lon="-120.7716706674546">
        <time>2005-09-25T11:04:22-07:00</time>
      </trkpt>
      <trkpt lat="48.92205870710313" lon="-120.77167863026261">
        <time>2005-09-25T11:04:30-07:00</time>
      </trkpt>
      <trkpt lat="48.92208309844136" lon="-120.77168139629066">
        <time>2005-09-25T11:04:32-07:00</time>
      </trkpt>
      <trkpt lat="48.92210648395121" lon="-120.77168717980385">
        <time>2005-09-25T11:04:35-07:00</time>
      </trkpt>
      <trkpt lat="48.92213037237525" lon="-120.771698160097">
        <time>2005-09-25T11:04:38-07:00</time>
      </trkpt>
      <trkpt lat="48.92220421694219" lon="-120.77173068188131">
        <time>2005-09-25T11:04:39-07:00</time>
      </trkpt>
      <trkpt lat="48.922325586900115" lon="-120.77173311263323">
        <time>2005-09-25T11:04:44-07:00</time>
      </trkpt>
      <trkpt lat="48.92237856052816" lon="-120.77170243486762">
        <time>2005-09-25T11:04:48-07:00</time>
      </trkpt>
      <trkpt lat="48.92241669818759" lon="-120.77170419506729">
        <time>2005-09-25T11:04:53-07:00</time>
      </trkpt>
      <trkpt lat="48.92247520387173" lon="-120.77172263525426">
        <time>2005-09-25T11:04:55-07:00</time>
      </trkpt>
      <trkpt lat="48.92253488302231" lon="-120.77171148732305">
        <time>2005-09-25T11:05:01-07:00</time>
      </trkpt>
      <trkpt lat="48.922609481960535" lon="-120.77176949009299">
        <time>2005-09-25T11:05:06-07:00</time>
      </trkpt>
      <trkpt lat="48.92268684692681" lon="-120.77173881232738">
        <time>2005-09-25T11:05:09-07:00</time>
      </trkpt>
      <trkpt lat="48.9227650500834" lon="-120.77176429331303">
        <time>2005-09-25T11:05:13-07:00</time>
      </trkpt>
      <trkpt lat="48.92277846112847" lon="-120.77176965773106">
        <time>2005-09-25T11:05:16-07:00</time>
      </trkpt>
      <trkpt lat="48.922839565202594" lon="-120.77175674960017">
        <time>2005-09-25T11:05:17-07:00</time>
      </trkpt>
      <trkpt lat="48.92287007533014" lon="-120.77173613011837">
        <time>2005-09-25T11:05:19-07:00</time>
      </trkpt>
      <trkpt lat="48.92289279028773" lon="-120.77173101715744">
        <time>2005-09-25T11:05:23-07:00</time>
      </trkpt>
      <trkpt lat="48.92294769175351" lon="-120.77172238379717">
        <time>2005-09-25T11:05:25-07:00</time>
      </trkpt>
      <trkpt lat="48.92295900732279" lon="-120.77172716148198">
        <time>2005-09-25T11:05:27-07:00</time>
      </trkpt>
      <trkpt lat="48.923018518835306" lon="-120.7718017604202">
        <time>2005-09-25T11:05:29-07:00</time>
      </trkpt>
      <trkpt lat="48.92303477972746" lon="-120.77183377929032">
        <time>2005-09-25T11:05:30-07:00</time>
      </trkpt>
      <trkpt lat="48.92303151078522" lon="-120.77189102768898">
        <time>2005-09-25T11:05:33-07:00</time>
      </trkpt>
      <trkpt lat="48.923025811091065" lon="-120.771951880306">
        <time>2005-09-25T11:05:41-07:00</time>
      </trkpt>
      <trkpt lat="48.92305632121861" lon="-120.77200661413372">
        <time>2005-09-25T11:05:43-07:00</time>
      </trkpt>
      <trkpt lat="48.92308549024165" lon="-120.77200979925692">
        <time>2005-09-25T11:05:46-07:00</time>
      </trkpt>
      <trkpt lat="48.92317978665233" lon="-120.77196135185659">
        <time>2005-09-25T11:05:50-07:00</time>
      </trkpt>
      <trkpt lat="48.92323359847069" lon="-120.7719402294606">
        <time>2005-09-25T11:05:57-07:00</time>
      </trkpt>
      <trkpt lat="48.923290595412254" lon="-120.7719299197197">
        <time>2005-09-25T11:06:05-07:00</time>
      </trkpt>
      <trkpt lat="48.923300402238965" lon="-120.77193830162287">
        <time>2005-09-25T11:06:08-07:00</time>
      </trkpt>
      <trkpt lat="48.92334943637252" lon="-120.77202815562487">
        <time>2005-09-25T11:06:13-07:00</time>
      </trkpt>
      <trkpt lat="48.923367876559496" lon="-120.77204760164022">
        <time>2005-09-25T11:06:14-07:00</time>
      </trkpt>
      <trkpt lat="48.92342076636851" lon="-120.77208951115608">
        <time>2005-09-25T11:06:21-07:00</time>
      </trkpt>
      <trkpt lat="48.92346150241792" lon="-120.7720594201237">
        <time>2005-09-25T11:06:27-07:00</time>
      </trkpt>
      <trkpt lat="48.9234661962837" lon="-120.77204491943121">
        <time>2005-09-25T11:06:28-07:00</time>
      </trkpt>
      <trkpt lat="48.92349653877318" lon="-120.77195565216243">
        <time>2005-09-25T11:06:31-07:00</time>
      </trkpt>
      <trkpt lat="48.92350349575281" lon="-120.77192153781652">
        <time>2005-09-25T11:06:36-07:00</time>
      </trkpt>
      <trkpt lat="48.92350257374346" lon="-120.77190544456244">
        <time>2005-09-25T11:06:41-07:00</time>
      </trkpt>
      <trkpt lat="48.92349544912577" lon="-120.7718366291374">
        <time>2005-09-25T11:06:42-07:00</time>
      </trkpt>
      <trkpt lat="48.92350357957184" lon="-120.77181399799883">
        <time>2005-09-25T11:06:45-07:00</time>
      </trkpt>
      <trkpt lat="48.92351238057017" lon="-120.7718176022172">
        <time>2005-09-25T11:06:47-07:00</time>
      </trkpt>
      <trkpt lat="48.92352252267301" lon="-120.77182799577713">
        <time>2005-09-25T11:06:52-07:00</time>
      </trkpt>
      <trkpt lat="48.923548590391874" lon="-120.77186462469399">
        <time>2005-09-25T11:06:54-07:00</time>
      </trkpt>
      <trkpt lat="48.92358262091875" lon="-120.77193478122354">
        <time>2005-09-25T11:06:56-07:00</time>
      </trkpt>
      <trkpt lat="48.92358496785164" lon="-120.7719502877444">
        <time>2005-09-25T11:06:58-07:00</time>
      </trkpt>
      <trkpt lat="48.923582872375846" lon="-120.77201893553138">
        <time>2005-09-25T11:07:04-07:00</time>
      </trkpt>
      <trkpt lat="48.92358664423227" lon="-120.77207760885358">
        <time>2005-09-25T11:07:14-07:00</time>
      </trkpt>
      <trkpt lat="48.923595026135445" lon="-120.7720662932843">
        <time>2005-09-25T11:07:18-07:00</time>
      </trkpt>
      <trkpt lat="48.923617489635944" lon="-120.77202916145325">
        <time>2005-09-25T11:07:21-07:00</time>
      </trkpt>
      <trkpt lat="48.92366451211274" lon="-120.77195699326694">
        <time>2005-09-25T11:07:26-07:00</time>
      </trkpt>
      <trkpt lat="48.92367775551975" lon="-120.77193352393806">
        <time>2005-09-25T11:07:30-07:00</time>
      </trkpt>
      <trkpt lat="48.92369502224028" lon="-120.77192028053105">
        <time>2005-09-25T11:07:37-07:00</time>
      </trkpt>
      <trkpt lat="48.92370323650539" lon="-120.77191491611302">
        <time>2005-09-25T11:07:43-07:00</time>
      </trkpt>
      <trkpt lat="48.92372930422425" lon="-120.77189220115542">
        <time>2005-09-25T11:07:49-07:00</time>
      </trkpt>
      <trkpt lat="48.9237405359745" lon="-120.77189018949866">
        <time>2005-09-25T11:07:50-07:00</time>
      </trkpt>
      <trkpt lat="48.92382846213877" lon="-120.77186814509332">
        <time>2005-09-25T11:07:55-07:00</time>
      </trkpt>
      <trkpt lat="48.923873556777835" lon="-120.77181056141853">
        <time>2005-09-25T11:07:58-07:00</time>
      </trkpt>
      <trkpt lat="48.92389627173543" lon="-120.77180117368698">
        <time>2005-09-25T11:08:00-07:00</time>
      </trkpt>
      <trkpt lat="48.92396559007466" lon="-120.77178306877613">
        <time>2005-09-25T11:08:05-07:00</time>
      </trkpt>
      <trkpt lat="48.92402334138751" lon="-120.77179580926895">
        <time>2005-09-25T11:08:06-07:00</time>
      </trkpt>
      <trkpt lat="48.92405510880053" lon="-120.77182011678815">
        <time>2005-09-25T11:08:12-07:00</time>
      </trkpt>
      <trkpt lat="48.924077488482" lon="-120.77184023335576">
        <time>2005-09-25T11:08:14-07:00</time>
      </trkpt>
      <trkpt lat="48.92413180321455" lon="-120.77188625000417">
        <time>2005-09-25T11:08:17-07:00</time>
      </trkpt>
      <trkpt lat="48.92418075352907" lon="-120.77195950783789">
        <time>2005-09-25T11:08:20-07:00</time>
      </trkpt>
      <trkpt lat="48.92419131472707" lon="-120.77201826497912">
        <time>2005-09-25T11:08:24-07:00</time>
      </trkpt>
      <trkpt lat="48.924194164574146" lon="-120.77203754335642">
        <time>2005-09-25T11:08:26-07:00</time>
      </trkpt>
      <trkpt lat="48.924202881753445" lon="-120.77209068462253">
        <time>2005-09-25T11:08:34-07:00</time>
      </trkpt>
      <trkpt lat="48.92420807853341" lon="-120.7721424009651">
        <time>2005-09-25T11:08:38-07:00</time>
      </trkpt>
      <trkpt lat="48.924209754914045" lon="-120.77218439429998">
        <time>2005-09-25T11:08:42-07:00</time>
      </trkpt>
      <trkpt lat="48.92419835552573" lon="-120.77222194522619">
        <time>2005-09-25T11:08:43-07:00</time>
      </trkpt>
      <trkpt lat="48.92419424839318" lon="-120.7722317520529">
        <time>2005-09-25T11:08:50-07:00</time>
      </trkpt>
      <trkpt lat="48.924196427688" lon="-120.77226360328496">
        <time>2005-09-25T11:08:52-07:00</time>
      </trkpt>
      <trkpt lat="48.92420749180019" lon="-120.77226804569364">
        <time>2005-09-25T11:08:57-07:00</time>
      </trkpt>
      <trkpt lat="48.9242241717875" lon="-120.77225086279213">
        <time>2005-09-25T11:09:02-07:00</time>
      </trkpt>
      <trkpt lat="48.924231715500355" lon="-120.77223317697644">
        <time>2005-09-25T11:09:03-07:00</time>
      </trkpt>
      <trkpt lat="48.92426700331271" lon="-120.77213737182319">
        <time>2005-09-25T11:09:09-07:00</time>
      </trkpt>
      <trkpt lat="48.924274295568466" lon="-120.77212119475007">
        <time>2005-09-25T11:09:11-07:00</time>
      </trkpt>
      <trkpt lat="48.92430866137147" lon="-120.7720195222646">
        <time>2005-09-25T11:09:12-07:00</time>
      </trkpt>
      <trkpt lat="48.92432081513107" lon="-120.77197501435876">
        <time>2005-09-25T11:09:16-07:00</time>
      </trkpt>
      <trkpt lat="48.92431712709367" lon="-120.7719486951828">
        <time>2005-09-25T11:09:18-07:00</time>
      </trkpt>
      <trkpt lat="48.92432819120586" lon="-120.7718971464783">
        <time>2005-09-25T11:09:19-07:00</time>
      </trkpt>
      <trkpt lat="48.9243383333087" lon="-120.77190334908664">
        <time>2005-09-25T11:09:20-07:00</time>
      </trkpt>
      <trkpt lat="48.92435803078115" lon="-120.77193746343255">
        <time>2005-09-25T11:09:23-07:00</time>
      </trkpt>
      <trkpt lat="48.924383260309696" lon="-120.77201440930367">
        <time>2005-09-25T11:09:29-07:00</time>
      </trkpt>
      <trkpt lat="48.92438929527998" lon="-120.77202907763422">
        <time>2005-09-25T11:09:30-07:00</time>
      </trkpt>
      <trkpt lat="48.92441377043724" lon="-120.7720715738833">
        <time>2005-09-25T11:09:34-07:00</time>
      </trkpt>
      <trkpt lat="48.924424247816205" lon="-120.77211717143655">
        <time>2005-09-25T11:09:38-07:00</time>
      </trkpt>
      <trkpt lat="48.924429193139076" lon="-120.77214969322085">
        <time>2005-09-25T11:09:39-07:00</time>
      </trkpt>
      <trkpt lat="48.92442709766328" lon="-120.77221549116075">
        <time>2005-09-25T11:09:42-07:00</time>
      </trkpt>
      <trkpt lat="48.924437491223216" lon="-120.77220886945724">
        <time>2005-09-25T11:09:48-07:00</time>
      </trkpt>
      <trkpt lat="48.92445928417146" lon="-120.77218422666192">
        <time>2005-09-25T11:09:50-07:00</time>
      </trkpt>
      <trkpt lat="48.924482837319374" lon="-120.77215581201017">
        <time>2005-09-25T11:09:52-07:00</time>
      </trkpt>
      <trkpt lat="48.92451980151236" lon="-120.77212278731167">
        <time>2005-09-25T11:09:53-07:00</time>
      </trkpt>
      <trkpt lat="48.924562549218535" lon="-120.77210174873471">
        <time>2005-09-25T11:09:56-07:00</time>
      </trkpt>
      <trkpt lat="48.92458098940551" lon="-120.77207827940583">
        <time>2005-09-25T11:09:57-07:00</time>
      </trkpt>
      <trkpt lat="48.92461594194174" lon="-120.77202698215842">
        <time>2005-09-25T11:10:04-07:00</time>
      </trkpt>
      <trkpt lat="48.92465910874307" lon="-120.77199102379382">
        <time>2005-09-25T11:10:09-07:00</time>
      </trkpt>
      <trkpt lat="48.92472289502621" lon="-120.77195665799081">
        <time>2005-09-25T11:10:11-07:00</time>
      </trkpt>
      <trkpt lat="48.924784334376454" lon="-120.77195657417178">
        <time>2005-09-25T11:10:19-07:00</time>
      </trkpt>
      <trkpt lat="48.92480847425759" lon="-120.7719766907394">
        <time>2005-09-25T11:10:24-07:00</time>
      </trkpt>
      <trkpt lat="48.924893382936716" lon="-120.77209965325892">
        <time>2005-09-25T11:10:27-07:00</time>
      </trkpt>
      <trkpt lat="48.924973513931036" lon="-120.7721781078726">
        <time>2005-09-25T11:10:29-07:00</time>
      </trkpt>
      <trkpt lat="48.92504467628896" lon="-120.77219378203154">
        <time>2005-09-25T11:10:34-07:00</time>
      </trkpt>
      <trkpt lat="48.925068564713" lon="-120.77219872735441">
        <time>2005-09-25T11:10:41-07:00</time>
      </trkpt>
      <trkpt lat="48.925107372924685" lon="-120.77215623110533">
        <time>2005-09-25T11:10:44-07:00</time>
      </trkpt>
      <trkpt lat="48.9251290820539" lon="-120.77209655195475">
        <time>2005-09-25T11:10:45-07:00</time>
      </trkpt>
      <trkpt lat="48.92522438429296" lon="-120.77197979204357">
        <time>2005-09-25T11:10:49-07:00</time>
      </trkpt>
      <trkpt lat="48.92534793354571" lon="-120.77193209901452">
        <time>2005-09-25T11:10:53-07:00</time>
      </trkpt>
      <trkpt lat="48.925462095066905" lon="-120.77198339626193">
        <time>2005-09-25T11:10:56-07:00</time>
      </trkpt>
      <trkpt lat="48.92554675228894" lon="-120.77202698215842">
        <time>2005-09-25T11:11:00-07:00</time>
      </trkpt>
      <trkpt lat="48.925644820556045" lon="-120.77205791138113">
        <time>2005-09-25T11:11:01-07:00</time>
      </trkpt>
      <trkpt lat="48.92574900761247" lon="-120.7720504514873">
        <time>2005-09-25T11:11:04-07:00</time>
      </trkpt>
      <trkpt lat="48.925850093364716" lon="-120.77196705155075">
        <time>2005-09-25T11:11:05-07:00</time>
      </trkpt>
      <trkpt lat="48.92592544667423" lon="-120.77192522585392">
        <time>2005-09-25T11:11:07-07:00</time>
      </trkpt>
      <trkpt lat="48.92602611333132" lon="-120.7719262316823">
        <time>2005-09-25T11:11:08-07:00</time>
      </trkpt>
      <trkpt lat="48.92610398121178" lon="-120.7718554046005">
        <time>2005-09-25T11:11:14-07:00</time>
      </trkpt>
      <trkpt lat="48.92611563205719" lon="-120.77184475958347">
        <time>2005-09-25T11:11:15-07:00</time>
      </trkpt>
      <trkpt lat="48.9261875487864" lon="-120.77179916203022">
        <time>2005-09-25T11:11:21-07:00</time>
      </trkpt>
      <trkpt lat="48.926222920417786" lon="-120.77179262414575">
        <time>2005-09-25T11:11:24-07:00</time>
      </trkpt>
      <trkpt lat="48.926321156322956" lon="-120.77176949009299">
        <time>2005-09-25T11:11:26-07:00</time>
      </trkpt>
      <trkpt lat="48.92633347772062" lon="-120.77176345512271">
        <time>2005-09-25T11:11:30-07:00</time>
      </trkpt>
      <trkpt lat="48.9263654127717" lon="-120.77171023003757">
        <time>2005-09-25T11:11:31-07:00</time>
      </trkpt>
      <trkpt lat="48.926392989233136" lon="-120.77167217619717">
        <time>2005-09-25T11:11:34-07:00</time>
      </trkpt>
      <trkpt lat="48.926442274823785" lon="-120.77162515372038">
        <time>2005-09-25T11:11:39-07:00</time>
      </trkpt>
      <trkpt lat="48.92645954154432" lon="-120.77160411514342">
        <time>2005-09-25T11:11:40-07:00</time>
      </trkpt>
      <trkpt lat="48.926561046391726" lon="-120.77150059863925">
        <time>2005-09-25T11:11:43-07:00</time>
      </trkpt>
      <trkpt lat="48.92660421319306" lon="-120.7714222278446">
        <time>2005-09-25T11:11:46-07:00</time>
      </trkpt>
      <trkpt lat="48.92662667669356" lon="-120.77139833942056">
        <time>2005-09-25T11:11:48-07:00</time>
      </trkpt>
      <trkpt lat="48.92666925676167" lon="-120.77136129140854">
        <time>2005-09-25T11:11:52-07:00</time>
      </trkpt>
      <trkpt lat="48.926706640049815" lon="-120.77130060642958">
        <time>2005-09-25T11:11:54-07:00</time>
      </trkpt>
      <trkpt lat="48.926712926477194" lon="-120.77128417789936">
        <time>2005-09-25T11:11:56-07:00</time>
      </trkpt>
      <trkpt lat="48.92672700807452" lon="-120.7712491415441">
        <time>2005-09-25T11:11:59-07:00</time>
      </trkpt>
      <trkpt lat="48.926769671961665" lon="-120.77114034444094">
        <time>2005-09-25T11:12:03-07:00</time>
      </trkpt>
      <trkpt lat="48.92678568139672" lon="-120.77110505662858">
        <time>2005-09-25T11:12:07-07:00</time>
      </trkpt>
      <trkpt lat="48.926833709701896" lon="-120.77101495116949">
        <time>2005-09-25T11:12:09-07:00</time>
      </trkpt>
      <trkpt lat="48.92685332335532" lon="-120.7709541823715">
        <time>2005-09-25T11:12:13-07:00</time>
      </trkpt>
      <trkpt lat="48.92687687650323" lon="-120.77085519209504">
        <time>2005-09-25T11:12:17-07:00</time>
      </trkpt>
      <trkpt lat="48.92688089981675" lon="-120.77083767391741">
        <time>2005-09-25T11:12:22-07:00</time>
      </trkpt>
      <trkpt lat="48.92691392451525" lon="-120.77071865089238">
        <time>2005-09-25T11:12:27-07:00</time>
      </trkpt>
      <trkpt lat="48.92696421593428" lon="-120.77064606361091">
        <time>2005-09-25T11:12:29-07:00</time>
      </trkpt>
      <trkpt lat="48.926992546766996" lon="-120.77060407027602">
        <time>2005-09-25T11:12:38-07:00</time>
      </trkpt>
      <trkpt lat="48.927018446847796" lon="-120.77055302448571">
        <time>2005-09-25T11:12:46-07:00</time>
      </trkpt>
      <trkpt lat="48.92704267054796" lon="-120.77049954794347">
        <time>2005-09-25T11:12:52-07:00</time>
      </trkpt>
      <trkpt lat="48.92706714570522" lon="-120.77044925652444">
        <time>2005-09-25T11:12:54-07:00</time>
      </trkpt>
      <trkpt lat="48.92710234969854" lon="-120.77038153074682">
        <time>2005-09-25T11:12:58-07:00</time>
      </trkpt>
      <trkpt lat="48.9271165151149" lon="-120.77032964676619">
        <time>2005-09-25T11:13:01-07:00</time>
      </trkpt>
      <trkpt lat="48.9270977396518" lon="-120.77031900174916">
        <time>2005-09-25T11:13:11-07:00</time>
      </trkpt>
      <trkpt lat="48.927068654447794" lon="-120.7703619170934">
        <time>2005-09-25T11:13:21-07:00</time>
      </trkpt>
      <trkpt lat="48.92702121287584" lon="-120.77041916549206">
        <time>2005-09-25T11:13:30-07:00</time>
      </trkpt>
      <trkpt lat="48.92700134776533" lon="-120.77044246718287">
        <time>2005-09-25T11:13:37-07:00</time>
      </trkpt>
      <trkpt lat="48.92694820649922" lon="-120.77050633728504">
        <time>2005-09-25T11:13:46-07:00</time>
      </trkpt>
      <trkpt lat="48.92692482098937" lon="-120.77051606029272">
        <time>2005-09-25T11:13:55-07:00</time>
      </trkpt>
      <trkpt lat="48.92689045518637" lon="-120.77053743414581">
        <time>2005-09-25T11:14:03-07:00</time>
      </trkpt>
      <trkpt lat="48.926848294213414" lon="-120.77057481743395">
        <time>2005-09-25T11:14:10-07:00</time>
      </trkpt>
      <trkpt lat="48.926838571205735" lon="-120.77058428898454">
        <time>2005-09-25T11:14:18-07:00</time>
      </trkpt>
      <trkpt lat="48.92682868055999" lon="-120.77059560455382">
        <time>2005-09-25T11:14:25-07:00</time>
      </trkpt>
      <trkpt lat="48.9268109947443" lon="-120.77057406306267">
        <time>2005-09-25T11:14:26-07:00</time>
      </trkpt>
      <trkpt lat="48.926817616447806" lon="-120.77056601643562">
        <time>2005-09-25T11:14:32-07:00</time>
      </trkpt>
      <trkpt lat="48.926886515691876" lon="-120.77046778053045">
        <time>2005-09-25T11:14:35-07:00</time>
      </trkpt>
      <trkpt lat="48.926898166537285" lon="-120.77045286074281">
        <time>2005-09-25T11:14:43-07:00</time>
      </trkpt>
      <trkpt lat="48.926922054961324" lon="-120.77041413635015">
        <time>2005-09-25T11:14:44-07:00</time>
      </trkpt>
      <trkpt lat="48.92693462781608" lon="-120.77038588933647">
        <time>2005-09-25T11:14:48-07:00</time>
      </trkpt>
      <trkpt lat="48.92695281654596" lon="-120.77035529538989">
        <time>2005-09-25T11:14:51-07:00</time>
      </trkpt>
      <trkpt lat="48.92697175964713" lon="-120.77029947191477">
        <time>2005-09-25T11:14:56-07:00</time>
      </trkpt>
      <trkpt lat="48.92699958756566" lon="-120.77022629790008">
        <time>2005-09-25T11:14:58-07:00</time>
      </trkpt>
      <trkpt lat="48.927023224532604" lon="-120.7701853942126">
        <time>2005-09-25T11:15:08-07:00</time>
      </trkpt>
      <trkpt lat="48.92705331556499" lon="-120.77013107948005">
        <time>2005-09-25T11:15:13-07:00</time>
      </trkpt>
      <trkpt lat="48.92706546932459" lon="-120.7701024133712">
        <time>2005-09-25T11:15:15-07:00</time>
      </trkpt>
      <trkpt lat="48.927087765187025" lon="-120.77006360515952">
        <time>2005-09-25T11:15:19-07:00</time>
      </trkpt>
      <trkpt lat="48.92711400054395" lon="-120.7699903473258">
        <time>2005-09-25T11:15:23-07:00</time>
      </trkpt>
      <trkpt lat="48.92711886204779" lon="-120.76997827738523">
        <time>2005-09-25T11:15:24-07:00</time>
      </trkpt>
      <trkpt lat="48.92715347930789" lon="-120.76989060267806">
        <time>2005-09-25T11:15:26-07:00</time>
      </trkpt>
      <trkpt lat="48.92718776129186" lon="-120.76980862766504">
        <time>2005-09-25T11:15:33-07:00</time>
      </trkpt>
      <trkpt lat="48.92719396390021" lon="-120.76979605481029">
        <time>2005-09-25T11:15:35-07:00</time>
      </trkpt>
      <trkpt lat="48.92721760086715" lon="-120.76970636844635">
        <time>2005-09-25T11:15:41-07:00</time>
      </trkpt>
      <trkpt lat="48.92723361030221" lon="-120.76964719220996">
        <time>2005-09-25T11:15:45-07:00</time>
      </trkpt>
      <trkpt lat="48.927255403250456" lon="-120.76956085860729">
        <time>2005-09-25T11:15:51-07:00</time>
      </trkpt>
      <trkpt lat="48.92727116122842" lon="-120.76950243674219">
        <time>2005-09-25T11:15:52-07:00</time>
      </trkpt>
      <trkpt lat="48.92728457227349" lon="-120.76947754248977">
        <time>2005-09-25T11:15:59-07:00</time>
      </trkpt>
      <trkpt lat="48.92733134329319" lon="-120.76939045451581">
        <time>2005-09-25T11:16:05-07:00</time>
      </trkpt>
      <trkpt lat="48.92733964137733" lon="-120.76937335543334">
        <time>2005-09-25T11:16:08-07:00</time>
      </trkpt>
      <trkpt lat="48.92737375572324" lon="-120.76926137320697">
        <time>2005-09-25T11:16:11-07:00</time>
      </trkpt>
      <trkpt lat="48.927396638318896" lon="-120.76917118392885">
        <time>2005-09-25T11:16:15-07:00</time>
      </trkpt>
      <trkpt lat="48.92741650342941" lon="-120.76910027302802">
        <time>2005-09-25T11:16:18-07:00</time>
      </trkpt>
      <trkpt lat="48.92743167467415" lon="-120.76906372793019">
        <time>2005-09-25T11:16:22-07:00</time>
      </trkpt>
      <trkpt lat="48.927473835647106" lon="-120.76899172738194">
        <time>2005-09-25T11:16:25-07:00</time>
      </trkpt>
      <trkpt lat="48.927493784576654" lon="-120.7689701858908">
        <time>2005-09-25T11:16:28-07:00</time>
      </trkpt>
      <trkpt lat="48.927539633587" lon="-120.76889868825674">
        <time>2005-09-25T11:16:31-07:00</time>
      </trkpt>
      <trkpt lat="48.927556313574314" lon="-120.76887119561434">
        <time>2005-09-25T11:16:35-07:00</time>
      </trkpt>
      <trkpt lat="48.92757751978934" lon="-120.76881025917828">
        <time>2005-09-25T11:16:37-07:00</time>
      </trkpt>
      <trkpt lat="48.92757022753358" lon="-120.76881025917828">
        <time>2005-09-25T11:16:42-07:00</time>
      </trkpt>
      <trkpt lat="48.92755765467882" lon="-120.76881579123437">
        <time>2005-09-25T11:16:44-07:00</time>
      </trkpt>
      <trkpt lat="48.927460592240095" lon="-120.76892584562302">
        <time>2005-09-25T11:16:47-07:00</time>
      </trkpt>
      <trkpt lat="48.927381383255124" lon="-120.76898694969714">
        <time>2005-09-25T11:16:51-07:00</time>
      </trkpt>
      <trkpt lat="48.927372163161635" lon="-120.76899759471416">
        <time>2005-09-25T11:16:52-07:00</time>
      </trkpt>
      <trkpt lat="48.92733687534928" lon="-120.76903665438294">
        <time>2005-09-25T11:16:53-07:00</time>
      </trkpt>
      <trkpt lat="48.927298905327916" lon="-120.76910387724638">
        <time>2005-09-25T11:16:57-07:00</time>
      </trkpt>
      <trkpt lat="48.92727694474161" lon="-120.76914905570447">
        <time>2005-09-25T11:16:58-07:00</time>
      </trkpt>
      <trkpt lat="48.92723763361573" lon="-120.76926112174988">
        <time>2005-09-25T11:17:06-07:00</time>
      </trkpt>
      <trkpt lat="48.92719270661473" lon="-120.769332787022">
        <time>2005-09-25T11:17:07-07:00</time>
      </trkpt>
      <trkpt lat="48.92716781236231" lon="-120.7693758700043">
        <time>2005-09-25T11:17:10-07:00</time>
      </trkpt>
      <trkpt lat="48.92714258283377" lon="-120.7694271672517">
        <time>2005-09-25T11:17:12-07:00</time>
      </trkpt>
      <trkpt lat="48.927092207595706" lon="-120.76948282308877">
        <time>2005-09-25T11:17:14-07:00</time>
      </trkpt>
      <trkpt lat="48.92708935774863" lon="-120.76946681365371">
        <time>2005-09-25T11:17:17-07:00</time>
      </trkpt>
      <trkpt lat="48.92709916457534" lon="-120.76939162798226">
        <time>2005-09-25T11:17:22-07:00</time>
      </trkpt>
      <trkpt lat="48.927111234515905" lon="-120.76934485696256">
        <time>2005-09-25T11:17:25-07:00</time>
      </trkpt>
      <trkpt lat="48.92711534164846" lon="-120.76933261938393">
        <time>2005-09-25T11:17:29-07:00</time>
      </trkpt>
      <trkpt lat="48.92714727669954" lon="-120.76926816254854">
        <time>2005-09-25T11:17:31-07:00</time>
      </trkpt>
      <trkpt lat="48.92717443406582" lon="-120.76919834129512">
        <time>2005-09-25T11:17:34-07:00</time>
      </trkpt>
      <trkpt lat="48.92718683928251" lon="-120.7691633887589">
        <time>2005-09-25T11:17:39-07:00</time>
      </trkpt>
      <trkpt lat="48.92724090255797" lon="-120.76903791166842">
        <time>2005-09-25T11:17:40-07:00</time>
      </trkpt>
      <trkpt lat="48.927252888679504" lon="-120.76899943873286">
        <time>2005-09-25T11:17:45-07:00</time>
      </trkpt>
      <trkpt lat="48.92728482373059" lon="-120.76888083480299">
        <time>2005-09-25T11:17:50-07:00</time>
      </trkpt>
      <trkpt lat="48.9272909425199" lon="-120.7688665855676">
        <time>2005-09-25T11:17:51-07:00</time>
      </trkpt>
      <trkpt lat="48.92733762972057" lon="-120.76871210709214">
        <time>2005-09-25T11:17:56-07:00</time>
      </trkpt>
      <trkpt lat="48.92734173685312" lon="-120.7686921581626">
        <time>2005-09-25T11:17:59-07:00</time>
      </trkpt>
      <trkpt lat="48.92737710848451" lon="-120.76859610155225">
        <time>2005-09-25T11:18:04-07:00</time>
      </trkpt>
      <trkpt lat="48.927390770986676" lon="-120.76852921396494">
        <time>2005-09-25T11:18:08-07:00</time>
      </trkpt>
      <trkpt lat="48.92740074545145" lon="-120.76841806992888">
        <time>2005-09-25T11:18:10-07:00</time>
      </trkpt>
      <trkpt lat="48.92740309238434" lon="-120.76837599277496">
        <time>2005-09-25T11:18:16-07:00</time>
      </trkpt>
      <trkpt lat="48.9274135697633" lon="-120.76833953149617">
        <time>2005-09-25T11:18:17-07:00</time>
      </trkpt>
      <trkpt lat="48.92743527889252" lon="-120.76822981238365">
        <time>2005-09-25T11:18:23-07:00</time>
      </trkpt>
      <trkpt lat="48.927420526742935" lon="-120.76822880655527">
        <time>2005-09-25T11:18:28-07:00</time>
      </trkpt>
      <trkpt lat="48.92741256393492" lon="-120.7682426366955">
        <time>2005-09-25T11:18:32-07:00</time>
      </trkpt>
      <trkpt lat="48.92740812152624" lon="-120.76825353316963">
        <time>2005-09-25T11:18:35-07:00</time>
      </trkpt>
      <trkpt lat="48.92737719230354" lon="-120.76830290257931">
        <time>2005-09-25T11:18:40-07:00</time>
      </trkpt>
      <trkpt lat="48.92734852619469" lon="-120.76836149208248">
        <time>2005-09-25T11:18:42-07:00</time>
      </trkpt>
      <trkpt lat="48.92732757143676" lon="-120.76840398833156">
        <time>2005-09-25T11:18:48-07:00</time>
      </trkpt>
      <trkpt lat="48.92730200663209" lon="-120.7684704568237">
        <time>2005-09-25T11:18:50-07:00</time>
      </trkpt>
      <trkpt lat="48.92728482373059" lon="-120.76851873658597">
        <time>2005-09-25T11:18:54-07:00</time>
      </trkpt>
      <trkpt lat="48.9272771961987" lon="-120.76853457838297">
        <time>2005-09-25T11:18:55-07:00</time>
      </trkpt>
      <trkpt lat="48.92725205048919" lon="-120.7685436308384">
        <time>2005-09-25T11:18:56-07:00</time>
      </trkpt>
      <trkpt lat="48.92725464887917" lon="-120.76852644793689">
        <time>2005-09-25T11:19:05-07:00</time>
      </trkpt>
      <trkpt lat="48.92725707963109" lon="-120.76850675046444">
        <time>2005-09-25T11:19:13-07:00</time>
      </trkpt>
      <trkpt lat="48.92727141268551" lon="-120.76839133165777">
        <time>2005-09-25T11:19:14-07:00</time>
      </trkpt>
      <trkpt lat="48.927275352180004" lon="-120.76833198778331">
        <time>2005-09-25T11:19:17-07:00</time>
      </trkpt>
      <trkpt lat="48.92728876322508" lon="-120.76823542825878">
        <time>2005-09-25T11:19:22-07:00</time>
      </trkpt>
      <trkpt lat="48.9272927865386" lon="-120.76822151429951">
        <time>2005-09-25T11:19:25-07:00</time>
      </trkpt>
      <trkpt lat="48.92729387618601" lon="-120.76813694089651">
        <time>2005-09-25T11:19:32-07:00</time>
      </trkpt>
      <trkpt lat="48.92729337327182" lon="-120.76811933889985">
        <time>2005-09-25T11:19:37-07:00</time>
      </trkpt>
      <trkpt lat="48.92730535939336" lon="-120.76807072386146">
        <time>2005-09-25T11:19:41-07:00</time>
      </trkpt>
      <trkpt lat="48.92734098248184" lon="-120.76794784516096">
        <time>2005-09-25T11:19:44-07:00</time>
      </trkpt>
      <trkpt lat="48.92734861001372" lon="-120.7678869087249">
        <time>2005-09-25T11:19:49-07:00</time>
      </trkpt>
      <trkpt lat="48.927356572821736" lon="-120.76782857067883">
        <time>2005-09-25T11:19:50-07:00</time>
      </trkpt>
      <trkpt lat="48.927357997745275" lon="-120.76782203279436">
        <time>2005-09-25T11:19:54-07:00</time>
      </trkpt>
      <trkpt lat="48.927379958331585" lon="-120.7677579112351">
        <time>2005-09-25T11:19:57-07:00</time>
      </trkpt>
      <trkpt lat="48.92740602605045" lon="-120.76768264174461">
        <time>2005-09-25T11:19:58-07:00</time>
      </trkpt>
      <trkpt lat="48.92741918563843" lon="-120.76765271835029">
        <time>2005-09-25T11:20:03-07:00</time>
      </trkpt>
      <trkpt lat="48.92745112068951" lon="-120.76757166534662">
        <time>2005-09-25T11:20:07-07:00</time>
      </trkpt>
      <trkpt lat="48.92746612429619" lon="-120.7675227150321">
        <time>2005-09-25T11:20:09-07:00</time>
      </trkpt>
      <trkpt lat="48.92747366800904" lon="-120.76749036088586">
        <time>2005-09-25T11:20:17-07:00</time>
      </trkpt>
      <trkpt lat="48.927490347996354" lon="-120.76740846969187">
        <time>2005-09-25T11:20:19-07:00</time>
      </trkpt>
      <trkpt lat="48.927522199228406" lon="-120.76732163317502">
        <time>2005-09-25T11:20:26-07:00</time>
      </trkpt>
      <trkpt lat="48.92754768021405" lon="-120.76726815663278">
        <time>2005-09-25T11:20:27-07:00</time>
      </trkpt>
      <trkpt lat="48.92757123336196" lon="-120.76723655685782">
        <time>2005-09-25T11:20:36-07:00</time>
      </trkpt>
      <trkpt lat="48.92761079594493" lon="-120.7671928871423">
        <time>2005-09-25T11:20:37-07:00</time>
      </trkpt>
      <trkpt lat="48.92762638628483" lon="-120.76716774143279">
        <time>2005-09-25T11:20:43-07:00</time>
      </trkpt>
      <trkpt lat="48.92765915952623" lon="-120.76713136397302">
        <time>2005-09-25T11:20:46-07:00</time>
      </trkpt>
      <trkpt lat="48.92771196551621" lon="-120.76710747554898">
        <time>2005-09-25T11:20:52-07:00</time>
      </trkpt>
      <trkpt lat="48.927775332704186" lon="-120.76712138950825">
        <time>2005-09-25T11:20:54-07:00</time>
      </trkpt>
      <trkpt lat="48.92779880203307" lon="-120.7671149354428">
        <time>2005-09-25T11:20:56-07:00</time>
      </trkpt>
      <trkpt lat="48.927803914994" lon="-120.76710730791092">
        <time>2005-09-25T11:21:03-07:00</time>
      </trkpt>
      <trkpt lat="48.92780634574592" lon="-120.76707679778337">
        <time>2005-09-25T11:21:05-07:00</time>
      </trkpt>
      <trkpt lat="48.92780684866011" lon="-120.76704729348421">
        <time>2005-09-25T11:21:06-07:00</time>
      </trkpt>
      <trkpt lat="48.92779209651053" lon="-120.7669907156378">
        <time>2005-09-25T11:21:07-07:00</time>
      </trkpt>
      <trkpt lat="48.927762005478144" lon="-120.76693556271493">
        <time>2005-09-25T11:21:11-07:00</time>
      </trkpt>
      <trkpt lat="48.927728310227394" lon="-120.76692122966051">
        <time>2005-09-25T11:21:15-07:00</time>
      </trkpt>
      <trkpt lat="48.92769377678633" lon="-120.76691963709891">
        <time>2005-09-25T11:21:18-07:00</time>
      </trkpt>
      <trkpt lat="48.927684891968966" lon="-120.76692651025951">
        <time>2005-09-25T11:21:22-07:00</time>
      </trkpt>
      <trkpt lat="48.92766259610653" lon="-120.76694243587554">
        <time>2005-09-25T11:21:25-07:00</time>
      </trkpt>
      <trkpt lat="48.9276019949466" lon="-120.76698048971593">
        <time>2005-09-25T11:21:26-07:00</time>
      </trkpt>
      <trkpt lat="48.92759260721505" lon="-120.7669819984585">
        <time>2005-09-25T11:21:30-07:00</time>
      </trkpt>
      <trkpt lat="48.927510464563966" lon="-120.7670168671757">
        <time>2005-09-25T11:21:31-07:00</time>
      </trkpt>
      <trkpt lat="48.92750610597432" lon="-120.76703421771526">
        <time>2005-09-25T11:21:32-07:00</time>
      </trkpt>
      <trkpt lat="48.927473248913884" lon="-120.76711921021342">
        <time>2005-09-25T11:21:38-07:00</time>
      </trkpt>
      <trkpt lat="48.92744768410921" lon="-120.76713756658137">
        <time>2005-09-25T11:21:41-07:00</time>
      </trkpt>
      <trkpt lat="48.92744718119502" lon="-120.76713027432561">
        <time>2005-09-25T11:21:46-07:00</time>
      </trkpt>
      <trkpt lat="48.927446929737926" lon="-120.76710429042578">
        <time>2005-09-25T11:21:47-07:00</time>
      </trkpt>
      <trkpt lat="48.927452797070146" lon="-120.76707612723112">
        <time>2005-09-25T11:21:52-07:00</time>
      </trkpt>
      <trkpt lat="48.92750333994627" lon="-120.76695517636836">
        <time>2005-09-25T11:21:53-07:00</time>
      </trkpt>
      <trkpt lat="48.92753200605512" lon="-120.76692994683981">
        <time>2005-09-25T11:21:56-07:00</time>
      </trkpt>
      <trkpt lat="48.92759185284376" lon="-120.76686381362379">
        <time>2005-09-25T11:22:04-07:00</time>
      </trkpt>
      <trkpt lat="48.92763216979802" lon="-120.76678996905684">
        <time>2005-09-25T11:22:08-07:00</time>
      </trkpt>
      <trkpt lat="48.92764063552022" lon="-120.7667753007263">
        <time>2005-09-25T11:22:12-07:00</time>
      </trkpt>
      <trkpt lat="48.92766200937331" lon="-120.76674219220877">
        <time>2005-09-25T11:22:13-07:00</time>
      </trkpt>
      <trkpt lat="48.92768573015928" lon="-120.76668645255268">
        <time>2005-09-25T11:22:17-07:00</time>
      </trkpt>
      <trkpt lat="48.927706433460116" lon="-120.76664177700877">
        <time>2005-09-25T11:22:21-07:00</time>
      </trkpt>
      <trkpt lat="48.92772219143808" lon="-120.76661587692797">
        <time>2005-09-25T11:22:23-07:00</time>
      </trkpt>
      <trkpt lat="48.92777047120035" lon="-120.76655116863549">
        <time>2005-09-25T11:22:28-07:00</time>
      </trkpt>
      <trkpt lat="48.927789498120546" lon="-120.7665334828198">
        <time>2005-09-25T11:22:31-07:00</time>
      </trkpt>
      <trkpt lat="48.92783895134926" lon="-120.76649811118841">
        <time>2005-09-25T11:22:33-07:00</time>
      </trkpt>
      <trkpt lat="48.92789854668081" lon="-120.76650565490127">
        <time>2005-09-25T11:22:38-07:00</time>
      </trkpt>
      <trkpt lat="48.9279231056571" lon="-120.76651697047055">
        <time>2005-09-25T11:22:43-07:00</time>
      </trkpt>
      <trkpt lat="48.92795026302338" lon="-120.76651143841445">
        <time>2005-09-25T11:22:47-07:00</time>
      </trkpt>
      <trkpt lat="48.92793919891119" lon="-120.7664800900966">
        <time>2005-09-25T11:22:50-07:00</time>
      </trkpt>
      <trkpt lat="48.927928721532226" lon="-120.76644807122648">
        <time>2005-09-25T11:22:55-07:00</time>
      </trkpt>
      <trkpt lat="48.92789854668081" lon="-120.76636131852865">
        <time>2005-09-25T11:22:57-07:00</time>
      </trkpt>
      <trkpt lat="48.92788102850318" lon="-120.7663400284946">
        <time>2005-09-25T11:23:00-07:00</time>
      </trkpt>
      <trkpt lat="48.927843645215034" lon="-120.76627012342215">
        <time>2005-09-25T11:23:05-07:00</time>
      </trkpt>
      <trkpt lat="48.92782486975193" lon="-120.76625310815871">
        <time>2005-09-25T11:23:11-07:00</time>
      </trkpt>
      <trkpt lat="48.92780039459467" lon="-120.76626249589026">
        <time>2005-09-25T11:23:14-07:00</time>
      </trkpt>
      <trkpt lat="48.92778270877898" lon="-120.76630365103483">
        <time>2005-09-25T11:23:15-07:00</time>
      </trkpt>
      <trkpt lat="48.92776435241103" lon="-120.76632879674435">
        <time>2005-09-25T11:23:17-07:00</time>
      </trkpt>
      <trkpt lat="48.92772420309484" lon="-120.76640641316772">
        <time>2005-09-25T11:23:19-07:00</time>
      </trkpt>
      <trkpt lat="48.92769050784409" lon="-120.7664711214602">
        <time>2005-09-25T11:23:22-07:00</time>
      </trkpt>
      <trkpt lat="48.92764993943274" lon="-120.76651311479509">
        <time>2005-09-25T11:23:26-07:00</time>
      </trkpt>
      <trkpt lat="48.92759772017598" lon="-120.76657690107822">
        <time>2005-09-25T11:23:29-07:00</time>
      </trkpt>
      <trkpt lat="48.9275811240077" lon="-120.7665969338268">
        <time>2005-09-25T11:23:33-07:00</time>
      </trkpt>
      <trkpt lat="48.9275430701673" lon="-120.7666471414268">
        <time>2005-09-25T11:23:34-07:00</time>
      </trkpt>
      <trkpt lat="48.92748372629285" lon="-120.76670715585351">
        <time>2005-09-25T11:23:36-07:00</time>
      </trkpt>
      <trkpt lat="48.92740795388818" lon="-120.76677991077304">
        <time>2005-09-25T11:23:42-07:00</time>
      </trkpt>
      <trkpt lat="48.92738414928317" lon="-120.76679206453264">
        <time>2005-09-25T11:23:43-07:00</time>
      </trkpt>
      <trkpt lat="48.92737937159836" lon="-120.76676934957504">
        <time>2005-09-25T11:23:50-07:00</time>
      </trkpt>
      <trkpt lat="48.92739102244377" lon="-120.7667388394475">
        <time>2005-09-25T11:23:51-07:00</time>
      </trkpt>
      <trkpt lat="48.92742614261806" lon="-120.76666516251862">
        <time>2005-09-25T11:23:57-07:00</time>
      </trkpt>
      <trkpt lat="48.92744483426213" lon="-120.76663473621011">
        <time>2005-09-25T11:24:00-07:00</time>
      </trkpt>
      <trkpt lat="48.927473751828074" lon="-120.76658075675368">
        <time>2005-09-25T11:24:01-07:00</time>
      </trkpt>
      <trkpt lat="48.92750778235495" lon="-120.76650146394968">
        <time>2005-09-25T11:24:03-07:00</time>
      </trkpt>
      <trkpt lat="48.92751993611455" lon="-120.76644773595035">
        <time>2005-09-25T11:24:05-07:00</time>
      </trkpt>
      <trkpt lat="48.9275483507663" lon="-120.76635872013867">
        <time>2005-09-25T11:24:12-07:00</time>
      </trkpt>
      <trkpt lat="48.92759336158633" lon="-120.76625101268291">
        <time>2005-09-25T11:24:15-07:00</time>
      </trkpt>
      <trkpt lat="48.92760442569852" lon="-120.7662158086896">
        <time>2005-09-25T11:24:21-07:00</time>
      </trkpt>
      <trkpt lat="48.927633594721556" lon="-120.76608806848526">
        <time>2005-09-25T11:24:29-07:00</time>
      </trkpt>
      <trkpt lat="48.92763585783541" lon="-120.76607541181147">
        <time>2005-09-25T11:24:30-07:00</time>
      </trkpt>
      <trkpt lat="48.92766988836229" lon="-120.7659700512886">
        <time>2005-09-25T11:24:33-07:00</time>
      </trkpt>
      <trkpt lat="48.92769696190953" lon="-120.76586443930864">
        <time>2005-09-25T11:24:37-07:00</time>
      </trkpt>
      <trkpt lat="48.927700566127896" lon="-120.7658474240452">
        <time>2005-09-25T11:24:40-07:00</time>
      </trkpt>
      <trkpt lat="48.927731830626726" lon="-120.76574717648327">
        <time>2005-09-25T11:24:42-07:00</time>
      </trkpt>
      <trkpt lat="48.9277470856905" lon="-120.76570065692067">
        <time>2005-09-25T11:24:47-07:00</time>
      </trkpt>
      <trkpt lat="48.927765442058444" lon="-120.76555992476642">
        <time>2005-09-25T11:24:49-07:00</time>
      </trkpt>
      <trkpt lat="48.927768375724554" lon="-120.76554156839848">
        <time>2005-09-25T11:24:55-07:00</time>
      </trkpt>
      <trkpt lat="48.927780110388994" lon="-120.76540460810065">
        <time>2005-09-25T11:24:59-07:00</time>
      </trkpt>
      <trkpt lat="48.92778421752155" lon="-120.76536278240383">
        <time>2005-09-25T11:25:01-07:00</time>
      </trkpt>
      <trkpt lat="48.927792431786656" lon="-120.76529338024557">
        <time>2005-09-25T11:25:04-07:00</time>
      </trkpt>
      <trkpt lat="48.92780911177397" lon="-120.76519564725459">
        <time>2005-09-25T11:25:06-07:00</time>
      </trkpt>
      <trkpt lat="48.927811961621046" lon="-120.76517938636243">
        <time>2005-09-25T11:25:08-07:00</time>
      </trkpt>
      <trkpt lat="48.92785898409784" lon="-120.76505357399583">
        <time>2005-09-25T11:25:13-07:00</time>
      </trkpt>
      <trkpt lat="48.92786543816328" lon="-120.76503873802722">
        <time>2005-09-25T11:25:15-07:00</time>
      </trkpt>
      <trkpt lat="48.92789284698665" lon="-120.76491393148899">
        <time>2005-09-25T11:25:20-07:00</time>
      </trkpt>
      <trkpt lat="48.927914053201675" lon="-120.76484109275043">
        <time>2005-09-25T11:25:22-07:00</time>
      </trkpt>
      <trkpt lat="48.927928218618035" lon="-120.76478493399918">
        <time>2005-09-25T11:25:24-07:00</time>
      </trkpt>
      <trkpt lat="48.927951101213694" lon="-120.76473732478917">
        <time>2005-09-25T11:25:27-07:00</time>
      </trkpt>
      <trkpt lat="48.92797599546611" lon="-120.76465585269034">
        <time>2005-09-25T11:25:29-07:00</time>
      </trkpt>
      <trkpt lat="48.92798228189349" lon="-120.76460229232907">
        <time>2005-09-25T11:25:35-07:00</time>
      </trkpt>
      <trkpt lat="48.9279820304364" lon="-120.7645212393254">
        <time>2005-09-25T11:25:39-07:00</time>
      </trkpt>
      <trkpt lat="48.92797138541937" lon="-120.76437246054411">
        <time>2005-09-25T11:25:43-07:00</time>
      </trkpt>
      <trkpt lat="48.92796350643039" lon="-120.76432074420154">
        <time>2005-09-25T11:25:49-07:00</time>
      </trkpt>
      <trkpt lat="48.927943306043744" lon="-120.76428981497884">
        <time>2005-09-25T11:25:51-07:00</time>
      </trkpt>
      <trkpt lat="48.927920842543244" lon="-120.76426978223026">
        <time>2005-09-25T11:25:55-07:00</time>
      </trkpt>
      <trkpt lat="48.92791665159166" lon="-120.76426123268902">
        <time>2005-09-25T11:26:01-07:00</time>
      </trkpt>
      <trkpt lat="48.9278697129339" lon="-120.76421395875514">
        <time>2005-09-25T11:26:08-07:00</time>
      </trkpt>
      <trkpt lat="48.927857894450426" lon="-120.7642106898129">
        <time>2005-09-25T11:26:10-07:00</time>
      </trkpt>
      <trkpt lat="48.92781707458198" lon="-120.76423650607467">
        <time>2005-09-25T11:26:13-07:00</time>
      </trkpt>
      <trkpt lat="48.92779075540602" lon="-120.76427187770605">
        <time>2005-09-25T11:26:15-07:00</time>
      </trkpt>
      <trkpt lat="48.927772818133235" lon="-120.76431948691607">
        <time>2005-09-25T11:26:20-07:00</time>
      </trkpt>
      <trkpt lat="48.92773803323507" lon="-120.76437279582024">
        <time>2005-09-25T11:26:23-07:00</time>
      </trkpt>
      <trkpt lat="48.927719509229064" lon="-120.7644192315638">
        <time>2005-09-25T11:26:27-07:00</time>
      </trkpt>
      <trkpt lat="48.92769050784409" lon="-120.76450380496681">
        <time>2005-09-25T11:26:32-07:00</time>
      </trkpt>
      <trkpt lat="48.92766837961972" lon="-120.76457999646664">
        <time>2005-09-25T11:26:35-07:00</time>
      </trkpt>
      <trkpt lat="48.92766452394426" lon="-120.76459332369268">
        <time>2005-09-25T11:26:41-07:00</time>
      </trkpt>
      <trkpt lat="48.92761901021004" lon="-120.7646959181875">
        <time>2005-09-25T11:26:47-07:00</time>
      </trkpt>
      <trkpt lat="48.927609622478485" lon="-120.76471352018416">
        <time>2005-09-25T11:26:49-07:00</time>
      </trkpt>
      <trkpt lat="48.927517756819725" lon="-120.76478091068566">
        <time>2005-09-25T11:26:57-07:00</time>
      </trkpt>
      <trkpt lat="48.92750593833625" lon="-120.76478770002723">
        <time>2005-09-25T11:26:58-07:00</time>
      </trkpt>
      <trkpt lat="48.92743687145412" lon="-120.76484897173941">
        <time>2005-09-25T11:27:04-07:00</time>
      </trkpt>
      <trkpt lat="48.92742664553225" lon="-120.76485911384225">
        <time>2005-09-25T11:27:11-07:00</time>
      </trkpt>
      <trkpt lat="48.92738020978868" lon="-120.76491141691804">
        <time>2005-09-25T11:27:12-07:00</time>
      </trkpt>
      <trkpt lat="48.92731533385813" lon="-120.76492273248732">
        <time>2005-09-25T11:27:18-07:00</time>
      </trkpt>
      <trkpt lat="48.927284739911556" lon="-120.76491770334542">
        <time>2005-09-25T11:27:21-07:00</time>
      </trkpt>
      <trkpt lat="48.92721701413393" lon="-120.76489515602589">
        <time>2005-09-25T11:27:30-07:00</time>
      </trkpt>
      <trkpt lat="48.92718088813126" lon="-120.76488819904625">
        <time>2005-09-25T11:27:31-07:00</time>
      </trkpt>
      <trkpt lat="48.92711349762976" lon="-120.76493320986629">
        <time>2005-09-25T11:27:39-07:00</time>
      </trkpt>
      <trkpt lat="48.92710075713694" lon="-120.76496656984091">
        <time>2005-09-25T11:27:41-07:00</time>
      </trkpt>
      <trkpt lat="48.92709321342409" lon="-120.76502691954374">
        <time>2005-09-25T11:27:45-07:00</time>
      </trkpt>
      <trkpt lat="48.92706831917167" lon="-120.76509087346494">
        <time>2005-09-25T11:27:51-07:00</time>
      </trkpt>
      <trkpt lat="48.9270596858114" lon="-120.76510420069098">
        <time>2005-09-25T11:27:52-07:00</time>
      </trkpt>
      <trkpt lat="48.92703085206449" lon="-120.7651674002409">
        <time>2005-09-25T11:28:00-07:00</time>
      </trkpt>
      <trkpt lat="48.92702297307551" lon="-120.76517620123923">
        <time>2005-09-25T11:28:01-07:00</time>
      </trkpt>
      <trkpt lat="48.92699036747217" lon="-120.7652279175818">
        <time>2005-09-25T11:28:08-07:00</time>
      </trkpt>
      <trkpt lat="48.92694083042443" lon="-120.76530503109097">
        <time>2005-09-25T11:28:13-07:00</time>
      </trkpt>
      <trkpt lat="48.92693211324513" lon="-120.76531978324056">
        <time>2005-09-25T11:28:17-07:00</time>
      </trkpt>
      <trkpt lat="48.92688802443445" lon="-120.76539631001651">
        <time>2005-09-25T11:28:20-07:00</time>
      </trkpt>
      <trkpt lat="48.92686975188553" lon="-120.76543059200048">
        <time>2005-09-25T11:28:25-07:00</time>
      </trkpt>
      <trkpt lat="48.92683496698737" lon="-120.76553192920983">
        <time>2005-09-25T11:28:28-07:00</time>
      </trkpt>
      <trkpt lat="48.92680152319372" lon="-120.76564642600715">
        <time>2005-09-25T11:28:33-07:00</time>
      </trkpt>
      <trkpt lat="48.92680127173662" lon="-120.76566025614738">
        <time>2005-09-25T11:28:42-07:00</time>
      </trkpt>
      <trkpt lat="48.92677512019873" lon="-120.76575664803386">
        <time>2005-09-25T11:28:45-07:00</time>
      </trkpt>
      <trkpt lat="48.926763804629445" lon="-120.76580216176808">
        <time>2005-09-25T11:28:48-07:00</time>
      </trkpt>
      <trkpt lat="48.926737904548645" lon="-120.7658405508846">
        <time>2005-09-25T11:28:51-07:00</time>
      </trkpt>
      <trkpt lat="48.92672499641776" lon="-120.76580895110965">
        <time>2005-09-25T11:28:52-07:00</time>
      </trkpt>
      <trkpt lat="48.92672088928521" lon="-120.76575916260481">
        <time>2005-09-25T11:28:57-07:00</time>
      </trkpt>
      <trkpt lat="48.92670890316367" lon="-120.76567492447793">
        <time>2005-09-25T11:28:58-07:00</time>
      </trkpt>
      <trkpt lat="48.92671192064881" lon="-120.76555900275707">
        <time>2005-09-25T11:29:02-07:00</time>
      </trkpt>
      <trkpt lat="48.9267023652792" lon="-120.7655382156372">
        <time>2005-09-25T11:29:05-07:00</time>
      </trkpt>
      <trkpt lat="48.926696414127946" lon="-120.76555254869163">
        <time>2005-09-25T11:29:08-07:00</time>
      </trkpt>
      <trkpt lat="48.92668878659606" lon="-120.76556235551834">
        <time>2005-09-25T11:29:13-07:00</time>
      </trkpt>
      <trkpt lat="48.92666665837169" lon="-120.76559806242585">
        <time>2005-09-25T11:29:16-07:00</time>
      </trkpt>
      <trkpt lat="48.92666372470558" lon="-120.7656095456332">
        <time>2005-09-25T11:29:21-07:00</time>
      </trkpt>
      <trkpt lat="48.92664436250925" lon="-120.7656661234796">
        <time>2005-09-25T11:29:27-07:00</time>
      </trkpt>
      <trkpt lat="48.92662072554231" lon="-120.76568749733269">
        <time>2005-09-25T11:29:28-07:00</time>
      </trkpt>
      <trkpt lat="48.92659775912762" lon="-120.76569344848394">
        <time>2005-09-25T11:29:35-07:00</time>
      </trkpt>
      <trkpt lat="48.92655249685049" lon="-120.76569034717977">
        <time>2005-09-25T11:29:36-07:00</time>
      </trkpt>
      <trkpt lat="48.9265400916338" lon="-120.76568573713303">
        <time>2005-09-25T11:29:44-07:00</time>
      </trkpt>
      <trkpt lat="48.92652542330325" lon="-120.76568297110498">
        <time>2005-09-25T11:29:45-07:00</time>
      </trkpt>
      <trkpt lat="48.92650078050792" lon="-120.76567752286792">
        <time>2005-09-25T11:29:52-07:00</time>
      </trkpt>
      <trkpt lat="48.92646599560976" lon="-120.7656835578382">
        <time>2005-09-25T11:29:53-07:00</time>
      </trkpt>
      <trkpt lat="48.92645970918238" lon="-120.7656872458756">
        <time>2005-09-25T11:29:58-07:00</time>
      </trkpt>
      <trkpt lat="48.92642282880843" lon="-120.7656957115978">
        <time>2005-09-25T11:30:04-07:00</time>
      </trkpt>
      <trkpt lat="48.92639852128923" lon="-120.76567618176341">
        <time>2005-09-25T11:30:06-07:00</time>
      </trkpt>
      <trkpt lat="48.926367508247495" lon="-120.76565413735807">
        <time>2005-09-25T11:30:11-07:00</time>
      </trkpt>
      <trkpt lat="48.92632878385484" lon="-120.76562136411667">
        <time>2005-09-25T11:30:14-07:00</time>
      </trkpt>
      <trkpt lat="48.92626214772463" lon="-120.76559797860682">
        <time>2005-09-25T11:30:20-07:00</time>
      </trkpt>
      <trkpt lat="48.92621780745685" lon="-120.7655751798302">
        <time>2005-09-25T11:30:23-07:00</time>
      </trkpt>
      <trkpt lat="48.92620565369725" lon="-120.76557501219213">
        <time>2005-09-25T11:30:27-07:00</time>
      </trkpt>
      <trkpt lat="48.92613289877772" lon="-120.76563645154238">
        <time>2005-09-25T11:30:31-07:00</time>
      </trkpt>
      <trkpt lat="48.92608587630093" lon="-120.76568179763854">
        <time>2005-09-25T11:30:32-07:00</time>
      </trkpt>
      <trkpt lat="48.926081182435155" lon="-120.76569646596909">
        <time>2005-09-25T11:30:38-07:00</time>
      </trkpt>
      <trkpt lat="48.926054863259196" lon="-120.76577223837376">
        <time>2005-09-25T11:30:39-07:00</time>
      </trkpt>
      <trkpt lat="48.926039189100266" lon="-120.76580719090998">
        <time>2005-09-25T11:30:43-07:00</time>
      </trkpt>
      <trkpt lat="48.92601002007723" lon="-120.76587785035372">
        <time>2005-09-25T11:30:48-07:00</time>
      </trkpt>
      <trkpt lat="48.92597833648324" lon="-120.76596192084253">
        <time>2005-09-25T11:30:49-07:00</time>
      </trkpt>
      <trkpt lat="48.92595578916371" lon="-120.76600265689194">
        <time>2005-09-25T11:30:55-07:00</time>
      </trkpt>
      <trkpt lat="48.925900384783745" lon="-120.7660876493901">
        <time>2005-09-25T11:30:57-07:00</time>
      </trkpt>
      <trkpt lat="48.925829473882914" lon="-120.76617817394435">
        <time>2005-09-25T11:31:03-07:00</time>
      </trkpt>
      <trkpt lat="48.92582134343684" lon="-120.76619158498943">
        <time>2005-09-25T11:31:09-07:00</time>
      </trkpt>
      <trkpt lat="48.92574515193701" lon="-120.76627305708826">
        <time>2005-09-25T11:31:10-07:00</time>
      </trkpt>
      <trkpt lat="48.92571346834302" lon="-120.76627733185887">
        <time>2005-09-25T11:31:16-07:00</time>
      </trkpt>
      <trkpt lat="48.925709780305624" lon="-120.76626878231764">
        <time>2005-09-25T11:31:19-07:00</time>
      </trkpt>
      <trkpt lat="48.92570843920112" lon="-120.76625922694802">
        <time>2005-09-25T11:31:24-07:00</time>
      </trkpt>
      <trkpt lat="48.925712797790766" lon="-120.76621522195637">
        <time>2005-09-25T11:31:26-07:00</time>
      </trkpt>
      <trkpt lat="48.92571698874235" lon="-120.766198374331">
        <time>2005-09-25T11:31:29-07:00</time>
      </trkpt>
      <trkpt lat="48.92571740783751" lon="-120.76619703322649">
        <time>2005-09-25T11:31:34-07:00</time>
      </trkpt>
      <trkpt lat="48.92572671175003" lon="-120.76619854196906">
        <time>2005-09-25T11:31:41-07:00</time>
      </trkpt>
      <trkpt lat="48.925727885216475" lon="-120.76620197854936">
        <time>2005-09-25T11:31:44-07:00</time>
      </trkpt>
      <trkpt lat="48.92572679556906" lon="-120.76622452586889">
        <time>2005-09-25T11:31:46-07:00</time>
      </trkpt>
      <trkpt lat="48.92568086273968" lon="-120.76626777648926">
        <time>2005-09-25T11:31:47-07:00</time>
      </trkpt>
      <trkpt lat="48.925651693716645" lon="-120.76628210954368">
        <time>2005-09-25T11:31:52-07:00</time>
      </trkpt>
      <trkpt lat="48.925604335963726" lon="-120.7663292158395">
        <time>2005-09-25T11:31:53-07:00</time>
      </trkpt>
      <trkpt lat="48.92557910643518" lon="-120.76636131852865">
        <time>2005-09-25T11:31:57-07:00</time>
      </trkpt>
      <trkpt lat="48.92555329017341" lon="-120.76646969653666">
        <time>2005-09-25T11:32:01-07:00</time>
      </trkpt>
      <trkpt lat="48.92552546225488" lon="-120.76652593910694">
        <time>2005-09-25T11:32:03-07:00</time>
      </trkpt>
      <trkpt lat="48.92552034929395" lon="-120.7665453851223">
        <time>2005-09-25T11:32:06-07:00</time>
      </trkpt>
      <trkpt lat="48.925524121150374" lon="-120.76657329685986">
        <time>2005-09-25T11:32:07-07:00</time>
      </trkpt>
      <trkpt lat="48.92552797682583" lon="-120.76661973260343">
        <time>2005-09-25T11:32:08-07:00</time>
      </trkpt>
      <trkpt lat="48.925514398142695" lon="-120.76665636152029">
        <time>2005-09-25T11:32:10-07:00</time>
      </trkpt>
      <trkpt lat="48.925514817237854" lon="-120.7666762266308">
        <time>2005-09-25T11:32:15-07:00</time>
      </trkpt>
      <trkpt lat="48.92552328296006" lon="-120.76667723245919">
        <time>2005-09-25T11:32:16-07:00</time>
      </trkpt>
      <trkpt lat="48.925509955734015" lon="-120.7665416970849">
        <time>2005-09-25T11:32:19-07:00</time>
      </trkpt>
      <trkpt lat="48.925543231889606" lon="-120.76647221110761">
        <time>2005-09-25T11:32:23-07:00</time>
      </trkpt>
      <trkpt lat="48.9255796931684" lon="-120.76639534905553">
        <time>2005-09-25T11:32:27-07:00</time>
      </trkpt>
      <trkpt lat="48.92559620551765" lon="-120.76636819168925">
        <time>2005-09-25T11:32:31-07:00</time>
      </trkpt>
      <trkpt lat="48.92560685053468" lon="-120.7663487456739">
        <time>2005-09-25T11:32:36-07:00</time>
      </trkpt>
      <trkpt lat="48.92561347223818" lon="-120.76633575372398">
        <time>2005-09-25T11:32:40-07:00</time>
      </trkpt>
      <trkpt lat="48.92563819885254" lon="-120.76623584143817">
        <time>2005-09-25T11:32:41-07:00</time>
      </trkpt>
      <trkpt lat="48.925642892718315" lon="-120.76621949672699">
        <time>2005-09-25T11:32:48-07:00</time>
      </trkpt>
      <trkpt lat="48.92565714195371" lon="-120.76616593636572">
        <time>2005-09-25T11:32:53-07:00</time>
      </trkpt>
      <trkpt lat="48.92566300928593" lon="-120.7661547884345">
        <time>2005-09-25T11:32:55-07:00</time>
      </trkpt>
      <trkpt lat="48.92567533068359" lon="-120.76606870628893">
        <time>2005-09-25T11:33:01-07:00</time>
      </trkpt>
      <trkpt lat="48.92568505369127" lon="-120.76603283174336">
        <time>2005-09-25T11:33:03-07:00</time>
      </trkpt>
      <trkpt lat="48.925706930458546" lon="-120.76597767882049">
        <time>2005-09-25T11:33:07-07:00</time>
      </trkpt>
      <trkpt lat="48.92572905868292" lon="-120.76592638157308">
        <time>2005-09-25T11:33:12-07:00</time>
      </trkpt>
      <trkpt lat="48.925758143886924" lon="-120.76588924974203">
        <time>2005-09-25T11:33:15-07:00</time>
      </trkpt>
      <trkpt lat="48.92576426267624" lon="-120.76589612290263">
        <time>2005-09-25T11:33:21-07:00</time>
      </trkpt>
      <trkpt lat="48.92576954327524" lon="-120.7659026607871">
        <time>2005-09-25T11:33:28-07:00</time>
      </trkpt>
      <trkpt lat="48.9258439745754" lon="-120.76598388142884">
        <time>2005-09-25T11:33:29-07:00</time>
      </trkpt>
      <trkpt lat="48.925905833020806" lon="-120.76601263135672">
        <time>2005-09-25T11:33:37-07:00</time>
      </trkpt>
      <trkpt lat="48.92592276446521" lon="-120.76600986532867">
        <time>2005-09-25T11:33:40-07:00</time>
      </trkpt>
      <trkpt lat="48.92594153992832" lon="-120.7659840490669">
        <time>2005-09-25T11:33:41-07:00</time>
      </trkpt>
      <trkpt lat="48.92596903257072" lon="-120.76593702659011">
        <time>2005-09-25T11:33:42-07:00</time>
      </trkpt>
      <trkpt lat="48.9259821921587" lon="-120.76590341515839">
        <time>2005-09-25T11:33:46-07:00</time>
      </trkpt>
      <trkpt lat="48.92603466287255" lon="-120.76576435938478">
        <time>2005-09-25T11:33:56-07:00</time>
      </trkpt>
      <trkpt lat="48.926037177443504" lon="-120.76574851758778">
        <time>2005-09-25T11:33:58-07:00</time>
      </trkpt>
      <trkpt lat="48.92605293542147" lon="-120.76572806574404">
        <time>2005-09-25T11:34:08-07:00</time>
      </trkpt>
      <trkpt lat="48.92607464455068" lon="-120.7656819652766">
        <time>2005-09-25T11:34:11-07:00</time>
      </trkpt>
      <trkpt lat="48.92612460069358" lon="-120.76562438160181">
        <time>2005-09-25T11:34:18-07:00</time>
      </trkpt>
      <trkpt lat="48.92614555545151" lon="-120.76559655368328">
        <time>2005-09-25T11:34:23-07:00</time>
      </trkpt>
      <trkpt lat="48.92619542777538" lon="-120.76556721702218">
        <time>2005-09-25T11:34:25-07:00</time>
      </trkpt>
      <trkpt lat="48.92622224986553" lon="-120.76556948013604">
        <time>2005-09-25T11:34:30-07:00</time>
      </trkpt>
      <trkpt lat="48.926240522414446" lon="-120.76558439992368">
        <time>2005-09-25T11:34:33-07:00</time>
      </trkpt>
      <trkpt lat="48.926281007006764" lon="-120.76561884954572">
        <time>2005-09-25T11:34:40-07:00</time>
      </trkpt>
      <trkpt lat="48.92629877664149" lon="-120.76563393697143">
        <time>2005-09-25T11:34:44-07:00</time>
      </trkpt>
      <trkpt lat="48.92632174305618" lon="-120.76564332470298">
        <time>2005-09-25T11:34:46-07:00</time>
      </trkpt>
      <trkpt lat="48.92636834643781" lon="-120.7656661234796">
        <time>2005-09-25T11:34:48-07:00</time>
      </trkpt>
      <trkpt lat="48.926377231255174" lon="-120.76567039825022">
        <time>2005-09-25T11:34:52-07:00</time>
      </trkpt>
      <trkpt lat="48.92640195786953" lon="-120.76568632386625">
        <time>2005-09-25T11:34:55-07:00</time>
      </trkpt>
      <trkpt lat="48.926441855728626" lon="-120.76571230776608">
        <time>2005-09-25T11:35:00-07:00</time>
      </trkpt>
      <trkpt lat="48.92645082436502" lon="-120.76571457087994">
        <time>2005-09-25T11:35:11-07:00</time>
      </trkpt>
      <trkpt lat="48.92648166976869" lon="-120.7657144870609">
        <time>2005-09-25T11:57:39-07:00</time>
      </trkpt>
      <trkpt lat="48.92649642191827" lon="-120.7657126430422">
        <time>2005-09-25T11:57:45-07:00</time>
      </trkpt>
      <trkpt lat="48.92652466893196" lon="-120.76571440324187">
        <time>2005-09-25T11:57:52-07:00</time>
      </trkpt>
      <trkpt lat="48.9265604596585" lon="-120.76572211459279">
        <time>2005-09-25T11:57:56-07:00</time>
      </trkpt>
      <trkpt lat="48.92656766809523" lon="-120.76572412624955">
        <time>2005-09-25T11:57:58-07:00</time>
      </trkpt>
      <trkpt lat="48.92657781019807" lon="-120.76571876183152">
        <time>2005-09-25T11:57:59-07:00</time>
      </trkpt>
      <trkpt lat="48.92659926787019" lon="-120.76570560224354">
        <time>2005-09-25T11:58:05-07:00</time>
      </trkpt>
      <trkpt lat="48.92660681158304" lon="-120.76570015400648">
        <time>2005-09-25T11:58:06-07:00</time>
      </trkpt>
      <trkpt lat="48.926617205142975" lon="-120.76569428667426">
        <time>2005-09-25T11:58:10-07:00</time>
      </trkpt>
      <trkpt lat="48.92663639970124" lon="-120.76567375101149">
        <time>2005-09-25T11:58:12-07:00</time>
      </trkpt>
      <trkpt lat="48.926666574552655" lon="-120.7656077016145">
        <time>2005-09-25T11:58:18-07:00</time>
      </trkpt>
      <trkpt lat="48.92667227424681" lon="-120.76559915207326">
        <time>2005-09-25T11:58:21-07:00</time>
      </trkpt>
      <trkpt lat="48.92670110799372" lon="-120.76554299332201">
        <time>2005-09-25T11:58:26-07:00</time>
      </trkpt>
      <trkpt lat="48.92671116627753" lon="-120.76548490673304">
        <time>2005-09-25T11:58:29-07:00</time>
      </trkpt>
      <trkpt lat="48.92671041190624" lon="-120.76533889397979">
        <time>2005-09-25T11:58:34-07:00</time>
      </trkpt>
      <trkpt lat="48.92670982517302" lon="-120.76528441160917">
        <time>2005-09-25T11:58:35-07:00</time>
      </trkpt>
      <trkpt lat="48.926702197641134" lon="-120.76512373052537">
        <time>2005-09-25T11:58:36-07:00</time>
      </trkpt>
      <trkpt lat="48.92670152708888" lon="-120.76510772109032">
        <time>2005-09-25T11:58:44-07:00</time>
      </trkpt>
      <trkpt lat="48.926690546795726" lon="-120.76500713825226">
        <time>2005-09-25T11:58:50-07:00</time>
      </trkpt>
      <trkpt lat="48.926686607301235" lon="-120.7649686653167">
        <time>2005-09-25T11:58:56-07:00</time>
      </trkpt>
      <trkpt lat="48.926690462976694" lon="-120.76493178494275">
        <time>2005-09-25T11:59:01-07:00</time>
      </trkpt>
      <trkpt lat="48.92670781351626" lon="-120.76478141359985">
        <time>2005-09-25T11:59:05-07:00</time>
      </trkpt>
      <trkpt lat="48.92670948989689" lon="-120.7647598721087">
        <time>2005-09-25T11:59:07-07:00</time>
      </trkpt>
      <trkpt lat="48.926729606464505" lon="-120.76460019685328">
        <time>2005-09-25T11:59:16-07:00</time>
      </trkpt>
      <trkpt lat="48.926757937297225" lon="-120.76452140696347">
        <time>2005-09-25T11:59:17-07:00</time>
      </trkpt>
      <trkpt lat="48.92679238691926" lon="-120.76442216522992">
        <time>2005-09-25T11:59:19-07:00</time>
      </trkpt>
      <trkpt lat="48.92682792618871" lon="-120.76436256989837">
        <time>2005-09-25T11:59:22-07:00</time>
      </trkpt>
      <trkpt lat="48.92684410326183" lon="-120.76428428292274">
        <time>2005-09-25T11:59:28-07:00</time>
      </trkpt>
      <trkpt lat="48.92684971913695" lon="-120.76426860876381">
        <time>2005-09-25T11:59:30-07:00</time>
      </trkpt>
      <trkpt lat="48.92687394283712" lon="-120.7641966920346">
        <time>2005-09-25T11:59:34-07:00</time>
      </trkpt>
      <trkpt lat="48.92689489759505" lon="-120.7641464844346">
        <time>2005-09-25T11:59:36-07:00</time>
      </trkpt>
      <trkpt lat="48.92691685818136" lon="-120.7640883140266">
        <time>2005-09-25T11:59:38-07:00</time>
      </trkpt>
      <trkpt lat="48.92694300971925" lon="-120.7640185765922">
        <time>2005-09-25T11:59:42-07:00</time>
      </trkpt>
      <trkpt lat="48.92695834860206" lon="-120.7639860548079">
        <time>2005-09-25T11:59:44-07:00</time>
      </trkpt>
      <trkpt lat="48.92700201831758" lon="-120.76392084360123">
        <time>2005-09-25T11:59:46-07:00</time>
      </trkpt>
      <trkpt lat="48.92701383680105" lon="-120.76390625908971">
        <time>2005-09-25T11:59:50-07:00</time>
      </trkpt>
      <trkpt lat="48.92706203274429" lon="-120.76377416029572">
        <time>2005-09-25T11:59:51-07:00</time>
      </trkpt>
      <trkpt lat="48.927067229524255" lon="-120.76375429518521">
        <time>2005-09-25T11:59:55-07:00</time>
      </trkpt>
      <trkpt lat="48.927092710509896" lon="-120.76358238235116">
        <time>2005-09-25T12:00:00-07:00</time>
      </trkpt>
      <trkpt lat="48.927095560356975" lon="-120.76356553472579">
        <time>2005-09-25T12:00:01-07:00</time>
      </trkpt>
      <trkpt lat="48.92711400054395" lon="-120.76345028355718">
        <time>2005-09-25T12:00:05-07:00</time>
      </trkpt>
      <trkpt lat="48.92711970023811" lon="-120.76341038569808">
        <time>2005-09-25T12:00:07-07:00</time>
      </trkpt>
      <trkpt lat="48.927158592268825" lon="-120.7633261475712">
        <time>2005-09-25T12:00:10-07:00</time>
      </trkpt>
      <trkpt lat="48.927227072417736" lon="-120.76325096189976">
        <time>2005-09-25T12:00:14-07:00</time>
      </trkpt>
      <trkpt lat="48.92723654396832" lon="-120.76324232853949">
        <time>2005-09-25T12:00:15-07:00</time>
      </trkpt>
      <trkpt lat="48.92730091698468" lon="-120.76321366243064">
        <time>2005-09-25T12:00:17-07:00</time>
      </trkpt>
      <trkpt lat="48.92733972519636" lon="-120.76317979954183">
        <time>2005-09-25T12:00:19-07:00</time>
      </trkpt>
      <trkpt lat="48.92736311070621" lon="-120.7631551567465">
        <time>2005-09-25T12:00:20-07:00</time>
      </trkpt>
      <trkpt lat="48.92738465219736" lon="-120.76312934048474">
        <time>2005-09-25T12:00:21-07:00</time>
      </trkpt>
      <trkpt lat="48.92742580734193" lon="-120.76309019699693">
        <time>2005-09-25T12:00:24-07:00</time>
      </trkpt>
      <trkpt lat="48.92749001272023" lon="-120.76299648731947">
        <time>2005-09-25T12:00:29-07:00</time>
      </trkpt>
      <trkpt lat="48.92751473933458" lon="-120.7629727665335">
        <time>2005-09-25T12:00:30-07:00</time>
      </trkpt>
      <trkpt lat="48.92757995054126" lon="-120.76289523392916">
        <time>2005-09-25T12:00:35-07:00</time>
      </trkpt>
      <trkpt lat="48.92758724279702" lon="-120.76288391835988">
        <time>2005-09-25T12:00:38-07:00</time>
      </trkpt>
      <trkpt lat="48.92765287309885" lon="-120.7627753727138">
        <time>2005-09-25T12:00:46-07:00</time>
      </trkpt>
      <trkpt lat="48.92770576290786" lon="-120.76269809156656">
        <time>2005-09-25T12:00:49-07:00</time>
      </trkpt>
      <trkpt lat="48.92772177234292" lon="-120.76267780736089">
        <time>2005-09-25T12:00:57-07:00</time>
      </trkpt>
      <trkpt lat="48.92777147702873" lon="-120.76260614208877">
        <time>2005-09-25T12:00:58-07:00</time>
      </trkpt>
      <trkpt lat="48.927803914994" lon="-120.76256440021098">
        <time>2005-09-25T12:01:04-07:00</time>
      </trkpt>
      <trkpt lat="48.92785085365176" lon="-120.76249424368143">
        <time>2005-09-25T12:01:06-07:00</time>
      </trkpt>
      <trkpt lat="48.92789485864341" lon="-120.76240807771683">
        <time>2005-09-25T12:01:07-07:00</time>
      </trkpt>
      <trkpt lat="48.92792955972254" lon="-120.76234940439463">
        <time>2005-09-25T12:01:14-07:00</time>
      </trkpt>
      <trkpt lat="48.92796652391553" lon="-120.76228234916925">
        <time>2005-09-25T12:01:15-07:00</time>
      </trkpt>
      <trkpt lat="48.927992256358266" lon="-120.76225636526942">
        <time>2005-09-25T12:01:24-07:00</time>
      </trkpt>
      <trkpt lat="48.92805118113756" lon="-120.76221738941967">
        <time>2005-09-25T12:01:28-07:00</time>
      </trkpt>
      <trkpt lat="48.928057719022036" lon="-120.76221479102969">
        <time>2005-09-25T12:01:33-07:00</time>
      </trkpt>
      <trkpt lat="48.92810733988881" lon="-120.76219065114856">
        <time>2005-09-25T12:01:37-07:00</time>
      </trkpt>
      <trkpt lat="48.9281630795449" lon="-120.76216148212552">
        <time>2005-09-25T12:01:41-07:00</time>
      </trkpt>
      <trkpt lat="48.92819442786276" lon="-120.76215075328946">
        <time>2005-09-25T12:01:42-07:00</time>
      </trkpt>
      <trkpt lat="48.92824346199632" lon="-120.76212912797928">
        <time>2005-09-25T12:01:46-07:00</time>
      </trkpt>
      <trkpt lat="48.9282600581646" lon="-120.76212208718061">
        <time>2005-09-25T12:01:49-07:00</time>
      </trkpt>
      <trkpt lat="48.92828025855124" lon="-120.76211806386709">
        <time>2005-09-25T12:01:53-07:00</time>
      </trkpt>
      <trkpt lat="48.92832225188613" lon="-120.76210867613554">
        <time>2005-09-25T12:01:57-07:00</time>
      </trkpt>
      <trkpt lat="48.92841897904873" lon="-120.76210800558329">
        <time>2005-09-25T12:01:59-07:00</time>
      </trkpt>
      <trkpt lat="48.928462732583284" lon="-120.7621109392494">
        <time>2005-09-25T12:02:04-07:00</time>
      </trkpt>
      <trkpt lat="48.928504306823015" lon="-120.7621191535145">
        <time>2005-09-25T12:02:05-07:00</time>
      </trkpt>
      <trkpt lat="48.92860036343336" lon="-120.76214966364205">
        <time>2005-09-25T12:02:12-07:00</time>
      </trkpt>
      <trkpt lat="48.92864285968244" lon="-120.76214446686208">
        <time>2005-09-25T12:02:13-07:00</time>
      </trkpt>
      <trkpt lat="48.92869792878628" lon="-120.7621207460761">
        <time>2005-09-25T12:02:21-07:00</time>
      </trkpt>
      <trkpt lat="48.92876305617392" lon="-120.76212745159864">
        <time>2005-09-25T12:02:22-07:00</time>
      </trkpt>
      <trkpt lat="48.92880815081298" lon="-120.76212183572352">
        <time>2005-09-25T12:02:29-07:00</time>
      </trkpt>
      <trkpt lat="48.92884955741465" lon="-120.76209761202335">
        <time>2005-09-25T12:02:31-07:00</time>
      </trkpt>
      <trkpt lat="48.92886280082166" lon="-120.76208679936826">
        <time>2005-09-25T12:02:36-07:00</time>
      </trkpt>
      <trkpt lat="48.928960617631674" lon="-120.76202133670449">
        <time>2005-09-25T12:02:42-07:00</time>
      </trkpt>
      <trkpt lat="48.92905290238559" lon="-120.76203868724406">
        <time>2005-09-25T12:02:43-07:00</time>
      </trkpt>
      <trkpt lat="48.92911140806973" lon="-120.76213784515858">
        <time>2005-09-25T12:02:48-07:00</time>
      </trkpt>
      <trkpt lat="48.92920536920428" lon="-120.76220062561333">
        <time>2005-09-25T12:02:51-07:00</time>
      </trkpt>
      <trkpt lat="48.929219618439674" lon="-120.7622111029923">
        <time>2005-09-25T12:02:53-07:00</time>
      </trkpt>
      <trkpt lat="48.9293063711375" lon="-120.76224270276725">
        <time>2005-09-25T12:02:55-07:00</time>
      </trkpt>
      <trkpt lat="48.9293497055769" lon="-120.76225452125072">
        <time>2005-09-25T12:02:59-07:00</time>
      </trkpt>
      <trkpt lat="48.929449282586575" lon="-120.76234772801399">
        <time>2005-09-25T12:03:06-07:00</time>
      </trkpt>
      <trkpt lat="48.92955640330911" lon="-120.76239391230047">
        <time>2005-09-25T12:03:08-07:00</time>
      </trkpt>
      <trkpt lat="48.92963653430343" lon="-120.76239433139563">
        <time>2005-09-25T12:03:14-07:00</time>
      </trkpt>
      <trkpt lat="48.92974843271077" lon="-120.76244856230915">
        <time>2005-09-25T12:03:15-07:00</time>
      </trkpt>
      <trkpt lat="48.929861672222614" lon="-120.76253506354988">
        <time>2005-09-25T12:03:23-07:00</time>
      </trkpt>
      <trkpt lat="48.92994876019657" lon="-120.76253288425505">
        <time>2005-09-25T12:03:29-07:00</time>
      </trkpt>
      <trkpt lat="48.93003140576184" lon="-120.76247647404671">
        <time>2005-09-25T12:03:31-07:00</time>
      </trkpt>
      <trkpt lat="48.93011589534581" lon="-120.7624333910644">
        <time>2005-09-25T12:03:37-07:00</time>
      </trkpt>
      <trkpt lat="48.93016082234681" lon="-120.76242098584771">
        <time>2005-09-25T12:03:40-07:00</time>
      </trkpt>
      <trkpt lat="48.93025863915682" lon="-120.76247647404671">
        <time>2005-09-25T12:03:45-07:00</time>
      </trkpt>
      <trkpt lat="48.93032032996416" lon="-120.76253548264503">
        <time>2005-09-25T12:03:50-07:00</time>
      </trkpt>
      <trkpt lat="48.93037548288703" lon="-120.76257722452283">
        <time>2005-09-25T12:03:54-07:00</time>
      </trkpt>
      <trkpt lat="48.93043315038085" lon="-120.76261762529612">
        <time>2005-09-25T12:03:59-07:00</time>
      </trkpt>
      <trkpt lat="48.93050741404295" lon="-120.76266959309578">
        <time>2005-09-25T12:04:01-07:00</time>
      </trkpt>
      <trkpt lat="48.930629370734096" lon="-120.76275592669845">
        <time>2005-09-25T12:04:07-07:00</time>
      </trkpt>
      <trkpt lat="48.930658707395196" lon="-120.76278258115053">
        <time>2005-09-25T12:04:08-07:00</time>
      </trkpt>
      <trkpt lat="48.93067169934511" lon="-120.76279683038592">
        <time>2005-09-25T12:04:12-07:00</time>
      </trkpt>
      <trkpt lat="48.930685110390186" lon="-120.76280931942165">
        <time>2005-09-25T12:04:15-07:00</time>
      </trkpt>
      <trkpt lat="48.93069550395012" lon="-120.76281795278192">
        <time>2005-09-25T12:04:18-07:00</time>
      </trkpt>
      <trkpt lat="48.93072718754411" lon="-120.76283991336823">
        <time>2005-09-25T12:04:22-07:00</time>
      </trkpt>
      <trkpt lat="48.93084813840687" lon="-120.76294720172882">
        <time>2005-09-25T12:04:23-07:00</time>
      </trkpt>
      <trkpt lat="48.930859453976154" lon="-120.76295558363199">
        <time>2005-09-25T12:04:25-07:00</time>
      </trkpt>
      <trkpt lat="48.93093799240887" lon="-120.76299766078591">
        <time>2005-09-25T12:04:28-07:00</time>
      </trkpt>
      <trkpt lat="48.9310506451875" lon="-120.76303361915052">
        <time>2005-09-25T12:04:35-07:00</time>
      </trkpt>
      <trkpt lat="48.93112692050636" lon="-120.76309078373015">
        <time>2005-09-25T12:04:39-07:00</time>
      </trkpt>
      <trkpt lat="48.931190706789494" lon="-120.7631572522223">
        <time>2005-09-25T12:04:42-07:00</time>
      </trkpt>
      <trkpt lat="48.93121886998415" lon="-120.76319170184433">
        <time>2005-09-25T12:04:48-07:00</time>
      </trkpt>
      <trkpt lat="48.93130679614842" lon="-120.76328918337822">
        <time>2005-09-25T12:04:51-07:00</time>
      </trkpt>
      <trkpt lat="48.93132532015443" lon="-120.7633179333061">
        <time>2005-09-25T12:04:55-07:00</time>
      </trkpt>
      <trkpt lat="48.93138164654374" lon="-120.76335682533681">
        <time>2005-09-25T12:05:00-07:00</time>
      </trkpt>
      <trkpt lat="48.931406205520034" lon="-120.76336964964867">
        <time>2005-09-25T12:05:03-07:00</time>
      </trkpt>
      <trkpt lat="48.93143579363823" lon="-120.76337761245668">
        <time>2005-09-25T12:05:06-07:00</time>
      </trkpt>
      <trkpt lat="48.93149706535041" lon="-120.76338892802596">
        <time>2005-09-25T12:05:07-07:00</time>
      </trkpt>
      <trkpt lat="48.93154299817979" lon="-120.76339831575751">
        <time>2005-09-25T12:05:15-07:00</time>
      </trkpt>
      <trkpt lat="48.93159328959882" lon="-120.76338934712112">
        <time>2005-09-25T12:05:22-07:00</time>
      </trkpt>
      <trkpt lat="48.93164198845625" lon="-120.7633871678263">
        <time>2005-09-25T12:05:29-07:00</time>
      </trkpt>
      <trkpt lat="48.93172689713538" lon="-120.76336478814483">
        <time>2005-09-25T12:05:37-07:00</time>
      </trkpt>
      <trkpt lat="48.93175531178713" lon="-120.76335950754583">
        <time>2005-09-25T12:05:38-07:00</time>
      </trkpt>
      <trkpt lat="48.931843070313334" lon="-120.76334802433848">
        <time>2005-09-25T12:05:45-07:00</time>
      </trkpt>
      <trkpt lat="48.93191314302385" lon="-120.7633144967258">
        <time>2005-09-25T12:05:48-07:00</time>
      </trkpt>
      <trkpt lat="48.93193066120148" lon="-120.7633007504046">
        <time>2005-09-25T12:05:56-07:00</time>
      </trkpt>
      <trkpt lat="48.93199344165623" lon="-120.76322740875185">
        <time>2005-09-25T12:06:04-07:00</time>
      </trkpt>
      <trkpt lat="48.93200752325356" lon="-120.76320486143231">
        <time>2005-09-25T12:06:11-07:00</time>
      </trkpt>
      <trkpt lat="48.93203845247626" lon="-120.76311861164868">
        <time>2005-09-25T12:06:19-07:00</time>
      </trkpt>
      <trkpt lat="48.9320485945791" lon="-120.76310059055686">
        <time>2005-09-25T12:06:28-07:00</time>
      </trkpt>
      <trkpt lat="48.93214758485556" lon="-120.76304778456688">
        <time>2005-09-25T12:06:35-07:00</time>
      </trkpt>
      <trkpt lat="48.93218689598143" lon="-120.7630621176213">
        <time>2005-09-25T12:06:42-07:00</time>
      </trkpt>
      <trkpt lat="48.932261914014816" lon="-120.76311165466905">
        <time>2005-09-25T12:06:48-07:00</time>
      </trkpt>
      <trkpt lat="48.93235931172967" lon="-120.76316689141095">
        <time>2005-09-25T12:06:51-07:00</time>
      </trkpt>
      <trkpt lat="48.932445561513305" lon="-120.76317594386637">
        <time>2005-09-25T12:06:59-07:00</time>
      </trkpt>
      <trkpt lat="48.93251814879477" lon="-120.76319966465235">
        <time>2005-09-25T12:07:04-07:00</time>
      </trkpt>
      <trkpt lat="48.93260708078742" lon="-120.76319304294884">
        <time>2005-09-25T12:07:10-07:00</time>
      </trkpt>
      <trkpt lat="48.932685535401106" lon="-120.76324568130076">
        <time>2005-09-25T12:07:15-07:00</time>
      </trkpt>
      <trkpt lat="48.932778825983405" lon="-120.76331248506904">
        <time>2005-09-25T12:07:21-07:00</time>
      </trkpt>
      <trkpt lat="48.93279424868524" lon="-120.76332489028573">
        <time>2005-09-25T12:07:31-07:00</time>
      </trkpt>
      <trkpt lat="48.93280833028257" lon="-120.7633351162076">
        <time>2005-09-25T12:07:33-07:00</time>
      </trkpt>
      <trkpt lat="48.93291100859642" lon="-120.7634093798697">
        <time>2005-09-25T12:07:34-07:00</time>
      </trkpt>
      <trkpt lat="48.932943446561694" lon="-120.76342857442796">
        <time>2005-09-25T12:07:35-07:00</time>
      </trkpt>
      <trkpt lat="48.933006981387734" lon="-120.76348783448339">
        <time>2005-09-25T12:07:36-07:00</time>
      </trkpt>
      <trkpt lat="48.93308694474399" lon="-120.76352085918188">
        <time>2005-09-25T12:07:39-07:00</time>
      </trkpt>
      <trkpt lat="48.933165818452835" lon="-120.7635544706136">
        <time>2005-09-25T12:07:49-07:00</time>
      </trkpt>
      <trkpt lat="48.93321460112929" lon="-120.76357651501894">
        <time>2005-09-25T12:07:50-07:00</time>
      </trkpt>
      <trkpt lat="48.93324276432395" lon="-120.76358372345567">
        <time>2005-09-25T12:07:56-07:00</time>
      </trkpt>
      <trkpt lat="48.93332784064114" lon="-120.76361674815416">
        <time>2005-09-25T12:08:05-07:00</time>
      </trkpt>
      <trkpt lat="48.93344082869589" lon="-120.76366167515516">
        <time>2005-09-25T12:08:12-07:00</time>
      </trkpt>
      <trkpt lat="48.93352925777435" lon="-120.76368564739823">
        <time>2005-09-25T12:08:17-07:00</time>
      </trkpt>
      <trkpt lat="48.93355364911258" lon="-120.76369143091142">
        <time>2005-09-25T12:08:20-07:00</time>
      </trkpt>
      <trkpt lat="48.93362732604146" lon="-120.76371062546968">
        <time>2005-09-25T12:08:28-07:00</time>
      </trkpt>
      <trkpt lat="48.933742325752974" lon="-120.76378606259823">
        <time>2005-09-25T12:08:30-07:00</time>
      </trkpt>
      <trkpt lat="48.93375590443611" lon="-120.76379612088203">
        <time>2005-09-25T12:08:35-07:00</time>
      </trkpt>
      <trkpt lat="48.93384517170489" lon="-120.76383199542761">
        <time>2005-09-25T12:08:37-07:00</time>
      </trkpt>
      <trkpt lat="48.933858163654804" lon="-120.76383509673178">
        <time>2005-09-25T12:08:39-07:00</time>
      </trkpt>
      <trkpt lat="48.9339292421937" lon="-120.76386837288737">
        <time>2005-09-25T12:08:44-07:00</time>
      </trkpt>
      <trkpt lat="48.93401029519737" lon="-120.76390734873712">
        <time>2005-09-25T12:08:47-07:00</time>
      </trkpt>
      <trkpt lat="48.93409428186715" lon="-120.76395956799388">
        <time>2005-09-25T12:08:51-07:00</time>
      </trkpt>
      <trkpt lat="48.93420936539769" lon="-120.76404087245464">
        <time>2005-09-25T12:08:55-07:00</time>
      </trkpt>
      <trkpt lat="48.93429192714393" lon="-120.76406920328736">
        <time>2005-09-25T12:09:01-07:00</time>
      </trkpt>
      <trkpt lat="48.93431623466313" lon="-120.76408529654145">
        <time>2005-09-25T12:09:03-07:00</time>
      </trkpt>
      <trkpt lat="48.9344541169703" lon="-120.76415754854679">
        <time>2005-09-25T12:09:09-07:00</time>
      </trkpt>
      <trkpt lat="48.93453114666045" lon="-120.76417959295213">
        <time>2005-09-25T12:09:15-07:00</time>
      </trkpt>
      <trkpt lat="48.93456408753991" lon="-120.76419015415013">
        <time>2005-09-25T12:09:17-07:00</time>
      </trkpt>
      <trkpt lat="48.93467011861503" lon="-120.7642262801528">
        <time>2005-09-25T12:09:24-07:00</time>
      </trkpt>
      <trkpt lat="48.93477983772755" lon="-120.76427355408669">
        <time>2005-09-25T12:09:25-07:00</time>
      </trkpt>
      <trkpt lat="48.93482451327145" lon="-120.76428763568401">
        <time>2005-09-25T12:09:30-07:00</time>
      </trkpt>
      <trkpt lat="48.93487807363272" lon="-120.76430037617683">
        <time>2005-09-25T12:09:31-07:00</time>
      </trkpt>
      <trkpt lat="48.93491864204407" lon="-120.76431160792708">
        <time>2005-09-25T12:09:39-07:00</time>
      </trkpt>
      <trkpt lat="48.934988463297486" lon="-120.76435670256615">
        <time>2005-09-25T12:09:42-07:00</time>
      </trkpt>
      <trkpt lat="48.93505476415157" lon="-120.76438402757049">
        <time>2005-09-25T12:09:48-07:00</time>
      </trkpt>
      <trkpt lat="48.935096338391304" lon="-120.7644078321755">
        <time>2005-09-25T12:09:57-07:00</time>
      </trkpt>
      <trkpt lat="48.93515819683671" lon="-120.76442509889603">
        <time>2005-09-25T12:10:04-07:00</time>
      </trkpt>
      <trkpt lat="48.93523329868913" lon="-120.76444949023426">
        <time>2005-09-25T12:10:10-07:00</time>
      </trkpt>
      <trkpt lat="48.935258612036705" lon="-120.76446457765996">
        <time>2005-09-25T12:10:17-07:00</time>
      </trkpt>
      <trkpt lat="48.93533857539296" lon="-120.76452157460153">
        <time>2005-09-25T12:10:23-07:00</time>
      </trkpt>
      <trkpt lat="48.93540185876191" lon="-120.76455124653876">
        <time>2005-09-25T12:10:31-07:00</time>
      </trkpt>
      <trkpt lat="48.93542105332017" lon="-120.76455652713776">
        <time>2005-09-25T12:10:32-07:00</time>
      </trkpt>
      <trkpt lat="48.93549623899162" lon="-120.76458904892206">
        <time>2005-09-25T12:10:33-07:00</time>
      </trkpt>
      <trkpt lat="48.93557410687208" lon="-120.76467982493341">
        <time>2005-09-25T12:10:42-07:00</time>
      </trkpt>
      <trkpt lat="48.9356647990644" lon="-120.7647752109915">
        <time>2005-09-25T12:10:45-07:00</time>
      </trkpt>
      <trkpt lat="48.935692962259054" lon="-120.76480194926262">
        <time>2005-09-25T12:10:50-07:00</time>
      </trkpt>
      <trkpt lat="48.93572908826172" lon="-120.76483095064759">
        <time>2005-09-25T12:10:56-07:00</time>
      </trkpt>
      <trkpt lat="48.93578474409878" lon="-120.76486280187964">
        <time>2005-09-25T12:11:02-07:00</time>
      </trkpt>
      <trkpt lat="48.93579790368676" lon="-120.76486858539283">
        <time>2005-09-25T12:11:06-07:00</time>
      </trkpt>
      <trkpt lat="48.93590376712382" lon="-120.76492139138281">
        <time>2005-09-25T12:11:08-07:00</time>
      </trkpt>
      <trkpt lat="48.936032596975565" lon="-120.76496874913573">
        <time>2005-09-25T12:11:14-07:00</time>
      </trkpt>
      <trkpt lat="48.93609487451613" lon="-120.76500244438648">
        <time>2005-09-25T12:11:22-07:00</time>
      </trkpt>
      <trkpt lat="48.936152374371886" lon="-120.76502423733473">
        <time>2005-09-25T12:11:29-07:00</time>
      </trkpt>
      <trkpt lat="48.93628413788974" lon="-120.76505617238581">
        <time>2005-09-25T12:11:31-07:00</time>
      </trkpt>
      <trkpt lat="48.936369381845" lon="-120.7650669850409">
        <time>2005-09-25T12:11:36-07:00</time>
      </trkpt>
      <trkpt lat="48.93639645539224" lon="-120.76507193036377">
        <time>2005-09-25T12:11:44-07:00</time>
      </trkpt>
      <trkpt lat="48.93641925416887" lon="-120.76507511548698">
        <time>2005-09-25T12:11:45-07:00</time>
      </trkpt>
      <trkpt lat="48.936510533094406" lon="-120.76513228006661">
        <time>2005-09-25T12:11:51-07:00</time>
      </trkpt>
      <trkpt lat="48.93662762828171" lon="-120.76520143076777">
        <time>2005-09-25T12:11:52-07:00</time>
      </trkpt>
      <trkpt lat="48.93671656027436" lon="-120.76524727977812">
        <time>2005-09-25T12:11:58-07:00</time>
      </trkpt>
      <trkpt lat="48.936815885826945" lon="-120.76528684236109">
        <time>2005-09-25T12:12:05-07:00</time>
      </trkpt>
      <trkpt lat="48.93691345117986" lon="-120.76528717763722">
        <time>2005-09-25T12:12:12-07:00</time>
      </trkpt>
      <trkpt lat="48.93702861852944" lon="-120.76529723592103">
        <time>2005-09-25T12:12:22-07:00</time>
      </trkpt>
      <trkpt lat="48.937152503058314" lon="-120.76531760394573">
        <time>2005-09-25T12:12:27-07:00</time>
      </trkpt>
      <trkpt lat="48.93720312975347" lon="-120.76532422564924">
        <time>2005-09-25T12:12:29-07:00</time>
      </trkpt>
      <trkpt lat="48.93723732791841" lon="-120.765331517905">
        <time>2005-09-25T12:12:40-07:00</time>
      </trkpt>
      <trkpt lat="48.9373379945755" lon="-120.76536454260349">
        <time>2005-09-25T12:12:45-07:00</time>
      </trkpt>
      <trkpt lat="48.937450144439936" lon="-120.76544274576008">
        <time>2005-09-25T12:12:47-07:00</time>
      </trkpt>
      <trkpt lat="48.93752281554043" lon="-120.76549446210265">
        <time>2005-09-25T12:12:55-07:00</time>
      </trkpt>
      <trkpt lat="48.937564892694354" lon="-120.76552413403988">
        <time>2005-09-25T12:13:03-07:00</time>
      </trkpt>
      <trkpt lat="48.93762004561722" lon="-120.76554911211133">
        <time>2005-09-25T12:13:07-07:00</time>
      </trkpt>
      <trkpt lat="48.93767410889268" lon="-120.7655643671751">
        <time>2005-09-25T12:13:10-07:00</time>
      </trkpt>
      <trkpt lat="48.937762370333076" lon="-120.76563184149563">
        <time>2005-09-25T12:13:13-07:00</time>
      </trkpt>
      <trkpt lat="48.93779774196446" lon="-120.76566277071834">
        <time>2005-09-25T12:13:18-07:00</time>
      </trkpt>
      <trkpt lat="48.93784761428833" lon="-120.76570836827159">
        <time>2005-09-25T12:13:24-07:00</time>
      </trkpt>
      <trkpt lat="48.93789983354509" lon="-120.7657337654382">
        <time>2005-09-25T12:13:27-07:00</time>
      </trkpt>
      <trkpt lat="48.93794434145093" lon="-120.76575203798711">
        <time>2005-09-25T12:13:31-07:00</time>
      </trkpt>
      <trkpt lat="48.93798197619617" lon="-120.76576293446124">
        <time>2005-09-25T12:13:36-07:00</time>
      </trkpt>
      <trkpt lat="48.93806512467563" lon="-120.76579897664487">
        <time>2005-09-25T12:13:38-07:00</time>
      </trkpt>
      <trkpt lat="48.938091695308685" lon="-120.76581004075706">
        <time>2005-09-25T12:13:44-07:00</time>
      </trkpt>
      <trkpt lat="48.93817459233105" lon="-120.76583795249462">
        <time>2005-09-25T12:13:49-07:00</time>
      </trkpt>
      <trkpt lat="48.93823988735676" lon="-120.76587659306824">
        <time>2005-09-25T12:13:51-07:00</time>
      </trkpt>
      <trkpt lat="48.93833770416677" lon="-120.7659423071891">
        <time>2005-09-25T12:13:58-07:00</time>
      </trkpt>
      <trkpt lat="48.93838598392904" lon="-120.76594658195972">
        <time>2005-09-25T12:14:05-07:00</time>
      </trkpt>
      <trkpt lat="48.93845873884857" lon="-120.76597893610597">
        <time>2005-09-25T12:14:13-07:00</time>
      </trkpt>
      <trkpt lat="48.93852881155908" lon="-120.76602201908827">
        <time>2005-09-25T12:14:16-07:00</time>
      </trkpt>
      <trkpt lat="48.93854783847928" lon="-120.76603090390563">
        <time>2005-09-25T12:14:20-07:00</time>
      </trkpt>
      <trkpt lat="48.93855907022953" lon="-120.76603727415204">
        <time>2005-09-25T12:14:26-07:00</time>
      </trkpt>
      <trkpt lat="48.9386382792145" lon="-120.76606920920312">
        <time>2005-09-25T12:14:27-07:00</time>
      </trkpt>
      <trkpt lat="48.9386832062155" lon="-120.76607884839177">
        <time>2005-09-25T12:14:34-07:00</time>
      </trkpt>
      <trkpt lat="48.938712710514665" lon="-120.76608982868493">
        <time>2005-09-25T12:14:43-07:00</time>
      </trkpt>
      <trkpt lat="48.93880155868828" lon="-120.76612511649728">
        <time>2005-09-25T12:14:48-07:00</time>
      </trkpt>
      <trkpt lat="48.938812874257565" lon="-120.76613450422883">
        <time>2005-09-25T12:14:52-07:00</time>
      </trkpt>
      <trkpt lat="48.93890985287726" lon="-120.7662054989487">
        <time>2005-09-25T12:15:02-07:00</time>
      </trkpt>
      <trkpt lat="48.93894815817475" lon="-120.76623148284853">
        <time>2005-09-25T12:15:09-07:00</time>
      </trkpt>
      <trkpt lat="48.938996689394116" lon="-120.76626065187156">
        <time>2005-09-25T12:15:11-07:00</time>
      </trkpt>
      <trkpt lat="48.93904656171799" lon="-120.76631966046989">
        <time>2005-09-25T12:15:13-07:00</time>
      </trkpt>
      <trkpt lat="48.93909014761448" lon="-120.76634204015136">
        <time>2005-09-25T12:15:21-07:00</time>
      </trkpt>
      <trkpt lat="48.939104648306966" lon="-120.76634983532131">
        <time>2005-09-25T12:15:29-07:00</time>
      </trkpt>
      <trkpt lat="48.939215037971735" lon="-120.76640230603516">
        <time>2005-09-25T12:15:36-07:00</time>
      </trkpt>
      <trkpt lat="48.93926868215203" lon="-120.76642585918307">
        <time>2005-09-25T12:15:44-07:00</time>
      </trkpt>
      <trkpt lat="48.93935266882181" lon="-120.76645653694868">
        <time>2005-09-25T12:15:52-07:00</time>
      </trkpt>
      <trkpt lat="48.93941083922982" lon="-120.76647095382214">
        <time>2005-09-25T12:16:00-07:00</time>
      </trkpt>
      <trkpt lat="48.93944017589092" lon="-120.76647749170661">
        <time>2005-09-25T12:16:09-07:00</time>
      </trkpt>
      <trkpt lat="48.93952055834234" lon="-120.76649626716971">
        <time>2005-09-25T12:16:13-07:00</time>
      </trkpt>
      <trkpt lat="48.93954067490995" lon="-120.76651244424284">
        <time>2005-09-25T12:16:16-07:00</time>
      </trkpt>
      <trkpt lat="48.93957051448524" lon="-120.76652744784951">
        <time>2005-09-25T12:16:24-07:00</time>
      </trkpt>
      <trkpt lat="48.93965802155435" lon="-120.766586875543">
        <time>2005-09-25T12:16:33-07:00</time>
      </trkpt>
      <trkpt lat="48.93977344036102" lon="-120.76664756052196">
        <time>2005-09-25T12:16:39-07:00</time>
      </trkpt>
      <trkpt lat="48.939786683768034" lon="-120.76665468513966">
        <time>2005-09-25T12:16:43-07:00</time>
      </trkpt>
      <trkpt lat="48.93988072872162" lon="-120.76668251305819">
        <time>2005-09-25T12:16:47-07:00</time>
      </trkpt>
      <trkpt lat="48.9399404078722" lon="-120.76668242923915">
        <time>2005-09-25T12:16:51-07:00</time>
      </trkpt>
      <trkpt lat="48.94003227353096" lon="-120.76667907647789">
        <time>2005-09-25T12:16:59-07:00</time>
      </trkpt>
      <trkpt lat="48.940044678747654" lon="-120.76667631044984">
        <time>2005-09-25T12:17:03-07:00</time>
      </trkpt>
      <trkpt lat="48.94015247002244" lon="-120.76662736013532">
        <time>2005-09-25T12:17:08-07:00</time>
      </trkpt>
      <trkpt lat="48.940200163051486" lon="-120.76662392355502">
        <time>2005-09-25T12:17:12-07:00</time>
      </trkpt>
      <trkpt lat="48.94024224020541" lon="-120.76661579310894">
        <time>2005-09-25T12:17:15-07:00</time>
      </trkpt>
      <trkpt lat="48.94026780501008" lon="-120.76659844256938">
        <time>2005-09-25T12:17:18-07:00</time>
      </trkpt>
      <trkpt lat="48.94027819857001" lon="-120.7665884681046">
        <time>2005-09-25T12:17:25-07:00</time>
      </trkpt>
      <trkpt lat="48.94033192656934" lon="-120.76655091717839">
        <time>2005-09-25T12:17:27-07:00</time>
      </trkpt>
      <trkpt lat="48.940395629033446" lon="-120.76655192300677">
        <time>2005-09-25T12:17:33-07:00</time>
      </trkpt>
      <trkpt lat="48.94041046500206" lon="-120.76655695214868">
        <time>2005-09-25T12:17:38-07:00</time>
      </trkpt>
      <trkpt lat="48.94049847498536" lon="-120.7665800023824">
        <time>2005-09-25T12:17:46-07:00</time>
      </trkpt>
      <trkpt lat="48.94052588380873" lon="-120.76658226549625">
        <time>2005-09-25T12:17:50-07:00</time>
      </trkpt>
      <trkpt lat="48.94056636840105" lon="-120.76658637262881">
        <time>2005-09-25T12:17:55-07:00</time>
      </trkpt>
      <trkpt lat="48.94061665982008" lon="-120.76657866127789">
        <time>2005-09-25T12:18:01-07:00</time>
      </trkpt>
      <trkpt lat="48.940713219344616" lon="-120.76656726188958">
        <time>2005-09-25T12:18:03-07:00</time>
      </trkpt>
      <trkpt lat="48.94073744304478" lon="-120.76656608842313">
        <time>2005-09-25T12:18:04-07:00</time>
      </trkpt>
      <trkpt lat="48.940849509090185" lon="-120.76655871234834">
        <time>2005-09-25T12:18:10-07:00</time>
      </trkpt>
      <trkpt lat="48.940990660339594" lon="-120.76655795797706">
        <time>2005-09-25T12:18:13-07:00</time>
      </trkpt>
      <trkpt lat="48.94102795980871" lon="-120.76655896380544">
        <time>2005-09-25T12:18:15-07:00</time>
      </trkpt>
      <trkpt lat="48.94110172055662" lon="-120.76655100099742">
        <time>2005-09-25T12:18:23-07:00</time>
      </trkpt>
      <trkpt lat="48.94111504778266" lon="-120.7665506657213">
        <time>2005-09-25T12:18:24-07:00</time>
      </trkpt>
      <trkpt lat="48.94119115546346" lon="-120.76661738567054">
        <time>2005-09-25T12:18:33-07:00</time>
      </trkpt>
      <trkpt lat="48.941287295892835" lon="-120.76670707203448">
        <time>2005-09-25T12:18:37-07:00</time>
      </trkpt>
      <trkpt lat="48.941312273964286" lon="-120.76672878116369">
        <time>2005-09-25T12:18:41-07:00</time>
      </trkpt>
      <trkpt lat="48.941366421058774" lon="-120.76673892326653">
        <time>2005-09-25T12:18:46-07:00</time>
      </trkpt>
      <trkpt lat="48.94142274744809" lon="-120.76673850417137">
        <time>2005-09-25T12:18:49-07:00</time>
      </trkpt>
      <trkpt lat="48.94144730642438" lon="-120.76674495823681">
        <time>2005-09-25T12:18:50-07:00</time>
      </trkpt>
      <trkpt lat="48.94152651540935" lon="-120.7667679246515">
        <time>2005-09-25T12:18:58-07:00</time>
      </trkpt>
      <trkpt lat="48.94163497723639" lon="-120.76679181307554">
        <time>2005-09-25T12:19:02-07:00</time>
      </trkpt>
      <trkpt lat="48.941665487363935" lon="-120.76681025326252">
        <time>2005-09-25T12:19:09-07:00</time>
      </trkpt>
      <trkpt lat="48.94167998805642" lon="-120.76681737788022">
        <time>2005-09-25T12:19:14-07:00</time>
      </trkpt>
      <trkpt lat="48.941722735762596" lon="-120.76685467734933">
        <time>2005-09-25T12:19:17-07:00</time>
      </trkpt>
      <trkpt lat="48.941736314445734" lon="-120.76686364598572">
        <time>2005-09-25T12:19:23-07:00</time>
      </trkpt>
      <trkpt lat="48.94180613569915" lon="-120.76688862405717">
        <time>2005-09-25T12:19:25-07:00</time>
      </trkpt>
      <trkpt lat="48.94191292114556" lon="-120.76693338342011">
        <time>2005-09-25T12:19:27-07:00</time>
      </trkpt>
      <trkpt lat="48.942026160657406" lon="-120.76695735566318">
        <time>2005-09-25T12:19:33-07:00</time>
      </trkpt>
      <trkpt lat="48.94215096719563" lon="-120.7669685035944">
        <time>2005-09-25T12:19:43-07:00</time>
      </trkpt>
      <trkpt lat="48.94224618561566" lon="-120.7669428549707">
        <time>2005-09-25T12:19:44-07:00</time>
      </trkpt>
      <trkpt lat="48.94231759943068" lon="-120.7668318785727">
        <time>2005-09-25T12:19:50-07:00</time>
      </trkpt>
      <trkpt lat="48.94235271960497" lon="-120.76680111698806">
        <time>2005-09-25T12:19:55-07:00</time>
      </trkpt>
      <trkpt lat="48.94238700158894" lon="-120.76680648140609">
        <time>2005-09-25T12:20:02-07:00</time>
      </trkpt>
      <trkpt lat="48.94240175373852" lon="-120.76681486330926">
        <time>2005-09-25T12:20:03-07:00</time>
      </trkpt>
      <trkpt lat="48.942476185038686" lon="-120.76691041700542">
        <time>2005-09-25T12:20:12-07:00</time>
      </trkpt>
      <trkpt lat="48.94255883060396" lon="-120.76697110198438">
        <time>2005-09-25T12:20:15-07:00</time>
      </trkpt>
      <trkpt lat="48.94262203015387" lon="-120.76698333956301">
        <time>2005-09-25T12:20:19-07:00</time>
      </trkpt>
      <trkpt lat="48.9426636043936" lon="-120.76702306978405">
        <time>2005-09-25T12:20:22-07:00</time>
      </trkpt>
      <trkpt lat="48.942715572193265" lon="-120.76704544946551">
        <time>2005-09-25T12:20:23-07:00</time>
      </trkpt>
      <trkpt lat="48.942817244678736" lon="-120.76707730069757">
        <time>2005-09-25T12:20:27-07:00</time>
      </trkpt>
      <trkpt lat="48.94285395741463" lon="-120.76707939617336">
        <time>2005-09-25T12:20:31-07:00</time>
      </trkpt>
      <trkpt lat="48.94287256523967" lon="-120.7670670747757">
        <time>2005-09-25T12:20:32-07:00</time>
      </trkpt>
      <trkpt lat="48.942893939092755" lon="-120.76706405729055">
        <time>2005-09-25T12:20:39-07:00</time>
      </trkpt>
      <trkpt lat="48.9429019857198" lon="-120.76706757768989">
        <time>2005-09-25T12:20:41-07:00</time>
      </trkpt>
      <trkpt lat="48.942917408421636" lon="-120.7670895382762">
        <time>2005-09-25T12:20:44-07:00</time>
      </trkpt>
      <trkpt lat="48.94292143173516" lon="-120.76709574088454">
        <time>2005-09-25T12:20:50-07:00</time>
      </trkpt>
      <trkpt lat="48.94292344339192" lon="-120.76710688881576">
        <time>2005-09-25T12:20:57-07:00</time>
      </trkpt>
      <trkpt lat="48.942930148914456" lon="-120.76712306588888">
        <time>2005-09-25T12:20:59-07:00</time>
      </trkpt>
      <trkpt lat="48.94292553886771" lon="-120.76713128015399">
        <time>2005-09-25T12:21:07-07:00</time>
      </trkpt>
      <trkpt lat="48.942896872758865" lon="-120.76713614165783">
        <time>2005-09-25T12:21:18-07:00</time>
      </trkpt>
      <trkpt lat="48.94288304261863" lon="-120.76712583191693">
        <time>2005-09-25T12:21:21-07:00</time>
      </trkpt>
      <trkpt lat="48.94288631156087" lon="-120.76710102148354">
        <time>2005-09-25T12:21:26-07:00</time>
      </trkpt>
      <trkpt lat="48.942914977669716" lon="-120.76715609058738">
        <time>2005-09-25T12:21:27-07:00</time>
      </trkpt>
      <trkpt lat="48.942961413413286" lon="-120.767279304564">
        <time>2005-09-25T12:21:34-07:00</time>
      </trkpt>
      <trkpt lat="48.94297272898257" lon="-120.76730118133128">
        <time>2005-09-25T12:21:42-07:00</time>
      </trkpt>
      <trkpt lat="48.943017572164536" lon="-120.76740427874029">
        <time>2005-09-25T12:21:44-07:00</time>
      </trkpt>
      <trkpt lat="48.94308722577989" lon="-120.76753403060138">
        <time>2005-09-25T12:21:49-07:00</time>
      </trkpt>
      <trkpt lat="48.94311547279358" lon="-120.76759446412325">
        <time>2005-09-25T12:21:53-07:00</time>
      </trkpt>
      <trkpt lat="48.943122094497085" lon="-120.76760351657867">
        <time>2005-09-25T12:21:55-07:00</time>
      </trkpt>
      <trkpt lat="48.94316735677421" lon="-120.76764224097133">
        <time>2005-09-25T12:22:02-07:00</time>
      </trkpt>
      <trkpt lat="48.943236423656344" lon="-120.76773184351623">
        <time>2005-09-25T12:22:11-07:00</time>
      </trkpt>
      <trkpt lat="48.943310687318444" lon="-120.76780040748417">
        <time>2005-09-25T12:22:13-07:00</time>
      </trkpt>
      <trkpt lat="48.94338000565767" lon="-120.76786302030087">
        <time>2005-09-25T12:22:17-07:00</time>
      </trkpt>
      <trkpt lat="48.94346281886101" lon="-120.76793929561973">
        <time>2005-09-25T12:22:21-07:00</time>
      </trkpt>
      <trkpt lat="48.94354839809239" lon="-120.76801238581538">
        <time>2005-09-25T12:22:22-07:00</time>
      </trkpt>
      <trkpt lat="48.9436652418226" lon="-120.76810156926513">
        <time>2005-09-25T12:22:28-07:00</time>
      </trkpt>
      <trkpt lat="48.94367940723896" lon="-120.76811933889985">
        <time>2005-09-25T12:22:36-07:00</time>
      </trkpt>
      <trkpt lat="48.9437738712877" lon="-120.7681786827743">
        <time>2005-09-25T12:22:45-07:00</time>
      </trkpt>
      <trkpt lat="48.943852158263326" lon="-120.76819636859">
        <time>2005-09-25T12:22:55-07:00</time>
      </trkpt>
      <trkpt lat="48.94392533227801" lon="-120.76830809935927">
        <time>2005-09-25T12:23:03-07:00</time>
      </trkpt>
      <trkpt lat="48.94401493482292" lon="-120.76840717345476">
        <time>2005-09-25T12:23:12-07:00</time>
      </trkpt>
      <trkpt lat="48.944067070260644" lon="-120.76843248680234">
        <time>2005-09-25T12:23:14-07:00</time>
      </trkpt>
      <trkpt lat="48.944102274253964" lon="-120.76843122951686">
        <time>2005-09-25T12:23:16-07:00</time>
      </trkpt>
      <trkpt lat="48.944192631170154" lon="-120.76846417039633">
        <time>2005-09-25T12:23:17-07:00</time>
      </trkpt>
      <trkpt lat="48.94428491592407" lon="-120.76850457116961">
        <time>2005-09-25T12:23:25-07:00</time>
      </trkpt>
      <trkpt lat="48.944356916472316" lon="-120.76854832470417">
        <time>2005-09-25T12:23:32-07:00</time>
      </trkpt>
      <trkpt lat="48.94447082653642" lon="-120.76854807324708">
        <time>2005-09-25T12:23:39-07:00</time>
      </trkpt>
      <trkpt lat="48.94460208714008" lon="-120.76857523061335">
        <time>2005-09-25T12:23:43-07:00</time>
      </trkpt>
      <trkpt lat="48.944672998040915" lon="-120.76867463998497">
        <time>2005-09-25T12:23:48-07:00</time>
      </trkpt>
      <trkpt lat="48.944709207862616" lon="-120.76881168410182">
        <time>2005-09-25T12:23:56-07:00</time>
      </trkpt>
      <trkpt lat="48.94476855173707" lon="-120.76887245289981">
        <time>2005-09-25T12:23:59-07:00</time>
      </trkpt>
      <trkpt lat="48.94480291754007" lon="-120.76886298134923">
        <time>2005-09-25T12:24:01-07:00</time>
      </trkpt>
      <trkpt lat="48.94483451731503" lon="-120.76885879039764">
        <time>2005-09-25T12:24:04-07:00</time>
      </trkpt>
      <trkpt lat="48.94487659446895" lon="-120.76886021532118">
        <time>2005-09-25T12:24:05-07:00</time>
      </trkpt>
      <trkpt lat="48.94490970298648" lon="-120.76887756586075">
        <time>2005-09-25T12:24:11-07:00</time>
      </trkpt>
      <trkpt lat="48.94500810652971" lon="-120.76895283535123">
        <time>2005-09-25T12:24:12-07:00</time>
      </trkpt>
      <trkpt lat="48.94504498690367" lon="-120.76904310844839">
        <time>2005-09-25T12:24:13-07:00</time>
      </trkpt>
      <trkpt lat="48.945093266665936" lon="-120.76907638460398">
        <time>2005-09-25T12:24:16-07:00</time>
      </trkpt>
      <trkpt lat="48.945101983845234" lon="-120.76908074319363">
        <time>2005-09-25T12:24:19-07:00</time>
      </trkpt>
      <trkpt lat="48.94512243568897" lon="-120.76910773292184">
        <time>2005-09-25T12:24:29-07:00</time>
      </trkpt>
      <trkpt lat="48.94514079205692" lon="-120.7691427692771">
        <time>2005-09-25T12:24:35-07:00</time>
      </trkpt>
      <trkpt lat="48.94514464773238" lon="-120.76915886253119">
        <time>2005-09-25T12:24:40-07:00</time>
      </trkpt>
      <trkpt lat="48.94516778178513" lon="-120.76927335932851">
        <time>2005-09-25T12:24:48-07:00</time>
      </trkpt>
      <trkpt lat="48.94519904628396" lon="-120.76940378174186">
        <time>2005-09-25T12:24:56-07:00</time>
      </trkpt>
      <trkpt lat="48.945226706564426" lon="-120.76951031573117">
        <time>2005-09-25T12:24:57-07:00</time>
      </trkpt>
      <trkpt lat="48.945307256653905" lon="-120.76966303400695">
        <time>2005-09-25T12:25:03-07:00</time>
      </trkpt>
      <trkpt lat="48.945317063480616" lon="-120.76967669650912">
        <time>2005-09-25T12:25:11-07:00</time>
      </trkpt>
      <trkpt lat="48.94536266103387" lon="-120.76973168179393">
        <time>2005-09-25T12:25:18-07:00</time>
      </trkpt>
      <trkpt lat="48.94540532492101" lon="-120.76979437842965">
        <time>2005-09-25T12:25:19-07:00</time>
      </trkpt>
      <trkpt lat="48.94541219808161" lon="-120.76980711892247">
        <time>2005-09-25T12:25:23-07:00</time>
      </trkpt>
      <trkpt lat="48.94544983282685" lon="-120.7698750961572">
        <time>2005-09-25T12:25:30-07:00</time>
      </trkpt>
      <trkpt lat="48.94550632685423" lon="-120.76994055882096">
        <time>2005-09-25T12:25:37-07:00</time>
      </trkpt>
      <trkpt lat="48.945547230541706" lon="-120.76997919939458">
        <time>2005-09-25T12:25:44-07:00</time>
      </trkpt>
      <trkpt lat="48.94559148699045" lon="-120.77002731151879">
        <time>2005-09-25T12:25:51-07:00</time>
      </trkpt>
      <trkpt lat="48.94562115892768" lon="-120.77006947249174">
        <time>2005-09-25T12:25:58-07:00</time>
      </trkpt>
      <trkpt lat="48.94571461714804" lon="-120.77013778500259">
        <time>2005-09-25T12:26:08-07:00</time>
      </trkpt>
      <trkpt lat="48.94578921608627" lon="-120.7701267208904">
        <time>2005-09-25T12:26:10-07:00</time>
      </trkpt>
      <trkpt lat="48.94580732099712" lon="-120.77012160792947">
        <time>2005-09-25T12:26:18-07:00</time>
      </trkpt>
      <trkpt lat="48.94587739370763" lon="-120.77009847387671">
        <time>2005-09-25T12:26:24-07:00</time>
      </trkpt>
      <trkpt lat="48.94593749195337" lon="-120.77009646221995">
        <time>2005-09-25T12:26:31-07:00</time>
      </trkpt>
      <trkpt lat="48.94594989717007" lon="-120.77012345194817">
        <time>2005-09-25T12:26:39-07:00</time>
      </trkpt>
      <trkpt lat="48.9460015296936" lon="-120.77025856822729">
        <time>2005-09-25T12:26:43-07:00</time>
      </trkpt>
      <trkpt lat="48.94602868705988" lon="-120.77035370282829">
        <time>2005-09-25T12:26:46-07:00</time>
      </trkpt>
      <trkpt lat="48.946036314591765" lon="-120.77041354961693">
        <time>2005-09-25T12:26:53-07:00</time>
      </trkpt>
      <trkpt lat="48.94604385830462" lon="-120.77049820683897">
        <time>2005-09-25T12:27:00-07:00</time>
      </trkpt>
      <trkpt lat="48.946057856082916" lon="-120.7705754879862">
        <time>2005-09-25T12:27:08-07:00</time>
      </trkpt>
      <trkpt lat="48.946103705093265" lon="-120.77065360732377">
        <time>2005-09-25T12:27:16-07:00</time>
      </trkpt>
      <trkpt lat="48.94613438285887" lon="-120.77068847604096">
        <time>2005-09-25T12:27:25-07:00</time>
      </trkpt>
      <trkpt lat="48.946149218827486" lon="-120.77071194536984">
        <time>2005-09-25T12:27:34-07:00</time>
      </trkpt>
      <trkpt lat="48.94620512612164" lon="-120.7708278670907">
        <time>2005-09-25T12:27:41-07:00</time>
      </trkpt>
      <trkpt lat="48.94622029736638" lon="-120.77087178826332">
        <time>2005-09-25T12:27:47-07:00</time>
      </trkpt>
      <trkpt lat="48.94624024629593" lon="-120.77092861756682">
        <time>2005-09-25T12:27:50-07:00</time>
      </trkpt>
      <trkpt lat="48.94627402536571" lon="-120.77099299058318">
        <time>2005-09-25T12:27:52-07:00</time>
      </trkpt>
      <trkpt lat="48.94632641226053" lon="-120.77105132862926">
        <time>2005-09-25T12:27:54-07:00</time>
      </trkpt>
      <trkpt lat="48.946373015642166" lon="-120.77109307050705">
        <time>2005-09-25T12:27:57-07:00</time>
      </trkpt>
      <trkpt lat="48.94644350744784" lon="-120.77116968110204">
        <time>2005-09-25T12:28:06-07:00</time>
      </trkpt>
      <trkpt lat="48.94649639725685" lon="-120.7712374906987">
        <time>2005-09-25T12:28:12-07:00</time>
      </trkpt>
      <trkpt lat="48.9465197827667" lon="-120.77126305550337">
        <time>2005-09-25T12:28:17-07:00</time>
      </trkpt>
      <trkpt lat="48.94656898453832" lon="-120.77132097445428">
        <time>2005-09-25T12:28:18-07:00</time>
      </trkpt>
      <trkpt lat="48.94658097065985" lon="-120.77133094891906">
        <time>2005-09-25T12:28:22-07:00</time>
      </trkpt>
      <trkpt lat="48.94658868201077" lon="-120.7713424321264">
        <time>2005-09-25T12:28:24-07:00</time>
      </trkpt>
      <trkpt lat="48.94670854322612" lon="-120.77139414846897">
        <time>2005-09-25T12:28:25-07:00</time>
      </trkpt>
      <trkpt lat="48.946765875443816" lon="-120.77139196917415">
        <time>2005-09-25T12:28:31-07:00</time>
      </trkpt>
      <trkpt lat="48.94680853933096" lon="-120.77140311710536">
        <time>2005-09-25T12:28:39-07:00</time>
      </trkpt>
      <trkpt lat="48.946883138269186" lon="-120.77148375101388">
        <time>2005-09-25T12:28:46-07:00</time>
      </trkpt>
      <trkpt lat="48.94690736196935" lon="-120.77160453423858">
        <time>2005-09-25T12:28:56-07:00</time>
      </trkpt>
      <trkpt lat="48.94693845883012" lon="-120.77167712152004">
        <time>2005-09-25T12:28:57-07:00</time>
      </trkpt>
      <trkpt lat="48.9469688013196" lon="-120.77172070741653">
        <time>2005-09-25T12:29:01-07:00</time>
      </trkpt>
      <trkpt lat="48.94701071083546" lon="-120.7718051970005">
        <time>2005-09-25T12:29:05-07:00</time>
      </trkpt>
      <trkpt lat="48.94703124649823" lon="-120.77185766771436">
        <time>2005-09-25T12:29:06-07:00</time>
      </trkpt>
      <trkpt lat="48.947056559845805" lon="-120.77192430384457">
        <time>2005-09-25T12:29:12-07:00</time>
      </trkpt>
      <trkpt lat="48.94709109328687" lon="-120.7719830609858">
        <time>2005-09-25T12:29:17-07:00</time>
      </trkpt>
      <trkpt lat="48.947176253423095" lon="-120.77211951836944">
        <time>2005-09-25T12:29:20-07:00</time>
      </trkpt>
      <trkpt lat="48.947248589247465" lon="-120.77222437597811">
        <time>2005-09-25T12:29:25-07:00</time>
      </trkpt>
      <trkpt lat="48.94727323204279" lon="-120.77226804569364">
        <time>2005-09-25T12:29:28-07:00</time>
      </trkpt>
      <trkpt lat="48.94731706939638" lon="-120.77233686111867">
        <time>2005-09-25T12:29:36-07:00</time>
      </trkpt>
      <trkpt lat="48.94740943796933" lon="-120.77240928076208">
        <time>2005-09-25T12:29:41-07:00</time>
      </trkpt>
      <trkpt lat="48.94744036719203" lon="-120.77244540676475">
        <time>2005-09-25T12:29:42-07:00</time>
      </trkpt>
      <trkpt lat="48.947508009150624" lon="-120.77251648530364">
        <time>2005-09-25T12:29:47-07:00</time>
      </trkpt>
      <trkpt lat="48.94762208685279" lon="-120.77260474674404">
        <time>2005-09-25T12:29:52-07:00</time>
      </trkpt>
      <trkpt lat="48.947705905884504" lon="-120.77265688218176">
        <time>2005-09-25T12:29:54-07:00</time>
      </trkpt>
      <trkpt lat="48.947739182040095" lon="-120.77265637926757">
        <time>2005-09-25T12:30:02-07:00</time>
      </trkpt>
      <trkpt lat="48.947837837040424" lon="-120.77273273840547">
        <time>2005-09-25T12:30:07-07:00</time>
      </trkpt>
      <trkpt lat="48.947850577533245" lon="-120.77274799346924">
        <time>2005-09-25T12:30:10-07:00</time>
      </trkpt>
      <trkpt lat="48.947919979691505" lon="-120.77282703481615">
        <time>2005-09-25T12:30:14-07:00</time>
      </trkpt>
      <trkpt lat="48.947926769033074" lon="-120.77284044586122">
        <time>2005-09-25T12:30:18-07:00</time>
      </trkpt>
      <trkpt lat="48.9479667507112" lon="-120.7729178108275">
        <time>2005-09-25T12:30:23-07:00</time>
      </trkpt>
      <trkpt lat="48.947976138442755" lon="-120.77293180860579">
        <time>2005-09-25T12:30:26-07:00</time>
      </trkpt>
      <trkpt lat="48.94804495386779" lon="-120.77303213998675">
        <time>2005-09-25T12:30:28-07:00</time>
      </trkpt>
      <trkpt lat="48.94807755947113" lon="-120.77307379804552">
        <time>2005-09-25T12:30:35-07:00</time>
      </trkpt>
      <trkpt lat="48.948170095682144" lon="-120.77321897260845">
        <time>2005-09-25T12:30:37-07:00</time>
      </trkpt>
      <trkpt lat="48.94817906431854" lon="-120.77323129400611">
        <time>2005-09-25T12:30:40-07:00</time>
      </trkpt>
      <trkpt lat="48.948256177827716" lon="-120.77329223044217">
        <time>2005-09-25T12:30:44-07:00</time>
      </trkpt>
      <trkpt lat="48.94838240928948" lon="-120.77333229593933">
        <time>2005-09-25T12:30:48-07:00</time>
      </trkpt>
      <trkpt lat="48.948434041813016" lon="-120.77335090376437">
        <time>2005-09-25T12:30:52-07:00</time>
      </trkpt>
      <trkpt lat="48.94851668737829" lon="-120.7733409292996">
        <time>2005-09-25T12:30:59-07:00</time>
      </trkpt>
      <trkpt lat="48.94854962825775" lon="-120.77334218658507">
        <time>2005-09-25T12:31:04-07:00</time>
      </trkpt>
      <trkpt lat="48.94863151945174" lon="-120.7733700145036">
        <time>2005-09-25T12:31:07-07:00</time>
      </trkpt>
      <trkpt lat="48.94863755442202" lon="-120.7733731996268">
        <time>2005-09-25T12:31:12-07:00</time>
      </trkpt>
      <trkpt lat="48.94874777644873" lon="-120.77344846911728">
        <time>2005-09-25T12:31:13-07:00</time>
      </trkpt>
      <trkpt lat="48.94877736456692" lon="-120.77347554266453">
        <time>2005-09-25T12:31:14-07:00</time>
      </trkpt>
      <trkpt lat="48.94884467124939" lon="-120.77350370585918">
        <time>2005-09-25T12:31:23-07:00</time>
      </trkpt>
      <trkpt lat="48.948858669027686" lon="-120.77350446023047">
        <time>2005-09-25T12:31:27-07:00</time>
      </trkpt>
      <trkpt lat="48.948944080621004" lon="-120.77352600172162">
        <time>2005-09-25T12:31:31-07:00</time>
      </trkpt>
      <trkpt lat="48.94895707257092" lon="-120.77352692373097">
        <time>2005-09-25T12:31:40-07:00</time>
      </trkpt>
      <trkpt lat="48.94901474006474" lon="-120.77354880049825">
        <time>2005-09-25T12:31:47-07:00</time>
      </trkpt>
      <trkpt lat="48.94901465624571" lon="-120.77356514520943">
        <time>2005-09-25T12:31:51-07:00</time>
      </trkpt>
      <trkpt lat="48.94901624880731" lon="-120.77357780188322">
        <time>2005-09-25T12:31:54-07:00</time>
      </trkpt>
      <trkpt lat="48.948992444202304" lon="-120.773746361956">
        <time>2005-09-25T12:31:59-07:00</time>
      </trkpt>
      <trkpt lat="48.94898263737559" lon="-120.77389757148921">
        <time>2005-09-25T12:32:02-07:00</time>
      </trkpt>
      <trkpt lat="48.949016500264406" lon="-120.77402707189322">
        <time>2005-09-25T12:32:06-07:00</time>
      </trkpt>
      <trkpt lat="48.94903996959329" lon="-120.7740569114685">
        <time>2005-09-25T12:32:10-07:00</time>
      </trkpt>
      <trkpt lat="48.94913208670914" lon="-120.77414500527084">
        <time>2005-09-25T12:32:19-07:00</time>
      </trkpt>
      <trkpt lat="48.94919713027775" lon="-120.77423720620573">
        <time>2005-09-25T12:32:27-07:00</time>
      </trkpt>
      <trkpt lat="48.94921598955989" lon="-120.77427266165614">
        <time>2005-09-25T12:32:30-07:00</time>
      </trkpt>
      <trkpt lat="48.94927365705371" lon="-120.77440995723009">
        <time>2005-09-25T12:32:35-07:00</time>
      </trkpt>
      <trkpt lat="48.949308106675744" lon="-120.77446066774428">
        <time>2005-09-25T12:32:43-07:00</time>
      </trkpt>
      <trkpt lat="48.949363343417645" lon="-120.77452814206481">
        <time>2005-09-25T12:32:46-07:00</time>
      </trkpt>
      <trkpt lat="48.94944213330746" lon="-120.77457290142775">
        <time>2005-09-25T12:32:52-07:00</time>
      </trkpt>
      <trkpt lat="48.94946677610278" lon="-120.7745875697583">
        <time>2005-09-25T12:33:02-07:00</time>
      </trkpt>
      <trkpt lat="48.9494866412133" lon="-120.77459645457566">
        <time>2005-09-25T12:33:09-07:00</time>
      </trkpt>
      <trkpt lat="48.949534334242344" lon="-120.77462428249419">
        <time>2005-09-25T12:33:11-07:00</time>
      </trkpt>
      <trkpt lat="48.94958596676588" lon="-120.77470558695495">
        <time>2005-09-25T12:33:20-07:00</time>
      </trkpt>
      <trkpt lat="48.94960097037256" lon="-120.774742718786">
        <time>2005-09-25T12:33:21-07:00</time>
      </trkpt>
      <trkpt lat="48.94967255182564" lon="-120.77481966465712">
        <time>2005-09-25T12:33:27-07:00</time>
      </trkpt>
      <trkpt lat="48.94971253350377" lon="-120.77485922724009">
        <time>2005-09-25T12:33:28-07:00</time>
      </trkpt>
      <trkpt lat="48.949768021702766" lon="-120.77490792609751">
        <time>2005-09-25T12:33:34-07:00</time>
      </trkpt>
      <trkpt lat="48.94983130507171" lon="-120.77495318837464">
        <time>2005-09-25T12:33:35-07:00</time>
      </trkpt>
      <trkpt lat="48.94988486543298" lon="-120.77502342872322">
        <time>2005-09-25T12:33:42-07:00</time>
      </trkpt>
      <trkpt lat="48.94991789013147" lon="-120.77506357803941">
        <time>2005-09-25T12:33:45-07:00</time>
      </trkpt>
      <trkpt lat="48.94994848407805" lon="-120.77509333379567">
        <time>2005-09-25T12:33:55-07:00</time>
      </trkpt>
      <trkpt lat="48.949980502948165" lon="-120.77512786723673">
        <time>2005-09-25T12:33:56-07:00</time>
      </trkpt>
      <trkpt lat="48.950002547353506" lon="-120.77515485696495">
        <time>2005-09-25T12:34:04-07:00</time>
      </trkpt>
      <trkpt lat="48.950091982260346" lon="-120.77520799823105">
        <time>2005-09-25T12:34:13-07:00</time>
      </trkpt>
      <trkpt lat="48.95011821761727" lon="-120.77521403320134">
        <time>2005-09-25T12:34:16-07:00</time>
      </trkpt>
      <trkpt lat="48.95019583404064" lon="-120.77528620138764">
        <time>2005-09-25T12:34:23-07:00</time>
      </trkpt>
      <trkpt lat="48.95024444907904" lon="-120.77539675869048">
        <time>2005-09-25T12:34:26-07:00</time>
      </trkpt>
      <trkpt lat="48.95030194893479" lon="-120.77552005648613">
        <time>2005-09-25T12:34:34-07:00</time>
      </trkpt>
      <trkpt lat="48.95031066611409" lon="-120.77553497627378">
        <time>2005-09-25T12:34:35-07:00</time>
      </trkpt>
      <trkpt lat="48.95037051290274" lon="-120.77564368955791">
        <time>2005-09-25T12:34:43-07:00</time>
      </trkpt>
      <trkpt lat="48.950391886755824" lon="-120.77567118220031">
        <time>2005-09-25T12:34:45-07:00</time>
      </trkpt>
      <trkpt lat="48.95045483484864" lon="-120.77577059157193">
        <time>2005-09-25T12:34:51-07:00</time>
      </trkpt>
      <trkpt lat="48.95046648569405" lon="-120.77578006312251">
        <time>2005-09-25T12:34:52-07:00</time>
      </trkpt>
      <trkpt lat="48.950513927266" lon="-120.77582113444805">
        <time>2005-09-25T12:34:59-07:00</time>
      </trkpt>
      <trkpt lat="48.95055994391441" lon="-120.77585030347109">
        <time>2005-09-25T12:35:00-07:00</time>
      </trkpt>
      <trkpt lat="48.95066278986633" lon="-120.77586790546775">
        <time>2005-09-25T12:35:05-07:00</time>
      </trkpt>
      <trkpt lat="48.950761361047626" lon="-120.77585223130882">
        <time>2005-09-25T12:35:06-07:00</time>
      </trkpt>
      <trkpt lat="48.95086797885597" lon="-120.77583538368344">
        <time>2005-09-25T12:35:07-07:00</time>
      </trkpt>
      <trkpt lat="48.950894214212894" lon="-120.77584058046341">
        <time>2005-09-25T12:35:15-07:00</time>
      </trkpt>
      <trkpt lat="48.95096143707633" lon="-120.77588290907443">
        <time>2005-09-25T12:35:24-07:00</time>
      </trkpt>
      <trkpt lat="48.9510234631598" lon="-120.77593303285539">
        <time>2005-09-25T12:35:30-07:00</time>
      </trkpt>
      <trkpt lat="48.95106788724661" lon="-120.7759600225836">
        <time>2005-09-25T12:35:32-07:00</time>
      </trkpt>
      <trkpt lat="48.951215827837586" lon="-120.77599472366273">
        <time>2005-09-25T12:35:40-07:00</time>
      </trkpt>
      <trkpt lat="48.951292019337416" lon="-120.77604350633919">
        <time>2005-09-25T12:35:47-07:00</time>
      </trkpt>
      <trkpt lat="48.95135949365795" lon="-120.77607594430447">
        <time>2005-09-25T12:35:49-07:00</time>
      </trkpt>
      <trkpt lat="48.95145295187831" lon="-120.77611391432583">
        <time>2005-09-25T12:35:58-07:00</time>
      </trkpt>
      <trkpt lat="48.95147357136011" lon="-120.7761397305876">
        <time>2005-09-25T12:36:02-07:00</time>
      </trkpt>
      <trkpt lat="48.95150911062956" lon="-120.77620477415621">
        <time>2005-09-25T12:36:07-07:00</time>
      </trkpt>
      <trkpt lat="48.95157868042588" lon="-120.77626847662032">
        <time>2005-09-25T12:36:13-07:00</time>
      </trkpt>
      <trkpt lat="48.951634503901005" lon="-120.77633427456021">
        <time>2005-09-25T12:36:15-07:00</time>
      </trkpt>
      <trkpt lat="48.95165571011603" lon="-120.77635866589844">
        <time>2005-09-25T12:36:17-07:00</time>
      </trkpt>
      <trkpt lat="48.951754700392485" lon="-120.77647265978158">
        <time>2005-09-25T12:36:22-07:00</time>
      </trkpt>
      <trkpt lat="48.951844638213515" lon="-120.77659495174885">
        <time>2005-09-25T12:36:27-07:00</time>
      </trkpt>
      <trkpt lat="48.95185478031635" lon="-120.7766080275178">
        <time>2005-09-25T12:36:29-07:00</time>
      </trkpt>
      <trkpt lat="48.951917896047235" lon="-120.77669352293015">
        <time>2005-09-25T12:36:37-07:00</time>
      </trkpt>
      <trkpt lat="48.951990734785795" lon="-120.77682386152446">
        <time>2005-09-25T12:36:41-07:00</time>
      </trkpt>
      <trkpt lat="48.95200112834573" lon="-120.77683308161795">
        <time>2005-09-25T12:36:45-07:00</time>
      </trkpt>
      <trkpt lat="48.95205510780215" lon="-120.77688731253147">
        <time>2005-09-25T12:36:50-07:00</time>
      </trkpt>
      <trkpt lat="48.95207245834172" lon="-120.77690977603197">
        <time>2005-09-25T12:36:55-07:00</time>
      </trkpt>
      <trkpt lat="48.952100202441216" lon="-120.77693986706436">
        <time>2005-09-25T12:36:59-07:00</time>
      </trkpt>
      <trkpt lat="48.95214496180415" lon="-120.77699510380626">
        <time>2005-09-25T12:37:02-07:00</time>
      </trkpt>
      <trkpt lat="48.95219315774739" lon="-120.77705830335617">
        <time>2005-09-25T12:37:05-07:00</time>
      </trkpt>
      <trkpt lat="48.9522201474756" lon="-120.77709317207336">
        <time>2005-09-25T12:37:07-07:00</time>
      </trkpt>
      <trkpt lat="48.95225199870765" lon="-120.77712862752378">
        <time>2005-09-25T12:37:14-07:00</time>
      </trkpt>
      <trkpt lat="48.952301451936364" lon="-120.77718461863697">
        <time>2005-09-25T12:37:16-07:00</time>
      </trkpt>
      <trkpt lat="48.95232827402651" lon="-120.7772034779191">
        <time>2005-09-25T12:37:23-07:00</time>
      </trkpt>
      <trkpt lat="48.952365992590785" lon="-120.77722501941025">
        <time>2005-09-25T12:37:30-07:00</time>
      </trkpt>
      <trkpt lat="48.95242785103619" lon="-120.7772695273161">
        <time>2005-09-25T12:37:38-07:00</time>
      </trkpt>
      <trkpt lat="48.952519968152046" lon="-120.77732459641993">
        <time>2005-09-25T12:37:39-07:00</time>
      </trkpt>
      <trkpt lat="48.952551567927" lon="-120.77734370715916">
        <time>2005-09-25T12:37:45-07:00</time>
      </trkpt>
      <trkpt lat="48.95259431563318" lon="-120.77737371437252">
        <time>2005-09-25T12:37:47-07:00</time>
      </trkpt>
      <trkpt lat="48.952662041410804" lon="-120.77742140740156">
        <time>2005-09-25T12:37:54-07:00</time>
      </trkpt>
      <trkpt lat="48.95270587876439" lon="-120.77745527029037">
        <time>2005-09-25T12:37:55-07:00</time>
      </trkpt>
      <trkpt lat="48.9527658931911" lon="-120.77750723809004">
        <time>2005-09-25T12:37:59-07:00</time>
      </trkpt>
      <trkpt lat="48.952775951474905" lon="-120.77751033939421">
        <time>2005-09-25T12:38:04-07:00</time>
      </trkpt>
      <trkpt lat="48.952858513221145" lon="-120.77751369215548">
        <time>2005-09-25T12:38:11-07:00</time>
      </trkpt>
      <trkpt lat="48.952869744971395" lon="-120.77752098441124">
        <time>2005-09-25T12:38:19-07:00</time>
      </trkpt>
      <trkpt lat="48.95294476300478" lon="-120.7775745447725">
        <time>2005-09-25T12:38:28-07:00</time>
      </trkpt>
      <trkpt lat="48.952953312546015" lon="-120.7775851059705">
        <time>2005-09-25T12:38:30-07:00</time>
      </trkpt>
      <trkpt lat="48.953016344457865" lon="-120.7776107545942">
        <time>2005-09-25T12:38:35-07:00</time>
      </trkpt>
      <trkpt lat="48.95308440551162" lon="-120.77762735076249">
        <time>2005-09-25T12:38:41-07:00</time>
      </trkpt>
      <trkpt lat="48.95314500667155" lon="-120.77763799577951">
        <time>2005-09-25T12:38:45-07:00</time>
      </trkpt>
      <trkpt lat="48.95321398973465" lon="-120.77766054309905">
        <time>2005-09-25T12:38:54-07:00</time>
      </trkpt>
      <trkpt lat="48.953304765746" lon="-120.77771217562258">
        <time>2005-09-25T12:39:02-07:00</time>
      </trkpt>
      <trkpt lat="48.95334885455668" lon="-120.77774251811206">
        <time>2005-09-25T12:39:08-07:00</time>
      </trkpt>
      <trkpt lat="48.9533925242722" lon="-120.77774997800589">
        <time>2005-09-25T12:39:15-07:00</time>
      </trkpt>
      <trkpt lat="48.953476678580046" lon="-120.77777051366866">
        <time>2005-09-25T12:39:17-07:00</time>
      </trkpt>
      <trkpt lat="48.95351598970592" lon="-120.77780538238585">
        <time>2005-09-25T12:39:22-07:00</time>
      </trkpt>
      <trkpt lat="48.95363367162645" lon="-120.7778768800199">
        <time>2005-09-25T12:39:28-07:00</time>
      </trkpt>
      <trkpt lat="48.953658482059836" lon="-120.77788467518985">
        <time>2005-09-25T12:39:33-07:00</time>
      </trkpt>
      <trkpt lat="48.95373718813062" lon="-120.77789900824428">
        <time>2005-09-25T12:39:35-07:00</time>
      </trkpt>
      <trkpt lat="48.953750263899565" lon="-120.77790395356715">
        <time>2005-09-25T12:39:44-07:00</time>
      </trkpt>
      <trkpt lat="48.95385428331792" lon="-120.77794854529202">
        <time>2005-09-25T12:39:53-07:00</time>
      </trkpt>
      <trkpt lat="48.95390985533595" lon="-120.77797159552574">
        <time>2005-09-25T12:39:54-07:00</time>
      </trkpt>
      <trkpt lat="48.95395126193762" lon="-120.77800118364394">
        <time>2005-09-25T12:40:01-07:00</time>
      </trkpt>
      <trkpt lat="48.954020999372005" lon="-120.77804460190237">
        <time>2005-09-25T12:40:09-07:00</time>
      </trkpt>
      <trkpt lat="48.95406357944012" lon="-120.77806865796447">
        <time>2005-09-25T12:40:10-07:00</time>
      </trkpt>
      <trkpt lat="48.95410540513694" lon="-120.77808416448534">
        <time>2005-09-25T12:40:15-07:00</time>
      </trkpt>
      <trkpt lat="48.95421378314495" lon="-120.77812406234443">
        <time>2005-09-25T12:40:17-07:00</time>
      </trkpt>
      <trkpt lat="48.95429332740605" lon="-120.77819371595979">
        <time>2005-09-25T12:40:20-07:00</time>
      </trkpt>
      <trkpt lat="48.954325346276164" lon="-120.77821014449">
        <time>2005-09-25T12:40:25-07:00</time>
      </trkpt>
      <trkpt lat="48.95439801737666" lon="-120.77825490385294">
        <time>2005-09-25T12:40:30-07:00</time>
      </trkpt>
      <trkpt lat="48.95447135902941" lon="-120.7782915327698">
        <time>2005-09-25T12:40:33-07:00</time>
      </trkpt>
      <trkpt lat="48.95449893549085" lon="-120.77829748392105">
        <time>2005-09-25T12:40:36-07:00</time>
      </trkpt>
      <trkpt lat="48.95460966043174" lon="-120.77834500931203">
        <time>2005-09-25T12:40:40-07:00</time>
      </trkpt>
      <trkpt lat="48.954651821404696" lon="-120.77835372649133">
        <time>2005-09-25T12:40:42-07:00</time>
      </trkpt>
      <trkpt lat="48.95470328629017" lon="-120.77839580364525">
        <time>2005-09-25T12:40:45-07:00</time>
      </trkpt>
      <trkpt lat="48.95478350110352" lon="-120.77843947336078">
        <time>2005-09-25T12:40:50-07:00</time>
      </trkpt>
      <trkpt lat="48.9548225607723" lon="-120.77844919636846">
        <time>2005-09-25T12:40:57-07:00</time>
      </trkpt>
      <trkpt lat="48.95493688993156" lon="-120.77849043533206">
        <time>2005-09-25T12:41:00-07:00</time>
      </trkpt>
      <trkpt lat="48.954973770305514" lon="-120.77850116416812">
        <time>2005-09-25T12:41:03-07:00</time>
      </trkpt>
      <trkpt lat="48.9550606906414" lon="-120.77852890826762">
        <time>2005-09-25T12:41:08-07:00</time>
      </trkpt>
      <trkpt lat="48.95508726127446" lon="-120.77853846363723">
        <time>2005-09-25T12:41:12-07:00</time>
      </trkpt>
      <trkpt lat="48.9551870059222" lon="-120.7785663753748">
        <time>2005-09-25T12:41:17-07:00</time>
      </trkpt>
      <trkpt lat="48.955200584605336" lon="-120.77857165597379">
        <time>2005-09-25T12:41:18-07:00</time>
      </trkpt>
      <trkpt lat="48.95531700924039" lon="-120.77860987745225">
        <time>2005-09-25T12:41:25-07:00</time>
      </trkpt>
      <trkpt lat="48.95541960373521" lon="-120.77864818274975">
        <time>2005-09-25T12:41:26-07:00</time>
      </trkpt>
      <trkpt lat="48.95546017214656" lon="-120.77866679057479">
        <time>2005-09-25T12:41:34-07:00</time>
      </trkpt>
      <trkpt lat="48.95556712523103" lon="-120.77869554050267">
        <time>2005-09-25T12:41:35-07:00</time>
      </trkpt>
      <trkpt lat="48.955650525167584" lon="-120.77872236259282">
        <time>2005-09-25T12:41:41-07:00</time>
      </trkpt>
      <trkpt lat="48.95572512410581" lon="-120.77875781804323">
        <time>2005-09-25T12:41:47-07:00</time>
      </trkpt>
      <trkpt lat="48.95576963201165" lon="-120.77878271229565">
        <time>2005-09-25T12:41:51-07:00</time>
      </trkpt>
      <trkpt lat="48.95583660341799" lon="-120.77883551828563">
        <time>2005-09-25T12:41:56-07:00</time>
      </trkpt>
      <trkpt lat="48.95586300641298" lon="-120.77885580249131">
        <time>2005-09-25T12:42:03-07:00</time>
      </trkpt>
      <trkpt lat="48.955967696383595" lon="-120.77895504422486">
        <time>2005-09-25T12:42:07-07:00</time>
      </trkpt>
      <trkpt lat="48.95605822093785" lon="-120.7790291402489">
        <time>2005-09-25T12:42:11-07:00</time>
      </trkpt>
      <trkpt lat="48.956093760207295" lon="-120.77904171310365">
        <time>2005-09-25T12:42:18-07:00</time>
      </trkpt>
      <trkpt lat="48.9561659283936" lon="-120.77906660735607">
        <time>2005-09-25T12:42:22-07:00</time>
      </trkpt>
      <trkpt lat="48.95627086982131" lon="-120.7790859695524">
        <time>2005-09-25T12:42:30-07:00</time>
      </trkpt>
      <trkpt lat="48.95628444850445" lon="-120.77908932231367">
        <time>2005-09-25T12:42:32-07:00</time>
      </trkpt>
      <trkpt lat="48.95635552704334" lon="-120.77912787906826">
        <time>2005-09-25T12:42:39-07:00</time>
      </trkpt>
      <trkpt lat="48.95637924782932" lon="-120.77913986518979">
        <time>2005-09-25T12:42:40-07:00</time>
      </trkpt>
      <trkpt lat="48.95645787008107" lon="-120.77917020767927">
        <time>2005-09-25T12:42:49-07:00</time>
      </trkpt>
      <trkpt lat="48.95657773129642" lon="-120.77915822155774">
        <time>2005-09-25T12:42:54-07:00</time>
      </trkpt>
      <trkpt lat="48.95662232302129" lon="-120.77915168367326">
        <time>2005-09-25T12:42:58-07:00</time>
      </trkpt>
      <trkpt lat="48.95666959695518" lon="-120.7791650108993">
        <time>2005-09-25T12:43:05-07:00</time>
      </trkpt>
      <trkpt lat="48.95667831413448" lon="-120.77916576527059">
        <time>2005-09-25T12:43:08-07:00</time>
      </trkpt>
      <trkpt lat="48.9567806571722" lon="-120.77914271503687">
        <time>2005-09-25T12:43:11-07:00</time>
      </trkpt>
      <trkpt lat="48.95691392943263" lon="-120.77915478497744">
        <time>2005-09-25T12:43:20-07:00</time>
      </trkpt>
      <trkpt lat="48.956938153132796" lon="-120.77915444970131">
        <time>2005-09-25T12:43:27-07:00</time>
      </trkpt>
      <trkpt lat="48.95700629800558" lon="-120.77916861511767">
        <time>2005-09-25T12:43:29-07:00</time>
      </trkpt>
      <trkpt lat="48.957060193642974" lon="-120.77918043360114">
        <time>2005-09-25T12:43:36-07:00</time>
      </trkpt>
      <trkpt lat="48.957123812288046" lon="-120.7791977841407">
        <time>2005-09-25T12:43:41-07:00</time>
      </trkpt>
      <trkpt lat="48.957156501710415" lon="-120.77921815216541">
        <time>2005-09-25T12:43:43-07:00</time>
      </trkpt>
      <trkpt lat="48.95720209926367" lon="-120.77925587072968">
        <time>2005-09-25T12:43:52-07:00</time>
      </trkpt>
      <trkpt lat="48.95719153806567" lon="-120.77928964979947">
        <time>2005-09-25T12:43:55-07:00</time>
      </trkpt>
      <trkpt lat="48.95716857165098" lon="-120.77931605279446">
        <time>2005-09-25T12:44:01-07:00</time>
      </trkpt>
      <trkpt lat="48.95714753307402" lon="-120.7793484069407">
        <time>2005-09-25T12:44:06-07:00</time>
      </trkpt>
      <trkpt lat="48.95711098797619" lon="-120.77939534559846">
        <time>2005-09-25T12:44:09-07:00</time>
      </trkpt>
      <trkpt lat="48.9570518117398" lon="-120.7794297952205">
        <time>2005-09-25T12:44:18-07:00</time>
      </trkpt>
      <trkpt lat="48.95703035406768" lon="-120.77943155542016">
        <time>2005-09-25T12:44:21-07:00</time>
      </trkpt>
      <trkpt lat="48.95695676095784" lon="-120.77945183962584">
        <time>2005-09-25T12:44:27-07:00</time>
      </trkpt>
      <trkpt lat="48.956921473145485" lon="-120.7794678490609">
        <time>2005-09-25T12:44:29-07:00</time>
      </trkpt>
      <trkpt lat="48.956857938319445" lon="-120.77946332283318">
        <time>2005-09-25T12:44:38-07:00</time>
      </trkpt>
      <trkpt lat="48.95680286921561" lon="-120.77945971861482">
        <time>2005-09-25T12:44:39-07:00</time>
      </trkpt>
      <trkpt lat="48.956785602495074" lon="-120.77945980243385">
        <time>2005-09-25T12:44:47-07:00</time>
      </trkpt>
      <trkpt lat="48.95672927610576" lon="-120.77947069890797">
        <time>2005-09-25T12:44:56-07:00</time>
      </trkpt>
      <trkpt lat="48.95665526390076" lon="-120.77948226593435">
        <time>2005-09-25T12:44:59-07:00</time>
      </trkpt>
      <trkpt lat="48.95656566135585" lon="-120.77955342829227">
        <time>2005-09-25T12:45:07-07:00</time>
      </trkpt>
      <trkpt lat="48.95654856227338" lon="-120.77957639470696">
        <time>2005-09-25T12:45:13-07:00</time>
      </trkpt>
      <trkpt lat="48.95649114623666" lon="-120.77966390177608">
        <time>2005-09-25T12:45:20-07:00</time>
      </trkpt>
      <trkpt lat="48.95646013319492" lon="-120.77969558537006">
        <time>2005-09-25T12:45:23-07:00</time>
      </trkpt>
      <trkpt lat="48.956392826512456" lon="-120.77978669665754">
        <time>2005-09-25T12:45:29-07:00</time>
      </trkpt>
      <trkpt lat="48.95640129223466" lon="-120.77991887927055">
        <time>2005-09-25T12:45:31-07:00</time>
      </trkpt>
      <trkpt lat="48.956406991928816" lon="-120.78001166693866">
        <time>2005-09-25T12:45:41-07:00</time>
      </trkpt>
      <trkpt lat="48.956419648602605" lon="-120.78008484095335">
        <time>2005-09-25T12:45:49-07:00</time>
      </trkpt>
      <trkpt lat="48.956437250599265" lon="-120.78012247569859">
        <time>2005-09-25T12:45:52-07:00</time>
      </trkpt>
      <trkpt lat="48.95646717399359" lon="-120.78018282540143">
        <time>2005-09-25T12:45:58-07:00</time>
      </trkpt>
      <trkpt lat="48.95647957921028" lon="-120.78022037632763">
        <time>2005-09-25T12:46:06-07:00</time>
      </trkpt>
      <trkpt lat="48.9565216563642" lon="-120.78031810931861">
        <time>2005-09-25T12:46:07-07:00</time>
      </trkpt>
      <trkpt lat="48.956543784588575" lon="-120.7803603541106">
        <time>2005-09-25T12:46:13-07:00</time>
      </trkpt>
      <trkpt lat="48.956627771258354" lon="-120.7804639544338">
        <time>2005-09-25T12:46:15-07:00</time>
      </trkpt>
      <trkpt lat="48.95664176903665" lon="-120.78048222698271">
        <time>2005-09-25T12:46:23-07:00</time>
      </trkpt>
      <trkpt lat="48.956699101254344" lon="-120.78052229247987">
        <time>2005-09-25T12:46:32-07:00</time>
      </trkpt>
      <trkpt lat="48.95673497579992" lon="-120.78054919838905">
        <time>2005-09-25T12:46:36-07:00</time>
      </trkpt>
      <trkpt lat="48.95680446177721" lon="-120.78061021864414">
        <time>2005-09-25T12:46:41-07:00</time>
      </trkpt>
      <trkpt lat="48.95681913010776" lon="-120.78062530606985">
        <time>2005-09-25T12:46:42-07:00</time>
      </trkpt>
      <trkpt lat="48.95686171017587" lon="-120.7806714065373">
        <time>2005-09-25T12:46:50-07:00</time>
      </trkpt>
      <trkpt lat="48.95689683035016" lon="-120.78068372793496">
        <time>2005-09-25T12:47:00-07:00</time>
      </trkpt>
      <trkpt lat="48.956998167559505" lon="-120.78078053891659">
        <time>2005-09-25T12:47:02-07:00</time>
      </trkpt>
      <trkpt lat="48.957004034891725" lon="-120.78085823915899">
        <time>2005-09-25T12:47:08-07:00</time>
      </trkpt>
      <trkpt lat="48.956989366561174" lon="-120.78088103793561">
        <time>2005-09-25T12:47:12-07:00</time>
      </trkpt>
      <trkpt lat="48.95697888918221" lon="-120.78090324997902">
        <time>2005-09-25T12:47:19-07:00</time>
      </trkpt>
      <trkpt lat="48.95698425360024" lon="-120.78089352697134">
        <time>2005-09-25T12:47:21-07:00</time>
      </trkpt>
      <trkpt lat="48.9569933898747" lon="-120.78088514506817">
        <time>2005-09-25T12:47:26-07:00</time>
      </trkpt>
      <trkpt lat="48.957002526149154" lon="-120.78087592497468">
        <time>2005-09-25T12:47:29-07:00</time>
      </trkpt>
      <trkpt lat="48.957020128145814" lon="-120.78086812980473">
        <time>2005-09-25T12:47:31-07:00</time>
      </trkpt>
      <trkpt lat="48.957019625231624" lon="-120.78088271431625">
        <time>2005-09-25T12:47:33-07:00</time>
      </trkpt>
      <trkpt lat="48.95701124332845" lon="-120.78089931048453">
        <time>2005-09-25T12:47:36-07:00</time>
      </trkpt>
      <trkpt lat="48.95701342262328" lon="-120.78089998103678">
        <time>2005-09-25T12:47:41-07:00</time>
      </trkpt>
      <trkpt lat="48.95702096633613" lon="-120.78089847229421">
        <time>2005-09-25T12:47:43-07:00</time>
      </trkpt>
      <trkpt lat="48.95702742040157" lon="-120.78089562244713">
        <time>2005-09-25T12:47:49-07:00</time>
      </trkpt>
      <trkpt lat="48.957029934972525" lon="-120.78089335933328">
        <time>2005-09-25T12:47:52-07:00</time>
      </trkpt>
      <trkpt lat="48.95702004432678" lon="-120.7809010706842">
        <time>2005-09-25T12:47:58-07:00</time>
      </trkpt>
      <trkpt lat="48.95702582783997" lon="-120.7809040043503">
        <time>2005-09-25T12:48:03-07:00</time>
      </trkpt>
      <trkpt lat="48.957031192258" lon="-120.78086444176733">
        <time>2005-09-25T12:48:04-07:00</time>
      </trkpt>
      <trkpt lat="48.957070503383875" lon="-120.78083225525916">
        <time>2005-09-25T12:48:08-07:00</time>
      </trkpt>
      <trkpt lat="48.95707083866" lon="-120.78083141706884">
        <time>2005-09-25T12:48:13-07:00</time>
      </trkpt>
      <trkpt lat="48.95706228911877" lon="-120.78082948923111">
        <time>2005-09-25T12:48:21-07:00</time>
      </trkpt>
      <trkpt lat="48.957049967721105" lon="-120.78082772903144">
        <time>2005-09-25T12:48:23-07:00</time>
      </trkpt>
      <trkpt lat="48.95700101740658" lon="-120.78082538209856">
        <time>2005-09-25T12:48:29-07:00</time>
      </trkpt>
      <trkpt lat="48.956997748464346" lon="-120.78083074651659">
        <time>2005-09-25T12:48:32-07:00</time>
      </trkpt>
      <trkpt lat="48.95700319670141" lon="-120.78087047673762">
        <time>2005-09-25T12:48:39-07:00</time>
      </trkpt>
      <trkpt lat="48.95700906403363" lon="-120.78087667934597">
        <time>2005-09-25T12:48:46-07:00</time>
      </trkpt>
      <trkpt lat="48.95701174624264" lon="-120.78087408095598">
        <time>2005-09-25T12:48:51-07:00</time>
      </trkpt>
      <trkpt lat="48.957019625231624" lon="-120.78086041845381">
        <time>2005-09-25T12:48:55-07:00</time>
      </trkpt>
      <trkpt lat="48.95702641457319" lon="-120.78082219697535">
        <time>2005-09-25T12:48:57-07:00</time>
      </trkpt>
      <trkpt lat="48.957012332975864" lon="-120.78084206208587">
        <time>2005-09-25T12:49:01-07:00</time>
      </trkpt>
      <trkpt lat="48.9570068847388" lon="-120.78085471875966">
        <time>2005-09-25T12:49:03-07:00</time>
      </trkpt>
      <trkpt lat="48.95700126886368" lon="-120.78086326830089">
        <time>2005-09-25T12:49:09-07:00</time>
      </trkpt>
      <trkpt lat="48.95701099187136" lon="-120.78085362911224">
        <time>2005-09-25T12:49:12-07:00</time>
      </trkpt>
      <trkpt lat="48.957031946629286" lon="-120.78086586669087">
        <time>2005-09-25T12:49:20-07:00</time>
      </trkpt>
      <trkpt lat="48.95704879425466" lon="-120.78083837404847">
        <time>2005-09-25T12:49:22-07:00</time>
      </trkpt>
      <trkpt lat="48.95738432183862" lon="-120.78113593161106">
        <time>2005-09-25T12:49:27-07:00</time>
      </trkpt>
      <trkpt lat="48.95739387720823" lon="-120.78113844618201">
        <time>2005-09-25T12:49:30-07:00</time>
      </trkpt>
      <trkpt lat="48.957401253283024" lon="-120.7811371050775">
        <time>2005-09-25T12:49:36-07:00</time>
      </trkpt>
      <trkpt lat="48.95743268541992" lon="-120.78112126328051">
        <time>2005-09-25T12:49:37-07:00</time>
      </trkpt>
      <trkpt lat="48.95748951472342" lon="-120.78106686472893">
        <time>2005-09-25T12:49:41-07:00</time>
      </trkpt>
      <trkpt lat="48.957499573007226" lon="-120.78105219639838">
        <time>2005-09-25T12:49:45-07:00</time>
      </trkpt>
      <trkpt lat="48.957546008750796" lon="-120.78097935765982">
        <time>2005-09-25T12:49:55-07:00</time>
      </trkpt>
      <trkpt lat="48.957570903003216" lon="-120.78094398602843">
        <time>2005-09-25T12:50:01-07:00</time>
      </trkpt>
      <trkpt lat="48.95758934319019" lon="-120.78092252835631">
        <time>2005-09-25T12:50:02-07:00</time>
      </trkpt>
      <trkpt lat="48.957653380930424" lon="-120.78089470043778">
        <time>2005-09-25T12:50:07-07:00</time>
      </trkpt>
      <trkpt lat="48.9576823823154" lon="-120.78089646063745">
        <time>2005-09-25T12:50:10-07:00</time>
      </trkpt>
      <trkpt lat="48.95772345364094" lon="-120.78096125274897">
        <time>2005-09-25T12:50:12-07:00</time>
      </trkpt>
      <trkpt lat="48.95772781223059" lon="-120.78108220361173">
        <time>2005-09-25T12:50:13-07:00</time>
      </trkpt>
      <trkpt lat="48.95772353745997" lon="-120.78110190108418">
        <time>2005-09-25T12:50:16-07:00</time>
      </trkpt>
      <trkpt lat="48.957697972655296" lon="-120.78122545033693">
        <time>2005-09-25T12:50:20-07:00</time>
      </trkpt>
      <trkpt lat="48.957732170820236" lon="-120.78134229406714">
        <time>2005-09-25T12:50:24-07:00</time>
      </trkpt>
      <trkpt lat="48.95773024298251" lon="-120.7813374325633">
        <time>2005-09-25T12:50:25-07:00</time>
      </trkpt>
      <trkpt lat="48.95772144198418" lon="-120.78133667819202">
        <time>2005-09-25T12:50:29-07:00</time>
      </trkpt>
      <trkpt lat="48.95773191936314" lon="-120.78137950971723">
        <time>2005-09-25T12:50:31-07:00</time>
      </trkpt>
      <trkpt lat="48.95780568011105" lon="-120.78143776394427">
        <time>2005-09-25T12:50:32-07:00</time>
      </trkpt>
      <trkpt lat="48.95785982720554" lon="-120.78147229738533">
        <time>2005-09-25T12:50:40-07:00</time>
      </trkpt>
      <trkpt lat="48.95791816525161" lon="-120.78152015805244">
        <time>2005-09-25T12:50:50-07:00</time>
      </trkpt>
      <trkpt lat="48.95801338367164" lon="-120.78146525658667">
        <time>2005-09-25T12:51:01-07:00</time>
      </trkpt>
      <trkpt lat="48.95800441503525" lon="-120.78143432736397">
        <time>2005-09-25T12:51:06-07:00</time>
      </trkpt>
      <trkpt lat="48.95798756740987" lon="-120.78136559575796">
        <time>2005-09-25T12:51:07-07:00</time>
      </trkpt>
      <trkpt lat="48.957983292639256" lon="-120.78134355135262">
        <time>2005-09-25T12:51:09-07:00</time>
      </trkpt>
      <trkpt lat="48.95801623351872" lon="-120.78123349696398">
        <time>2005-09-25T12:51:10-07:00</time>
      </trkpt>
      <trkpt lat="48.95803048275411" lon="-120.7812221813947">
        <time>2005-09-25T12:51:15-07:00</time>
      </trkpt>
      <trkpt lat="48.95804992876947" lon="-120.78123483806849">
        <time>2005-09-25T12:51:18-07:00</time>
      </trkpt>
      <trkpt lat="48.958079097792506" lon="-120.78126216307282">
        <time>2005-09-25T12:51:27-07:00</time>
      </trkpt>
      <trkpt lat="48.95810809917748" lon="-120.781328715384">
        <time>2005-09-25T12:51:29-07:00</time>
      </trkpt>
      <trkpt lat="48.95811949856579" lon="-120.78136375173926">
        <time>2005-09-25T12:51:34-07:00</time>
      </trkpt>
      <trkpt lat="48.95816023461521" lon="-120.78146710060537">
        <time>2005-09-25T12:51:37-07:00</time>
      </trkpt>
      <trkpt lat="48.95821463316679" lon="-120.78156441450119">
        <time>2005-09-25T12:51:45-07:00</time>
      </trkpt>
      <trkpt lat="48.9582262840122" lon="-120.78156852163374">
        <time>2005-09-25T12:51:55-07:00</time>
      </trkpt>
      <trkpt lat="48.95823600701988" lon="-120.7815469801426">
        <time>2005-09-25T12:51:58-07:00</time>
      </trkpt>
      <trkpt lat="48.958231983706355" lon="-120.78150079585612">
        <time>2005-09-25T12:52:04-07:00</time>
      </trkpt>
      <trkpt lat="48.95823039114475" lon="-120.78147682361305">
        <time>2005-09-25T12:52:08-07:00</time>
      </trkpt>
      <trkpt lat="48.95821991376579" lon="-120.78127783723176">
        <time>2005-09-25T12:52:21-07:00</time>
      </trkpt>
      <trkpt lat="48.95825042389333" lon="-120.78119862824678">
        <time>2005-09-25T12:52:27-07:00</time>
      </trkpt>
      <trkpt lat="48.95827380940318" lon="-120.78114548698068">
        <time>2005-09-25T12:55:01-07:00</time>
      </trkpt>
      <trkpt lat="48.9582934230566" lon="-120.78109569847584">
        <time>2005-09-25T12:55:02-07:00</time>
      </trkpt>
      <trkpt lat="48.95833080634475" lon="-120.78101405873895">
        <time>2005-09-25T12:55:03-07:00</time>
      </trkpt>
      <trkpt lat="48.95833927206695" lon="-120.78099897131324">
        <time>2005-09-25T12:55:07-07:00</time>
      </trkpt>
      <trkpt lat="48.95838176831603" lon="-120.7809251267463">
        <time>2005-09-25T12:55:11-07:00</time>
      </trkpt>
      <trkpt lat="48.95842510275543" lon="-120.78089243732393">
        <time>2005-09-25T12:55:12-07:00</time>
      </trkpt>
      <trkpt lat="48.95843683741987" lon="-120.78089042566717">
        <time>2005-09-25T12:55:17-07:00</time>
      </trkpt>
      <trkpt lat="48.95847363397479" lon="-120.78088967129588">
        <time>2005-09-25T12:55:19-07:00</time>
      </trkpt>
      <trkpt lat="48.95852451212704" lon="-120.7808936946094">
        <time>2005-09-25T12:55:21-07:00</time>
      </trkpt>
      <trkpt lat="48.95855418406427" lon="-120.780895287171">
        <time>2005-09-25T12:55:26-07:00</time>
      </trkpt>
      <trkpt lat="48.95859374664724" lon="-120.78089520335197">
        <time>2005-09-25T12:55:28-07:00</time>
      </trkpt>
      <trkpt lat="48.95864403806627" lon="-120.78089134767652">
        <time>2005-09-25T12:55:33-07:00</time>
      </trkpt>
      <trkpt lat="48.958676643669605" lon="-120.78088698908687">
        <time>2005-09-25T12:55:39-07:00</time>
      </trkpt>
      <trkpt lat="48.958686450496316" lon="-120.78088455833495">
        <time>2005-09-25T12:55:40-07:00</time>
      </trkpt>
      <trkpt lat="48.95873607136309" lon="-120.78090165741742">
        <time>2005-09-25T12:55:46-07:00</time>
      </trkpt>
      <trkpt lat="48.958761133253574" lon="-120.78092630021274">
        <time>2005-09-25T12:55:53-07:00</time>
      </trkpt>
      <trkpt lat="48.95880203694105" lon="-120.78094926662743">
        <time>2005-09-25T12:55:54-07:00</time>
      </trkpt>
      <trkpt lat="48.958857441321015" lon="-120.78093560412526">
        <time>2005-09-25T12:55:56-07:00</time>
      </trkpt>
      <trkpt lat="48.95890949293971" lon="-120.78093962743878">
        <time>2005-09-25T12:56:00-07:00</time>
      </trkpt>
      <trkpt lat="48.95896229892969" lon="-120.78095203265548">
        <time>2005-09-25T12:56:08-07:00</time>
      </trkpt>
      <trkpt lat="48.95897487178445" lon="-120.78095840290189">
        <time>2005-09-25T12:56:13-07:00</time>
      </trkpt>
      <trkpt lat="48.95905022509396" lon="-120.7810213509947">
        <time>2005-09-25T12:56:17-07:00</time>
      </trkpt>
      <trkpt lat="48.959144689142704" lon="-120.78106367960572">
        <time>2005-09-25T12:56:24-07:00</time>
      </trkpt>
      <trkpt lat="48.959194645285606" lon="-120.78105513006449">
        <time>2005-09-25T12:56:25-07:00</time>
      </trkpt>
      <trkpt lat="48.95921912044287" lon="-120.78106418251991">
        <time>2005-09-25T12:56:28-07:00</time>
      </trkpt>
      <trkpt lat="48.95925784483552" lon="-120.78105839900672">
        <time>2005-09-25T12:56:29-07:00</time>
      </trkpt>
      <trkpt lat="48.959300592541695" lon="-120.78105521388352">
        <time>2005-09-25T12:56:35-07:00</time>
      </trkpt>
      <trkpt lat="48.95931534469128" lon="-120.78105655498803">
        <time>2005-09-25T12:56:36-07:00</time>
      </trkpt>
      <trkpt lat="48.95938751287758" lon="-120.78104649670422">
        <time>2005-09-25T12:56:38-07:00</time>
      </trkpt>
      <trkpt lat="48.95943051204085" lon="-120.78105554915965">
        <time>2005-09-25T12:56:41-07:00</time>
      </trkpt>
      <trkpt lat="48.9594507124275" lon="-120.78105705790222">
        <time>2005-09-25T12:56:45-07:00</time>
      </trkpt>
      <trkpt lat="48.9595109783113" lon="-120.78106761910021">
        <time>2005-09-25T12:56:47-07:00</time>
      </trkpt>
      <trkpt lat="48.95959320478141" lon="-120.78111321665347">
        <time>2005-09-25T12:56:53-07:00</time>
      </trkpt>
      <trkpt lat="48.9596663787961" lon="-120.78111983835697">
        <time>2005-09-25T12:56:59-07:00</time>
      </trkpt>
      <trkpt lat="48.95970929414034" lon="-120.78112570568919">
        <time>2005-09-25T12:57:00-07:00</time>
      </trkpt>
      <trkpt lat="48.959737373515964" lon="-120.78111824579537">
        <time>2005-09-25T12:57:02-07:00</time>
      </trkpt>
      <trkpt lat="48.959784312173724" lon="-120.78111070208251">
        <time>2005-09-25T12:57:04-07:00</time>
      </trkpt>
      <trkpt lat="48.959821444004774" lon="-120.78111707232893">
        <time>2005-09-25T12:57:05-07:00</time>
      </trkpt>
      <trkpt lat="48.95996376872063" lon="-120.7811220176518">
        <time>2005-09-25T12:57:15-07:00</time>
      </trkpt>
      <trkpt lat="48.96007541567087" lon="-120.78114615753293">
        <time>2005-09-25T12:57:19-07:00</time>
      </trkpt>
      <trkpt lat="48.96019519306719" lon="-120.781204495579">
        <time>2005-09-25T12:57:22-07:00</time>
      </trkpt>
      <trkpt lat="48.960282700136304" lon="-120.78124690800905">
        <time>2005-09-25T12:57:25-07:00</time>
      </trkpt>
      <trkpt lat="48.960318909958005" lon="-120.78125218860805">
        <time>2005-09-25T12:57:30-07:00</time>
      </trkpt>
      <trkpt lat="48.96037498489022" lon="-120.78128605149686">
        <time>2005-09-25T12:57:31-07:00</time>
      </trkpt>
      <trkpt lat="48.960386300459504" lon="-120.7812925055623">
        <time>2005-09-25T12:57:36-07:00</time>
      </trkpt>
      <trkpt lat="48.96048227325082" lon="-120.78137112781405">
        <time>2005-09-25T12:57:40-07:00</time>
      </trkpt>
      <trkpt lat="48.96061269566417" lon="-120.78139283694327">
        <time>2005-09-25T12:57:41-07:00</time>
      </trkpt>
      <trkpt lat="48.96062602289021" lon="-120.78139308840036">
        <time>2005-09-25T12:57:44-07:00</time>
      </trkpt>
      <trkpt lat="48.9607129432261" lon="-120.78145829960704">
        <time>2005-09-25T12:57:48-07:00</time>
      </trkpt>
      <trkpt lat="48.96074680611491" lon="-120.78149241395295">
        <time>2005-09-25T12:57:50-07:00</time>
      </trkpt>
      <trkpt lat="48.96081746555865" lon="-120.78157799318433">
        <time>2005-09-25T12:57:53-07:00</time>
      </trkpt>
      <trkpt lat="48.96085258573294" lon="-120.78168184496462">
        <time>2005-09-25T12:57:57-07:00</time>
      </trkpt>
      <trkpt lat="48.96091955713928" lon="-120.78178561292589">
        <time>2005-09-25T12:58:00-07:00</time>
      </trkpt>
      <trkpt lat="48.96094151772559" lon="-120.78180740587413">
        <time>2005-09-25T12:58:01-07:00</time>
      </trkpt>
      <trkpt lat="48.96098325960338" lon="-120.78187035396695">
        <time>2005-09-25T12:58:06-07:00</time>
      </trkpt>
      <trkpt lat="48.96100681275129" lon="-120.78191385604441">
        <time>2005-09-25T12:58:08-07:00</time>
      </trkpt>
      <trkpt lat="48.96102759987116" lon="-120.78195157460868">
        <time>2005-09-25T12:58:11-07:00</time>
      </trkpt>
      <trkpt lat="48.96105760708451" lon="-120.78201158903539">
        <time>2005-09-25T12:58:16-07:00</time>
      </trkpt>
      <trkpt lat="48.96110915578902" lon="-120.78203966841102">
        <time>2005-09-25T12:58:21-07:00</time>
      </trkpt>
      <trkpt lat="48.961129607632756" lon="-120.78205274417996">
        <time>2005-09-25T12:58:25-07:00</time>
      </trkpt>
      <trkpt lat="48.96121300756931" lon="-120.7821027841419">
        <time>2005-09-25T12:58:26-07:00</time>
      </trkpt>
      <trkpt lat="48.961227340623736" lon="-120.78211024403572">
        <time>2005-09-25T12:58:32-07:00</time>
      </trkpt>
      <trkpt lat="48.96127201616764" lon="-120.78212608583272">
        <time>2005-09-25T12:58:39-07:00</time>
      </trkpt>
      <trkpt lat="48.96133496426046" lon="-120.78216388821602">
        <time>2005-09-25T12:58:43-07:00</time>
      </trkpt>
      <trkpt lat="48.961343010887504" lon="-120.78216900117695">
        <time>2005-09-25T12:58:45-07:00</time>
      </trkpt>
      <trkpt lat="48.96140302531421" lon="-120.78221736475825">
        <time>2005-09-25T12:58:49-07:00</time>
      </trkpt>
      <trkpt lat="48.96143420599401" lon="-120.78223899006844">
        <time>2005-09-25T12:58:52-07:00</time>
      </trkpt>
      <trkpt lat="48.96150226704776" lon="-120.78230462037027">
        <time>2005-09-25T12:58:53-07:00</time>
      </trkpt>
      <trkpt lat="48.96151442080736" lon="-120.78231149353087">
        <time>2005-09-25T12:58:58-07:00</time>
      </trkpt>
      <trkpt lat="48.96160016767681" lon="-120.78237653709948">
        <time>2005-09-25T12:59:01-07:00</time>
      </trkpt>
      <trkpt lat="48.96161517128348" lon="-120.78238567337394">
        <time>2005-09-25T12:59:03-07:00</time>
      </trkpt>
      <trkpt lat="48.961677281185985" lon="-120.7824294269085">
        <time>2005-09-25T12:59:08-07:00</time>
      </trkpt>
      <trkpt lat="48.9617370441556" lon="-120.78247519209981">
        <time>2005-09-25T12:59:16-07:00</time>
      </trkpt>
      <trkpt lat="48.96174835972488" lon="-120.7824875973165">
        <time>2005-09-25T12:59:21-07:00</time>
      </trkpt>
      <trkpt lat="48.961866376921535" lon="-120.78255775384605">
        <time>2005-09-25T12:59:24-07:00</time>
      </trkpt>
      <trkpt lat="48.961960757151246" lon="-120.78262086957693">
        <time>2005-09-25T12:59:26-07:00</time>
      </trkpt>
      <trkpt lat="48.96200928837061" lon="-120.78265758231282">
        <time>2005-09-25T12:59:30-07:00</time>
      </trkpt>
      <trkpt lat="48.962065698578954" lon="-120.78271944075823">
        <time>2005-09-25T12:59:33-07:00</time>
      </trkpt>
      <trkpt lat="48.96213719621301" lon="-120.78276763670146">
        <time>2005-09-25T12:59:42-07:00</time>
      </trkpt>
      <trkpt lat="48.962148847058415" lon="-120.78277811408043">
        <time>2005-09-25T12:59:50-07:00</time>
      </trkpt>
      <trkpt lat="48.96223350428045" lon="-120.78283553011715">
        <time>2005-09-25T12:59:59-07:00</time>
      </trkpt>
      <trkpt lat="48.96225647069514" lon="-120.78285061754286">
        <time>2005-09-25T13:00:06-07:00</time>
      </trkpt>
      <trkpt lat="48.96236560307443" lon="-120.78290509991348">
        <time>2005-09-25T13:00:09-07:00</time>
      </trkpt>
      <trkpt lat="48.96244908683002" lon="-120.78298087231815">
        <time>2005-09-25T13:00:14-07:00</time>
      </trkpt>
      <trkpt lat="48.962532402947545" lon="-120.78306100331247">
        <time>2005-09-25T13:00:15-07:00</time>
      </trkpt>
      <trkpt lat="48.96266450174153" lon="-120.7831594068557">
        <time>2005-09-25T13:00:25-07:00</time>
      </trkpt>
      <trkpt lat="48.96274907514453" lon="-120.78328882344067">
        <time>2005-09-25T13:00:34-07:00</time>
      </trkpt>
      <trkpt lat="48.962761564180255" lon="-120.78330231830478">
        <time>2005-09-25T13:00:35-07:00</time>
      </trkpt>
      <trkpt lat="48.962824093177915" lon="-120.78336107544601">
        <time>2005-09-25T13:00:42-07:00</time>
      </trkpt>
      <trkpt lat="48.962906235828996" lon="-120.78345084562898">
        <time>2005-09-25T13:00:44-07:00</time>
      </trkpt>
      <trkpt lat="48.96291486918926" lon="-120.78346241265535">
        <time>2005-09-25T13:00:51-07:00</time>
      </trkpt>
      <trkpt lat="48.96295920945704" lon="-120.78350708819926">
        <time>2005-09-25T13:00:57-07:00</time>
      </trkpt>
      <trkpt lat="48.962969183921814" lon="-120.78351924195886">
        <time>2005-09-25T13:01:04-07:00</time>
      </trkpt>
      <trkpt lat="48.96298083476722" lon="-120.78355117700994">
        <time>2005-09-25T13:01:06-07:00</time>
      </trkpt>
      <trkpt lat="48.96298955194652" lon="-120.78356500715017">
        <time>2005-09-25T13:01:10-07:00</time>
      </trkpt>
      <trkpt lat="48.96305090747774" lon="-120.78372644260526">
        <time>2005-09-25T13:01:13-07:00</time>
      </trkpt>
      <trkpt lat="48.96308032795787" lon="-120.7838832680136">
        <time>2005-09-25T13:01:15-07:00</time>
      </trkpt>
      <trkpt lat="48.96313849836588" lon="-120.78393070958555">
        <time>2005-09-25T13:01:22-07:00</time>
      </trkpt>
      <trkpt lat="48.96315182559192" lon="-120.78393842093647">
        <time>2005-09-25T13:01:27-07:00</time>
      </trkpt>
      <trkpt lat="48.963203793391585" lon="-120.7839350681752">
        <time>2005-09-25T13:01:29-07:00</time>
      </trkpt>
      <trkpt lat="48.96322860382497" lon="-120.78392526134849">
        <time>2005-09-25T13:01:37-07:00</time>
      </trkpt>
      <trkpt lat="48.963289791718125" lon="-120.78387681394815">
        <time>2005-09-25T13:01:38-07:00</time>
      </trkpt>
      <trkpt lat="48.963334718719125" lon="-120.78388754278421">
        <time>2005-09-25T13:01:44-07:00</time>
      </trkpt>
      <trkpt lat="48.96343605592847" lon="-120.78397043980658">
        <time>2005-09-25T13:01:49-07:00</time>
      </trkpt>
      <trkpt lat="48.96353194490075" lon="-120.78401209786534">
        <time>2005-09-25T13:01:50-07:00</time>
      </trkpt>
      <trkpt lat="48.963563460856676" lon="-120.7840093318373">
        <time>2005-09-25T13:01:55-07:00</time>
      </trkpt>
      <trkpt lat="48.96362230181694" lon="-120.78399583697319">
        <time>2005-09-25T13:01:58-07:00</time>
      </trkpt>
      <trkpt lat="48.96373411640525" lon="-120.78396197408438">
        <time>2005-09-25T13:02:05-07:00</time>
      </trkpt>
      <trkpt lat="48.963750042021275" lon="-120.7839678414166">
        <time>2005-09-25T13:02:06-07:00</time>
      </trkpt>
      <trkpt lat="48.96385833621025" lon="-120.7839659973979">
        <time>2005-09-25T13:02:12-07:00</time>
      </trkpt>
      <trkpt lat="48.96391156129539" lon="-120.7839747145772">
        <time>2005-09-25T13:02:13-07:00</time>
      </trkpt>
      <trkpt lat="48.96398481912911" lon="-120.78399089165032">
        <time>2005-09-25T13:02:18-07:00</time>
      </trkpt>
      <trkpt lat="48.964074086397886" lon="-120.78402223996818">
        <time>2005-09-25T13:02:22-07:00</time>
      </trkpt>
      <trkpt lat="48.96412940695882" lon="-120.78402911312878">
        <time>2005-09-25T13:02:23-07:00</time>
      </trkpt>
      <trkpt lat="48.964173663407564" lon="-120.78404562547803">
        <time>2005-09-25T13:02:33-07:00</time>
      </trkpt>
      <trkpt lat="48.96422487683594" lon="-120.78406197018921">
        <time>2005-09-25T13:02:41-07:00</time>
      </trkpt>
      <trkpt lat="48.96430048160255" lon="-120.78410144895315">
        <time>2005-09-25T13:02:45-07:00</time>
      </trkpt>
      <trkpt lat="48.964401399716735" lon="-120.78415266238153">
        <time>2005-09-25T13:02:50-07:00</time>
      </trkpt>
      <trkpt lat="48.96444523707032" lon="-120.78416900709271">
        <time>2005-09-25T13:02:56-07:00</time>
      </trkpt>
      <trkpt lat="48.96451648324728" lon="-120.78420261852443">
        <time>2005-09-25T13:02:57-07:00</time>
      </trkpt>
      <trkpt lat="48.9645360969007" lon="-120.78421292826533">
        <time>2005-09-25T13:03:04-07:00</time>
      </trkpt>
      <trkpt lat="48.964640786871314" lon="-120.78427813947201">
        <time>2005-09-25T13:03:06-07:00</time>
      </trkpt>
      <trkpt lat="48.964732736349106" lon="-120.78432750888169">
        <time>2005-09-25T13:03:14-07:00</time>
      </trkpt>
      <trkpt lat="48.96474815905094" lon="-120.78433262184262">
        <time>2005-09-25T13:03:21-07:00</time>
      </trkpt>
      <trkpt lat="48.964860225096345" lon="-120.78436095267534">
        <time>2005-09-25T13:03:29-07:00</time>
      </trkpt>
      <trkpt lat="48.96492191590369" lon="-120.78447788022459">
        <time>2005-09-25T13:03:39-07:00</time>
      </trkpt>
      <trkpt lat="48.96492049098015" lon="-120.78454627655447">
        <time>2005-09-25T13:03:47-07:00</time>
      </trkpt>
      <trkpt lat="48.964933482930064" lon="-120.7846155948937">
        <time>2005-09-25T13:03:48-07:00</time>
      </trkpt>
      <trkpt lat="48.96494739688933" lon="-120.78465205617249">
        <time>2005-09-25T13:03:54-07:00</time>
      </trkpt>
      <trkpt lat="48.96500665694475" lon="-120.78473235480487">
        <time>2005-09-25T13:04:02-07:00</time>
      </trkpt>
      <trkpt lat="48.96506910212338" lon="-120.78475381247699">
        <time>2005-09-25T13:04:03-07:00</time>
      </trkpt>
      <trkpt lat="48.965104976668954" lon="-120.78475984744728">
        <time>2005-09-25T13:04:07-07:00</time>
      </trkpt>
      <trkpt lat="48.965202877298" lon="-120.78475657850504">
        <time>2005-09-25T13:04:08-07:00</time>
      </trkpt>
      <trkpt lat="48.96525199525058" lon="-120.78475004062057">
        <time>2005-09-25T13:04:10-07:00</time>
      </trkpt>
      <trkpt lat="48.96524218842387" lon="-120.78476236201823">
        <time>2005-09-25T13:04:11-07:00</time>
      </trkpt>
      <trkpt lat="48.96523556672037" lon="-120.7847778685391">
        <time>2005-09-25T13:04:20-07:00</time>
      </trkpt>
      <trkpt lat="48.96526406519115" lon="-120.78487476333976">
        <time>2005-09-25T13:04:29-07:00</time>
      </trkpt>
      <trkpt lat="48.96533732302487" lon="-120.78501013107598">
        <time>2005-09-25T13:04:34-07:00</time>
      </trkpt>
      <trkpt lat="48.965346375480294" lon="-120.78502899035811">
        <time>2005-09-25T13:04:35-07:00</time>
      </trkpt>
      <trkpt lat="48.96542524918914" lon="-120.78507877886295">
        <time>2005-09-25T13:04:39-07:00</time>
      </trkpt>
      <trkpt lat="48.965547708794475" lon="-120.78512001782656">
        <time>2005-09-25T13:04:41-07:00</time>
      </trkpt>
      <trkpt lat="48.96556992083788" lon="-120.78513217158616">
        <time>2005-09-25T13:04:46-07:00</time>
      </trkpt>
      <trkpt lat="48.96568777039647" lon="-120.78520350158215">
        <time>2005-09-25T13:04:49-07:00</time>
      </trkpt>
      <trkpt lat="48.96574619226158" lon="-120.7852247916162">
        <time>2005-09-25T13:04:58-07:00</time>
      </trkpt>
      <trkpt lat="48.96578332409263" lon="-120.78523057512939">
        <time>2005-09-25T13:05:06-07:00</time>
      </trkpt>
      <trkpt lat="48.96591491997242" lon="-120.78521573916078">
        <time>2005-09-25T13:05:09-07:00</time>
      </trkpt>
      <trkpt lat="48.965992871671915" lon="-120.78524096868932">
        <time>2005-09-25T13:05:14-07:00</time>
      </trkpt>
      <trkpt lat="48.966006115078926" lon="-120.78524549491704">
        <time>2005-09-25T13:05:23-07:00</time>
      </trkpt>
      <trkpt lat="48.96612647920847" lon="-120.78523728065193">
        <time>2005-09-25T13:05:24-07:00</time>
      </trkpt>
      <trkpt lat="48.96621088497341" lon="-120.78525320626795">
        <time>2005-09-25T13:05:31-07:00</time>
      </trkpt>
      <trkpt lat="48.96632865071297" lon="-120.7853614166379">
        <time>2005-09-25T13:05:35-07:00</time>
      </trkpt>
      <trkpt lat="48.96640098653734" lon="-120.7854544557631">
        <time>2005-09-25T13:05:40-07:00</time>
      </trkpt>
      <trkpt lat="48.966486398130655" lon="-120.78546711243689">
        <time>2005-09-25T13:05:47-07:00</time>
      </trkpt>
      <trkpt lat="48.96650307811797" lon="-120.78546359203756">
        <time>2005-09-25T13:05:51-07:00</time>
      </trkpt>
      <trkpt lat="48.966618245467544" lon="-120.78545018099248">
        <time>2005-09-25T13:05:54-07:00</time>
      </trkpt>
      <trkpt lat="48.966664178296924" lon="-120.78545085154474">
        <time>2005-09-25T13:05:59-07:00</time>
      </trkpt>
      <trkpt lat="48.96672653965652" lon="-120.78546183183789">
        <time>2005-09-25T13:06:05-07:00</time>
      </trkpt>
      <trkpt lat="48.966739950701594" lon="-120.78546350821853">
        <time>2005-09-25T13:06:12-07:00</time>
      </trkpt>
      <trkpt lat="48.96681220270693" lon="-120.78547415323555">
        <time>2005-09-25T13:06:15-07:00</time>
      </trkpt>
      <trkpt lat="48.96684103645384" lon="-120.78550240024924">
        <time>2005-09-25T13:06:20-07:00</time>
      </trkpt>
      <trkpt lat="48.966969698667526" lon="-120.78557473607361">
        <time>2005-09-25T13:06:22-07:00</time>
      </trkpt>
      <trkpt lat="48.967032143846154" lon="-120.78557565808296">
        <time>2005-09-25T13:06:31-07:00</time>
      </trkpt>
      <trkpt lat="48.96707338280976" lon="-120.78557976521552">
        <time>2005-09-25T13:06:38-07:00</time>
      </trkpt>
      <trkpt lat="48.96718888543546" lon="-120.78562779352069">
        <time>2005-09-25T13:06:39-07:00</time>
      </trkpt>
      <trkpt lat="48.96732115186751" lon="-120.78564782626927">
        <time>2005-09-25T13:06:47-07:00</time>
      </trkpt>
      <trkpt lat="48.9674112573266" lon="-120.78564430586994">
        <time>2005-09-25T13:06:54-07:00</time>
      </trkpt>
      <trkpt lat="48.96752139553428" lon="-120.78569979406893">
        <time>2005-09-25T13:06:57-07:00</time>
      </trkpt>
      <trkpt lat="48.96761937998235" lon="-120.78574019484222">
        <time>2005-09-25T13:07:01-07:00</time>
      </trkpt>
      <trkpt lat="48.96773655898869" lon="-120.7858122792095">
        <time>2005-09-25T13:07:03-07:00</time>
      </trkpt>
      <trkpt lat="48.96783974021673" lon="-120.78585770912468">
        <time>2005-09-25T13:07:09-07:00</time>
      </trkpt>
      <trkpt lat="48.96791685372591" lon="-120.78590095974505">
        <time>2005-09-25T13:07:13-07:00</time>
      </trkpt>
      <trkpt lat="48.96795096807182" lon="-120.78592082485557">
        <time>2005-09-25T13:07:15-07:00</time>
      </trkpt>
      <trkpt lat="48.96804618649185" lon="-120.78597991727293">
        <time>2005-09-25T13:07:23-07:00</time>
      </trkpt>
      <trkpt lat="48.968082228675485" lon="-120.78600145876408">
        <time>2005-09-25T13:07:27-07:00</time>
      </trkpt>
      <trkpt lat="48.96814844571054" lon="-120.78599072992802">
        <time>2005-09-25T13:07:28-07:00</time>
      </trkpt>
      <trkpt lat="48.96824332885444" lon="-120.78591311350465">
        <time>2005-09-25T13:07:29-07:00</time>
      </trkpt>
      <trkpt lat="48.96835170686245" lon="-120.7859002891928">
        <time>2005-09-25T13:07:34-07:00</time>
      </trkpt>
      <trkpt lat="48.96843963302672" lon="-120.7859452161938">
        <time>2005-09-25T13:07:43-07:00</time>
      </trkpt>
      <trkpt lat="48.96852571517229" lon="-120.7859637401998">
        <time>2005-09-25T13:07:44-07:00</time>
      </trkpt>
      <trkpt lat="48.96861892193556" lon="-120.78600749373436">
        <time>2005-09-25T13:07:50-07:00</time>
      </trkpt>
      <trkpt lat="48.968687653541565" lon="-120.78608787618577">
        <time>2005-09-25T13:07:59-07:00</time>
      </trkpt>
      <trkpt lat="48.96872411482036" lon="-120.78619223088026">
        <time>2005-09-25T13:08:01-07:00</time>
      </trkpt>
      <trkpt lat="48.9687461592257" lon="-120.78624528832734">
        <time>2005-09-25T13:08:10-07:00</time>
      </trkpt>
      <trkpt lat="48.96881874650717" lon="-120.7863062247634">
        <time>2005-09-25T13:08:15-07:00</time>
      </trkpt>
      <trkpt lat="48.96886627189815" lon="-120.78631351701915">
        <time>2005-09-25T13:08:18-07:00</time>
      </trkpt>
      <trkpt lat="48.968966184183955" lon="-120.78633413650095">
        <time>2005-09-25T13:08:27-07:00</time>
      </trkpt>
      <trkpt lat="48.96898403763771" lon="-120.786342183128">
        <time>2005-09-25T13:08:34-07:00</time>
      </trkpt>
      <trkpt lat="48.96903835237026" lon="-120.78637017868459">
        <time>2005-09-25T13:08:35-07:00</time>
      </trkpt>
      <trkpt lat="48.96907933987677" lon="-120.78638995997608">
        <time>2005-09-25T13:08:43-07:00</time>
      </trkpt>
      <trkpt lat="48.96911596879363" lon="-120.78642239794135">
        <time>2005-09-25T13:08:50-07:00</time>
      </trkpt>
      <trkpt lat="48.96921185776591" lon="-120.7864804007113">
        <time>2005-09-25T13:08:59-07:00</time>
      </trkpt>
      <trkpt lat="48.96925955079496" lon="-120.7865047082305">
        <time>2005-09-25T13:09:06-07:00</time>
      </trkpt>
      <trkpt lat="48.969333143904805" lon="-120.78652583062649">
        <time>2005-09-25T13:09:13-07:00</time>
      </trkpt>
      <trkpt lat="48.969357032328844" lon="-120.78653655946255">
        <time>2005-09-25T13:09:14-07:00</time>
      </trkpt>
      <trkpt lat="48.9693801663816" lon="-120.78655038960278">
        <time>2005-09-25T13:09:22-07:00</time>
      </trkpt>
      <trkpt lat="48.96943590603769" lon="-120.78657595440745">
        <time>2005-09-25T13:09:25-07:00</time>
      </trkpt>
      <trkpt lat="48.96951117552817" lon="-120.78660596162081">
        <time>2005-09-25T13:09:30-07:00</time>
      </trkpt>
      <trkpt lat="48.96952332928777" lon="-120.78660713508725">
        <time>2005-09-25T13:09:31-07:00</time>
      </trkpt>
      <trkpt lat="48.96960027515888" lon="-120.78661350533366">
        <time>2005-09-25T13:09:37-07:00</time>
      </trkpt>
      <trkpt lat="48.969611171633005" lon="-120.7866199593991">
        <time>2005-09-25T13:09:40-07:00</time>
      </trkpt>
      <trkpt lat="48.969687949866056" lon="-120.78666874207556">
        <time>2005-09-25T13:09:49-07:00</time>
      </trkpt>
      <trkpt lat="48.9697686675936" lon="-120.78668198548257">
        <time>2005-09-25T13:09:53-07:00</time>
      </trkpt>
      <trkpt lat="48.969791466370225" lon="-120.78669690527022">
        <time>2005-09-25T13:09:56-07:00</time>
      </trkpt>
      <trkpt lat="48.969870591536164" lon="-120.78676178120077">
        <time>2005-09-25T13:10:05-07:00</time>
      </trkpt>
      <trkpt lat="48.96988492459059" lon="-120.7867721747607">
        <time>2005-09-25T13:10:14-07:00</time>
      </trkpt>
      <trkpt lat="48.969906801357865" lon="-120.78679011203349">
        <time>2005-09-25T13:10:21-07:00</time>
      </trkpt>
      <trkpt lat="48.969985507428646" lon="-120.78683277592063">
        <time>2005-09-25T13:10:29-07:00</time>
      </trkpt>
      <trkpt lat="48.97000093013048" lon="-120.78684006817639">
        <time>2005-09-25T13:10:36-07:00</time>
      </trkpt>
      <trkpt lat="48.97005122154951" lon="-120.78685767017305">
        <time>2005-09-25T13:10:45-07:00</time>
      </trkpt>
      <trkpt lat="48.97007226012647" lon="-120.78686420805752">
        <time>2005-09-25T13:10:54-07:00</time>
      </trkpt>
      <trkpt lat="48.97009556181729" lon="-120.78686563298106">
        <time>2005-09-25T13:11:00-07:00</time>
      </trkpt>
      <trkpt lat="48.970205867663026" lon="-120.78689044341445">
        <time>2005-09-25T13:11:03-07:00</time>
      </trkpt>
      <trkpt lat="48.97031793370843" lon="-120.7869101408869">
        <time>2005-09-25T13:11:12-07:00</time>
      </trkpt>
      <trkpt lat="48.970432514324784" lon="-120.78695624135435">
        <time>2005-09-25T13:11:14-07:00</time>
      </trkpt>
      <trkpt lat="48.970449613407254" lon="-120.78696437180042">
        <time>2005-09-25T13:11:19-07:00</time>
      </trkpt>
      <trkpt lat="48.97053980268538" lon="-120.78701491467655">
        <time>2005-09-25T13:11:26-07:00</time>
      </trkpt>
      <trkpt lat="48.97055430337787" lon="-120.78702195547521">
        <time>2005-09-25T13:11:34-07:00</time>
      </trkpt>
      <trkpt lat="48.97064616903663" lon="-120.7870705705136">
        <time>2005-09-25T13:11:41-07:00</time>
      </trkpt>
      <trkpt lat="48.970656814053655" lon="-120.78707618638873">
        <time>2005-09-25T13:11:48-07:00</time>
      </trkpt>
      <trkpt lat="48.97073686122894" lon="-120.78717660158873">
        <time>2005-09-25T13:11:55-07:00</time>
      </trkpt>
      <trkpt lat="48.970772651955485" lon="-120.78719680197537">
        <time>2005-09-25T13:12:01-07:00</time>
      </trkpt>
      <trkpt lat="48.97081380710006" lon="-120.7871989812702">
        <time>2005-09-25T13:12:07-07:00</time>
      </trkpt>
      <trkpt lat="48.9709412958473" lon="-120.78721884638071">
        <time>2005-09-25T13:12:10-07:00</time>
      </trkpt>
      <trkpt lat="48.97104372270405" lon="-120.7872003223747">
        <time>2005-09-25T13:12:16-07:00</time>
      </trkpt>
      <trkpt lat="48.97107683122158" lon="-120.78720283694565">
        <time>2005-09-25T13:12:19-07:00</time>
      </trkpt>
      <trkpt lat="48.971148412674665" lon="-120.78725346364081">
        <time>2005-09-25T13:12:26-07:00</time>
      </trkpt>
      <trkpt lat="48.97120574489236" lon="-120.78735488466918">
        <time>2005-09-25T13:12:28-07:00</time>
      </trkpt>
      <trkpt lat="48.971244217827916" lon="-120.78748698346317">
        <time>2005-09-25T13:12:33-07:00</time>
      </trkpt>
      <trkpt lat="48.97129903547466" lon="-120.78760399483144">
        <time>2005-09-25T13:12:37-07:00</time>
      </trkpt>
      <trkpt lat="48.97133415564895" lon="-120.78765361569822">
        <time>2005-09-25T13:12:40-07:00</time>
      </trkpt>
      <trkpt lat="48.971373215317726" lon="-120.78771186992526">
        <time>2005-09-25T13:12:48-07:00</time>
      </trkpt>
      <trkpt lat="48.97138226777315" lon="-120.78772762790322">
        <time>2005-09-25T13:12:51-07:00</time>
      </trkpt>
      <trkpt lat="48.97144479677081" lon="-120.7878826931119">
        <time>2005-09-25T13:12:55-07:00</time>
      </trkpt>
      <trkpt lat="48.97144823335111" lon="-120.7879012171179">
        <time>2005-09-25T13:12:57-07:00</time>
      </trkpt>
      <trkpt lat="48.971478240564466" lon="-120.78804027289152">
        <time>2005-09-25T13:12:59-07:00</time>
      </trkpt>
      <trkpt lat="48.97154244594276" lon="-120.78810380771756">
        <time>2005-09-25T13:13:04-07:00</time>
      </trkpt>
      <trkpt lat="48.97160589694977" lon="-120.78815342858434">
        <time>2005-09-25T13:13:11-07:00</time>
      </trkpt>
      <trkpt lat="48.971646297723055" lon="-120.78819978050888">
        <time>2005-09-25T13:13:12-07:00</time>
      </trkpt>
      <trkpt lat="48.97171536460519" lon="-120.78826373443007">
        <time>2005-09-25T13:13:18-07:00</time>
      </trkpt>
      <trkpt lat="48.97172751836479" lon="-120.78827789984643">
        <time>2005-09-25T13:13:19-07:00</time>
      </trkpt>
      <trkpt lat="48.971804631873965" lon="-120.78837621957064">
        <time>2005-09-25T13:13:25-07:00</time>
      </trkpt>
      <trkpt lat="48.97188199684024" lon="-120.78848258592188">
        <time>2005-09-25T13:13:31-07:00</time>
      </trkpt>
      <trkpt lat="48.97189146839082" lon="-120.78849591314793">
        <time>2005-09-25T13:13:33-07:00</time>
      </trkpt>
      <trkpt lat="48.97196304984391" lon="-120.78858928754926">
        <time>2005-09-25T13:13:40-07:00</time>
      </trkpt>
      <trkpt lat="48.97203454747796" lon="-120.78871342353523">
        <time>2005-09-25T13:13:41-07:00</time>
      </trkpt>
      <trkpt lat="48.97204343229532" lon="-120.7887284271419">
        <time>2005-09-25T13:13:43-07:00</time>
      </trkpt>
      <trkpt lat="48.97216404788196" lon="-120.78887234441936">
        <time>2005-09-25T13:13:49-07:00</time>
      </trkpt>
      <trkpt lat="48.97217662073672" lon="-120.78888324089348">
        <time>2005-09-25T13:13:50-07:00</time>
      </trkpt>
      <trkpt lat="48.97227007895708" lon="-120.78895725309849">
        <time>2005-09-25T13:13:54-07:00</time>
      </trkpt>
      <trkpt lat="48.97237946279347" lon="-120.78906739130616">
        <time>2005-09-25T13:13:56-07:00</time>
      </trkpt>
      <trkpt lat="48.97247761487961" lon="-120.7891533896327">
        <time>2005-09-25T13:13:59-07:00</time>
      </trkpt>
      <trkpt lat="48.97250686772168" lon="-120.78918096609414">
        <time>2005-09-25T13:14:08-07:00</time>
      </trkpt>
      <trkpt lat="48.97255749441683" lon="-120.78926512040198">
        <time>2005-09-25T13:14:16-07:00</time>
      </trkpt>
      <trkpt lat="48.97258020937443" lon="-120.78929646871984">
        <time>2005-09-25T13:14:24-07:00</time>
      </trkpt>
      <trkpt lat="48.97266251966357" lon="-120.78938841819763">
        <time>2005-09-25T13:14:25-07:00</time>
      </trkpt>
      <trkpt lat="48.97274591960013" lon="-120.78947382979095">
        <time>2005-09-25T13:14:33-07:00</time>
      </trkpt>
      <trkpt lat="48.972787745296955" lon="-120.78949989750981">
        <time>2005-09-25T13:14:34-07:00</time>
      </trkpt>
      <trkpt lat="48.97283401340246" lon="-120.7894990593195">
        <time>2005-09-25T13:14:42-07:00</time>
      </trkpt>
      <trkpt lat="48.97291070781648" lon="-120.78952143900096">
        <time>2005-09-25T13:14:43-07:00</time>
      </trkpt>
      <trkpt lat="48.97294817492366" lon="-120.78954792581499">
        <time>2005-09-25T13:14:50-07:00</time>
      </trkpt>
      <trkpt lat="48.97299553267658" lon="-120.78956075012684">
        <time>2005-09-25T13:14:53-07:00</time>
      </trkpt>
      <trkpt lat="48.9730703830719" lon="-120.78956670127809">
        <time>2005-09-25T13:14:57-07:00</time>
      </trkpt>
      <trkpt lat="48.97316576912999" lon="-120.78954499214888">
        <time>2005-09-25T13:15:07-07:00</time>
      </trkpt>
      <trkpt lat="48.9732067566365" lon="-120.78953216783702">
        <time>2005-09-25T13:15:15-07:00</time>
      </trkpt>
      <trkpt lat="48.973256293684244" lon="-120.78952546231449">
        <time>2005-09-25T13:15:17-07:00</time>
      </trkpt>
      <trkpt lat="48.97332603111863" lon="-120.78954247757792">
        <time>2005-09-25T13:15:22-07:00</time>
      </trkpt>
      <trkpt lat="48.9733986184001" lon="-120.7895164936781">
        <time>2005-09-25T13:15:29-07:00</time>
      </trkpt>
      <trkpt lat="48.973462572321296" lon="-120.78947005793452">
        <time>2005-09-25T13:15:36-07:00</time>
      </trkpt>
      <trkpt lat="48.97352887317538" lon="-120.78944575041533">
        <time>2005-09-25T13:15:43-07:00</time>
      </trkpt>
      <trkpt lat="48.97354479879141" lon="-120.78942907042801">
        <time>2005-09-25T13:15:47-07:00</time>
      </trkpt>
      <trkpt lat="48.97362752817571" lon="-120.7894007395953">
        <time>2005-09-25T13:15:51-07:00</time>
      </trkpt>
      <trkpt lat="48.97368025034666" lon="-120.78937668353319">
        <time>2005-09-25T13:15:52-07:00</time>
      </trkpt>
      <trkpt lat="48.97377597168088" lon="-120.78936352394521">
        <time>2005-09-25T13:16:00-07:00</time>
      </trkpt>
      <trkpt lat="48.97387429140508" lon="-120.7893828023225">
        <time>2005-09-25T13:16:01-07:00</time>
      </trkpt>
      <trkpt lat="48.973895497620106" lon="-120.78939118422568">
        <time>2005-09-25T13:16:09-07:00</time>
      </trkpt>
      <trkpt lat="48.97392491810024" lon="-120.7893936149776">
        <time>2005-09-25T13:16:15-07:00</time>
      </trkpt>
      <trkpt lat="48.97400999441743" lon="-120.78940375708044">
        <time>2005-09-25T13:16:20-07:00</time>
      </trkpt>
      <trkpt lat="48.974093394353986" lon="-120.7894087024033">
        <time>2005-09-25T13:16:24-07:00</time>
      </trkpt>
      <trkpt lat="48.97410714067519" lon="-120.78940887004137">
        <time>2005-09-25T13:16:30-07:00</time>
      </trkpt>
      <trkpt lat="48.974188696593046" lon="-120.78946662135422">
        <time>2005-09-25T13:16:31-07:00</time>
      </trkpt>
      <trkpt lat="48.97425290197134" lon="-120.78953795135021">
        <time>2005-09-25T13:16:39-07:00</time>
      </trkpt>
      <trkpt lat="48.97427628748119" lon="-120.78955396078527">
        <time>2005-09-25T13:16:47-07:00</time>
      </trkpt>
      <trkpt lat="48.97435055114329" lon="-120.78959603793919">
        <time>2005-09-25T13:16:48-07:00</time>
      </trkpt>
      <trkpt lat="48.97435843013227" lon="-120.7896055933088">
        <time>2005-09-25T13:16:55-07:00</time>
      </trkpt>
      <trkpt lat="48.97447636350989" lon="-120.78971371985972">
        <time>2005-09-25T13:17:03-07:00</time>
      </trkpt>
      <trkpt lat="48.97451240569353" lon="-120.78973107039928">
        <time>2005-09-25T13:17:04-07:00</time>
      </trkpt>
      <trkpt lat="48.97457962855697" lon="-120.78974884003401">
        <time>2005-09-25T13:17:15-07:00</time>
      </trkpt>
      <trkpt lat="48.97458893246949" lon="-120.7897530309856">
        <time>2005-09-25T13:17:16-07:00</time>
      </trkpt>
      <trkpt lat="48.97467518225312" lon="-120.78985361382365">
        <time>2005-09-25T13:17:24-07:00</time>
      </trkpt>
      <trkpt lat="48.974734861403704" lon="-120.78992519527674">
        <time>2005-09-25T13:17:34-07:00</time>
      </trkpt>
      <trkpt lat="48.97478171624243" lon="-120.7899668533355">
        <time>2005-09-25T13:17:41-07:00</time>
      </trkpt>
      <trkpt lat="48.97482161410153" lon="-120.78998680226505">
        <time>2005-09-25T13:17:43-07:00</time>
      </trkpt>
      <trkpt lat="48.9748577401042" lon="-120.79000088386238">
        <time>2005-09-25T13:17:49-07:00</time>
      </trkpt>
      <trkpt lat="48.97490752860904" lon="-120.79001949168742">
        <time>2005-09-25T13:17:52-07:00</time>
      </trkpt>
      <trkpt lat="48.97504650056362" lon="-120.79004379920661">
        <time>2005-09-25T13:18:00-07:00</time>
      </trkpt>
      <trkpt lat="48.975054966285825" lon="-120.79005109146237">
        <time>2005-09-25T13:18:10-07:00</time>
      </trkpt>
      <trkpt lat="48.97511498071253" lon="-120.79011077061296">
        <time>2005-09-25T13:18:14-07:00</time>
      </trkpt>
      <trkpt lat="48.97515328601003" lon="-120.79017765820026">
        <time>2005-09-25T13:18:17-07:00</time>
      </trkpt>
      <trkpt lat="48.97525160573423" lon="-120.79025401733816">
        <time>2005-09-25T13:18:23-07:00</time>
      </trkpt>
      <trkpt lat="48.975295443087816" lon="-120.79024622216821">
        <time>2005-09-25T13:18:26-07:00</time>
      </trkpt>
      <trkpt lat="48.97532687522471" lon="-120.79024613834918">
        <time>2005-09-25T13:18:29-07:00</time>
      </trkpt>
      <trkpt lat="48.975421423092484" lon="-120.79032375477254">
        <time>2005-09-25T13:18:35-07:00</time>
      </trkpt>
      <trkpt lat="48.97551203146577" lon="-120.79039961099625">
        <time>2005-09-25T13:18:42-07:00</time>
      </trkpt>
      <trkpt lat="48.9755673520267" lon="-120.79043498262763">
        <time>2005-09-25T13:18:45-07:00</time>
      </trkpt>
      <trkpt lat="48.975598784163594" lon="-120.79044554382563">
        <time>2005-09-25T13:18:48-07:00</time>
      </trkpt>
      <trkpt lat="48.97569475695491" lon="-120.79047697596252">
        <time>2005-09-25T13:18:53-07:00</time>
      </trkpt>
      <trkpt lat="48.97576876915991" lon="-120.79055735841393">
        <time>2005-09-25T13:18:59-07:00</time>
      </trkpt>
      <trkpt lat="48.975872872397304" lon="-120.79065375030041">
        <time>2005-09-25T13:19:05-07:00</time>
      </trkpt>
      <trkpt lat="48.97595141083002" lon="-120.79072047024965">
        <time>2005-09-25T13:19:11-07:00</time>
      </trkpt>
      <trkpt lat="48.97597739472985" lon="-120.7907560095191">
        <time>2005-09-25T13:19:13-07:00</time>
      </trkpt>
      <trkpt lat="48.976008323952556" lon="-120.79079029150307">
        <time>2005-09-25T13:19:21-07:00</time>
      </trkpt>
      <trkpt lat="48.97607110440731" lon="-120.79084636643529">
        <time>2005-09-25T13:19:25-07:00</time>
      </trkpt>
      <trkpt lat="48.97610614076257" lon="-120.7908754516393">
        <time>2005-09-25T13:19:31-07:00</time>
      </trkpt>
      <trkpt lat="48.97620211355388" lon="-120.79094242304564">
        <time>2005-09-25T13:19:39-07:00</time>
      </trkpt>
      <trkpt lat="48.97622684016824" lon="-120.79096890985966">
        <time>2005-09-25T13:19:42-07:00</time>
      </trkpt>
      <trkpt lat="48.97631795145571" lon="-120.79106907360256">
        <time>2005-09-25T13:19:45-07:00</time>
      </trkpt>
      <trkpt lat="48.97637989372015" lon="-120.79117736779153">
        <time>2005-09-25T13:19:53-07:00</time>
      </trkpt>
      <trkpt lat="48.976450972259045" lon="-120.79123679548502">
        <time>2005-09-25T13:20:01-07:00</time>
      </trkpt>
      <trkpt lat="48.97648148238659" lon="-120.79125951044261">
        <time>2005-09-25T13:20:02-07:00</time>
      </trkpt>
      <trkpt lat="48.97657544352114" lon="-120.79136487096548">
        <time>2005-09-25T13:20:10-07:00</time>
      </trkpt>
      <trkpt lat="48.97658424451947" lon="-120.79137367196381">
        <time>2005-09-25T13:20:16-07:00</time>
      </trkpt>
      <trkpt lat="48.97665046155453" lon="-120.79145816154778">
        <time>2005-09-25T13:20:18-07:00</time>
      </trkpt>
      <trkpt lat="48.976708548143506" lon="-120.791582968086">
        <time>2005-09-25T13:20:24-07:00</time>
      </trkpt>
      <trkpt lat="48.9767743460834" lon="-120.79168606549501">
        <time>2005-09-25T13:20:25-07:00</time>
      </trkpt>
      <trkpt lat="48.97680535912514" lon="-120.79173962585628">
        <time>2005-09-25T13:20:36-07:00</time>
      </trkpt>
      <trkpt lat="48.97685724310577" lon="-120.79179645515978">
        <time>2005-09-25T13:20:39-07:00</time>
      </trkpt>
      <trkpt lat="48.97696771658957" lon="-120.79187105409801">
        <time>2005-09-25T13:20:45-07:00</time>
      </trkpt>
      <trkpt lat="48.977061761543155" lon="-120.7919334154576">
        <time>2005-09-25T13:20:46-07:00</time>
      </trkpt>
      <trkpt lat="48.97713954560459" lon="-120.79201547428966">
        <time>2005-09-25T13:20:54-07:00</time>
      </trkpt>
      <trkpt lat="48.977253790944815" lon="-120.79208781011403">
        <time>2005-09-25T13:21:00-07:00</time>
      </trkpt>
      <trkpt lat="48.977347081527114" lon="-120.79219836741686">
        <time>2005-09-25T13:21:04-07:00</time>
      </trkpt>
      <trkpt lat="48.977408772334456" lon="-120.79224413260818">
        <time>2005-09-25T13:21:08-07:00</time>
      </trkpt>
      <trkpt lat="48.977488819509745" lon="-120.79239416867495">
        <time>2005-09-25T13:21:12-07:00</time>
      </trkpt>
      <trkpt lat="48.97754539735615" lon="-120.79252660274506">
        <time>2005-09-25T13:21:16-07:00</time>
      </trkpt>
      <trkpt lat="48.97760985419154" lon="-120.79263900406659">
        <time>2005-09-25T13:21:26-07:00</time>
      </trkpt>
      <trkpt lat="48.97766601294279" lon="-120.79276900738478">
        <time>2005-09-25T13:21:27-07:00</time>
      </trkpt>
      <trkpt lat="48.97775477729738" lon="-120.79287989996374">
        <time>2005-09-25T13:21:32-07:00</time>
      </trkpt>
      <trkpt lat="48.97782635875046" lon="-120.79300831072032">
        <time>2005-09-25T13:21:38-07:00</time>
      </trkpt>
      <trkpt lat="48.977897353470325" lon="-120.79312993213534">
        <time>2005-09-25T13:21:47-07:00</time>
      </trkpt>
      <trkpt lat="48.97795904427767" lon="-120.79327896237373">
        <time>2005-09-25T13:21:52-07:00</time>
      </trkpt>
      <trkpt lat="48.97805736400187" lon="-120.79331726767123">
        <time>2005-09-25T13:21:54-07:00</time>
      </trkpt>
      <trkpt lat="48.97809290327132" lon="-120.79333084635437">
        <time>2005-09-25T13:22:01-07:00</time>
      </trkpt>
      <trkpt lat="48.97815551608801" lon="-120.7933914475143">
        <time>2005-09-25T13:22:10-07:00</time>
      </trkpt>
      <trkpt lat="48.97827227599919" lon="-120.79343159683049">
        <time>2005-09-25T13:22:14-07:00</time>
      </trkpt>
      <trkpt lat="48.97835148498416" lon="-120.79345716163516">
        <time>2005-09-25T13:22:17-07:00</time>
      </trkpt>
      <trkpt lat="48.97843471728265" lon="-120.79355548135936">
        <time>2005-09-25T13:22:25-07:00</time>
      </trkpt>
      <trkpt lat="48.97854116745293" lon="-120.79363385215402">
        <time>2005-09-25T13:22:33-07:00</time>
      </trkpt>
      <trkpt lat="48.978562876582146" lon="-120.79364625737071">
        <time>2005-09-25T13:22:42-07:00</time>
      </trkpt>
      <trkpt lat="48.978605372831225" lon="-120.79367039725184">
        <time>2005-09-25T13:22:50-07:00</time>
      </trkpt>
      <trkpt lat="48.978690365329385" lon="-120.79368674196303">
        <time>2005-09-25T13:22:53-07:00</time>
      </trkpt>
      <trkpt lat="48.97875750437379" lon="-120.79376989044249">
        <time>2005-09-25T13:22:55-07:00</time>
      </trkpt>
      <trkpt lat="48.978823218494654" lon="-120.7939263805747">
        <time>2005-09-25T13:23:00-07:00</time>
      </trkpt>
      <trkpt lat="48.97886646911502" lon="-120.79392772167921">
        <time>2005-09-25T13:23:03-07:00</time>
      </trkpt>
      <trkpt lat="48.978901421651244" lon="-120.79392772167921">
        <time>2005-09-25T13:23:13-07:00</time>
      </trkpt>
      <trkpt lat="48.97895690985024" lon="-120.79399385489523">
        <time>2005-09-25T13:23:15-07:00</time>
      </trkpt>
      <trkpt lat="48.979010470211506" lon="-120.79406711272895">
        <time>2005-09-25T13:23:23-07:00</time>
      </trkpt>
      <trkpt lat="48.979019187390804" lon="-120.79408328980207">
        <time>2005-09-25T13:23:32-07:00</time>
      </trkpt>
      <trkpt lat="48.979111555963755" lon="-120.79413525760174">
        <time>2005-09-25T13:23:37-07:00</time>
      </trkpt>
      <trkpt lat="48.97917400114238" lon="-120.79420013353229">
        <time>2005-09-25T13:23:40-07:00</time>
      </trkpt>
      <trkpt lat="48.97922404110432" lon="-120.79424858093262">
        <time>2005-09-25T13:23:49-07:00</time>
      </trkpt>
      <trkpt lat="48.97924675606191" lon="-120.79427188262343">
        <time>2005-09-25T13:23:50-07:00</time>
      </trkpt>
      <trkpt lat="48.979360247030854" lon="-120.79437623731792">
        <time>2005-09-25T13:23:59-07:00</time>
      </trkpt>
      <trkpt lat="48.979371478781104" lon="-120.79438202083111">
        <time>2005-09-25T13:24:07-07:00</time>
      </trkpt>
      <trkpt lat="48.97945043630898" lon="-120.79440188594162">
        <time>2005-09-25T13:24:15-07:00</time>
      </trkpt>
      <trkpt lat="48.979523945599794" lon="-120.79442552290857">
        <time>2005-09-25T13:24:18-07:00</time>
      </trkpt>
      <trkpt lat="48.979594856500626" lon="-120.79452384263277">
        <time>2005-09-25T13:24:23-07:00</time>
      </trkpt>
      <trkpt lat="48.9796479139477" lon="-120.7946608029306">
        <time>2005-09-25T13:24:32-07:00</time>
      </trkpt>
      <trkpt lat="48.9797187410295" lon="-120.79470514319837">
        <time>2005-09-25T13:24:41-07:00</time>
      </trkpt>
      <trkpt lat="48.979792669415474" lon="-120.7946917321533">
        <time>2005-09-25T13:24:50-07:00</time>
      </trkpt>
      <trkpt lat="48.97981236688793" lon="-120.79469592310488">
        <time>2005-09-25T13:24:59-07:00</time>
      </trkpt>
      <trkpt lat="48.97987464442849" lon="-120.79479181207716">
        <time>2005-09-25T13:25:09-07:00</time>
      </trkpt>
      <trkpt lat="48.97990155033767" lon="-120.79488644376397">
        <time>2005-09-25T13:25:17-07:00</time>
      </trkpt>
      <trkpt lat="48.97991613484919" lon="-120.79491921700537">
        <time>2005-09-25T13:25:26-07:00</time>
      </trkpt>
      <trkpt lat="48.979964666068554" lon="-120.79498602077365">
        <time>2005-09-25T13:25:33-07:00</time>
      </trkpt>
      <trkpt lat="48.98005250841379" lon="-120.79505106434226">
        <time>2005-09-25T13:25:42-07:00</time>
      </trkpt>
      <trkpt lat="48.98011637851596" lon="-120.79510286450386">
        <time>2005-09-25T13:25:51-07:00</time>
      </trkpt>
      <trkpt lat="48.980171363800764" lon="-120.7951505575329">
        <time>2005-09-25T13:26:00-07:00</time>
      </trkpt>
      <trkpt lat="48.98021184839308" lon="-120.79519799910486">
        <time>2005-09-25T13:26:09-07:00</time>
      </trkpt>
      <trkpt lat="48.980237329378724" lon="-120.79522473737597">
        <time>2005-09-25T13:26:17-07:00</time>
      </trkpt>
      <trkpt lat="48.98030497133732" lon="-120.7952491287142">
        <time>2005-09-25T13:26:26-07:00</time>
      </trkpt>
      <trkpt lat="48.980381581932306" lon="-120.7952876854688">
        <time>2005-09-25T13:26:33-07:00</time>
      </trkpt>
      <trkpt lat="48.98043782450259" lon="-120.79538483172655">
        <time>2005-09-25T13:26:36-07:00</time>
      </trkpt>
      <trkpt lat="48.98051770403981" lon="-120.79551659524441">
        <time>2005-09-25T13:26:42-07:00</time>
      </trkpt>
      <trkpt lat="48.98059146478772" lon="-120.79564240761101">
        <time>2005-09-25T13:26:51-07:00</time>
      </trkpt>
      <trkpt lat="48.980663465335965" lon="-120.79569764435291">
        <time>2005-09-25T13:26:58-07:00</time>
      </trkpt>
      <trkpt lat="48.98074837401509" lon="-120.79576084390283">
        <time>2005-09-25T13:27:06-07:00</time>
      </trkpt>
      <trkpt lat="48.98084686137736" lon="-120.79589478671551">
        <time>2005-09-25T13:27:14-07:00</time>
      </trkpt>
      <trkpt lat="48.98095775395632" lon="-120.79602747224271">
        <time>2005-09-25T13:27:16-07:00</time>
      </trkpt>
      <trkpt lat="48.980971835553646" lon="-120.7960382848978">
        <time>2005-09-25T13:27:21-07:00</time>
      </trkpt>
      <trkpt lat="48.98101734928787" lon="-120.79607650637627">
        <time>2005-09-25T13:27:28-07:00</time>
      </trkpt>
      <trkpt lat="48.98106294684112" lon="-120.79612897709012">
        <time>2005-09-25T13:27:35-07:00</time>
      </trkpt>
      <trkpt lat="48.98109940811992" lon="-120.79618714749813">
        <time>2005-09-25T13:27:44-07:00</time>
      </trkpt>
      <trkpt lat="48.98112824186683" lon="-120.79624154604971">
        <time>2005-09-25T13:27:48-07:00</time>
      </trkpt>
      <trkpt lat="48.98113830015063" lon="-120.79626015387475">
        <time>2005-09-25T13:27:50-07:00</time>
      </trkpt>
      <trkpt lat="48.98118196986616" lon="-120.7963424641639">
        <time>2005-09-25T13:27:56-07:00</time>
      </trkpt>
      <trkpt lat="48.98123142309487" lon="-120.79640893265605">
        <time>2005-09-25T13:28:02-07:00</time>
      </trkpt>
      <trkpt lat="48.981299148872495" lon="-120.7965150475502">
        <time>2005-09-25T13:28:03-07:00</time>
      </trkpt>
      <trkpt lat="48.98131406866014" lon="-120.79653860069811">
        <time>2005-09-25T13:28:10-07:00</time>
      </trkpt>
      <trkpt lat="48.981379279866815" lon="-120.79665259458125">
        <time>2005-09-25T13:28:15-07:00</time>
      </trkpt>
      <trkpt lat="48.98139227181673" lon="-120.79667279496789">
        <time>2005-09-25T13:28:20-07:00</time>
      </trkpt>
      <trkpt lat="48.98143753409386" lon="-120.79678863286972">
        <time>2005-09-25T13:28:22-07:00</time>
      </trkpt>
      <trkpt lat="48.98144993931055" lon="-120.79683121293783">
        <time>2005-09-25T13:28:31-07:00</time>
      </trkpt>
      <trkpt lat="48.98145622573793" lon="-120.7968467194587">
        <time>2005-09-25T13:28:32-07:00</time>
      </trkpt>
      <trkpt lat="48.981488328427076" lon="-120.79690413549542">
        <time>2005-09-25T13:28:40-07:00</time>
      </trkpt>
      <trkpt lat="48.98158287629485" lon="-120.79700991511345">
        <time>2005-09-25T13:28:46-07:00</time>
      </trkpt>
      <trkpt lat="48.98167122155428" lon="-120.79709624871612">
        <time>2005-09-25T13:28:52-07:00</time>
      </trkpt>
      <trkpt lat="48.98168488405645" lon="-120.79711158759892">
        <time>2005-09-25T13:29:00-07:00</time>
      </trkpt>
      <trkpt lat="48.98180415853858" lon="-120.79722256399691">
        <time>2005-09-25T13:29:08-07:00</time>
      </trkpt>
      <trkpt lat="48.98188135586679" lon="-120.79730093479156">
        <time>2005-09-25T13:29:14-07:00</time>
      </trkpt>
      <trkpt lat="48.98190759122372" lon="-120.79733488149941">
        <time>2005-09-25T13:29:15-07:00</time>
      </trkpt>
      <trkpt lat="48.98195863701403" lon="-120.79740260727704">
        <time>2005-09-25T13:29:21-07:00</time>
      </trkpt>
      <trkpt lat="48.98198009468615" lon="-120.79743454232812">
        <time>2005-09-25T13:29:27-07:00</time>
      </trkpt>
      <trkpt lat="48.98206466808915" lon="-120.79753663390875">
        <time>2005-09-25T13:29:29-07:00</time>
      </trkpt>
      <trkpt lat="48.98210456594825" lon="-120.79757996834815">
        <time>2005-09-25T13:29:35-07:00</time>
      </trkpt>
      <trkpt lat="48.98218176327646" lon="-120.79767451621592">
        <time>2005-09-25T13:29:41-07:00</time>
      </trkpt>
      <trkpt lat="48.982196347787976" lon="-120.79768834635615">
        <time>2005-09-25T13:29:47-07:00</time>
      </trkpt>
      <trkpt lat="48.98221177048981" lon="-120.79770469106734">
        <time>2005-09-25T13:29:52-07:00</time>
      </trkpt>
      <trkpt lat="48.982292572036386" lon="-120.7977862469852">
        <time>2005-09-25T13:29:55-07:00</time>
      </trkpt>
      <trkpt lat="48.982315454632044" lon="-120.79781767912209">
        <time>2005-09-25T13:29:57-07:00</time>
      </trkpt>
      <trkpt lat="48.98237387649715" lon="-120.79788833856583">
        <time>2005-09-25T13:30:02-07:00</time>
      </trkpt>
      <trkpt lat="48.982429867610335" lon="-120.79792362637818">
        <time>2005-09-25T13:30:09-07:00</time>
      </trkpt>
      <trkpt lat="48.98246171884239" lon="-120.79795757308602">
        <time>2005-09-25T13:30:15-07:00</time>
      </trkpt>
      <trkpt lat="48.982505556195974" lon="-120.79798925668001">
        <time>2005-09-25T13:30:23-07:00</time>
      </trkpt>
      <trkpt lat="48.982517793774605" lon="-120.7979982253164">
        <time>2005-09-25T13:30:32-07:00</time>
      </trkpt>
      <trkpt lat="48.98255475796759" lon="-120.79804047010839">
        <time>2005-09-25T13:30:38-07:00</time>
      </trkpt>
      <trkpt lat="48.982575964182615" lon="-120.79809771850705">
        <time>2005-09-25T13:30:45-07:00</time>
      </trkpt>
      <trkpt lat="48.98261250928044" lon="-120.79815127886832">
        <time>2005-09-25T13:30:53-07:00</time>
      </trkpt>
      <trkpt lat="48.98264721035957" lon="-120.79820676706731">
        <time>2005-09-25T13:31:02-07:00</time>
      </trkpt>
      <trkpt lat="48.98265860974789" lon="-120.79822612926364">
        <time>2005-09-25T13:31:03-07:00</time>
      </trkpt>
      <trkpt lat="48.9826975017786" lon="-120.7982714753598">
        <time>2005-09-25T13:31:07-07:00</time>
      </trkpt>
      <trkpt lat="48.982720049098134" lon="-120.79829452559352">
        <time>2005-09-25T13:31:11-07:00</time>
      </trkpt>
      <trkpt lat="48.98276187479496" lon="-120.79835018143058">
        <time>2005-09-25T13:31:15-07:00</time>
      </trkpt>
      <trkpt lat="48.98281644098461" lon="-120.79846685752273">
        <time>2005-09-25T13:31:19-07:00</time>
      </trkpt>
      <trkpt lat="48.98291040211916" lon="-120.79855897463858">
        <time>2005-09-25T13:31:20-07:00</time>
      </trkpt>
      <trkpt lat="48.983052391558886" lon="-120.79866073094308">
        <time>2005-09-25T13:31:25-07:00</time>
      </trkpt>
      <trkpt lat="48.98307544179261" lon="-120.7986755669117">
        <time>2005-09-25T13:31:29-07:00</time>
      </trkpt>
      <trkpt lat="48.983152471482754" lon="-120.79874647781253">
        <time>2005-09-25T13:31:35-07:00</time>
      </trkpt>
      <trkpt lat="48.98317040875554" lon="-120.79876299016178">
        <time>2005-09-25T13:31:37-07:00</time>
      </trkpt>
      <trkpt lat="48.983192536979914" lon="-120.79878855496645">
        <time>2005-09-25T13:31:44-07:00</time>
      </trkpt>
      <trkpt lat="48.98323645815253" lon="-120.79883825965226">
        <time>2005-09-25T13:31:45-07:00</time>
      </trkpt>
      <trkpt lat="48.983291359618306" lon="-120.79888653941453">
        <time>2005-09-25T13:31:51-07:00</time>
      </trkpt>
      <trkpt lat="48.98331826552749" lon="-120.7989086676389">
        <time>2005-09-25T13:31:54-07:00</time>
      </trkpt>
      <trkpt lat="48.983377357944846" lon="-120.79895694740117">
        <time>2005-09-25T13:31:55-07:00</time>
      </trkpt>
      <trkpt lat="48.98350367322564" lon="-120.79901318997145">
        <time>2005-09-25T13:32:02-07:00</time>
      </trkpt>
      <trkpt lat="48.98358145728707" lon="-120.79907538369298">
        <time>2005-09-25T13:32:10-07:00</time>
      </trkpt>
      <trkpt lat="48.983608363196254" lon="-120.79908770509064">
        <time>2005-09-25T13:32:16-07:00</time>
      </trkpt>
      <trkpt lat="48.98369276896119" lon="-120.7991296146065">
        <time>2005-09-25T13:32:17-07:00</time>
      </trkpt>
      <trkpt lat="48.98372302763164" lon="-120.79914595931768">
        <time>2005-09-25T13:32:27-07:00</time>
      </trkpt>
      <trkpt lat="48.98378320969641" lon="-120.79919893294573">
        <time>2005-09-25T13:32:34-07:00</time>
      </trkpt>
      <trkpt lat="48.983806762844324" lon="-120.79921879805624">
        <time>2005-09-25T13:32:36-07:00</time>
      </trkpt>
      <trkpt lat="48.983936849981546" lon="-120.79928543418646">
        <time>2005-09-25T13:32:40-07:00</time>
      </trkpt>
      <trkpt lat="48.983993511646986" lon="-120.7992916367948">
        <time>2005-09-25T13:32:43-07:00</time>
      </trkpt>
      <trkpt lat="48.98405930958688" lon="-120.79930488020182">
        <time>2005-09-25T13:32:51-07:00</time>
      </trkpt>
      <trkpt lat="48.984168441966176" lon="-120.79932985827327">
        <time>2005-09-25T13:32:54-07:00</time>
      </trkpt>
      <trkpt lat="48.984177159145474" lon="-120.7993336301297">
        <time>2005-09-25T13:33:01-07:00</time>
      </trkpt>
      <trkpt lat="48.98426994681358" lon="-120.79937704838812">
        <time>2005-09-25T13:33:02-07:00</time>
      </trkpt>
      <trkpt lat="48.984296852722764" lon="-120.79938048496842">
        <time>2005-09-25T13:33:03-07:00</time>
      </trkpt>
      <trkpt lat="48.984394669532776" lon="-120.79941853880882">
        <time>2005-09-25T13:33:10-07:00</time>
      </trkpt>
      <trkpt lat="48.98440380580723" lon="-120.79942784272134">
        <time>2005-09-25T13:33:12-07:00</time>
      </trkpt>
      <trkpt lat="48.98447463288903" lon="-120.79947218298912">
        <time>2005-09-25T13:33:18-07:00</time>
      </trkpt>
      <trkpt lat="48.984516290947795" lon="-120.79948618076742">
        <time>2005-09-25T13:33:22-07:00</time>
      </trkpt>
      <trkpt lat="48.984567169100046" lon="-120.79950931482017">
        <time>2005-09-25T13:33:25-07:00</time>
      </trkpt>
      <trkpt lat="48.98457504808903" lon="-120.79951199702919">
        <time>2005-09-25T13:33:29-07:00</time>
      </trkpt>
      <trkpt lat="48.98468032479286" lon="-120.79955315217376">
        <time>2005-09-25T13:33:30-07:00</time>
      </trkpt>
      <trkpt lat="48.98477545939386" lon="-120.79960872419178">
        <time>2005-09-25T13:33:33-07:00</time>
      </trkpt>
      <trkpt lat="48.984790463000536" lon="-120.79962087795138">
        <time>2005-09-25T13:33:37-07:00</time>
      </trkpt>
      <trkpt lat="48.98489523679018" lon="-120.79968173056841">
        <time>2005-09-25T13:33:41-07:00</time>
      </trkpt>
      <trkpt lat="48.98492004722357" lon="-120.7996854186058">
        <time>2005-09-25T13:33:44-07:00</time>
      </trkpt>
      <trkpt lat="48.984978972002864" lon="-120.79974073916674">
        <time>2005-09-25T13:33:45-07:00</time>
      </trkpt>
      <trkpt lat="48.985033789649606" lon="-120.79976814799011">
        <time>2005-09-25T13:33:48-07:00</time>
      </trkpt>
      <trkpt lat="48.98507787846029" lon="-120.79981206916273">
        <time>2005-09-25T13:33:50-07:00</time>
      </trkpt>
      <trkpt lat="48.98509154096246" lon="-120.79982187598944">
        <time>2005-09-25T13:33:54-07:00</time>
      </trkpt>
      <trkpt lat="48.9851548243314" lon="-120.79985842108727">
        <time>2005-09-25T13:34:01-07:00</time>
      </trkpt>
      <trkpt lat="48.98516924120486" lon="-120.79986663535237">
        <time>2005-09-25T13:34:09-07:00</time>
      </trkpt>
      <trkpt lat="48.98522959090769" lon="-120.79987141303718">
        <time>2005-09-25T13:34:21-07:00</time>
      </trkpt>
      <trkpt lat="48.9852552395314" lon="-120.79988197423518">
        <time>2005-09-25T13:34:23-07:00</time>
      </trkpt>
      <trkpt lat="48.98529631085694" lon="-120.7999087125063">
        <time>2005-09-25T13:34:29-07:00</time>
      </trkpt>
      <trkpt lat="48.985351296141744" lon="-120.79994249157608">
        <time>2005-09-25T13:34:31-07:00</time>
      </trkpt>
      <trkpt lat="48.985394882038236" lon="-120.79994944855571">
        <time>2005-09-25T13:34:34-07:00</time>
      </trkpt>
      <trkpt lat="48.98546151816845" lon="-120.7999758515507">
        <time>2005-09-25T13:34:38-07:00</time>
      </trkpt>
      <trkpt lat="48.98553184233606" lon="-120.80000552348793">
        <time>2005-09-25T13:34:42-07:00</time>
      </trkpt>
      <trkpt lat="48.98554692976177" lon="-120.8000173419714">
        <time>2005-09-25T13:34:44-07:00</time>
      </trkpt>
      <trkpt lat="48.98560359142721" lon="-120.80002832226455">
        <time>2005-09-25T13:34:50-07:00</time>
      </trkpt>
      <trkpt lat="48.98561582900584" lon="-120.80003041774035">
        <time>2005-09-25T13:35:00-07:00</time>
      </trkpt>
      <trkpt lat="48.98569478653371" lon="-120.8000501152128">
        <time>2005-09-25T13:35:07-07:00</time>
      </trkpt>
      <trkpt lat="48.98575144819915" lon="-120.80007685348392">
        <time>2005-09-25T13:35:09-07:00</time>
      </trkpt>
      <trkpt lat="48.985860999673605" lon="-120.80012119375169">
        <time>2005-09-25T13:35:15-07:00</time>
      </trkpt>
      <trkpt lat="48.985897125676274" lon="-120.80013376660645">
        <time>2005-09-25T13:35:17-07:00</time>
      </trkpt>
      <trkpt lat="48.98594632744789" lon="-120.80016712658107">
        <time>2005-09-25T13:35:23-07:00</time>
      </trkpt>
      <trkpt lat="48.985994188115" lon="-120.80019847489893">
        <time>2005-09-25T13:35:25-07:00</time>
      </trkpt>
      <trkpt lat="48.986039282754064" lon="-120.80020979046822">
        <time>2005-09-25T13:35:34-07:00</time>
      </trkpt>
      <trkpt lat="48.98609242402017" lon="-120.80020836554468">
        <time>2005-09-25T13:35:38-07:00</time>
      </trkpt>
      <trkpt lat="48.98610860109329" lon="-120.8002036716789">
        <time>2005-09-25T13:35:42-07:00</time>
      </trkpt>
      <trkpt lat="48.98620859719813" lon="-120.80020836554468">
        <time>2005-09-25T13:35:50-07:00</time>
      </trkpt>
      <trkpt lat="48.98624832741916" lon="-120.80021859146655">
        <time>2005-09-25T13:35:51-07:00</time>
      </trkpt>
      <trkpt lat="48.98628789000213" lon="-120.80022789537907">
        <time>2005-09-25T13:35:59-07:00</time>
      </trkpt>
      <trkpt lat="48.98631965741515" lon="-120.80023904331028">
        <time>2005-09-25T13:36:01-07:00</time>
      </trkpt>
      <trkpt lat="48.98639492690563" lon="-120.80026645213366">
        <time>2005-09-25T13:36:07-07:00</time>
      </trkpt>
      <trkpt lat="48.98649215698242" lon="-120.80032361671329">
        <time>2005-09-25T13:36:08-07:00</time>
      </trkpt>
      <trkpt lat="48.98650908842683" lon="-120.80033300444484">
        <time>2005-09-25T13:36:15-07:00</time>
      </trkpt>
      <trkpt lat="48.98654957301915" lon="-120.80036368221045">
        <time>2005-09-25T13:36:19-07:00</time>
      </trkpt>
      <trkpt lat="48.98658628575504" lon="-120.80038790591061">
        <time>2005-09-25T13:36:23-07:00</time>
      </trkpt>
      <trkpt lat="48.986625261604786" lon="-120.80040760338306">
        <time>2005-09-25T13:36:24-07:00</time>
      </trkpt>
      <trkpt lat="48.98670556023717" lon="-120.80043300054967">
        <time>2005-09-25T13:36:31-07:00</time>
      </trkpt>
      <trkpt lat="48.98682625964284" lon="-120.80049552954733">
        <time>2005-09-25T13:36:39-07:00</time>
      </trkpt>
      <trkpt lat="48.986846627667546" lon="-120.80050324089825">
        <time>2005-09-25T13:36:40-07:00</time>
      </trkpt>
      <trkpt lat="48.98691225796938" lon="-120.80053123645484">
        <time>2005-09-25T13:36:47-07:00</time>
      </trkpt>
      <trkpt lat="48.98695182055235" lon="-120.80053995363414">
        <time>2005-09-25T13:36:49-07:00</time>
      </trkpt>
      <trkpt lat="48.98704167455435" lon="-120.80056979320943">
        <time>2005-09-25T13:36:55-07:00</time>
      </trkpt>
      <trkpt lat="48.987106969580054" lon="-120.80059334635735">
        <time>2005-09-25T13:36:59-07:00</time>
      </trkpt>
      <trkpt lat="48.98717855103314" lon="-120.80062318593264">
        <time>2005-09-25T13:37:03-07:00</time>
      </trkpt>
      <trkpt lat="48.9871979970485" lon="-120.8006357587874">
        <time>2005-09-25T13:37:04-07:00</time>
      </trkpt>
      <trkpt lat="48.98725725710392" lon="-120.80065093003213">
        <time>2005-09-25T13:37:09-07:00</time>
      </trkpt>
      <trkpt lat="48.987292628735304" lon="-120.80066031776369">
        <time>2005-09-25T13:37:10-07:00</time>
      </trkpt>
      <trkpt lat="48.98733688518405" lon="-120.80067096278071">
        <time>2005-09-25T13:37:14-07:00</time>
      </trkpt>
      <trkpt lat="48.98734769783914" lon="-120.80068353563547">
        <time>2005-09-25T13:37:16-07:00</time>
      </trkpt>
      <trkpt lat="48.98742933757603" lon="-120.80070583149791">
        <time>2005-09-25T13:37:20-07:00</time>
      </trkpt>
      <trkpt lat="48.9875053614378" lon="-120.80075637437403">
        <time>2005-09-25T13:37:24-07:00</time>
      </trkpt>
      <trkpt lat="48.98751533590257" lon="-120.80076752230525">
        <time>2005-09-25T13:37:27-07:00</time>
      </trkpt>
      <trkpt lat="48.98756713606417" lon="-120.80079266801476">
        <time>2005-09-25T13:37:32-07:00</time>
      </trkpt>
      <trkpt lat="48.987629832699895" lon="-120.80082477070391">
        <time>2005-09-25T13:37:39-07:00</time>
      </trkpt>
      <trkpt lat="48.987662605941296" lon="-120.80084497109056">
        <time>2005-09-25T13:37:40-07:00</time>
      </trkpt>
      <trkpt lat="48.98768171668053" lon="-120.800851425156">
        <time>2005-09-25T13:37:44-07:00</time>
      </trkpt>
      <trkpt lat="48.98782161064446" lon="-120.80090766772628">
        <time>2005-09-25T13:37:45-07:00</time>
      </trkpt>
      <trkpt lat="48.98784155957401" lon="-120.80089853145182">
        <time>2005-09-25T13:37:50-07:00</time>
      </trkpt>
      <trkpt lat="48.98788263089955" lon="-120.80089752562344">
        <time>2005-09-25T13:37:54-07:00</time>
      </trkpt>
      <trkpt lat="48.98794624954462" lon="-120.80089459195733">
        <time>2005-09-25T13:38:01-07:00</time>
      </trkpt>
      <trkpt lat="48.98800140246749" lon="-120.8008913230151">
        <time>2005-09-25T13:38:04-07:00</time>
      </trkpt>
      <trkpt lat="48.98801271803677" lon="-120.80089677125216">
        <time>2005-09-25T13:38:08-07:00</time>
      </trkpt>
      <trkpt lat="48.98811028338969" lon="-120.80091554671526">
        <time>2005-09-25T13:38:12-07:00</time>
      </trkpt>
      <trkpt lat="48.98812000639737" lon="-120.80091437324882">
        <time>2005-09-25T13:38:15-07:00</time>
      </trkpt>
      <trkpt lat="48.988184966146946" lon="-120.80090498551726">
        <time>2005-09-25T13:38:19-07:00</time>
      </trkpt>
      <trkpt lat="48.98826769553125" lon="-120.80090515315533">
        <time>2005-09-25T13:38:20-07:00</time>
      </trkpt>
      <trkpt lat="48.988343719393015" lon="-120.80092795193195">
        <time>2005-09-25T13:38:26-07:00</time>
      </trkpt>
      <trkpt lat="48.98835335858166" lon="-120.80093021504581">
        <time>2005-09-25T13:38:30-07:00</time>
      </trkpt>
      <trkpt lat="48.98843047209084" lon="-120.80092694610357">
        <time>2005-09-25T13:38:33-07:00</time>
      </trkpt>
      <trkpt lat="48.988438937813044" lon="-120.80093222670257">
        <time>2005-09-25T13:38:35-07:00</time>
      </trkpt>
      <trkpt lat="48.98851169273257" lon="-120.80099425278604">
        <time>2005-09-25T13:38:41-07:00</time>
      </trkpt>
      <trkpt lat="48.98859467357397" lon="-120.8010721206665">
        <time>2005-09-25T13:38:50-07:00</time>
      </trkpt>
      <trkpt lat="48.988624261692166" lon="-120.80107228830457">
        <time>2005-09-25T13:38:51-07:00</time>
      </trkpt>
      <trkpt lat="48.98867120034993" lon="-120.80107865855098">
        <time>2005-09-25T13:38:55-07:00</time>
      </trkpt>
      <trkpt lat="48.988719899207354" lon="-120.80108284950256">
        <time>2005-09-25T13:38:58-07:00</time>
      </trkpt>
      <trkpt lat="48.98881654255092" lon="-120.80109030939639">
        <time>2005-09-25T13:39:01-07:00</time>
      </trkpt>
      <trkpt lat="48.98887982591987" lon="-120.80111101269722">
        <time>2005-09-25T13:39:07-07:00</time>
      </trkpt>
      <trkpt lat="48.988892398774624" lon="-120.80111964605749">
        <time>2005-09-25T13:39:16-07:00</time>
      </trkpt>
      <trkpt lat="48.98895509541035" lon="-120.80115409567952">
        <time>2005-09-25T13:39:17-07:00</time>
      </trkpt>
      <trkpt lat="48.988959453999996" lon="-120.80115761607885">
        <time>2005-09-25T13:39:22-07:00</time>
      </trkpt>
      <trkpt lat="48.98901276290417" lon="-120.80118016339839">
        <time>2005-09-25T13:39:26-07:00</time>
      </trkpt>
      <trkpt lat="48.989068418741226" lon="-120.80120262689888">
        <time>2005-09-25T13:39:33-07:00</time>
      </trkpt>
      <trkpt lat="48.989116279408336" lon="-120.80121201463044">
        <time>2005-09-25T13:39:37-07:00</time>
      </trkpt>
      <trkpt lat="48.989198338240385" lon="-120.80123984254897">
        <time>2005-09-25T13:39:42-07:00</time>
      </trkpt>
      <trkpt lat="48.98922013118863" lon="-120.801250487566">
        <time>2005-09-25T13:39:44-07:00</time>
      </trkpt>
      <trkpt lat="48.989253072068095" lon="-120.8012639824301">
        <time>2005-09-25T13:39:49-07:00</time>
      </trkpt>
      <trkpt lat="48.98932222276926" lon="-120.80129734240472">
        <time>2005-09-25T13:39:52-07:00</time>
      </trkpt>
      <trkpt lat="48.98935432545841" lon="-120.80131620168686">
        <time>2005-09-25T13:39:56-07:00</time>
      </trkpt>
      <trkpt lat="48.98944049142301" lon="-120.80135978758335">
        <time>2005-09-25T13:39:58-07:00</time>
      </trkpt>
      <trkpt lat="48.98951559327543" lon="-120.80135744065046">
        <time>2005-09-25T13:40:05-07:00</time>
      </trkpt>
      <trkpt lat="48.98954744450748" lon="-120.80134822055697">
        <time>2005-09-25T13:40:11-07:00</time>
      </trkpt>
      <trkpt lat="48.98960796184838" lon="-120.80133791081607">
        <time>2005-09-25T13:40:12-07:00</time>
      </trkpt>
      <trkpt lat="48.989701587706804" lon="-120.80135350115597">
        <time>2005-09-25T13:40:18-07:00</time>
      </trkpt>
      <trkpt lat="48.98977216333151" lon="-120.80138334073126">
        <time>2005-09-25T13:40:23-07:00</time>
      </trkpt>
      <trkpt lat="48.989792028442025" lon="-120.80139909870923">
        <time>2005-09-25T13:40:26-07:00</time>
      </trkpt>
      <trkpt lat="48.989875512197614" lon="-120.80141318030655">
        <time>2005-09-25T13:40:27-07:00</time>
      </trkpt>
      <trkpt lat="48.98990258574486" lon="-120.80141016282141">
        <time>2005-09-25T13:40:37-07:00</time>
      </trkpt>
      <trkpt lat="48.98996536619961" lon="-120.8014053851366">
        <time>2005-09-25T13:40:40-07:00</time>
      </trkpt>
      <trkpt lat="48.98999302648008" lon="-120.80140647478402">
        <time>2005-09-25T13:40:44-07:00</time>
      </trkpt>
      <trkpt lat="48.99002990685403" lon="-120.8014122582972">
        <time>2005-09-25T13:40:49-07:00</time>
      </trkpt>
      <trkpt lat="48.99005463346839" lon="-120.8014156948775">
        <time>2005-09-25T13:40:53-07:00</time>
      </trkpt>
      <trkpt lat="48.99011481553316" lon="-120.80141527578235">
        <time>2005-09-25T13:40:54-07:00</time>
      </trkpt>
      <trkpt lat="48.990191258490086" lon="-120.80142365768552">
        <time>2005-09-25T13:41:01-07:00</time>
      </trkpt>
      <trkpt lat="48.99024724960327" lon="-120.80144628882408">
        <time>2005-09-25T13:41:02-07:00</time>
      </trkpt>
      <trkpt lat="48.99032386019826" lon="-120.8015124220401">
        <time>2005-09-25T13:41:07-07:00</time>
      </trkpt>
      <trkpt lat="48.9903474971652" lon="-120.80152097158134">
        <time>2005-09-25T13:41:13-07:00</time>
      </trkpt>
      <trkpt lat="48.99039619602263" lon="-120.80151812173426">
        <time>2005-09-25T13:41:20-07:00</time>
      </trkpt>
      <trkpt lat="48.990488816052675" lon="-120.80145986750722">
        <time>2005-09-25T13:41:21-07:00</time>
      </trkpt>
      <trkpt lat="48.99049585685134" lon="-120.8014524076134">
        <time>2005-09-25T13:41:27-07:00</time>
      </trkpt>
      <trkpt lat="48.99054723791778" lon="-120.80139130353928">
        <time>2005-09-25T13:41:28-07:00</time>
      </trkpt>
      <trkpt lat="48.99055855348706" lon="-120.80138350836933">
        <time>2005-09-25T13:41:34-07:00</time>
      </trkpt>
      <trkpt lat="48.99062133394182" lon="-120.80137412063777">
        <time>2005-09-25T13:41:42-07:00</time>
      </trkpt>
      <trkpt lat="48.99066877551377" lon="-120.80135626718402">
        <time>2005-09-25T13:41:46-07:00</time>
      </trkpt>
      <trkpt lat="48.990676905959845" lon="-120.80134939402342">
        <time>2005-09-25T13:41:49-07:00</time>
      </trkpt>
      <trkpt lat="48.99078520014882" lon="-120.80130220390856">
        <time>2005-09-25T13:41:52-07:00</time>
      </trkpt>
      <trkpt lat="48.990834737196565" lon="-120.8012745436281">
        <time>2005-09-25T13:41:59-07:00</time>
      </trkpt>
      <trkpt lat="48.99085124954581" lon="-120.80126121640205">
        <time>2005-09-25T13:42:04-07:00</time>
      </trkpt>
      <trkpt lat="48.99085845798254" lon="-120.80125082284212">
        <time>2005-09-25T13:42:05-07:00</time>
      </trkpt>
      <trkpt lat="48.990917885676026" lon="-120.8012172114104">
        <time>2005-09-25T13:42:11-07:00</time>
      </trkpt>
      <trkpt lat="48.99095359258354" lon="-120.8012256771326">
        <time>2005-09-25T13:42:12-07:00</time>
      </trkpt>
      <trkpt lat="48.9910504873842" lon="-120.80125777982175">
        <time>2005-09-25T13:42:18-07:00</time>
      </trkpt>
      <trkpt lat="48.99107621982694" lon="-120.80125132575631">
        <time>2005-09-25T13:42:22-07:00</time>
      </trkpt>
      <trkpt lat="48.9910972584039" lon="-120.80124562606215">
        <time>2005-09-25T13:42:26-07:00</time>
      </trkpt>
      <trkpt lat="48.99113983847201" lon="-120.80123011954129">
        <time>2005-09-25T13:42:32-07:00</time>
      </trkpt>
      <trkpt lat="48.99118283763528" lon="-120.8012275211513">
        <time>2005-09-25T13:42:34-07:00</time>
      </trkpt>
      <trkpt lat="48.99120211601257" lon="-120.80123221501708">
        <time>2005-09-25T13:42:36-07:00</time>
      </trkpt>
      <trkpt lat="48.991224160417914" lon="-120.80122928135097">
        <time>2005-09-25T13:42:41-07:00</time>
      </trkpt>
      <trkpt lat="48.99126632139087" lon="-120.80120463855565">
        <time>2005-09-25T13:42:44-07:00</time>
      </trkpt>
      <trkpt lat="48.99127612821758" lon="-120.80118460580707">
        <time>2005-09-25T13:42:51-07:00</time>
      </trkpt>
      <trkpt lat="48.991337064653635" lon="-120.80116683617234">
        <time>2005-09-25T13:42:56-07:00</time>
      </trkpt>
      <trkpt lat="48.9914183691144" lon="-120.80117873847485">
        <time>2005-09-25T13:42:58-07:00</time>
      </trkpt>
      <trkpt lat="48.9915132522583" lon="-120.80121687613428">
        <time>2005-09-25T13:43:02-07:00</time>
      </trkpt>
      <trkpt lat="48.991620456799865" lon="-120.80123255029321">
        <time>2005-09-25T13:43:08-07:00</time>
      </trkpt>
      <trkpt lat="48.99164652451873" lon="-120.80122861079872">
        <time>2005-09-25T13:43:13-07:00</time>
      </trkpt>
      <trkpt lat="48.991704946383834" lon="-120.80125627107918">
        <time>2005-09-25T13:43:15-07:00</time>
      </trkpt>
      <trkpt lat="48.99172288365662" lon="-120.8012550137937">
        <time>2005-09-25T13:43:23-07:00</time>
      </trkpt>
      <trkpt lat="48.991768062114716" lon="-120.80121369101107">
        <time>2005-09-25T13:43:25-07:00</time>
      </trkpt>
      <trkpt lat="48.99180234409869" lon="-120.8011619746685">
        <time>2005-09-25T13:43:30-07:00</time>
      </trkpt>
      <trkpt lat="48.991852132603526" lon="-120.8010916505009">
        <time>2005-09-25T13:43:33-07:00</time>
      </trkpt>
      <trkpt lat="48.99187962524593" lon="-120.80103448592126">
        <time>2005-09-25T13:43:36-07:00</time>
      </trkpt>
      <trkpt lat="48.991903429850936" lon="-120.8009719569236">
        <time>2005-09-25T13:43:38-07:00</time>
      </trkpt>
      <trkpt lat="48.99192648008466" lon="-120.80094496719539">
        <time>2005-09-25T13:43:42-07:00</time>
      </trkpt>
      <trkpt lat="48.9919363707304" lon="-120.80094069242477">
        <time>2005-09-25T13:43:47-07:00</time>
      </trkpt>
      <trkpt lat="48.99201490916312" lon="-120.80094412900507">
        <time>2005-09-25T13:43:51-07:00</time>
      </trkpt>
      <trkpt lat="48.99207559414208" lon="-120.800970364362">
        <time>2005-09-25T13:43:58-07:00</time>
      </trkpt>
      <trkpt lat="48.992136027663946" lon="-120.80100489780307">
        <time>2005-09-25T13:44:00-07:00</time>
      </trkpt>
      <trkpt lat="48.99220257997513" lon="-120.80101964995265">
        <time>2005-09-25T13:44:05-07:00</time>
      </trkpt>
      <trkpt lat="48.99222889915109" lon="-120.8010086696595">
        <time>2005-09-25T13:44:13-07:00</time>
      </trkpt>
      <trkpt lat="48.992296289652586" lon="-120.80100280232728">
        <time>2005-09-25T13:44:14-07:00</time>
      </trkpt>
      <trkpt lat="48.99231011979282" lon="-120.80100481398404">
        <time>2005-09-25T13:44:20-07:00</time>
      </trkpt>
      <trkpt lat="48.99240483529866" lon="-120.80100456252694">
        <time>2005-09-25T13:44:21-07:00</time>
      </trkpt>
      <trkpt lat="48.992414977401495" lon="-120.80100632272661">
        <time>2005-09-25T13:44:26-07:00</time>
      </trkpt>
      <trkpt lat="48.99248572066426" lon="-120.80101202242076">
        <time>2005-09-25T13:44:30-07:00</time>
      </trkpt>
      <trkpt lat="48.992500472813845" lon="-120.80101621337235">
        <time>2005-09-25T13:44:31-07:00</time>
      </trkpt>
      <trkpt lat="48.99258814752102" lon="-120.80101219005883">
        <time>2005-09-25T13:44:39-07:00</time>
      </trkpt>
      <trkpt lat="48.99265595711768" lon="-120.80098838545382">
        <time>2005-09-25T13:44:44-07:00</time>
      </trkpt>
      <trkpt lat="48.992673894390464" lon="-120.80098201520741">
        <time>2005-09-25T13:44:46-07:00</time>
      </trkpt>
      <trkpt lat="48.9927479904145" lon="-120.80094907432795">
        <time>2005-09-25T13:44:47-07:00</time>
      </trkpt>
      <trkpt lat="48.99283004924655" lon="-120.80094438046217">
        <time>2005-09-25T13:44:51-07:00</time>
      </trkpt>
      <trkpt lat="48.99284421466291" lon="-120.80093725584447">
        <time>2005-09-25T13:44:54-07:00</time>
      </trkpt>
      <trkpt lat="48.99294236674905" lon="-120.80091873183846">
        <time>2005-09-25T13:45:00-07:00</time>
      </trkpt>
      <trkpt lat="48.99297111667693" lon="-120.8009135350585">
        <time>2005-09-25T13:45:02-07:00</time>
      </trkpt>
      <trkpt lat="48.993026185780764" lon="-120.80090582370758">
        <time>2005-09-25T13:45:04-07:00</time>
      </trkpt>
      <trkpt lat="48.99314722046256" lon="-120.80089434050024">
        <time>2005-09-25T13:45:08-07:00</time>
      </trkpt>
      <trkpt lat="48.99322441779077" lon="-120.80089811235666">
        <time>2005-09-25T13:45:13-07:00</time>
      </trkpt>
      <trkpt lat="48.99324947968125" lon="-120.80089727416635">
        <time>2005-09-25T13:45:15-07:00</time>
      </trkpt>
      <trkpt lat="48.993365820497274" lon="-120.80088813789189">
        <time>2005-09-25T13:45:17-07:00</time>
      </trkpt>
      <trkpt lat="48.9933957438916" lon="-120.80088688060641">
        <time>2005-09-25T13:45:20-07:00</time>
      </trkpt>
      <trkpt lat="48.993428433313966" lon="-120.80088436603546">
        <time>2005-09-25T13:45:22-07:00</time>
      </trkpt>
      <trkpt lat="48.99351703003049" lon="-120.80086366273463">
        <time>2005-09-25T13:45:27-07:00</time>
      </trkpt>
      <trkpt lat="48.993549635633826" lon="-120.80085167661309">
        <time>2005-09-25T13:45:33-07:00</time>
      </trkpt>
      <trkpt lat="48.99365667253733" lon="-120.80076534301043">
        <time>2005-09-25T13:45:41-07:00</time>
      </trkpt>
      <trkpt lat="48.993699587881565" lon="-120.80068839713931">
        <time>2005-09-25T13:45:49-07:00</time>
      </trkpt>
      <trkpt lat="48.99370511993766" lon="-120.80070490948856">
        <time>2005-09-25T13:45:51-07:00</time>
      </trkpt>
      <trkpt lat="48.99370780214667" lon="-120.80071069300175">
        <time>2005-09-25T13:45:56-07:00</time>
      </trkpt>
      <trkpt lat="48.99375800974667" lon="-120.80074824392796">
        <time>2005-09-25T13:45:57-07:00</time>
      </trkpt>
      <trkpt lat="48.99376907385886" lon="-120.80075134523213">
        <time>2005-09-25T13:46:00-07:00</time>
      </trkpt>
      <trkpt lat="48.99383160285652" lon="-120.80077749677002">
        <time>2005-09-25T13:46:03-07:00</time>
      </trkpt>
      <trkpt lat="48.99387133307755" lon="-120.80077565275133">
        <time>2005-09-25T13:46:08-07:00</time>
      </trkpt>
      <trkpt lat="48.9938841573894" lon="-120.80077364109457">
        <time>2005-09-25T13:46:11-07:00</time>
      </trkpt>
      <trkpt lat="48.99393151514232" lon="-120.80076609738171">
        <time>2005-09-25T13:46:15-07:00</time>
      </trkpt>
      <trkpt lat="48.99398574605584" lon="-120.80075377598405">
        <time>2005-09-25T13:46:18-07:00</time>
      </trkpt>
      <trkpt lat="48.99402002803981" lon="-120.80074715428054">
        <time>2005-09-25T13:46:19-07:00</time>
      </trkpt>
      <trkpt lat="48.99404441937804" lon="-120.80074447207153">
        <time>2005-09-25T13:46:25-07:00</time>
      </trkpt>
      <trkpt lat="48.994108624756336" lon="-120.80073667690158">
        <time>2005-09-25T13:46:30-07:00</time>
      </trkpt>
      <trkpt lat="48.994147600606084" lon="-120.8007301390171">
        <time>2005-09-25T13:46:35-07:00</time>
      </trkpt>
      <trkpt lat="48.99424474686384" lon="-120.80071706324816">
        <time>2005-09-25T13:46:41-07:00</time>
      </trkpt>
      <trkpt lat="48.994263019412756" lon="-120.80071563832462">
        <time>2005-09-25T13:46:43-07:00</time>
      </trkpt>
      <trkpt lat="48.994359662756324" lon="-120.80069024115801">
        <time>2005-09-25T13:46:47-07:00</time>
      </trkpt>
      <trkpt lat="48.99444792419672" lon="-120.80065277405083">
        <time>2005-09-25T13:46:48-07:00</time>
      </trkpt>
      <trkpt lat="48.9944732375443" lon="-120.80064682289958">
        <time>2005-09-25T13:46:55-07:00</time>
      </trkpt>
      <trkpt lat="48.99452654644847" lon="-120.80065193586051">
        <time>2005-09-25T13:46:56-07:00</time>
      </trkpt>
      <trkpt lat="48.99458220228553" lon="-120.80066048540175">
        <time>2005-09-25T13:47:02-07:00</time>
      </trkpt>
      <trkpt lat="48.99460072629154" lon="-120.80066107213497">
        <time>2005-09-25T13:47:03-07:00</time>
      </trkpt>
      <trkpt lat="48.99466694332659" lon="-120.80065889284015">
        <time>2005-09-25T13:47:08-07:00</time>
      </trkpt>
      <trkpt lat="48.994675828143954" lon="-120.80065964721143">
        <time>2005-09-25T13:47:14-07:00</time>
      </trkpt>
      <trkpt lat="48.994750175625086" lon="-120.80067104659975">
        <time>2005-09-25T13:47:16-07:00</time>
      </trkpt>
      <trkpt lat="48.99487154558301" lon="-120.80065713264048">
        <time>2005-09-25T13:47:22-07:00</time>
      </trkpt>
      <trkpt lat="48.99489115923643" lon="-120.80064967274666">
        <time>2005-09-25T13:47:28-07:00</time>
      </trkpt>
      <trkpt lat="48.994967518374324" lon="-120.80061044543982">
        <time>2005-09-25T13:47:29-07:00</time>
      </trkpt>
      <trkpt lat="48.99499819613993" lon="-120.80059896223247">
        <time>2005-09-25T13:47:36-07:00</time>
      </trkpt>
      <trkpt lat="48.995031556114554" lon="-120.80060550011694">
        <time>2005-09-25T13:47:38-07:00</time>
      </trkpt>
      <trkpt lat="48.99505720473826" lon="-120.80061505548656">
        <time>2005-09-25T13:47:42-07:00</time>
      </trkpt>
      <trkpt lat="48.99515091441572" lon="-120.80064095556736">
        <time>2005-09-25T13:47:51-07:00</time>
      </trkpt>
      <trkpt lat="48.99519617669284" lon="-120.80064305104315">
        <time>2005-09-25T13:47:57-07:00</time>
      </trkpt>
      <trkpt lat="48.99527823552489" lon="-120.80063156783581">
        <time>2005-09-25T13:47:59-07:00</time>
      </trkpt>
      <trkpt lat="48.99529231712222" lon="-120.8006265386939">
        <time>2005-09-25T13:48:06-07:00</time>
      </trkpt>
      <trkpt lat="48.99535928852856" lon="-120.80060885287821">
        <time>2005-09-25T13:48:09-07:00</time>
      </trkpt>
      <trkpt lat="48.995416201651096" lon="-120.80060927197337">
        <time>2005-09-25T13:48:13-07:00</time>
      </trkpt>
      <trkpt lat="48.99543707258999" lon="-120.80061111599207">
        <time>2005-09-25T13:48:20-07:00</time>
      </trkpt>
      <trkpt lat="48.99551720358431" lon="-120.80063056200743">
        <time>2005-09-25T13:48:22-07:00</time>
      </trkpt>
      <trkpt lat="48.995571518316865" lon="-120.80063374713063">
        <time>2005-09-25T13:48:29-07:00</time>
      </trkpt>
      <trkpt lat="48.99563102982938" lon="-120.80062184482813">
        <time>2005-09-25T13:48:34-07:00</time>
      </trkpt>
      <trkpt lat="48.9957338757813" lon="-120.8006006386131">
        <time>2005-09-25T13:48:36-07:00</time>
      </trkpt>
      <trkpt lat="48.99574385024607" lon="-120.80060306936502">
        <time>2005-09-25T13:48:37-07:00</time>
      </trkpt>
      <trkpt lat="48.99577930569649" lon="-120.8006114512682">
        <time>2005-09-25T13:48:44-07:00</time>
      </trkpt>
      <trkpt lat="48.99578928016126" lon="-120.8006027340889">
        <time>2005-09-25T13:48:45-07:00</time>
      </trkpt>
      <trkpt lat="48.995811911299825" lon="-120.80057884566486">
        <time>2005-09-25T13:48:50-07:00</time>
      </trkpt>
      <trkpt lat="48.995823645964265" lon="-120.80057767219841">
        <time>2005-09-25T13:48:53-07:00</time>
      </trkpt>
      <trkpt lat="48.99582339450717" lon="-120.80058152787387">
        <time>2005-09-25T13:48:54-07:00</time>
      </trkpt>
      <trkpt lat="48.9958271663636" lon="-120.80063081346452">
        <time>2005-09-25T13:48:57-07:00</time>
      </trkpt>
      <trkpt lat="48.99585566483438" lon="-120.80068269744515">
        <time>2005-09-25T13:49:00-07:00</time>
      </trkpt>
      <trkpt lat="48.99590612389147" lon="-120.80073818564415">
        <time>2005-09-25T13:49:04-07:00</time>
      </trkpt>
      <trkpt lat="48.99593428708613" lon="-120.80073148012161">
        <time>2005-09-25T13:49:07-07:00</time>
      </trkpt>
      <trkpt lat="48.99594258517027" lon="-120.80071790143847">
        <time>2005-09-25T13:49:12-07:00</time>
      </trkpt>
      <trkpt lat="48.99603805504739" lon="-120.80073181539774">
        <time>2005-09-25T13:49:14-07:00</time>
      </trkpt>
      <trkpt lat="48.996116844937205" lon="-120.80073022283614">
        <time>2005-09-25T13:49:24-07:00</time>
      </trkpt>
      <trkpt lat="48.99612497538328" lon="-120.80073340795934">
        <time>2005-09-25T13:49:26-07:00</time>
      </trkpt>
      <trkpt lat="48.99626520462334" lon="-120.80075846984982">
        <time>2005-09-25T13:49:32-07:00</time>
      </trkpt>
      <trkpt lat="48.99629479274154" lon="-120.80076266080141">
        <time>2005-09-25T13:49:38-07:00</time>
      </trkpt>
      <trkpt lat="48.99634684436023" lon="-120.80074648372829">
        <time>2005-09-25T13:49:40-07:00</time>
      </trkpt>
      <trkpt lat="48.996357657015324" lon="-120.80074002966285">
        <time>2005-09-25T13:49:44-07:00</time>
      </trkpt>
      <trkpt lat="48.99644591845572" lon="-120.8007253613323">
        <time>2005-09-25T13:49:48-07:00</time>
      </trkpt>
      <trkpt lat="48.996471064165235" lon="-120.8007216732949">
        <time>2005-09-25T13:49:50-07:00</time>
      </trkpt>
      <trkpt lat="48.99660668335855" lon="-120.80070021562278">
        <time>2005-09-25T13:49:57-07:00</time>
      </trkpt>
      <trkpt lat="48.99667248129845" lon="-120.80069267190993">
        <time>2005-09-25T13:49:58-07:00</time>
      </trkpt>
      <trkpt lat="48.99671606719494" lon="-120.80070541240275">
        <time>2005-09-25T13:50:04-07:00</time>
      </trkpt>
      <trkpt lat="48.99672738276422" lon="-120.80070784315467">
        <time>2005-09-25T13:50:10-07:00</time>
      </trkpt>
      <trkpt lat="48.99679686874151" lon="-120.80071186646819">
        <time>2005-09-25T13:50:11-07:00</time>
      </trkpt>
      <trkpt lat="48.99683349765837" lon="-120.80069543793797">
        <time>2005-09-25T13:50:18-07:00</time>
      </trkpt>
      <trkpt lat="48.99685864336789" lon="-120.80067766830325">
        <time>2005-09-25T13:50:21-07:00</time>
      </trkpt>
      <trkpt lat="48.99686702527106" lon="-120.80066752620041">
        <time>2005-09-25T13:50:25-07:00</time>
      </trkpt>
      <trkpt lat="48.99689351208508" lon="-120.80065394751728">
        <time>2005-09-25T13:50:27-07:00</time>
      </trkpt>
      <trkpt lat="48.99692963808775" lon="-120.80062896944582">
        <time>2005-09-25T13:50:34-07:00</time>
      </trkpt>
      <trkpt lat="48.99697992950678" lon="-120.80058831721544">
        <time>2005-09-25T13:50:37-07:00</time>
      </trkpt>
      <trkpt lat="48.99700499139726" lon="-120.80055889673531">
        <time>2005-09-25T13:50:44-07:00</time>
      </trkpt>
      <trkpt lat="48.99705360643566" lon="-120.80052880570292">
        <time>2005-09-25T13:50:45-07:00</time>
      </trkpt>
      <trkpt lat="48.99709241464734" lon="-120.80050977878273">
        <time>2005-09-25T13:50:49-07:00</time>
      </trkpt>
      <trkpt lat="48.99718042463064" lon="-120.80046736635268">
        <time>2005-09-25T13:50:53-07:00</time>
      </trkpt>
      <trkpt lat="48.997196182608604" lon="-120.80044465139508">
        <time>2005-09-25T13:50:55-07:00</time>
      </trkpt>
      <trkpt lat="48.99727321229875" lon="-120.80037357285619">
        <time>2005-09-25T13:51:01-07:00</time>
      </trkpt>
      <trkpt lat="48.9972860366106" lon="-120.8003656938672">
        <time>2005-09-25T13:51:05-07:00</time>
      </trkpt>
      <trkpt lat="48.99733272381127" lon="-120.80035764724016">
        <time>2005-09-25T13:51:09-07:00</time>
      </trkpt>
      <trkpt lat="48.99737421423197" lon="-120.80034825950861">
        <time>2005-09-25T13:51:16-07:00</time>
      </trkpt>
      <trkpt lat="48.99743397720158" lon="-120.80034147016704">
        <time>2005-09-25T13:51:17-07:00</time>
      </trkpt>
      <trkpt lat="48.99744235910475" lon="-120.80034390091896">
        <time>2005-09-25T13:51:21-07:00</time>
      </trkpt>
      <trkpt lat="48.997482005506754" lon="-120.80032914876938">
        <time>2005-09-25T13:51:22-07:00</time>
      </trkpt>
      <trkpt lat="48.99751100689173" lon="-120.80031682737172">
        <time>2005-09-25T13:51:24-07:00</time>
      </trkpt>
      <trkpt lat="48.997537828981876" lon="-120.80030685290694">
        <time>2005-09-25T13:51:29-07:00</time>
      </trkpt>
      <trkpt lat="48.99763229303062" lon="-120.80026494339108">
        <time>2005-09-25T13:51:30-07:00</time>
      </trkpt>
      <trkpt lat="48.997699515894055" lon="-120.80024139024317">
        <time>2005-09-25T13:51:34-07:00</time>
      </trkpt>
      <trkpt lat="48.99770814925432" lon="-120.80023895949125">
        <time>2005-09-25T13:51:37-07:00</time>
      </trkpt>
      <trkpt lat="48.99777193553746" lon="-120.8002351038158">
        <time>2005-09-25T13:51:43-07:00</time>
      </trkpt>
      <trkpt lat="48.99787402711809" lon="-120.80022596754134">
        <time>2005-09-25T13:51:47-07:00</time>
      </trkpt>
      <trkpt lat="48.99789221584797" lon="-120.80022035166621">
        <time>2005-09-25T13:51:49-07:00</time>
      </trkpt>
      <trkpt lat="48.99795725941658" lon="-120.80019663088024">
        <time>2005-09-25T13:51:58-07:00</time>
      </trkpt>
      <trkpt lat="48.99797829799354" lon="-120.8001867402345">
        <time>2005-09-25T13:52:05-07:00</time>
      </trkpt>
      <trkpt lat="48.99802649393678" lon="-120.80017014406621">
        <time>2005-09-25T13:52:06-07:00</time>
      </trkpt>
      <trkpt lat="48.99804325774312" lon="-120.80017098225653">
        <time>2005-09-25T13:52:15-07:00</time>
      </trkpt>
      <trkpt lat="48.99812347255647" lon="-120.80017014406621">
        <time>2005-09-25T13:52:17-07:00</time>
      </trkpt>
      <trkpt lat="48.99813495576382" lon="-120.80016519874334">
        <time>2005-09-25T13:52:22-07:00</time>
      </trkpt>
      <trkpt lat="48.99819924496114" lon="-120.80015254206955">
        <time>2005-09-25T13:52:23-07:00</time>
      </trkpt>
      <trkpt lat="48.998222881928086" lon="-120.80014399252832">
        <time>2005-09-25T13:52:31-07:00</time>
      </trkpt>
      <trkpt lat="48.99827962741256" lon="-120.80013183876872">
        <time>2005-09-25T13:52:33-07:00</time>
      </trkpt>
      <trkpt lat="48.99830091744661" lon="-120.80013359896839">
        <time>2005-09-25T13:52:41-07:00</time>
      </trkpt>
      <trkpt lat="48.99836478754878" lon="-120.80012664198875">
        <time>2005-09-25T13:52:46-07:00</time>
      </trkpt>
      <trkpt lat="48.99836671538651" lon="-120.80012873746455">
        <time>2005-09-25T13:52:50-07:00</time>
      </trkpt>
      <trkpt lat="48.99847475811839" lon="-120.80012530088425">
        <time>2005-09-25T13:52:51-07:00</time>
      </trkpt>
      <trkpt lat="48.99851281195879" lon="-120.80011121928692">
        <time>2005-09-25T13:52:57-07:00</time>
      </trkpt>
      <trkpt lat="48.99855740368366" lon="-120.80009655095637">
        <time>2005-09-25T13:53:00-07:00</time>
      </trkpt>
      <trkpt lat="48.998641055077314" lon="-120.8000739198178">
        <time>2005-09-25T13:53:02-07:00</time>
      </trkpt>
      <trkpt lat="48.9986573997885" lon="-120.80006838776171">
        <time>2005-09-25T13:53:03-07:00</time>
      </trkpt>
      <trkpt lat="48.99875320494175" lon="-120.80007224343717">
        <time>2005-09-25T13:53:07-07:00</time>
      </trkpt>
      <trkpt lat="48.99879871867597" lon="-120.80006486736238">
        <time>2005-09-25T13:53:11-07:00</time>
      </trkpt>
      <trkpt lat="48.998846746981144" lon="-120.80007023178041">
        <time>2005-09-25T13:53:15-07:00</time>
      </trkpt>
      <trkpt lat="48.998858481645584" lon="-120.80006930977106">
        <time>2005-09-25T13:53:18-07:00</time>
      </trkpt>
      <trkpt lat="48.99894925765693" lon="-120.80005950294435">
        <time>2005-09-25T13:53:22-07:00</time>
      </trkpt>
      <trkpt lat="48.99898689240217" lon="-120.80004961229861">
        <time>2005-09-25T13:53:25-07:00</time>
      </trkpt>
      <trkpt lat="48.999064173549414" lon="-120.80003779381514">
        <time>2005-09-25T13:53:32-07:00</time>
      </trkpt>
      <trkpt lat="48.99910197593272" lon="-120.80002631060779">
        <time>2005-09-25T13:53:34-07:00</time>
      </trkpt>
      <trkpt lat="48.99914153851569" lon="-120.80001683905721">
        <time>2005-09-25T13:53:42-07:00</time>
      </trkpt>
      <trkpt lat="48.99917053990066" lon="-120.80000233836472">
        <time>2005-09-25T13:53:43-07:00</time>
      </trkpt>
      <trkpt lat="48.999208929017186" lon="-120.80000108107924">
        <time>2005-09-25T13:53:46-07:00</time>
      </trkpt>
      <trkpt lat="48.99922326207161" lon="-120.7999999076128">
        <time>2005-09-25T13:53:49-07:00</time>
      </trkpt>
      <trkpt lat="48.99928671307862" lon="-120.7999824732542">
        <time>2005-09-25T13:53:55-07:00</time>
      </trkpt>
      <trkpt lat="48.99933851324022" lon="-120.79997157678008">
        <time>2005-09-25T13:53:56-07:00</time>
      </trkpt>
      <trkpt lat="48.99938645772636" lon="-120.79998121596873">
        <time>2005-09-25T13:54:00-07:00</time>
      </trkpt>
      <trkpt lat="48.99946239776909" lon="-120.80002656206489">
        <time>2005-09-25T13:54:02-07:00</time>
      </trkpt>
      <trkpt lat="48.999473210424185" lon="-120.80002957955003">
        <time>2005-09-25T13:54:04-07:00</time>
      </trkpt>
      <trkpt lat="48.99953020736575" lon="-120.80006738193333">
        <time>2005-09-25T13:54:11-07:00</time>
      </trkpt>
      <trkpt lat="48.99957563728094" lon="-120.80011239275336">
        <time>2005-09-25T13:54:17-07:00</time>
      </trkpt>
      <trkpt lat="48.999618384987116" lon="-120.80011993646622">
        <time>2005-09-25T13:54:18-07:00</time>
      </trkpt>
      <trkpt lat="48.99971477687359" lon="-120.80014399252832">
        <time>2005-09-25T13:54:24-07:00</time>
      </trkpt>
      <trkpt lat="48.999770851805806" lon="-120.80013921484351">
        <time>2005-09-25T13:54:31-07:00</time>
      </trkpt>
      <trkpt lat="48.99979759007692" lon="-120.80014558508992">
        <time>2005-09-25T13:54:32-07:00</time>
      </trkpt>
      <trkpt lat="48.999890545383096" lon="-120.80016167834401">
        <time>2005-09-25T13:54:37-07:00</time>
      </trkpt>
      <trkpt lat="48.99990831501782" lon="-120.80016134306788">
        <time>2005-09-25T13:54:39-07:00</time>
      </trkpt>
      <trkpt lat="48.9999679941684" lon="-120.80014592036605">
        <time>2005-09-25T13:54:43-07:00</time>
      </trkpt>
      <trkpt lat="49.0000147651881" lon="-120.80012789927423">
        <time>2005-09-25T13:54:45-07:00</time>
      </trkpt>
      <trkpt lat="49.0000319480896" lon="-120.8001175057143">
        <time>2005-09-25T13:54:51-07:00</time>
      </trkpt>
      <trkpt lat="49.00007947348058" lon="-120.80009839497507">
        <time>2005-09-25T13:54:52-07:00</time>
      </trkpt>
      <trkpt lat="49.00008165277541" lon="-120.80009940080345">
        <time>2005-09-25T13:54:56-07:00</time>
      </trkpt>
      <trkpt lat="49.00008341297507" lon="-120.80010459758341">
        <time>2005-09-25T13:54:58-07:00</time>
      </trkpt>
      <trkpt lat="49.00006799027324" lon="-120.80018246546388">
        <time>2005-09-25T13:55:03-07:00</time>
      </trkpt>
      <trkpt lat="49.00001912377775" lon="-120.80022420734167">
        <time>2005-09-25T13:55:06-07:00</time>
      </trkpt>
      <trkpt lat="48.999992134049535" lon="-120.80025220289826">
        <time>2005-09-25T13:55:10-07:00</time>
      </trkpt>
      <trkpt lat="48.99990823119879" lon="-120.80034398473799">
        <time>2005-09-25T13:55:11-07:00</time>
      </trkpt>
      <trkpt lat="48.9998712670058" lon="-120.80037826672196">
        <time>2005-09-25T13:55:18-07:00</time>
      </trkpt>
      <trkpt lat="48.999838242307305" lon="-120.8004024066031">
        <time>2005-09-25T13:55:21-07:00</time>
      </trkpt>
      <trkpt lat="48.99977462366223" lon="-120.8004491776228">
        <time>2005-09-25T13:55:25-07:00</time>
      </trkpt>
      <trkpt lat="48.999747298657894" lon="-120.80046468414366">
        <time>2005-09-25T13:55:31-07:00</time>
      </trkpt>
      <trkpt lat="48.99968761950731" lon="-120.80050558783114">
        <time>2005-09-25T13:55:32-07:00</time>
      </trkpt>
      <trkpt lat="48.99965995922685" lon="-120.80052897334099">
        <time>2005-09-25T13:55:39-07:00</time>
      </trkpt>
      <trkpt lat="48.99964948184788" lon="-120.8005401212722">
        <time>2005-09-25T13:55:43-07:00</time>
      </trkpt>
      <trkpt lat="48.99955350905657" lon="-120.80062989145517">
        <time>2005-09-25T13:55:47-07:00</time>
      </trkpt>
      <trkpt lat="48.99952685460448" lon="-120.80064305104315">
        <time>2005-09-25T13:55:48-07:00</time>
      </trkpt>
      <trkpt lat="48.999493746086955" lon="-120.80066769383848">
        <time>2005-09-25T13:55:54-07:00</time>
      </trkpt>
      <trkpt lat="48.99944714270532" lon="-120.8006923366338">
        <time>2005-09-25T13:55:56-07:00</time>
      </trkpt>
      <trkpt lat="48.99939391762018" lon="-120.80072024837136">
        <time>2005-09-25T13:56:03-07:00</time>
      </trkpt>
      <trkpt lat="48.99933943524957" lon="-120.8007528539747">
        <time>2005-09-25T13:56:06-07:00</time>
      </trkpt>
      <trkpt lat="48.99929526261985" lon="-120.80080616287887">
        <time>2005-09-25T13:56:09-07:00</time>
      </trkpt>
      <trkpt lat="48.99929174222052" lon="-120.80083876848221">
        <time>2005-09-25T13:56:11-07:00</time>
      </trkpt>
      <trkpt lat="48.99930104613304" lon="-120.80089308321476">
        <time>2005-09-25T13:56:15-07:00</time>
      </trkpt>
      <trkpt lat="48.99931403808296" lon="-120.80090817064047">
        <time>2005-09-25T13:56:16-07:00</time>
      </trkpt>
      <trkpt lat="48.99937438778579" lon="-120.80094538629055">
        <time>2005-09-25T13:56:20-07:00</time>
      </trkpt>
      <trkpt lat="48.99945016019046" lon="-120.80097765661776">
        <time>2005-09-25T13:56:24-07:00</time>
      </trkpt>
      <trkpt lat="48.99947823956609" lon="-120.80098989419639">
        <time>2005-09-25T13:56:27-07:00</time>
      </trkpt>
      <trkpt lat="48.99953540414572" lon="-120.801004730165">
        <time>2005-09-25T13:56:32-07:00</time>
      </trkpt>
      <trkpt lat="48.99954923428595" lon="-120.80101260915399">
        <time>2005-09-25T13:56:33-07:00</time>
      </trkpt>
      <trkpt lat="48.99958192370832" lon="-120.80102174542844">
        <time>2005-09-25T13:56:39-07:00</time>
      </trkpt>
      <trkpt lat="48.999639842659235" lon="-120.8010398503393">
        <time>2005-09-25T13:56:44-07:00</time>
      </trkpt>
      <trkpt lat="48.9996503200382" lon="-120.80104295164347">
        <time>2005-09-25T13:56:48-07:00</time>
      </trkpt>
      <trkpt lat="48.99972449988127" lon="-120.8010618109256">
        <time>2005-09-25T13:56:56-07:00</time>
      </trkpt>
      <trkpt lat="48.99976800195873" lon="-120.80107379704714">
        <time>2005-09-25T13:57:01-07:00</time>
      </trkpt>
      <trkpt lat="48.999773282557726" lon="-120.8010774012655">
        <time>2005-09-25T13:57:03-07:00</time>
      </trkpt>
      <trkpt lat="48.99982198141515" lon="-120.80107522197068">
        <time>2005-09-25T13:57:09-07:00</time>
      </trkpt>
      <trkpt lat="48.99989381432533" lon="-120.8010950870812">
        <time>2005-09-25T13:57:10-07:00</time>
      </trkpt>
      <trkpt lat="48.99994343519211" lon="-120.80109860748053">
        <time>2005-09-25T13:57:15-07:00</time>
      </trkpt>
      <trkpt lat="48.99998551234603" lon="-120.80111646093428">
        <time>2005-09-25T13:57:18-07:00</time>
      </trkpt>
      <trkpt lat="49.00004259310663" lon="-120.80112090334296">
        <time>2005-09-25T13:57:20-07:00</time>
      </trkpt>
      <trkpt lat="49.00008626282215" lon="-120.80111972987652">
        <time>2005-09-25T13:57:25-07:00</time>
      </trkpt>
      <trkpt lat="49.00014108046889" lon="-120.80112090334296">
        <time>2005-09-25T13:57:26-07:00</time>
      </trkpt>
      <trkpt lat="49.00016195140779" lon="-120.80112333409488">
        <time>2005-09-25T13:57:27-07:00</time>
      </trkpt>
      <trkpt lat="49.00020939297974" lon="-120.80112492665648">
        <time>2005-09-25T13:57:33-07:00</time>
      </trkpt>
      <trkpt lat="49.00022448040545" lon="-120.80113850533962">
        <time>2005-09-25T13:57:37-07:00</time>
      </trkpt>
      <trkpt lat="49.00022758170962" lon="-120.80115753225982">
        <time>2005-09-25T13:57:39-07:00</time>
      </trkpt>
      <trkpt lat="49.00022163055837" lon="-120.8011828456074">
        <time>2005-09-25T13:57:46-07:00</time>
      </trkpt>
      <trkpt lat="49.00021173991263" lon="-120.80120078288019">
        <time>2005-09-25T13:57:49-07:00</time>
      </trkpt>
      <trkpt lat="49.000203190371394" lon="-120.80121503211558">
        <time>2005-09-25T13:57:53-07:00</time>
      </trkpt>
      <trkpt lat="49.00018139742315" lon="-120.80124788917601">
        <time>2005-09-25T13:57:59-07:00</time>
      </trkpt>
      <trkpt lat="49.00016354396939" lon="-120.80127990804613">
        <time>2005-09-25T13:58:01-07:00</time>
      </trkpt>
      <trkpt lat="49.00014175102115" lon="-120.80131460912526">
        <time>2005-09-25T13:58:06-07:00</time>
      </trkpt>
      <trkpt lat="49.00008475407958" lon="-120.8013638947159">
        <time>2005-09-25T13:58:09-07:00</time>
      </trkpt>
      <trkpt lat="49.00005575269461" lon="-120.80140144564211">
        <time>2005-09-25T13:58:10-07:00</time>
      </trkpt>
      <trkpt lat="49.00001736357808" lon="-120.80147294327617">
        <time>2005-09-25T13:58:19-07:00</time>
      </trkpt>
      <trkpt lat="48.999995989724994" lon="-120.80151217058301">
        <time>2005-09-25T13:58:21-07:00</time>
      </trkpt>
      <trkpt lat="48.99993857368827" lon="-120.80159330740571">
        <time>2005-09-25T13:58:25-07:00</time>
      </trkpt>
      <trkpt lat="48.99991560727358" lon="-120.80161501653492">
        <time>2005-09-25T13:58:28-07:00</time>
      </trkpt>
      <trkpt lat="48.99988191202283" lon="-120.80166203901172">
        <time>2005-09-25T13:58:32-07:00</time>
      </trkpt>
      <trkpt lat="48.999812342226505" lon="-120.80174703150988">
        <time>2005-09-25T13:58:36-07:00</time>
      </trkpt>
      <trkpt lat="48.99974319152534" lon="-120.80185909755528">
        <time>2005-09-25T13:58:42-07:00</time>
      </trkpt>
      <trkpt lat="48.99973841384053" lon="-120.80192657187581">
        <time>2005-09-25T13:58:44-07:00</time>
      </trkpt>
      <trkpt lat="48.99974796921015" lon="-120.80198038369417">
        <time>2005-09-25T13:58:48-07:00</time>
      </trkpt>
      <trkpt lat="48.999800104647875" lon="-120.80203629098833">
        <time>2005-09-25T13:58:49-07:00</time>
      </trkpt>
      <trkpt lat="48.99983019568026" lon="-120.80205364152789">
        <time>2005-09-25T13:58:56-07:00</time>
      </trkpt>
      <trkpt lat="48.999922815710306" lon="-120.80215078778565">
        <time>2005-09-25T13:59:02-07:00</time>
      </trkpt>
      <trkpt lat="48.99993186816573" lon="-120.8021599240601">
        <time>2005-09-25T13:59:05-07:00</time>
      </trkpt>
      <trkpt lat="48.99997771717608" lon="-120.8022278174758">
        <time>2005-09-25T13:59:10-07:00</time>
      </trkpt>
      <trkpt lat="48.99999959394336" lon="-120.80224600620568">
        <time>2005-09-25T13:59:11-07:00</time>
      </trkpt>
      <trkpt lat="49.00002901442349" lon="-120.80226025544107">
        <time>2005-09-25T13:59:13-07:00</time>
      </trkpt>
      <trkpt lat="49.00008467026055" lon="-120.8022465929389">
        <time>2005-09-25T13:59:17-07:00</time>
      </trkpt>
      <trkpt lat="49.00011249817908" lon="-120.80222890712321">
        <time>2005-09-25T13:59:18-07:00</time>
      </trkpt>
      <trkpt lat="49.00018433108926" lon="-120.80218682996929">
        <time>2005-09-25T13:59:24-07:00</time>
      </trkpt>
      <trkpt lat="49.00019304826856" lon="-120.80218548886478">
        <time>2005-09-25T13:59:27-07:00</time>
      </trkpt>
      <trkpt lat="49.000281477347016" lon="-120.80218506976962">
        <time>2005-09-25T13:59:29-07:00</time>
      </trkpt>
      <trkpt lat="49.000319531187415" lon="-120.80216151662171">
        <time>2005-09-25T13:59:33-07:00</time>
      </trkpt>
      <trkpt lat="49.00030058808625" lon="-120.80210074782372">
        <time>2005-09-25T13:59:38-07:00</time>
      </trkpt>
      <trkpt lat="49.000291703268886" lon="-120.8020890969783">
        <time>2005-09-25T13:59:42-07:00</time>
      </trkpt>
      <trkpt lat="49.000292625278234" lon="-120.80208993516862">
        <time>2005-09-25T13:59:46-07:00</time>
      </trkpt>
      <trkpt lat="49.000292625278234" lon="-120.80209085717797">
        <time>2005-09-25T13:59:50-07:00</time>
      </trkpt>
      <trkpt lat="49.000292625278234" lon="-120.80209085717797">
        <time>2005-09-25T13:59:53-07:00</time>
      </trkpt>
      <trkpt lat="49.000292625278234" lon="-120.80209085717797">
        <time>2005-09-25T13:59:57-07:00</time>
      </trkpt>
      <trkpt lat="49.000292625278234" lon="-120.80209085717797">
        <time>2005-09-25T13:59:59-07:00</time>
      </trkpt>
      <trkpt lat="49.000292625278234" lon="-120.80209085717797">
        <time>2005-09-25T14:00:03-07:00</time>
      </trkpt>
      <trkpt lat="49.00028172880411" lon="-120.80207392573357">
        <time>2005-09-25T14:00:05-07:00</time>
      </trkpt>
      <trkpt lat="49.00028474628925" lon="-120.80206864513457">
        <time>2005-09-25T14:00:06-07:00</time>
      </trkpt>
      <trkpt lat="49.00025666691363" lon="-120.8020393922925">
        <time>2005-09-25T14:00:08-07:00</time>
      </trkpt>
      <trkpt lat="49.00024845264852" lon="-120.80203872174025">
        <time>2005-09-25T14:00:09-07:00</time>
      </trkpt>
      <trkpt lat="49.00025272741914" lon="-120.80203302204609">
        <time>2005-09-25T14:00:10-07:00</time>
      </trkpt>
      <trkpt lat="49.00024711154401" lon="-120.80203402787447">
        <time>2005-09-25T14:00:14-07:00</time>
      </trkpt>
      <trkpt lat="49.00026370771229" lon="-120.80204349942505">
        <time>2005-09-25T14:00:16-07:00</time>
      </trkpt>
      <trkpt lat="49.00026789866388" lon="-120.80205095931888">
        <time>2005-09-25T14:00:19-07:00</time>
      </trkpt>
      <trkpt lat="49.00027435272932" lon="-120.80206168815494">
        <time>2005-09-25T14:00:25-07:00</time>
      </trkpt>
      <trkpt lat="49.00028022006154" lon="-120.8020689804107">
        <time>2005-09-25T14:00:28-07:00</time>
      </trkpt>
      <trkpt lat="49.00026513263583" lon="-120.8020531386137">
        <time>2005-09-25T14:00:33-07:00</time>
      </trkpt>
      <trkpt lat="49.00026781484485" lon="-120.80204416997731">
        <time>2005-09-25T14:00:35-07:00</time>
      </trkpt>
      <trkpt lat="49.000275526195765" lon="-120.80205372534692">
        <time>2005-09-25T14:00:41-07:00</time>
      </trkpt>
      <trkpt lat="49.000281393527985" lon="-120.80203863792121">
        <time>2005-09-25T14:00:43-07:00</time>
      </trkpt>
      <trkpt lat="49.0002856682986" lon="-120.80204492434859">
        <time>2005-09-25T14:00:47-07:00</time>
      </trkpt>
      <trkpt lat="49.00032464414835" lon="-120.80204735510051">
        <time>2005-09-25T14:00:53-07:00</time>
      </trkpt>
      <trkpt lat="49.000323722139" lon="-120.8020446728915">
        <time>2005-09-25T14:01:00-07:00</time>
      </trkpt>
      <trkpt lat="49.00032497942448" lon="-120.80204676836729">
        <time>2005-09-25T14:01:04-07:00</time>
      </trkpt>
      <trkpt lat="49.00032263249159" lon="-120.80204978585243">
        <time>2005-09-25T14:01:07-07:00</time>
      </trkpt>
      <trkpt lat="49.000323722139" lon="-120.80204911530018">
        <time>2005-09-25T14:01:12-07:00</time>
      </trkpt>
      <trkpt lat="49.000323722139" lon="-120.80204911530018">
        <time>2005-09-25T14:01:14-07:00</time>
      </trkpt>
      <trkpt lat="49.00025608018041" lon="-120.80203545279801">
        <time>2005-09-25T14:01:23-07:00</time>
      </trkpt>
      <trkpt lat="49.00023965165019" lon="-120.8020396437496">
        <time>2005-09-25T14:01:24-07:00</time>
      </trkpt>
      <trkpt lat="49.00027611292899" lon="-120.80204023048282">
        <time>2005-09-25T14:01:29-07:00</time>
      </trkpt>
      <trkpt lat="49.000277034938335" lon="-120.80203712917864">
        <time>2005-09-25T14:01:31-07:00</time>
      </trkpt>
      <trkpt lat="49.000277034938335" lon="-120.80203712917864">
        <time>2005-09-25T14:01:34-07:00</time>
      </trkpt>
      <trkpt lat="49.000277034938335" lon="-120.80203712917864">
        <time>2005-09-25T14:01:38-07:00</time>
      </trkpt>
      <trkpt lat="49.00026597082615" lon="-120.80204316414893">
        <time>2005-09-25T14:01:40-07:00</time>
      </trkpt>
      <trkpt lat="49.00025004521012" lon="-120.80205464735627">
        <time>2005-09-25T14:01:45-07:00</time>
      </trkpt>
      <trkpt lat="49.00025004521012" lon="-120.80205464735627">
        <time>2005-09-25T14:01:46-07:00</time>
      </trkpt>
      <trkpt lat="49.00025004521012" lon="-120.80205464735627">
        <time>2005-09-25T14:01:55-07:00</time>
      </trkpt>
      <trkpt lat="49.00025004521012" lon="-120.80205464735627">
        <time>2005-09-25T14:02:01-07:00</time>
      </trkpt>
      <trkpt lat="49.00025004521012" lon="-120.80205464735627">
        <time>2005-09-25T14:02:07-07:00</time>
      </trkpt>
      <trkpt lat="49.00025004521012" lon="-120.80205464735627">
        <time>2005-09-25T14:02:16-07:00</time>
      </trkpt>
      <trkpt lat="49.00025004521012" lon="-120.80205464735627">
        <time>2005-09-25T14:02:17-07:00</time>
      </trkpt>
      <trkpt lat="49.00025004521012" lon="-120.80205464735627">
        <time>2005-09-25T14:02:23-07:00</time>
      </trkpt>
      <trkpt lat="49.00025004521012" lon="-120.80205464735627">
        <time>2005-09-25T14:02:27-07:00</time>
      </trkpt>
      <trkpt lat="49.00025004521012" lon="-120.80205464735627">
        <time>2005-09-25T14:02:34-07:00</time>
      </trkpt>
      <trkpt lat="49.00025004521012" lon="-120.80205464735627">
        <time>2005-09-25T14:02:43-07:00</time>
      </trkpt>
      <trkpt lat="49.00025004521012" lon="-120.80205464735627">
        <time>2005-09-25T14:02:49-07:00</time>
      </trkpt>
      <trkpt lat="49.00025004521012" lon="-120.80205464735627">
        <time>2005-09-25T14:02:53-07:00</time>
      </trkpt>
      <trkpt lat="49.00025004521012" lon="-120.80205464735627">
        <time>2005-09-25T14:02:54-07:00</time>
      </trkpt>
      <trkpt lat="49.00025004521012" lon="-120.80205464735627">
        <time>2005-09-25T14:03:00-07:00</time>
      </trkpt>
      <trkpt lat="49.00025004521012" lon="-120.80205464735627">
        <time>2005-09-25T14:03:07-07:00</time>
      </trkpt>
      <trkpt lat="49.00025004521012" lon="-120.80205464735627">
        <time>2005-09-25T14:03:09-07:00</time>
      </trkpt>
      <trkpt lat="49.00025004521012" lon="-120.80205464735627">
        <time>2005-09-25T14:03:17-07:00</time>
      </trkpt>
      <trkpt lat="48.999987188726664" lon="-120.80235715024173">
        <time>2005-09-25T14:03:21-07:00</time>
      </trkpt>
      <trkpt lat="48.99999565444887" lon="-120.80225463956594">
        <time>2005-09-25T14:03:22-07:00</time>
      </trkpt>
      <trkpt lat="48.99997444823384" lon="-120.80228347331285">
        <time>2005-09-25T14:03:23-07:00</time>
      </trkpt>
      <trkpt lat="48.999940836802125" lon="-120.80221465788782">
        <time>2005-09-25T14:03:24-07:00</time>
      </trkpt>
      <trkpt lat="48.99991820566356" lon="-120.80217501148582">
        <time>2005-09-25T14:03:36-07:00</time>
      </trkpt>
      <trkpt lat="48.999897334724665" lon="-120.80214718356729">
        <time>2005-09-25T14:03:38-07:00</time>
      </trkpt>
      <trkpt lat="48.99987461976707" lon="-120.8021239656955">
        <time>2005-09-25T14:03:46-07:00</time>
      </trkpt>
      <trkpt lat="48.9998591132462" lon="-120.80210058018565">
        <time>2005-09-25T14:03:54-07:00</time>
      </trkpt>
      <trkpt lat="48.999816700816154" lon="-120.80205649137497">
        <time>2005-09-25T14:03:56-07:00</time>
      </trkpt>
      <trkpt lat="48.99977881461382" lon="-120.8020343631506">
        <time>2005-09-25T14:04:03-07:00</time>
      </trkpt>
      <trkpt lat="48.99972659535706" lon="-120.80197049304843">
        <time>2005-09-25T14:04:05-07:00</time>
      </trkpt>
      <trkpt lat="48.99969918653369" lon="-120.80192875117064">
        <time>2005-09-25T14:04:08-07:00</time>
      </trkpt>
      <trkpt lat="48.999722404405475" lon="-120.8018784597516">
        <time>2005-09-25T14:04:11-07:00</time>
      </trkpt>
      <trkpt lat="48.99973087012768" lon="-120.80187125131488">
        <time>2005-09-25T14:04:15-07:00</time>
      </trkpt>
      <trkpt lat="48.999732714146376" lon="-120.80185926519334">
        <time>2005-09-25T14:04:20-07:00</time>
      </trkpt>
      <trkpt lat="48.99975165724754" lon="-120.80182355828583">
        <time>2005-09-25T14:04:37-07:00</time>
      </trkpt>
      <trkpt lat="48.99979826062918" lon="-120.80176538787782">
        <time>2005-09-25T14:04:44-07:00</time>
      </trkpt>
      <trkpt lat="48.99983958341181" lon="-120.80171727575362">
        <time>2005-09-25T14:04:53-07:00</time>
      </trkpt>
      <trkpt lat="48.99993957951665" lon="-120.80165625549853">
        <time>2005-09-25T14:05:01-07:00</time>
      </trkpt>
      <trkpt lat="48.999963300302625" lon="-120.80163312144578">
        <time>2005-09-25T14:05:10-07:00</time>
      </trkpt>
      <trkpt lat="49.000002946704626" lon="-120.80159188248217">
        <time>2005-09-25T14:05:26-07:00</time>
      </trkpt>
      <trkpt lat="49.00004209019244" lon="-120.80151275731623">
        <time>2005-09-25T14:05:47-07:00</time>
      </trkpt>
      <trkpt lat="49.000054663047194" lon="-120.80147629603744">
        <time>2005-09-25T14:05:53-07:00</time>
      </trkpt>
      <trkpt lat="49.00006748735905" lon="-120.8014191314578">
        <time>2005-09-25T14:06:01-07:00</time>
      </trkpt>
      <trkpt lat="49.000092297792435" lon="-120.80135257914662">
        <time>2005-09-25T14:06:02-07:00</time>
      </trkpt>
      <trkpt lat="49.000105457380414" lon="-120.80131326802075">
        <time>2005-09-25T14:06:08-07:00</time>
      </trkpt>
      <trkpt lat="49.000143092125654" lon="-120.80126222223043">
        <time>2005-09-25T14:06:21-07:00</time>
      </trkpt>
      <trkpt lat="49.00016044266522" lon="-120.80125442706048">
        <time>2005-09-25T14:06:23-07:00</time>
      </trkpt>
      <trkpt lat="49.00021559558809" lon="-120.80117915757">
        <time>2005-09-25T14:06:31-07:00</time>
      </trkpt>
      <trkpt lat="49.00023864582181" lon="-120.80114604905248">
        <time>2005-09-25T14:06:34-07:00</time>
      </trkpt>
      <trkpt lat="49.000267228111625" lon="-120.80112492665648">
        <time>2005-09-25T14:06:35-07:00</time>
      </trkpt>
      <trkpt lat="49.00026563555002" lon="-120.8011257648468">
        <time>2005-09-25T14:06:37-07:00</time>
      </trkpt>
      <trkpt lat="49.0002460218966" lon="-120.80112886615098">
        <time>2005-09-25T14:06:45-07:00</time>
      </trkpt>
      <trkpt lat="49.00023269467056" lon="-120.80113498494029">
        <time>2005-09-25T14:06:46-07:00</time>
      </trkpt>
      <trkpt lat="49.00014644488692" lon="-120.8011498209089">
        <time>2005-09-25T14:06:47-07:00</time>
      </trkpt>
      <trkpt lat="49.00011702440679" lon="-120.80114278011024">
        <time>2005-09-25T14:06:51-07:00</time>
      </trkpt>
      <trkpt lat="49.00006036274135" lon="-120.80112685449421">
        <time>2005-09-25T14:06:57-07:00</time>
      </trkpt>
      <trkpt lat="49.000037563964725" lon="-120.80111587420106">
        <time>2005-09-25T14:06:58-07:00</time>
      </trkpt>
      <trkpt lat="48.99994242936373" lon="-120.8010845258832">
        <time>2005-09-25T14:07:11-07:00</time>
      </trkpt>
      <trkpt lat="48.99992390535772" lon="-120.80107832327485">
        <time>2005-09-25T14:07:12-07:00</time>
      </trkpt>
      <trkpt lat="48.99983991868794" lon="-120.8010501600802">
        <time>2005-09-25T15:52:36-07:00</time>
      </trkpt>
      <trkpt lat="48.99974042549729" lon="-120.80100640654564">
        <time>2005-09-25T15:52:37-07:00</time>
      </trkpt>
      <trkpt lat="48.99971393868327" lon="-120.8009999524802">
        <time>2005-09-25T15:52:40-07:00</time>
      </trkpt>
      <trkpt lat="48.99967177771032" lon="-120.80099073238671">
        <time>2005-09-25T15:52:45-07:00</time>
      </trkpt>
      <trkpt lat="48.99963137693703" lon="-120.80100724473596">
        <time>2005-09-25T15:52:49-07:00</time>
      </trkpt>
      <trkpt lat="48.99962056428194" lon="-120.80100598745048">
        <time>2005-09-25T15:52:51-07:00</time>
      </trkpt>
      <trkpt lat="48.99955661036074" lon="-120.80099064856768">
        <time>2005-09-25T15:52:53-07:00</time>
      </trkpt>
      <trkpt lat="48.99953196756542" lon="-120.80098184756935">
        <time>2005-09-25T15:52:57-07:00</time>
      </trkpt>
      <trkpt lat="48.99946600198746" lon="-120.80095427110791">
        <time>2005-09-25T15:52:59-07:00</time>
      </trkpt>
      <trkpt lat="48.99942400865257" lon="-120.80096139572561">
        <time>2005-09-25T15:53:01-07:00</time>
      </trkpt>
      <trkpt lat="48.99939240887761" lon="-120.80097178928554">
        <time>2005-09-25T15:53:05-07:00</time>
      </trkpt>
      <trkpt lat="48.99931035004556" lon="-120.80098260194063">
        <time>2005-09-25T15:53:08-07:00</time>
      </trkpt>
      <trkpt lat="48.999197194352746" lon="-120.8009822666645">
        <time>2005-09-25T15:53:12-07:00</time>
      </trkpt>
      <trkpt lat="48.999125780537724" lon="-120.80088218674064">
        <time>2005-09-25T15:53:16-07:00</time>
      </trkpt>
      <trkpt lat="48.99912226013839" lon="-120.80087137408555">
        <time>2005-09-25T15:53:21-07:00</time>
      </trkpt>
      <trkpt lat="48.99914497509599" lon="-120.8008199930191">
        <time>2005-09-25T15:53:24-07:00</time>
      </trkpt>
      <trkpt lat="48.99914992041886" lon="-120.80080406740308">
        <time>2005-09-25T15:53:29-07:00</time>
      </trkpt>
      <trkpt lat="48.99916769005358" lon="-120.80078638158739">
        <time>2005-09-25T15:53:30-07:00</time>
      </trkpt>
      <trkpt lat="48.99918554350734" lon="-120.80077481456101">
        <time>2005-09-25T15:53:31-07:00</time>
      </trkpt>
      <trkpt lat="48.99921295233071" lon="-120.80075092613697">
        <time>2005-09-25T15:53:34-07:00</time>
      </trkpt>
      <trkpt lat="48.99923499673605" lon="-120.80073148012161">
        <time>2005-09-25T15:53:40-07:00</time>
      </trkpt>
      <trkpt lat="48.99927162565291" lon="-120.80069820396602">
        <time>2005-09-25T15:53:43-07:00</time>
      </trkpt>
      <trkpt lat="48.99930892512202" lon="-120.80066559836268">
        <time>2005-09-25T15:53:51-07:00</time>
      </trkpt>
      <trkpt lat="48.99932594038546" lon="-120.80065344460309">
        <time>2005-09-25T15:53:55-07:00</time>
      </trkpt>
      <trkpt lat="48.99938746355474" lon="-120.80060533247888">
        <time>2005-09-25T15:54:00-07:00</time>
      </trkpt>
      <trkpt lat="48.999402299523354" lon="-120.80058957450092">
        <time>2005-09-25T15:54:06-07:00</time>
      </trkpt>
      <trkpt lat="48.99943423457444" lon="-120.80057071521878">
        <time>2005-09-25T15:54:09-07:00</time>
      </trkpt>
      <trkpt lat="48.99948670528829" lon="-120.80052629113197">
        <time>2005-09-25T15:54:13-07:00</time>
      </trkpt>
      <trkpt lat="48.9995173830539" lon="-120.8005091920495">
        <time>2005-09-25T15:54:19-07:00</time>
      </trkpt>
      <trkpt lat="48.999584103003144" lon="-120.80048605799675">
        <time>2005-09-25T15:54:22-07:00</time>
      </trkpt>
      <trkpt lat="48.999606063589454" lon="-120.80046351067722">
        <time>2005-09-25T15:54:27-07:00</time>
      </trkpt>
      <trkpt lat="48.99965392425656" lon="-120.80042386427522">
        <time>2005-09-25T15:54:28-07:00</time>
      </trkpt>
      <trkpt lat="48.999717039987445" lon="-120.80038161948323">
        <time>2005-09-25T15:54:34-07:00</time>
      </trkpt>
      <trkpt lat="48.999744867905974" lon="-120.80037340521812">
        <time>2005-09-25T15:54:37-07:00</time>
      </trkpt>
      <trkpt lat="48.99981359951198" lon="-120.80031825229526">
        <time>2005-09-25T15:54:41-07:00</time>
      </trkpt>
      <trkpt lat="48.99982525035739" lon="-120.8003056794405">
        <time>2005-09-25T15:54:45-07:00</time>
      </trkpt>
      <trkpt lat="48.99989113211632" lon="-120.80023200251162">
        <time>2005-09-25T15:54:47-07:00</time>
      </trkpt>
      <trkpt lat="48.999913930892944" lon="-120.8002023305744">
        <time>2005-09-25T15:54:48-07:00</time>
      </trkpt>
      <trkpt lat="48.99994796141982" lon="-120.80014642328024">
        <time>2005-09-25T15:54:53-07:00</time>
      </trkpt>
      <trkpt lat="48.99996254593134" lon="-120.80012052319944">
        <time>2005-09-25T15:54:55-07:00</time>
      </trkpt>
      <trkpt lat="48.999966736882925" lon="-120.80007031559944">
        <time>2005-09-25T15:55:01-07:00</time>
      </trkpt>
      <trkpt lat="48.99995491839945" lon="-120.80007509328425">
        <time>2005-09-25T15:55:03-07:00</time>
      </trkpt>
      <trkpt lat="48.999944189563394" lon="-120.80007249489427">
        <time>2005-09-25T15:55:10-07:00</time>
      </trkpt>
      <trkpt lat="48.99992072023451" lon="-120.80008121207356">
        <time>2005-09-25T15:55:11-07:00</time>
      </trkpt>
      <trkpt lat="48.9998852647841" lon="-120.80008355900645">
        <time>2005-09-25T15:55:17-07:00</time>
      </trkpt>
      <trkpt lat="48.99985073134303" lon="-120.80007249489427">
        <time>2005-09-25T15:55:24-07:00</time>
      </trkpt>
      <trkpt lat="48.99983271025121" lon="-120.8000707346946">
        <time>2005-09-25T15:55:26-07:00</time>
      </trkpt>
      <trkpt lat="48.99982189759612" lon="-120.80007199198008">
        <time>2005-09-25T15:55:30-07:00</time>
      </trkpt>
      <trkpt lat="48.99979063309729" lon="-120.80008515156806">
        <time>2005-09-25T15:55:35-07:00</time>
      </trkpt>
      <trkpt lat="48.99978023953736" lon="-120.80008221790195">
        <time>2005-09-25T15:55:37-07:00</time>
      </trkpt>
      <trkpt lat="48.999669179320335" lon="-120.80007366836071">
        <time>2005-09-25T15:55:42-07:00</time>
      </trkpt>
      <trkpt lat="48.9995882101357" lon="-120.80003863200545">
        <time>2005-09-25T15:55:43-07:00</time>
      </trkpt>
      <trkpt lat="48.99953708052635" lon="-120.80001256428659">
        <time>2005-09-25T15:55:47-07:00</time>
      </trkpt>
      <trkpt lat="48.999498188495636" lon="-120.79998305998743">
        <time>2005-09-25T15:55:50-07:00</time>
      </trkpt>
      <trkpt lat="48.99946114048362" lon="-120.79996746964753">
        <time>2005-09-25T15:55:54-07:00</time>
      </trkpt>
      <trkpt lat="48.99942987598479" lon="-120.79995162785053">
        <time>2005-09-25T15:56:00-07:00</time>
      </trkpt>
      <trkpt lat="48.9993532653898" lon="-120.79989739693701">
        <time>2005-09-25T15:56:03-07:00</time>
      </trkpt>
      <trkpt lat="48.999309092760086" lon="-120.7998878415674">
        <time>2005-09-25T15:56:09-07:00</time>
      </trkpt>
      <trkpt lat="48.99927221238613" lon="-120.79989077523351">
        <time>2005-09-25T15:56:10-07:00</time>
      </trkpt>
      <trkpt lat="48.999213203787804" lon="-120.79988147132099">
        <time>2005-09-25T15:56:15-07:00</time>
      </trkpt>
      <trkpt lat="48.99920666590333" lon="-120.7998823095113">
        <time>2005-09-25T15:56:16-07:00</time>
      </trkpt>
      <trkpt lat="48.99913248606026" lon="-120.79989865422249">
        <time>2005-09-25T15:56:20-07:00</time>
      </trkpt>
      <trkpt lat="48.99904841557145" lon="-120.79989672638476">
        <time>2005-09-25T15:56:22-07:00</time>
      </trkpt>
      <trkpt lat="48.998990496620536" lon="-120.79988557845354">
        <time>2005-09-25T15:56:26-07:00</time>
      </trkpt>
      <trkpt lat="48.99889645166695" lon="-120.79988775774837">
        <time>2005-09-25T15:56:29-07:00</time>
      </trkpt>
      <trkpt lat="48.99875613860786" lon="-120.79988926649094">
        <time>2005-09-25T15:56:32-07:00</time>
      </trkpt>
      <trkpt lat="48.998742727562785" lon="-120.79989077523351">
        <time>2005-09-25T15:56:36-07:00</time>
      </trkpt>
      <trkpt lat="48.99871397763491" lon="-120.79989018850029">
        <time>2005-09-25T15:56:37-07:00</time>
      </trkpt>
      <trkpt lat="48.99867793545127" lon="-120.79989144578576">
        <time>2005-09-25T15:56:42-07:00</time>
      </trkpt>
      <trkpt lat="48.99864717386663" lon="-120.79987283796072">
        <time>2005-09-25T15:56:43-07:00</time>
      </trkpt>
      <trkpt lat="48.99864071980119" lon="-120.79986630007625">
        <time>2005-09-25T15:56:46-07:00</time>
      </trkpt>
      <trkpt lat="48.99859914556146" lon="-120.79987669363618">
        <time>2005-09-25T15:56:50-07:00</time>
      </trkpt>
      <trkpt lat="48.99857081472874" lon="-120.79991382546723">
        <time>2005-09-25T15:56:52-07:00</time>
      </trkpt>
      <trkpt lat="48.99855430237949" lon="-120.79991960898042">
        <time>2005-09-25T15:56:58-07:00</time>
      </trkpt>
      <trkpt lat="48.998474925756454" lon="-120.79994584433734">
        <time>2005-09-25T15:57:01-07:00</time>
      </trkpt>
      <trkpt lat="48.99842740036547" lon="-120.79997275024652">
        <time>2005-09-25T15:57:06-07:00</time>
      </trkpt>
      <trkpt lat="48.99836151860654" lon="-120.79998163506389">
        <time>2005-09-25T15:57:12-07:00</time>
      </trkpt>
      <trkpt lat="48.998276526108384" lon="-120.8000070322305">
        <time>2005-09-25T15:57:14-07:00</time>
      </trkpt>
      <trkpt lat="48.99823218584061" lon="-120.80002304166555">
        <time>2005-09-25T15:57:20-07:00</time>
      </trkpt>
      <trkpt lat="48.99822271429002" lon="-120.80002874135971">
        <time>2005-09-25T15:57:21-07:00</time>
      </trkpt>
      <trkpt lat="48.99816378951073" lon="-120.80005103722215">
        <time>2005-09-25T15:57:28-07:00</time>
      </trkpt>
      <trkpt lat="48.998124646022916" lon="-120.80005271360278">
        <time>2005-09-25T15:57:31-07:00</time>
      </trkpt>
      <trkpt lat="48.99808005429804" lon="-120.80006495118141">
        <time>2005-09-25T15:57:36-07:00</time>
      </trkpt>
      <trkpt lat="48.9980717562139" lon="-120.80005665309727">
        <time>2005-09-25T15:57:38-07:00</time>
      </trkpt>
      <trkpt lat="48.99800352752209" lon="-120.80006059259176">
        <time>2005-09-25T15:57:44-07:00</time>
      </trkpt>
      <trkpt lat="48.99798659607768" lon="-120.80006394535303">
        <time>2005-09-25T15:57:45-07:00</time>
      </trkpt>
      <trkpt lat="48.99793437682092" lon="-120.80007618293166">
        <time>2005-09-25T15:57:46-07:00</time>
      </trkpt>
      <trkpt lat="48.99792205542326" lon="-120.80007953569293">
        <time>2005-09-25T15:57:49-07:00</time>
      </trkpt>
      <trkpt lat="48.99783672764897" lon="-120.80009143799543">
        <time>2005-09-25T15:57:53-07:00</time>
      </trkpt>
      <trkpt lat="48.997781574726105" lon="-120.80009428784251">
        <time>2005-09-25T15:57:59-07:00</time>
      </trkpt>
      <trkpt lat="48.997725918889046" lon="-120.80009445548058">
        <time>2005-09-25T15:58:02-07:00</time>
      </trkpt>
      <trkpt lat="48.9976472966373" lon="-120.8000998198986">
        <time>2005-09-25T15:58:04-07:00</time>
      </trkpt>
      <trkpt lat="48.99761376902461" lon="-120.80010149627924">
        <time>2005-09-25T15:58:09-07:00</time>
      </trkpt>
      <trkpt lat="48.997596418485045" lon="-120.80009931698442">
        <time>2005-09-25T15:58:10-07:00</time>
      </trkpt>
      <trkpt lat="48.997507402673364" lon="-120.80008062534034">
        <time>2005-09-25T15:58:19-07:00</time>
      </trkpt>
      <trkpt lat="48.99746750481427" lon="-120.800079703331">
        <time>2005-09-25T15:58:26-07:00</time>
      </trkpt>
      <trkpt lat="48.99733423255384" lon="-120.80010660924017">
        <time>2005-09-25T15:58:30-07:00</time>
      </trkpt>
      <trkpt lat="48.99729701690376" lon="-120.80011524260044">
        <time>2005-09-25T15:58:33-07:00</time>
      </trkpt>
      <trkpt lat="48.997253347188234" lon="-120.80011264421046">
        <time>2005-09-25T15:58:36-07:00</time>
      </trkpt>
      <trkpt lat="48.99724471382797" lon="-120.80011842772365">
        <time>2005-09-25T15:58:40-07:00</time>
      </trkpt>
      <trkpt lat="48.997204480692744" lon="-120.80015547573566">
        <time>2005-09-25T15:58:49-07:00</time>
      </trkpt>
      <trkpt lat="48.99715544655919" lon="-120.80020970664918">
        <time>2005-09-25T15:58:52-07:00</time>
      </trkpt>
      <trkpt lat="48.99713491089642" lon="-120.80024155788124">
        <time>2005-09-25T15:58:55-07:00</time>
      </trkpt>
      <trkpt lat="48.99709057062864" lon="-120.80027877353132">
        <time>2005-09-25T15:59:01-07:00</time>
      </trkpt>
      <trkpt lat="48.99706995114684" lon="-120.80029469914734">
        <time>2005-09-25T15:59:02-07:00</time>
      </trkpt>
      <trkpt lat="48.99704153649509" lon="-120.80031984485686">
        <time>2005-09-25T15:59:09-07:00</time>
      </trkpt>
      <trkpt lat="48.99696442298591" lon="-120.8004003111273">
        <time>2005-09-25T15:59:14-07:00</time>
      </trkpt>
      <trkpt lat="48.99692804552615" lon="-120.80047407187521">
        <time>2005-09-25T15:59:17-07:00</time>
      </trkpt>
      <trkpt lat="48.996906001120806" lon="-120.80051874741912">
        <time>2005-09-25T15:59:24-07:00</time>
      </trkpt>
      <trkpt lat="48.996869372203946" lon="-120.80055906437337">
        <time>2005-09-25T15:59:30-07:00</time>
      </trkpt>
      <trkpt lat="48.99682561866939" lon="-120.8005953580141">
        <time>2005-09-25T15:59:31-07:00</time>
      </trkpt>
      <trkpt lat="48.99674984626472" lon="-120.80067020840943">
        <time>2005-09-25T15:59:33-07:00</time>
      </trkpt>
      <trkpt lat="48.99673417210579" lon="-120.8006785903126">
        <time>2005-09-25T15:59:36-07:00</time>
      </trkpt>
      <trkpt lat="48.99672729894519" lon="-120.80068688839674">
        <time>2005-09-25T15:59:41-07:00</time>
      </trkpt>
      <trkpt lat="48.9967233594507" lon="-120.8006852120161">
        <time>2005-09-25T15:59:44-07:00</time>
      </trkpt>
      <trkpt lat="48.996702739968896" lon="-120.80067993141711">
        <time>2005-09-25T15:59:47-07:00</time>
      </trkpt>
      <trkpt lat="48.996668038889766" lon="-120.80066937021911">
        <time>2005-09-25T15:59:48-07:00</time>
      </trkpt>
      <trkpt lat="48.996659154072404" lon="-120.80066895112395">
        <time>2005-09-25T15:59:49-07:00</time>
      </trkpt>
      <trkpt lat="48.99659302085638" lon="-120.80065688118339">
        <time>2005-09-25T15:59:59-07:00</time>
      </trkpt>
      <trkpt lat="48.996580028906465" lon="-120.80065537244081">
        <time>2005-09-25T16:00:03-07:00</time>
      </trkpt>
      <trkpt lat="48.996484810486436" lon="-120.80064631998539">
        <time>2005-09-25T16:00:07-07:00</time>
      </trkpt>
      <trkpt lat="48.99647089652717" lon="-120.80064464360476">
        <time>2005-09-25T16:00:14-07:00</time>
      </trkpt>
      <trkpt lat="48.99635698646307" lon="-120.8006783388555">
        <time>2005-09-25T16:00:20-07:00</time>
      </trkpt>
      <trkpt lat="48.996316166594625" lon="-120.80068822950125">
        <time>2005-09-25T16:00:22-07:00</time>
      </trkpt>
      <trkpt lat="48.996262438595295" lon="-120.80068169161677">
        <time>2005-09-25T16:00:28-07:00</time>
      </trkpt>
      <trkpt lat="48.99619923904538" lon="-120.80068328417838">
        <time>2005-09-25T16:00:32-07:00</time>
      </trkpt>
      <trkpt lat="48.996157832443714" lon="-120.80069694668055">
        <time>2005-09-25T16:00:36-07:00</time>
      </trkpt>
      <trkpt lat="48.99613746441901" lon="-120.80070440657437">
        <time>2005-09-25T16:00:37-07:00</time>
      </trkpt>
      <trkpt lat="48.996054735034704" lon="-120.80071094445884">
        <time>2005-09-25T16:00:43-07:00</time>
      </trkpt>
      <trkpt lat="48.99595289491117" lon="-120.80067750066519">
        <time>2005-09-25T16:00:45-07:00</time>
      </trkpt>
      <trkpt lat="48.99594074115157" lon="-120.80067314207554">
        <time>2005-09-25T16:00:50-07:00</time>
      </trkpt>
      <trkpt lat="48.99585750885308" lon="-120.80069451592863">
        <time>2005-09-25T16:00:51-07:00</time>
      </trkpt>
      <trkpt lat="48.99580922909081" lon="-120.8006749022752">
        <time>2005-09-25T16:00:57-07:00</time>
      </trkpt>
      <trkpt lat="48.99576757103205" lon="-120.80063223838806">
        <time>2005-09-25T16:01:01-07:00</time>
      </trkpt>
      <trkpt lat="48.99574343115091" lon="-120.80055512487888">
        <time>2005-09-25T16:01:04-07:00</time>
      </trkpt>
      <trkpt lat="48.99572666734457" lon="-120.80054271966219">
        <time>2005-09-25T16:01:08-07:00</time>
      </trkpt>
      <trkpt lat="48.99571442976594" lon="-120.80053961835802">
        <time>2005-09-25T16:01:10-07:00</time>
      </trkpt>
      <trkpt lat="48.99569205008447" lon="-120.8005506824702">
        <time>2005-09-25T16:01:11-07:00</time>
      </trkpt>
      <trkpt lat="48.99565625935793" lon="-120.80054397694767">
        <time>2005-09-25T16:01:16-07:00</time>
      </trkpt>
      <trkpt lat="48.99557143449783" lon="-120.80055512487888">
        <time>2005-09-25T16:01:19-07:00</time>
      </trkpt>
      <trkpt lat="48.99556380696595" lon="-120.8005562145263">
        <time>2005-09-25T16:01:28-07:00</time>
      </trkpt>
      <trkpt lat="48.99554327130318" lon="-120.80055269412696">
        <time>2005-09-25T16:01:31-07:00</time>
      </trkpt>
      <trkpt lat="48.99551510810852" lon="-120.80054204910994">
        <time>2005-09-25T16:01:36-07:00</time>
      </trkpt>
      <trkpt lat="48.99549507535994" lon="-120.80053760670125">
        <time>2005-09-25T16:01:38-07:00</time>
      </trkpt>
      <trkpt lat="48.995477641001344" lon="-120.80053735524416">
        <time>2005-09-25T16:01:45-07:00</time>
      </trkpt>
      <trkpt lat="48.995395163074136" lon="-120.8005250338465">
        <time>2005-09-25T16:01:50-07:00</time>
      </trkpt>
      <trkpt lat="48.99528728798032" lon="-120.80049561336637">
        <time>2005-09-25T16:01:53-07:00</time>
      </trkpt>
      <trkpt lat="48.99527404457331" lon="-120.80049267970026">
        <time>2005-09-25T16:01:57-07:00</time>
      </trkpt>
      <trkpt lat="48.995211431756616" lon="-120.8004851359874">
        <time>2005-09-25T16:02:00-07:00</time>
      </trkpt>
      <trkpt lat="48.995199697092175" lon="-120.80048128031194">
        <time>2005-09-25T16:02:03-07:00</time>
      </trkpt>
      <trkpt lat="48.99518293328583" lon="-120.80048463307321">
        <time>2005-09-25T16:02:09-07:00</time>
      </trkpt>
      <trkpt lat="48.99517396464944" lon="-120.8004851359874">
        <time>2005-09-25T16:02:14-07:00</time>
      </trkpt>
      <trkpt lat="48.995123002678156" lon="-120.80049720592797">
        <time>2005-09-25T16:02:17-07:00</time>
      </trkpt>
      <trkpt lat="48.995114704594016" lon="-120.80050081014633">
        <time>2005-09-25T16:02:20-07:00</time>
      </trkpt>
      <trkpt lat="48.99506399407983" lon="-120.8004954457283">
        <time>2005-09-25T16:02:24-07:00</time>
      </trkpt>
      <trkpt lat="48.99504454806447" lon="-120.80049242824316">
        <time>2005-09-25T16:02:30-07:00</time>
      </trkpt>
      <trkpt lat="48.99496651254594" lon="-120.80047599971294">
        <time>2005-09-25T16:02:31-07:00</time>
      </trkpt>
      <trkpt lat="48.99495603516698" lon="-120.80047759227455">
        <time>2005-09-25T16:02:37-07:00</time>
      </trkpt>
      <trkpt lat="48.99487213231623" lon="-120.80048748292029">
        <time>2005-09-25T16:02:38-07:00</time>
      </trkpt>
      <trkpt lat="48.99484522640705" lon="-120.80049695447087">
        <time>2005-09-25T16:02:39-07:00</time>
      </trkpt>
      <trkpt lat="48.994815638288856" lon="-120.80050114542246">
        <time>2005-09-25T16:02:42-07:00</time>
      </trkpt>
      <trkpt lat="48.994736010208726" lon="-120.80051505938172">
        <time>2005-09-25T16:02:43-07:00</time>
      </trkpt>
      <trkpt lat="48.99463349953294" lon="-120.80051338300109">
        <time>2005-09-25T16:02:50-07:00</time>
      </trkpt>
      <trkpt lat="48.994607934728265" lon="-120.80051883123815">
        <time>2005-09-25T16:02:51-07:00</time>
      </trkpt>
      <trkpt lat="48.99454942904413" lon="-120.80052394419909">
        <time>2005-09-25T16:02:58-07:00</time>
      </trkpt>
      <trkpt lat="48.99453358724713" lon="-120.80052352510393">
        <time>2005-09-25T16:02:59-07:00</time>
      </trkpt>
      <trkpt lat="48.99447533302009" lon="-120.80053165555">
        <time>2005-09-25T16:03:08-07:00</time>
      </trkpt>
      <trkpt lat="48.99446167051792" lon="-120.80053165555">
        <time>2005-09-25T16:03:12-07:00</time>
      </trkpt>
      <trkpt lat="48.9943987224251" lon="-120.8005628362298">
        <time>2005-09-25T16:03:17-07:00</time>
      </trkpt>
      <trkpt lat="48.99436628445983" lon="-120.80056551843882">
        <time>2005-09-25T16:03:23-07:00</time>
      </trkpt>
      <trkpt lat="48.994268383830786" lon="-120.80060122534633">
        <time>2005-09-25T16:03:28-07:00</time>
      </trkpt>
      <trkpt lat="48.9942626003176" lon="-120.80059980042279">
        <time>2005-09-25T16:03:30-07:00</time>
      </trkpt>
      <trkpt lat="48.99422555230558" lon="-120.80060684122145">
        <time>2005-09-25T16:03:36-07:00</time>
      </trkpt>
      <trkpt lat="48.994167633354664" lon="-120.80061421729624">
        <time>2005-09-25T16:03:44-07:00</time>
      </trkpt>
      <trkpt lat="48.99409269914031" lon="-120.80061949789524">
        <time>2005-09-25T16:03:45-07:00</time>
      </trkpt>
      <trkpt lat="48.994082640856504" lon="-120.80062008462846">
        <time>2005-09-25T16:03:52-07:00</time>
      </trkpt>
      <trkpt lat="48.99400125257671" lon="-120.80063441768289">
        <time>2005-09-25T16:03:56-07:00</time>
      </trkpt>
      <trkpt lat="48.99392698891461" lon="-120.8006563782692">
        <time>2005-09-25T16:04:01-07:00</time>
      </trkpt>
      <trkpt lat="48.99389807134867" lon="-120.80065403133631">
        <time>2005-09-25T16:04:07-07:00</time>
      </trkpt>
      <trkpt lat="48.993862364441156" lon="-120.80065847374499">
        <time>2005-09-25T16:04:09-07:00</time>
      </trkpt>
      <trkpt lat="48.99383034557104" lon="-120.80067255534232">
        <time>2005-09-25T16:04:10-07:00</time>
      </trkpt>
      <trkpt lat="48.993795812129974" lon="-120.80066467635334">
        <time>2005-09-25T16:04:12-07:00</time>
      </trkpt>
      <trkpt lat="48.9937530644238" lon="-120.80065302550793">
        <time>2005-09-25T16:04:14-07:00</time>
      </trkpt>
      <trkpt lat="48.99371065199375" lon="-120.80063324421644">
        <time>2005-09-25T16:04:22-07:00</time>
      </trkpt>
      <trkpt lat="48.99370436556637" lon="-120.80063190311193">
        <time>2005-09-25T16:04:23-07:00</time>
      </trkpt>
      <trkpt lat="48.99367427453399" lon="-120.80066727474332">
        <time>2005-09-25T16:04:25-07:00</time>
      </trkpt>
      <trkpt lat="48.99364988319576" lon="-120.80073416233063">
        <time>2005-09-25T16:04:28-07:00</time>
      </trkpt>
      <trkpt lat="48.99362691678107" lon="-120.80075687728822">
        <time>2005-09-25T16:04:30-07:00</time>
      </trkpt>
      <trkpt lat="48.993598418310285" lon="-120.80076232552528">
        <time>2005-09-25T16:04:33-07:00</time>
      </trkpt>
      <trkpt lat="48.99354628287256" lon="-120.8007753174752">
        <time>2005-09-25T16:04:40-07:00</time>
      </trkpt>
      <trkpt lat="48.993490962311625" lon="-120.80078956671059">
        <time>2005-09-25T16:04:47-07:00</time>
      </trkpt>
      <trkpt lat="48.99341837503016" lon="-120.80080700106919">
        <time>2005-09-25T16:04:48-07:00</time>
      </trkpt>
      <trkpt lat="48.99338719435036" lon="-120.8008112758398">
        <time>2005-09-25T16:04:53-07:00</time>
      </trkpt>
      <trkpt lat="48.993337070569396" lon="-120.8008186519146">
        <time>2005-09-25T16:04:55-07:00</time>
      </trkpt>
      <trkpt lat="48.99331443943083" lon="-120.80081169493496">
        <time>2005-09-25T16:04:58-07:00</time>
      </trkpt>
      <trkpt lat="48.99325283244252" lon="-120.80080507323146">
        <time>2005-09-25T16:04:59-07:00</time>
      </trkpt>
      <trkpt lat="48.993233973160386" lon="-120.80080297775567">
        <time>2005-09-25T16:05:03-07:00</time>
      </trkpt>
      <trkpt lat="48.99315199814737" lon="-120.8007858786732">
        <time>2005-09-25T16:05:04-07:00</time>
      </trkpt>
      <trkpt lat="48.99313347414136" lon="-120.80078495666385">
        <time>2005-09-25T16:05:11-07:00</time>
      </trkpt>
      <trkpt lat="48.99304705671966" lon="-120.80077313818038">
        <time>2005-09-25T16:05:13-07:00</time>
      </trkpt>
      <trkpt lat="48.99300531484187" lon="-120.80077204853296">
        <time>2005-09-25T16:05:21-07:00</time>
      </trkpt>
      <trkpt lat="48.99294890463352" lon="-120.80079300329089">
        <time>2005-09-25T16:05:22-07:00</time>
      </trkpt>
      <trkpt lat="48.99287346750498" lon="-120.8008099347353">
        <time>2005-09-25T16:05:29-07:00</time>
      </trkpt>
      <trkpt lat="48.992843041196465" lon="-120.80081789754331">
        <time>2005-09-25T16:05:32-07:00</time>
      </trkpt>
      <trkpt lat="48.99275251664221" lon="-120.80086450092494">
        <time>2005-09-25T16:05:35-07:00</time>
      </trkpt>
      <trkpt lat="48.99274195544422" lon="-120.8008736371994">
        <time>2005-09-25T16:05:42-07:00</time>
      </trkpt>
      <trkpt lat="48.992669032886624" lon="-120.80089258030057">
        <time>2005-09-25T16:05:49-07:00</time>
      </trkpt>
      <trkpt lat="48.99261471815407" lon="-120.80089341849089">
        <time>2005-09-25T16:05:51-07:00</time>
      </trkpt>
      <trkpt lat="48.99256367236376" lon="-120.80088813789189">
        <time>2005-09-25T16:05:57-07:00</time>
      </trkpt>
      <trkpt lat="48.99250181391835" lon="-120.80090054310858">
        <time>2005-09-25T16:05:58-07:00</time>
      </trkpt>
      <trkpt lat="48.99248664267361" lon="-120.80090657807887">
        <time>2005-09-25T16:06:04-07:00</time>
      </trkpt>
      <trkpt lat="48.992419419810176" lon="-120.80091395415366">
        <time>2005-09-25T16:06:06-07:00</time>
      </trkpt>
      <trkpt lat="48.99230970069766" lon="-120.80094781704247">
        <time>2005-09-25T16:06:11-07:00</time>
      </trkpt>
      <trkpt lat="48.99227583780885" lon="-120.80095334909856">
        <time>2005-09-25T16:06:14-07:00</time>
      </trkpt>
      <trkpt lat="48.99218279868364" lon="-120.80097422003746">
        <time>2005-09-25T16:06:21-07:00</time>
      </trkpt>
      <trkpt lat="48.99214977398515" lon="-120.80097656697035">
        <time>2005-09-25T16:06:22-07:00</time>
      </trkpt>
      <trkpt lat="48.99211959913373" lon="-120.80096273683012">
        <time>2005-09-25T16:06:26-07:00</time>
      </trkpt>
      <trkpt lat="48.99208556860685" lon="-120.80095100216568">
        <time>2005-09-25T16:06:32-07:00</time>
      </trkpt>
      <trkpt lat="48.99203267879784" lon="-120.80092250369489">
        <time>2005-09-25T16:06:39-07:00</time>
      </trkpt>
      <trkpt lat="48.99202345870435" lon="-120.80092476680875">
        <time>2005-09-25T16:06:40-07:00</time>
      </trkpt>
      <trkpt lat="48.99192715063691" lon="-120.80089031718671">
        <time>2005-09-25T16:06:47-07:00</time>
      </trkpt>
      <trkpt lat="48.99191181175411" lon="-120.80088889226317">
        <time>2005-09-25T16:06:52-07:00</time>
      </trkpt>
      <trkpt lat="48.99188540875912" lon="-120.80092309042811">
        <time>2005-09-25T16:06:55-07:00</time>
      </trkpt>
      <trkpt lat="48.991839392110705" lon="-120.80098318867385">
        <time>2005-09-25T16:06:58-07:00</time>
      </trkpt>
      <trkpt lat="48.991817934438586" lon="-120.80102870240808">
        <time>2005-09-25T16:07:00-07:00</time>
      </trkpt>
      <trkpt lat="48.99178239516914" lon="-120.80105787143111">
        <time>2005-09-25T16:07:04-07:00</time>
      </trkpt>
      <trkpt lat="48.99172095581889" lon="-120.80111260525882">
        <time>2005-09-25T16:07:06-07:00</time>
      </trkpt>
      <trkpt lat="48.9916823990643" lon="-120.80112635158002">
        <time>2005-09-25T16:07:10-07:00</time>
      </trkpt>
      <trkpt lat="48.99165524169803" lon="-120.8011186402291">
        <time>2005-09-25T16:07:13-07:00</time>
      </trkpt>
      <trkpt lat="48.991644931957126" lon="-120.80111444927752">
        <time>2005-09-25T16:07:17-07:00</time>
      </trkpt>
      <trkpt lat="48.9916150085628" lon="-120.80109676346183">
        <time>2005-09-25T16:07:20-07:00</time>
      </trkpt>
      <trkpt lat="48.99157050065696" lon="-120.8010808378458">
        <time>2005-09-25T16:07:23-07:00</time>
      </trkpt>
      <trkpt lat="48.99147754535079" lon="-120.80107362940907">
        <time>2005-09-25T16:07:25-07:00</time>
      </trkpt>
      <trkpt lat="48.99145592004061" lon="-120.80107295885682">
        <time>2005-09-25T16:07:30-07:00</time>
      </trkpt>
      <trkpt lat="48.99140194058418" lon="-120.80107983201742">
        <time>2005-09-25T16:07:34-07:00</time>
      </trkpt>
      <trkpt lat="48.991376711055636" lon="-120.80108284950256">
        <time>2005-09-25T16:07:39-07:00</time>
      </trkpt>
      <trkpt lat="48.9912645611912" lon="-120.80110179260373">
        <time>2005-09-25T16:07:42-07:00</time>
      </trkpt>
      <trkpt lat="48.991233464330435" lon="-120.80112987197936">
        <time>2005-09-25T16:07:46-07:00</time>
      </trkpt>
      <trkpt lat="48.9912317879498" lon="-120.80112643539906">
        <time>2005-09-25T16:07:48-07:00</time>
      </trkpt>
      <trkpt lat="48.991221226751804" lon="-120.80112718977034">
        <time>2005-09-25T16:07:53-07:00</time>
      </trkpt>
      <trkpt lat="48.99120915681124" lon="-120.80113506875932">
        <time>2005-09-25T16:07:54-07:00</time>
      </trkpt>
      <trkpt lat="48.99116934277117" lon="-120.80114101991057">
        <time>2005-09-25T16:08:01-07:00</time>
      </trkpt>
      <trkpt lat="48.9910919778049" lon="-120.80117999576032">
        <time>2005-09-25T16:08:02-07:00</time>
      </trkpt>
      <trkpt lat="48.991086445748806" lon="-120.8011807501316">
        <time>2005-09-25T16:08:09-07:00</time>
      </trkpt>
      <trkpt lat="48.99104646407068" lon="-120.80116172321141">
        <time>2005-09-25T16:08:12-07:00</time>
      </trkpt>
      <trkpt lat="48.99103531613946" lon="-120.80115619115531">
        <time>2005-09-25T16:08:16-07:00</time>
      </trkpt>
      <trkpt lat="48.991009667515755" lon="-120.80114018172026">
        <time>2005-09-25T16:08:22-07:00</time>
      </trkpt>
      <trkpt lat="48.99094445630908" lon="-120.801139511168">
        <time>2005-09-25T16:08:24-07:00</time>
      </trkpt>
      <trkpt lat="48.99085602723062" lon="-120.80116717144847">
        <time>2005-09-25T16:08:31-07:00</time>
      </trkpt>
      <trkpt lat="48.99084219709039" lon="-120.80117186531425">
        <time>2005-09-25T16:08:32-07:00</time>
      </trkpt>
      <trkpt lat="48.99080355651677" lon="-120.80118737183511">
        <time>2005-09-25T16:08:39-07:00</time>
      </trkpt>
      <trkpt lat="48.99072635918856" lon="-120.80121939070523">
        <time>2005-09-25T16:08:45-07:00</time>
      </trkpt>
      <trkpt lat="48.990657879039645" lon="-120.80126230604947">
        <time>2005-09-25T16:08:48-07:00</time>
      </trkpt>
      <trkpt lat="48.990653436630964" lon="-120.8012639824301">
        <time>2005-09-25T16:08:53-07:00</time>
      </trkpt>
      <trkpt lat="48.99069777689874" lon="-120.80128032714128">
        <time>2005-09-25T16:08:54-07:00</time>
      </trkpt>
      <trkpt lat="48.99070104584098" lon="-120.80127873457968">
        <time>2005-09-25T16:08:59-07:00</time>
      </trkpt>
      <trkpt lat="48.99069517850876" lon="-120.80127437599003">
        <time>2005-09-25T16:09:05-07:00</time>
      </trkpt>
      <trkpt lat="48.99068201892078" lon="-120.80128703266382">
        <time>2005-09-25T16:09:07-07:00</time>
      </trkpt>
      <trkpt lat="48.99060733616352" lon="-120.80134235322475">
        <time>2005-09-25T16:09:13-07:00</time>
      </trkpt>
      <trkpt lat="48.99057640694082" lon="-120.80138141289353">
        <time>2005-09-25T16:09:16-07:00</time>
      </trkpt>
      <trkpt lat="48.9905721321702" lon="-120.80138401128352">
        <time>2005-09-25T16:09:19-07:00</time>
      </trkpt>
      <trkpt lat="48.99053265340626" lon="-120.80144033767283">
        <time>2005-09-25T16:09:22-07:00</time>
      </trkpt>
      <trkpt lat="48.99050365202129" lon="-120.80146037042141">
        <time>2005-09-25T16:09:30-07:00</time>
      </trkpt>
      <trkpt lat="48.99042352102697" lon="-120.8014711830765">
        <time>2005-09-25T16:09:31-07:00</time>
      </trkpt>
      <trkpt lat="48.99041321128607" lon="-120.80146707594395">
        <time>2005-09-25T16:09:36-07:00</time>
      </trkpt>
      <trkpt lat="48.99031857959926" lon="-120.80145810730755">
        <time>2005-09-25T16:09:38-07:00</time>
      </trkpt>
      <trkpt lat="48.990288907662034" lon="-120.80145115032792">
        <time>2005-09-25T16:09:41-07:00</time>
      </trkpt>
      <trkpt lat="48.990234676748514" lon="-120.80143882893026">
        <time>2005-09-25T16:09:47-07:00</time>
      </trkpt>
      <trkpt lat="48.99020223878324" lon="-120.8014484681189">
        <time>2005-09-25T16:09:50-07:00</time>
      </trkpt>
      <trkpt lat="48.99019142612815" lon="-120.80144637264311">
        <time>2005-09-25T16:09:53-07:00</time>
      </trkpt>
      <trkpt lat="48.99015177972615" lon="-120.80143547616899">
        <time>2005-09-25T16:09:59-07:00</time>
      </trkpt>
      <trkpt lat="48.990140883252025" lon="-120.80144570209086">
        <time>2005-09-25T16:10:03-07:00</time>
      </trkpt>
      <trkpt lat="48.990139961242676" lon="-120.80143581144512">
        <time>2005-09-25T16:10:07-07:00</time>
      </trkpt>
      <trkpt lat="48.9901146478951" lon="-120.80143396742642">
        <time>2005-09-25T16:10:08-07:00</time>
      </trkpt>
      <trkpt lat="48.99009260348976" lon="-120.80141376703978">
        <time>2005-09-25T16:10:12-07:00</time>
      </trkpt>
      <trkpt lat="48.99004432372749" lon="-120.80140982754529">
        <time>2005-09-25T16:10:17-07:00</time>
      </trkpt>
      <trkpt lat="48.98998036980629" lon="-120.80142172984779">
        <time>2005-09-25T16:10:24-07:00</time>
      </trkpt>
      <trkpt lat="48.98992454633117" lon="-120.8014281000942">
        <time>2005-09-25T16:10:26-07:00</time>
      </trkpt>
      <trkpt lat="48.98983586579561" lon="-120.80138644203544">
        <time>2005-09-25T16:10:29-07:00</time>
      </trkpt>
      <trkpt lat="48.98972765542567" lon="-120.8013451192528">
        <time>2005-09-25T16:10:31-07:00</time>
      </trkpt>
      <trkpt lat="48.98968976922333" lon="-120.80134838819504">
        <time>2005-09-25T16:10:38-07:00</time>
      </trkpt>
      <trkpt lat="48.989613158628345" lon="-120.80134813673794">
        <time>2005-09-25T16:10:42-07:00</time>
      </trkpt>
      <trkpt lat="48.98960184305906" lon="-120.80134905874729">
        <time>2005-09-25T16:10:43-07:00</time>
      </trkpt>
      <trkpt lat="48.98949287831783" lon="-120.80130765214562">
        <time>2005-09-25T16:10:44-07:00</time>
      </trkpt>
      <trkpt lat="48.98939145728946" lon="-120.80127622000873">
        <time>2005-09-25T16:10:45-07:00</time>
      </trkpt>
      <trkpt lat="48.989336136728525" lon="-120.80125987529755">
        <time>2005-09-25T16:10:49-07:00</time>
      </trkpt>
      <trkpt lat="48.98927134461701" lon="-120.80124135129154">
        <time>2005-09-25T16:10:55-07:00</time>
      </trkpt>
      <trkpt lat="48.98924745619297" lon="-120.80123431049287">
        <time>2005-09-25T16:10:56-07:00</time>
      </trkpt>
      <trkpt lat="48.98913371376693" lon="-120.8011727873236">
        <time>2005-09-25T16:11:02-07:00</time>
      </trkpt>
      <trkpt lat="48.989123068749905" lon="-120.80116608180106">
        <time>2005-09-25T16:11:03-07:00</time>
      </trkpt>
      <trkpt lat="48.989053750410676" lon="-120.80111302435398">
        <time>2005-09-25T16:11:05-07:00</time>
      </trkpt>
      <trkpt lat="48.989044865593314" lon="-120.80110313370824">
        <time>2005-09-25T16:11:10-07:00</time>
      </trkpt>
      <trkpt lat="48.98901720531285" lon="-120.8010808378458">
        <time>2005-09-25T16:11:17-07:00</time>
      </trkpt>
      <trkpt lat="48.98893363773823" lon="-120.80105803906918">
        <time>2005-09-25T16:11:18-07:00</time>
      </trkpt>
      <trkpt lat="48.988905139267445" lon="-120.80106147564948">
        <time>2005-09-25T16:11:21-07:00</time>
      </trkpt>
      <trkpt lat="48.9888711925596" lon="-120.80106650479138">
        <time>2005-09-25T16:11:28-07:00</time>
      </trkpt>
      <trkpt lat="48.98881880566478" lon="-120.80108310095966">
        <time>2005-09-25T16:11:35-07:00</time>
      </trkpt>
      <trkpt lat="48.98880321532488" lon="-120.80107723362744">
        <time>2005-09-25T16:11:36-07:00</time>
      </trkpt>
      <trkpt lat="48.98871059529483" lon="-120.80104060471058">
        <time>2005-09-25T16:13:22-07:00</time>
      </trkpt>
      <trkpt lat="48.98869374766946" lon="-120.80102459527552">
        <time>2005-09-25T16:13:23-07:00</time>
      </trkpt>
      <trkpt lat="48.98862392641604" lon="-120.80099567770958">
        <time>2005-09-25T16:13:25-07:00</time>
      </trkpt>
      <trkpt lat="48.988604648038745" lon="-120.80099215731025">
        <time>2005-09-25T16:13:26-07:00</time>
      </trkpt>
      <trkpt lat="48.9885395206511" lon="-120.80097178928554">
        <time>2005-09-25T16:13:32-07:00</time>
      </trkpt>
      <trkpt lat="48.98850607685745" lon="-120.8009603060782">
        <time>2005-09-25T16:13:36-07:00</time>
      </trkpt>
      <trkpt lat="48.98846961557865" lon="-120.80094119533896">
        <time>2005-09-25T16:13:37-07:00</time>
      </trkpt>
      <trkpt lat="48.98841974325478" lon="-120.80091294832528">
        <time>2005-09-25T16:13:42-07:00</time>
      </trkpt>
      <trkpt lat="48.98837900720537" lon="-120.80089677125216">
        <time>2005-09-25T16:13:45-07:00</time>
      </trkpt>
      <trkpt lat="48.98828093893826" lon="-120.80088051036">
        <time>2005-09-25T16:13:52-07:00</time>
      </trkpt>
      <trkpt lat="48.98823198862374" lon="-120.80087766051292">
        <time>2005-09-25T16:13:53-07:00</time>
      </trkpt>
      <trkpt lat="48.98815697059035" lon="-120.80086022615433">
        <time>2005-09-25T16:14:00-07:00</time>
      </trkpt>
      <trkpt lat="48.98807273246348" lon="-120.80086106434464">
        <time>2005-09-25T16:14:02-07:00</time>
      </trkpt>
      <trkpt lat="48.988053537905216" lon="-120.800861986354">
        <time>2005-09-25T16:14:08-07:00</time>
      </trkpt>
      <trkpt lat="48.98800383321941" lon="-120.80086810514331">
        <time>2005-09-25T16:14:13-07:00</time>
      </trkpt>
      <trkpt lat="48.98794624954462" lon="-120.80085972324014">
        <time>2005-09-25T16:14:15-07:00</time>
      </trkpt>
      <trkpt lat="48.98793728090823" lon="-120.80085569992661">
        <time>2005-09-25T16:14:20-07:00</time>
      </trkpt>
      <trkpt lat="48.98786368779838" lon="-120.80084312707186">
        <time>2005-09-25T16:14:21-07:00</time>
      </trkpt>
      <trkpt lat="48.987843822687864" lon="-120.80082678236067">
        <time>2005-09-25T16:14:23-07:00</time>
      </trkpt>
      <trkpt lat="48.98780778050423" lon="-120.80081605352461">
        <time>2005-09-25T16:14:25-07:00</time>
      </trkpt>
      <trkpt lat="48.98775287903845" lon="-120.80081664025784">
        <time>2005-09-25T16:14:29-07:00</time>
      </trkpt>
      <trkpt lat="48.98774550296366" lon="-120.80080901272595">
        <time>2005-09-25T16:14:32-07:00</time>
      </trkpt>
      <trkpt lat="48.98769102059305" lon="-120.80079074017704">
        <time>2005-09-25T16:14:35-07:00</time>
      </trkpt>
      <trkpt lat="48.987615667283535" lon="-120.8007462322712">
        <time>2005-09-25T16:14:40-07:00</time>
      </trkpt>
      <trkpt lat="48.98761139251292" lon="-120.80074120312929">
        <time>2005-09-25T16:14:47-07:00</time>
      </trkpt>
      <trkpt lat="48.987538889050484" lon="-120.80069409683347">
        <time>2005-09-25T16:14:55-07:00</time>
      </trkpt>
      <trkpt lat="48.98750636726618" lon="-120.80067641101778">
        <time>2005-09-25T16:14:58-07:00</time>
      </trkpt>
      <trkpt lat="48.98745406419039" lon="-120.80064883455634">
        <time>2005-09-25T16:15:03-07:00</time>
      </trkpt>
      <trkpt lat="48.987410897389054" lon="-120.80064916983247">
        <time>2005-09-25T16:15:04-07:00</time>
      </trkpt>
      <trkpt lat="48.987324982881546" lon="-120.80061086453497">
        <time>2005-09-25T16:15:11-07:00</time>
      </trkpt>
      <trkpt lat="48.98718089796603" lon="-120.80057063139975">
        <time>2005-09-25T16:15:19-07:00</time>
      </trkpt>
      <trkpt lat="48.98714887909591" lon="-120.80056962557137">
        <time>2005-09-25T16:15:25-07:00</time>
      </trkpt>
      <trkpt lat="48.987110909074545" lon="-120.80053760670125">
        <time>2005-09-25T16:15:29-07:00</time>
      </trkpt>
      <trkpt lat="48.98709657602012" lon="-120.8005287218839">
        <time>2005-09-25T16:15:31-07:00</time>
      </trkpt>
      <trkpt lat="48.987047877162695" lon="-120.80050868913531">
        <time>2005-09-25T16:15:40-07:00</time>
      </trkpt>
      <trkpt lat="48.98703966289759" lon="-120.80049678683281">
        <time>2005-09-25T16:15:41-07:00</time>
      </trkpt>
      <trkpt lat="48.98696498014033" lon="-120.80047256313264">
        <time>2005-09-25T16:15:46-07:00</time>
      </trkpt>
      <trkpt lat="48.98695366457105" lon="-120.8004663605243">
        <time>2005-09-25T16:15:47-07:00</time>
      </trkpt>
      <trkpt lat="48.98688769899309" lon="-120.80044280737638">
        <time>2005-09-25T16:15:50-07:00</time>
      </trkpt>
      <trkpt lat="48.98687965236604" lon="-120.80044096335769">
        <time>2005-09-25T16:15:56-07:00</time>
      </trkpt>
      <trkpt lat="48.986836737021804" lon="-120.8004209306091">
        <time>2005-09-25T16:15:58-07:00</time>
      </trkpt>
      <trkpt lat="48.986801616847515" lon="-120.80040701664984">
        <time>2005-09-25T16:16:02-07:00</time>
      </trkpt>
      <trkpt lat="48.986674128100276" lon="-120.80036049708724">
        <time>2005-09-25T16:16:07-07:00</time>
      </trkpt>
      <trkpt lat="48.986668260768056" lon="-120.80035454593599">
        <time>2005-09-25T16:16:08-07:00</time>
      </trkpt>
      <trkpt lat="48.98662014864385" lon="-120.80033074133098">
        <time>2005-09-25T16:16:15-07:00</time>
      </trkpt>
      <trkpt lat="48.986578322947025" lon="-120.80030291341245">
        <time>2005-09-25T16:16:17-07:00</time>
      </trkpt>
      <trkpt lat="48.98646969348192" lon="-120.80019730143249">
        <time>2005-09-25T16:16:21-07:00</time>
      </trkpt>
      <trkpt lat="48.98645728826523" lon="-120.80018900334835">
        <time>2005-09-25T16:16:22-07:00</time>
      </trkpt>
      <trkpt lat="48.986327117308974" lon="-120.80014877021313">
        <time>2005-09-25T16:16:28-07:00</time>
      </trkpt>
      <trkpt lat="48.98617154918611" lon="-120.80018179491162">
        <time>2005-09-25T16:16:31-07:00</time>
      </trkpt>
      <trkpt lat="48.98616115562618" lon="-120.80018087290227">
        <time>2005-09-25T16:16:34-07:00</time>
      </trkpt>
      <trkpt lat="48.98606166243553" lon="-120.80018154345453">
        <time>2005-09-25T16:16:38-07:00</time>
      </trkpt>
      <trkpt lat="48.98604724556208" lon="-120.80017768777907">
        <time>2005-09-25T16:16:41-07:00</time>
      </trkpt>
      <trkpt lat="48.986006174236536" lon="-120.80016855150461">
        <time>2005-09-25T16:16:49-07:00</time>
      </trkpt>
      <trkpt lat="48.985977843403816" lon="-120.80014742910862">
        <time>2005-09-25T16:16:52-07:00</time>
      </trkpt>
      <trkpt lat="48.985977256670594" lon="-120.80014172941446">
        <time>2005-09-25T16:16:57-07:00</time>
      </trkpt>
      <trkpt lat="48.985939119011164" lon="-120.80007752403617">
        <time>2005-09-25T16:17:03-07:00</time>
      </trkpt>
      <trkpt lat="48.98590768687427" lon="-120.80004525370896">
        <time>2005-09-25T16:17:05-07:00</time>
      </trkpt>
      <trkpt lat="48.98588337935507" lon="-120.7999742589891">
        <time>2005-09-25T16:17:13-07:00</time>
      </trkpt>
      <trkpt lat="48.985797548666596" lon="-120.79995984211564">
        <time>2005-09-25T16:17:16-07:00</time>
      </trkpt>
      <trkpt lat="48.985775923356414" lon="-120.79995238222182">
        <time>2005-09-25T16:17:17-07:00</time>
      </trkpt>
      <trkpt lat="48.985633766278625" lon="-120.79995213076472">
        <time>2005-09-25T16:17:21-07:00</time>
      </trkpt>
      <trkpt lat="48.98550795391202" lon="-120.79993134364486">
        <time>2005-09-25T16:17:24-07:00</time>
      </trkpt>
      <trkpt lat="48.9854243863374" lon="-120.79993955790997">
        <time>2005-09-25T16:17:27-07:00</time>
      </trkpt>
      <trkpt lat="48.985351379960775" lon="-120.79989873804152">
        <time>2005-09-25T16:17:31-07:00</time>
      </trkpt>
      <trkpt lat="48.98531458340585" lon="-120.79986747354269">
        <time>2005-09-25T16:17:33-07:00</time>
      </trkpt>
      <trkpt lat="48.98530234582722" lon="-120.7998651266098">
        <time>2005-09-25T16:17:38-07:00</time>
      </trkpt>
      <trkpt lat="48.9852412417531" lon="-120.79982782714069">
        <time>2005-09-25T16:17:45-07:00</time>
      </trkpt>
      <trkpt lat="48.98523009382188" lon="-120.79981768503785">
        <time>2005-09-25T16:17:46-07:00</time>
      </trkpt>
      <trkpt lat="48.98520058952272" lon="-120.79977979883552">
        <time>2005-09-25T16:17:52-07:00</time>
      </trkpt>
      <trkpt lat="48.9851875975728" lon="-120.79977099783719">
        <time>2005-09-25T16:17:55-07:00</time>
      </trkpt>
      <trkpt lat="48.985180892050266" lon="-120.79975876025856">
        <time>2005-09-25T16:17:59-07:00</time>
      </trkpt>
      <trkpt lat="48.98511023260653" lon="-120.79971383325756">
        <time>2005-09-25T16:18:01-07:00</time>
      </trkpt>
      <trkpt lat="48.98510159924626" lon="-120.79970193095505">
        <time>2005-09-25T16:18:08-07:00</time>
      </trkpt>
      <trkpt lat="48.98500822484493" lon="-120.79963336698711">
        <time>2005-09-25T16:18:18-07:00</time>
      </trkpt>
      <trkpt lat="48.98499104194343" lon="-120.79962867312133">
        <time>2005-09-25T16:18:20-07:00</time>
      </trkpt>
      <trkpt lat="48.98493622429669" lon="-120.79960897564888">
        <time>2005-09-25T16:18:25-07:00</time>
      </trkpt>
      <trkpt lat="48.984842179343104" lon="-120.79956756904721">
        <time>2005-09-25T16:18:26-07:00</time>
      </trkpt>
      <trkpt lat="48.98470505140722" lon="-120.79950839281082">
        <time>2005-09-25T16:18:31-07:00</time>
      </trkpt>
      <trkpt lat="48.984679067507386" lon="-120.79949665814638">
        <time>2005-09-25T16:18:32-07:00</time>
      </trkpt>
      <trkpt lat="48.98465978913009" lon="-120.79948291182518">
        <time>2005-09-25T16:18:38-07:00</time>
      </trkpt>
      <trkpt lat="48.98460287600756" lon="-120.79944745637476">
        <time>2005-09-25T16:18:39-07:00</time>
      </trkpt>
      <trkpt lat="48.98458066396415" lon="-120.79943463206291">
        <time>2005-09-25T16:18:45-07:00</time>
      </trkpt>
      <trkpt lat="48.98453699424863" lon="-120.79941962845623">
        <time>2005-09-25T16:18:46-07:00</time>
      </trkpt>
      <trkpt lat="48.984443536028266" lon="-120.79939481802285">
        <time>2005-09-25T16:18:51-07:00</time>
      </trkpt>
      <trkpt lat="48.984421491622925" lon="-120.79939079470932">
        <time>2005-09-25T16:18:55-07:00</time>
      </trkpt>
      <trkpt lat="48.98434471338987" lon="-120.79936045221984">
        <time>2005-09-25T16:19:01-07:00</time>
      </trkpt>
      <trkpt lat="48.984294924885035" lon="-120.79934226348996">
        <time>2005-09-25T16:19:02-07:00</time>
      </trkpt>
      <trkpt lat="48.9841396920383" lon="-120.7992818299681">
        <time>2005-09-25T16:19:07-07:00</time>
      </trkpt>
      <trkpt lat="48.984082946553826" lon="-120.79925794154406">
        <time>2005-09-25T16:19:11-07:00</time>
      </trkpt>
      <trkpt lat="48.983974903821945" lon="-120.79919650219381">
        <time>2005-09-25T16:19:19-07:00</time>
      </trkpt>
      <trkpt lat="48.98387935012579" lon="-120.79915777780116">
        <time>2005-09-25T16:19:20-07:00</time>
      </trkpt>
      <trkpt lat="48.98380374535918" lon="-120.7991108391434">
        <time>2005-09-25T16:19:28-07:00</time>
      </trkpt>
      <trkpt lat="48.98377080447972" lon="-120.79908661544323">
        <time>2005-09-25T16:19:37-07:00</time>
      </trkpt>
      <trkpt lat="48.983685141429305" lon="-120.79902752302587">
        <time>2005-09-25T16:19:38-07:00</time>
      </trkpt>
      <trkpt lat="48.983670473098755" lon="-120.79901738092303">
        <time>2005-09-25T16:19:44-07:00</time>
      </trkpt>
      <trkpt lat="48.98359746672213" lon="-120.7989607192576">
        <time>2005-09-25T16:19:46-07:00</time>
      </trkpt>
      <trkpt lat="48.983540050685406" lon="-120.79893331043422">
        <time>2005-09-25T16:19:49-07:00</time>
      </trkpt>
      <trkpt lat="48.98349788971245" lon="-120.79891059547663">
        <time>2005-09-25T16:19:54-07:00</time>
      </trkpt>
      <trkpt lat="48.98343770764768" lon="-120.79887128435075">
        <time>2005-09-25T16:19:55-07:00</time>
      </trkpt>
      <trkpt lat="48.98335011675954" lon="-120.79881655052304">
        <time>2005-09-25T16:20:01-07:00</time>
      </trkpt>
      <trkpt lat="48.98332396522164" lon="-120.79879584722221">
        <time>2005-09-25T16:20:04-07:00</time>
      </trkpt>
      <trkpt lat="48.98331508040428" lon="-120.79878813587129">
        <time>2005-09-25T16:20:09-07:00</time>
      </trkpt>
      <trkpt lat="48.983257161453366" lon="-120.7987326476723">
        <time>2005-09-25T16:20:15-07:00</time>
      </trkpt>
      <trkpt lat="48.98322212509811" lon="-120.79869358800352">
        <time>2005-09-25T16:20:16-07:00</time>
      </trkpt>
      <trkpt lat="48.98321424610913" lon="-120.79868780449033">
        <time>2005-09-25T16:20:23-07:00</time>
      </trkpt>
      <trkpt lat="48.98319127969444" lon="-120.79864505678415">
        <time>2005-09-25T16:20:28-07:00</time>
      </trkpt>
      <trkpt lat="48.98318507708609" lon="-120.79863550141454">
        <time>2005-09-25T16:20:34-07:00</time>
      </trkpt>
      <trkpt lat="48.98315909318626" lon="-120.79859769903123">
        <time>2005-09-25T16:20:40-07:00</time>
      </trkpt>
      <trkpt lat="48.98314543068409" lon="-120.79858697019517">
        <time>2005-09-25T16:20:46-07:00</time>
      </trkpt>
      <trkpt lat="48.983042081817985" lon="-120.79850130714476">
        <time>2005-09-25T16:20:47-07:00</time>
      </trkpt>
      <trkpt lat="48.98293127305806" lon="-120.79844363965094">
        <time>2005-09-25T16:20:52-07:00</time>
      </trkpt>
      <trkpt lat="48.982877880334854" lon="-120.79839007928967">
        <time>2005-09-25T16:20:53-07:00</time>
      </trkpt>
      <trkpt lat="48.98284116759896" lon="-120.79831279814243">
        <time>2005-09-25T16:20:57-07:00</time>
      </trkpt>
      <trkpt lat="48.982776794582605" lon="-120.79823736101389">
        <time>2005-09-25T16:20:59-07:00</time>
      </trkpt>
      <trkpt lat="48.98275122977793" lon="-120.7981726527214">
        <time>2005-09-25T16:21:00-07:00</time>
      </trkpt>
      <trkpt lat="48.98270362056792" lon="-120.79810115508735">
        <time>2005-09-25T16:21:06-07:00</time>
      </trkpt>
      <trkpt lat="48.98269205354154" lon="-120.79807039350271">
        <time>2005-09-25T16:21:08-07:00</time>
      </trkpt>
      <trkpt lat="48.98267881013453" lon="-120.79804818145931">
        <time>2005-09-25T16:21:16-07:00</time>
      </trkpt>
      <trkpt lat="48.98259817622602" lon="-120.7979675475508">
        <time>2005-09-25T16:21:18-07:00</time>
      </trkpt>
      <trkpt lat="48.982570515945554" lon="-120.79793938435614">
        <time>2005-09-25T16:21:22-07:00</time>
      </trkpt>
      <trkpt lat="48.98253648541868" lon="-120.797925805673">
        <time>2005-09-25T16:21:28-07:00</time>
      </trkpt>
      <trkpt lat="48.982528019696474" lon="-120.79791859723628">
        <time>2005-09-25T16:21:38-07:00</time>
      </trkpt>
      <trkpt lat="48.982521649450064" lon="-120.79791147261858">
        <time>2005-09-25T16:21:39-07:00</time>
      </trkpt>
      <trkpt lat="48.982493905350566" lon="-120.79788381233811">
        <time>2005-09-25T16:21:41-07:00</time>
      </trkpt>
      <trkpt lat="48.98243699222803" lon="-120.79783142544329">
        <time>2005-09-25T16:21:46-07:00</time>
      </trkpt>
      <trkpt lat="48.98241410963237" lon="-120.79780577681959">
        <time>2005-09-25T16:21:49-07:00</time>
      </trkpt>
      <trkpt lat="48.98236800916493" lon="-120.79775028862059">
        <time>2005-09-25T16:21:52-07:00</time>
      </trkpt>
      <trkpt lat="48.98235795088112" lon="-120.79773293808103">
        <time>2005-09-25T16:21:59-07:00</time>
      </trkpt>
      <trkpt lat="48.982324339449406" lon="-120.7976929564029">
        <time>2005-09-25T16:22:01-07:00</time>
      </trkpt>
      <trkpt lat="48.98226826451719" lon="-120.79765565693378">
        <time>2005-09-25T16:22:08-07:00</time>
      </trkpt>
      <trkpt lat="48.98225954733789" lon="-120.7976464368403">
        <time>2005-09-25T16:22:10-07:00</time>
      </trkpt>
      <trkpt lat="48.98214957676828" lon="-120.79754887148738">
        <time>2005-09-25T16:22:21-07:00</time>
      </trkpt>
      <trkpt lat="48.98207673802972" lon="-120.79749086871743">
        <time>2005-09-25T16:22:25-07:00</time>
      </trkpt>
      <trkpt lat="48.98206810466945" lon="-120.79748407937586">
        <time>2005-09-25T16:22:32-07:00</time>
      </trkpt>
      <trkpt lat="48.98202661424875" lon="-120.79744627699256">
        <time>2005-09-25T16:22:40-07:00</time>
      </trkpt>
      <trkpt lat="48.981976825743914" lon="-120.79741006717086">
        <time>2005-09-25T16:22:46-07:00</time>
      </trkpt>
      <trkpt lat="48.98200633004308" lon="-120.79738014377654">
        <time>2005-09-25T16:22:50-07:00</time>
      </trkpt>
      <trkpt lat="48.982001803815365" lon="-120.79737863503397">
        <time>2005-09-25T16:22:55-07:00</time>
      </trkpt>
      <trkpt lat="48.98204849101603" lon="-120.79739598557353">
        <time>2005-09-25T16:22:56-07:00</time>
      </trkpt>
      <trkpt lat="48.98206609301269" lon="-120.79737519845366">
        <time>2005-09-25T16:23:01-07:00</time>
      </trkpt>
      <trkpt lat="48.98206114768982" lon="-120.79737293533981">
        <time>2005-09-25T16:23:05-07:00</time>
      </trkpt>
      <trkpt lat="48.98205620236695" lon="-120.79737117514014">
        <time>2005-09-25T16:23:08-07:00</time>
      </trkpt>
      <trkpt lat="48.982034577056766" lon="-120.7973697502166">
        <time>2005-09-25T16:23:14-07:00</time>
      </trkpt>
      <trkpt lat="48.98202418349683" lon="-120.79736874438822">
        <time>2005-09-25T16:23:20-07:00</time>
      </trkpt>
      <trkpt lat="48.98200197145343" lon="-120.79737100750208">
        <time>2005-09-25T16:23:23-07:00</time>
      </trkpt>
      <trkpt lat="48.98199920542538" lon="-120.79742473550141">
        <time>2005-09-25T16:23:24-07:00</time>
      </trkpt>
      <trkpt lat="48.982004318386316" lon="-120.79742800444365">
        <time>2005-09-25T16:23:29-07:00</time>
      </trkpt>
      <trkpt lat="48.98201370611787" lon="-120.79739799723029">
        <time>2005-09-25T16:23:32-07:00</time>
      </trkpt>
      <trkpt lat="48.98199853487313" lon="-120.797362877056">
        <time>2005-09-25T16:23:33-07:00</time>
      </trkpt>
      <trkpt lat="48.98199811577797" lon="-120.79737083986402">
        <time>2005-09-25T16:23:37-07:00</time>
      </trkpt>
      <trkpt lat="48.981964169070125" lon="-120.79739338718355">
        <time>2005-09-25T16:23:38-07:00</time>
      </trkpt>
      <trkpt lat="48.98193860426545" lon="-120.79740336164832">
        <time>2005-09-25T16:23:41-07:00</time>
      </trkpt>
      <trkpt lat="48.981918906793" lon="-120.79741057008505">
        <time>2005-09-25T16:23:43-07:00</time>
      </trkpt>
      <trkpt lat="48.98191739805043" lon="-120.79740922898054">
        <time>2005-09-25T16:23:50-07:00</time>
      </trkpt>
      <trkpt lat="48.981913374736905" lon="-120.79737033694983">
        <time>2005-09-25T16:23:59-07:00</time>
      </trkpt>
      <trkpt lat="48.98191354237497" lon="-120.79735893756151">
        <time>2005-09-25T16:24:04-07:00</time>
      </trkpt>
      <trkpt lat="48.981916727498174" lon="-120.79737394116819">
        <time>2005-09-25T16:24:09-07:00</time>
      </trkpt>
      <trkpt lat="48.98196576163173" lon="-120.79740319401026">
        <time>2005-09-25T16:24:14-07:00</time>
      </trkpt>
      <trkpt lat="48.981953440234065" lon="-120.797458011657">
        <time>2005-09-25T16:24:17-07:00</time>
      </trkpt>
      <trkpt lat="48.9819101896137" lon="-120.7974355481565">
        <time>2005-09-25T16:24:22-07:00</time>
      </trkpt>
      <trkpt lat="48.98187263868749" lon="-120.79740419983864">
        <time>2005-09-25T16:24:25-07:00</time>
      </trkpt>
      <trkpt lat="48.98185109719634" lon="-120.7973871845752">
        <time>2005-09-25T16:24:27-07:00</time>
      </trkpt>
      <trkpt lat="48.98180725984275" lon="-120.79734435305">
        <time>2005-09-25T16:24:32-07:00</time>
      </trkpt>
      <trkpt lat="48.98178848437965" lon="-120.79732121899724">
        <time>2005-09-25T16:24:34-07:00</time>
      </trkpt>
      <trkpt lat="48.98174691013992" lon="-120.79725651070476">
        <time>2005-09-25T16:24:39-07:00</time>
      </trkpt>
      <trkpt lat="48.98171916604042" lon="-120.79722683876753">
        <time>2005-09-25T16:24:40-07:00</time>
      </trkpt>
      <trkpt lat="48.98165948688984" lon="-120.79717235639691">
        <time>2005-09-25T16:24:41-07:00</time>
      </trkpt>
      <trkpt lat="48.98161640390754" lon="-120.79713128507137">
        <time>2005-09-25T16:24:45-07:00</time>
      </trkpt>
      <trkpt lat="48.98160223849118" lon="-120.79711535945535">
        <time>2005-09-25T16:24:50-07:00</time>
      </trkpt>
      <trkpt lat="48.981570387259126" lon="-120.79708199948072">
        <time>2005-09-25T16:24:52-07:00</time>
      </trkpt>
      <trkpt lat="48.98153996095061" lon="-120.7970449514687">
        <time>2005-09-25T16:24:56-07:00</time>
      </trkpt>
      <trkpt lat="48.981505846604705" lon="-120.79700756818056">
        <time>2005-09-25T16:24:58-07:00</time>
      </trkpt>
      <trkpt lat="48.98148103617132" lon="-120.7969780638814">
        <time>2005-09-25T16:25:02-07:00</time>
      </trkpt>
      <trkpt lat="48.981472654268146" lon="-120.79696607775986">
        <time>2005-09-25T16:25:07-07:00</time>
      </trkpt>
      <trkpt lat="48.981398390606046" lon="-120.79688913188875">
        <time>2005-09-25T16:25:08-07:00</time>
      </trkpt>
      <trkpt lat="48.98137374781072" lon="-120.79686784185469">
        <time>2005-09-25T16:25:16-07:00</time>
      </trkpt>
      <trkpt lat="48.98087251000106" lon="-120.7958363648504">
        <time>2005-09-25T16:25:24-07:00</time>
      </trkpt>
      <trkpt lat="48.98077938705683" lon="-120.79576126299798">
        <time>2005-09-25T16:25:25-07:00</time>
      </trkpt>
      <trkpt lat="48.980758683755994" lon="-120.79575925134122">
        <time>2005-09-25T16:25:28-07:00</time>
      </trkpt>
      <trkpt lat="48.98069213144481" lon="-120.79574047587812">
        <time>2005-09-25T16:25:33-07:00</time>
      </trkpt>
      <trkpt lat="48.980655083432794" lon="-120.79572706483305">
        <time>2005-09-25T16:25:41-07:00</time>
      </trkpt>
      <trkpt lat="48.98059196770191" lon="-120.79560871236026">
        <time>2005-09-25T16:25:44-07:00</time>
      </trkpt>
      <trkpt lat="48.98052843287587" lon="-120.79547803848982">
        <time>2005-09-25T16:25:46-07:00</time>
      </trkpt>
      <trkpt lat="48.98052541539073" lon="-120.79546613618731">
        <time>2005-09-25T16:25:47-07:00</time>
      </trkpt>
      <trkpt lat="48.98047596216202" lon="-120.79537527635694">
        <time>2005-09-25T16:25:49-07:00</time>
      </trkpt>
      <trkpt lat="48.980447463691235" lon="-120.7953492924571">
        <time>2005-09-25T16:25:51-07:00</time>
      </trkpt>
      <trkpt lat="48.98032936267555" lon="-120.7952665630728">
        <time>2005-09-25T16:25:53-07:00</time>
      </trkpt>
      <trkpt lat="48.98021562024951" lon="-120.7952218875289">
        <time>2005-09-25T16:25:55-07:00</time>
      </trkpt>
      <trkpt lat="48.980180751532316" lon="-120.79518970102072">
        <time>2005-09-25T16:26:03-07:00</time>
      </trkpt>
      <trkpt lat="48.98012266494334" lon="-120.79514091834426">
        <time>2005-09-25T16:26:13-07:00</time>
      </trkpt>
      <trkpt lat="48.98011051118374" lon="-120.79512767493725">
        <time>2005-09-25T16:26:15-07:00</time>
      </trkpt>
      <trkpt lat="48.9800469763577" lon="-120.79505609348416">
        <time>2005-09-25T16:26:23-07:00</time>
      </trkpt>
      <trkpt lat="48.979964163154364" lon="-120.79495886340737">
        <time>2005-09-25T16:26:31-07:00</time>
      </trkpt>
      <trkpt lat="48.979954943060875" lon="-120.79494277015328">
        <time>2005-09-25T16:26:40-07:00</time>
      </trkpt>
      <trkpt lat="48.97990087978542" lon="-120.79481218010187">
        <time>2005-09-25T16:26:48-07:00</time>
      </trkpt>
      <trkpt lat="48.97988026030362" lon="-120.79477965831757">
        <time>2005-09-25T16:26:52-07:00</time>
      </trkpt>
      <trkpt lat="48.97982871159911" lon="-120.79474629834294">
        <time>2005-09-25T16:26:55-07:00</time>
      </trkpt>
      <trkpt lat="48.97979753091931" lon="-120.79474252648652">
        <time>2005-09-25T16:26:57-07:00</time>
      </trkpt>
      <trkpt lat="48.97969510406256" lon="-120.79474780708551">
        <time>2005-09-25T16:27:05-07:00</time>
      </trkpt>
      <trkpt lat="48.979670042172074" lon="-120.79473204910755">
        <time>2005-09-25T16:27:07-07:00</time>
      </trkpt>
      <trkpt lat="48.97964430972934" lon="-120.79469642601907">
        <time>2005-09-25T16:27:13-07:00</time>
      </trkpt>
      <trkpt lat="48.979624612256885" lon="-120.79458394087851">
        <time>2005-09-25T16:27:21-07:00</time>
      </trkpt>
      <trkpt lat="48.979579182341695" lon="-120.79450238496065">
        <time>2005-09-25T16:27:33-07:00</time>
      </trkpt>
      <trkpt lat="48.97949737496674" lon="-120.79448386095464">
        <time>2005-09-25T16:27:43-07:00</time>
      </trkpt>
      <trkpt lat="48.979407185688615" lon="-120.79448193311691">
        <time>2005-09-25T16:27:47-07:00</time>
      </trkpt>
      <trkpt lat="48.97933501750231" lon="-120.79443834722042">
        <time>2005-09-25T16:27:49-07:00</time>
      </trkpt>
      <trkpt lat="48.97931473329663" lon="-120.7944184821099">
        <time>2005-09-25T16:27:52-07:00</time>
      </trkpt>
      <trkpt lat="48.97920769639313" lon="-120.79433055594563">
        <time>2005-09-25T16:27:54-07:00</time>
      </trkpt>
      <trkpt lat="48.979134606197476" lon="-120.79428931698203">
        <time>2005-09-25T16:28:01-07:00</time>
      </trkpt>
      <trkpt lat="48.97907274775207" lon="-120.79424011521041">
        <time>2005-09-25T16:28:05-07:00</time>
      </trkpt>
      <trkpt lat="48.979063192382455" lon="-120.7942271232605">
        <time>2005-09-25T16:28:10-07:00</time>
      </trkpt>
      <trkpt lat="48.97901734337211" lon="-120.79415319487453">
        <time>2005-09-25T16:28:13-07:00</time>
      </trkpt>
      <trkpt lat="48.978948360309005" lon="-120.79404305666685">
        <time>2005-09-25T16:28:14-07:00</time>
      </trkpt>
      <trkpt lat="48.978875018656254" lon="-120.79394876025617">
        <time>2005-09-25T16:28:16-07:00</time>
      </trkpt>
      <trkpt lat="48.97880142554641" lon="-120.7939142268151">
        <time>2005-09-25T16:28:18-07:00</time>
      </trkpt>
      <trkpt lat="48.97875968366861" lon="-120.79384926706553">
        <time>2005-09-25T16:28:21-07:00</time>
      </trkpt>
      <trkpt lat="48.978655664250255" lon="-120.79374013468623">
        <time>2005-09-25T16:28:23-07:00</time>
      </trkpt>
      <trkpt lat="48.97856614552438" lon="-120.7937260530889">
        <time>2005-09-25T16:28:24-07:00</time>
      </trkpt>
      <trkpt lat="48.97845868952572" lon="-120.7936660386622">
        <time>2005-09-25T16:28:30-07:00</time>
      </trkpt>
      <trkpt lat="48.97838090546429" lon="-120.79357861541212">
        <time>2005-09-25T16:28:32-07:00</time>
      </trkpt>
      <trkpt lat="48.978372775018215" lon="-120.79356797039509">
        <time>2005-09-25T16:28:40-07:00</time>
      </trkpt>
      <trkpt lat="48.97834067232907" lon="-120.79354584217072">
        <time>2005-09-25T16:28:50-07:00</time>
      </trkpt>
      <trkpt lat="48.97827328182757" lon="-120.79352103173733">
        <time>2005-09-25T16:28:58-07:00</time>
      </trkpt>
      <trkpt lat="48.97814780473709" lon="-120.79350049607456">
        <time>2005-09-25T16:29:07-07:00</time>
      </trkpt>
      <trkpt lat="48.978063482791185" lon="-120.79343939200044">
        <time>2005-09-25T16:29:14-07:00</time>
      </trkpt>
      <trkpt lat="48.97799525409937" lon="-120.79338331706822">
        <time>2005-09-25T16:29:22-07:00</time>
      </trkpt>
      <trkpt lat="48.97789416834712" lon="-120.79330829903483">
        <time>2005-09-25T16:29:29-07:00</time>
      </trkpt>
      <trkpt lat="48.977820072323084" lon="-120.79316195100546">
        <time>2005-09-25T16:29:39-07:00</time>
      </trkpt>
      <trkpt lat="48.97775486111641" lon="-120.79302767291665">
        <time>2005-09-25T16:29:46-07:00</time>
      </trkpt>
      <trkpt lat="48.977687638252974" lon="-120.79286154359579">
        <time>2005-09-25T16:29:47-07:00</time>
      </trkpt>
      <trkpt lat="48.97762133739889" lon="-120.7927400059998">
        <time>2005-09-25T16:29:51-07:00</time>
      </trkpt>
      <trkpt lat="48.977554785087705" lon="-120.79259944148362">
        <time>2005-09-25T16:29:54-07:00</time>
      </trkpt>
      <trkpt lat="48.9775048289448" lon="-120.79247295856476">
        <time>2005-09-25T16:30:01-07:00</time>
      </trkpt>
      <trkpt lat="48.97744523361325" lon="-120.79234605655074">
        <time>2005-09-25T16:30:08-07:00</time>
      </trkpt>
      <trkpt lat="48.97736560553312" lon="-120.79223516397178">
        <time>2005-09-25T16:30:09-07:00</time>
      </trkpt>
      <trkpt lat="48.97726527415216" lon="-120.79214153811336">
        <time>2005-09-25T16:30:15-07:00</time>
      </trkpt>
      <trkpt lat="48.97717349231243" lon="-120.79206492751837">
        <time>2005-09-25T16:30:17-07:00</time>
      </trkpt>
      <trkpt lat="48.97716083563864" lon="-120.79206082038581">
        <time>2005-09-25T16:30:24-07:00</time>
      </trkpt>
      <trkpt lat="48.97705715149641" lon="-120.79199192114174">
        <time>2005-09-25T16:30:32-07:00</time>
      </trkpt>
      <trkpt lat="48.97702245041728" lon="-120.7919558789581">
        <time>2005-09-25T16:30:35-07:00</time>
      </trkpt>
      <trkpt lat="48.97697785869241" lon="-120.7919270452112">
        <time>2005-09-25T16:30:39-07:00</time>
      </trkpt>
      <trkpt lat="48.976937709376216" lon="-120.79190692864358">
        <time>2005-09-25T16:30:40-07:00</time>
      </trkpt>
      <trkpt lat="48.976814076304436" lon="-120.7918044179678">
        <time>2005-09-25T16:30:46-07:00</time>
      </trkpt>
      <trkpt lat="48.97674693726003" lon="-120.79170576296747">
        <time>2005-09-25T16:30:54-07:00</time>
      </trkpt>
      <trkpt lat="48.97670301608741" lon="-120.79166108742356">
        <time>2005-09-25T16:30:55-07:00</time>
      </trkpt>
      <trkpt lat="48.97666102275252" lon="-120.79158581793308">
        <time>2005-09-25T16:31:03-07:00</time>
      </trkpt>
      <trkpt lat="48.97663688287139" lon="-120.79151373356581">
        <time>2005-09-25T16:31:05-07:00</time>
      </trkpt>
      <trkpt lat="48.97659732028842" lon="-120.79144550487399">
        <time>2005-09-25T16:31:09-07:00</time>
      </trkpt>
      <trkpt lat="48.9765533991158" lon="-120.79140787012875">
        <time>2005-09-25T16:31:11-07:00</time>
      </trkpt>
      <trkpt lat="48.976493468508124" lon="-120.79133545048535">
        <time>2005-09-25T16:31:18-07:00</time>
      </trkpt>
      <trkpt lat="48.97647209465504" lon="-120.79131273552775">
        <time>2005-09-25T16:31:20-07:00</time>
      </trkpt>
      <trkpt lat="48.976415768265724" lon="-120.79125213436782">
        <time>2005-09-25T16:31:24-07:00</time>
      </trkpt>
      <trkpt lat="48.97632323205471" lon="-120.79115238972008">
        <time>2005-09-25T16:31:29-07:00</time>
      </trkpt>
      <trkpt lat="48.97629481740296" lon="-120.79111626371741">
        <time>2005-09-25T16:31:34-07:00</time>
      </trkpt>
      <trkpt lat="48.97621133364737" lon="-120.79105113632977">
        <time>2005-09-25T16:31:39-07:00</time>
      </trkpt>
      <trkpt lat="48.97620144300163" lon="-120.79103764146566">
        <time>2005-09-25T16:31:45-07:00</time>
      </trkpt>
      <trkpt lat="48.976126005873084" lon="-120.7909478712827">
        <time>2005-09-25T16:31:51-07:00</time>
      </trkpt>
      <trkpt lat="48.976104129105806" lon="-120.7909270003438">
        <time>2005-09-25T16:31:53-07:00</time>
      </trkpt>
      <trkpt lat="48.976010251790285" lon="-120.79085374251008">
        <time>2005-09-25T16:32:00-07:00</time>
      </trkpt>
      <trkpt lat="48.97599927149713" lon="-120.79084125347435">
        <time>2005-09-25T16:32:05-07:00</time>
      </trkpt>
      <trkpt lat="48.975927690044045" lon="-120.79077495262027">
        <time>2005-09-25T16:32:10-07:00</time>
      </trkpt>
      <trkpt lat="48.97591729648411" lon="-120.79076028428972">
        <time>2005-09-25T16:32:11-07:00</time>
      </trkpt>
      <trkpt lat="48.975848983973265" lon="-120.79066146165133">
        <time>2005-09-25T16:32:16-07:00</time>
      </trkpt>
      <trkpt lat="48.9757692720741" lon="-120.79059407114983">
        <time>2005-09-25T16:32:23-07:00</time>
      </trkpt>
      <trkpt lat="48.975629629567266" lon="-120.79050128348172">
        <time>2005-09-25T16:32:29-07:00</time>
      </trkpt>
      <trkpt lat="48.97552301175892" lon="-120.79042282886803">
        <time>2005-09-25T16:32:35-07:00</time>
      </trkpt>
      <trkpt lat="48.975383872166276" lon="-120.79036742448807">
        <time>2005-09-25T16:32:41-07:00</time>
      </trkpt>
      <trkpt lat="48.97526007145643" lon="-120.7903175521642">
        <time>2005-09-25T16:32:49-07:00</time>
      </trkpt>
      <trkpt lat="48.97522277198732" lon="-120.79029575921595">
        <time>2005-09-25T16:32:55-07:00</time>
      </trkpt>
      <trkpt lat="48.97519209422171" lon="-120.79026382416487">
        <time>2005-09-25T16:33:02-07:00</time>
      </trkpt>
      <trkpt lat="48.97512277588248" lon="-120.79019157215953">
        <time>2005-09-25T16:33:09-07:00</time>
      </trkpt>
      <trkpt lat="48.97510936483741" lon="-120.79017480835319">
        <time>2005-09-25T16:33:10-07:00</time>
      </trkpt>
      <trkpt lat="48.975051026791334" lon="-120.79009241424501">
        <time>2005-09-25T16:33:13-07:00</time>
      </trkpt>
      <trkpt lat="48.974984558299184" lon="-120.79005310311913">
        <time>2005-09-25T16:33:17-07:00</time>
      </trkpt>
      <trkpt lat="48.974973326548934" lon="-120.79004807397723">
        <time>2005-09-25T16:33:25-07:00</time>
      </trkpt>
      <trkpt lat="48.974888417869806" lon="-120.79003466293216">
        <time>2005-09-25T16:33:32-07:00</time>
      </trkpt>
      <trkpt lat="48.97487232461572" lon="-120.79003005288541">
        <time>2005-09-25T16:33:38-07:00</time>
      </trkpt>
      <trkpt lat="48.9748091250658" lon="-120.78999719582498">
        <time>2005-09-25T16:33:46-07:00</time>
      </trkpt>
      <trkpt lat="48.974717343226075" lon="-120.78994707204401">
        <time>2005-09-25T16:33:55-07:00</time>
      </trkpt>
      <trkpt lat="48.97465540096164" lon="-120.7898529432714">
        <time>2005-09-25T16:34:03-07:00</time>
      </trkpt>
      <trkpt lat="48.97459454834461" lon="-120.78978982754052">
        <time>2005-09-25T16:34:12-07:00</time>
      </trkpt>
      <trkpt lat="48.97458214312792" lon="-120.78978865407407">
        <time>2005-09-25T16:34:20-07:00</time>
      </trkpt>
      <trkpt lat="48.974475022405386" lon="-120.78975311480463">
        <time>2005-09-25T16:34:29-07:00</time>
      </trkpt>
      <trkpt lat="48.974380725994706" lon="-120.78964515589178">
        <time>2005-09-25T16:34:37-07:00</time>
      </trkpt>
      <trkpt lat="48.97430361248553" lon="-120.78957893885672">
        <time>2005-09-25T16:34:44-07:00</time>
      </trkpt>
      <trkpt lat="48.97427645511925" lon="-120.78956921584904">
        <time>2005-09-25T16:34:53-07:00</time>
      </trkpt>
      <trkpt lat="48.974208645522594" lon="-120.78952847979963">
        <time>2005-09-25T16:35:01-07:00</time>
      </trkpt>
      <trkpt lat="48.97418676875532" lon="-120.78950576484203">
        <time>2005-09-25T16:35:08-07:00</time>
      </trkpt>
      <trkpt lat="48.974090963602066" lon="-120.78945958055556">
        <time>2005-09-25T16:35:09-07:00</time>
      </trkpt>
      <trkpt lat="48.97403505630791" lon="-120.7894541323185">
        <time>2005-09-25T16:35:16-07:00</time>
      </trkpt>
      <trkpt lat="48.973977975547314" lon="-120.78944717533886">
        <time>2005-09-25T16:35:19-07:00</time>
      </trkpt>
      <trkpt lat="48.973876470699906" lon="-120.7893915195018">
        <time>2005-09-25T16:35:23-07:00</time>
      </trkpt>
      <trkpt lat="48.973861215636134" lon="-120.78938959166408">
        <time>2005-09-25T16:35:26-07:00</time>
      </trkpt>
      <trkpt lat="48.973773289471865" lon="-120.78936805017292">
        <time>2005-09-25T16:35:36-07:00</time>
      </trkpt>
      <trkpt lat="48.97365879267454" lon="-120.7893574051559">
        <time>2005-09-25T16:35:43-07:00</time>
      </trkpt>
      <trkpt lat="48.973605651408434" lon="-120.78937718644738">
        <time>2005-09-25T16:35:47-07:00</time>
      </trkpt>
      <trkpt lat="48.97352719679475" lon="-120.78939897939563">
        <time>2005-09-25T16:35:52-07:00</time>
      </trkpt>
      <trkpt lat="48.97343784570694" lon="-120.78944843262434">
        <time>2005-09-25T16:35:57-07:00</time>
      </trkpt>
      <trkpt lat="48.97337322123349" lon="-120.78950333409011">
        <time>2005-09-25T16:36:02-07:00</time>
      </trkpt>
      <trkpt lat="48.97327791899443" lon="-120.78952923417091">
        <time>2005-09-25T16:36:06-07:00</time>
      </trkpt>
      <trkpt lat="48.9731652662158" lon="-120.78954490832984">
        <time>2005-09-25T16:36:11-07:00</time>
      </trkpt>
      <trkpt lat="48.97304557263851" lon="-120.78955211676657">
        <time>2005-09-25T16:36:13-07:00</time>
      </trkpt>
      <trkpt lat="48.972943061962724" lon="-120.78954549506307">
        <time>2005-09-25T16:36:19-07:00</time>
      </trkpt>
      <trkpt lat="48.97292931564152" lon="-120.7895418908447">
        <time>2005-09-25T16:36:27-07:00</time>
      </trkpt>
      <trkpt lat="48.97284222766757" lon="-120.78954390250146">
        <time>2005-09-25T16:36:30-07:00</time>
      </trkpt>
      <trkpt lat="48.97280987352133" lon="-120.789540046826">
        <time>2005-09-25T16:36:39-07:00</time>
      </trkpt>
      <trkpt lat="48.972725635394454" lon="-120.78950165770948">
        <time>2005-09-25T16:36:40-07:00</time>
      </trkpt>
      <trkpt lat="48.97264835424721" lon="-120.789426388219">
        <time>2005-09-25T16:36:46-07:00</time>
      </trkpt>
      <trkpt lat="48.97258423268795" lon="-120.78935204073787">
        <time>2005-09-25T16:36:48-07:00</time>
      </trkpt>
      <trkpt lat="48.972522458061576" lon="-120.78927082009614">
        <time>2005-09-25T16:36:56-07:00</time>
      </trkpt>
      <trkpt lat="48.97250544279814" lon="-120.78923712484539">
        <time>2005-09-25T16:36:57-07:00</time>
      </trkpt>
      <trkpt lat="48.97242237813771" lon="-120.78911935910583">
        <time>2005-09-25T16:37:03-07:00</time>
      </trkpt>
      <trkpt lat="48.97240066900849" lon="-120.7890999969095">
        <time>2005-09-25T16:37:04-07:00</time>
      </trkpt>
      <trkpt lat="48.97232967428863" lon="-120.78903319314122">
        <time>2005-09-25T16:37:11-07:00</time>
      </trkpt>
      <trkpt lat="48.97226530127227" lon="-120.78896395862103">
        <time>2005-09-25T16:37:18-07:00</time>
      </trkpt>
      <trkpt lat="48.972255578264594" lon="-120.78895658254623">
        <time>2005-09-25T16:37:28-07:00</time>
      </trkpt>
      <trkpt lat="48.97216513752937" lon="-120.78889950178564">
        <time>2005-09-25T16:37:37-07:00</time>
      </trkpt>
      <trkpt lat="48.97209380753338" lon="-120.78882138244808">
        <time>2005-09-25T16:37:47-07:00</time>
      </trkpt>
      <trkpt lat="48.972017616033554" lon="-120.7887199614197">
        <time>2005-09-25T16:37:56-07:00</time>
      </trkpt>
      <trkpt lat="48.972009820863605" lon="-120.78870722092688">
        <time>2005-09-25T16:38:00-07:00</time>
      </trkpt>
      <trkpt lat="48.97194595076144" lon="-120.78860797919333">
        <time>2005-09-25T16:38:03-07:00</time>
      </trkpt>
      <trkpt lat="48.97194067016244" lon="-120.78860186040401">
        <time>2005-09-25T16:38:09-07:00</time>
      </trkpt>
      <trkpt lat="48.97192222997546" lon="-120.78856883570552">
        <time>2005-09-25T16:38:10-07:00</time>
      </trkpt>
      <trkpt lat="48.971871603280306" lon="-120.78849113546312">
        <time>2005-09-25T16:38:16-07:00</time>
      </trkpt>
      <trkpt lat="48.97179868072271" lon="-120.78840320929885">
        <time>2005-09-25T16:38:21-07:00</time>
      </trkpt>
      <trkpt lat="48.97176783531904" lon="-120.78835668973625">
        <time>2005-09-25T16:38:22-07:00</time>
      </trkpt>
      <trkpt lat="48.971728440374136" lon="-120.78829885460436">
        <time>2005-09-25T16:38:29-07:00</time>
      </trkpt>
      <trkpt lat="48.971634143963456" lon="-120.78819458372891">
        <time>2005-09-25T16:38:30-07:00</time>
      </trkpt>
      <trkpt lat="48.97151160053909" lon="-120.78810221515596">
        <time>2005-09-25T16:38:35-07:00</time>
      </trkpt>
      <trkpt lat="48.97149701602757" lon="-120.78808888792992">
        <time>2005-09-25T16:38:43-07:00</time>
      </trkpt>
      <trkpt lat="48.971426859498024" lon="-120.78799065202475">
        <time>2005-09-25T16:38:50-07:00</time>
      </trkpt>
      <trkpt lat="48.97137329913676" lon="-120.78784153796732">
        <time>2005-09-25T16:38:56-07:00</time>
      </trkpt>
      <trkpt lat="48.971349745988846" lon="-120.78777104616165">
        <time>2005-09-25T16:38:57-07:00</time>
      </trkpt>
      <trkpt lat="48.97133147343993" lon="-120.78771689906716">
        <time>2005-09-25T16:39:05-07:00</time>
      </trkpt>
      <trkpt lat="48.971292581409216" lon="-120.78764607198536">
        <time>2005-09-25T16:39:13-07:00</time>
      </trkpt>
      <trkpt lat="48.971234913915396" lon="-120.78750676475465">
        <time>2005-09-25T16:39:19-07:00</time>
      </trkpt>
      <trkpt lat="48.97120641544461" lon="-120.78739805147052">
        <time>2005-09-25T16:39:22-07:00</time>
      </trkpt>
      <trkpt lat="48.97118437103927" lon="-120.78735664486885">
        <time>2005-09-25T16:39:28-07:00</time>
      </trkpt>
      <trkpt lat="48.971097115427256" lon="-120.78723561018705">
        <time>2005-09-25T16:39:30-07:00</time>
      </trkpt>
      <trkpt lat="48.97104782983661" lon="-120.78721893019974">
        <time>2005-09-25T16:39:38-07:00</time>
      </trkpt>
      <trkpt lat="48.970985636115074" lon="-120.7872069440782">
        <time>2005-09-25T16:39:43-07:00</time>
      </trkpt>
      <trkpt lat="48.970899134874344" lon="-120.7872225344181">
        <time>2005-09-25T16:39:47-07:00</time>
      </trkpt>
      <trkpt lat="48.97077583707869" lon="-120.78721348196268">
        <time>2005-09-25T16:39:55-07:00</time>
      </trkpt>
      <trkpt lat="48.97068640217185" lon="-120.78714131377637">
        <time>2005-09-25T16:39:56-07:00</time>
      </trkpt>
      <trkpt lat="48.97063544020057" lon="-120.78708599321544">
        <time>2005-09-25T16:40:04-07:00</time>
      </trkpt>
      <trkpt lat="48.970595793798566" lon="-120.78706428408623">
        <time>2005-09-25T16:40:12-07:00</time>
      </trkpt>
      <trkpt lat="48.970515578985214" lon="-120.7870174292475">
        <time>2005-09-25T16:40:16-07:00</time>
      </trkpt>
      <trkpt lat="48.97050661034882" lon="-120.78701323829591">
        <time>2005-09-25T16:40:21-07:00</time>
      </trkpt>
      <trkpt lat="48.97042404860258" lon="-120.78695230185986">
        <time>2005-09-25T16:40:30-07:00</time>
      </trkpt>
      <trkpt lat="48.97037677466869" lon="-120.78692103736103">
        <time>2005-09-25T16:40:36-07:00</time>
      </trkpt>
      <trkpt lat="48.97033419460058" lon="-120.78691349364817">
        <time>2005-09-25T16:40:44-07:00</time>
      </trkpt>
      <trkpt lat="48.97027216851711" lon="-120.78691190108657">
        <time>2005-09-25T16:40:53-07:00</time>
      </trkpt>
      <trkpt lat="48.97023788653314" lon="-120.78692522831261">
        <time>2005-09-25T16:41:01-07:00</time>
      </trkpt>
      <trkpt lat="48.970152558758855" lon="-120.78691609203815">
        <time>2005-09-25T16:41:09-07:00</time>
      </trkpt>
      <trkpt lat="48.970140907913446" lon="-120.78691265545785">
        <time>2005-09-25T16:41:10-07:00</time>
      </trkpt>
      <trkpt lat="48.970066057518125" lon="-120.78688650391996">
        <time>2005-09-25T16:41:17-07:00</time>
      </trkpt>
      <trkpt lat="48.97004476748407" lon="-120.78687753528357">
        <time>2005-09-25T16:41:20-07:00</time>
      </trkpt>
      <trkpt lat="48.96996907889843" lon="-120.78684409148991">
        <time>2005-09-25T16:41:27-07:00</time>
      </trkpt>
      <trkpt lat="48.9699430949986" lon="-120.786825818941">
        <time>2005-09-25T16:41:33-07:00</time>
      </trkpt>
      <trkpt lat="48.969871094450355" lon="-120.78678323887289">
        <time>2005-09-25T16:41:39-07:00</time>
      </trkpt>
      <trkpt lat="48.96984804421663" lon="-120.7867637090385">
        <time>2005-09-25T16:41:45-07:00</time>
      </trkpt>
      <trkpt lat="48.969801189377904" lon="-120.78670654445887">
        <time>2005-09-25T16:41:47-07:00</time>
      </trkpt>
      <trkpt lat="48.96973354741931" lon="-120.78665541484952">
        <time>2005-09-25T16:41:55-07:00</time>
      </trkpt>
      <trkpt lat="48.969676634296775" lon="-120.78663622029126">
        <time>2005-09-25T16:41:57-07:00</time>
      </trkpt>
      <trkpt lat="48.96963623352349" lon="-120.78661769628525">
        <time>2005-09-25T16:42:03-07:00</time>
      </trkpt>
      <trkpt lat="48.96953313611448" lon="-120.78659447841346">
        <time>2005-09-25T16:42:10-07:00</time>
      </trkpt>
      <trkpt lat="48.96952232345939" lon="-120.78660042956471">
        <time>2005-09-25T16:42:11-07:00</time>
      </trkpt>
      <trkpt lat="48.96947865374386" lon="-120.78659598715603">
        <time>2005-09-25T16:42:17-07:00</time>
      </trkpt>
      <trkpt lat="48.969457782804966" lon="-120.78659213148057">
        <time>2005-09-25T16:42:24-07:00</time>
      </trkpt>
      <trkpt lat="48.96942526102066" lon="-120.78658416867256">
        <time>2005-09-25T16:42:31-07:00</time>
      </trkpt>
      <trkpt lat="48.9693867880851" lon="-120.78656321391463">
        <time>2005-09-25T16:42:32-07:00</time>
      </trkpt>
      <trkpt lat="48.96932593546808" lon="-120.78651208430529">
        <time>2005-09-25T16:42:39-07:00</time>
      </trkpt>
      <trkpt lat="48.96928193047643" lon="-120.7865131739527">
        <time>2005-09-25T16:42:40-07:00</time>
      </trkpt>
      <trkpt lat="48.969223676249385" lon="-120.78650454059243">
        <time>2005-09-25T16:42:43-07:00</time>
      </trkpt>
      <trkpt lat="48.969190986827016" lon="-120.7864907104522">
        <time>2005-09-25T16:42:48-07:00</time>
      </trkpt>
      <trkpt lat="48.96913901902735" lon="-120.7864441908896">
        <time>2005-09-25T16:42:55-07:00</time>
      </trkpt>
      <trkpt lat="48.969109011814" lon="-120.7864093221724">
        <time>2005-09-25T16:42:59-07:00</time>
      </trkpt>
      <trkpt lat="48.96901873871684" lon="-120.78638065606356">
        <time>2005-09-25T16:43:04-07:00</time>
      </trkpt>
      <trkpt lat="48.96898026578128" lon="-120.78637428581715">
        <time>2005-09-25T16:43:12-07:00</time>
      </trkpt>
      <trkpt lat="48.96893651224673" lon="-120.78635400161147">
        <time>2005-09-25T16:43:23-07:00</time>
      </trkpt>
      <trkpt lat="48.96886970847845" lon="-120.78632055781782">
        <time>2005-09-25T16:43:24-07:00</time>
      </trkpt>
      <trkpt lat="48.968846993520856" lon="-120.78631083481014">
        <time>2005-09-25T16:43:30-07:00</time>
      </trkpt>
      <trkpt lat="48.96877826191485" lon="-120.78628057613969">
        <time>2005-09-25T16:43:38-07:00</time>
      </trkpt>
      <trkpt lat="48.96876820363104" lon="-120.78627169132233">
        <time>2005-09-25T16:43:42-07:00</time>
      </trkpt>
      <trkpt lat="48.968699807301164" lon="-120.78613741323352">
        <time>2005-09-25T16:43:46-07:00</time>
      </trkpt>
      <trkpt lat="48.96862638182938" lon="-120.7860189769417">
        <time>2005-09-25T16:43:51-07:00</time>
      </trkpt>
      <trkpt lat="48.96853510290384" lon="-120.7859623990953">
        <time>2005-09-25T16:43:58-07:00</time>
      </trkpt>
      <trkpt lat="48.96850869990885" lon="-120.785948401317">
        <time>2005-09-25T16:44:04-07:00</time>
      </trkpt>
      <trkpt lat="48.96841331385076" lon="-120.78591160476208">
        <time>2005-09-25T16:44:07-07:00</time>
      </trkpt>
      <trkpt lat="48.968345085158944" lon="-120.7858899794519">
        <time>2005-09-25T16:44:15-07:00</time>
      </trkpt>
      <trkpt lat="48.96833896636963" lon="-120.78588662669063">
        <time>2005-09-25T16:44:19-07:00</time>
      </trkpt>
      <trkpt lat="48.968296805396676" lon="-120.78589098528028">
        <time>2005-09-25T16:44:23-07:00</time>
      </trkpt>
      <trkpt lat="48.96825850009918" lon="-120.7859100960195">
        <time>2005-09-25T16:44:30-07:00</time>
      </trkpt>
      <trkpt lat="48.96815515123308" lon="-120.78598184511065">
        <time>2005-09-25T16:44:38-07:00</time>
      </trkpt>
      <trkpt lat="48.968101339414716" lon="-120.78597555868328">
        <time>2005-09-25T16:44:46-07:00</time>
      </trkpt>
      <trkpt lat="48.968064626678824" lon="-120.78596340492368">
        <time>2005-09-25T16:44:51-07:00</time>
      </trkpt>
      <trkpt lat="48.96796504966915" lon="-120.78592317178845">
        <time>2005-09-25T16:44:54-07:00</time>
      </trkpt>
      <trkpt lat="48.9678518101573" lon="-120.78588520176709">
        <time>2005-09-25T16:45:01-07:00</time>
      </trkpt>
      <trkpt lat="48.96776874549687" lon="-120.78585636802018">
        <time>2005-09-25T16:45:02-07:00</time>
      </trkpt>
      <trkpt lat="48.9676668215543" lon="-120.78576643019915">
        <time>2005-09-25T16:45:08-07:00</time>
      </trkpt>
      <trkpt lat="48.96764905191958" lon="-120.78575595282018">
        <time>2005-09-25T16:45:12-07:00</time>
      </trkpt>
      <trkpt lat="48.96751678548753" lon="-120.78570834361017">
        <time>2005-09-25T16:45:15-07:00</time>
      </trkpt>
      <trkpt lat="48.96739692427218" lon="-120.785628631711">
        <time>2005-09-25T16:45:19-07:00</time>
      </trkpt>
      <trkpt lat="48.96730941720307" lon="-120.78563634306192">
        <time>2005-09-25T16:45:22-07:00</time>
      </trkpt>
      <trkpt lat="48.96717572584748" lon="-120.78563273884356">
        <time>2005-09-25T16:45:29-07:00</time>
      </trkpt>
      <trkpt lat="48.967081597074866" lon="-120.785575741902">
        <time>2005-09-25T16:45:30-07:00</time>
      </trkpt>
      <trkpt lat="48.96699031814933" lon="-120.785549338907">
        <time>2005-09-25T16:45:36-07:00</time>
      </trkpt>
      <trkpt lat="48.96689082495868" lon="-120.78553735278547">
        <time>2005-09-25T16:45:38-07:00</time>
      </trkpt>
      <trkpt lat="48.96681731566787" lon="-120.78547180630267">
        <time>2005-09-25T16:45:45-07:00</time>
      </trkpt>
      <trkpt lat="48.966802982613444" lon="-120.78546761535108">
        <time>2005-09-25T16:45:47-07:00</time>
      </trkpt>
      <trkpt lat="48.96670030429959" lon="-120.78545546159148">
        <time>2005-09-25T16:45:53-07:00</time>
      </trkpt>
      <trkpt lat="48.96662620827556" lon="-120.78544775024056">
        <time>2005-09-25T16:45:55-07:00</time>
      </trkpt>
      <trkpt lat="48.96656820550561" lon="-120.78546099364758">
        <time>2005-09-25T16:45:59-07:00</time>
      </trkpt>
      <trkpt lat="48.966541551053524" lon="-120.78546610660851">
        <time>2005-09-25T16:46:04-07:00</time>
      </trkpt>
      <trkpt lat="48.96639193408191" lon="-120.78545881435275">
        <time>2005-09-25T16:46:09-07:00</time>
      </trkpt>
      <trkpt lat="48.96629319526255" lon="-120.78537130728364">
        <time>2005-09-25T16:46:12-07:00</time>
      </trkpt>
      <trkpt lat="48.96617635153234" lon="-120.78527072444558">
        <time>2005-09-25T16:46:20-07:00</time>
      </trkpt>
      <trkpt lat="48.966067135334015" lon="-120.78524113632739">
        <time>2005-09-25T16:46:21-07:00</time>
      </trkpt>
      <trkpt lat="48.965981639921665" lon="-120.78523023985326">
        <time>2005-09-25T16:46:26-07:00</time>
      </trkpt>
      <trkpt lat="48.9659333601594" lon="-120.78521397896111">
        <time>2005-09-25T16:46:29-07:00</time>
      </trkpt>
      <trkpt lat="48.96590477786958" lon="-120.78520509414375">
        <time>2005-09-25T16:46:32-07:00</time>
      </trkpt>
      <trkpt lat="48.96586127579212" lon="-120.78520115464926">
        <time>2005-09-25T16:46:35-07:00</time>
      </trkpt>
      <trkpt lat="48.96581802517176" lon="-120.78520878218114">
        <time>2005-09-25T16:46:40-07:00</time>
      </trkpt>
      <trkpt lat="48.96576404571533" lon="-120.7852250430733">
        <time>2005-09-25T16:46:43-07:00</time>
      </trkpt>
      <trkpt lat="48.96571249701083" lon="-120.78522579744458">
        <time>2005-09-25T16:46:47-07:00</time>
      </trkpt>
      <trkpt lat="48.965629264712334" lon="-120.78519461676478">
        <time>2005-09-25T16:46:50-07:00</time>
      </trkpt>
      <trkpt lat="48.96559045650065" lon="-120.78517575748265">
        <time>2005-09-25T16:46:55-07:00</time>
      </trkpt>
      <trkpt lat="48.96551661193371" lon="-120.78515161760151">
        <time>2005-09-25T16:46:58-07:00</time>
      </trkpt>
      <trkpt lat="48.96546984091401" lon="-120.78513602726161">
        <time>2005-09-25T16:47:05-07:00</time>
      </trkpt>
      <trkpt lat="48.96533204242587" lon="-120.78500191681087">
        <time>2005-09-25T16:47:08-07:00</time>
      </trkpt>
      <trkpt lat="48.96525735966861" lon="-120.78487576916814">
        <time>2005-09-25T16:47:12-07:00</time>
      </trkpt>
      <trkpt lat="48.96522802300751" lon="-120.78472497873008">
        <time>2005-09-25T16:47:17-07:00</time>
      </trkpt>
      <trkpt lat="48.96521084010601" lon="-120.78473051078618">
        <time>2005-09-25T16:47:19-07:00</time>
      </trkpt>
      <trkpt lat="48.96517228335142" lon="-120.78472070395947">
        <time>2005-09-25T16:47:25-07:00</time>
      </trkpt>
      <trkpt lat="48.96511017344892" lon="-120.78472824767232">
        <time>2005-09-25T16:47:26-07:00</time>
      </trkpt>
      <trkpt lat="48.9650696888566" lon="-120.78473302535713">
        <time>2005-09-25T16:47:34-07:00</time>
      </trkpt>
      <trkpt lat="48.96505460143089" lon="-120.78472916968167">
        <time>2005-09-25T16:47:42-07:00</time>
      </trkpt>
      <trkpt lat="48.96503104828298" lon="-120.78472405672073">
        <time>2005-09-25T16:47:48-07:00</time>
      </trkpt>
      <trkpt lat="48.96497690118849" lon="-120.78469639644027">
        <time>2005-09-25T16:47:50-07:00</time>
      </trkpt>
      <trkpt lat="48.96491948515177" lon="-120.78458156436682">
        <time>2005-09-25T16:47:58-07:00</time>
      </trkpt>
      <trkpt lat="48.964883694425225" lon="-120.78444334678352">
        <time>2005-09-25T16:48:03-07:00</time>
      </trkpt>
      <trkpt lat="48.96479727700353" lon="-120.78436204232275">
        <time>2005-09-25T16:48:04-07:00</time>
      </trkpt>
      <trkpt lat="48.96469275467098" lon="-120.784333627671">
        <time>2005-09-25T16:48:09-07:00</time>
      </trkpt>
      <trkpt lat="48.96456032060087" lon="-120.7842715177685">
        <time>2005-09-25T16:48:12-07:00</time>
      </trkpt>
      <trkpt lat="48.96445018239319" lon="-120.78420907258987">
        <time>2005-09-25T16:48:20-07:00</time>
      </trkpt>
      <trkpt lat="48.96437415853143" lon="-120.78417076729238">
        <time>2005-09-25T16:48:24-07:00</time>
      </trkpt>
      <trkpt lat="48.96428095176816" lon="-120.78413975425065">
        <time>2005-09-25T16:48:27-07:00</time>
      </trkpt>
      <trkpt lat="48.96422395482659" lon="-120.78411125577986">
        <time>2005-09-25T16:48:34-07:00</time>
      </trkpt>
      <trkpt lat="48.96417651325464" lon="-120.78410178422928">
        <time>2005-09-25T16:48:42-07:00</time>
      </trkpt>
      <trkpt lat="48.96407660096884" lon="-120.78405652195215">
        <time>2005-09-25T16:48:49-07:00</time>
      </trkpt>
      <trkpt lat="48.96396000869572" lon="-120.78399231657386">
        <time>2005-09-25T16:48:57-07:00</time>
      </trkpt>
      <trkpt lat="48.96387099288404" lon="-120.78394864685833">
        <time>2005-09-25T16:48:58-07:00</time>
      </trkpt>
      <trkpt lat="48.963761357590556" lon="-120.78394780866802">
        <time>2005-09-25T16:49:07-07:00</time>
      </trkpt>
      <trkpt lat="48.963673850521445" lon="-120.78394236043096">
        <time>2005-09-25T16:49:17-07:00</time>
      </trkpt>
      <trkpt lat="48.96366270259023" lon="-120.783950407058">
        <time>2005-09-25T16:49:24-07:00</time>
      </trkpt>
      <trkpt lat="48.963589360937476" lon="-120.78402919694781">
        <time>2005-09-25T16:49:33-07:00</time>
      </trkpt>
      <trkpt lat="48.96349833346903" lon="-120.78404118306935">
        <time>2005-09-25T16:49:40-07:00</time>
      </trkpt>
      <trkpt lat="48.96346949972212" lon="-120.78402869403362">
        <time>2005-09-25T16:49:47-07:00</time>
      </trkpt>
      <trkpt lat="48.96341744810343" lon="-120.78399575315416">
        <time>2005-09-25T16:49:55-07:00</time>
      </trkpt>
      <trkpt lat="48.96335198543966" lon="-120.78394504263997">
        <time>2005-09-25T16:50:01-07:00</time>
      </trkpt>
      <trkpt lat="48.96332474425435" lon="-120.78391000628471">
        <time>2005-09-25T16:50:02-07:00</time>
      </trkpt>
      <trkpt lat="48.963284930214286" lon="-120.78389139845967">
        <time>2005-09-25T16:50:08-07:00</time>
      </trkpt>
      <trkpt lat="48.96325081586838" lon="-120.78391117975116">
        <time>2005-09-25T16:50:13-07:00</time>
      </trkpt>
      <trkpt lat="48.96314922720194" lon="-120.78395023941994">
        <time>2005-09-25T16:50:17-07:00</time>
      </trkpt>
      <trkpt lat="48.96309985779226" lon="-120.78393414616585">
        <time>2005-09-25T16:50:19-07:00</time>
      </trkpt>
      <trkpt lat="48.96305602043867" lon="-120.78387228772044">
        <time>2005-09-25T16:50:30-07:00</time>
      </trkpt>
      <trkpt lat="48.96304411813617" lon="-120.78380933962762">
        <time>2005-09-25T16:50:38-07:00</time>
      </trkpt>
      <trkpt lat="48.96302794106305" lon="-120.7837276160717">
        <time>2005-09-25T16:50:47-07:00</time>
      </trkpt>
      <trkpt lat="48.962996173650026" lon="-120.7836031448096">
        <time>2005-09-25T16:50:55-07:00</time>
      </trkpt>
      <trkpt lat="48.96293414756656" lon="-120.78351630829275">
        <time>2005-09-25T16:51:02-07:00</time>
      </trkpt>
      <trkpt lat="48.96287924610078" lon="-120.78344766050577">
        <time>2005-09-25T16:51:06-07:00</time>
      </trkpt>
      <trkpt lat="48.962860219180584" lon="-120.7834220957011">
        <time>2005-09-25T16:51:08-07:00</time>
      </trkpt>
      <trkpt lat="48.962766006588936" lon="-120.7833324931562">
        <time>2005-09-25T16:51:11-07:00</time>
      </trkpt>
      <trkpt lat="48.9626866299659" lon="-120.783252697438">
        <time>2005-09-25T16:51:14-07:00</time>
      </trkpt>
      <trkpt lat="48.962660478428006" lon="-120.78322411514819">
        <time>2005-09-25T16:51:18-07:00</time>
      </trkpt>
      <trkpt lat="48.962603230029345" lon="-120.78316770493984">
        <time>2005-09-25T16:51:22-07:00</time>
      </trkpt>
      <trkpt lat="48.96251689642668" lon="-120.78308179043233">
        <time>2005-09-25T16:51:28-07:00</time>
      </trkpt>
      <trkpt lat="48.96239519119263" lon="-120.78297919593751">
        <time>2005-09-25T16:51:31-07:00</time>
      </trkpt>
      <trkpt lat="48.962245574221015" lon="-120.78289847820997">
        <time>2005-09-25T16:51:37-07:00</time>
      </trkpt>
      <trkpt lat="48.962150271981955" lon="-120.78285137191415">
        <time>2005-09-25T16:51:40-07:00</time>
      </trkpt>
      <trkpt lat="48.962063770741224" lon="-120.78275422565639">
        <time>2005-09-25T16:51:50-07:00</time>
      </trkpt>
      <trkpt lat="48.96196980960667" lon="-120.78264894895256">
        <time>2005-09-25T16:51:59-07:00</time>
      </trkpt>
      <trkpt lat="48.9619408082217" lon="-120.78263050876558">
        <time>2005-09-25T16:52:07-07:00</time>
      </trkpt>
      <trkpt lat="48.96185187622905" lon="-120.78257644549012">
        <time>2005-09-25T16:52:08-07:00</time>
      </trkpt>
      <trkpt lat="48.96172187291086" lon="-120.78250394202769">
        <time>2005-09-25T16:52:12-07:00</time>
      </trkpt>
      <trkpt lat="48.96161693148315" lon="-120.78241576440632">
        <time>2005-09-25T16:52:16-07:00</time>
      </trkpt>
      <trkpt lat="48.96153713576496" lon="-120.78232767060399">
        <time>2005-09-25T16:52:19-07:00</time>
      </trkpt>
      <trkpt lat="48.9615020994097" lon="-120.78228768892586">
        <time>2005-09-25T16:52:20-07:00</time>
      </trkpt>
      <trkpt lat="48.9614746067673" lon="-120.78226815909147">
        <time>2005-09-25T16:52:22-07:00</time>
      </trkpt>
      <trkpt lat="48.96138676442206" lon="-120.78221132978797">
        <time>2005-09-25T16:52:28-07:00</time>
      </trkpt>
      <trkpt lat="48.96137318573892" lon="-120.78219699673355">
        <time>2005-09-25T16:52:35-07:00</time>
      </trkpt>
      <trkpt lat="48.96132247522473" lon="-120.78216548077762">
        <time>2005-09-25T16:52:41-07:00</time>
      </trkpt>
      <trkpt lat="48.96126497536898" lon="-120.78214108943939">
        <time>2005-09-25T16:52:48-07:00</time>
      </trkpt>
      <trkpt lat="48.96126086823642" lon="-120.78213773667812">
        <time>2005-09-25T16:52:57-07:00</time>
      </trkpt>
      <trkpt lat="48.96120906807482" lon="-120.78211611136794">
        <time>2005-09-25T16:53:06-07:00</time>
      </trkpt>
      <trkpt lat="48.96114402450621" lon="-120.78207604587078">
        <time>2005-09-25T16:53:14-07:00</time>
      </trkpt>
      <trkpt lat="48.961118794977665" lon="-120.78206322155893">
        <time>2005-09-25T16:53:20-07:00</time>
      </trkpt>
      <trkpt lat="48.9610446151346" lon="-120.78200781717896">
        <time>2005-09-25T16:53:27-07:00</time>
      </trkpt>
      <trkpt lat="48.961036233231425" lon="-120.78199717216194">
        <time>2005-09-25T16:53:31-07:00</time>
      </trkpt>
      <trkpt lat="48.9609962515533" lon="-120.78192751854658">
        <time>2005-09-25T16:53:34-07:00</time>
      </trkpt>
      <trkpt lat="48.96096406504512" lon="-120.78186985105276">
        <time>2005-09-25T16:53:41-07:00</time>
      </trkpt>
      <trkpt lat="48.960925759747624" lon="-120.7818022929132">
        <time>2005-09-25T16:53:49-07:00</time>
      </trkpt>
      <trkpt lat="48.96089566871524" lon="-120.78176490962505">
        <time>2005-09-25T16:53:56-07:00</time>
      </trkpt>
      <trkpt lat="48.96088703535497" lon="-120.78175275586545">
        <time>2005-09-25T16:54:04-07:00</time>
      </trkpt>
      <trkpt lat="48.96084311418235" lon="-120.78170137479901">
        <time>2005-09-25T16:54:11-07:00</time>
      </trkpt>
      <trkpt lat="48.960824171081185" lon="-120.78167639672756">
        <time>2005-09-25T16:54:12-07:00</time>
      </trkpt>
      <trkpt lat="48.96077538840473" lon="-120.78162384219468">
        <time>2005-09-25T16:54:19-07:00</time>
      </trkpt>
      <trkpt lat="48.960747979581356" lon="-120.78160372562706">
        <time>2005-09-25T16:54:26-07:00</time>
      </trkpt>
      <trkpt lat="48.960695089772344" lon="-120.78150079585612">
        <time>2005-09-25T16:54:28-07:00</time>
      </trkpt>
      <trkpt lat="48.960680924355984" lon="-120.78146223910153">
        <time>2005-09-25T16:54:32-07:00</time>
      </trkpt>
      <trkpt lat="48.96056148223579" lon="-120.78140180557966">
        <time>2005-09-25T16:54:37-07:00</time>
      </trkpt>
      <trkpt lat="48.96044665016234" lon="-120.78139417804778">
        <time>2005-09-25T16:54:40-07:00</time>
      </trkpt>
      <trkpt lat="48.96033525466919" lon="-120.78130792826414">
        <time>2005-09-25T16:54:43-07:00</time>
      </trkpt>
      <trkpt lat="48.960229558870196" lon="-120.78125269152224">
        <time>2005-09-25T16:54:46-07:00</time>
      </trkpt>
      <trkpt lat="48.96019686944783" lon="-120.7812343351543">
        <time>2005-09-25T16:54:54-07:00</time>
      </trkpt>
      <trkpt lat="48.960140040144324" lon="-120.78119929879904">
        <time>2005-09-25T16:54:58-07:00</time>
      </trkpt>
      <trkpt lat="48.96013014949858" lon="-120.78119426965714">
        <time>2005-09-25T16:55:03-07:00</time>
      </trkpt>
      <trkpt lat="48.96008396521211" lon="-120.78116727992892">
        <time>2005-09-25T16:55:06-07:00</time>
      </trkpt>
      <trkpt lat="48.95998254418373" lon="-120.7811286393553">
        <time>2005-09-25T16:55:10-07:00</time>
      </trkpt>
      <trkpt lat="48.95987743511796" lon="-120.78111480921507">
        <time>2005-09-25T16:55:17-07:00</time>
      </trkpt>
      <trkpt lat="48.95977442152798" lon="-120.78109779395163">
        <time>2005-09-25T16:55:24-07:00</time>
      </trkpt>
      <trkpt lat="48.95968993194401" lon="-120.78110282309353">
        <time>2005-09-25T16:55:29-07:00</time>
      </trkpt>
      <trkpt lat="48.95964819006622" lon="-120.7811185810715">
        <time>2005-09-25T16:55:31-07:00</time>
      </trkpt>
      <trkpt lat="48.95963612012565" lon="-120.7811236102134">
        <time>2005-09-25T16:55:40-07:00</time>
      </trkpt>
      <trkpt lat="48.959560096263885" lon="-120.78109838068485">
        <time>2005-09-25T16:55:48-07:00</time>
      </trkpt>
      <trkpt lat="48.95954257808626" lon="-120.78109100461006">
        <time>2005-09-25T16:55:50-07:00</time>
      </trkpt>
      <trkpt lat="48.959515672177076" lon="-120.7810754980892">
        <time>2005-09-25T16:55:55-07:00</time>
      </trkpt>
      <trkpt lat="48.95941902883351" lon="-120.78103249892592">
        <time>2005-09-25T16:56:03-07:00</time>
      </trkpt>
      <trkpt lat="48.95934535190463" lon="-120.78104993328452">
        <time>2005-09-25T16:56:14-07:00</time>
      </trkpt>
      <trkpt lat="48.95929564721882" lon="-120.78105663880706">
        <time>2005-09-25T16:56:25-07:00</time>
      </trkpt>
      <trkpt lat="48.959265891462564" lon="-120.78106443397701">
        <time>2005-09-25T16:56:32-07:00</time>
      </trkpt>
      <trkpt lat="48.959228843450546" lon="-120.78106728382409">
        <time>2005-09-25T16:56:40-07:00</time>
      </trkpt>
      <trkpt lat="48.95917519927025" lon="-120.78106761910021">
        <time>2005-09-25T16:56:49-07:00</time>
      </trkpt>
      <trkpt lat="48.959162374958396" lon="-120.78107197768986">
        <time>2005-09-25T16:56:51-07:00</time>
      </trkpt>
      <trkpt lat="48.95909758284688" lon="-120.78104607760906">
        <time>2005-09-25T16:56:57-07:00</time>
      </trkpt>
      <trkpt lat="48.959061708301306" lon="-120.78103233128786">
        <time>2005-09-25T16:57:07-07:00</time>
      </trkpt>
      <trkpt lat="48.959015272557735" lon="-120.78100031241775">
        <time>2005-09-25T16:57:15-07:00</time>
      </trkpt>
      <trkpt lat="48.95894126035273" lon="-120.78096527606249">
        <time>2005-09-25T16:57:23-07:00</time>
      </trkpt>
      <trkpt lat="48.958915611729026" lon="-120.78095999546349">
        <time>2005-09-25T16:57:28-07:00</time>
      </trkpt>
      <trkpt lat="48.9588687568903" lon="-120.78095211647451">
        <time>2005-09-25T16:57:30-07:00</time>
      </trkpt>
      <trkpt lat="48.95880446769297" lon="-120.78096326440573">
        <time>2005-09-25T16:57:37-07:00</time>
      </trkpt>
      <trkpt lat="48.95873171277344" lon="-120.78093560412526">
        <time>2005-09-25T16:57:38-07:00</time>
      </trkpt>
      <trkpt lat="48.9587202295661" lon="-120.78093292191625">
        <time>2005-09-25T16:57:43-07:00</time>
      </trkpt>
      <trkpt lat="48.95865552127361" lon="-120.78091104514897">
        <time>2005-09-25T16:57:47-07:00</time>
      </trkpt>
      <trkpt lat="48.95863079465926" lon="-120.78091037459671">
        <time>2005-09-25T16:57:48-07:00</time>
      </trkpt>
      <trkpt lat="48.9585820119828" lon="-120.78090911731124">
        <time>2005-09-25T16:57:52-07:00</time>
      </trkpt>
      <trkpt lat="48.95853415131569" lon="-120.78089009039104">
        <time>2005-09-25T16:57:58-07:00</time>
      </trkpt>
      <trkpt lat="48.95851747132838" lon="-120.78088447451591">
        <time>2005-09-25T16:58:00-07:00</time>
      </trkpt>
      <trkpt lat="48.95843993872404" lon="-120.78087693080306">
        <time>2005-09-25T16:58:07-07:00</time>
      </trkpt>
      <trkpt lat="48.95842812024057" lon="-120.78087617643178">
        <time>2005-09-25T16:58:08-07:00</time>
      </trkpt>
      <trkpt lat="48.95836181938648" lon="-120.78089780174196">
        <time>2005-09-25T16:58:13-07:00</time>
      </trkpt>
      <trkpt lat="48.95834555849433" lon="-120.7809246238321">
        <time>2005-09-25T16:58:17-07:00</time>
      </trkpt>
      <trkpt lat="48.95834069699049" lon="-120.78094063326716">
        <time>2005-09-25T16:58:21-07:00</time>
      </trkpt>
      <trkpt lat="48.95829174667597" lon="-120.78102763742208">
        <time>2005-09-25T16:58:24-07:00</time>
      </trkpt>
      <trkpt lat="48.9582484960556" lon="-120.7811336684972">
        <time>2005-09-25T16:58:25-07:00</time>
      </trkpt>
      <trkpt lat="48.95823307335377" lon="-120.78116803430021">
        <time>2005-09-25T16:58:31-07:00</time>
      </trkpt>
      <trkpt lat="48.95821136422455" lon="-120.78121438622475">
        <time>2005-09-25T16:58:33-07:00</time>
      </trkpt>
      <trkpt lat="48.95819996483624" lon="-120.78128504566848">
        <time>2005-09-25T16:58:38-07:00</time>
      </trkpt>
      <trkpt lat="48.95819468423724" lon="-120.7813516817987">
        <time>2005-09-25T16:58:40-07:00</time>
      </trkpt>
      <trkpt lat="48.95820440724492" lon="-120.7814375963062">
        <time>2005-09-25T16:58:46-07:00</time>
      </trkpt>
      <trkpt lat="48.95821362733841" lon="-120.78149434179068">
        <time>2005-09-25T16:58:48-07:00</time>
      </trkpt>
      <trkpt lat="48.958203569054604" lon="-120.78154454939067">
        <time>2005-09-25T16:58:56-07:00</time>
      </trkpt>
      <trkpt lat="48.95819133147597" lon="-120.78150901012123">
        <time>2005-09-25T16:59:05-07:00</time>
      </trkpt>
      <trkpt lat="48.95818890072405" lon="-120.78149341978133">
        <time>2005-09-25T16:59:15-07:00</time>
      </trkpt>
      <trkpt lat="48.958157217130065" lon="-120.78139736317098">
        <time>2005-09-25T16:59:24-07:00</time>
      </trkpt>
      <trkpt lat="48.958130395039916" lon="-120.78133575618267">
        <time>2005-09-25T16:59:26-07:00</time>
      </trkpt>
      <trkpt lat="48.95808915607631" lon="-120.78126015141606">
        <time>2005-09-25T16:59:31-07:00</time>
      </trkpt>
      <trkpt lat="48.958063926547766" lon="-120.7812272105366">
        <time>2005-09-25T16:59:32-07:00</time>
      </trkpt>
      <trkpt lat="48.95802352577448" lon="-120.78118463046849">
        <time>2005-09-25T16:59:36-07:00</time>
      </trkpt>
      <trkpt lat="48.95800885744393" lon="-120.78118672594428">
        <time>2005-09-25T16:59:42-07:00</time>
      </trkpt>
      <trkpt lat="48.95796837285161" lon="-120.78126174397767">
        <time>2005-09-25T16:59:50-07:00</time>
      </trkpt>
      <trkpt lat="48.95795990712941" lon="-120.78133475035429">
        <time>2005-09-25T16:59:58-07:00</time>
      </trkpt>
      <trkpt lat="48.9579704683274" lon="-120.78141496516764">
        <time>2005-09-25T17:00:04-07:00</time>
      </trkpt>
      <trkpt lat="48.957971977069974" lon="-120.78144463710487">
        <time>2005-09-25T17:00:08-07:00</time>
      </trkpt>
      <trkpt lat="48.95793819800019" lon="-120.78148637898266">
        <time>2005-09-25T17:00:09-07:00</time>
      </trkpt>
      <trkpt lat="48.957929480820894" lon="-120.78147665597498">
        <time>2005-09-25T17:00:15-07:00</time>
      </trkpt>
      <trkpt lat="48.95786192268133" lon="-120.78143591992557">
        <time>2005-09-25T17:00:16-07:00</time>
      </trkpt>
      <trkpt lat="48.95784029737115" lon="-120.78142234124243">
        <time>2005-09-25T17:00:18-07:00</time>
      </trkpt>
      <trkpt lat="48.95776955410838" lon="-120.7813839521259">
        <time>2005-09-25T17:00:27-07:00</time>
      </trkpt>
      <trkpt lat="48.957751700654626" lon="-120.78137749806046">
        <time>2005-09-25T17:00:33-07:00</time>
      </trkpt>
      <trkpt lat="48.95770736038685" lon="-120.78128202818334">
        <time>2005-09-25T17:00:37-07:00</time>
      </trkpt>
      <trkpt lat="48.95770560018718" lon="-120.78126543201506">
        <time>2005-09-25T17:00:40-07:00</time>
      </trkpt>
      <trkpt lat="48.95769998431206" lon="-120.78112578950822">
        <time>2005-09-25T17:00:43-07:00</time>
      </trkpt>
      <trkpt lat="48.95770400762558" lon="-120.78110919333994">
        <time>2005-09-25T17:00:47-07:00</time>
      </trkpt>
      <trkpt lat="48.95771926268935" lon="-120.78094004653394">
        <time>2005-09-25T17:00:48-07:00</time>
      </trkpt>
      <trkpt lat="48.95771616138518" lon="-120.78092286363244">
        <time>2005-09-25T17:00:54-07:00</time>
      </trkpt>
      <trkpt lat="48.9576771017164" lon="-120.78089176677167">
        <time>2005-09-25T17:00:57-07:00</time>
      </trkpt>
      <trkpt lat="48.95766444504261" lon="-120.7808884140104">
        <time>2005-09-25T17:01:01-07:00</time>
      </trkpt>
      <trkpt lat="48.957602167502046" lon="-120.78090073540807">
        <time>2005-09-25T17:01:06-07:00</time>
      </trkpt>
      <trkpt lat="48.95758590660989" lon="-120.78091196715832">
        <time>2005-09-25T17:01:08-07:00</time>
      </trkpt>
      <trkpt lat="48.95755707286298" lon="-120.78094054944813">
        <time>2005-09-25T17:01:12-07:00</time>
      </trkpt>
      <trkpt lat="48.95751382224262" lon="-120.78099695965648">
        <time>2005-09-25T17:01:17-07:00</time>
      </trkpt>
      <trkpt lat="48.95750384777784" lon="-120.78101078979671">
        <time>2005-09-25T17:01:23-07:00</time>
      </trkpt>
      <trkpt lat="48.95746889524162" lon="-120.78106351196766">
        <time>2005-09-25T17:01:24-07:00</time>
      </trkpt>
      <trkpt lat="48.95744048058987" lon="-120.78108983114362">
        <time>2005-09-25T17:01:29-07:00</time>
      </trkpt>
      <trkpt lat="48.95740209147334" lon="-120.7811048347503">
        <time>2005-09-25T17:01:31-07:00</time>
      </trkpt>
      <trkpt lat="48.9573491178453" lon="-120.78109385445714">
        <time>2005-09-25T17:01:35-07:00</time>
      </trkpt>
      <trkpt lat="48.95730326883495" lon="-120.78103677369654">
        <time>2005-09-25T17:01:39-07:00</time>
      </trkpt>
      <trkpt lat="48.957284577190876" lon="-120.7810149807483">
        <time>2005-09-25T17:01:40-07:00</time>
      </trkpt>
      <trkpt lat="48.95718307234347" lon="-120.78095664270222">
        <time>2005-09-25T17:01:46-07:00</time>
      </trkpt>
      <trkpt lat="48.95712305791676" lon="-120.7809283118695">
        <time>2005-09-25T17:01:47-07:00</time>
      </trkpt>
      <trkpt lat="48.9570745266974" lon="-120.78088606707752">
        <time>2005-09-25T17:01:52-07:00</time>
      </trkpt>
      <trkpt lat="48.9570277556777" lon="-120.78081138432026">
        <time>2005-09-25T17:01:54-07:00</time>
      </trkpt>
      <trkpt lat="48.95700319670141" lon="-120.78077056445181">
        <time>2005-09-25T17:01:55-07:00</time>
      </trkpt>
      <trkpt lat="48.95697645843029" lon="-120.7807282358408">
        <time>2005-09-25T17:02:01-07:00</time>
      </trkpt>
      <trkpt lat="48.95691988058388" lon="-120.78068406321108">
        <time>2005-09-25T17:02:07-07:00</time>
      </trkpt>
      <trkpt lat="48.956908732652664" lon="-120.78067735768855">
        <time>2005-09-25T17:02:09-07:00</time>
      </trkpt>
      <trkpt lat="48.95685031078756" lon="-120.78063771128654">
        <time>2005-09-25T17:02:12-07:00</time>
      </trkpt>
      <trkpt lat="48.95681862719357" lon="-120.78061625361443">
        <time>2005-09-25T17:02:16-07:00</time>
      </trkpt>
      <trkpt lat="48.95677956752479" lon="-120.78058557584882">
        <time>2005-09-25T17:02:20-07:00</time>
      </trkpt>
      <trkpt lat="48.95672466605902" lon="-120.78054282814264">
        <time>2005-09-25T17:02:24-07:00</time>
      </trkpt>
      <trkpt lat="48.95664570853114" lon="-120.78051089309156">
        <time>2005-09-25T17:02:27-07:00</time>
      </trkpt>
      <trkpt lat="48.95662265829742" lon="-120.7804967276752">
        <time>2005-09-25T17:02:32-07:00</time>
      </trkpt>
      <trkpt lat="48.95657295361161" lon="-120.78043310903013">
        <time>2005-09-25T17:02:33-07:00</time>
      </trkpt>
      <trkpt lat="48.956563733518124" lon="-120.78042120672762">
        <time>2005-09-25T17:02:34-07:00</time>
      </trkpt>
      <trkpt lat="48.956518806517124" lon="-120.78037007711828">
        <time>2005-09-25T17:02:38-07:00</time>
      </trkpt>
      <trkpt lat="48.956491984426975" lon="-120.78032330609858">
        <time>2005-09-25T17:02:40-07:00</time>
      </trkpt>
      <trkpt lat="48.95642685703933" lon="-120.78019028529525">
        <time>2005-09-25T17:02:45-07:00</time>
      </trkpt>
      <trkpt lat="48.95640816539526" lon="-120.7801568415016">
        <time>2005-09-25T17:02:48-07:00</time>
      </trkpt>
      <trkpt lat="48.95638260059059" lon="-120.78010126948357">
        <time>2005-09-25T17:02:52-07:00</time>
      </trkpt>
      <trkpt lat="48.956380588933825" lon="-120.7800699211657">
        <time>2005-09-25T17:02:53-07:00</time>
      </trkpt>
      <trkpt lat="48.95638561807573" lon="-120.78001367859542">
        <time>2005-09-25T17:02:58-07:00</time>
      </trkpt>
      <trkpt lat="48.95638075657189" lon="-120.7799216452986">
        <time>2005-09-25T17:03:01-07:00</time>
      </trkpt>
      <trkpt lat="48.95638922229409" lon="-120.77985400334">
        <time>2005-09-25T17:03:05-07:00</time>
      </trkpt>
      <trkpt lat="48.956453846767545" lon="-120.77971897087991">
        <time>2005-09-25T17:03:07-07:00</time>
      </trkpt>
      <trkpt lat="48.95654688589275" lon="-120.77959408052266">
        <time>2005-09-25T17:03:12-07:00</time>
      </trkpt>
      <trkpt lat="48.956565326079726" lon="-120.77956382185221">
        <time>2005-09-25T17:03:13-07:00</time>
      </trkpt>
      <trkpt lat="48.95661578513682" lon="-120.77950456179678">
        <time>2005-09-25T17:03:18-07:00</time>
      </trkpt>
      <trkpt lat="48.95665895193815" lon="-120.77947706915438">
        <time>2005-09-25T17:03:20-07:00</time>
      </trkpt>
      <trkpt lat="48.95669851452112" lon="-120.77949894592166">
        <time>2005-09-25T17:03:26-07:00</time>
      </trkpt>
      <trkpt lat="48.95670530386269" lon="-120.77950330451131">
        <time>2005-09-25T17:03:27-07:00</time>
      </trkpt>
      <trkpt lat="48.95681569352746" lon="-120.7795191463083">
        <time>2005-09-25T17:03:33-07:00</time>
      </trkpt>
      <trkpt lat="48.9568377379328" lon="-120.77951487153769">
        <time>2005-09-25T17:03:34-07:00</time>
      </trkpt>
      <trkpt lat="48.95690605044365" lon="-120.7794982753694">
        <time>2005-09-25T17:03:42-07:00</time>
      </trkpt>
      <trkpt lat="48.956942511722445" lon="-120.77947363257408">
        <time>2005-09-25T17:03:43-07:00</time>
      </trkpt>
      <trkpt lat="48.95698727108538" lon="-120.7794485706836">
        <time>2005-09-25T17:03:50-07:00</time>
      </trkpt>
      <trkpt lat="48.95701987668872" lon="-120.77944429591298">
        <time>2005-09-25T17:03:51-07:00</time>
      </trkpt>
      <trkpt lat="48.9570605289191" lon="-120.77944161370397">
        <time>2005-09-25T17:03:55-07:00</time>
      </trkpt>
      <trkpt lat="48.95711618475616" lon="-120.77939501032233">
        <time>2005-09-25T17:03:56-07:00</time>
      </trkpt>
      <trkpt lat="48.957144767045975" lon="-120.77936257235706">
        <time>2005-09-25T17:04:01-07:00</time>
      </trkpt>
      <trkpt lat="48.95716303959489" lon="-120.77933457680047">
        <time>2005-09-25T17:04:03-07:00</time>
      </trkpt>
      <trkpt lat="48.95717435516417" lon="-120.77929325401783">
        <time>2005-09-25T17:04:06-07:00</time>
      </trkpt>
      <trkpt lat="48.95715868100524" lon="-120.77927154488862">
        <time>2005-09-25T17:04:10-07:00</time>
      </trkpt>
      <trkpt lat="48.957123728469014" lon="-120.77923667617142">
        <time>2005-09-25T17:04:11-07:00</time>
      </trkpt>
      <trkpt lat="48.957093972712755" lon="-120.77921974472702">
        <time>2005-09-25T17:04:15-07:00</time>
      </trkpt>
      <trkpt lat="48.95706798881292" lon="-120.77920692041516">
        <time>2005-09-25T17:04:18-07:00</time>
      </trkpt>
      <trkpt lat="48.95705751143396" lon="-120.77920373529196">
        <time>2005-09-25T17:04:22-07:00</time>
      </trkpt>
      <trkpt lat="48.957008477300406" lon="-120.77918202616274">
        <time>2005-09-25T17:04:26-07:00</time>
      </trkpt>
      <trkpt lat="48.95697788335383" lon="-120.77916752547026">
        <time>2005-09-25T17:04:30-07:00</time>
      </trkpt>
      <trkpt lat="48.956886269152164" lon="-120.77918236143887">
        <time>2005-09-25T17:04:32-07:00</time>
      </trkpt>
      <trkpt lat="48.95687269046903" lon="-120.77917867340147">
        <time>2005-09-25T17:04:40-07:00</time>
      </trkpt>
      <trkpt lat="48.95676791667938" lon="-120.77918328344822">
        <time>2005-09-25T17:04:44-07:00</time>
      </trkpt>
      <trkpt lat="48.95666632801294" lon="-120.7791943475604">
        <time>2005-09-25T17:04:49-07:00</time>
      </trkpt>
      <trkpt lat="48.95662626251578" lon="-120.77917791903019">
        <time>2005-09-25T17:04:54-07:00</time>
      </trkpt>
      <trkpt lat="48.9565927349031" lon="-120.77917138114572">
        <time>2005-09-25T17:04:57-07:00</time>
      </trkpt>
      <trkpt lat="48.95657672546804" lon="-120.77916978858411">
        <time>2005-09-25T17:05:00-07:00</time>
      </trkpt>
      <trkpt lat="48.956540850922465" lon="-120.7791618257761">
        <time>2005-09-25T17:05:04-07:00</time>
      </trkpt>
      <trkpt lat="48.95650623366237" lon="-120.77917808666825">
        <time>2005-09-25T17:05:05-07:00</time>
      </trkpt>
      <trkpt lat="48.95648108795285" lon="-120.77917708083987">
        <time>2005-09-25T17:05:10-07:00</time>
      </trkpt>
      <trkpt lat="48.95643758587539" lon="-120.7791824452579">
        <time>2005-09-25T17:05:14-07:00</time>
      </trkpt>
      <trkpt lat="48.95642526447773" lon="-120.77918102033436">
        <time>2005-09-25T17:05:17-07:00</time>
      </trkpt>
      <trkpt lat="48.9563284534961" lon="-120.77913198620081">
        <time>2005-09-25T17:05:21-07:00</time>
      </trkpt>
      <trkpt lat="48.95631537772715" lon="-120.77912611886859">
        <time>2005-09-25T17:05:27-07:00</time>
      </trkpt>
      <trkpt lat="48.95626701414585" lon="-120.7790994644165">
        <time>2005-09-25T17:05:29-07:00</time>
      </trkpt>
      <trkpt lat="48.956208508461714" lon="-120.77907892875373">
        <time>2005-09-25T17:05:35-07:00</time>
      </trkpt>
      <trkpt lat="48.956172382459044" lon="-120.7790891546756">
        <time>2005-09-25T17:05:36-07:00</time>
      </trkpt>
      <trkpt lat="48.95613608881831" lon="-120.77908538281918">
        <time>2005-09-25T17:05:40-07:00</time>
      </trkpt>
      <trkpt lat="48.956125024706125" lon="-120.77907985076308">
        <time>2005-09-25T17:05:43-07:00</time>
      </trkpt>
      <trkpt lat="48.95611362531781" lon="-120.77907205559313">
        <time>2005-09-25T17:05:52-07:00</time>
      </trkpt>
      <trkpt lat="48.95602863281965" lon="-120.77902855351567">
        <time>2005-09-25T17:05:54-07:00</time>
      </trkpt>
      <trkpt lat="48.95601773634553" lon="-120.7790220156312">
        <time>2005-09-25T17:05:58-07:00</time>
      </trkpt>
      <trkpt lat="48.9559589792043" lon="-120.77895353548229">
        <time>2005-09-25T17:06:00-07:00</time>
      </trkpt>
      <trkpt lat="48.955935928970575" lon="-120.778923695907">
        <time>2005-09-25T17:06:03-07:00</time>
      </trkpt>
      <trkpt lat="48.95586149767041" lon="-120.77885613776743">
        <time>2005-09-25T17:06:08-07:00</time>
      </trkpt>
      <trkpt lat="48.95580089651048" lon="-120.77882118523121">
        <time>2005-09-25T17:06:11-07:00</time>
      </trkpt>
      <trkpt lat="48.955727303400636" lon="-120.77878857962787">
        <time>2005-09-25T17:06:18-07:00</time>
      </trkpt>
      <trkpt lat="48.95569478161633" lon="-120.77875572256744">
        <time>2005-09-25T17:06:26-07:00</time>
      </trkpt>
      <trkpt lat="48.955655386671424" lon="-120.77873300760984">
        <time>2005-09-25T17:06:28-07:00</time>
      </trkpt>
      <trkpt lat="48.955641807988286" lon="-120.77872739173472">
        <time>2005-09-25T17:06:33-07:00</time>
      </trkpt>
      <trkpt lat="48.9556220266968" lon="-120.7787215244025">
        <time>2005-09-25T17:06:37-07:00</time>
      </trkpt>
      <trkpt lat="48.95555371418595" lon="-120.77868598513305">
        <time>2005-09-25T17:06:44-07:00</time>
      </trkpt>
      <trkpt lat="48.95541247911751" lon="-120.7786491047591">
        <time>2005-09-25T17:06:45-07:00</time>
      </trkpt>
      <trkpt lat="48.95529982633889" lon="-120.77861985191703">
        <time>2005-09-25T17:06:53-07:00</time>
      </trkpt>
      <trkpt lat="48.955209301784635" lon="-120.77860124409199">
        <time>2005-09-25T17:06:54-07:00</time>
      </trkpt>
      <trkpt lat="48.95515490323305" lon="-120.77857526019216">
        <time>2005-09-25T17:06:59-07:00</time>
      </trkpt>
      <trkpt lat="48.955138474702835" lon="-120.77856662683189">
        <time>2005-09-25T17:07:02-07:00</time>
      </trkpt>
      <trkpt lat="48.955105785280466" lon="-120.77855933457613">
        <time>2005-09-25T17:07:06-07:00</time>
      </trkpt>
      <trkpt lat="48.95507510751486" lon="-120.77854759991169">
        <time>2005-09-25T17:07:09-07:00</time>
      </trkpt>
      <trkpt lat="48.95498625934124" lon="-120.77851633541286">
        <time>2005-09-25T17:07:12-07:00</time>
      </trkpt>
      <trkpt lat="48.95492364652455" lon="-120.77848238870502">
        <time>2005-09-25T17:07:16-07:00</time>
      </trkpt>
      <trkpt lat="48.9549105707556" lon="-120.77847383916378">
        <time>2005-09-25T17:07:18-07:00</time>
      </trkpt>
      <trkpt lat="48.954868242144585" lon="-120.77845514751971">
        <time>2005-09-25T17:07:21-07:00</time>
      </trkpt>
      <trkpt lat="48.95480940118432" lon="-120.7784366235137">
        <time>2005-09-25T17:07:24-07:00</time>
      </trkpt>
      <trkpt lat="48.95475366152823" lon="-120.77842379920185">
        <time>2005-09-25T17:07:27-07:00</time>
      </trkpt>
      <trkpt lat="48.95469708368182" lon="-120.77839756384492">
        <time>2005-09-25T17:07:30-07:00</time>
      </trkpt>
      <trkpt lat="48.95464528352022" lon="-120.7783813867718">
        <time>2005-09-25T17:07:33-07:00</time>
      </trkpt>
      <trkpt lat="48.954574121162295" lon="-120.77836629934609">
        <time>2005-09-25T17:07:36-07:00</time>
      </trkpt>
      <trkpt lat="48.95449424162507" lon="-120.77828843146563">
        <time>2005-09-25T17:07:37-07:00</time>
      </trkpt>
      <trkpt lat="48.95448250696063" lon="-120.77827946282923">
        <time>2005-09-25T17:07:41-07:00</time>
      </trkpt>
      <trkpt lat="48.954394329339266" lon="-120.77826119028032">
        <time>2005-09-25T17:07:43-07:00</time>
      </trkpt>
      <trkpt lat="48.954300032928586" lon="-120.77821877785027">
        <time>2005-09-25T17:07:50-07:00</time>
      </trkpt>
      <trkpt lat="48.954232977703214" lon="-120.7781530637294">
        <time>2005-09-25T17:07:51-07:00</time>
      </trkpt>
      <trkpt lat="48.95421227440238" lon="-120.77813764102757">
        <time>2005-09-25T17:07:59-07:00</time>
      </trkpt>
      <trkpt lat="48.95411009900272" lon="-120.77809128910303">
        <time>2005-09-25T17:08:08-07:00</time>
      </trkpt>
      <trkpt lat="48.95403114147484" lon="-120.77804678119719">
        <time>2005-09-25T17:08:12-07:00</time>
      </trkpt>
      <trkpt lat="48.95398755557835" lon="-120.77801543287933">
        <time>2005-09-25T17:08:15-07:00</time>
      </trkpt>
      <trkpt lat="48.953950591385365" lon="-120.77798618003726">
        <time>2005-09-25T17:08:16-07:00</time>
      </trkpt>
      <trkpt lat="48.95384439267218" lon="-120.77794829383492">
        <time>2005-09-25T17:08:19-07:00</time>
      </trkpt>
      <trkpt lat="48.95377457141876" lon="-120.77792993746698">
        <time>2005-09-25T17:08:22-07:00</time>
      </trkpt>
      <trkpt lat="48.95374959334731" lon="-120.7779101561755">
        <time>2005-09-25T17:08:24-07:00</time>
      </trkpt>
      <trkpt lat="48.95370349287987" lon="-120.77787050977349">
        <time>2005-09-25T17:08:28-07:00</time>
      </trkpt>
      <trkpt lat="48.953612549230456" lon="-120.77786573208869">
        <time>2005-09-25T17:08:29-07:00</time>
      </trkpt>
      <trkpt lat="48.95355697721243" lon="-120.77783807180822">
        <time>2005-09-25T17:08:36-07:00</time>
      </trkpt>
      <trkpt lat="48.95353107713163" lon="-120.777826923877">
        <time>2005-09-25T17:08:37-07:00</time>
      </trkpt>
      <trkpt lat="48.95351490005851" lon="-120.77781837433577">
        <time>2005-09-25T17:08:41-07:00</time>
      </trkpt>
      <trkpt lat="48.95342471078038" lon="-120.77776942402124">
        <time>2005-09-25T17:08:46-07:00</time>
      </trkpt>
      <trkpt lat="48.9533460047096" lon="-120.77774318866432">
        <time>2005-09-25T17:08:49-07:00</time>
      </trkpt>
      <trkpt lat="48.953308537602425" lon="-120.77772223390639">
        <time>2005-09-25T17:08:52-07:00</time>
      </trkpt>
      <trkpt lat="48.953244499862194" lon="-120.77768661081791">
        <time>2005-09-25T17:08:53-07:00</time>
      </trkpt>
      <trkpt lat="48.953179121017456" lon="-120.77766674570739">
        <time>2005-09-25T17:08:54-07:00</time>
      </trkpt>
      <trkpt lat="48.95312815904617" lon="-120.77764939516783">
        <time>2005-09-25T17:09:00-07:00</time>
      </trkpt>
      <trkpt lat="48.95305221900344" lon="-120.77760723419487">
        <time>2005-09-25T17:09:01-07:00</time>
      </trkpt>
      <trkpt lat="48.95304434001446" lon="-120.77760178595781">
        <time>2005-09-25T17:09:07-07:00</time>
      </trkpt>
      <trkpt lat="48.952961107715964" lon="-120.7775541767478">
        <time>2005-09-25T17:09:09-07:00</time>
      </trkpt>
      <trkpt lat="48.952884413301945" lon="-120.77752936631441">
        <time>2005-09-25T17:09:16-07:00</time>
      </trkpt>
      <trkpt lat="48.95287343300879" lon="-120.77752534300089">
        <time>2005-09-25T17:09:21-07:00</time>
      </trkpt>
      <trkpt lat="48.95281090401113" lon="-120.7775021251291">
        <time>2005-09-25T17:09:26-07:00</time>
      </trkpt>
      <trkpt lat="48.952782321721315" lon="-120.77750598080456">
        <time>2005-09-25T17:09:29-07:00</time>
      </trkpt>
      <trkpt lat="48.952731443569064" lon="-120.7774680107832">
        <time>2005-09-25T17:09:32-07:00</time>
      </trkpt>
      <trkpt lat="48.95272356458008" lon="-120.77745736576617">
        <time>2005-09-25T17:09:33-07:00</time>
      </trkpt>
      <trkpt lat="48.95266271196306" lon="-120.77742559835315">
        <time>2005-09-25T17:09:35-07:00</time>
      </trkpt>
      <trkpt lat="48.95265550352633" lon="-120.77741126529872">
        <time>2005-09-25T17:09:41-07:00</time>
      </trkpt>
      <trkpt lat="48.95259884186089" lon="-120.77736365608871">
        <time>2005-09-25T17:09:50-07:00</time>
      </trkpt>
      <trkpt lat="48.95253983326256" lon="-120.77729484066367">
        <time>2005-09-25T17:09:58-07:00</time>
      </trkpt>
      <trkpt lat="48.95251225680113" lon="-120.77727497555315">
        <time>2005-09-25T17:10:05-07:00</time>
      </trkpt>
      <trkpt lat="48.952401196584105" lon="-120.77724513597786">
        <time>2005-09-25T17:10:10-07:00</time>
      </trkpt>
      <trkpt lat="48.952366411685944" lon="-120.77722627669573">
        <time>2005-09-25T17:10:11-07:00</time>
      </trkpt>
      <trkpt lat="48.952326430007815" lon="-120.77721982263029">
        <time>2005-09-25T17:10:13-07:00</time>
      </trkpt>
      <trkpt lat="48.952296171337366" lon="-120.77720624394715">
        <time>2005-09-25T17:10:15-07:00</time>
      </trkpt>
      <trkpt lat="48.95225082524121" lon="-120.77715435996652">
        <time>2005-09-25T17:10:23-07:00</time>
      </trkpt>
      <trkpt lat="48.95224152132869" lon="-120.77714656479657">
        <time>2005-09-25T17:10:29-07:00</time>
      </trkpt>
      <trkpt lat="48.9521805010736" lon="-120.77707816846669">
        <time>2005-09-25T17:10:30-07:00</time>
      </trkpt>
      <trkpt lat="48.952122163027525" lon="-120.77696819789708">
        <time>2005-09-25T17:10:33-07:00</time>
      </trkpt>
      <trkpt lat="48.952078493312" lon="-120.77691949903965">
        <time>2005-09-25T17:10:37-07:00</time>
      </trkpt>
      <trkpt lat="48.95203063264489" lon="-120.77688429504633">
        <time>2005-09-25T17:10:41-07:00</time>
      </trkpt>
      <trkpt lat="48.952008252963424" lon="-120.77686191536486">
        <time>2005-09-25T17:10:45-07:00</time>
      </trkpt>
      <trkpt lat="48.95195712335408" lon="-120.77678262256086">
        <time>2005-09-25T17:10:49-07:00</time>
      </trkpt>
      <trkpt lat="48.951890068128705" lon="-120.7766765076667">
        <time>2005-09-25T17:10:53-07:00</time>
      </trkpt>
      <trkpt lat="48.95186433568597" lon="-120.7766299881041">
        <time>2005-09-25T17:11:00-07:00</time>
      </trkpt>
      <trkpt lat="48.95180373452604" lon="-120.77656192705035">
        <time>2005-09-25T17:11:01-07:00</time>
      </trkpt>
      <trkpt lat="48.951769284904" lon="-120.7765245437622">
        <time>2005-09-25T17:11:08-07:00</time>
      </trkpt>
      <trkpt lat="48.95173693075776" lon="-120.77648648992181">
        <time>2005-09-25T17:11:16-07:00</time>
      </trkpt>
      <trkpt lat="48.95163031294942" lon="-120.77637132257223">
        <time>2005-09-25T17:11:23-07:00</time>
      </trkpt>
      <trkpt lat="48.951576920226216" lon="-120.77631114050746">
        <time>2005-09-25T17:11:25-07:00</time>
      </trkpt>
      <trkpt lat="48.95155445672572" lon="-120.77628071419895">
        <time>2005-09-25T17:11:32-07:00</time>
      </trkpt>
      <trkpt lat="48.95149016752839" lon="-120.77615515328944">
        <time>2005-09-25T17:11:38-07:00</time>
      </trkpt>
      <trkpt lat="48.9514138083905" lon="-120.7760913670063">
        <time>2005-09-25T17:11:42-07:00</time>
      </trkpt>
      <trkpt lat="48.951397044584155" lon="-120.77608558349311">
        <time>2005-09-25T17:11:45-07:00</time>
      </trkpt>
      <trkpt lat="48.95133853890002" lon="-120.77605616301298">
        <time>2005-09-25T17:11:52-07:00</time>
      </trkpt>
      <trkpt lat="48.95120535045862" lon="-120.77600746415555">
        <time>2005-09-25T17:11:58-07:00</time>
      </trkpt>
      <trkpt lat="48.951100995764136" lon="-120.77596178278327">
        <time>2005-09-25T17:12:00-07:00</time>
      </trkpt>
      <trkpt lat="48.950986079871655" lon="-120.77587427571416">
        <time>2005-09-25T17:12:04-07:00</time>
      </trkpt>
      <trkpt lat="48.95092296414077" lon="-120.77583496458828">
        <time>2005-09-25T17:12:12-07:00</time>
      </trkpt>
      <trkpt lat="48.95086999051273" lon="-120.77581300400198">
        <time>2005-09-25T17:12:16-07:00</time>
      </trkpt>
      <trkpt lat="48.950822465121746" lon="-120.77581635676324">
        <time>2005-09-25T17:12:18-07:00</time>
      </trkpt>
      <trkpt lat="48.95077326335013" lon="-120.77583060599864">
        <time>2005-09-25T17:12:19-07:00</time>
      </trkpt>
      <trkpt lat="48.950649965554476" lon="-120.77585214748979">
        <time>2005-09-25T17:12:25-07:00</time>
      </trkpt>
      <trkpt lat="48.95052205771208" lon="-120.77583085745573">
        <time>2005-09-25T17:12:31-07:00</time>
      </trkpt>
      <trkpt lat="48.950479896739125" lon="-120.77580395154655">
        <time>2005-09-25T17:12:34-07:00</time>
      </trkpt>
      <trkpt lat="48.950411416590214" lon="-120.77574418857694">
        <time>2005-09-25T17:12:39-07:00</time>
      </trkpt>
      <trkpt lat="48.95040253177285" lon="-120.77573186717927">
        <time>2005-09-25T17:12:44-07:00</time>
      </trkpt>
      <trkpt lat="48.95035156980157" lon="-120.77560521662235">
        <time>2005-09-25T17:12:48-07:00</time>
      </trkpt>
      <trkpt lat="48.95034436136484" lon="-120.7755892071873">
        <time>2005-09-25T17:12:55-07:00</time>
      </trkpt>
      <trkpt lat="48.9503310341388" lon="-120.77554620802402">
        <time>2005-09-25T17:12:56-07:00</time>
      </trkpt>
      <trkpt lat="48.95029683597386" lon="-120.77542567625642">
        <time>2005-09-25T17:13:03-07:00</time>
      </trkpt>
      <trkpt lat="48.95029163919389" lon="-120.77541159465909">
        <time>2005-09-25T17:13:09-07:00</time>
      </trkpt>
      <trkpt lat="48.9502514898777" lon="-120.77531193383038">
        <time>2005-09-25T17:13:10-07:00</time>
      </trkpt>
      <trkpt lat="48.95022701472044" lon="-120.7752779033035">
        <time>2005-09-25T17:13:15-07:00</time>
      </trkpt>
      <trkpt lat="48.950111428275704" lon="-120.77521126717329">
        <time>2005-09-25T17:13:17-07:00</time>
      </trkpt>
      <trkpt lat="48.95003104582429" lon="-120.77517882920802">
        <time>2005-09-25T17:13:22-07:00</time>
      </trkpt>
      <trkpt lat="48.950000535696745" lon="-120.77515158802271">
        <time>2005-09-25T17:13:23-07:00</time>
      </trkpt>
      <trkpt lat="48.94995108246803" lon="-120.77511143870652">
        <time>2005-09-25T17:13:28-07:00</time>
      </trkpt>
      <trkpt lat="48.94987531006336" lon="-120.77503323554993">
        <time>2005-09-25T17:13:29-07:00</time>
      </trkpt>
      <trkpt lat="48.949838262051344" lon="-120.77497783116996">
        <time>2005-09-25T17:13:33-07:00</time>
      </trkpt>
      <trkpt lat="48.94979417324066" lon="-120.77493416145444">
        <time>2005-09-25T17:13:38-07:00</time>
      </trkpt>
      <trkpt lat="48.949707420542836" lon="-120.77486241236329">
        <time>2005-09-25T17:13:40-07:00</time>
      </trkpt>
      <trkpt lat="48.94961412996054" lon="-120.77477322891355">
        <time>2005-09-25T17:13:48-07:00</time>
      </trkpt>
      <trkpt lat="48.949556797742844" lon="-120.77468027360737">
        <time>2005-09-25T17:13:51-07:00</time>
      </trkpt>
      <trkpt lat="48.94950717687607" lon="-120.7746134698391">
        <time>2005-09-25T17:13:54-07:00</time>
      </trkpt>
      <trkpt lat="48.94948286935687" lon="-120.77459746040404">
        <time>2005-09-25T17:13:56-07:00</time>
      </trkpt>
      <trkpt lat="48.949442971497774" lon="-120.77457625418901">
        <time>2005-09-25T17:14:00-07:00</time>
      </trkpt>
      <trkpt lat="48.94937566481531" lon="-120.77453350648284">
        <time>2005-09-25T17:14:01-07:00</time>
      </trkpt>
      <trkpt lat="48.949292516335845" lon="-120.77444180846214">
        <time>2005-09-25T17:14:07-07:00</time>
      </trkpt>
      <trkpt lat="48.949278853833675" lon="-120.77441196888685">
        <time>2005-09-25T17:14:14-07:00</time>
      </trkpt>
      <trkpt lat="48.94922722131014" lon="-120.77432353980839">
        <time>2005-09-25T17:14:18-07:00</time>
      </trkpt>
      <trkpt lat="48.9492170792073" lon="-120.77429864555597">
        <time>2005-09-25T17:14:22-07:00</time>
      </trkpt>
      <trkpt lat="48.94914046861231" lon="-120.7741800416261">
        <time>2005-09-25T17:14:24-07:00</time>
      </trkpt>
      <trkpt lat="48.94907668232918" lon="-120.77411248348653">
        <time>2005-09-25T17:14:30-07:00</time>
      </trkpt>
      <trkpt lat="48.94903871230781" lon="-120.77407929114997">
        <time>2005-09-25T17:14:38-07:00</time>
      </trkpt>
      <trkpt lat="48.948971489444375" lon="-120.77397275716066">
        <time>2005-09-25T17:14:41-07:00</time>
      </trkpt>
      <trkpt lat="48.94896721467376" lon="-120.77392045408487">
        <time>2005-09-25T17:14:47-07:00</time>
      </trkpt>
      <trkpt lat="48.94896738231182" lon="-120.7738483697176">
        <time>2005-09-25T17:14:50-07:00</time>
      </trkpt>
      <trkpt lat="48.94897383637726" lon="-120.77381065115333">
        <time>2005-09-25T17:14:53-07:00</time>
      </trkpt>
      <trkpt lat="48.949007699266076" lon="-120.77370193786919">
        <time>2005-09-25T17:15:02-07:00</time>
      </trkpt>
      <trkpt lat="48.949014907702804" lon="-120.77367042191327">
        <time>2005-09-25T17:15:06-07:00</time>
      </trkpt>
      <trkpt lat="48.94898339174688" lon="-120.77352298423648">
        <time>2005-09-25T17:15:09-07:00</time>
      </trkpt>
      <trkpt lat="48.948968136683106" lon="-120.77351661399007">
        <time>2005-09-25T17:15:16-07:00</time>
      </trkpt>
      <trkpt lat="48.94887342117727" lon="-120.77350764535367">
        <time>2005-09-25T17:15:22-07:00</time>
      </trkpt>
      <trkpt lat="48.94877032376826" lon="-120.77350831590593">
        <time>2005-09-25T17:15:24-07:00</time>
      </trkpt>
      <trkpt lat="48.948711482807994" lon="-120.77346389181912">
        <time>2005-09-25T17:15:28-07:00</time>
      </trkpt>
      <trkpt lat="48.948670495301485" lon="-120.7734130974859">
        <time>2005-09-25T17:15:38-07:00</time>
      </trkpt>
      <trkpt lat="48.948616767302155" lon="-120.77338887378573">
        <time>2005-09-25T17:15:46-07:00</time>
      </trkpt>
      <trkpt lat="48.948511155322194" lon="-120.77336506918073">
        <time>2005-09-25T17:15:54-07:00</time>
      </trkpt>
      <trkpt lat="48.94849933683872" lon="-120.77336372807622">
        <time>2005-09-25T17:15:59-07:00</time>
      </trkpt>
      <trkpt lat="48.94842968322337" lon="-120.77335325069726">
        <time>2005-09-25T17:16:04-07:00</time>
      </trkpt>
      <trkpt lat="48.948365142568946" lon="-120.77335333451629">
        <time>2005-09-25T17:16:08-07:00</time>
      </trkpt>
      <trkpt lat="48.948356341570616" lon="-120.77335056848824">
        <time>2005-09-25T17:16:12-07:00</time>
      </trkpt>
      <trkpt lat="48.94826866686344" lon="-120.77329725958407">
        <time>2005-09-25T17:16:22-07:00</time>
      </trkpt>
      <trkpt lat="48.94824083894491" lon="-120.77327898703516">
        <time>2005-09-25T17:16:31-07:00</time>
      </trkpt>
      <trkpt lat="48.94815509207547" lon="-120.77322006225586">
        <time>2005-09-25T17:16:35-07:00</time>
      </trkpt>
      <trkpt lat="48.94810932688415" lon="-120.77310866676271">
        <time>2005-09-25T17:16:40-07:00</time>
      </trkpt>
      <trkpt lat="48.94800522364676" lon="-120.77299785800278">
        <time>2005-09-25T17:16:41-07:00</time>
      </trkpt>
      <trkpt lat="48.94793347455561" lon="-120.77292988076806">
        <time>2005-09-25T17:16:49-07:00</time>
      </trkpt>
      <trkpt lat="48.947880417108536" lon="-120.7728205807507">
        <time>2005-09-25T17:16:50-07:00</time>
      </trkpt>
      <trkpt lat="48.94783129915595" lon="-120.77275620773435">
        <time>2005-09-25T17:16:52-07:00</time>
      </trkpt>
      <trkpt lat="48.947814954444766" lon="-120.77273977920413">
        <time>2005-09-25T17:16:58-07:00</time>
      </trkpt>
      <trkpt lat="48.94776860252023" lon="-120.77268705703318">
        <time>2005-09-25T17:16:59-07:00</time>
      </trkpt>
      <trkpt lat="48.94772384315729" lon="-120.7726738974452">
        <time>2005-09-25T17:17:05-07:00</time>
      </trkpt>
      <trkpt lat="48.94770079292357" lon="-120.77266761101782">
        <time>2005-09-25T17:17:08-07:00</time>
      </trkpt>
      <trkpt lat="48.94759316928685" lon="-120.77258664183319">
        <time>2005-09-25T17:17:16-07:00</time>
      </trkpt>
      <trkpt lat="48.94749518483877" lon="-120.77250491827726">
        <time>2005-09-25T17:17:23-07:00</time>
      </trkpt>
      <trkpt lat="48.94743299111724" lon="-120.77244456857443">
        <time>2005-09-25T17:17:26-07:00</time>
      </trkpt>
      <trkpt lat="48.94734766334295" lon="-120.77236276119947">
        <time>2005-09-25T17:17:30-07:00</time>
      </trkpt>
      <trkpt lat="48.94732033833861" lon="-120.77235010452569">
        <time>2005-09-25T17:17:37-07:00</time>
      </trkpt>
      <trkpt lat="48.94726987928152" lon="-120.77232210896909">
        <time>2005-09-25T17:17:41-07:00</time>
      </trkpt>
      <trkpt lat="48.94723794423044" lon="-120.77227357774973">
        <time>2005-09-25T17:17:45-07:00</time>
      </trkpt>
      <trkpt lat="48.9472087752074" lon="-120.77221238985658">
        <time>2005-09-25T17:17:52-07:00</time>
      </trkpt>
      <trkpt lat="48.9471138920635" lon="-120.77207333408296">
        <time>2005-09-25T17:17:59-07:00</time>
      </trkpt>
      <trkpt lat="48.94708019681275" lon="-120.77201181091368">
        <time>2005-09-25T17:18:06-07:00</time>
      </trkpt>
      <trkpt lat="48.94705588929355" lon="-120.77197593636811">
        <time>2005-09-25T17:18:11-07:00</time>
      </trkpt>
      <trkpt lat="48.94702127203345" lon="-120.77192715369165">
        <time>2005-09-25T17:18:13-07:00</time>
      </trkpt>
      <trkpt lat="48.94698707386851" lon="-120.7718538120389">
        <time>2005-09-25T17:18:16-07:00</time>
      </trkpt>
      <trkpt lat="48.94698045216501" lon="-120.77183788642287">
        <time>2005-09-25T17:18:21-07:00</time>
      </trkpt>
      <trkpt lat="48.94694575108588" lon="-120.77177703380585">
        <time>2005-09-25T17:18:28-07:00</time>
      </trkpt>
      <trkpt lat="48.94691901281476" lon="-120.7717362139374">
        <time>2005-09-25T17:18:30-07:00</time>
      </trkpt>
      <trkpt lat="48.9468929450959" lon="-120.77164174988866">
        <time>2005-09-25T17:18:35-07:00</time>
      </trkpt>
      <trkpt lat="48.9468911010772" lon="-120.77155709266663">
        <time>2005-09-25T17:18:37-07:00</time>
      </trkpt>
      <trkpt lat="48.94688464701176" lon="-120.77148157171905">
        <time>2005-09-25T17:18:46-07:00</time>
      </trkpt>
      <trkpt lat="48.946858663111925" lon="-120.7714151032269">
        <time>2005-09-25T17:18:52-07:00</time>
      </trkpt>
      <trkpt lat="48.94684315659106" lon="-120.77139699831605">
        <time>2005-09-25T17:18:55-07:00</time>
      </trkpt>
      <trkpt lat="48.946796637028456" lon="-120.77138015069067">
        <time>2005-09-25T17:19:03-07:00</time>
      </trkpt>
      <trkpt lat="48.94670544192195" lon="-120.77141200192273">
        <time>2005-09-25T17:19:06-07:00</time>
      </trkpt>
      <trkpt lat="48.94663310609758" lon="-120.77140144072473">
        <time>2005-09-25T17:19:10-07:00</time>
      </trkpt>
      <trkpt lat="48.94655196927488" lon="-120.7713442761451">
        <time>2005-09-25T17:19:12-07:00</time>
      </trkpt>
      <trkpt lat="48.94654023461044" lon="-120.77133287675679">
        <time>2005-09-25T17:19:18-07:00</time>
      </trkpt>
      <trkpt lat="48.94646840170026" lon="-120.77126112766564">
        <time>2005-09-25T17:19:19-07:00</time>
      </trkpt>
      <trkpt lat="48.94646119326353" lon="-120.77124461531639">
        <time>2005-09-25T17:19:27-07:00</time>
      </trkpt>
      <trkpt lat="48.94640654325485" lon="-120.77118149958551">
        <time>2005-09-25T17:19:28-07:00</time>
      </trkpt>
      <trkpt lat="48.946348959580064" lon="-120.77108929865062">
        <time>2005-09-25T17:19:34-07:00</time>
      </trkpt>
      <trkpt lat="48.94633806310594" lon="-120.77107639051974">
        <time>2005-09-25T17:19:41-07:00</time>
      </trkpt>
      <trkpt lat="48.94627050496638" lon="-120.77099232003093">
        <time>2005-09-25T17:19:47-07:00</time>
      </trkpt>
      <trkpt lat="48.946215687319636" lon="-120.77090875245631">
        <time>2005-09-25T17:19:51-07:00</time>
      </trkpt>
      <trkpt lat="48.94617863930762" lon="-120.77083876356483">
        <time>2005-09-25T17:19:55-07:00</time>
      </trkpt>
      <trkpt lat="48.946172101423144" lon="-120.77080632559955">
        <time>2005-09-25T17:20:02-07:00</time>
      </trkpt>
      <trkpt lat="48.94614745862782" lon="-120.77073315158486">
        <time>2005-09-25T17:20:03-07:00</time>
      </trkpt>
      <trkpt lat="48.946135472506285" lon="-120.77070498839021">
        <time>2005-09-25T17:20:09-07:00</time>
      </trkpt>
      <trkpt lat="48.94608694128692" lon="-120.77061823569238">
        <time>2005-09-25T17:20:14-07:00</time>
      </trkpt>
      <trkpt lat="48.94605793990195" lon="-120.77056978829205">
        <time>2005-09-25T17:20:15-07:00</time>
      </trkpt>
      <trkpt lat="48.94603002816439" lon="-120.77051597647369">
        <time>2005-09-25T17:20:22-07:00</time>
      </trkpt>
      <trkpt lat="48.94601535983384" lon="-120.77045604586601">
        <time>2005-09-25T17:20:24-07:00</time>
      </trkpt>
      <trkpt lat="48.9459774736315" lon="-120.77029729261994">
        <time>2005-09-25T17:20:31-07:00</time>
      </trkpt>
      <trkpt lat="48.945957189425826" lon="-120.77024096623063">
        <time>2005-09-25T17:20:37-07:00</time>
      </trkpt>
      <trkpt lat="48.9459325466305" lon="-120.77016863040626">
        <time>2005-09-25T17:20:46-07:00</time>
      </trkpt>
      <trkpt lat="48.94587035290897" lon="-120.7701076939702">
        <time>2005-09-25T17:20:53-07:00</time>
      </trkpt>
      <trkpt lat="48.945860881358385" lon="-120.77011020854115">
        <time>2005-09-25T17:21:00-07:00</time>
      </trkpt>
      <trkpt lat="48.94576231017709" lon="-120.77013325877488">
        <time>2005-09-25T17:21:05-07:00</time>
      </trkpt>
      <trkpt lat="48.94566415809095" lon="-120.77011632733047">
        <time>2005-09-25T17:21:07-07:00</time>
      </trkpt>
      <trkpt lat="48.945632223039865" lon="-120.77010543085635">
        <time>2005-09-25T17:21:11-07:00</time>
      </trkpt>
      <trkpt lat="48.94557824358344" lon="-120.77006075531244">
        <time>2005-09-25T17:21:15-07:00</time>
      </trkpt>
      <trkpt lat="48.945485623553395" lon="-120.76995899900794">
        <time>2005-09-25T17:21:17-07:00</time>
      </trkpt>
      <trkpt lat="48.94547472707927" lon="-120.7699522934854">
        <time>2005-09-25T17:21:25-07:00</time>
      </trkpt>
      <trkpt lat="48.94541060552001" lon="-120.7698764372617">
        <time>2005-09-25T17:21:33-07:00</time>
      </trkpt>
      <trkpt lat="48.94538126885891" lon="-120.76984299346805">
        <time>2005-09-25T17:21:39-07:00</time>
      </trkpt>
      <trkpt lat="48.94531077705324" lon="-120.76976487413049">
        <time>2005-09-25T17:21:46-07:00</time>
      </trkpt>
      <trkpt lat="48.94527146592736" lon="-120.76971374452114">
        <time>2005-09-25T17:21:48-07:00</time>
      </trkpt>
      <trkpt lat="48.94522829912603" lon="-120.7696536462754">
        <time>2005-09-25T17:21:53-07:00</time>
      </trkpt>
      <trkpt lat="48.94519376568496" lon="-120.76957896351814">
        <time>2005-09-25T17:21:57-07:00</time>
      </trkpt>
      <trkpt lat="48.94517943263054" lon="-120.76952749863267">
        <time>2005-09-25T17:22:01-07:00</time>
      </trkpt>
      <trkpt lat="48.94514716230333" lon="-120.76934326440096">
        <time>2005-09-25T17:22:10-07:00</time>
      </trkpt>
      <trkpt lat="48.94514095969498" lon="-120.76929733157158">
        <time>2005-09-25T17:22:15-07:00</time>
      </trkpt>
      <trkpt lat="48.94511237740517" lon="-120.76915265992284">
        <time>2005-09-25T17:22:17-07:00</time>
      </trkpt>
      <trkpt lat="48.945091338828206" lon="-120.76910940930247">
        <time>2005-09-25T17:22:20-07:00</time>
      </trkpt>
      <trkpt lat="48.9450572244823" lon="-120.76908392831683">
        <time>2005-09-25T17:22:25-07:00</time>
      </trkpt>
      <trkpt lat="48.94504699856043" lon="-120.76908074319363">
        <time>2005-09-25T17:22:26-07:00</time>
      </trkpt>
      <trkpt lat="48.94501925446093" lon="-120.76903321780264">
        <time>2005-09-25T17:22:30-07:00</time>
      </trkpt>
      <trkpt lat="48.94498388282955" lon="-120.76898611150682">
        <time>2005-09-25T17:22:33-07:00</time>
      </trkpt>
      <trkpt lat="48.94497130997479" lon="-120.76898116618395">
        <time>2005-09-25T17:22:38-07:00</time>
      </trkpt>
      <trkpt lat="48.944905092939734" lon="-120.76890002936125">
        <time>2005-09-25T17:22:43-07:00</time>
      </trkpt>
      <trkpt lat="48.9448082819581" lon="-120.76889089308679">
        <time>2005-09-25T17:22:47-07:00</time>
      </trkpt>
      <trkpt lat="48.944727731868625" lon="-120.76890514232218">
        <time>2005-09-25T17:22:52-07:00</time>
      </trkpt>
      <trkpt lat="48.944713147357106" lon="-120.76890162192285">
        <time>2005-09-25T17:22:55-07:00</time>
      </trkpt>
      <trkpt lat="48.944701915606856" lon="-120.76889282092452">
        <time>2005-09-25T17:22:59-07:00</time>
      </trkpt>
      <trkpt lat="48.944658832624555" lon="-120.76880464330316">
        <time>2005-09-25T17:23:05-07:00</time>
      </trkpt>
      <trkpt lat="48.94465564750135" lon="-120.76879081316292">
        <time>2005-09-25T17:23:10-07:00</time>
      </trkpt>
      <trkpt lat="48.944638883695006" lon="-120.76864840462804">
        <time>2005-09-25T17:23:17-07:00</time>
      </trkpt>
      <trkpt lat="48.944565961137414" lon="-120.76858788728714">
        <time>2005-09-25T17:23:18-07:00</time>
      </trkpt>
      <trkpt lat="48.944462360814214" lon="-120.76854673214257">
        <time>2005-09-25T17:23:24-07:00</time>
      </trkpt>
      <trkpt lat="48.94436672329903" lon="-120.76854958198965">
        <time>2005-09-25T17:23:25-07:00</time>
      </trkpt>
      <trkpt lat="48.944305116310716" lon="-120.76847313903272">
        <time>2005-09-25T17:23:31-07:00</time>
      </trkpt>
      <trkpt lat="48.9442247338593" lon="-120.76842267997563">
        <time>2005-09-25T17:23:38-07:00</time>
      </trkpt>
      <trkpt lat="48.944199001416564" lon="-120.76841941103339">
        <time>2005-09-25T17:23:39-07:00</time>
      </trkpt>
      <trkpt lat="48.94410336390138" lon="-120.76840591616929">
        <time>2005-09-25T17:23:45-07:00</time>
      </trkpt>
      <trkpt lat="48.943984508514404" lon="-120.76841287314892">
        <time>2005-09-25T17:23:51-07:00</time>
      </trkpt>
      <trkpt lat="48.943907814100385" lon="-120.76831421814859">
        <time>2005-09-25T17:23:56-07:00</time>
      </trkpt>
      <trkpt lat="48.943840423598886" lon="-120.76820257119834">
        <time>2005-09-25T17:23:58-07:00</time>
      </trkpt>
      <trkpt lat="48.94377521239221" lon="-120.76816326007247">
        <time>2005-09-25T17:24:03-07:00</time>
      </trkpt>
      <trkpt lat="48.94376280717552" lon="-120.76815663836896">
        <time>2005-09-25T17:24:05-07:00</time>
      </trkpt>
      <trkpt lat="48.943653088063" lon="-120.76810609549284">
        <time>2005-09-25T17:24:11-07:00</time>
      </trkpt>
      <trkpt lat="48.943643532693386" lon="-120.76809545047581">
        <time>2005-09-25T17:24:14-07:00</time>
      </trkpt>
      <trkpt lat="48.943568766117096" lon="-120.76803107745945">
        <time>2005-09-25T17:24:18-07:00</time>
      </trkpt>
      <trkpt lat="48.94355191849172" lon="-120.76800869777799">
        <time>2005-09-25T17:24:22-07:00</time>
      </trkpt>
      <trkpt lat="48.9435151219368" lon="-120.76795237138867">
        <time>2005-09-25T17:24:31-07:00</time>
      </trkpt>
      <trkpt lat="48.943497436121106" lon="-120.76791909523308">
        <time>2005-09-25T17:24:35-07:00</time>
      </trkpt>
      <trkpt lat="48.943413784727454" lon="-120.76783703640103">
        <time>2005-09-25T17:24:39-07:00</time>
      </trkpt>
      <trkpt lat="48.94331990741193" lon="-120.76776067726314">
        <time>2005-09-25T17:24:44-07:00</time>
      </trkpt>
      <trkpt lat="48.94320641644299" lon="-120.76766001060605">
        <time>2005-09-25T17:24:45-07:00</time>
      </trkpt>
      <trkpt lat="48.94311496987939" lon="-120.76758700422943">
        <time>2005-09-25T17:24:53-07:00</time>
      </trkpt>
      <trkpt lat="48.94303919747472" lon="-120.76752673834562">
        <time>2005-09-25T17:25:00-07:00</time>
      </trkpt>
      <trkpt lat="48.94298689439893" lon="-120.76744208112359">
        <time>2005-09-25T17:25:02-07:00</time>
      </trkpt>
      <trkpt lat="48.94298370927572" lon="-120.76741953380406">
        <time>2005-09-25T17:25:07-07:00</time>
      </trkpt>
      <trkpt lat="48.942955546081066" lon="-120.76729615218937">
        <time>2005-09-25T17:25:15-07:00</time>
      </trkpt>
      <trkpt lat="48.94292411394417" lon="-120.76714485883713">
        <time>2005-09-25T17:25:16-07:00</time>
      </trkpt>
      <trkpt lat="48.94291807897389" lon="-120.76708450913429">
        <time>2005-09-25T17:25:21-07:00</time>
      </trkpt>
      <trkpt lat="48.94276360049844" lon="-120.76711124740541">
        <time>2005-09-25T17:25:24-07:00</time>
      </trkpt>
      <trkpt lat="48.94265756942332" lon="-120.76706489548087">
        <time>2005-09-25T17:25:30-07:00</time>
      </trkpt>
      <trkpt lat="48.94259009510279" lon="-120.76703455299139">
        <time>2005-09-25T17:25:33-07:00</time>
      </trkpt>
      <trkpt lat="48.942509880289435" lon="-120.76701996847987">
        <time>2005-09-25T17:25:38-07:00</time>
      </trkpt>
      <trkpt lat="48.942495714873075" lon="-120.76700957491994">
        <time>2005-09-25T17:25:43-07:00</time>
      </trkpt>
      <trkpt lat="48.94242220558226" lon="-120.76693816110492">
        <time>2005-09-25T17:25:46-07:00</time>
      </trkpt>
      <trkpt lat="48.94240150228143" lon="-120.76688384637237">
        <time>2005-09-25T17:25:54-07:00</time>
      </trkpt>
      <trkpt lat="48.942359425127506" lon="-120.76682006008923">
        <time>2005-09-25T17:25:57-07:00</time>
      </trkpt>
      <trkpt lat="48.942320700734854" lon="-120.76683489605784">
        <time>2005-09-25T17:26:05-07:00</time>
      </trkpt>
      <trkpt lat="48.9423060324043" lon="-120.76685677282512">
        <time>2005-09-25T17:26:09-07:00</time>
      </trkpt>
      <trkpt lat="48.94228583201766" lon="-120.76689030043781">
        <time>2005-09-25T17:26:13-07:00</time>
      </trkpt>
      <trkpt lat="48.94219673238695" lon="-120.76694360934198">
        <time>2005-09-25T17:26:14-07:00</time>
      </trkpt>
      <trkpt lat="48.942169323563576" lon="-120.76697688549757">
        <time>2005-09-25T17:26:19-07:00</time>
      </trkpt>
      <trkpt lat="48.94218013621867" lon="-120.76696758158505">
        <time>2005-09-25T17:26:23-07:00</time>
      </trkpt>
      <trkpt lat="48.942179046571255" lon="-120.766970096156">
        <time>2005-09-25T17:26:24-07:00</time>
      </trkpt>
      <trkpt lat="48.942181058228016" lon="-120.7669687550515">
        <time>2005-09-25T17:26:31-07:00</time>
      </trkpt>
      <trkpt lat="48.942181058228016" lon="-120.7669687550515">
        <time>2005-09-25T17:26:38-07:00</time>
      </trkpt>
      <trkpt lat="48.942149206995964" lon="-120.76697923243046">
        <time>2005-09-25T17:26:45-07:00</time>
      </trkpt>
      <trkpt lat="48.94204409793019" lon="-120.76697587966919">
        <time>2005-09-25T17:26:46-07:00</time>
      </trkpt>
      <trkpt lat="48.94202448427677" lon="-120.76697076670825">
        <time>2005-09-25T17:26:47-07:00</time>
      </trkpt>
      <trkpt lat="48.941935300827026" lon="-120.76697026379406">
        <time>2005-09-25T17:26:53-07:00</time>
      </trkpt>
      <trkpt lat="48.94191551953554" lon="-120.76696280390024">
        <time>2005-09-25T17:26:54-07:00</time>
      </trkpt>
      <trkpt lat="48.941903449594975" lon="-120.76695811003447">
        <time>2005-09-25T17:27:01-07:00</time>
      </trkpt>
      <trkpt lat="48.94189456477761" lon="-120.76695299707353">
        <time>2005-09-25T17:27:07-07:00</time>
      </trkpt>
      <trkpt lat="48.94185810349882" lon="-120.76694218441844">
        <time>2005-09-25T17:27:14-07:00</time>
      </trkpt>
      <trkpt lat="48.94180655479431" lon="-120.76693422161043">
        <time>2005-09-25T17:27:22-07:00</time>
      </trkpt>
      <trkpt lat="48.94171703606844" lon="-120.76688040979207">
        <time>2005-09-25T17:27:28-07:00</time>
      </trkpt>
      <trkpt lat="48.94163195975125" lon="-120.76682198792696">
        <time>2005-09-25T17:27:35-07:00</time>
      </trkpt>
      <trkpt lat="48.94156616181135" lon="-120.76681368984282">
        <time>2005-09-25T17:27:37-07:00</time>
      </trkpt>
      <trkpt lat="48.941530706360936" lon="-120.76680002734065">
        <time>2005-09-25T17:27:42-07:00</time>
      </trkpt>
      <trkpt lat="48.94147337414324" lon="-120.76677102595568">
        <time>2005-09-25T17:27:51-07:00</time>
      </trkpt>
      <trkpt lat="48.94135342910886" lon="-120.76674269512296">
        <time>2005-09-25T17:27:59-07:00</time>
      </trkpt>
      <trkpt lat="48.94126600585878" lon="-120.76674277894199">
        <time>2005-09-25T17:28:07-07:00</time>
      </trkpt>
      <trkpt lat="48.941252091899514" lon="-120.76673615723848">
        <time>2005-09-25T17:28:14-07:00</time>
      </trkpt>
      <trkpt lat="48.941189646720886" lon="-120.76669500209391">
        <time>2005-09-25T17:28:15-07:00</time>
      </trkpt>
      <trkpt lat="48.941145557910204" lon="-120.76663875952363">
        <time>2005-09-25T17:28:22-07:00</time>
      </trkpt>
      <trkpt lat="48.941102055832744" lon="-120.76660648919642">
        <time>2005-09-25T17:28:23-07:00</time>
      </trkpt>
      <trkpt lat="48.941076239570975" lon="-120.76660514809191">
        <time>2005-09-25T17:28:30-07:00</time>
      </trkpt>
      <trkpt lat="48.9410282112658" lon="-120.76658922247589">
        <time>2005-09-25T17:28:32-07:00</time>
      </trkpt>
      <trkpt lat="48.940969202667475" lon="-120.76657304540277">
        <time>2005-09-25T17:28:36-07:00</time>
      </trkpt>
      <trkpt lat="48.94092394039035" lon="-120.76657203957438">
        <time>2005-09-25T17:28:38-07:00</time>
      </trkpt>
      <trkpt lat="48.94079175777733" lon="-120.7665847800672">
        <time>2005-09-25T17:28:47-07:00</time>
      </trkpt>
      <trkpt lat="48.94065337255597" lon="-120.76662057079375">
        <time>2005-09-25T17:28:55-07:00</time>
      </trkpt>
      <trkpt lat="48.940544659271836" lon="-120.76662375591695">
        <time>2005-09-25T17:29:05-07:00</time>
      </trkpt>
      <trkpt lat="48.940501660108566" lon="-120.7666331436485">
        <time>2005-09-25T17:29:13-07:00</time>
      </trkpt>
      <trkpt lat="48.940443992614746" lon="-120.76662057079375">
        <time>2005-09-25T17:29:21-07:00</time>
      </trkpt>
      <trkpt lat="48.94042949192226" lon="-120.76661746948957">
        <time>2005-09-25T17:29:28-07:00</time>
      </trkpt>
      <trkpt lat="48.94038372673094" lon="-120.76659735292196">
        <time>2005-09-25T17:29:30-07:00</time>
      </trkpt>
      <trkpt lat="48.940362855792046" lon="-120.7665903121233">
        <time>2005-09-25T17:29:39-07:00</time>
      </trkpt>
      <trkpt lat="48.94028699956834" lon="-120.76657413505018">
        <time>2005-09-25T17:29:48-07:00</time>
      </trkpt>
      <trkpt lat="48.94027744419873" lon="-120.76657832600176">
        <time>2005-09-25T17:29:54-07:00</time>
      </trkpt>
      <trkpt lat="48.94024735316634" lon="-120.76659115031362">
        <time>2005-09-25T17:35:54-07:00</time>
      </trkpt>
      <trkpt lat="48.94015305675566" lon="-120.7666302099824">
        <time>2005-09-25T17:36:03-07:00</time>
      </trkpt>
      <trkpt lat="48.940138975158334" lon="-120.7666386757046">
        <time>2005-09-25T17:36:09-07:00</time>
      </trkpt>
      <trkpt lat="48.94005976617336" lon="-120.76668670400977">
        <time>2005-09-25T17:36:16-07:00</time>
      </trkpt>
      <trkpt lat="48.94003923051059" lon="-120.76669106259942">
        <time>2005-09-25T17:36:17-07:00</time>
      </trkpt>
      <trkpt lat="48.939971420913935" lon="-120.76669776812196">
        <time>2005-09-25T17:36:23-07:00</time>
      </trkpt>
      <trkpt lat="48.93993747420609" lon="-120.7667023781687">
        <time>2005-09-25T17:36:27-07:00</time>
      </trkpt>
      <trkpt lat="48.93990562297404" lon="-120.7667095027864">
        <time>2005-09-25T17:36:33-07:00</time>
      </trkpt>
      <trkpt lat="48.93983152695" lon="-120.76670732349157">
        <time>2005-09-25T17:36:37-07:00</time>
      </trkpt>
      <trkpt lat="48.93981048837304" lon="-120.76670749112964">
        <time>2005-09-25T17:36:39-07:00</time>
      </trkpt>
      <trkpt lat="48.93972725607455" lon="-120.76666709035635">
        <time>2005-09-25T17:36:41-07:00</time>
      </trkpt>
      <trkpt lat="48.93970982171595" lon="-120.76665870845318">
        <time>2005-09-25T17:36:50-07:00</time>
      </trkpt>
      <trkpt lat="48.939632372930646" lon="-120.7666059024632">
        <time>2005-09-25T17:36:57-07:00</time>
      </trkpt>
      <trkpt lat="48.939600521698594" lon="-120.76659668236971">
        <time>2005-09-25T17:37:08-07:00</time>
      </trkpt>
      <trkpt lat="48.93954402767122" lon="-120.76656868681312">
        <time>2005-09-25T17:37:17-07:00</time>
      </trkpt>
      <trkpt lat="48.93949382007122" lon="-120.76653281226754">
        <time>2005-09-25T17:37:22-07:00</time>
      </trkpt>
      <trkpt lat="48.93942542374134" lon="-120.76651982031763">
        <time>2005-09-25T17:37:31-07:00</time>
      </trkpt>
      <trkpt lat="48.939314782619476" lon="-120.76652895659208">
        <time>2005-09-25T17:37:34-07:00</time>
      </trkpt>
      <trkpt lat="48.939276142045856" lon="-120.76651521027088">
        <time>2005-09-25T17:37:42-07:00</time>
      </trkpt>
      <trkpt lat="48.939203303307295" lon="-120.76647304929793">
        <time>2005-09-25T17:37:44-07:00</time>
      </trkpt>
      <trkpt lat="48.93913457170129" lon="-120.76641513034701">
        <time>2005-09-25T17:37:52-07:00</time>
      </trkpt>
      <trkpt lat="48.93909450620413" lon="-120.76638252474368">
        <time>2005-09-25T17:37:54-07:00</time>
      </trkpt>
      <trkpt lat="48.9390114415437" lon="-120.76634438708425">
        <time>2005-09-25T17:37:55-07:00</time>
      </trkpt>
      <trkpt lat="48.93899886868894" lon="-120.7663360890001">
        <time>2005-09-25T17:37:56-07:00</time>
      </trkpt>
      <trkpt lat="48.93895628862083" lon="-120.7663104403764">
        <time>2005-09-25T17:37:59-07:00</time>
      </trkpt>
      <trkpt lat="48.938912535086274" lon="-120.76627842150629">
        <time>2005-09-25T17:38:03-07:00</time>
      </trkpt>
      <trkpt lat="48.93885939382017" lon="-120.76623835600913">
        <time>2005-09-25T17:38:14-07:00</time>
      </trkpt>
      <trkpt lat="48.93881840631366" lon="-120.76620625331998">
        <time>2005-09-25T17:38:21-07:00</time>
      </trkpt>
      <trkpt lat="48.938783621415496" lon="-120.76618881896138">
        <time>2005-09-25T17:38:27-07:00</time>
      </trkpt>
      <trkpt lat="48.93871673382819" lon="-120.76617373153567">
        <time>2005-09-25T17:38:30-07:00</time>
      </trkpt>
      <trkpt lat="48.93865671940148" lon="-120.7661463227123">
        <time>2005-09-25T17:38:35-07:00</time>
      </trkpt>
      <trkpt lat="48.93863266333938" lon="-120.76613081619143">
        <time>2005-09-25T17:38:45-07:00</time>
      </trkpt>
      <trkpt lat="48.93860357813537" lon="-120.76611732132733">
        <time>2005-09-25T17:38:52-07:00</time>
      </trkpt>
      <trkpt lat="48.93852914683521" lon="-120.76609049923718">
        <time>2005-09-25T17:38:53-07:00</time>
      </trkpt>
      <trkpt lat="48.938511963933706" lon="-120.76608689501882">
        <time>2005-09-25T17:38:58-07:00</time>
      </trkpt>
      <trkpt lat="48.93843409605324" lon="-120.7660411298275">
        <time>2005-09-25T17:39:03-07:00</time>
      </trkpt>
      <trkpt lat="48.938423451036215" lon="-120.76603366993368">
        <time>2005-09-25T17:39:07-07:00</time>
      </trkpt>
      <trkpt lat="48.9383808709681" lon="-120.76601673848927">
        <time>2005-09-25T17:39:09-07:00</time>
      </trkpt>
      <trkpt lat="48.938319431617856" lon="-120.765989581123">
        <time>2005-09-25T17:39:13-07:00</time>
      </trkpt>
      <trkpt lat="48.93818004056811" lon="-120.76593736186624">
        <time>2005-09-25T17:39:18-07:00</time>
      </trkpt>
      <trkpt lat="48.938110722228885" lon="-120.76589712873101">
        <time>2005-09-25T17:39:21-07:00</time>
      </trkpt>
      <trkpt lat="48.93809932284057" lon="-120.765889165923">
        <time>2005-09-25T17:39:30-07:00</time>
      </trkpt>
      <trkpt lat="48.938054982572794" lon="-120.76587106101215">
        <time>2005-09-25T17:39:40-07:00</time>
      </trkpt>
      <trkpt lat="48.938029082491994" lon="-120.76585211791098">
        <time>2005-09-25T17:39:49-07:00</time>
      </trkpt>
      <trkpt lat="48.937969570979476" lon="-120.76581506989896">
        <time>2005-09-25T17:39:53-07:00</time>
      </trkpt>
      <trkpt lat="48.93795548938215" lon="-120.765809873119">
        <time>2005-09-25T17:39:58-07:00</time>
      </trkpt>
      <trkpt lat="48.93786530010402" lon="-120.76577131636441">
        <time>2005-09-25T17:39:59-07:00</time>
      </trkpt>
      <trkpt lat="48.937799921259284" lon="-120.76572194695473">
        <time>2005-09-25T17:40:04-07:00</time>
      </trkpt>
      <trkpt lat="48.937793634831905" lon="-120.76570820063353">
        <time>2005-09-25T17:40:06-07:00</time>
      </trkpt>
      <trkpt lat="48.93773236311972" lon="-120.76564986258745">
        <time>2005-09-25T17:40:13-07:00</time>
      </trkpt>
      <trkpt lat="48.9376469515264" lon="-120.76558574102819">
        <time>2005-09-25T17:40:14-07:00</time>
      </trkpt>
      <trkpt lat="48.93763219937682" lon="-120.7655818015337">
        <time>2005-09-25T17:40:16-07:00</time>
      </trkpt>
      <trkpt lat="48.93755701370537" lon="-120.7655577454716">
        <time>2005-09-25T17:40:23-07:00</time>
      </trkpt>
      <trkpt lat="48.93745416775346" lon="-120.76550401747227">
        <time>2005-09-25T17:40:24-07:00</time>
      </trkpt>
      <trkpt lat="48.93743170425296" lon="-120.76548515819013">
        <time>2005-09-25T17:40:30-07:00</time>
      </trkpt>
      <trkpt lat="48.9373691752553" lon="-120.76543478295207">
        <time>2005-09-25T17:40:32-07:00</time>
      </trkpt>
      <trkpt lat="48.937291810289025" lon="-120.76537887565792">
        <time>2005-09-25T17:40:38-07:00</time>
      </trkpt>
      <trkpt lat="48.93726775422692" lon="-120.76535750180483">
        <time>2005-09-25T17:40:41-07:00</time>
      </trkpt>
      <trkpt lat="48.937160298228264" lon="-120.7653381396085">
        <time>2005-09-25T17:40:44-07:00</time>
      </trkpt>
      <trkpt lat="48.93712408840656" lon="-120.76532925479114">
        <time>2005-09-25T17:40:51-07:00</time>
      </trkpt>
      <trkpt lat="48.937057703733444" lon="-120.76531307771802">
        <time>2005-09-25T17:40:52-07:00</time>
      </trkpt>
      <trkpt lat="48.93696558661759" lon="-120.76531274244189">
        <time>2005-09-25T17:40:59-07:00</time>
      </trkpt>
      <trkpt lat="48.936947733163834" lon="-120.76531047932804">
        <time>2005-09-25T17:41:00-07:00</time>
      </trkpt>
      <trkpt lat="48.936864752322435" lon="-120.76530553400517">
        <time>2005-09-25T17:41:07-07:00</time>
      </trkpt>
      <trkpt lat="48.93676718696952" lon="-120.76529933139682">
        <time>2005-09-25T17:41:10-07:00</time>
      </trkpt>
      <trkpt lat="48.936668029055" lon="-120.765270749107">
        <time>2005-09-25T17:41:16-07:00</time>
      </trkpt>
      <trkpt lat="48.936653696000576" lon="-120.76525834389031">
        <time>2005-09-25T17:41:21-07:00</time>
      </trkpt>
      <trkpt lat="48.936572475358844" lon="-120.76520897448063">
        <time>2005-09-25T17:41:27-07:00</time>
      </trkpt>
      <trkpt lat="48.93649150617421" lon="-120.76515968888998">
        <time>2005-09-25T17:41:37-07:00</time>
      </trkpt>
      <trkpt lat="48.93638664856553" lon="-120.7651050388813">
        <time>2005-09-25T17:41:40-07:00</time>
      </trkpt>
      <trkpt lat="48.93632797524333" lon="-120.76510294340551">
        <time>2005-09-25T17:41:46-07:00</time>
      </trkpt>
      <trkpt lat="48.93629469908774" lon="-120.76508735306561">
        <time>2005-09-25T17:41:52-07:00</time>
      </trkpt>
      <trkpt lat="48.936257399618626" lon="-120.76507478021085">
        <time>2005-09-25T17:41:56-07:00</time>
      </trkpt>
      <trkpt lat="48.93619252368808" lon="-120.76505927368999">
        <time>2005-09-25T17:42:03-07:00</time>
      </trkpt>
      <trkpt lat="48.93613695167005" lon="-120.76503739692271">
        <time>2005-09-25T17:42:04-07:00</time>
      </trkpt>
      <trkpt lat="48.93609277904034" lon="-120.76503220014274">
        <time>2005-09-25T17:42:08-07:00</time>
      </trkpt>
      <trkpt lat="48.93597610294819" lon="-120.7649845071137">
        <time>2005-09-25T17:42:13-07:00</time>
      </trkpt>
      <trkpt lat="48.93591223284602" lon="-120.76496170833707">
        <time>2005-09-25T17:42:18-07:00</time>
      </trkpt>
      <trkpt lat="48.93588247708976" lon="-120.76495449990034">
        <time>2005-09-25T17:42:22-07:00</time>
      </trkpt>
      <trkpt lat="48.93580913543701" lon="-120.76492013409734">
        <time>2005-09-25T17:42:25-07:00</time>
      </trkpt>
      <trkpt lat="48.935766806825995" lon="-120.7648804038763">
        <time>2005-09-25T17:42:31-07:00</time>
      </trkpt>
      <trkpt lat="48.935699835419655" lon="-120.76484385877848">
        <time>2005-09-25T17:42:36-07:00</time>
      </trkpt>
      <trkpt lat="48.93567368388176" lon="-120.7648322917521">
        <time>2005-09-25T17:42:39-07:00</time>
      </trkpt>
      <trkpt lat="48.93559497781098" lon="-120.7647715229541">
        <time>2005-09-25T17:42:42-07:00</time>
      </trkpt>
      <trkpt lat="48.935561617836356" lon="-120.76473648659885">
        <time>2005-09-25T17:42:48-07:00</time>
      </trkpt>
      <trkpt lat="48.93552071414888" lon="-120.76467521488667">
        <time>2005-09-25T17:42:49-07:00</time>
      </trkpt>
      <trkpt lat="48.93548961728811" lon="-120.7646406814456">
        <time>2005-09-25T17:42:56-07:00</time>
      </trkpt>
      <trkpt lat="48.93540982156992" lon="-120.7645904738456">
        <time>2005-09-25T17:42:57-07:00</time>
      </trkpt>
      <trkpt lat="48.93533103168011" lon="-120.76452794484794">
        <time>2005-09-25T17:43:02-07:00</time>
      </trkpt>
      <trkpt lat="48.93522810190916" lon="-120.76444873586297">
        <time>2005-09-25T17:43:07-07:00</time>
      </trkpt>
      <trkpt lat="48.93517487682402" lon="-120.76443951576948">
        <time>2005-09-25T17:43:16-07:00</time>
      </trkpt>
      <trkpt lat="48.93513472750783" lon="-120.7644353248179">
        <time>2005-09-25T17:43:22-07:00</time>
      </trkpt>
      <trkpt lat="48.93512165173888" lon="-120.76443557627499">
        <time>2005-09-25T17:43:23-07:00</time>
      </trkpt>
      <trkpt lat="48.9350085798651" lon="-120.76438771560788">
        <time>2005-09-25T17:43:27-07:00</time>
      </trkpt>
      <trkpt lat="48.93492802977562" lon="-120.76434404589236">
        <time>2005-09-25T17:43:29-07:00</time>
      </trkpt>
      <trkpt lat="48.93486365675926" lon="-120.76429953798652">
        <time>2005-09-25T17:43:34-07:00</time>
      </trkpt>
      <trkpt lat="48.93485334701836" lon="-120.76429484412074">
        <time>2005-09-25T17:43:35-07:00</time>
      </trkpt>
      <trkpt lat="48.93478830344975" lon="-120.76423700898886">
        <time>2005-09-25T17:43:42-07:00</time>
      </trkpt>
      <trkpt lat="48.934774808585644" lon="-120.7642402779311">
        <time>2005-09-25T17:43:48-07:00</time>
      </trkpt>
      <trkpt lat="48.934699120000005" lon="-120.7642297167331">
        <time>2005-09-25T17:43:49-07:00</time>
      </trkpt>
      <trkpt lat="48.9346267003566" lon="-120.76422778889537">
        <time>2005-09-25T17:43:54-07:00</time>
      </trkpt>
      <trkpt lat="48.93459543585777" lon="-120.76422502286732">
        <time>2005-09-25T17:44:01-07:00</time>
      </trkpt>
      <trkpt lat="48.93449275754392" lon="-120.76419367454946">
        <time>2005-09-25T17:44:02-07:00</time>
      </trkpt>
      <trkpt lat="48.93443894572556" lon="-120.76416844502091">
        <time>2005-09-25T17:44:08-07:00</time>
      </trkpt>
      <trkpt lat="48.93441807478666" lon="-120.76415444724262">
        <time>2005-09-25T17:44:16-07:00</time>
      </trkpt>
      <trkpt lat="48.934306344017386" lon="-120.76408630236983">
        <time>2005-09-25T17:44:18-07:00</time>
      </trkpt>
      <trkpt lat="48.93421305343509" lon="-120.76403894461691">
        <time>2005-09-25T17:44:24-07:00</time>
      </trkpt>
      <trkpt lat="48.93417198210955" lon="-120.76401337981224">
        <time>2005-09-25T17:44:30-07:00</time>
      </trkpt>
      <trkpt lat="48.93412479199469" lon="-120.76399309560657">
        <time>2005-09-25T17:44:32-07:00</time>
      </trkpt>
      <trkpt lat="48.934070728719234" lon="-120.76394347473979">
        <time>2005-09-25T17:44:39-07:00</time>
      </trkpt>
      <trkpt lat="48.934006271883845" lon="-120.76390106230974">
        <time>2005-09-25T17:44:42-07:00</time>
      </trkpt>
      <trkpt lat="48.93396754749119" lon="-120.76390449889004">
        <time>2005-09-25T17:44:47-07:00</time>
      </trkpt>
      <trkpt lat="48.933870485052466" lon="-120.76385303400457">
        <time>2005-09-25T17:44:54-07:00</time>
      </trkpt>
      <trkpt lat="48.933766884729266" lon="-120.76381263323128">
        <time>2005-09-25T17:44:55-07:00</time>
      </trkpt>
      <trkpt lat="48.933744421228766" lon="-120.76379679143429">
        <time>2005-09-25T17:45:01-07:00</time>
      </trkpt>
      <trkpt lat="48.93369119614363" lon="-120.76374834403396">
        <time>2005-09-25T17:45:09-07:00</time>
      </trkpt>
      <trkpt lat="48.933614417910576" lon="-120.76371657662094">
        <time>2005-09-25T17:45:15-07:00</time>
      </trkpt>
      <trkpt lat="48.933592457324266" lon="-120.76370308175683">
        <time>2005-09-25T17:45:16-07:00</time>
      </trkpt>
      <trkpt lat="48.9335164334625" lon="-120.76369042508304">
        <time>2005-09-25T17:45:23-07:00</time>
      </trkpt>
      <trkpt lat="48.93342792056501" lon="-120.76367533765733">
        <time>2005-09-25T17:45:29-07:00</time>
      </trkpt>
      <trkpt lat="48.93335952423513" lon="-120.76365019194782">
        <time>2005-09-25T17:45:37-07:00</time>
      </trkpt>
      <trkpt lat="48.93332616426051" lon="-120.76363728381693">
        <time>2005-09-25T17:45:41-07:00</time>
      </trkpt>
      <trkpt lat="48.933227844536304" lon="-120.76359118334949">
        <time>2005-09-25T17:45:44-07:00</time>
      </trkpt>
      <trkpt lat="48.93313413485885" lon="-120.76355866156518">
        <time>2005-09-25T17:45:47-07:00</time>
      </trkpt>
      <trkpt lat="48.93302332609892" lon="-120.76350619085133">
        <time>2005-09-25T17:45:52-07:00</time>
      </trkpt>
      <trkpt lat="48.932996755465865" lon="-120.76348666101694">
        <time>2005-09-25T17:45:58-07:00</time>
      </trkpt>
      <trkpt lat="48.932935148477554" lon="-120.7634336873889">
        <time>2005-09-25T17:46:01-07:00</time>
      </trkpt>
      <trkpt lat="48.93287354148924" lon="-120.76340376399457">
        <time>2005-09-25T17:46:08-07:00</time>
      </trkpt>
      <trkpt lat="48.93284361809492" lon="-120.76336830854416">
        <time>2005-09-25T17:46:13-07:00</time>
      </trkpt>
      <trkpt lat="48.932770527899265" lon="-120.76331600546837">
        <time>2005-09-25T17:46:15-07:00</time>
      </trkpt>
      <trkpt lat="48.932743621990085" lon="-120.76330661773682">
        <time>2005-09-25T17:46:21-07:00</time>
      </trkpt>
      <trkpt lat="48.932711854577065" lon="-120.7632870040834">
        <time>2005-09-25T17:46:25-07:00</time>
      </trkpt>
      <trkpt lat="48.93265888094902" lon="-120.76324065215886">
        <time>2005-09-25T17:46:30-07:00</time>
      </trkpt>
      <trkpt lat="48.932556034997106" lon="-120.76320159249008">
        <time>2005-09-25T17:46:32-07:00</time>
      </trkpt>
      <trkpt lat="48.9324838668108" lon="-120.76322070322931">
        <time>2005-09-25T17:46:39-07:00</time>
      </trkpt>
      <trkpt lat="48.932401137426496" lon="-120.76319656334817">
        <time>2005-09-25T17:46:42-07:00</time>
      </trkpt>
      <trkpt lat="48.93237833864987" lon="-120.76318197883666">
        <time>2005-09-25T17:46:47-07:00</time>
      </trkpt>
      <trkpt lat="48.932326873764396" lon="-120.7631419133395">
        <time>2005-09-25T17:46:50-07:00</time>
      </trkpt>
      <trkpt lat="48.93224841915071" lon="-120.76309665106237">
        <time>2005-09-25T17:46:56-07:00</time>
      </trkpt>
      <trkpt lat="48.932237438857555" lon="-120.7630901131779">
        <time>2005-09-25T17:47:03-07:00</time>
      </trkpt>
      <trkpt lat="48.93217708915472" lon="-120.76306932605803">
        <time>2005-09-25T17:47:12-07:00</time>
      </trkpt>
      <trkpt lat="48.93214976415038" lon="-120.76302423141897">
        <time>2005-09-25T17:47:17-07:00</time>
      </trkpt>
      <trkpt lat="48.93212093040347" lon="-120.76303512789309">
        <time>2005-09-25T17:47:21-07:00</time>
      </trkpt>
      <trkpt lat="48.932087905704975" lon="-120.76304661110044">
        <time>2005-09-25T17:47:22-07:00</time>
      </trkpt>
      <trkpt lat="48.93205848522484" lon="-120.76308131217957">
        <time>2005-09-25T17:47:28-07:00</time>
      </trkpt>
      <trkpt lat="48.93200618214905" lon="-120.76318457722664">
        <time>2005-09-25T17:47:34-07:00</time>
      </trkpt>
      <trkpt lat="48.93193024210632" lon="-120.76327887363732">
        <time>2005-09-25T17:47:40-07:00</time>
      </trkpt>
      <trkpt lat="48.93185840919614" lon="-120.76332380063832">
        <time>2005-09-25T17:47:41-07:00</time>
      </trkpt>
      <trkpt lat="48.9317396376282" lon="-120.76335330493748">
        <time>2005-09-25T17:47:48-07:00</time>
      </trkpt>
      <trkpt lat="48.93172706477344" lon="-120.76335523277521">
        <time>2005-09-25T17:47:49-07:00</time>
      </trkpt>
      <trkpt lat="48.931649532169104" lon="-120.76337140984833">
        <time>2005-09-25T17:47:54-07:00</time>
      </trkpt>
      <trkpt lat="48.9315720833838" lon="-120.76337417587638">
        <time>2005-09-25T17:48:00-07:00</time>
      </trkpt>
      <trkpt lat="48.93150703981519" lon="-120.76338046230376">
        <time>2005-09-25T17:48:02-07:00</time>
      </trkpt>
      <trkpt lat="48.931428752839565" lon="-120.76335330493748">
        <time>2005-09-25T17:48:10-07:00</time>
      </trkpt>
      <trkpt lat="48.931417521089315" lon="-120.7633509580046">
        <time>2005-09-25T17:48:15-07:00</time>
      </trkpt>
      <trkpt lat="48.931352477520704" lon="-120.76332212425768">
        <time>2005-09-25T17:48:17-07:00</time>
      </trkpt>
      <trkpt lat="48.93132573924959" lon="-120.7632986549288">
        <time>2005-09-25T17:48:26-07:00</time>
      </trkpt>
      <trkpt lat="48.93125365488231" lon="-120.76321952976286">
        <time>2005-09-25T17:48:34-07:00</time>
      </trkpt>
      <trkpt lat="48.931178050115705" lon="-120.76315641403198">
        <time>2005-09-25T17:48:37-07:00</time>
      </trkpt>
      <trkpt lat="48.93112541176379" lon="-120.7630935497582">
        <time>2005-09-25T17:48:41-07:00</time>
      </trkpt>
      <trkpt lat="48.93110261298716" lon="-120.76307100243866">
        <time>2005-09-25T17:48:46-07:00</time>
      </trkpt>
      <trkpt lat="48.93098820000887" lon="-120.76299782842398">
        <time>2005-09-25T17:48:51-07:00</time>
      </trkpt>
      <trkpt lat="48.93087923526764" lon="-120.76297125779092">
        <time>2005-09-25T17:48:54-07:00</time>
      </trkpt>
      <trkpt lat="48.93078301101923" lon="-120.76288911513984">
        <time>2005-09-25T17:49:02-07:00</time>
      </trkpt>
      <trkpt lat="48.9307758025825" lon="-120.76287771575153">
        <time>2005-09-25T17:49:10-07:00</time>
      </trkpt>
      <trkpt lat="48.930704640224576" lon="-120.76282180845737">
        <time>2005-09-25T17:49:12-07:00</time>
      </trkpt>
      <trkpt lat="48.93060305155814" lon="-120.76272927224636">
        <time>2005-09-25T17:49:17-07:00</time>
      </trkpt>
      <trkpt lat="48.93051194027066" lon="-120.762686021626">
        <time>2005-09-25T17:49:25-07:00</time>
      </trkpt>
      <trkpt lat="48.930380176752806" lon="-120.76260580681264">
        <time>2005-09-25T17:49:26-07:00</time>
      </trkpt>
      <trkpt lat="48.93034757114947" lon="-120.76257588341832">
        <time>2005-09-25T17:49:31-07:00</time>
      </trkpt>
      <trkpt lat="48.93028990365565" lon="-120.76250799000263">
        <time>2005-09-25T17:49:37-07:00</time>
      </trkpt>
      <trkpt lat="48.93017188645899" lon="-120.76241746544838">
        <time>2005-09-25T17:49:42-07:00</time>
      </trkpt>
      <trkpt lat="48.930158810690045" lon="-120.76241252012551">
        <time>2005-09-25T17:49:45-07:00</time>
      </trkpt>
      <trkpt lat="48.93006476573646" lon="-120.76241587288678">
        <time>2005-09-25T17:49:52-07:00</time>
      </trkpt>
      <trkpt lat="48.92996401526034" lon="-120.76248720288277">
        <time>2005-09-25T17:49:59-07:00</time>
      </trkpt>
      <trkpt lat="48.92985178157687" lon="-120.7625182159245">
        <time>2005-09-25T17:50:07-07:00</time>
      </trkpt>
      <trkpt lat="48.929758155718446" lon="-120.7624442037195">
        <time>2005-09-25T17:50:10-07:00</time>
      </trkpt>
      <trkpt lat="48.92965665087104" lon="-120.76239449903369">
        <time>2005-09-25T17:50:15-07:00</time>
      </trkpt>
      <trkpt lat="48.92957182601094" lon="-120.76237069442868">
        <time>2005-09-25T17:50:20-07:00</time>
      </trkpt>
      <trkpt lat="48.92945632338524" lon="-120.76238821260631">
        <time>2005-09-25T17:50:23-07:00</time>
      </trkpt>
      <trkpt lat="48.92937610857189" lon="-120.76229902915657">
        <time>2005-09-25T17:50:28-07:00</time>
      </trkpt>
      <trkpt lat="48.92925758846104" lon="-120.76224463060498">
        <time>2005-09-25T17:50:30-07:00</time>
      </trkpt>
      <trkpt lat="48.92919296398759" lon="-120.76219425536692">
        <time>2005-09-25T17:50:32-07:00</time>
      </trkpt>
      <trkpt lat="48.92915088683367" lon="-120.7621714565903">
        <time>2005-09-25T17:50:37-07:00</time>
      </trkpt>
      <trkpt lat="48.929060865193605" lon="-120.76208671554923">
        <time>2005-09-25T17:50:45-07:00</time>
      </trkpt>
      <trkpt lat="48.928996324539185" lon="-120.76199753209949">
        <time>2005-09-25T17:50:51-07:00</time>
      </trkpt>
      <trkpt lat="48.92892574891448" lon="-120.76201144605875">
        <time>2005-09-25T17:50:58-07:00</time>
      </trkpt>
      <trkpt lat="48.928854167461395" lon="-120.76206458732486">
        <time>2005-09-25T17:51:00-07:00</time>
      </trkpt>
      <trkpt lat="48.928763223811984" lon="-120.76211236417294">
        <time>2005-09-25T17:51:05-07:00</time>
      </trkpt>
      <trkpt lat="48.92872240394354" lon="-120.76211077161133">
        <time>2005-09-25T17:51:11-07:00</time>
      </trkpt>
      <trkpt lat="48.92868988215923" lon="-120.76211747713387">
        <time>2005-09-25T17:51:12-07:00</time>
      </trkpt>
      <trkpt lat="48.928660210222006" lon="-120.76212904416025">
        <time>2005-09-25T17:51:17-07:00</time>
      </trkpt>
      <trkpt lat="48.92864998430014" lon="-120.76212887652218">
        <time>2005-09-25T17:52:05-07:00</time>
      </trkpt>
      <trkpt lat="48.92862710170448" lon="-120.76212476938963">
        <time>2005-09-25T17:52:07-07:00</time>
      </trkpt>
      <trkpt lat="48.928613271564245" lon="-120.76212527230382">
        <time>2005-09-25T17:52:10-07:00</time>
      </trkpt>
      <trkpt lat="48.92855887301266" lon="-120.7621059101075">
        <time>2005-09-25T17:52:13-07:00</time>
      </trkpt>
      <trkpt lat="48.92852467484772" lon="-120.76208964921534">
        <time>2005-09-25T17:52:21-07:00</time>
      </trkpt>
      <trkpt lat="48.928501624614" lon="-120.76206978410482">
        <time>2005-09-25T17:52:29-07:00</time>
      </trkpt>
      <trkpt lat="48.928406992927194" lon="-120.76205008663237">
        <time>2005-09-25T17:52:36-07:00</time>
      </trkpt>
      <trkpt lat="48.92836382612586" lon="-120.76206022873521">
        <time>2005-09-25T17:52:45-07:00</time>
      </trkpt>
      <trkpt lat="48.92832065932453" lon="-120.76205972582102">
        <time>2005-09-25T17:52:46-07:00</time>
      </trkpt>
      <trkpt lat="48.92823885194957" lon="-120.76209870167077">
        <time>2005-09-25T17:52:54-07:00</time>
      </trkpt>
      <trkpt lat="48.928189566358924" lon="-120.76212041079998">
        <time>2005-09-25T17:52:58-07:00</time>
      </trkpt>
      <trkpt lat="48.928160313516855" lon="-120.76212703250349">
        <time>2005-09-25T17:53:03-07:00</time>
      </trkpt>
      <trkpt lat="48.92812351696193" lon="-120.76214446686208">
        <time>2005-09-25T17:53:09-07:00</time>
      </trkpt>
      <trkpt lat="48.928071800619364" lon="-120.7621656730771">
        <time>2005-09-25T17:53:10-07:00</time>
      </trkpt>
      <trkpt lat="48.928051348775625" lon="-120.76217346824706">
        <time>2005-09-25T17:53:16-07:00</time>
      </trkpt>
      <trkpt lat="48.928017653524876" lon="-120.76218478381634">
        <time>2005-09-25T17:53:19-07:00</time>
      </trkpt>
      <trkpt lat="48.92799250781536" lon="-120.76220314018428">
        <time>2005-09-25T17:53:26-07:00</time>
      </trkpt>
      <trkpt lat="48.92793576233089" lon="-120.76227597892284">
        <time>2005-09-25T17:53:33-07:00</time>
      </trkpt>
      <trkpt lat="48.92791380174458" lon="-120.76231772080064">
        <time>2005-09-25T17:53:39-07:00</time>
      </trkpt>
      <trkpt lat="48.92788253724575" lon="-120.7623731251806">
        <time>2005-09-25T17:53:41-07:00</time>
      </trkpt>
      <trkpt lat="48.92786719836295" lon="-120.76239952817559">
        <time>2005-09-25T17:53:49-07:00</time>
      </trkpt>
      <trkpt lat="48.9278245344758" lon="-120.7624616380781">
        <time>2005-09-25T17:53:57-07:00</time>
      </trkpt>
      <trkpt lat="48.92777390778065" lon="-120.76252450235188">
        <time>2005-09-25T17:54:04-07:00</time>
      </trkpt>
      <trkpt lat="48.927744487300515" lon="-120.76256230473518">
        <time>2005-09-25T17:54:05-07:00</time>
      </trkpt>
      <trkpt lat="48.92769830301404" lon="-120.76261192560196">
        <time>2005-09-25T17:54:12-07:00</time>
      </trkpt>
      <trkpt lat="48.92764256335795" lon="-120.76270169578493">
        <time>2005-09-25T17:54:22-07:00</time>
      </trkpt>
      <trkpt lat="48.927636444568634" lon="-120.7627103291452">
        <time>2005-09-25T17:54:30-07:00</time>
      </trkpt>
      <trkpt lat="48.927573412656784" lon="-120.76279875822365">
        <time>2005-09-25T17:54:40-07:00</time>
      </trkpt>
      <trkpt lat="48.9275208581239" lon="-120.76289364136755">
        <time>2005-09-25T17:54:43-07:00</time>
      </trkpt>
      <trkpt lat="48.927512392401695" lon="-120.76290789060295">
        <time>2005-09-25T17:54:48-07:00</time>
      </trkpt>
      <trkpt lat="48.92747308127582" lon="-120.76298223808408">
        <time>2005-09-25T17:54:58-07:00</time>
      </trkpt>
      <trkpt lat="48.92746168188751" lon="-120.76299414038658">
        <time>2005-09-25T17:54:59-07:00</time>
      </trkpt>
      <trkpt lat="48.92740937881172" lon="-120.76303579844534">
        <time>2005-09-25T17:55:06-07:00</time>
      </trkpt>
      <trkpt lat="48.927339473739266" lon="-120.76310134492815">
        <time>2005-09-25T17:55:15-07:00</time>
      </trkpt>
      <trkpt lat="48.92726671881974" lon="-120.76316513121128">
        <time>2005-09-25T17:55:24-07:00</time>
      </trkpt>
      <trkpt lat="48.92723210155964" lon="-120.76319471932948">
        <time>2005-09-25T17:55:31-07:00</time>
      </trkpt>
      <trkpt lat="48.92720385454595" lon="-120.76321290805936">
        <time>2005-09-25T17:55:39-07:00</time>
      </trkpt>
      <trkpt lat="48.92715901136398" lon="-120.76326127164066">
        <time>2005-09-25T17:55:46-07:00</time>
      </trkpt>
      <trkpt lat="48.9271392300725" lon="-120.76328926719725">
        <time>2005-09-25T17:55:54-07:00</time>
      </trkpt>
      <trkpt lat="48.92708650790155" lon="-120.76343360356987">
        <time>2005-09-25T17:56:02-07:00</time>
      </trkpt>
      <trkpt lat="48.9270837418735" lon="-120.76347132213414">
        <time>2005-09-25T17:56:11-07:00</time>
      </trkpt>
      <trkpt lat="48.92707376740873" lon="-120.76356343924999">
        <time>2005-09-25T17:56:15-07:00</time>
      </trkpt>
      <trkpt lat="48.92707301303744" lon="-120.76357793994248">
        <time>2005-09-25T17:56:18-07:00</time>
      </trkpt>
      <trkpt lat="48.92704535275698" lon="-120.76370056718588">
        <time>2005-09-25T17:56:27-07:00</time>
      </trkpt>
      <trkpt lat="48.92703470773995" lon="-120.76375362463295">
        <time>2005-09-25T17:56:33-07:00</time>
      </trkpt>
      <trkpt lat="48.927014507353306" lon="-120.76380140148103">
        <time>2005-09-25T17:56:39-07:00</time>
      </trkpt>
      <trkpt lat="48.926983242854476" lon="-120.76386401429772">
        <time>2005-09-25T17:56:45-07:00</time>
      </trkpt>
      <trkpt lat="48.92695566639304" lon="-120.76391288079321">
        <time>2005-09-25T17:56:53-07:00</time>
      </trkpt>
      <trkpt lat="48.926927503198385" lon="-120.76399167068303">
        <time>2005-09-25T17:56:57-07:00</time>
      </trkpt>
      <trkpt lat="48.92691853456199" lon="-120.76401773840189">
        <time>2005-09-25T17:56:59-07:00</time>
      </trkpt>
      <trkpt lat="48.92690151929855" lon="-120.76407012529671">
        <time>2005-09-25T17:57:01-07:00</time>
      </trkpt>
      <trkpt lat="48.9268802292645" lon="-120.7641298044473">
        <time>2005-09-25T17:57:02-07:00</time>
      </trkpt>
      <trkpt lat="48.926821472123265" lon="-120.76427246443927">
        <time>2005-09-25T17:57:04-07:00</time>
      </trkpt>
      <trkpt lat="48.92677864059806" lon="-120.7643624022603">
        <time>2005-09-25T17:57:05-07:00</time>
      </trkpt>
      <trkpt lat="48.92677185125649" lon="-120.76437723822892">
        <time>2005-09-25T17:57:09-07:00</time>
      </trkpt>
      <trkpt lat="48.92673715017736" lon="-120.76450388878584">
        <time>2005-09-25T17:57:12-07:00</time>
      </trkpt>
      <trkpt lat="48.926727594807744" lon="-120.76455032452941">
        <time>2005-09-25T17:57:15-07:00</time>
      </trkpt>
      <trkpt lat="48.926704209297895" lon="-120.7646512426436">
        <time>2005-09-25T17:57:21-07:00</time>
      </trkpt>
      <trkpt lat="48.92669959925115" lon="-120.76468133367598">
        <time>2005-09-25T17:57:24-07:00</time>
      </trkpt>
      <trkpt lat="48.92669037915766" lon="-120.76476984657347">
        <time>2005-09-25T17:57:27-07:00</time>
      </trkpt>
      <trkpt lat="48.9266764651984" lon="-120.76489775441587">
        <time>2005-09-25T17:57:33-07:00</time>
      </trkpt>
      <trkpt lat="48.92667663283646" lon="-120.7649168651551">
        <time>2005-09-25T17:57:37-07:00</time>
      </trkpt>
      <trkpt lat="48.92669079825282" lon="-120.76509028673172">
        <time>2005-09-25T17:57:39-07:00</time>
      </trkpt>
      <trkpt lat="48.92668476328254" lon="-120.76515482738614">
        <time>2005-09-25T17:57:42-07:00</time>
      </trkpt>
      <trkpt lat="48.92666305415332" lon="-120.76523998752236">
        <time>2005-09-25T17:57:46-07:00</time>
      </trkpt>
      <trkpt lat="48.92664880491793" lon="-120.76529547572136">
        <time>2005-09-25T17:57:48-07:00</time>
      </trkpt>
      <trkpt lat="48.92664955928922" lon="-120.76540477573872">
        <time>2005-09-25T17:57:51-07:00</time>
      </trkpt>
      <trkpt lat="48.926652409136295" lon="-120.76544475741684">
        <time>2005-09-25T17:57:53-07:00</time>
      </trkpt>
      <trkpt lat="48.9266796503216" lon="-120.76554953120649">
        <time>2005-09-25T17:57:58-07:00</time>
      </trkpt>
      <trkpt lat="48.926681745797396" lon="-120.76556696556509">
        <time>2005-09-25T17:58:01-07:00</time>
      </trkpt>
      <trkpt lat="48.92669163644314" lon="-120.76567064970732">
        <time>2005-09-25T17:58:05-07:00</time>
      </trkpt>
      <trkpt lat="48.92670915462077" lon="-120.76578330248594">
        <time>2005-09-25T17:58:07-07:00</time>
      </trkpt>
      <trkpt lat="48.92671518959105" lon="-120.76582940295339">
        <time>2005-09-25T17:58:12-07:00</time>
      </trkpt>
      <trkpt lat="48.92672901973128" lon="-120.76582739129663">
        <time>2005-09-25T17:58:17-07:00</time>
      </trkpt>
      <trkpt lat="48.92673086374998" lon="-120.76581255532801">
        <time>2005-09-25T17:58:20-07:00</time>
      </trkpt>
      <trkpt lat="48.92676539719105" lon="-120.7657025847584">
        <time>2005-09-25T17:58:24-07:00</time>
      </trkpt>
      <trkpt lat="48.92678442411125" lon="-120.76564776711166">
        <time>2005-09-25T17:58:30-07:00</time>
      </trkpt>
      <trkpt lat="48.926805378869176" lon="-120.76558590866625">
        <time>2005-09-25T17:58:31-07:00</time>
      </trkpt>
      <trkpt lat="48.92684410326183" lon="-120.76547543518245">
        <time>2005-09-25T17:58:37-07:00</time>
      </trkpt>
      <trkpt lat="48.92690621316433" lon="-120.76534878462553">
        <time>2005-09-25T17:58:43-07:00</time>
      </trkpt>
      <trkpt lat="48.92691702581942" lon="-120.76533319428563">
        <time>2005-09-25T17:58:44-07:00</time>
      </trkpt>
      <trkpt lat="48.92697712406516" lon="-120.7652453519404">
        <time>2005-09-25T17:58:49-07:00</time>
      </trkpt>
      <trkpt lat="48.9269854221493" lon="-120.76523227617145">
        <time>2005-09-25T17:58:50-07:00</time>
      </trkpt>
      <trkpt lat="48.92702699638903" lon="-120.76518575660884">
        <time>2005-09-25T17:58:55-07:00</time>
      </trkpt>
      <trkpt lat="48.92706354148686" lon="-120.76513546518981">
        <time>2005-09-25T17:59:01-07:00</time>
      </trkpt>
      <trkpt lat="48.92707175575197" lon="-120.76512238942087">
        <time>2005-09-25T17:59:07-07:00</time>
      </trkpt>
      <trkpt lat="48.92709396779537" lon="-120.76500940136611">
        <time>2005-09-25T17:59:10-07:00</time>
      </trkpt>
      <trkpt lat="48.9270977396518" lon="-120.76499624177814">
        <time>2005-09-25T17:59:13-07:00</time>
      </trkpt>
      <trkpt lat="48.92714258283377" lon="-120.76492759399116">
        <time>2005-09-25T17:59:17-07:00</time>
      </trkpt>
      <trkpt lat="48.92715088091791" lon="-120.76492331922054">
        <time>2005-09-25T17:59:19-07:00</time>
      </trkpt>
      <trkpt lat="48.92720242962241" lon="-120.7649015262723">
        <time>2005-09-25T17:59:27-07:00</time>
      </trkpt>
      <trkpt lat="48.927248027175665" lon="-120.76489775441587">
        <time>2005-09-25T17:59:29-07:00</time>
      </trkpt>
      <trkpt lat="48.92731089144945" lon="-120.76491929590702">
        <time>2005-09-25T17:59:34-07:00</time>
      </trkpt>
      <trkpt lat="48.92734366469085" lon="-120.76492642052472">
        <time>2005-09-25T17:59:35-07:00</time>
      </trkpt>
      <trkpt lat="48.927425388246775" lon="-120.76490647159517">
        <time>2005-09-25T17:59:41-07:00</time>
      </trkpt>
      <trkpt lat="48.92744919285178" lon="-120.7648912165314">
        <time>2005-09-25T17:59:44-07:00</time>
      </trkpt>
      <trkpt lat="48.92748540267348" lon="-120.7648389134556">
        <time>2005-09-25T17:59:47-07:00</time>
      </trkpt>
      <trkpt lat="48.9275121409446" lon="-120.76480463147163">
        <time>2005-09-25T17:59:51-07:00</time>
      </trkpt>
      <trkpt lat="48.927551954984665" lon="-120.76475408859551">
        <time>2005-09-25T17:59:54-07:00</time>
      </trkpt>
      <trkpt lat="48.92758439294994" lon="-120.76471980661154">
        <time>2005-09-25T17:59:59-07:00</time>
      </trkpt>
      <trkpt lat="48.927612556144595" lon="-120.76467362232506">
        <time>2005-09-25T18:00:01-07:00</time>
      </trkpt>
      <trkpt lat="48.927640384063125" lon="-120.7646005321294">
        <time>2005-09-25T18:00:04-07:00</time>
      </trkpt>
      <trkpt lat="48.92766318283975" lon="-120.76452819630504">
        <time>2005-09-25T18:00:07-07:00</time>
      </trkpt>
      <trkpt lat="48.927674163132906" lon="-120.76449232175946">
        <time>2005-09-25T18:00:15-07:00</time>
      </trkpt>
      <trkpt lat="48.9277280587703" lon="-120.76436458155513">
        <time>2005-09-25T18:00:21-07:00</time>
      </trkpt>
      <trkpt lat="48.92776292748749" lon="-120.76428369618952">
        <time>2005-09-25T18:00:22-07:00</time>
      </trkpt>
      <trkpt lat="48.92777365632355" lon="-120.76426005922258">
        <time>2005-09-25T18:00:28-07:00</time>
      </trkpt>
      <trkpt lat="48.9278385322541" lon="-120.76419945806265">
        <time>2005-09-25T18:00:30-07:00</time>
      </trkpt>
      <trkpt lat="48.927850518375635" lon="-120.76420214027166">
        <time>2005-09-25T18:00:35-07:00</time>
      </trkpt>
      <trkpt lat="48.927892595529556" lon="-120.76422368176281">
        <time>2005-09-25T18:00:36-07:00</time>
      </trkpt>
      <trkpt lat="48.92791137099266" lon="-120.76424513943493">
        <time>2005-09-25T18:00:40-07:00</time>
      </trkpt>
      <trkpt lat="48.92792746424675" lon="-120.76425553299487">
        <time>2005-09-25T18:00:47-07:00</time>
      </trkpt>
      <trkpt lat="48.927954034879804" lon="-120.7642899826169">
        <time>2005-09-25T18:00:48-07:00</time>
      </trkpt>
      <trkpt lat="48.927954034879804" lon="-120.76430490240455">
        <time>2005-09-25T18:00:56-07:00</time>
      </trkpt>
      <trkpt lat="48.92795328050852" lon="-120.76434262096882">
        <time>2005-09-25T18:00:59-07:00</time>
      </trkpt>
      <trkpt lat="48.92795571126044" lon="-120.76442283578217">
        <time>2005-09-25T18:01:03-07:00</time>
      </trkpt>
      <trkpt lat="48.927956549450755" lon="-120.7644416950643">
        <time>2005-09-25T18:01:06-07:00</time>
      </trkpt>
      <trkpt lat="48.92794204875827" lon="-120.76461712829769">
        <time>2005-09-25T18:01:11-07:00</time>
      </trkpt>
      <trkpt lat="48.927931571379304" lon="-120.7646560203284">
        <time>2005-09-25T18:01:13-07:00</time>
      </trkpt>
      <trkpt lat="48.92788429744542" lon="-120.76474537141621">
        <time>2005-09-25T18:01:18-07:00</time>
      </trkpt>
      <trkpt lat="48.92785672098398" lon="-120.76484519988298">
        <time>2005-09-25T18:01:19-07:00</time>
      </trkpt>
      <trkpt lat="48.927808441221714" lon="-120.7650254946202">
        <time>2005-09-25T18:01:25-07:00</time>
      </trkpt>
      <trkpt lat="48.92780425027013" lon="-120.76504393480718">
        <time>2005-09-25T18:01:31-07:00</time>
      </trkpt>
      <trkpt lat="48.9277727343142" lon="-120.76519841328263">
        <time>2005-09-25T18:01:33-07:00</time>
      </trkpt>
      <trkpt lat="48.927768878638744" lon="-120.7652176078409">
        <time>2005-09-25T18:01:37-07:00</time>
      </trkpt>
      <trkpt lat="48.927766531705856" lon="-120.76525239273906">
        <time>2005-09-25T18:01:38-07:00</time>
      </trkpt>
      <trkpt lat="48.927760077640414" lon="-120.76535984873772">
        <time>2005-09-25T18:01:44-07:00</time>
      </trkpt>
      <trkpt lat="48.92774859443307" lon="-120.76548239216208">
        <time>2005-09-25T18:01:47-07:00</time>
      </trkpt>
      <trkpt lat="48.927729316055775" lon="-120.76561549678445">
        <time>2005-09-25T18:01:50-07:00</time>
      </trkpt>
      <trkpt lat="48.927700063213706" lon="-120.76573024503887">
        <time>2005-09-25T18:01:57-07:00</time>
      </trkpt>
      <trkpt lat="48.92766519449651" lon="-120.76582831330597">
        <time>2005-09-25T18:02:04-07:00</time>
      </trkpt>
      <trkpt lat="48.927659494802356" lon="-120.76585144735873">
        <time>2005-09-25T18:02:05-07:00</time>
      </trkpt>
      <trkpt lat="48.927639378234744" lon="-120.76595043763518">
        <time>2005-09-25T18:02:12-07:00</time>
      </trkpt>
      <trkpt lat="48.92760652117431" lon="-120.7660308200866">
        <time>2005-09-25T18:02:13-07:00</time>
      </trkpt>
      <trkpt lat="48.927600402384996" lon="-120.76605060137808">
        <time>2005-09-25T18:02:17-07:00</time>
      </trkpt>
      <trkpt lat="48.92758506350219" lon="-120.76614355668426">
        <time>2005-09-25T18:02:21-07:00</time>
      </trkpt>
      <trkpt lat="48.92757408320904" lon="-120.76617917977273">
        <time>2005-09-25T18:02:22-07:00</time>
      </trkpt>
      <trkpt lat="48.92755505628884" lon="-120.7662293035537">
        <time>2005-09-25T18:02:28-07:00</time>
      </trkpt>
      <trkpt lat="48.92752043902874" lon="-120.76632133685052">
        <time>2005-09-25T18:02:29-07:00</time>
      </trkpt>
      <trkpt lat="48.927506944164634" lon="-120.7663603965193">
        <time>2005-09-25T18:02:35-07:00</time>
      </trkpt>
      <trkpt lat="48.92747693695128" lon="-120.76643591746688">
        <time>2005-09-25T18:02:36-07:00</time>
      </trkpt>
      <trkpt lat="48.927446929737926" lon="-120.76651018112898">
        <time>2005-09-25T18:02:40-07:00</time>
      </trkpt>
      <trkpt lat="48.927406780421734" lon="-120.76658695936203">
        <time>2005-09-25T18:02:43-07:00</time>
      </trkpt>
      <trkpt lat="48.92738230526447" lon="-120.76663582585752">
        <time>2005-09-25T18:02:48-07:00</time>
      </trkpt>
      <trkpt lat="48.92737174406648" lon="-120.76666197739542">
        <time>2005-09-25T18:02:50-07:00</time>
      </trkpt>
      <trkpt lat="48.92735875211656" lon="-120.766771864146">
        <time>2005-09-25T18:02:56-07:00</time>
      </trkpt>
      <trkpt lat="48.927370654419065" lon="-120.76676465570927">
        <time>2005-09-25T18:02:58-07:00</time>
      </trkpt>
      <trkpt lat="48.92740074545145" lon="-120.76671696268022">
        <time>2005-09-25T18:03:02-07:00</time>
      </trkpt>
      <trkpt lat="48.92742178402841" lon="-120.76668217778206">
        <time>2005-09-25T18:03:05-07:00</time>
      </trkpt>
      <trkpt lat="48.92748816870153" lon="-120.76662585139275">
        <time>2005-09-25T18:03:09-07:00</time>
      </trkpt>
      <trkpt lat="48.927498226985335" lon="-120.76661922968924">
        <time>2005-09-25T18:03:12-07:00</time>
      </trkpt>
      <trkpt lat="48.92758682370186" lon="-120.76655443757772">
        <time>2005-09-25T18:03:15-07:00</time>
      </trkpt>
      <trkpt lat="48.92759730108082" lon="-120.76654203236103">
        <time>2005-09-25T18:03:19-07:00</time>
      </trkpt>
      <trkpt lat="48.92763803713024" lon="-120.76648654416203">
        <time>2005-09-25T18:03:24-07:00</time>
      </trkpt>
      <trkpt lat="48.927665781229734" lon="-120.76643709093332">
        <time>2005-09-25T18:03:26-07:00</time>
      </trkpt>
      <trkpt lat="48.92771582119167" lon="-120.76636559329927">
        <time>2005-09-25T18:03:33-07:00</time>
      </trkpt>
      <trkpt lat="48.92778187058866" lon="-120.76627121306956">
        <time>2005-09-25T18:03:39-07:00</time>
      </trkpt>
      <trkpt lat="48.92782243900001" lon="-120.76624346897006">
        <time>2005-09-25T18:03:40-07:00</time>
      </trkpt>
      <trkpt lat="48.927832413464785" lon="-120.76625168323517">
        <time>2005-09-25T18:03:45-07:00</time>
      </trkpt>
      <trkpt lat="48.92785127274692" lon="-120.7662758231163">
        <time>2005-09-25T18:03:46-07:00</time>
      </trkpt>
      <trkpt lat="48.927886728197336" lon="-120.7663450576365">
        <time>2005-09-25T18:03:51-07:00</time>
      </trkpt>
      <trkpt lat="48.92790055833757" lon="-120.76637648977339">
        <time>2005-09-25T18:03:53-07:00</time>
      </trkpt>
      <trkpt lat="48.92792394384742" lon="-120.7664454728365">
        <time>2005-09-25T18:03:55-07:00</time>
      </trkpt>
      <trkpt lat="48.92792545258999" lon="-120.76647489331663">
        <time>2005-09-25T18:03:59-07:00</time>
      </trkpt>
      <trkpt lat="48.92792453058064" lon="-120.76649400405586">
        <time>2005-09-25T18:04:00-07:00</time>
      </trkpt>
      <trkpt lat="48.927919920533895" lon="-120.7664983626455">
        <time>2005-09-25T18:04:02-07:00</time>
      </trkpt>
      <trkpt lat="48.927905755117536" lon="-120.76649794355035">
        <time>2005-09-25T18:04:06-07:00</time>
      </trkpt>
      <trkpt lat="48.92788639292121" lon="-120.76648713089526">
        <time>2005-09-25T18:04:07-07:00</time>
      </trkpt>
      <trkpt lat="48.927866611629725" lon="-120.76647665351629">
        <time>2005-09-25T18:04:16-07:00</time>
      </trkpt>
      <trkpt lat="48.92779997549951" lon="-120.76647447422147">
        <time>2005-09-25T18:04:18-07:00</time>
      </trkpt>
      <trkpt lat="48.92778631299734" lon="-120.76648260466754">
        <time>2005-09-25T18:04:25-07:00</time>
      </trkpt>
      <trkpt lat="48.927716659381986" lon="-120.76655183918774">
        <time>2005-09-25T18:04:31-07:00</time>
      </trkpt>
      <trkpt lat="48.92770274542272" lon="-120.76656902208924">
        <time>2005-09-25T18:04:41-07:00</time>
      </trkpt>
      <trkpt lat="48.92764884978533" lon="-120.76668578200042">
        <time>2005-09-25T18:04:42-07:00</time>
      </trkpt>
      <trkpt lat="48.92764214426279" lon="-120.76669676229358">
        <time>2005-09-25T18:04:50-07:00</time>
      </trkpt>
      <trkpt lat="48.927599815651774" lon="-120.76676867902279">
        <time>2005-09-25T18:04:51-07:00</time>
      </trkpt>
      <trkpt lat="48.927584728226066" lon="-120.76679139398038">
        <time>2005-09-25T18:04:53-07:00</time>
      </trkpt>
      <trkpt lat="48.92755027860403" lon="-120.76686129905283">
        <time>2005-09-25T18:04:59-07:00</time>
      </trkpt>
      <trkpt lat="48.9275224506855" lon="-120.76690102927387">
        <time>2005-09-25T18:05:05-07:00</time>
      </trkpt>
      <trkpt lat="48.9274621848017" lon="-120.76697210781276">
        <time>2005-09-25T18:05:12-07:00</time>
      </trkpt>
      <trkpt lat="48.927452210336924" lon="-120.76698677614331">
        <time>2005-09-25T18:05:18-07:00</time>
      </trkpt>
      <trkpt lat="48.92742136493325" lon="-120.76710185967386">
        <time>2005-09-25T18:05:23-07:00</time>
      </trkpt>
      <trkpt lat="48.92743016593158" lon="-120.7670879457146">
        <time>2005-09-25T18:05:24-07:00</time>
      </trkpt>
      <trkpt lat="48.927447851747274" lon="-120.76706531457603">
        <time>2005-09-25T18:05:29-07:00</time>
      </trkpt>
      <trkpt lat="48.92747006379068" lon="-120.76701988466084">
        <time>2005-09-25T18:05:34-07:00</time>
      </trkpt>
      <trkpt lat="48.92752672545612" lon="-120.76696062460542">
        <time>2005-09-25T18:05:35-07:00</time>
      </trkpt>
      <trkpt lat="48.92756427638233" lon="-120.76696724630892">
        <time>2005-09-25T18:05:40-07:00</time>
      </trkpt>
      <trkpt lat="48.927595959976315" lon="-120.7669597864151">
        <time>2005-09-25T18:05:42-07:00</time>
      </trkpt>
      <trkpt lat="48.927668714895844" lon="-120.76693531125784">
        <time>2005-09-25T18:05:45-07:00</time>
      </trkpt>
      <trkpt lat="48.927694112062454" lon="-120.76693153940141">
        <time>2005-09-25T18:05:50-07:00</time>
      </trkpt>
      <trkpt lat="48.92776519060135" lon="-120.76696087606251">
        <time>2005-09-25T18:05:52-07:00</time>
      </trkpt>
      <trkpt lat="48.92778245732188" lon="-120.76698359102011">
        <time>2005-09-25T18:05:56-07:00</time>
      </trkpt>
      <trkpt lat="48.927804585546255" lon="-120.76704503037035">
        <time>2005-09-25T18:06:01-07:00</time>
      </trkpt>
      <trkpt lat="48.927806597203016" lon="-120.76707730069757">
        <time>2005-09-25T18:06:06-07:00</time>
      </trkpt>
      <trkpt lat="48.927782038226724" lon="-120.76709171757102">
        <time>2005-09-25T18:06:09-07:00</time>
      </trkpt>
      <trkpt lat="48.927773321047425" lon="-120.76709532178938">
        <time>2005-09-25T18:06:11-07:00</time>
      </trkpt>
      <trkpt lat="48.927737614139915" lon="-120.76709398068488">
        <time>2005-09-25T18:06:16-07:00</time>
      </trkpt>
      <trkpt lat="48.92770064994693" lon="-120.76709439978004">
        <time>2005-09-25T18:06:17-07:00</time>
      </trkpt>
      <trkpt lat="48.927682964131236" lon="-120.76710043475032">
        <time>2005-09-25T18:06:20-07:00</time>
      </trkpt>
      <trkpt lat="48.92763828858733" lon="-120.76712432317436">
        <time>2005-09-25T18:06:22-07:00</time>
      </trkpt>
      <trkpt lat="48.927613981068134" lon="-120.76714410446584">
        <time>2005-09-25T18:06:29-07:00</time>
      </trkpt>
      <trkpt lat="48.92760140821338" lon="-120.7671545818448">
        <time>2005-09-25T18:06:30-07:00</time>
      </trkpt>
      <trkpt lat="48.92756100744009" lon="-120.76720562763512">
        <time>2005-09-25T18:06:37-07:00</time>
      </trkpt>
      <trkpt lat="48.92754977568984" lon="-120.76722029596567">
        <time>2005-09-25T18:06:38-07:00</time>
      </trkpt>
      <trkpt lat="48.927524043247104" lon="-120.7672639656812">
        <time>2005-09-25T18:06:42-07:00</time>
      </trkpt>
      <trkpt lat="48.92749076709151" lon="-120.76730906032026">
        <time>2005-09-25T18:06:45-07:00</time>
      </trkpt>
      <trkpt lat="48.92747350037098" lon="-120.76734208501875">
        <time>2005-09-25T18:06:50-07:00</time>
      </trkpt>
      <trkpt lat="48.92743829637766" lon="-120.7674516364932">
        <time>2005-09-25T18:06:56-07:00</time>
      </trkpt>
      <trkpt lat="48.927433267235756" lon="-120.76746806502342">
        <time>2005-09-25T18:07:00-07:00</time>
      </trkpt>
      <trkpt lat="48.92741147428751" lon="-120.76755255460739">
        <time>2005-09-25T18:07:01-07:00</time>
      </trkpt>
      <trkpt lat="48.927408792078495" lon="-120.76755984686315">
        <time>2005-09-25T18:07:03-07:00</time>
      </trkpt>
      <trkpt lat="48.92739345319569" lon="-120.76762899756432">
        <time>2005-09-25T18:07:07-07:00</time>
      </trkpt>
      <trkpt lat="48.92738280817866" lon="-120.76767132617533">
        <time>2005-09-25T18:07:09-07:00</time>
      </trkpt>
      <trkpt lat="48.92736738547683" lon="-120.767718013376">
        <time>2005-09-25T18:07:13-07:00</time>
      </trkpt>
      <trkpt lat="48.927346682175994" lon="-120.76778666116297">
        <time>2005-09-25T18:07:15-07:00</time>
      </trkpt>
      <trkpt lat="48.927343748509884" lon="-120.7678092084825">
        <time>2005-09-25T18:07:16-07:00</time>
      </trkpt>
      <trkpt lat="48.927327739074826" lon="-120.7678750064224">
        <time>2005-09-25T18:07:17-07:00</time>
      </trkpt>
      <trkpt lat="48.92731659114361" lon="-120.76791373081505">
        <time>2005-09-25T18:07:19-07:00</time>
      </trkpt>
      <trkpt lat="48.927303683012724" lon="-120.76795044355094">
        <time>2005-09-25T18:07:21-07:00</time>
      </trkpt>
      <trkpt lat="48.927287170663476" lon="-120.76801632530987">
        <time>2005-09-25T18:07:23-07:00</time>
      </trkpt>
      <trkpt lat="48.92728256061673" lon="-120.76802680268884">
        <time>2005-09-25T18:07:29-07:00</time>
      </trkpt>
      <trkpt lat="48.927270574495196" lon="-120.76813207939267">
        <time>2005-09-25T18:07:30-07:00</time>
      </trkpt>
      <trkpt lat="48.927268059924245" lon="-120.76815211214125">
        <time>2005-09-25T18:07:36-07:00</time>
      </trkpt>
      <trkpt lat="48.92726152203977" lon="-120.76820047572255">
        <time>2005-09-25T18:07:37-07:00</time>
      </trkpt>
      <trkpt lat="48.92724039964378" lon="-120.7683237735182">
        <time>2005-09-25T18:07:44-07:00</time>
      </trkpt>
      <trkpt lat="48.92723981291056" lon="-120.7683396153152">
        <time>2005-09-25T18:07:45-07:00</time>
      </trkpt>
      <trkpt lat="48.92723981291056" lon="-120.76844355091453">
        <time>2005-09-25T18:07:50-07:00</time>
      </trkpt>
      <trkpt lat="48.92723302356899" lon="-120.76848252676427">
        <time>2005-09-25T18:07:52-07:00</time>
      </trkpt>
      <trkpt lat="48.92725255340338" lon="-120.76853977516294">
        <time>2005-09-25T18:07:57-07:00</time>
      </trkpt>
      <trkpt lat="48.92726034857333" lon="-120.76852636411786">
        <time>2005-09-25T18:08:00-07:00</time>
      </trkpt>
      <trkpt lat="48.92729655839503" lon="-120.76844430528581">
        <time>2005-09-25T18:08:06-07:00</time>
      </trkpt>
      <trkpt lat="48.92732514068484" lon="-120.7683895714581">
        <time>2005-09-25T18:08:07-07:00</time>
      </trkpt>
      <trkpt lat="48.92734542489052" lon="-120.76834539882839">
        <time>2005-09-25T18:08:14-07:00</time>
      </trkpt>
      <trkpt lat="48.92738716676831" lon="-120.76827649958432">
        <time>2005-09-25T18:08:15-07:00</time>
      </trkpt>
      <trkpt lat="48.92739873379469" lon="-120.7682621665299">
        <time>2005-09-25T18:08:17-07:00</time>
      </trkpt>
      <trkpt lat="48.92743343487382" lon="-120.76822536997497">
        <time>2005-09-25T18:08:20-07:00</time>
      </trkpt>
      <trkpt lat="48.92742287367582" lon="-120.76825328171253">
        <time>2005-09-25T18:08:25-07:00</time>
      </trkpt>
      <trkpt lat="48.92741482704878" lon="-120.76827482320368">
        <time>2005-09-25T18:08:28-07:00</time>
      </trkpt>
      <trkpt lat="48.92741046845913" lon="-120.76828605495393">
        <time>2005-09-25T18:08:30-07:00</time>
      </trkpt>
      <trkpt lat="48.92738414928317" lon="-120.76835855841637">
        <time>2005-09-25T18:08:35-07:00</time>
      </trkpt>
      <trkpt lat="48.927356572821736" lon="-120.7684709597379">
        <time>2005-09-25T18:08:37-07:00</time>
      </trkpt>
      <trkpt lat="48.92735246568918" lon="-120.7684883940965">
        <time>2005-09-25T18:08:43-07:00</time>
      </trkpt>
      <trkpt lat="48.92733218148351" lon="-120.76857179403305">
        <time>2005-09-25T18:08:45-07:00</time>
      </trkpt>
      <trkpt lat="48.92731047235429" lon="-120.76862912625074">
        <time>2005-09-25T18:08:49-07:00</time>
      </trkpt>
      <trkpt lat="48.92730158753693" lon="-120.7686554454267">
        <time>2005-09-25T18:08:51-07:00</time>
      </trkpt>
      <trkpt lat="48.927273424342275" lon="-120.76877103187144">
        <time>2005-09-25T18:08:55-07:00</time>
      </trkpt>
      <trkpt lat="48.92726680263877" lon="-120.76878477819264">
        <time>2005-09-25T18:08:56-07:00</time>
      </trkpt>
      <trkpt lat="48.92722682096064" lon="-120.76889072544873">
        <time>2005-09-25T18:08:59-07:00</time>
      </trkpt>
      <trkpt lat="48.92719857394695" lon="-120.76895677484572">
        <time>2005-09-25T18:09:02-07:00</time>
      </trkpt>
      <trkpt lat="48.92718625254929" lon="-120.76899734325707">
        <time>2005-09-25T18:09:03-07:00</time>
      </trkpt>
      <trkpt lat="48.92717627808452" lon="-120.7690542563796">
        <time>2005-09-25T18:09:07-07:00</time>
      </trkpt>
      <trkpt lat="48.9271355420351" lon="-120.76914084143937">
        <time>2005-09-25T18:09:09-07:00</time>
      </trkpt>
      <trkpt lat="48.92712137661874" lon="-120.76916858553886">
        <time>2005-09-25T18:09:10-07:00</time>
      </trkpt>
      <trkpt lat="48.92708835192025" lon="-120.76925022527575">
        <time>2005-09-25T18:09:14-07:00</time>
      </trkpt>
      <trkpt lat="48.92708248458803" lon="-120.7692633010447">
        <time>2005-09-25T18:09:15-07:00</time>
      </trkpt>
      <trkpt lat="48.92706689424813" lon="-120.76932339929044">
        <time>2005-09-25T18:09:18-07:00</time>
      </trkpt>
      <trkpt lat="48.92705197446048" lon="-120.7693756185472">
        <time>2005-09-25T18:09:21-07:00</time>
      </trkpt>
      <trkpt lat="48.92704317346215" lon="-120.76943202875555">
        <time>2005-09-25T18:09:23-07:00</time>
      </trkpt>
      <trkpt lat="48.92707619816065" lon="-120.76944543980062">
        <time>2005-09-25T18:09:29-07:00</time>
      </trkpt>
      <trkpt lat="48.92708709463477" lon="-120.76944116503">
        <time>2005-09-25T18:09:30-07:00</time>
      </trkpt>
      <trkpt lat="48.927126405760646" lon="-120.76939548365772">
        <time>2005-09-25T18:09:35-07:00</time>
      </trkpt>
      <trkpt lat="48.92714568413794" lon="-120.76936388388276">
        <time>2005-09-25T18:09:36-07:00</time>
      </trkpt>
      <trkpt lat="48.927195305004716" lon="-120.76928995549679">
        <time>2005-09-25T18:09:40-07:00</time>
      </trkpt>
      <trkpt lat="48.92721458338201" lon="-120.76925785280764">
        <time>2005-09-25T18:09:42-07:00</time>
      </trkpt>
      <trkpt lat="48.92724450677633" lon="-120.76918325386941">
        <time>2005-09-25T18:09:45-07:00</time>
      </trkpt>
      <trkpt lat="48.92726747319102" lon="-120.76912977732718">
        <time>2005-09-25T18:09:49-07:00</time>
      </trkpt>
      <trkpt lat="48.92728163860738" lon="-120.7691060565412">
        <time>2005-09-25T18:09:50-07:00</time>
      </trkpt>
      <trkpt lat="48.92732044681907" lon="-120.76904428191483">
        <time>2005-09-25T18:09:54-07:00</time>
      </trkpt>
      <trkpt lat="48.92735322006047" lon="-120.76900756917894">
        <time>2005-09-25T18:09:56-07:00</time>
      </trkpt>
      <trkpt lat="48.92740418203175" lon="-120.76894948258996">
        <time>2005-09-25T18:09:58-07:00</time>
      </trkpt>
      <trkpt lat="48.927416587248445" lon="-120.76893481425941">
        <time>2005-09-25T18:10:02-07:00</time>
      </trkpt>
      <trkpt lat="48.927427902817726" lon="-120.76892651617527">
        <time>2005-09-25T18:10:03-07:00</time>
      </trkpt>
      <trkpt lat="48.92747534438968" lon="-120.76888921670616">
        <time>2005-09-25T18:10:08-07:00</time>
      </trkpt>
      <trkpt lat="48.92748640850186" lon="-120.76887974515557">
        <time>2005-09-25T18:10:09-07:00</time>
      </trkpt>
      <trkpt lat="48.92756603658199" lon="-120.7687968481332">
        <time>2005-09-25T18:10:13-07:00</time>
      </trkpt>
      <trkpt lat="48.92754768021405" lon="-120.76881755143404">
        <time>2005-09-25T18:10:20-07:00</time>
      </trkpt>
      <trkpt lat="48.927536867558956" lon="-120.76883062720299">
        <time>2005-09-25T18:10:21-07:00</time>
      </trkpt>
      <trkpt lat="48.927499232813716" lon="-120.76888686977327">
        <time>2005-09-25T18:10:26-07:00</time>
      </trkpt>
      <trkpt lat="48.92745899967849" lon="-120.76893523335457">
        <time>2005-09-25T18:10:28-07:00</time>
      </trkpt>
      <trkpt lat="48.92742522060871" lon="-120.76898275874555">
        <time>2005-09-25T18:10:33-07:00</time>
      </trkpt>
      <trkpt lat="48.92740703187883" lon="-120.76903397217393">
        <time>2005-09-25T18:10:34-07:00</time>
      </trkpt>
      <trkpt lat="48.92738565802574" lon="-120.76907915063202">
        <time>2005-09-25T18:10:39-07:00</time>
      </trkpt>
      <trkpt lat="48.927352549508214" lon="-120.76914746314287">
        <time>2005-09-25T18:10:42-07:00</time>
      </trkpt>
      <trkpt lat="48.927337881177664" lon="-120.76919138431549">
        <time>2005-09-25T18:10:45-07:00</time>
      </trkpt>
      <trkpt lat="48.927319860085845" lon="-120.76928123831749">
        <time>2005-09-25T18:10:50-07:00</time>
      </trkpt>
      <trkpt lat="48.92727652564645" lon="-120.76938953250647">
        <time>2005-09-25T18:10:51-07:00</time>
      </trkpt>
      <trkpt lat="48.927229922264814" lon="-120.76949883252382">
        <time>2005-09-25T18:10:55-07:00</time>
      </trkpt>
      <trkpt lat="48.927224054932594" lon="-120.76951115392148">
        <time>2005-09-25T18:10:57-07:00</time>
      </trkpt>
      <trkpt lat="48.92719840630889" lon="-120.76961844228208">
        <time>2005-09-25T18:10:58-07:00</time>
      </trkpt>
      <trkpt lat="48.92719496972859" lon="-120.76963235624135">
        <time>2005-09-25T18:10:59-07:00</time>
      </trkpt>
      <trkpt lat="48.9271720033139" lon="-120.76969153247774">
        <time>2005-09-25T18:11:03-07:00</time>
      </trkpt>
      <trkpt lat="48.927158173173666" lon="-120.76972573064268">
        <time>2005-09-25T18:11:10-07:00</time>
      </trkpt>
      <trkpt lat="48.92712062224746" lon="-120.76980804093182">
        <time>2005-09-25T18:11:11-07:00</time>
      </trkpt>
      <trkpt lat="48.92710251733661" lon="-120.76985204592347">
        <time>2005-09-25T18:11:16-07:00</time>
      </trkpt>
      <trkpt lat="48.92709229141474" lon="-120.76988180167973">
        <time>2005-09-25T18:11:20-07:00</time>
      </trkpt>
      <trkpt lat="48.9270459394902" lon="-120.7700009085238">
        <time>2005-09-25T18:11:22-07:00</time>
      </trkpt>
      <trkpt lat="48.92703956924379" lon="-120.77001540921628">
        <time>2005-09-25T18:11:29-07:00</time>
      </trkpt>
      <trkpt lat="48.92701651901007" lon="-120.77008305117488">
        <time>2005-09-25T18:11:30-07:00</time>
      </trkpt>
      <trkpt lat="48.92700587399304" lon="-120.77010308392346">
        <time>2005-09-25T18:11:36-07:00</time>
      </trkpt>
      <trkpt lat="48.9269682392478" lon="-120.77017977833748">
        <time>2005-09-25T18:11:40-07:00</time>
      </trkpt>
      <trkpt lat="48.92695306800306" lon="-120.7702271360904">
        <time>2005-09-25T18:11:43-07:00</time>
      </trkpt>
      <trkpt lat="48.926939656957984" lon="-120.77025655657053">
        <time>2005-09-25T18:11:46-07:00</time>
      </trkpt>
      <trkpt lat="48.926883498206735" lon="-120.77036275528371">
        <time>2005-09-25T18:11:51-07:00</time>
      </trkpt>
      <trkpt lat="48.92686421982944" lon="-120.77041522599757">
        <time>2005-09-25T18:11:53-07:00</time>
      </trkpt>
      <trkpt lat="48.9268353022635" lon="-120.77047046273947">
        <time>2005-09-25T18:11:58-07:00</time>
      </trkpt>
      <trkpt lat="48.926823399960995" lon="-120.77048487961292">
        <time>2005-09-25T18:11:59-07:00</time>
      </trkpt>
      <trkpt lat="48.92679833807051" lon="-120.77053332701325">
        <time>2005-09-25T18:12:02-07:00</time>
      </trkpt>
      <trkpt lat="48.926804792135954" lon="-120.77052745968103">
        <time>2005-09-25T18:12:05-07:00</time>
      </trkpt>
      <trkpt lat="48.92684016376734" lon="-120.77049686573446">
        <time>2005-09-25T18:12:08-07:00</time>
      </trkpt>
      <trkpt lat="48.926886012777686" lon="-120.7704707980156">
        <time>2005-09-25T18:12:11-07:00</time>
      </trkpt>
      <trkpt lat="48.92691694200039" lon="-120.77045084908605">
        <time>2005-09-25T18:12:12-07:00</time>
      </trkpt>
      <trkpt lat="48.92696681432426" lon="-120.77041857875884">
        <time>2005-09-25T18:12:16-07:00</time>
      </trkpt>
      <trkpt lat="48.92699992284179" lon="-120.7703843805939">
        <time>2005-09-25T18:12:18-07:00</time>
      </trkpt>
      <trkpt lat="48.92704945988953" lon="-120.77033828012645">
        <time>2005-09-25T18:12:23-07:00</time>
      </trkpt>
      <trkpt lat="48.92705834470689" lon="-120.7703252043575">
        <time>2005-09-25T18:12:25-07:00</time>
      </trkpt>
      <trkpt lat="48.92709329724312" lon="-120.77028941363096">
        <time>2005-09-25T18:12:29-07:00</time>
      </trkpt>
      <trkpt lat="48.92709396779537" lon="-120.77030366286635">
        <time>2005-09-25T18:12:32-07:00</time>
      </trkpt>
      <trkpt lat="48.92709027975798" lon="-120.7703199237585">
        <time>2005-09-25T18:12:34-07:00</time>
      </trkpt>
      <trkpt lat="48.927072593942285" lon="-120.77035546302795">
        <time>2005-09-25T18:12:38-07:00</time>
      </trkpt>
      <trkpt lat="48.927063876762986" lon="-120.77037549577653">
        <time>2005-09-25T18:12:41-07:00</time>
      </trkpt>
      <trkpt lat="48.92699724063277" lon="-120.77049929648638">
        <time>2005-09-25T18:12:46-07:00</time>
      </trkpt>
      <trkpt lat="48.92693948931992" lon="-120.77058202587068">
        <time>2005-09-25T18:12:47-07:00</time>
      </trkpt>
      <trkpt lat="48.92688634805381" lon="-120.77067045494914">
        <time>2005-09-25T18:12:48-07:00</time>
      </trkpt>
      <trkpt lat="48.92687830142677" lon="-120.77069216407835">
        <time>2005-09-25T18:12:53-07:00</time>
      </trkpt>
      <trkpt lat="48.926850808784366" lon="-120.77077573165298">
        <time>2005-09-25T18:12:54-07:00</time>
      </trkpt>
      <trkpt lat="48.92684427089989" lon="-120.770796937868">
        <time>2005-09-25T18:13:01-07:00</time>
      </trkpt>
      <trkpt lat="48.92682272940874" lon="-120.77088871970773">
        <time>2005-09-25T18:13:04-07:00</time>
      </trkpt>
      <trkpt lat="48.926812671124935" lon="-120.77092979103327">
        <time>2005-09-25T18:13:05-07:00</time>
      </trkpt>
      <trkpt lat="48.92680353485048" lon="-120.77098033390939">
        <time>2005-09-25T18:13:09-07:00</time>
      </trkpt>
      <trkpt lat="48.92678643576801" lon="-120.77102760784328">
        <time>2005-09-25T18:13:13-07:00</time>
      </trkpt>
      <trkpt lat="48.92677143216133" lon="-120.7710575312376">
        <time>2005-09-25T18:13:16-07:00</time>
      </trkpt>
      <trkpt lat="48.92673756927252" lon="-120.77113506384194">
        <time>2005-09-25T18:13:19-07:00</time>
      </trkpt>
      <trkpt lat="48.926679315045476" lon="-120.77124704606831">
        <time>2005-09-25T18:13:22-07:00</time>
      </trkpt>
      <trkpt lat="48.926638411358" lon="-120.77131368219852">
        <time>2005-09-25T18:13:26-07:00</time>
      </trkpt>
      <trkpt lat="48.926607985049486" lon="-120.77135366387665">
        <time>2005-09-25T18:13:28-07:00</time>
      </trkpt>
      <trkpt lat="48.926559621468186" lon="-120.77143714763224">
        <time>2005-09-25T18:13:33-07:00</time>
      </trkpt>
      <trkpt lat="48.9265519939363" lon="-120.77144620008767">
        <time>2005-09-25T18:13:39-07:00</time>
      </trkpt>
      <trkpt lat="48.92649231478572" lon="-120.77151644043624">
        <time>2005-09-25T18:13:46-07:00</time>
      </trkpt>
      <trkpt lat="48.92642157152295" lon="-120.7715829089284">
        <time>2005-09-25T18:13:47-07:00</time>
      </trkpt>
      <trkpt lat="48.9264121837914" lon="-120.7715929672122">
        <time>2005-09-25T18:13:53-07:00</time>
      </trkpt>
      <trkpt lat="48.926342111080885" lon="-120.7716830726713">
        <time>2005-09-25T18:13:54-07:00</time>
      </trkpt>
      <trkpt lat="48.92632920295" lon="-120.77171852812171">
        <time>2005-09-25T18:13:58-07:00</time>
      </trkpt>
      <trkpt lat="48.926238091662526" lon="-120.77174048870802">
        <time>2005-09-25T18:14:01-07:00</time>
      </trkpt>
      <trkpt lat="48.926112949848175" lon="-120.77181768603623">
        <time>2005-09-25T18:14:07-07:00</time>
      </trkpt>
      <trkpt lat="48.92609870061278" lon="-120.77182757668197">
        <time>2005-09-25T18:14:10-07:00</time>
      </trkpt>
      <trkpt lat="48.92605209723115" lon="-120.77187392860651">
        <time>2005-09-25T18:14:12-07:00</time>
      </trkpt>
      <trkpt lat="48.92602477222681" lon="-120.771893709898">
        <time>2005-09-25T18:14:19-07:00</time>
      </trkpt>
      <trkpt lat="48.925933660939336" lon="-120.7718815561384">
        <time>2005-09-25T18:14:20-07:00</time>
      </trkpt>
      <trkpt lat="48.925829473882914" lon="-120.7719402294606">
        <time>2005-09-25T18:14:25-07:00</time>
      </trkpt>
      <trkpt lat="48.92572553828359" lon="-120.77202748507261">
        <time>2005-09-25T18:14:27-07:00</time>
      </trkpt>
      <trkpt lat="48.925613556057215" lon="-120.7720092125237">
        <time>2005-09-25T18:14:32-07:00</time>
      </trkpt>
      <trkpt lat="48.92557164654136" lon="-120.7719933707267">
        <time>2005-09-25T18:14:35-07:00</time>
      </trkpt>
      <trkpt lat="48.92549939453602" lon="-120.77196545898914">
        <time>2005-09-25T18:14:37-07:00</time>
      </trkpt>
      <trkpt lat="48.925405433401465" lon="-120.77191466465592">
        <time>2005-09-25T18:14:44-07:00</time>
      </trkpt>
      <trkpt lat="48.92530065961182" lon="-120.77191055752337">
        <time>2005-09-25T18:14:47-07:00</time>
      </trkpt>
      <trkpt lat="48.92524626106024" lon="-120.77194861136377">
        <time>2005-09-25T18:14:53-07:00</time>
      </trkpt>
      <trkpt lat="48.925208039581776" lon="-120.77196948230267">
        <time>2005-09-25T18:14:55-07:00</time>
      </trkpt>
      <trkpt lat="48.92511399462819" lon="-120.77211247757077">
        <time>2005-09-25T18:15:00-07:00</time>
      </trkpt>
      <trkpt lat="48.925098488107324" lon="-120.77214977703989">
        <time>2005-09-25T18:15:01-07:00</time>
      </trkpt>
      <trkpt lat="48.92504056915641" lon="-120.77216972596943">
        <time>2005-09-25T18:15:05-07:00</time>
      </trkpt>
      <trkpt lat="48.924966137856245" lon="-120.77216662466526">
        <time>2005-09-25T18:15:09-07:00</time>
      </trkpt>
      <trkpt lat="48.92488391138613" lon="-120.77206134796143">
        <time>2005-09-25T18:15:12-07:00</time>
      </trkpt>
      <trkpt lat="48.92479246482253" lon="-120.77193779870868">
        <time>2005-09-25T18:15:16-07:00</time>
      </trkpt>
      <trkpt lat="48.9246940612793" lon="-120.77193209901452">
        <time>2005-09-25T18:15:19-07:00</time>
      </trkpt>
      <trkpt lat="48.92459616065025" lon="-120.77201021835208">
        <time>2005-09-25T18:15:24-07:00</time>
      </trkpt>
      <trkpt lat="48.92458526417613" lon="-120.77202379703522">
        <time>2005-09-25T18:15:25-07:00</time>
      </trkpt>
      <trkpt lat="48.92454561777413" lon="-120.77207601629198">
        <time>2005-09-25T18:15:30-07:00</time>
      </trkpt>
      <trkpt lat="48.92452742904425" lon="-120.77209127135575">
        <time>2005-09-25T18:15:31-07:00</time>
      </trkpt>
      <trkpt lat="48.92450647428632" lon="-120.77209839597344">
        <time>2005-09-25T18:15:32-07:00</time>
      </trkpt>
      <trkpt lat="48.92446263693273" lon="-120.77214139513671">
        <time>2005-09-25T18:15:35-07:00</time>
      </trkpt>
      <trkpt lat="48.92445517703891" lon="-120.77216100879014">
        <time>2005-09-25T18:15:36-07:00</time>
      </trkpt>
      <trkpt lat="48.92442340962589" lon="-120.77219478785992">
        <time>2005-09-25T18:15:44-07:00</time>
      </trkpt>
      <trkpt lat="48.924425169825554" lon="-120.77217039652169">
        <time>2005-09-25T18:15:50-07:00</time>
      </trkpt>
      <trkpt lat="48.9244279358536" lon="-120.77215514145792">
        <time>2005-09-25T18:15:56-07:00</time>
      </trkpt>
      <trkpt lat="48.9244229067117" lon="-120.77207861468196">
        <time>2005-09-25T18:15:57-07:00</time>
      </trkpt>
      <trkpt lat="48.92441854812205" lon="-120.77205682173371">
        <time>2005-09-25T18:16:02-07:00</time>
      </trkpt>
      <trkpt lat="48.924397844821215" lon="-120.7719938736409">
        <time>2005-09-25T18:16:03-07:00</time>
      </trkpt>
      <trkpt lat="48.92437906935811" lon="-120.77194400131702">
        <time>2005-09-25T18:16:09-07:00</time>
      </trkpt>
      <trkpt lat="48.92437362112105" lon="-120.77193075791001">
        <time>2005-09-25T18:16:11-07:00</time>
      </trkpt>
      <trkpt lat="48.92434252426028" lon="-120.77186814509332">
        <time>2005-09-25T18:16:14-07:00</time>
      </trkpt>
      <trkpt lat="48.924328442662954" lon="-120.77186554670334">
        <time>2005-09-25T18:16:18-07:00</time>
      </trkpt>
      <trkpt lat="48.92431779764593" lon="-120.7718728389591">
        <time>2005-09-25T18:16:20-07:00</time>
      </trkpt>
      <trkpt lat="48.9243140257895" lon="-120.77193268574774">
        <time>2005-09-25T18:16:25-07:00</time>
      </trkpt>
      <trkpt lat="48.924308409914374" lon="-120.77197006903589">
        <time>2005-09-25T18:16:32-07:00</time>
      </trkpt>
      <trkpt lat="48.92429893836379" lon="-120.77200032770634">
        <time>2005-09-25T18:16:37-07:00</time>
      </trkpt>
      <trkpt lat="48.924285946413875" lon="-120.77204466797411">
        <time>2005-09-25T18:16:40-07:00</time>
      </trkpt>
      <trkpt lat="48.92427999526262" lon="-120.77208154834807">
        <time>2005-09-25T18:16:46-07:00</time>
      </trkpt>
      <trkpt lat="48.92427144572139" lon="-120.77211733907461">
        <time>2005-09-25T18:16:47-07:00</time>
      </trkpt>
      <trkpt lat="48.92425401136279" lon="-120.77217877842486">
        <time>2005-09-25T18:16:53-07:00</time>
      </trkpt>
      <trkpt lat="48.924228865653276" lon="-120.77223979867995">
        <time>2005-09-25T18:17:00-07:00</time>
      </trkpt>
      <trkpt lat="48.924208329990506" lon="-120.77226880006492">
        <time>2005-09-25T18:17:01-07:00</time>
      </trkpt>
      <trkpt lat="48.924213191494346" lon="-120.77223929576576">
        <time>2005-09-25T18:17:08-07:00</time>
      </trkpt>
      <trkpt lat="48.92422065138817" lon="-120.77221741899848">
        <time>2005-09-25T18:17:10-07:00</time>
      </trkpt>
      <trkpt lat="48.92423246987164" lon="-120.77215044759214">
        <time>2005-09-25T18:17:17-07:00</time>
      </trkpt>
      <trkpt lat="48.92422819510102" lon="-120.7721320912242">
        <time>2005-09-25T18:17:26-07:00</time>
      </trkpt>
      <trkpt lat="48.92422350123525" lon="-120.77210401184857">
        <time>2005-09-25T18:17:27-07:00</time>
      </trkpt>
      <trkpt lat="48.924211263656616" lon="-120.77202656306326">
        <time>2005-09-25T18:17:31-07:00</time>
      </trkpt>
      <trkpt lat="48.92418930307031" lon="-120.77194349840283">
        <time>2005-09-25T18:17:33-07:00</time>
      </trkpt>
      <trkpt lat="48.92417564056814" lon="-120.77191164717078">
        <time>2005-09-25T18:17:40-07:00</time>
      </trkpt>
      <trkpt lat="48.92414337024093" lon="-120.77187476679683">
        <time>2005-09-25T18:17:47-07:00</time>
      </trkpt>
      <trkpt lat="48.92410431057215" lon="-120.77182506211102">
        <time>2005-09-25T18:17:56-07:00</time>
      </trkpt>
      <trkpt lat="48.92403541132808" lon="-120.77176680788398">
        <time>2005-09-25T18:18:04-07:00</time>
      </trkpt>
      <trkpt lat="48.92401076853275" lon="-120.7717568334192">
        <time>2005-09-25T18:18:07-07:00</time>
      </trkpt>
      <trkpt lat="48.92396626062691" lon="-120.77174962498248">
        <time>2005-09-25T18:18:12-07:00</time>
      </trkpt>
      <trkpt lat="48.92393792979419" lon="-120.77175649814308">
        <time>2005-09-25T18:18:19-07:00</time>
      </trkpt>
      <trkpt lat="48.92391236498952" lon="-120.77176488004625">
        <time>2005-09-25T18:18:27-07:00</time>
      </trkpt>
      <trkpt lat="48.92386517487466" lon="-120.77177720144391">
        <time>2005-09-25T18:18:31-07:00</time>
      </trkpt>
      <trkpt lat="48.923834916204214" lon="-120.77179790474474">
        <time>2005-09-25T18:18:34-07:00</time>
      </trkpt>
      <trkpt lat="48.92379317432642" lon="-120.7718329411">
        <time>2005-09-25T18:18:44-07:00</time>
      </trkpt>
      <trkpt lat="48.92377054318786" lon="-120.77183654531837">
        <time>2005-09-25T18:18:46-07:00</time>
      </trkpt>
      <trkpt lat="48.92372419126332" lon="-120.77184978872538">
        <time>2005-09-25T18:18:52-07:00</time>
      </trkpt>
      <trkpt lat="48.92370583489537" lon="-120.77186361886561">
        <time>2005-09-25T18:18:58-07:00</time>
      </trkpt>
      <trkpt lat="48.92364959232509" lon="-120.77190326526761">
        <time>2005-09-25T18:19:05-07:00</time>
      </trkpt>
      <trkpt lat="48.92364255152643" lon="-120.7719191070646">
        <time>2005-09-25T18:19:13-07:00</time>
      </trkpt>
      <trkpt lat="48.9236197527498" lon="-120.7719555683434">
        <time>2005-09-25T18:19:19-07:00</time>
      </trkpt>
      <trkpt lat="48.923594523221254" lon="-120.77201122418046">
        <time>2005-09-25T18:19:27-07:00</time>
      </trkpt>
      <trkpt lat="48.923592092469335" lon="-120.77202740125358">
        <time>2005-09-25T18:19:28-07:00</time>
      </trkpt>
      <trkpt lat="48.92359418794513" lon="-120.77202019281685">
        <time>2005-09-25T18:19:32-07:00</time>
      </trkpt>
      <trkpt lat="48.9235954452306" lon="-120.77197065576911">
        <time>2005-09-25T18:19:34-07:00</time>
      </trkpt>
      <trkpt lat="48.92358681187034" lon="-120.77189597301185">
        <time>2005-09-25T18:19:36-07:00</time>
      </trkpt>
      <trkpt lat="48.92358069308102" lon="-120.77187887392938">
        <time>2005-09-25T18:19:40-07:00</time>
      </trkpt>
      <trkpt lat="48.92355278134346" lon="-120.77183813787997">
        <time>2005-09-25T18:19:41-07:00</time>
      </trkpt>
      <trkpt lat="48.923536436632276" lon="-120.77181458473206">
        <time>2005-09-25T18:19:44-07:00</time>
      </trkpt>
      <trkpt lat="48.92350936308503" lon="-120.77180687338114">
        <time>2005-09-25T18:19:46-07:00</time>
      </trkpt>
      <trkpt lat="48.92350978218019" lon="-120.77185045927763">
        <time>2005-09-25T18:19:47-07:00</time>
      </trkpt>
      <trkpt lat="48.92350525595248" lon="-120.77188524417579">
        <time>2005-09-25T18:19:51-07:00</time>
      </trkpt>
      <trkpt lat="48.923487067222595" lon="-120.77194953337312">
        <time>2005-09-25T18:19:52-07:00</time>
      </trkpt>
      <trkpt lat="48.9234661962837" lon="-120.77201114036143">
        <time>2005-09-25T18:19:56-07:00</time>
      </trkpt>
      <trkpt lat="48.92346032895148" lon="-120.77202966436744">
        <time>2005-09-25T18:19:59-07:00</time>
      </trkpt>
      <trkpt lat="48.92344431951642" lon="-120.77206394635141">
        <time>2005-09-25T18:20:00-07:00</time>
      </trkpt>
      <trkpt lat="48.92341146245599" lon="-120.77207065187395">
        <time>2005-09-25T18:20:04-07:00</time>
      </trkpt>
      <trkpt lat="48.92340651713312" lon="-120.7720589172095">
        <time>2005-09-25T18:20:05-07:00</time>
      </trkpt>
      <trkpt lat="48.92339587211609" lon="-120.77205179259181">
        <time>2005-09-25T18:20:06-07:00</time>
      </trkpt>
      <trkpt lat="48.92336770892143" lon="-120.77204114757478">
        <time>2005-09-25T18:20:09-07:00</time>
      </trkpt>
      <trkpt lat="48.923363015055656" lon="-120.7720330171287">
        <time>2005-09-25T18:20:11-07:00</time>
      </trkpt>
      <trkpt lat="48.92333677969873" lon="-120.77195380814373">
        <time>2005-09-25T18:20:13-07:00</time>
      </trkpt>
      <trkpt lat="48.92326595261693" lon="-120.77191030606627">
        <time>2005-09-25T18:20:16-07:00</time>
      </trkpt>
      <trkpt lat="48.923238879069686" lon="-120.77191625721753">
        <time>2005-09-25T18:20:18-07:00</time>
      </trkpt>
      <trkpt lat="48.92317995429039" lon="-120.77193536795676">
        <time>2005-09-25T18:20:20-07:00</time>
      </trkpt>
      <trkpt lat="48.92312857322395" lon="-120.77197040431201">
        <time>2005-09-25T18:20:23-07:00</time>
      </trkpt>
      <trkpt lat="48.92305238172412" lon="-120.77198155224323">
        <time>2005-09-25T18:20:27-07:00</time>
      </trkpt>
      <trkpt lat="48.923048274591565" lon="-120.77196621336043">
        <time>2005-09-25T18:20:30-07:00</time>
      </trkpt>
      <trkpt lat="48.92304601147771" lon="-120.77194810844958">
        <time>2005-09-25T18:20:33-07:00</time>
      </trkpt>
      <trkpt lat="48.92304710112512" lon="-120.77185490168631">
        <time>2005-09-25T18:20:35-07:00</time>
      </trkpt>
      <trkpt lat="48.9230377972126" lon="-120.77181156724691">
        <time>2005-09-25T18:20:39-07:00</time>
      </trkpt>
      <trkpt lat="48.92299563623965" lon="-120.77173126861453">
        <time>2005-09-25T18:20:41-07:00</time>
      </trkpt>
      <trkpt lat="48.922982728108764" lon="-120.77171752229333">
        <time>2005-09-25T18:20:43-07:00</time>
      </trkpt>
      <trkpt lat="48.9229032676667" lon="-120.7717089727521">
        <time>2005-09-25T18:20:48-07:00</time>
      </trkpt>
      <trkpt lat="48.922848869115114" lon="-120.77174040488899">
        <time>2005-09-25T18:20:53-07:00</time>
      </trkpt>
      <trkpt lat="48.922819532454014" lon="-120.77175565995276">
        <time>2005-09-25T18:20:55-07:00</time>
      </trkpt>
      <trkpt lat="48.92279773950577" lon="-120.77175674960017">
        <time>2005-09-25T18:20:58-07:00</time>
      </trkpt>
      <trkpt lat="48.922749711200595" lon="-120.7717465236783">
        <time>2005-09-25T18:21:02-07:00</time>
      </trkpt>
      <trkpt lat="48.92273537814617" lon="-120.77174484729767">
        <time>2005-09-25T18:21:08-07:00</time>
      </trkpt>
      <trkpt lat="48.9226630423218" lon="-120.77172900550067">
        <time>2005-09-25T18:21:10-07:00</time>
      </trkpt>
      <trkpt lat="48.922649128362536" lon="-120.77173017896712">
        <time>2005-09-25T18:21:14-07:00</time>
      </trkpt>
      <trkpt lat="48.92255793325603" lon="-120.77170402742922">
        <time>2005-09-25T18:21:16-07:00</time>
      </trkpt>
      <trkpt lat="48.922428265213966" lon="-120.77168667688966">
        <time>2005-09-25T18:21:18-07:00</time>
      </trkpt>
      <trkpt lat="48.92238560132682" lon="-120.77168156392872">
        <time>2005-09-25T18:21:22-07:00</time>
      </trkpt>
      <trkpt lat="48.92236154526472" lon="-120.7716844137758">
        <time>2005-09-25T18:21:24-07:00</time>
      </trkpt>
      <trkpt lat="48.922330951318145" lon="-120.77170520089567">
        <time>2005-09-25T18:21:28-07:00</time>
      </trkpt>
      <trkpt lat="48.92230873927474" lon="-120.77172338962555">
        <time>2005-09-25T18:21:30-07:00</time>
      </trkpt>
      <trkpt lat="48.92223950475454" lon="-120.77172322198749">
        <time>2005-09-25T18:21:34-07:00</time>
      </trkpt>
      <trkpt lat="48.92220220528543" lon="-120.77171307988465">
        <time>2005-09-25T18:21:36-07:00</time>
      </trkpt>
      <trkpt lat="48.922104304656386" lon="-120.77166664414108">
        <time>2005-09-25T18:21:41-07:00</time>
      </trkpt>
      <trkpt lat="48.92208988778293" lon="-120.77166228555143">
        <time>2005-09-25T18:21:42-07:00</time>
      </trkpt>
      <trkpt lat="48.922003554180264" lon="-120.77165960334241">
        <time>2005-09-25T18:21:45-07:00</time>
      </trkpt>
      <trkpt lat="48.921956196427345" lon="-120.77167678624392">
        <time>2005-09-25T18:21:49-07:00</time>
      </trkpt>
      <trkpt lat="48.92187816090882" lon="-120.77172347344458">
        <time>2005-09-25T18:21:55-07:00</time>
      </trkpt>
      <trkpt lat="48.92183373682201" lon="-120.77175264246762">
        <time>2005-09-25T18:21:56-07:00</time>
      </trkpt>
      <trkpt lat="48.92175377346575" lon="-120.77173034660518">
        <time>2005-09-25T18:21:59-07:00</time>
      </trkpt>
      <trkpt lat="48.921677162870765" lon="-120.77170059084892">
        <time>2005-09-25T18:22:03-07:00</time>
      </trkpt>
      <trkpt lat="48.92166660167277" lon="-120.77169774100184">
        <time>2005-09-25T18:22:04-07:00</time>
      </trkpt>
      <trkpt lat="48.92163014039397" lon="-120.77169924974442">
        <time>2005-09-25T18:22:08-07:00</time>
      </trkpt>
      <trkpt lat="48.921555457636714" lon="-120.77172657474875">
        <time>2005-09-25T18:22:10-07:00</time>
      </trkpt>
      <trkpt lat="48.921531066298485" lon="-120.77172137796879">
        <time>2005-09-25T18:22:12-07:00</time>
      </trkpt>
      <trkpt lat="48.92149267718196" lon="-120.77170545235276">
        <time>2005-09-25T18:22:15-07:00</time>
      </trkpt>
      <trkpt lat="48.921469459310174" lon="-120.77170587144792">
        <time>2005-09-25T18:22:17-07:00</time>
      </trkpt>
      <trkpt lat="48.92139947041869" lon="-120.77171224169433">
        <time>2005-09-25T18:22:21-07:00</time>
      </trkpt>
      <trkpt lat="48.92136510461569" lon="-120.7717240601778">
        <time>2005-09-25T18:22:25-07:00</time>
      </trkpt>
      <trkpt lat="48.92126368358731" lon="-120.77178348787129">
        <time>2005-09-25T18:22:26-07:00</time>
      </trkpt>
      <trkpt lat="48.921229150146246" lon="-120.77179186977446">
        <time>2005-09-25T18:22:29-07:00</time>
      </trkpt>
      <trkpt lat="48.92115572467446" lon="-120.7718432508409">
        <time>2005-09-25T18:22:33-07:00</time>
      </trkpt>
      <trkpt lat="48.92107148654759" lon="-120.7718849927187">
        <time>2005-09-25T18:22:34-07:00</time>
      </trkpt>
      <trkpt lat="48.921023877337575" lon="-120.77188859693706">
        <time>2005-09-25T18:22:35-07:00</time>
      </trkpt>
      <trkpt lat="48.92097903415561" lon="-120.77189496718347">
        <time>2005-09-25T18:22:38-07:00</time>
      </trkpt>
      <trkpt lat="48.92097232863307" lon="-120.77189496718347">
        <time>2005-09-25T18:22:39-07:00</time>
      </trkpt>
      <trkpt lat="48.920938884839416" lon="-120.77189379371703">
        <time>2005-09-25T18:22:44-07:00</time>
      </trkpt>
      <trkpt lat="48.92090627923608" lon="-120.77189337462187">
        <time>2005-09-25T18:22:49-07:00</time>
      </trkpt>
      <trkpt lat="48.920858502388" lon="-120.77189354225993">
        <time>2005-09-25T18:22:51-07:00</time>
      </trkpt>
      <trkpt lat="48.920839224010706" lon="-120.77191416174173">
        <time>2005-09-25T18:22:55-07:00</time>
      </trkpt>
      <trkpt lat="48.92078868113458" lon="-120.77197954058647">
        <time>2005-09-25T18:22:59-07:00</time>
      </trkpt>
      <trkpt lat="48.92078138887882" lon="-120.7719920296222">
        <time>2005-09-25T18:23:07-07:00</time>
      </trkpt>
      <trkpt lat="48.92073973082006" lon="-120.7720797881484">
        <time>2005-09-25T18:23:08-07:00</time>
      </trkpt>
      <trkpt lat="48.92071324400604" lon="-120.7721405569464">
        <time>2005-09-25T18:23:09-07:00</time>
      </trkpt>
      <trkpt lat="48.92071031033993" lon="-120.77213452197611">
        <time>2005-09-25T18:23:14-07:00</time>
      </trkpt>
      <trkpt lat="48.92072296701372" lon="-120.77206679619849">
        <time>2005-09-25T18:23:16-07:00</time>
      </trkpt>
      <trkpt lat="48.92072891816497" lon="-120.77202874235809">
        <time>2005-09-25T18:23:21-07:00</time>
      </trkpt>
      <trkpt lat="48.92074207775295" lon="-120.77195447869599">
        <time>2005-09-25T18:23:22-07:00</time>
      </trkpt>
      <trkpt lat="48.92075406387448" lon="-120.77193729579449">
        <time>2005-09-25T18:23:27-07:00</time>
      </trkpt>
      <trkpt lat="48.920770324766636" lon="-120.77190158888698">
        <time>2005-09-25T18:23:32-07:00</time>
      </trkpt>
      <trkpt lat="48.92078574746847" lon="-120.77187233604491">
        <time>2005-09-25T18:23:35-07:00</time>
      </trkpt>
      <trkpt lat="48.92079991288483" lon="-120.77181827276945">
        <time>2005-09-25T18:23:37-07:00</time>
      </trkpt>
      <trkpt lat="48.92081466503441" lon="-120.77178575098515">
        <time>2005-09-25T18:23:41-07:00</time>
      </trkpt>
      <trkpt lat="48.92089714296162" lon="-120.77172875404358">
        <time>2005-09-25T18:23:42-07:00</time>
      </trkpt>
      <trkpt lat="48.92096302472055" lon="-120.77169254422188">
        <time>2005-09-25T18:23:48-07:00</time>
      </trkpt>
      <trkpt lat="48.92100065946579" lon="-120.77166211791337">
        <time>2005-09-25T18:23:49-07:00</time>
      </trkpt>
      <trkpt lat="48.92102982848883" lon="-120.77162314206362">
        <time>2005-09-25T18:23:56-07:00</time>
      </trkpt>
      <trkpt lat="48.9210588298738" lon="-120.77159808017313">
        <time>2005-09-25T18:24:05-07:00</time>
      </trkpt>
      <trkpt lat="48.92107534222305" lon="-120.77158148400486">
        <time>2005-09-25T18:24:08-07:00</time>
      </trkpt>
      <trkpt lat="48.9211106300354" lon="-120.77154753729701">
        <time>2005-09-25T18:24:10-07:00</time>
      </trkpt>
      <trkpt lat="48.92112538218498" lon="-120.77153529971838">
        <time>2005-09-25T18:24:13-07:00</time>
      </trkpt>
      <trkpt lat="48.921160250902176" lon="-120.77150872908533">
        <time>2005-09-25T18:24:15-07:00</time>
      </trkpt>
      <trkpt lat="48.92116301693022" lon="-120.77149154618382">
        <time>2005-09-25T18:24:21-07:00</time>
      </trkpt>
      <trkpt lat="48.92115069553256" lon="-120.77146966941655">
        <time>2005-09-25T18:24:24-07:00</time>
      </trkpt>
      <trkpt lat="48.92112446017563" lon="-120.77146489173174">
        <time>2005-09-25T18:24:31-07:00</time>
      </trkpt>
      <trkpt lat="48.921111300587654" lon="-120.77146723866463">
        <time>2005-09-25T18:24:32-07:00</time>
      </trkpt>
      <trkpt lat="48.92102748155594" lon="-120.77146941795945">
        <time>2005-09-25T18:24:39-07:00</time>
      </trkpt>
      <trkpt lat="48.92099638469517" lon="-120.77147570438683">
        <time>2005-09-25T18:24:43-07:00</time>
      </trkpt>
      <trkpt lat="48.920970652252436" lon="-120.771489366889">
        <time>2005-09-25T18:24:49-07:00</time>
      </trkpt>
      <trkpt lat="48.92091164365411" lon="-120.77153286896646">
        <time>2005-09-25T18:24:53-07:00</time>
      </trkpt>
      <trkpt lat="48.92089948989451" lon="-120.771539574489">
        <time>2005-09-25T18:25:00-07:00</time>
      </trkpt>
      <trkpt lat="48.9208600949496" lon="-120.77156195417047">
        <time>2005-09-25T18:25:07-07:00</time>
      </trkpt>
      <trkpt lat="48.92086646519601" lon="-120.77154971659184">
        <time>2005-09-25T18:25:08-07:00</time>
      </trkpt>
      <trkpt lat="48.92087400890887" lon="-120.77153923921287">
        <time>2005-09-25T18:25:11-07:00</time>
      </trkpt>
      <trkpt lat="48.92090250737965" lon="-120.77150244265795">
        <time>2005-09-25T18:25:17-07:00</time>
      </trkpt>
      <trkpt lat="48.92092329449952" lon="-120.77147754840553">
        <time>2005-09-25T18:25:19-07:00</time>
      </trkpt>
      <trkpt lat="48.92097442410886" lon="-120.77139481902122">
        <time>2005-09-25T18:25:22-07:00</time>
      </trkpt>
      <trkpt lat="48.920993031933904" lon="-120.77136615291238">
        <time>2005-09-25T18:25:24-07:00</time>
      </trkpt>
      <trkpt lat="48.92101096920669" lon="-120.77134226448834">
        <time>2005-09-25T18:25:30-07:00</time>
      </trkpt>
      <trkpt lat="48.92107936553657" lon="-120.77129188925028">
        <time>2005-09-25T18:25:33-07:00</time>
      </trkpt>
      <trkpt lat="48.92111314460635" lon="-120.77127638272941">
        <time>2005-09-25T18:25:41-07:00</time>
      </trkpt>
      <trkpt lat="48.92117936164141" lon="-120.77126238495111">
        <time>2005-09-25T18:25:44-07:00</time>
      </trkpt>
      <trkpt lat="48.9212023280561" lon="-120.77125987038016">
        <time>2005-09-25T18:25:50-07:00</time>
      </trkpt>
      <trkpt lat="48.92120165750384" lon="-120.77121955342591">
        <time>2005-09-25T18:25:58-07:00</time>
      </trkpt>
      <trkpt lat="48.92118422314525" lon="-120.77122282236814">
        <time>2005-09-25T18:26:02-07:00</time>
      </trkpt>
      <trkpt lat="48.92112387344241" lon="-120.77123145572841">
        <time>2005-09-25T18:26:06-07:00</time>
      </trkpt>
      <trkpt lat="48.92101541161537" lon="-120.77123824506998">
        <time>2005-09-25T18:26:07-07:00</time>
      </trkpt>
      <trkpt lat="48.92100443132222" lon="-120.77123966999352">
        <time>2005-09-25T18:26:11-07:00</time>
      </trkpt>
      <trkpt lat="48.92090057954192" lon="-120.77127864584327">
        <time>2005-09-25T18:26:14-07:00</time>
      </trkpt>
      <trkpt lat="48.92088934779167" lon="-120.77128702774644">
        <time>2005-09-25T18:26:18-07:00</time>
      </trkpt>
      <trkpt lat="48.92084425315261" lon="-120.7713321223855">
        <time>2005-09-25T18:26:22-07:00</time>
      </trkpt>
      <trkpt lat="48.9208378829062" lon="-120.77133690007031">
        <time>2005-09-25T18:26:29-07:00</time>
      </trkpt>
      <trkpt lat="48.92078130505979" lon="-120.7713825814426">
        <time>2005-09-25T18:26:30-07:00</time>
      </trkpt>
      <trkpt lat="48.92073193565011" lon="-120.77140345238149">
        <time>2005-09-25T18:26:36-07:00</time>
      </trkpt>
      <trkpt lat="48.9207186922431" lon="-120.77141133137047">
        <time>2005-09-25T18:26:42-07:00</time>
      </trkpt>
      <trkpt lat="48.92067099921405" lon="-120.7714375667274">
        <time>2005-09-25T18:26:44-07:00</time>
      </trkpt>
      <trkpt lat="48.920659432187676" lon="-120.77144276350737">
        <time>2005-09-25T18:26:49-07:00</time>
      </trkpt>
      <trkpt lat="48.92060888931155" lon="-120.77148919925094">
        <time>2005-09-25T18:26:51-07:00</time>
      </trkpt>
      <trkpt lat="48.92058583907783" lon="-120.77152096666396">
        <time>2005-09-25T18:26:56-07:00</time>
      </trkpt>
      <trkpt lat="48.92050562426448" lon="-120.77161819674075">
        <time>2005-09-25T18:26:58-07:00</time>
      </trkpt>
      <trkpt lat="48.92049657180905" lon="-120.7716238964349">
        <time>2005-09-25T18:27:01-07:00</time>
      </trkpt>
      <trkpt lat="48.92045348882675" lon="-120.77165817841887">
        <time>2005-09-25T18:27:05-07:00</time>
      </trkpt>
      <trkpt lat="48.92043437808752" lon="-120.7716761995107">
        <time>2005-09-25T18:27:09-07:00</time>
      </trkpt>
      <trkpt lat="48.92036841250956" lon="-120.7717866729945">
        <time>2005-09-25T18:27:12-07:00</time>
      </trkpt>
      <trkpt lat="48.92026179470122" lon="-120.77189077623188">
        <time>2005-09-25T18:27:20-07:00</time>
      </trkpt>
      <trkpt lat="48.92022516578436" lon="-120.77191583812237">
        <time>2005-09-25T18:27:25-07:00</time>
      </trkpt>
      <trkpt lat="48.9201866928488" lon="-120.77196856029332">
        <time>2005-09-25T18:27:28-07:00</time>
      </trkpt>
      <trkpt lat="48.9201161172241" lon="-120.77212329022586">
        <time>2005-09-25T18:27:31-07:00</time>
      </trkpt>
      <trkpt lat="48.92007429152727" lon="-120.77214458025992">
        <time>2005-09-25T18:27:35-07:00</time>
      </trkpt>
      <trkpt lat="48.9200519118458" lon="-120.77215338125825">
        <time>2005-09-25T18:27:37-07:00</time>
      </trkpt>
      <trkpt lat="48.92004101537168" lon="-120.7721561472863">
        <time>2005-09-25T18:27:41-07:00</time>
      </trkpt>
      <trkpt lat="48.91999064013362" lon="-120.77216058969498">
        <time>2005-09-25T18:27:43-07:00</time>
      </trkpt>
      <trkpt lat="48.91995392739773" lon="-120.77219478785992">
        <time>2005-09-25T18:27:47-07:00</time>
      </trkpt>
      <trkpt lat="48.919906821101904" lon="-120.77222915366292">
        <time>2005-09-25T18:27:48-07:00</time>
      </trkpt>
      <trkpt lat="48.91979567706585" lon="-120.77221884392202">
        <time>2005-09-25T18:27:50-07:00</time>
      </trkpt>
      <trkpt lat="48.919783188030124" lon="-120.77221976593137">
        <time>2005-09-25T18:27:52-07:00</time>
      </trkpt>
      <trkpt lat="48.91973163932562" lon="-120.77221783809364">
        <time>2005-09-25T18:27:53-07:00</time>
      </trkpt>
      <trkpt lat="48.91969031654298" lon="-120.77223351225257">
        <time>2005-09-25T18:27:59-07:00</time>
      </trkpt>
      <trkpt lat="48.919655699282885" lon="-120.77225069515407">
        <time>2005-09-25T18:28:02-07:00</time>
      </trkpt>
      <trkpt lat="48.919597025960684" lon="-120.77229025773704">
        <time>2005-09-25T18:28:05-07:00</time>
      </trkpt>
      <trkpt lat="48.91957330517471" lon="-120.7723028305918">
        <time>2005-09-25T18:28:11-07:00</time>
      </trkpt>
      <trkpt lat="48.91953432932496" lon="-120.77230333350599">
        <time>2005-09-25T18:28:12-07:00</time>
      </trkpt>
      <trkpt lat="48.91947858966887" lon="-120.77231238596141">
        <time>2005-09-25T18:28:16-07:00</time>
      </trkpt>
      <trkpt lat="48.919439194723964" lon="-120.77234758995473">
        <time>2005-09-25T18:28:18-07:00</time>
      </trkpt>
      <trkpt lat="48.91943106427789" lon="-120.77241254970431">
        <time>2005-09-25T18:28:19-07:00</time>
      </trkpt>
      <trkpt lat="48.919427040964365" lon="-120.77249351888895">
        <time>2005-09-25T18:28:22-07:00</time>
      </trkpt>
      <trkpt lat="48.9194115344435" lon="-120.77255462296307">
        <time>2005-09-25T18:28:24-07:00</time>
      </trkpt>
      <trkpt lat="48.919399715960026" lon="-120.77259376645088">
        <time>2005-09-25T18:28:30-07:00</time>
      </trkpt>
      <trkpt lat="48.91938236542046" lon="-120.77264338731766">
        <time>2005-09-25T18:28:33-07:00</time>
      </trkpt>
      <trkpt lat="48.91935152001679" lon="-120.77273818664253">
        <time>2005-09-25T18:28:36-07:00</time>
      </trkpt>
      <trkpt lat="48.91931966878474" lon="-120.77282167039812">
        <time>2005-09-25T18:28:42-07:00</time>
      </trkpt>
      <trkpt lat="48.919311789795756" lon="-120.77290808781981">
        <time>2005-09-25T18:28:45-07:00</time>
      </trkpt>
      <trkpt lat="48.91930902376771" lon="-120.77308033592999">
        <time>2005-09-25T18:28:51-07:00</time>
      </trkpt>
      <trkpt lat="48.919309778138995" lon="-120.77309684827924">
        <time>2005-09-25T18:28:53-07:00</time>
      </trkpt>
      <trkpt lat="48.91930659301579" lon="-120.7731350697577">
        <time>2005-09-25T18:28:57-07:00</time>
      </trkpt>
      <trkpt lat="48.91929636709392" lon="-120.77319064177573">
        <time>2005-09-25T18:28:59-07:00</time>
      </trkpt>
      <trkpt lat="48.91929242759943" lon="-120.77332835644484">
        <time>2005-09-25T18:29:04-07:00</time>
      </trkpt>
      <trkpt lat="48.919301396235824" lon="-120.7734369020909">
        <time>2005-09-25T18:29:12-07:00</time>
      </trkpt>
      <trkpt lat="48.91930751502514" lon="-120.77347311191261">
        <time>2005-09-25T18:29:13-07:00</time>
      </trkpt>
      <trkpt lat="48.91931153833866" lon="-120.77350521460176">
        <time>2005-09-25T18:29:21-07:00</time>
      </trkpt>
      <trkpt lat="48.919319501146674" lon="-120.7735705934465">
        <time>2005-09-25T18:29:22-07:00</time>
      </trkpt>
      <trkpt lat="48.91932461410761" lon="-120.77362968586385">
        <time>2005-09-25T18:29:28-07:00</time>
      </trkpt>
      <trkpt lat="48.91932629048824" lon="-120.7736720982939">
        <time>2005-09-25T18:29:29-07:00</time>
      </trkpt>
      <trkpt lat="48.919345987960696" lon="-120.77377972193062">
        <time>2005-09-25T18:29:34-07:00</time>
      </trkpt>
      <trkpt lat="48.91940415836871" lon="-120.77390871942043">
        <time>2005-09-25T18:29:38-07:00</time>
      </trkpt>
      <trkpt lat="48.91945813782513" lon="-120.7739966455847">
        <time>2005-09-25T18:29:39-07:00</time>
      </trkpt>
      <trkpt lat="48.91950197517872" lon="-120.7740346994251">
        <time>2005-09-25T18:29:44-07:00</time>
      </trkpt>
      <trkpt lat="48.91954639926553" lon="-120.77407166361809">
        <time>2005-09-25T18:29:45-07:00</time>
      </trkpt>
      <trkpt lat="48.91956542618573" lon="-120.77408063225448">
        <time>2005-09-25T18:29:50-07:00</time>
      </trkpt>
      <trkpt lat="48.919567773118615" lon="-120.7740901876241">
        <time>2005-09-25T18:29:53-07:00</time>
      </trkpt>
      <trkpt lat="48.91955855302513" lon="-120.77411700971425">
        <time>2005-09-25T18:30:01-07:00</time>
      </trkpt>
      <trkpt lat="48.91955788247287" lon="-120.77412505634129">
        <time>2005-09-25T18:30:02-07:00</time>
      </trkpt>
      <trkpt lat="48.91954715363681" lon="-120.7741139922291">
        <time>2005-09-25T18:30:06-07:00</time>
      </trkpt>
      <trkpt lat="48.91951119527221" lon="-120.7741158362478">
        <time>2005-09-25T18:30:08-07:00</time>
      </trkpt>
      <trkpt lat="48.91946551389992" lon="-120.77410443685949">
        <time>2005-09-25T18:30:16-07:00</time>
      </trkpt>
      <trkpt lat="48.91939443536103" lon="-120.77406965196133">
        <time>2005-09-25T18:30:26-07:00</time>
      </trkpt>
      <trkpt lat="48.91931933350861" lon="-120.77400871552527">
        <time>2005-09-25T18:30:29-07:00</time>
      </trkpt>
      <trkpt lat="48.919308772310615" lon="-120.77399798668921">
        <time>2005-09-25T18:30:33-07:00</time>
      </trkpt>
      <trkpt lat="48.91924045979977" lon="-120.77390067279339">
        <time>2005-09-25T18:30:43-07:00</time>
      </trkpt>
      <trkpt lat="48.919236017391086" lon="-120.77389656566083">
        <time>2005-09-25T18:30:47-07:00</time>
      </trkpt>
      <trkpt lat="48.91921606846154" lon="-120.77387175522745">
        <time>2005-09-25T18:30:49-07:00</time>
      </trkpt>
      <trkpt lat="48.91919134184718" lon="-120.77378056012094">
        <time>2005-09-25T18:30:50-07:00</time>
      </trkpt>
      <trkpt lat="48.91918555833399" lon="-120.77375734224916">
        <time>2005-09-25T18:30:55-07:00</time>
      </trkpt>
      <trkpt lat="48.919161753728986" lon="-120.77370545826852">
        <time>2005-09-25T18:30:59-07:00</time>
      </trkpt>
      <trkpt lat="48.91912814229727" lon="-120.77363412827253">
        <time>2005-09-25T18:31:03-07:00</time>
      </trkpt>
      <trkpt lat="48.919117245823145" lon="-120.7736171130091">
        <time>2005-09-25T18:31:13-07:00</time>
      </trkpt>
      <trkpt lat="48.91906460747123" lon="-120.77355366200209">
        <time>2005-09-25T18:31:14-07:00</time>
      </trkpt>
      <trkpt lat="48.91902009956539" lon="-120.77349205501378">
        <time>2005-09-25T18:31:18-07:00</time>
      </trkpt>
      <trkpt lat="48.919014148414135" lon="-120.77347856014967">
        <time>2005-09-25T18:31:21-07:00</time>
      </trkpt>
      <trkpt lat="48.91896687448025" lon="-120.77338619157672">
        <time>2005-09-25T18:31:24-07:00</time>
      </trkpt>
      <trkpt lat="48.918945752084255" lon="-120.77334520407021">
        <time>2005-09-25T18:31:29-07:00</time>
      </trkpt>
      <trkpt lat="48.91892270185053" lon="-120.77330362983048">
        <time>2005-09-25T18:31:31-07:00</time>
      </trkpt>
      <trkpt lat="48.9188829716295" lon="-120.77319642528892">
        <time>2005-09-25T18:31:34-07:00</time>
      </trkpt>
      <trkpt lat="48.918878361582756" lon="-120.77318536117673">
        <time>2005-09-25T18:31:39-07:00</time>
      </trkpt>
      <trkpt lat="48.918826477602124" lon="-120.77309349551797">
        <time>2005-09-25T18:31:43-07:00</time>
      </trkpt>
      <trkpt lat="48.9187569078058" lon="-120.7730002887547">
        <time>2005-09-25T18:31:46-07:00</time>
      </trkpt>
      <trkpt lat="48.91866831108928" lon="-120.77301571145654">
        <time>2005-09-25T18:31:50-07:00</time>
      </trkpt>
      <trkpt lat="48.91857753507793" lon="-120.77304538339376">
        <time>2005-09-25T18:31:54-07:00</time>
      </trkpt>
      <trkpt lat="48.91850167885423" lon="-120.77303205616772">
        <time>2005-09-25T18:31:56-07:00</time>
      </trkpt>
      <trkpt lat="48.91847846098244" lon="-120.77301328070462">
        <time>2005-09-25T18:31:59-07:00</time>
      </trkpt>
      <trkpt lat="48.91835088841617" lon="-120.77298059128225">
        <time>2005-09-25T18:32:05-07:00</time>
      </trkpt>
      <trkpt lat="48.91821434721351" lon="-120.77294077724218">
        <time>2005-09-25T18:32:10-07:00</time>
      </trkpt>
      <trkpt lat="48.918200517073274" lon="-120.77294035814703">
        <time>2005-09-25T18:32:15-07:00</time>
      </trkpt>
      <trkpt lat="48.91813036054373" lon="-120.77292476780713">
        <time>2005-09-25T18:32:23-07:00</time>
      </trkpt>
      <trkpt lat="48.91805928200483" lon="-120.7728480733931">
        <time>2005-09-25T18:32:24-07:00</time>
      </trkpt>
      <trkpt lat="48.91794964671135" lon="-120.7727497536689">
        <time>2005-09-25T18:32:27-07:00</time>
      </trkpt>
      <trkpt lat="48.91792869195342" lon="-120.77273885719478">
        <time>2005-09-25T18:32:30-07:00</time>
      </trkpt>
      <trkpt lat="48.91786850988865" lon="-120.77270968817174">
        <time>2005-09-25T18:32:37-07:00</time>
      </trkpt>
      <trkpt lat="48.917855098843575" lon="-120.77270407229662">
        <time>2005-09-25T18:32:43-07:00</time>
      </trkpt>
      <trkpt lat="48.91775669530034" lon="-120.77268462628126">
        <time>2005-09-25T18:32:45-07:00</time>
      </trkpt>
      <trkpt lat="48.91774294897914" lon="-120.77267641201615">
        <time>2005-09-25T18:32:47-07:00</time>
      </trkpt>
      <trkpt lat="48.91766390763223" lon="-120.77262603677809">
        <time>2005-09-25T18:32:51-07:00</time>
      </trkpt>
      <trkpt lat="48.91765259206295" lon="-120.77262461185455">
        <time>2005-09-25T18:32:54-07:00</time>
      </trkpt>
      <trkpt lat="48.91760657541454" lon="-120.77259519137442">
        <time>2005-09-25T18:32:56-07:00</time>
      </trkpt>
      <trkpt lat="48.91760213300586" lon="-120.7725758291781">
        <time>2005-09-25T18:33:02-07:00</time>
      </trkpt>
      <trkpt lat="48.91759836114943" lon="-120.7725549582392">
        <time>2005-09-25T18:33:09-07:00</time>
      </trkpt>
      <trkpt lat="48.91758679412305" lon="-120.77246208675206">
        <time>2005-09-25T18:33:16-07:00</time>
      </trkpt>
      <trkpt lat="48.917592661455274" lon="-120.77234641648829">
        <time>2005-09-25T18:33:20-07:00</time>
      </trkpt>
      <trkpt lat="48.917638594284654" lon="-120.77227910980582">
        <time>2005-09-25T18:33:24-07:00</time>
      </trkpt>
      <trkpt lat="48.9176828507334" lon="-120.7721749227494">
        <time>2005-09-25T18:33:26-07:00</time>
      </trkpt>
      <trkpt lat="48.91770045273006" lon="-120.77210350893438">
        <time>2005-09-25T18:33:31-07:00</time>
      </trkpt>
      <trkpt lat="48.91768838278949" lon="-120.77208045870066">
        <time>2005-09-25T18:33:37-07:00</time>
      </trkpt>
      <trkpt lat="48.91767296008766" lon="-120.77208615839481">
        <time>2005-09-25T18:33:40-07:00</time>
      </trkpt>
      <trkpt lat="48.917658207938075" lon="-120.77209278009832">
        <time>2005-09-25T18:33:44-07:00</time>
      </trkpt>
      <trkpt lat="48.91756944358349" lon="-120.77213536016643">
        <time>2005-09-25T18:33:48-07:00</time>
      </trkpt>
      <trkpt lat="48.91748453490436" lon="-120.77219981700182">
        <time>2005-09-25T18:33:52-07:00</time>
      </trkpt>
      <trkpt lat="48.9174325671047" lon="-120.77222194522619">
        <time>2005-09-25T18:33:57-07:00</time>
      </trkpt>
      <trkpt lat="48.91740976832807" lon="-120.77221004292369">
        <time>2005-09-25T18:34:04-07:00</time>
      </trkpt>
      <trkpt lat="48.91737900674343" lon="-120.77216855250299">
        <time>2005-09-25T18:34:05-07:00</time>
      </trkpt>
      <trkpt lat="48.917333241552114" lon="-120.77212714590132">
        <time>2005-09-25T18:34:13-07:00</time>
      </trkpt>
      <trkpt lat="48.91731748357415" lon="-120.77212991192937">
        <time>2005-09-25T18:34:20-07:00</time>
      </trkpt>
      <trkpt lat="48.9172666054219" lon="-120.77215463854373">
        <time>2005-09-25T18:34:22-07:00</time>
      </trkpt>
      <trkpt lat="48.91721572726965" lon="-120.77217500656843">
        <time>2005-09-25T18:34:27-07:00</time>
      </trkpt>
      <trkpt lat="48.917181361466646" lon="-120.77218716032803">
        <time>2005-09-25T18:34:28-07:00</time>
      </trkpt>
      <trkpt lat="48.91712201759219" lon="-120.77216880396008">
        <time>2005-09-25T18:34:31-07:00</time>
      </trkpt>
      <trkpt lat="48.917106511071324" lon="-120.77214759774506">
        <time>2005-09-25T18:34:35-07:00</time>
      </trkpt>
      <trkpt lat="48.917032750323415" lon="-120.77201901935041">
        <time>2005-09-25T18:34:36-07:00</time>
      </trkpt>
      <trkpt lat="48.91694666817784" lon="-120.77197199687362">
        <time>2005-09-25T18:34:41-07:00</time>
      </trkpt>
      <trkpt lat="48.91683208756149" lon="-120.77191416174173">
        <time>2005-09-25T18:34:46-07:00</time>
      </trkpt>
      <trkpt lat="48.91678716056049" lon="-120.77189605683088">
        <time>2005-09-25T18:34:47-07:00</time>
      </trkpt>
      <trkpt lat="48.91674114391208" lon="-120.77186529524624">
        <time>2005-09-25T18:34:53-07:00</time>
      </trkpt>
      <trkpt lat="48.916703006252646" lon="-120.77181684784591">
        <time>2005-09-25T18:34:56-07:00</time>
      </trkpt>
      <trkpt lat="48.91667786054313" lon="-120.77178591862321">
        <time>2005-09-25T18:34:59-07:00</time>
      </trkpt>
      <trkpt lat="48.91658834181726" lon="-120.77174182981253">
        <time>2005-09-25T18:35:06-07:00</time>
      </trkpt>
      <trkpt lat="48.916574930772185" lon="-120.77173663303256">
        <time>2005-09-25T18:35:07-07:00</time>
      </trkpt>
      <trkpt lat="48.91650242730975" lon="-120.77169891446829">
        <time>2005-09-25T18:35:14-07:00</time>
      </trkpt>
      <trkpt lat="48.916447861120105" lon="-120.77163881622255">
        <time>2005-09-25T18:35:22-07:00</time>
      </trkpt>
      <trkpt lat="48.91643998213112" lon="-120.77162766829133">
        <time>2005-09-25T18:35:29-07:00</time>
      </trkpt>
      <trkpt lat="48.91634174622595" lon="-120.77156773768365">
        <time>2005-09-25T18:35:38-07:00</time>
      </trkpt>
      <trkpt lat="48.91629070043564" lon="-120.77156832441688">
        <time>2005-09-25T18:35:44-07:00</time>
      </trkpt>
      <trkpt lat="48.91621635295451" lon="-120.77159740962088">
        <time>2005-09-25T18:35:46-07:00</time>
      </trkpt>
      <trkpt lat="48.916090708225965" lon="-120.77166303992271">
        <time>2005-09-25T18:35:55-07:00</time>
      </trkpt>
      <trkpt lat="48.916081823408604" lon="-120.77165708877146">
        <time>2005-09-25T18:36:05-07:00</time>
      </trkpt>
      <trkpt lat="48.91604980453849" lon="-120.7715636305511">
        <time>2005-09-25T18:36:06-07:00</time>
      </trkpt>
      <trkpt lat="48.91604150645435" lon="-120.77152490615845">
        <time>2005-09-25T18:36:12-07:00</time>
      </trkpt>
      <trkpt lat="48.91598501242697" lon="-120.77145860530436">
        <time>2005-09-25T18:36:20-07:00</time>
      </trkpt>
      <trkpt lat="48.915921645238996" lon="-120.77143153175712">
        <time>2005-09-25T18:36:29-07:00</time>
      </trkpt>
      <trkpt lat="48.915844364091754" lon="-120.77140839770436">
        <time>2005-09-25T18:36:31-07:00</time>
      </trkpt>
      <trkpt lat="48.91575610265136" lon="-120.77134310267866">
        <time>2005-09-25T18:36:36-07:00</time>
      </trkpt>
      <trkpt lat="48.91566205769777" lon="-120.77126548625529">
        <time>2005-09-25T18:36:37-07:00</time>
      </trkpt>
      <trkpt lat="48.91559483483434" lon="-120.77123162336648">
        <time>2005-09-25T18:36:45-07:00</time>
      </trkpt>
      <trkpt lat="48.915549321100116" lon="-120.7711989339441">
        <time>2005-09-25T18:36:46-07:00</time>
      </trkpt>
      <trkpt lat="48.91547178849578" lon="-120.77113011851907">
        <time>2005-09-25T18:36:53-07:00</time>
      </trkpt>
      <trkpt lat="48.91546349041164" lon="-120.77111813239753">
        <time>2005-09-25T18:36:54-07:00</time>
      </trkpt>
      <trkpt lat="48.91536776907742" lon="-120.77101042494178">
        <time>2005-09-25T18:36:58-07:00</time>
      </trkpt>
      <trkpt lat="48.915329379960895" lon="-120.77099659480155">
        <time>2005-09-25T18:36:59-07:00</time>
      </trkpt>
      <trkpt lat="48.91530280932784" lon="-120.77101503498852">
        <time>2005-09-25T18:37:00-07:00</time>
      </trkpt>
      <trkpt lat="48.91524757258594" lon="-120.77105929143727">
        <time>2005-09-25T18:37:05-07:00</time>
      </trkpt>
    </trkseg>
  </trk>
</gpx>
