<?xml version="1.0" encoding="UTF-8"?>
<gpx version="1.1" creator="GarminFitSummaryExtractor" xmlns="http://www.topografix.com/GPX/1/1" xmlns:xsi="http://www.w3.org/2001/XMLSchema-instance" xsi:schemaLocation="http://www.topografix.com/GPX/1/1 http://www.topografix.com/GPX/1/1/gpx.xsd">
  <metadata>
    <name>2025-05-10-06-01-59</name>
    <time>2005-05-11T06:01:59-07:00</time>
  </metadata>
  <trk>
    <name>2025-05-10-06-01-59</name>
    <type>HIKING</type>
    <trkseg>
      <trkpt lat="33.83993664756417" lon="-116.73660680651665">
        <time>2005-05-11T06:01:59-07:00</time>
      </trkpt>
      <trkpt lat="33.83997528813779" lon="-116.73677176237106">
        <time>2005-05-11T06:02:00-07:00</time>
      </trkpt>
      <trkpt lat="33.83997964672744" lon="-116.73675449565053">
        <time>2005-05-11T06:02:04-07:00</time>
      </trkpt>
      <trkpt lat="33.83997755125165" lon="-116.73675910569727">
        <time>2005-05-11T06:02:15-07:00</time>
      </trkpt>
      <trkpt lat="33.83998618461192" lon="-116.73677025362849">
        <time>2005-05-11T06:02:18-07:00</time>
      </trkpt>
      <trkpt lat="33.83999657817185" lon="-116.7367734387517">
        <time>2005-05-11T06:02:20-07:00</time>
      </trkpt>
      <trkpt lat="33.84000110439956" lon="-116.73678282648325">
        <time>2005-05-11T06:02:21-07:00</time>
      </trkpt>
      <trkpt lat="33.84001602418721" lon="-116.73680721782148">
        <time>2005-05-11T06:02:22-07:00</time>
      </trkpt>
      <trkpt lat="33.84002599865198" lon="-116.73683035187423">
        <time>2005-05-11T06:02:24-07:00</time>
      </trkpt>
      <trkpt lat="33.8400337100029" lon="-116.73684678040445">
        <time>2005-05-11T06:02:26-07:00</time>
      </trkpt>
      <trkpt lat="33.84003832004964" lon="-116.73685583285987">
        <time>2005-05-11T06:02:29-07:00</time>
      </trkpt>
      <trkpt lat="33.84001510217786" lon="-116.73692707903683">
        <time>2005-05-11T06:02:32-07:00</time>
      </trkpt>
      <trkpt lat="33.84000529535115" lon="-116.73698868602514">
        <time>2005-05-11T06:02:34-07:00</time>
      </trkpt>
      <trkpt lat="33.83999615907669" lon="-116.73701307736337">
        <time>2005-05-11T06:02:35-07:00</time>
      </trkpt>
      <trkpt lat="33.83996078744531" lon="-116.7370982374996">
        <time>2005-05-11T06:02:41-07:00</time>
      </trkpt>
      <trkpt lat="33.839960200712085" lon="-116.7371619399637">
        <time>2005-05-11T06:02:45-07:00</time>
      </trkpt>
      <trkpt lat="33.83997017517686" lon="-116.7371807154268">
        <time>2005-05-11T06:02:47-07:00</time>
      </trkpt>
      <trkpt lat="33.8399938121438" lon="-116.73720359802246">
        <time>2005-05-11T06:02:52-07:00</time>
      </trkpt>
      <trkpt lat="33.8400043733418" lon="-116.73722480423748">
        <time>2005-05-11T06:02:57-07:00</time>
      </trkpt>
      <trkpt lat="33.84002214297652" lon="-116.73733376897871">
        <time>2005-05-11T06:02:59-07:00</time>
      </trkpt>
      <trkpt lat="33.84004091843963" lon="-116.73736645840108">
        <time>2005-05-11T06:03:02-07:00</time>
      </trkpt>
      <trkpt lat="33.84006631560624" lon="-116.7374053504318">
        <time>2005-05-11T06:03:06-07:00</time>
      </trkpt>
      <trkpt lat="33.84009674191475" lon="-116.73748749308288">
        <time>2005-05-11T06:03:14-07:00</time>
      </trkpt>
      <trkpt lat="33.84010663256049" lon="-116.73753552138805">
        <time>2005-05-11T06:03:17-07:00</time>
      </trkpt>
      <trkpt lat="33.840119540691376" lon="-116.73756829462945">
        <time>2005-05-11T06:03:20-07:00</time>
      </trkpt>
      <trkpt lat="33.84011501446366" lon="-116.73759394325316">
        <time>2005-05-11T06:03:26-07:00</time>
      </trkpt>
      <trkpt lat="33.84012071415782" lon="-116.73760978505015">
        <time>2005-05-11T06:03:30-07:00</time>
      </trkpt>
      <trkpt lat="33.84013345465064" lon="-116.73763928934932">
        <time>2005-05-11T06:03:33-07:00</time>
      </trkpt>
      <trkpt lat="33.84014510549605" lon="-116.73768279142678">
        <time>2005-05-11T06:03:37-07:00</time>
      </trkpt>
      <trkpt lat="33.840148290619254" lon="-116.73769611865282">
        <time>2005-05-11T06:03:39-07:00</time>
      </trkpt>
      <trkpt lat="33.84016413241625" lon="-116.73779896460474">
        <time>2005-05-11T06:03:42-07:00</time>
      </trkpt>
      <trkpt lat="33.84016974829137" lon="-116.73785788938403">
        <time>2005-05-11T06:03:46-07:00</time>
      </trkpt>
      <trkpt lat="33.84017259813845" lon="-116.73787440173328">
        <time>2005-05-11T06:03:47-07:00</time>
      </trkpt>
      <trkpt lat="33.84018768556416" lon="-116.73793676309288">
        <time>2005-05-11T06:03:53-07:00</time>
      </trkpt>
      <trkpt lat="33.84022423066199" lon="-116.73800842836499">
        <time>2005-05-11T06:03:57-07:00</time>
      </trkpt>
      <trkpt lat="33.84026739746332" lon="-116.73803642392159">
        <time>2005-05-11T06:03:58-07:00</time>
      </trkpt>
      <trkpt lat="33.84029606357217" lon="-116.73803860321641">
        <time>2005-05-11T06:04:03-07:00</time>
      </trkpt>
      <trkpt lat="33.84034124203026" lon="-116.73806802369654">
        <time>2005-05-11T06:04:09-07:00</time>
      </trkpt>
      <trkpt lat="33.84035029448569" lon="-116.73807548359036">
        <time>2005-05-11T06:04:12-07:00</time>
      </trkpt>
      <trkpt lat="33.840389186516404" lon="-116.7381080891937">
        <time>2005-05-11T06:04:14-07:00</time>
      </trkpt>
      <trkpt lat="33.84040301665664" lon="-116.73811261542141">
        <time>2005-05-11T06:04:18-07:00</time>
      </trkpt>
      <trkpt lat="33.84043453261256" lon="-116.73816584050655">
        <time>2005-05-11T06:04:19-07:00</time>
      </trkpt>
      <trkpt lat="33.84044023230672" lon="-116.7381773237139">
        <time>2005-05-11T06:04:24-07:00</time>
      </trkpt>
      <trkpt lat="33.84047392755747" lon="-116.73824831843376">
        <time>2005-05-11T06:04:25-07:00</time>
      </trkpt>
      <trkpt lat="33.84052229113877" lon="-116.73829793930054">
        <time>2005-05-11T06:04:29-07:00</time>
      </trkpt>
      <trkpt lat="33.84054047986865" lon="-116.73832073807716">
        <time>2005-05-11T06:04:30-07:00</time>
      </trkpt>
      <trkpt lat="33.84056814014912" lon="-116.73834613524377">
        <time>2005-05-11T06:04:36-07:00</time>
      </trkpt>
      <trkpt lat="33.84059772826731" lon="-116.7383792437613">
        <time>2005-05-11T06:04:41-07:00</time>
      </trkpt>
      <trkpt lat="33.84060543961823" lon="-116.73838921822608">
        <time>2005-05-11T06:04:44-07:00</time>
      </trkpt>
      <trkpt lat="33.84064466692507" lon="-116.73840799368918">
        <time>2005-05-11T06:04:47-07:00</time>
      </trkpt>
      <trkpt lat="33.84064952842891" lon="-116.73841956071556">
        <time>2005-05-11T06:04:50-07:00</time>
      </trkpt>
      <trkpt lat="33.84067920036614" lon="-116.73845124430954">
        <time>2005-05-11T06:04:51-07:00</time>
      </trkpt>
      <trkpt lat="33.84068741463125" lon="-116.73845803365111">
        <time>2005-05-11T06:04:56-07:00</time>
      </trkpt>
      <trkpt lat="33.84070300497115" lon="-116.7384860292077">
        <time>2005-05-11T06:04:57-07:00</time>
      </trkpt>
      <trkpt lat="33.84073544293642" lon="-116.73850245773792">
        <time>2005-05-11T06:05:00-07:00</time>
      </trkpt>
      <trkpt lat="33.84074575267732" lon="-116.7385039664805">
        <time>2005-05-11T06:05:01-07:00</time>
      </trkpt>
      <trkpt lat="33.84075849317014" lon="-116.73850681632757">
        <time>2005-05-11T06:05:03-07:00</time>
      </trkpt>
      <trkpt lat="33.84078632108867" lon="-116.73850011080503">
        <time>2005-05-11T06:05:06-07:00</time>
      </trkpt>
      <trkpt lat="33.84081817232072" lon="-116.73849164508283">
        <time>2005-05-11T06:05:07-07:00</time>
      </trkpt>
      <trkpt lat="33.84083116427064" lon="-116.73848594538867">
        <time>2005-05-11T06:05:08-07:00</time>
      </trkpt>
      <trkpt lat="33.84087458252907" lon="-116.73846432007849">
        <time>2005-05-11T06:05:10-07:00</time>
      </trkpt>
      <trkpt lat="33.840903248637915" lon="-116.73845644108951">
        <time>2005-05-11T06:05:13-07:00</time>
      </trkpt>
      <trkpt lat="33.84095144458115" lon="-116.73842266201973">
        <time>2005-05-11T06:05:14-07:00</time>
      </trkpt>
      <trkpt lat="33.84096376597881" lon="-116.73841478303075">
        <time>2005-05-11T06:05:18-07:00</time>
      </trkpt>
      <trkpt lat="33.84101062081754" lon="-116.73839332535863">
        <time>2005-05-11T06:05:20-07:00</time>
      </trkpt>
      <trkpt lat="33.841043058782816" lon="-116.73837354406714">
        <time>2005-05-11T06:05:24-07:00</time>
      </trkpt>
      <trkpt lat="33.84109117090702" lon="-116.73833473585546">
        <time>2005-05-11T06:05:25-07:00</time>
      </trkpt>
      <trkpt lat="33.84109955281019" lon="-116.73832258209586">
        <time>2005-05-11T06:05:29-07:00</time>
      </trkpt>
      <trkpt lat="33.841139785945415" lon="-116.73824379220605">
        <time>2005-05-11T06:05:32-07:00</time>
      </trkpt>
      <trkpt lat="33.84114774875343" lon="-116.73821914941072">
        <time>2005-05-11T06:05:36-07:00</time>
      </trkpt>
      <trkpt lat="33.84117968380451" lon="-116.73817564733326">
        <time>2005-05-11T06:05:37-07:00</time>
      </trkpt>
      <trkpt lat="33.84118882007897" lon="-116.73816634342074">
        <time>2005-05-11T06:05:43-07:00</time>
      </trkpt>
      <trkpt lat="33.84122243151069" lon="-116.73815318383276">
        <time>2005-05-11T06:05:45-07:00</time>
      </trkpt>
      <trkpt lat="33.84128864854574" lon="-116.73811437562108">
        <time>2005-05-11T06:05:49-07:00</time>
      </trkpt>
      <trkpt lat="33.841304490342736" lon="-116.73809057101607">
        <time>2005-05-11T06:05:50-07:00</time>
      </trkpt>
      <trkpt lat="33.84132904931903" lon="-116.73807791434228">
        <time>2005-05-11T06:05:54-07:00</time>
      </trkpt>
      <trkpt lat="33.84134782478213" lon="-116.7380739748478">
        <time>2005-05-11T06:06:00-07:00</time>
      </trkpt>
      <trkpt lat="33.84135746397078" lon="-116.7380716279149">
        <time>2005-05-11T06:06:02-07:00</time>
      </trkpt>
      <trkpt lat="33.84141404181719" lon="-116.73805855214596">
        <time>2005-05-11T06:06:04-07:00</time>
      </trkpt>
      <trkpt lat="33.84142770431936" lon="-116.73805595375597">
        <time>2005-05-11T06:06:06-07:00</time>
      </trkpt>
      <trkpt lat="33.84146391414106" lon="-116.73803449608386">
        <time>2005-05-11T06:06:07-07:00</time>
      </trkpt>
      <trkpt lat="33.84148947894573" lon="-116.73802142031491">
        <time>2005-05-11T06:06:12-07:00</time>
      </trkpt>
      <trkpt lat="33.841533567756414" lon="-116.73800029791892">
        <time>2005-05-11T06:06:13-07:00</time>
      </trkpt>
      <trkpt lat="33.84156650863588" lon="-116.73797431401908">
        <time>2005-05-11T06:06:16-07:00</time>
      </trkpt>
      <trkpt lat="33.84158696047962" lon="-116.73795687966049">
        <time>2005-05-11T06:06:18-07:00</time>
      </trkpt>
      <trkpt lat="33.84164672344923" lon="-116.73793676309288">
        <time>2005-05-11T06:06:21-07:00</time>
      </trkpt>
      <trkpt lat="33.84165904484689" lon="-116.73791798762977">
        <time>2005-05-11T06:06:24-07:00</time>
      </trkpt>
      <trkpt lat="33.8416846934706" lon="-116.7378834541887">
        <time>2005-05-11T06:06:26-07:00</time>
      </trkpt>
      <trkpt lat="33.84170430712402" lon="-116.73784741200507">
        <time>2005-05-11T06:06:31-07:00</time>
      </trkpt>
      <trkpt lat="33.84173163212836" lon="-116.73782335594296">
        <time>2005-05-11T06:06:33-07:00</time>
      </trkpt>
      <trkpt lat="33.84175074286759" lon="-116.73780307173729">
        <time>2005-05-11T06:06:36-07:00</time>
      </trkpt>
      <trkpt lat="33.841791478917" lon="-116.73778136260808">
        <time>2005-05-11T06:06:39-07:00</time>
      </trkpt>
      <trkpt lat="33.841800866648555" lon="-116.73776920884848">
        <time>2005-05-11T06:06:42-07:00</time>
      </trkpt>
      <trkpt lat="33.84184462018311" lon="-116.73773291520774">
        <time>2005-05-11T06:06:44-07:00</time>
      </trkpt>
      <trkpt lat="33.84189633652568" lon="-116.7377074342221">
        <time>2005-05-11T06:06:48-07:00</time>
      </trkpt>
      <trkpt lat="33.84191888384521" lon="-116.73769569955766">
        <time>2005-05-11T06:06:49-07:00</time>
      </trkpt>
      <trkpt lat="33.84196582250297" lon="-116.73768731765449">
        <time>2005-05-11T06:06:53-07:00</time>
      </trkpt>
      <trkpt lat="33.84197596460581" lon="-116.73769469372928">
        <time>2005-05-11T06:06:57-07:00</time>
      </trkpt>
      <trkpt lat="33.84200152941048" lon="-116.73771673813462">
        <time>2005-05-11T06:06:59-07:00</time>
      </trkpt>
      <trkpt lat="33.84200982749462" lon="-116.73771740868688">
        <time>2005-05-11T06:07:03-07:00</time>
      </trkpt>
      <trkpt lat="33.8420919701457" lon="-116.73771531321108">
        <time>2005-05-11T06:07:04-07:00</time>
      </trkpt>
      <trkpt lat="33.84214938618243" lon="-116.73770072869956">
        <time>2005-05-11T06:07:07-07:00</time>
      </trkpt>
      <trkpt lat="33.8421646412462" lon="-116.73769637010992">
        <time>2005-05-11T06:07:08-07:00</time>
      </trkpt>
      <trkpt lat="33.84225315414369" lon="-116.73770760186017">
        <time>2005-05-11T06:07:14-07:00</time>
      </trkpt>
      <trkpt lat="33.84226522408426" lon="-116.73772872425616">
        <time>2005-05-11T06:07:18-07:00</time>
      </trkpt>
      <trkpt lat="33.84228735230863" lon="-116.73777071759105">
        <time>2005-05-11T06:07:19-07:00</time>
      </trkpt>
      <trkpt lat="33.842307049781084" lon="-116.73779435455799">
        <time>2005-05-11T06:07:26-07:00</time>
      </trkpt>
      <trkpt lat="33.842349126935005" lon="-116.73780902288854">
        <time>2005-05-11T06:07:28-07:00</time>
      </trkpt>
      <trkpt lat="33.84236413054168" lon="-116.73780550248921">
        <time>2005-05-11T06:07:31-07:00</time>
      </trkpt>
      <trkpt lat="33.84238005615771" lon="-116.73779812641442">
        <time>2005-05-11T06:07:33-07:00</time>
      </trkpt>
      <trkpt lat="33.84243671782315" lon="-116.73780751414597">
        <time>2005-05-11T06:07:37-07:00</time>
      </trkpt>
      <trkpt lat="33.84249019436538" lon="-116.73785193823278">
        <time>2005-05-11T06:07:38-07:00</time>
      </trkpt>
      <trkpt lat="33.84255347773433" lon="-116.73788563348353">
        <time>2005-05-11T06:07:39-07:00</time>
      </trkpt>
      <trkpt lat="33.842606116086245" lon="-116.73791446723044">
        <time>2005-05-11T06:07:43-07:00</time>
      </trkpt>
      <trkpt lat="33.8426118157804" lon="-116.73789887689054">
        <time>2005-05-11T06:07:49-07:00</time>
      </trkpt>
      <trkpt lat="33.84263562038541" lon="-116.73788588494062">
        <time>2005-05-11T06:07:54-07:00</time>
      </trkpt>
      <trkpt lat="33.84266939945519" lon="-116.73789661377668">
        <time>2005-05-11T06:07:58-07:00</time>
      </trkpt>
      <trkpt lat="33.842694628983736" lon="-116.73790474422276">
        <time>2005-05-11T06:07:59-07:00</time>
      </trkpt>
      <trkpt lat="33.842737544327974" lon="-116.73792276531458">
        <time>2005-05-11T06:08:01-07:00</time>
      </trkpt>
      <trkpt lat="33.84274751879275" lon="-116.73792620189488">
        <time>2005-05-11T06:08:04-07:00</time>
      </trkpt>
      <trkpt lat="33.84281306527555" lon="-116.73793416470289">
        <time>2005-05-11T06:08:06-07:00</time>
      </trkpt>
      <trkpt lat="33.84291037917137" lon="-116.73794321715832">
        <time>2005-05-11T06:08:10-07:00</time>
      </trkpt>
      <trkpt lat="33.842994114384055" lon="-116.73794732429087">
        <time>2005-05-11T06:08:11-07:00</time>
      </trkpt>
      <trkpt lat="33.843001490458846" lon="-116.73793986439705">
        <time>2005-05-11T06:08:16-07:00</time>
      </trkpt>
      <trkpt lat="33.84304038248956" lon="-116.73792259767652">
        <time>2005-05-11T06:08:23-07:00</time>
      </trkpt>
      <trkpt lat="33.84308706969023" lon="-116.73789544031024">
        <time>2005-05-11T06:08:29-07:00</time>
      </trkpt>
      <trkpt lat="33.84314079768956" lon="-116.73784129321575">
        <time>2005-05-11T06:08:30-07:00</time>
      </trkpt>
      <trkpt lat="33.843216989189386" lon="-116.7378284689039">
        <time>2005-05-11T06:08:33-07:00</time>
      </trkpt>
      <trkpt lat="33.843276500701904" lon="-116.73789787106216">
        <time>2005-05-11T06:08:37-07:00</time>
      </trkpt>
      <trkpt lat="33.843341460451484" lon="-116.73790189437568">
        <time>2005-05-11T06:08:43-07:00</time>
      </trkpt>
      <trkpt lat="33.84335705079138" lon="-116.7379011400044">
        <time>2005-05-11T06:08:50-07:00</time>
      </trkpt>
      <trkpt lat="33.843415807932615" lon="-116.7378871422261">
        <time>2005-05-11T06:08:56-07:00</time>
      </trkpt>
      <trkpt lat="33.84343357756734" lon="-116.7378956079483">
        <time>2005-05-11T06:09:00-07:00</time>
      </trkpt>
      <trkpt lat="33.84347582235932" lon="-116.73792720772326">
        <time>2005-05-11T06:09:01-07:00</time>
      </trkpt>
      <trkpt lat="33.843487137928605" lon="-116.73793433234096">
        <time>2005-05-11T06:09:06-07:00</time>
      </trkpt>
      <trkpt lat="33.84352150373161" lon="-116.7379682790488">
        <time>2005-05-11T06:09:08-07:00</time>
      </trkpt>
      <trkpt lat="33.84353910572827" lon="-116.73800457268953">
        <time>2005-05-11T06:09:12-07:00</time>
      </trkpt>
      <trkpt lat="33.84357045404613" lon="-116.73806106671691">
        <time>2005-05-11T06:09:13-07:00</time>
      </trkpt>
      <trkpt lat="33.843629881739616" lon="-116.73810356296599">
        <time>2005-05-11T06:09:16-07:00</time>
      </trkpt>
      <trkpt lat="33.843696266412735" lon="-116.73812032677233">
        <time>2005-05-11T06:09:18-07:00</time>
      </trkpt>
      <trkpt lat="33.843710180372" lon="-116.73812124878168">
        <time>2005-05-11T06:09:22-07:00</time>
      </trkpt>
      <trkpt lat="33.84378595277667" lon="-116.73810934647918">
        <time>2005-05-11T06:09:28-07:00</time>
      </trkpt>
      <trkpt lat="33.84381394833326" lon="-116.7381064966321">
        <time>2005-05-11T06:09:33-07:00</time>
      </trkpt>
      <trkpt lat="33.84386943653226" lon="-116.73812007531524">
        <time>2005-05-11T06:09:34-07:00</time>
      </trkpt>
      <trkpt lat="33.84391972795129" lon="-116.73811286687851">
        <time>2005-05-11T06:09:39-07:00</time>
      </trkpt>
      <trkpt lat="33.84395141154528" lon="-116.7381199914962">
        <time>2005-05-11T06:09:41-07:00</time>
      </trkpt>
      <trkpt lat="33.84398041293025" lon="-116.73812133260071">
        <time>2005-05-11T06:09:45-07:00</time>
      </trkpt>
      <trkpt lat="33.844062304124236" lon="-116.73812275752425">
        <time>2005-05-11T06:09:49-07:00</time>
      </trkpt>
      <trkpt lat="33.84414117783308" lon="-116.73813801258802">
        <time>2005-05-11T06:09:51-07:00</time>
      </trkpt>
      <trkpt lat="33.84420404210687" lon="-116.73817682079971">
        <time>2005-05-11T06:09:53-07:00</time>
      </trkpt>
      <trkpt lat="33.8442094065249" lon="-116.73818662762642">
        <time>2005-05-11T06:09:59-07:00</time>
      </trkpt>
      <trkpt lat="33.84424611926079" lon="-116.73823155462742">
        <time>2005-05-11T06:10:07-07:00</time>
      </trkpt>
      <trkpt lat="33.84426053613424" lon="-116.73825460486114">
        <time>2005-05-11T06:10:15-07:00</time>
      </trkpt>
      <trkpt lat="33.84432197548449" lon="-116.73829592764378">
        <time>2005-05-11T06:10:16-07:00</time>
      </trkpt>
      <trkpt lat="33.84435323998332" lon="-116.73829860985279">
        <time>2005-05-11T06:10:20-07:00</time>
      </trkpt>
      <trkpt lat="33.844426246359944" lon="-116.73826256766915">
        <time>2005-05-11T06:10:22-07:00</time>
      </trkpt>
      <trkpt lat="33.844480561092496" lon="-116.7382204066962">
        <time>2005-05-11T06:10:27-07:00</time>
      </trkpt>
      <trkpt lat="33.84456396102905" lon="-116.73817665316164">
        <time>2005-05-11T06:10:29-07:00</time>
      </trkpt>
      <trkpt lat="33.84464886970818" lon="-116.73818587325513">
        <time>2005-05-11T06:10:35-07:00</time>
      </trkpt>
      <trkpt lat="33.84466454386711" lon="-116.73820615746081">
        <time>2005-05-11T06:10:40-07:00</time>
      </trkpt>
      <trkpt lat="33.8446909468621" lon="-116.73823524266481">
        <time>2005-05-11T06:10:46-07:00</time>
      </trkpt>
      <trkpt lat="33.84470645338297" lon="-116.73827824182808">
        <time>2005-05-11T06:10:52-07:00</time>
      </trkpt>
      <trkpt lat="33.844707291573286" lon="-116.73832878470421">
        <time>2005-05-11T06:10:54-07:00</time>
      </trkpt>
      <trkpt lat="33.84469228796661" lon="-116.73846272751689">
        <time>2005-05-11T06:10:57-07:00</time>
      </trkpt>
      <trkpt lat="33.844679379835725" lon="-116.73854562453926">
        <time>2005-05-11T06:11:00-07:00</time>
      </trkpt>
      <trkpt lat="33.84467267431319" lon="-116.73859876580536">
        <time>2005-05-11T06:11:03-07:00</time>
      </trkpt>
      <trkpt lat="33.84465121664107" lon="-116.73871510662138">
        <time>2005-05-11T06:11:11-07:00</time>
      </trkpt>
      <trkpt lat="33.84465222246945" lon="-116.73873228952289">
        <time>2005-05-11T06:11:16-07:00</time>
      </trkpt>
      <trkpt lat="33.84463772177696" lon="-116.73880018293858">
        <time>2005-05-11T06:11:19-07:00</time>
      </trkpt>
      <trkpt lat="33.84462489746511" lon="-116.73883069306612">
        <time>2005-05-11T06:11:26-07:00</time>
      </trkpt>
      <trkpt lat="33.84460235014558" lon="-116.73888727091253">
        <time>2005-05-11T06:11:27-07:00</time>
      </trkpt>
      <trkpt lat="33.84457980282605" lon="-116.7389596067369">
        <time>2005-05-11T06:11:31-07:00</time>
      </trkpt>
      <trkpt lat="33.844576785340905" lon="-116.73897544853389">
        <time>2005-05-11T06:11:33-07:00</time>
      </trkpt>
      <trkpt lat="33.8445492926985" lon="-116.73907368443906">
        <time>2005-05-11T06:11:37-07:00</time>
      </trkpt>
      <trkpt lat="33.84454619139433" lon="-116.73919790424407">
        <time>2005-05-11T06:11:42-07:00</time>
      </trkpt>
      <trkpt lat="33.84454962797463" lon="-116.73921634443104">
        <time>2005-05-11T06:11:43-07:00</time>
      </trkpt>
      <trkpt lat="33.84454493410885" lon="-116.73927769996226">
        <time>2005-05-11T06:11:48-07:00</time>
      </trkpt>
      <trkpt lat="33.844546526670456" lon="-116.7393118981272">
        <time>2005-05-11T06:11:56-07:00</time>
      </trkpt>
      <trkpt lat="33.844540072605014" lon="-116.73937576822937">
        <time>2005-05-11T06:11:57-07:00</time>
      </trkpt>
      <trkpt lat="33.84453361853957" lon="-116.7394086252898">
        <time>2005-05-11T06:12:01-07:00</time>
      </trkpt>
      <trkpt lat="33.84451895020902" lon="-116.73946872353554">
        <time>2005-05-11T06:12:03-07:00</time>
      </trkpt>
      <trkpt lat="33.844501096755266" lon="-116.7395722400397">
        <time>2005-05-11T06:12:07-07:00</time>
      </trkpt>
      <trkpt lat="33.84446706622839" lon="-116.73963929526508">
        <time>2005-05-11T06:12:09-07:00</time>
      </trkpt>
      <trkpt lat="33.844411158934236" lon="-116.73968916758895">
        <time>2005-05-11T06:12:13-07:00</time>
      </trkpt>
      <trkpt lat="33.84439003653824" lon="-116.73971171490848">
        <time>2005-05-11T06:12:20-07:00</time>
      </trkpt>
      <trkpt lat="33.844328094273806" lon="-116.73976125195622">
        <time>2005-05-11T06:12:25-07:00</time>
      </trkpt>
      <trkpt lat="33.84431594051421" lon="-116.73977080732584">
        <time>2005-05-11T06:12:30-07:00</time>
      </trkpt>
      <trkpt lat="33.84425148367882" lon="-116.73981875181198">
        <time>2005-05-11T06:12:32-07:00</time>
      </trkpt>
      <trkpt lat="33.84418233297765" lon="-116.73986300826073">
        <time>2005-05-11T06:12:37-07:00</time>
      </trkpt>
      <trkpt lat="33.84412692859769" lon="-116.73992050811648">
        <time>2005-05-11T06:12:39-07:00</time>
      </trkpt>
      <trkpt lat="33.8441142719239" lon="-116.73993123695254">
        <time>2005-05-11T06:12:45-07:00</time>
      </trkpt>
      <trkpt lat="33.84407998993993" lon="-116.73997599631548">
        <time>2005-05-11T06:12:50-07:00</time>
      </trkpt>
      <trkpt lat="33.844076972454786" lon="-116.73998982645571">
        <time>2005-05-11T06:12:55-07:00</time>
      </trkpt>
      <trkpt lat="33.844068590551615" lon="-116.74007775261998">
        <time>2005-05-11T06:12:56-07:00</time>
      </trkpt>
      <trkpt lat="33.84407957084477" lon="-116.74008135683835">
        <time>2005-05-11T06:13:00-07:00</time>
      </trkpt>
      <trkpt lat="33.84408853948116" lon="-116.74007892608643">
        <time>2005-05-11T06:13:01-07:00</time>
      </trkpt>
      <trkpt lat="33.84412072598934" lon="-116.74006157554686">
        <time>2005-05-11T06:13:07-07:00</time>
      </trkpt>
      <trkpt lat="33.844153163954616" lon="-116.74003760330379">
        <time>2005-05-11T06:13:08-07:00</time>
      </trkpt>
      <trkpt lat="33.84418275207281" lon="-116.74002402462065">
        <time>2005-05-11T06:13:09-07:00</time>
      </trkpt>
      <trkpt lat="33.8442506454885" lon="-116.73999711871147">
        <time>2005-05-11T06:13:12-07:00</time>
      </trkpt>
      <trkpt lat="33.84427000768483" lon="-116.73997800797224">
        <time>2005-05-11T06:13:15-07:00</time>
      </trkpt>
      <trkpt lat="33.8443058822304" lon="-116.73994431272149">
        <time>2005-05-11T06:13:17-07:00</time>
      </trkpt>
      <trkpt lat="33.84436581283808" lon="-116.73989192582667">
        <time>2005-05-11T06:13:23-07:00</time>
      </trkpt>
      <trkpt lat="33.84444544091821" lon="-116.73985253088176">
        <time>2005-05-11T06:13:25-07:00</time>
      </trkpt>
      <trkpt lat="33.84453403763473" lon="-116.73980953171849">
        <time>2005-05-11T06:13:28-07:00</time>
      </trkpt>
      <trkpt lat="33.844578713178635" lon="-116.73977935686707">
        <time>2005-05-11T06:13:33-07:00</time>
      </trkpt>
      <trkpt lat="33.844642248004675" lon="-116.73973057419062">
        <time>2005-05-11T06:13:40-07:00</time>
      </trkpt>
      <trkpt lat="33.84470754303038" lon="-116.73966980539262">
        <time>2005-05-11T06:13:46-07:00</time>
      </trkpt>
      <trkpt lat="33.84471131488681" lon="-116.73966108821332">
        <time>2005-05-11T06:13:51-07:00</time>
      </trkpt>
      <trkpt lat="33.84476998820901" lon="-116.73959663137794">
        <time>2005-05-11T06:13:57-07:00</time>
      </trkpt>
      <trkpt lat="33.844790356233716" lon="-116.73955648206174">
        <time>2005-05-11T06:14:03-07:00</time>
      </trkpt>
      <trkpt lat="33.84481349028647" lon="-116.73951490782201">
        <time>2005-05-11T06:14:04-07:00</time>
      </trkpt>
      <trkpt lat="33.844830421730876" lon="-116.73949236050248">
        <time>2005-05-11T06:14:10-07:00</time>
      </trkpt>
      <trkpt lat="33.844856740906835" lon="-116.73945045098662">
        <time>2005-05-11T06:14:12-07:00</time>
      </trkpt>
      <trkpt lat="33.84488146752119" lon="-116.73939689062536">
        <time>2005-05-11T06:14:15-07:00</time>
      </trkpt>
      <trkpt lat="33.844884652644396" lon="-116.73938423395157">
        <time>2005-05-11T06:14:17-07:00</time>
      </trkpt>
      <trkpt lat="33.84490719996393" lon="-116.7392976488918">
        <time>2005-05-11T06:14:20-07:00</time>
      </trkpt>
      <trkpt lat="33.844914408400655" lon="-116.73925154842436">
        <time>2005-05-11T06:14:24-07:00</time>
      </trkpt>
      <trkpt lat="33.84493452496827" lon="-116.73921165056527">
        <time>2005-05-11T06:14:25-07:00</time>
      </trkpt>
      <trkpt lat="33.84498163126409" lon="-116.7391562461853">
        <time>2005-05-11T06:14:31-07:00</time>
      </trkpt>
      <trkpt lat="33.84500753134489" lon="-116.73910251818597">
        <time>2005-05-11T06:14:34-07:00</time>
      </trkpt>
      <trkpt lat="33.84504566900432" lon="-116.73902741633356">
        <time>2005-05-11T06:14:37-07:00</time>
      </trkpt>
      <trkpt lat="33.84508715942502" lon="-116.73896388150752">
        <time>2005-05-11T06:14:42-07:00</time>
      </trkpt>
      <trkpt lat="33.84509948082268" lon="-116.73892809078097">
        <time>2005-05-11T06:14:45-07:00</time>
      </trkpt>
      <trkpt lat="33.845117669552565" lon="-116.73888995312154">
        <time>2005-05-11T06:14:50-07:00</time>
      </trkpt>
      <trkpt lat="33.84518749080598" lon="-116.7388441041112">
        <time>2005-05-11T06:14:55-07:00</time>
      </trkpt>
      <trkpt lat="33.84526728652418" lon="-116.73886019736528">
        <time>2005-05-11T06:14:58-07:00</time>
      </trkpt>
      <trkpt lat="33.845274997875094" lon="-116.73886782489717">
        <time>2005-05-11T06:15:01-07:00</time>
      </trkpt>
      <trkpt lat="33.84531430900097" lon="-116.73890696838498">
        <time>2005-05-11T06:15:07-07:00</time>
      </trkpt>
      <trkpt lat="33.84535144083202" lon="-116.73892918042839">
        <time>2005-05-11T06:15:13-07:00</time>
      </trkpt>
      <trkpt lat="33.84540533646941" lon="-116.73894284293056">
        <time>2005-05-11T06:15:14-07:00</time>
      </trkpt>
      <trkpt lat="33.845468536019325" lon="-116.73894787207246">
        <time>2005-05-11T06:15:18-07:00</time>
      </trkpt>
      <trkpt lat="33.845495441928506" lon="-116.73893596976995">
        <time>2005-05-11T06:15:21-07:00</time>
      </trkpt>
      <trkpt lat="33.845506170764565" lon="-116.73892918042839">
        <time>2005-05-11T06:15:25-07:00</time>
      </trkpt>
      <trkpt lat="33.8455353397876" lon="-116.73887092620134">
        <time>2005-05-11T06:15:29-07:00</time>
      </trkpt>
      <trkpt lat="33.84555411525071" lon="-116.73881074413657">
        <time>2005-05-11T06:15:31-07:00</time>
      </trkpt>
      <trkpt lat="33.845554534345865" lon="-116.73879465088248">
        <time>2005-05-11T06:15:32-07:00</time>
      </trkpt>
      <trkpt lat="33.84557121433318" lon="-116.7386969178915">
        <time>2005-05-11T06:15:36-07:00</time>
      </trkpt>
      <trkpt lat="33.84558169171214" lon="-116.73862877301872">
        <time>2005-05-11T06:15:40-07:00</time>
      </trkpt>
      <trkpt lat="33.845580350607634" lon="-116.73860882408917">
        <time>2005-05-11T06:15:41-07:00</time>
      </trkpt>
      <trkpt lat="33.84557188488543" lon="-116.73853749409318">
        <time>2005-05-11T06:15:47-07:00</time>
      </trkpt>
      <trkpt lat="33.84556828066707" lon="-116.73852165229619">
        <time>2005-05-11T06:15:52-07:00</time>
      </trkpt>
      <trkpt lat="33.845558473840356" lon="-116.73845551908016">
        <time>2005-05-11T06:15:53-07:00</time>
      </trkpt>
      <trkpt lat="33.84556509554386" lon="-116.73842819407582">
        <time>2005-05-11T06:15:57-07:00</time>
      </trkpt>
      <trkpt lat="33.84560407139361" lon="-116.73833289183676">
        <time>2005-05-11T06:15:58-07:00</time>
      </trkpt>
      <trkpt lat="33.84565654210746" lon="-116.73827555961907">
        <time>2005-05-11T06:16:02-07:00</time>
      </trkpt>
      <trkpt lat="33.845709431916475" lon="-116.73823658376932">
        <time>2005-05-11T06:16:04-07:00</time>
      </trkpt>
      <trkpt lat="33.84571932256222" lon="-116.7382259387523">
        <time>2005-05-11T06:16:10-07:00</time>
      </trkpt>
      <trkpt lat="33.84576944634318" lon="-116.73817397095263">
        <time>2005-05-11T06:16:15-07:00</time>
      </trkpt>
      <trkpt lat="33.84582292288542" lon="-116.7381152138114">
        <time>2005-05-11T06:16:20-07:00</time>
      </trkpt>
      <trkpt lat="33.84583868086338" lon="-116.73808143474162">
        <time>2005-05-11T06:16:21-07:00</time>
      </trkpt>
      <trkpt lat="33.84586265310645" lon="-116.73804036341608">
        <time>2005-05-11T06:16:26-07:00</time>
      </trkpt>
      <trkpt lat="33.84589727036655" lon="-116.73798169009387">
        <time>2005-05-11T06:16:31-07:00</time>
      </trkpt>
      <trkpt lat="33.84590959176421" lon="-116.73795193433762">
        <time>2005-05-11T06:16:33-07:00</time>
      </trkpt>
      <trkpt lat="33.84593800641596" lon="-116.73788362182677">
        <time>2005-05-11T06:16:36-07:00</time>
      </trkpt>
      <trkpt lat="33.84597924537957" lon="-116.73779427073896">
        <time>2005-05-11T06:16:40-07:00</time>
      </trkpt>
      <trkpt lat="33.846011348068714" lon="-116.7377682030201">
        <time>2005-05-11T06:16:42-07:00</time>
      </trkpt>
      <trkpt lat="33.846036242321134" lon="-116.73775412142277">
        <time>2005-05-11T06:16:47-07:00</time>
      </trkpt>
      <trkpt lat="33.84611997753382" lon="-116.73771020025015">
        <time>2005-05-11T06:16:53-07:00</time>
      </trkpt>
      <trkpt lat="33.84617286734283" lon="-116.73772629350424">
        <time>2005-05-11T06:16:56-07:00</time>
      </trkpt>
      <trkpt lat="33.846183344721794" lon="-116.73773786053061">
        <time>2005-05-11T06:16:58-07:00</time>
      </trkpt>
      <trkpt lat="33.84620706550777" lon="-116.73778764903545">
        <time>2005-05-11T06:17:05-07:00</time>
      </trkpt>
      <trkpt lat="33.84621377103031" lon="-116.73780483193696">
        <time>2005-05-11T06:17:10-07:00</time>
      </trkpt>
      <trkpt lat="33.846281580626965" lon="-116.73786903731525">
        <time>2005-05-11T06:17:11-07:00</time>
      </trkpt>
      <trkpt lat="33.84630002081394" lon="-116.7378942668438">
        <time>2005-05-11T06:17:15-07:00</time>
      </trkpt>
      <trkpt lat="33.84634050540626" lon="-116.73793852329254">
        <time>2005-05-11T06:17:16-07:00</time>
      </trkpt>
      <trkpt lat="33.84637604467571" lon="-116.73797230236232">
        <time>2005-05-11T06:17:22-07:00</time>
      </trkpt>
      <trkpt lat="33.846389120444655" lon="-116.7379754036665">
        <time>2005-05-11T06:17:24-07:00</time>
      </trkpt>
      <trkpt lat="33.84641719982028" lon="-116.73797255381942">
        <time>2005-05-11T06:17:28-07:00</time>
      </trkpt>
      <trkpt lat="33.84646749123931" lon="-116.7379754036665">
        <time>2005-05-11T06:17:31-07:00</time>
      </trkpt>
      <trkpt lat="33.8464783038944" lon="-116.73796886578202">
        <time>2005-05-11T06:17:32-07:00</time>
      </trkpt>
      <trkpt lat="33.84654896333814" lon="-116.73797121271491">
        <time>2005-05-11T06:17:34-07:00</time>
      </trkpt>
      <trkpt lat="33.846558099612594" lon="-116.73797423020005">
        <time>2005-05-11T06:17:38-07:00</time>
      </trkpt>
      <trkpt lat="33.846612833440304" lon="-116.73797741532326">
        <time>2005-05-11T06:17:39-07:00</time>
      </trkpt>
      <trkpt lat="33.846647618338466" lon="-116.73796492628753">
        <time>2005-05-11T06:17:44-07:00</time>
      </trkpt>
      <trkpt lat="33.84666429832578" lon="-116.73796073533595">
        <time>2005-05-11T06:17:45-07:00</time>
      </trkpt>
      <trkpt lat="33.846677457913756" lon="-116.73795830458403">
        <time>2005-05-11T06:17:49-07:00</time>
      </trkpt>
      <trkpt lat="33.84674660861492" lon="-116.73794724047184">
        <time>2005-05-11T06:17:52-07:00</time>
      </trkpt>
      <trkpt lat="33.84677845984697" lon="-116.73793760128319">
        <time>2005-05-11T06:17:53-07:00</time>
      </trkpt>
      <trkpt lat="33.84680184535682" lon="-116.73792955465615">
        <time>2005-05-11T06:17:54-07:00</time>
      </trkpt>
      <trkpt lat="33.84686269797385" lon="-116.73790759406984">
        <time>2005-05-11T06:18:00-07:00</time>
      </trkpt>
      <trkpt lat="33.846933860331774" lon="-116.73787876032293">
        <time>2005-05-11T06:18:03-07:00</time>
      </trkpt>
      <trkpt lat="33.846947103738785" lon="-116.7378733959049">
        <time>2005-05-11T06:18:05-07:00</time>
      </trkpt>
      <trkpt lat="33.84699437767267" lon="-116.73783316276968">
        <time>2005-05-11T06:18:11-07:00</time>
      </trkpt>
      <trkpt lat="33.847050201147795" lon="-116.7378110345453">
        <time>2005-05-11T06:18:17-07:00</time>
      </trkpt>
      <trkpt lat="33.84712555445731" lon="-116.73779259435833">
        <time>2005-05-11T06:18:18-07:00</time>
      </trkpt>
      <trkpt lat="33.84714961051941" lon="-116.73778077587485">
        <time>2005-05-11T06:18:23-07:00</time>
      </trkpt>
      <trkpt lat="33.8471966329962" lon="-116.73776585608721">
        <time>2005-05-11T06:18:28-07:00</time>
      </trkpt>
      <trkpt lat="33.84722772985697" lon="-116.73774984665215">
        <time>2005-05-11T06:18:34-07:00</time>
      </trkpt>
      <trkpt lat="33.84725044481456" lon="-116.73774481751025">
        <time>2005-05-11T06:18:36-07:00</time>
      </trkpt>
      <trkpt lat="33.847327809780836" lon="-116.73771724104881">
        <time>2005-05-11T06:18:40-07:00</time>
      </trkpt>
      <trkpt lat="33.847337532788515" lon="-116.73771288245916">
        <time>2005-05-11T06:18:43-07:00</time>
      </trkpt>
      <trkpt lat="33.84736401960254" lon="-116.73769947141409">
        <time>2005-05-11T06:18:45-07:00</time>
      </trkpt>
      <trkpt lat="33.84740031324327" lon="-116.73768773674965">
        <time>2005-05-11T06:18:51-07:00</time>
      </trkpt>
      <trkpt lat="33.84742294438183" lon="-116.7376712244004">
        <time>2005-05-11T06:18:52-07:00</time>
      </trkpt>
      <trkpt lat="33.84749569930136" lon="-116.7376212682575">
        <time>2005-05-11T06:18:55-07:00</time>
      </trkpt>
      <trkpt lat="33.847516318783164" lon="-116.73759838566184">
        <time>2005-05-11T06:18:58-07:00</time>
      </trkpt>
      <trkpt lat="33.84755026549101" lon="-116.73757701180875">
        <time>2005-05-11T06:19:00-07:00</time>
      </trkpt>
      <trkpt lat="33.84757733903825" lon="-116.73756117001176">
        <time>2005-05-11T06:19:06-07:00</time>
      </trkpt>
      <trkpt lat="33.847585720941424" lon="-116.73755597323179">
        <time>2005-05-11T06:19:08-07:00</time>
      </trkpt>
      <trkpt lat="33.84759720414877" lon="-116.7375449091196">
        <time>2005-05-11T06:19:11-07:00</time>
      </trkpt>
      <trkpt lat="33.84763936512172" lon="-116.73748933710158">
        <time>2005-05-11T06:19:14-07:00</time>
      </trkpt>
      <trkpt lat="33.84766912087798" lon="-116.73745354637504">
        <time>2005-05-11T06:19:15-07:00</time>
      </trkpt>
      <trkpt lat="33.84768974035978" lon="-116.73742580227554">
        <time>2005-05-11T06:19:16-07:00</time>
      </trkpt>
      <trkpt lat="33.84773877449334" lon="-116.73737224191427">
        <time>2005-05-11T06:19:21-07:00</time>
      </trkpt>
      <trkpt lat="33.84777791798115" lon="-116.73732530325651">
        <time>2005-05-11T06:19:24-07:00</time>
      </trkpt>
      <trkpt lat="33.84783114306629" lon="-116.73726269043982">
        <time>2005-05-11T06:19:26-07:00</time>
      </trkpt>
      <trkpt lat="33.84785955771804" lon="-116.73723385669291">
        <time>2005-05-11T06:19:31-07:00</time>
      </trkpt>
      <trkpt lat="33.84791781194508" lon="-116.73719144426286">
        <time>2005-05-11T06:19:36-07:00</time>
      </trkpt>
      <trkpt lat="33.84795410558581" lon="-116.73716805875301">
        <time>2005-05-11T06:19:42-07:00</time>
      </trkpt>
      <trkpt lat="33.84799056686461" lon="-116.73715095967054">
        <time>2005-05-11T06:19:45-07:00</time>
      </trkpt>
      <trkpt lat="33.848030464723706" lon="-116.73712623305619">
        <time>2005-05-11T06:19:50-07:00</time>
      </trkpt>
      <trkpt lat="33.84804236702621" lon="-116.73711810261011">
        <time>2005-05-11T06:19:53-07:00</time>
      </trkpt>
      <trkpt lat="33.84812844917178" lon="-116.73710376955569">
        <time>2005-05-11T06:19:56-07:00</time>
      </trkpt>
      <trkpt lat="33.848143704235554" lon="-116.73710033297539">
        <time>2005-05-11T06:19:59-07:00</time>
      </trkpt>
      <trkpt lat="33.848216123878956" lon="-116.73709421418607">
        <time>2005-05-11T06:20:00-07:00</time>
      </trkpt>
      <trkpt lat="33.8482450414449" lon="-116.73709404654801">
        <time>2005-05-11T06:20:06-07:00</time>
      </trkpt>
      <trkpt lat="33.84830052964389" lon="-116.73707661218941">
        <time>2005-05-11T06:20:07-07:00</time>
      </trkpt>
      <trkpt lat="33.84837646968663" lon="-116.73704920336604">
        <time>2005-05-11T06:20:13-07:00</time>
      </trkpt>
      <trkpt lat="33.848415864631534" lon="-116.73704199492931">
        <time>2005-05-11T06:20:15-07:00</time>
      </trkpt>
      <trkpt lat="33.84846716187894" lon="-116.73704568296671">
        <time>2005-05-11T06:20:19-07:00</time>
      </trkpt>
      <trkpt lat="33.84849431924522" lon="-116.73705196939409">
        <time>2005-05-11T06:20:24-07:00</time>
      </trkpt>
      <trkpt lat="33.84853480383754" lon="-116.73705574125051">
        <time>2005-05-11T06:20:27-07:00</time>
      </trkpt>
      <trkpt lat="33.84854913689196" lon="-116.73705406486988">
        <time>2005-05-11T06:20:31-07:00</time>
      </trkpt>
      <trkpt lat="33.848603535443544" lon="-116.73703889362514">
        <time>2005-05-11T06:20:33-07:00</time>
      </trkpt>
      <trkpt lat="33.84861510246992" lon="-116.73703277483582">
        <time>2005-05-11T06:20:36-07:00</time>
      </trkpt>
      <trkpt lat="33.848626585677266" lon="-116.73703386448324">
        <time>2005-05-11T06:20:37-07:00</time>
      </trkpt>
      <trkpt lat="33.84866581298411" lon="-116.73702389001846">
        <time>2005-05-11T06:20:41-07:00</time>
      </trkpt>
      <trkpt lat="33.848724737763405" lon="-116.737014753744">
        <time>2005-05-11T06:20:42-07:00</time>
      </trkpt>
      <trkpt lat="33.84874996729195" lon="-116.73700645565987">
        <time>2005-05-11T06:20:43-07:00</time>
      </trkpt>
      <trkpt lat="33.848831271752715" lon="-116.73695054836571">
        <time>2005-05-11T06:20:46-07:00</time>
      </trkpt>
      <trkpt lat="33.84888533502817" lon="-116.7369077168405">
        <time>2005-05-11T06:20:50-07:00</time>
      </trkpt>
      <trkpt lat="33.84889497421682" lon="-116.73690025694668">
        <time>2005-05-11T06:20:52-07:00</time>
      </trkpt>
      <trkpt lat="33.84895917959511" lon="-116.73687209375203">
        <time>2005-05-11T06:20:58-07:00</time>
      </trkpt>
      <trkpt lat="33.84901458397508" lon="-116.73683973960578">
        <time>2005-05-11T06:21:03-07:00</time>
      </trkpt>
      <trkpt lat="33.84904442355037" lon="-116.73682783730328">
        <time>2005-05-11T06:21:04-07:00</time>
      </trkpt>
      <trkpt lat="33.84909672662616" lon="-116.73680026084185">
        <time>2005-05-11T06:21:09-07:00</time>
      </trkpt>
      <trkpt lat="33.8491084612906" lon="-116.7367922142148">
        <time>2005-05-11T06:21:14-07:00</time>
      </trkpt>
      <trkpt lat="33.84915556758642" lon="-116.73675240017474">
        <time>2005-05-11T06:21:16-07:00</time>
      </trkpt>
      <trkpt lat="33.84916721843183" lon="-116.73675022087991">
        <time>2005-05-11T06:21:20-07:00</time>
      </trkpt>
      <trkpt lat="33.8492170907557" lon="-116.73671728000045">
        <time>2005-05-11T06:21:21-07:00</time>
      </trkpt>
      <trkpt lat="33.8492308370769" lon="-116.73670596443117">
        <time>2005-05-11T06:21:25-07:00</time>
      </trkpt>
      <trkpt lat="33.849260257557034" lon="-116.73667863942683">
        <time>2005-05-11T06:21:26-07:00</time>
      </trkpt>
      <trkpt lat="33.84928934276104" lon="-116.73663966357708">
        <time>2005-05-11T06:21:30-07:00</time>
      </trkpt>
      <trkpt lat="33.84930845350027" lon="-116.73659792169929">
        <time>2005-05-11T06:21:31-07:00</time>
      </trkpt>
      <trkpt lat="33.84933083318174" lon="-116.7365524917841">
        <time>2005-05-11T06:21:34-07:00</time>
      </trkpt>
      <trkpt lat="33.84934080764651" lon="-116.73653262667358">
        <time>2005-05-11T06:21:37-07:00</time>
      </trkpt>
      <trkpt lat="33.84939193725586" lon="-116.73646808601916">
        <time>2005-05-11T06:21:40-07:00</time>
      </trkpt>
      <trkpt lat="33.849448347464204" lon="-116.73641812987626">
        <time>2005-05-11T06:21:43-07:00</time>
      </trkpt>
      <trkpt lat="33.84947114624083" lon="-116.73637286759913">
        <time>2005-05-11T06:21:44-07:00</time>
      </trkpt>
      <trkpt lat="33.849479695782065" lon="-116.73637295141816">
        <time>2005-05-11T06:21:49-07:00</time>
      </trkpt>
      <trkpt lat="33.84949117898941" lon="-116.7363587860018">
        <time>2005-05-11T06:21:54-07:00</time>
      </trkpt>
      <trkpt lat="33.84952722117305" lon="-116.73631645739079">
        <time>2005-05-11T06:21:57-07:00</time>
      </trkpt>
      <trkpt lat="33.84953803382814" lon="-116.73630413599312">
        <time>2005-05-11T06:21:58-07:00</time>
      </trkpt>
      <trkpt lat="33.84959134273231" lon="-116.73622484318912">
        <time>2005-05-11T06:21:59-07:00</time>
      </trkpt>
      <trkpt lat="33.84963341988623" lon="-116.73617597669363">
        <time>2005-05-11T06:22:03-07:00</time>
      </trkpt>
      <trkpt lat="33.84968773461878" lon="-116.73614110797644">
        <time>2005-05-11T06:22:04-07:00</time>
      </trkpt>
      <trkpt lat="33.84972511790693" lon="-116.73610791563988">
        <time>2005-05-11T06:22:10-07:00</time>
      </trkpt>
      <trkpt lat="33.84973157197237" lon="-116.73607489094138">
        <time>2005-05-11T06:22:14-07:00</time>
      </trkpt>
      <trkpt lat="33.849770464003086" lon="-116.73601353541017">
        <time>2005-05-11T06:22:19-07:00</time>
      </trkpt>
      <trkpt lat="33.84981664828956" lon="-116.73594379797578">
        <time>2005-05-11T06:22:23-07:00</time>
      </trkpt>
      <trkpt lat="33.84988269768655" lon="-116.73587179742754">
        <time>2005-05-11T06:22:25-07:00</time>
      </trkpt>
      <trkpt lat="33.84989686310291" lon="-116.73585738055408">
        <time>2005-05-11T06:22:30-07:00</time>
      </trkpt>
      <trkpt lat="33.849964924156666" lon="-116.73581932671368">
        <time>2005-05-11T06:22:36-07:00</time>
      </trkpt>
      <trkpt lat="33.849997110664845" lon="-116.73580189235508">
        <time>2005-05-11T06:22:42-07:00</time>
      </trkpt>
      <trkpt lat="33.85002426803112" lon="-116.73578521236777">
        <time>2005-05-11T06:22:43-07:00</time>
      </trkpt>
      <trkpt lat="33.85003105737269" lon="-116.73577004112303">
        <time>2005-05-11T06:22:49-07:00</time>
      </trkpt>
      <trkpt lat="33.85005067102611" lon="-116.73575947992504">
        <time>2005-05-11T06:22:52-07:00</time>
      </trkpt>
      <trkpt lat="33.85007950477302" lon="-116.73575336113572">
        <time>2005-05-11T06:22:54-07:00</time>
      </trkpt>
      <trkpt lat="33.85013549588621" lon="-116.7357403691858">
        <time>2005-05-11T06:22:55-07:00</time>
      </trkpt>
      <trkpt lat="33.85014940984547" lon="-116.73573408275843">
        <time>2005-05-11T06:22:57-07:00</time>
      </trkpt>
      <trkpt lat="33.85018679313362" lon="-116.73568949103355">
        <time>2005-05-11T06:22:59-07:00</time>
      </trkpt>
      <trkpt lat="33.85021101683378" lon="-116.73568052239716">
        <time>2005-05-11T06:23:03-07:00</time>
      </trkpt>
      <trkpt lat="33.850279496982694" lon="-116.7356470786035">
        <time>2005-05-11T06:23:04-07:00</time>
      </trkpt>
      <trkpt lat="33.85029240511358" lon="-116.7356370203197">
        <time>2005-05-11T06:23:08-07:00</time>
      </trkpt>
      <trkpt lat="33.850347474217415" lon="-116.73561397008598">
        <time>2005-05-11T06:23:10-07:00</time>
      </trkpt>
      <trkpt lat="33.85038770735264" lon="-116.73559561371803">
        <time>2005-05-11T06:23:16-07:00</time>
      </trkpt>
      <trkpt lat="33.850431544706225" lon="-116.73557851463556">
        <time>2005-05-11T06:23:17-07:00</time>
      </trkpt>
      <trkpt lat="33.850470101460814" lon="-116.73556166701019">
        <time>2005-05-11T06:23:21-07:00</time>
      </trkpt>
      <trkpt lat="33.85050840675831" lon="-116.73554331064224">
        <time>2005-05-11T06:23:24-07:00</time>
      </trkpt>
      <trkpt lat="33.85055819526315" lon="-116.7355281393975">
        <time>2005-05-11T06:23:28-07:00</time>
      </trkpt>
      <trkpt lat="33.85060328990221" lon="-116.73552478663623">
        <time>2005-05-11T06:23:31-07:00</time>
      </trkpt>
      <trkpt lat="33.85065349750221" lon="-116.7354834638536">
        <time>2005-05-11T06:23:34-07:00</time>
      </trkpt>
      <trkpt lat="33.85071225464344" lon="-116.73545521683991">
        <time>2005-05-11T06:23:39-07:00</time>
      </trkpt>
      <trkpt lat="33.8507211394608" lon="-116.73546376638114">
        <time>2005-05-11T06:23:44-07:00</time>
      </trkpt>
      <trkpt lat="33.850764222443104" lon="-116.73550399951637">
        <time>2005-05-11T06:23:48-07:00</time>
      </trkpt>
      <trkpt lat="33.85078056715429" lon="-116.73551053740084">
        <time>2005-05-11T06:23:53-07:00</time>
      </trkpt>
      <trkpt lat="33.85081292130053" lon="-116.73554037697613">
        <time>2005-05-11T06:23:54-07:00</time>
      </trkpt>
      <trkpt lat="33.850825410336256" lon="-116.73555026762187">
        <time>2005-05-11T06:23:58-07:00</time>
      </trkpt>
      <trkpt lat="33.850836558267474" lon="-116.73555621877313">
        <time>2005-05-11T06:23:59-07:00</time>
      </trkpt>
      <trkpt lat="33.85088668204844" lon="-116.73559611663222">
        <time>2005-05-11T06:24:02-07:00</time>
      </trkpt>
      <trkpt lat="33.85091199539602" lon="-116.73561883158982">
        <time>2005-05-11T06:24:03-07:00</time>
      </trkpt>
      <trkpt lat="33.850939236581326" lon="-116.73567046411335">
        <time>2005-05-11T06:24:04-07:00</time>
      </trkpt>
      <trkpt lat="33.8509769551456" lon="-116.73576065339148">
        <time>2005-05-11T06:24:08-07:00</time>
      </trkpt>
      <trkpt lat="33.85100738145411" lon="-116.73578973859549">
        <time>2005-05-11T06:24:10-07:00</time>
      </trkpt>
      <trkpt lat="33.85103336535394" lon="-116.73578613437712">
        <time>2005-05-11T06:24:14-07:00</time>
      </trkpt>
      <trkpt lat="33.85110603645444" lon="-116.73575663007796">
        <time>2005-05-11T06:24:21-07:00</time>
      </trkpt>
      <trkpt lat="33.85117736645043" lon="-116.73575629480183">
        <time>2005-05-11T06:24:24-07:00</time>
      </trkpt>
      <trkpt lat="33.85124450549483" lon="-116.73574657179415">
        <time>2005-05-11T06:24:26-07:00</time>
      </trkpt>
      <trkpt lat="33.851273003965616" lon="-116.73574212938547">
        <time>2005-05-11T06:24:31-07:00</time>
      </trkpt>
      <trkpt lat="33.8513186853379" lon="-116.73574296757579">
        <time>2005-05-11T06:24:36-07:00</time>
      </trkpt>
      <trkpt lat="33.85138649493456" lon="-116.73574070446193">
        <time>2005-05-11T06:24:41-07:00</time>
      </trkpt>
      <trkpt lat="33.85145095176995" lon="-116.73574229702353">
        <time>2005-05-11T06:24:43-07:00</time>
      </trkpt>
      <trkpt lat="33.851456148549914" lon="-116.73573207110167">
        <time>2005-05-11T06:24:47-07:00</time>
      </trkpt>
      <trkpt lat="33.85146092623472" lon="-116.73571480438113">
        <time>2005-05-11T06:24:52-07:00</time>
      </trkpt>
      <trkpt lat="33.851473750546575" lon="-116.73567314632237">
        <time>2005-05-11T06:24:57-07:00</time>
      </trkpt>
      <trkpt lat="33.851482635363936" lon="-116.73566023819149">
        <time>2005-05-11T06:24:58-07:00</time>
      </trkpt>
      <trkpt lat="33.85150719434023" lon="-116.73559033311903">
        <time>2005-05-11T06:24:59-07:00</time>
      </trkpt>
      <trkpt lat="33.85151172056794" lon="-116.73557382076979">
        <time>2005-05-11T06:25:02-07:00</time>
      </trkpt>
      <trkpt lat="33.85153125040233" lon="-116.73555236309767">
        <time>2005-05-11T06:25:03-07:00</time>
      </trkpt>
      <trkpt lat="33.85154156014323" lon="-116.73554657958448">
        <time>2005-05-11T06:25:07-07:00</time>
      </trkpt>
      <trkpt lat="33.85157844051719" lon="-116.73551389016211">
        <time>2005-05-11T06:25:08-07:00</time>
      </trkpt>
      <trkpt lat="33.851604172959924" lon="-116.73547935672104">
        <time>2005-05-11T06:25:10-07:00</time>
      </trkpt>
      <trkpt lat="33.85162143968046" lon="-116.73544574528933">
        <time>2005-05-11T06:25:11-07:00</time>
      </trkpt>
      <trkpt lat="33.85162755846977" lon="-116.73543593846262">
        <time>2005-05-11T06:25:14-07:00</time>
      </trkpt>
      <trkpt lat="33.85167516767979" lon="-116.73538950271904">
        <time>2005-05-11T06:25:17-07:00</time>
      </trkpt>
      <trkpt lat="33.851722525432706" lon="-116.73534457571805">
        <time>2005-05-11T06:25:20-07:00</time>
      </trkpt>
      <trkpt lat="33.85173602029681" lon="-116.73531842418015">
        <time>2005-05-11T06:25:21-07:00</time>
      </trkpt>
      <trkpt lat="33.85175982490182" lon="-116.7352760117501">
        <time>2005-05-11T06:25:25-07:00</time>
      </trkpt>
      <trkpt lat="33.85178136639297" lon="-116.73524902202189">
        <time>2005-05-11T06:25:29-07:00</time>
      </trkpt>
      <trkpt lat="33.851806595921516" lon="-116.73519026488066">
        <time>2005-05-11T06:25:31-07:00</time>
      </trkpt>
      <trkpt lat="33.85182302445173" lon="-116.73516260460019">
        <time>2005-05-11T06:25:34-07:00</time>
      </trkpt>
      <trkpt lat="33.8518229406327" lon="-116.73513184301555">
        <time>2005-05-11T06:25:36-07:00</time>
      </trkpt>
      <trkpt lat="33.85181749239564" lon="-116.73510611057281">
        <time>2005-05-11T06:25:40-07:00</time>
      </trkpt>
      <trkpt lat="33.851791424676776" lon="-116.73503394238651">
        <time>2005-05-11T06:25:42-07:00</time>
      </trkpt>
      <trkpt lat="33.85178379714489" lon="-116.73502170480788">
        <time>2005-05-11T06:25:44-07:00</time>
      </trkpt>
      <trkpt lat="33.85172612965107" lon="-116.7349932063371">
        <time>2005-05-11T06:25:46-07:00</time>
      </trkpt>
      <trkpt lat="33.851665779948235" lon="-116.73501441255212">
        <time>2005-05-11T06:25:51-07:00</time>
      </trkpt>
      <trkpt lat="33.8515708129853" lon="-116.73501600511372">
        <time>2005-05-11T06:25:52-07:00</time>
      </trkpt>
      <trkpt lat="33.851545080542564" lon="-116.73500720411539">
        <time>2005-05-11T06:25:56-07:00</time>
      </trkpt>
      <trkpt lat="33.8515087030828" lon="-116.73498624935746">
        <time>2005-05-11T06:26:02-07:00</time>
      </trkpt>
      <trkpt lat="33.851482635363936" lon="-116.73497325740755">
        <time>2005-05-11T06:26:10-07:00</time>
      </trkpt>
      <trkpt lat="33.85144852101803" lon="-116.7349670547992">
        <time>2005-05-11T06:26:12-07:00</time>
      </trkpt>
      <trkpt lat="33.851417507976294" lon="-116.73496739007533">
        <time>2005-05-11T06:26:15-07:00</time>
      </trkpt>
      <trkpt lat="33.8513342756778" lon="-116.73496755771339">
        <time>2005-05-11T06:26:17-07:00</time>
      </trkpt>
      <trkpt lat="33.851295383647084" lon="-116.73496319912374">
        <time>2005-05-11T06:26:20-07:00</time>
      </trkpt>
      <trkpt lat="33.851245511323214" lon="-116.73493922688067">
        <time>2005-05-11T06:26:22-07:00</time>
      </trkpt>
      <trkpt lat="33.851230423897505" lon="-116.73492841422558">
        <time>2005-05-11T06:26:28-07:00</time>
      </trkpt>
      <trkpt lat="33.85117351077497" lon="-116.73491994850338">
        <time>2005-05-11T06:26:31-07:00</time>
      </trkpt>
      <trkpt lat="33.851125398650765" lon="-116.73490268178284">
        <time>2005-05-11T06:26:35-07:00</time>
      </trkpt>
      <trkpt lat="33.85110025294125" lon="-116.73488968983293">
        <time>2005-05-11T06:26:36-07:00</time>
      </trkpt>
      <trkpt lat="33.85100738145411" lon="-116.73484375700355">
        <time>2005-05-11T06:26:40-07:00</time>
      </trkpt>
      <trkpt lat="33.85099723935127" lon="-116.73481944948435">
        <time>2005-05-11T06:26:43-07:00</time>
      </trkpt>
      <trkpt lat="33.85097846388817" lon="-116.7347820661962">
        <time>2005-05-11T06:26:45-07:00</time>
      </trkpt>
      <trkpt lat="33.850934291258454" lon="-116.73471794463694">
        <time>2005-05-11T06:26:52-07:00</time>
      </trkpt>
      <trkpt lat="33.850921550765634" lon="-116.73471425659955">
        <time>2005-05-11T06:26:54-07:00</time>
      </trkpt>
      <trkpt lat="33.85085147805512" lon="-116.73469782806933">
        <time>2005-05-11T06:26:57-07:00</time>
      </trkpt>
      <trkpt lat="33.85083890520036" lon="-116.73468651250005">
        <time>2005-05-11T06:27:02-07:00</time>
      </trkpt>
      <trkpt lat="33.85082574561238" lon="-116.73467678949237">
        <time>2005-05-11T06:27:03-07:00</time>
      </trkpt>
      <trkpt lat="33.85080319829285" lon="-116.73466421663761">
        <time>2005-05-11T06:27:08-07:00</time>
      </trkpt>
      <trkpt lat="33.850739412009716" lon="-116.73464552499354">
        <time>2005-05-11T06:27:09-07:00</time>
      </trkpt>
      <trkpt lat="33.85072440840304" lon="-116.73464284278452">
        <time>2005-05-11T06:27:10-07:00</time>
      </trkpt>
      <trkpt lat="33.85071317665279" lon="-116.73463798128068">
        <time>2005-05-11T06:27:12-07:00</time>
      </trkpt>
      <trkpt lat="33.85065148584545" lon="-116.73457930795848">
        <time>2005-05-11T06:27:17-07:00</time>
      </trkpt>
      <trkpt lat="33.85062558576465" lon="-116.7345643043518">
        <time>2005-05-11T06:27:18-07:00</time>
      </trkpt>
      <trkpt lat="33.85060077533126" lon="-116.73454980365932">
        <time>2005-05-11T06:27:19-07:00</time>
      </trkpt>
      <trkpt lat="33.85055978782475" lon="-116.73453647643328">
        <time>2005-05-11T06:27:25-07:00</time>
      </trkpt>
      <trkpt lat="33.850532630458474" lon="-116.73452884890139">
        <time>2005-05-11T06:27:27-07:00</time>
      </trkpt>
      <trkpt lat="33.85046406649053" lon="-116.73453102819622">
        <time>2005-05-11T06:27:29-07:00</time>
      </trkpt>
      <trkpt lat="33.850435400381684" lon="-116.73453882336617">
        <time>2005-05-11T06:27:32-07:00</time>
      </trkpt>
      <trkpt lat="33.85035987943411" lon="-116.73456162214279">
        <time>2005-05-11T06:27:34-07:00</time>
      </trkpt>
      <trkpt lat="33.85028553195298" lon="-116.73453941009939">
        <time>2005-05-11T06:27:39-07:00</time>
      </trkpt>
      <trkpt lat="33.85021537542343" lon="-116.73453899100423">
        <time>2005-05-11T06:27:41-07:00</time>
      </trkpt>
      <trkpt lat="33.85018855333328" lon="-116.73452323302627">
        <time>2005-05-11T06:27:47-07:00</time>
      </trkpt>
      <trkpt lat="33.85010934434831" lon="-116.7344958242029">
        <time>2005-05-11T06:27:54-07:00</time>
      </trkpt>
      <trkpt lat="33.85006198659539" lon="-116.7344866041094">
        <time>2005-05-11T06:27:59-07:00</time>
      </trkpt>
      <trkpt lat="33.85003591887653" lon="-116.73448417335749">
        <time>2005-05-11T06:28:01-07:00</time>
      </trkpt>
      <trkpt lat="33.849954111501575" lon="-116.73447067849338">
        <time>2005-05-11T06:28:07-07:00</time>
      </trkpt>
      <trkpt lat="33.84989527054131" lon="-116.73439524136484">
        <time>2005-05-11T06:28:11-07:00</time>
      </trkpt>
      <trkpt lat="33.849907675758004" lon="-116.73438149504364">
        <time>2005-05-11T06:28:13-07:00</time>
      </trkpt>
      <trkpt lat="33.8499372638762" lon="-116.7343676649034">
        <time>2005-05-11T06:28:18-07:00</time>
      </trkpt>
      <trkpt lat="33.84997439570725" lon="-116.73437202349305">
        <time>2005-05-11T06:28:24-07:00</time>
      </trkpt>
      <trkpt lat="33.849993254989386" lon="-116.73437512479722">
        <time>2005-05-11T06:28:25-07:00</time>
      </trkpt>
      <trkpt lat="33.850106578320265" lon="-116.73437856137753">
        <time>2005-05-11T06:28:27-07:00</time>
      </trkpt>
      <trkpt lat="33.85016709566116" lon="-116.73439406789839">
        <time>2005-05-11T06:28:29-07:00</time>
      </trkpt>
      <trkpt lat="33.850223841145635" lon="-116.73439641483128">
        <time>2005-05-11T06:28:30-07:00</time>
      </trkpt>
      <trkpt lat="33.85025351308286" lon="-116.73439607955515">
        <time>2005-05-11T06:28:37-07:00</time>
      </trkpt>
      <trkpt lat="33.850352335721254" lon="-116.73438778147101">
        <time>2005-05-11T06:28:42-07:00</time>
      </trkpt>
      <trkpt lat="33.85042986832559" lon="-116.73436515033245">
        <time>2005-05-11T06:28:46-07:00</time>
      </trkpt>
      <trkpt lat="33.85050656273961" lon="-116.73434997908771">
        <time>2005-05-11T06:28:48-07:00</time>
      </trkpt>
      <trkpt lat="33.85058065876365" lon="-116.7343380767852">
        <time>2005-05-11T06:28:55-07:00</time>
      </trkpt>
      <trkpt lat="33.85061879642308" lon="-116.7343317065388">
        <time>2005-05-11T06:29:01-07:00</time>
      </trkpt>
      <trkpt lat="33.850630950182676" lon="-116.73432969488204">
        <time>2005-05-11T06:29:07-07:00</time>
      </trkpt>
      <trkpt lat="33.8506711833179" lon="-116.73433128744364">
        <time>2005-05-11T06:29:12-07:00</time>
      </trkpt>
      <trkpt lat="33.85073094628751" lon="-116.7343330476433">
        <time>2005-05-11T06:29:15-07:00</time>
      </trkpt>
      <trkpt lat="33.85076212696731" lon="-116.73433841206133">
        <time>2005-05-11T06:29:16-07:00</time>
      </trkpt>
      <trkpt lat="33.85080520994961" lon="-116.73435132019222">
        <time>2005-05-11T06:29:19-07:00</time>
      </trkpt>
      <trkpt lat="33.850883999839425" lon="-116.73436431214213">
        <time>2005-05-11T06:29:23-07:00</time>
      </trkpt>
      <trkpt lat="33.85091710835695" lon="-116.73436372540891">
        <time>2005-05-11T06:29:25-07:00</time>
      </trkpt>
      <trkpt lat="33.85095935314894" lon="-116.73437126912177">
        <time>2005-05-11T06:29:29-07:00</time>
      </trkpt>
      <trkpt lat="33.85101241059601" lon="-116.73440907150507">
        <time>2005-05-11T06:29:35-07:00</time>
      </trkpt>
      <trkpt lat="33.8510821480304" lon="-116.73444687388837">
        <time>2005-05-11T06:29:37-07:00</time>
      </trkpt>
      <trkpt lat="33.851184491068125" lon="-116.73444578424096">
        <time>2005-05-11T06:29:40-07:00</time>
      </trkpt>
      <trkpt lat="33.85121592320502" lon="-116.73444955609739">
        <time>2005-05-11T06:29:45-07:00</time>
      </trkpt>
      <trkpt lat="33.85127233341336" lon="-116.73443354666233">
        <time>2005-05-11T06:29:51-07:00</time>
      </trkpt>
      <trkpt lat="33.8513168413192" lon="-116.73441887833178">
        <time>2005-05-11T06:29:59-07:00</time>
      </trkpt>
      <trkpt lat="33.85134785436094" lon="-116.73441669903696">
        <time>2005-05-11T06:30:01-07:00</time>
      </trkpt>
      <trkpt lat="33.85143485851586" lon="-116.73440454527736">
        <time>2005-05-11T06:30:05-07:00</time>
      </trkpt>
      <trkpt lat="33.85146771557629" lon="-116.73439532518387">
        <time>2005-05-11T06:30:09-07:00</time>
      </trkpt>
      <trkpt lat="33.85149512439966" lon="-116.73439624719322">
        <time>2005-05-11T06:30:11-07:00</time>
      </trkpt>
      <trkpt lat="33.851550025865436" lon="-116.73438761383295">
        <time>2005-05-11T06:30:17-07:00</time>
      </trkpt>
      <trkpt lat="33.851601239293814" lon="-116.73436339013278">
        <time>2005-05-11T06:30:19-07:00</time>
      </trkpt>
      <trkpt lat="33.851667204871774" lon="-116.734329611063">
        <time>2005-05-11T06:30:21-07:00</time>
      </trkpt>
      <trkpt lat="33.85175010189414" lon="-116.73434989526868">
        <time>2005-05-11T06:30:25-07:00</time>
      </trkpt>
      <trkpt lat="33.85178438387811" lon="-116.73437185585499">
        <time>2005-05-11T06:30:29-07:00</time>
      </trkpt>
      <trkpt lat="33.851826628670096" lon="-116.7343990970403">
        <time>2005-05-11T06:30:34-07:00</time>
      </trkpt>
      <trkpt lat="33.85187809355557" lon="-116.73441703431308">
        <time>2005-05-11T06:30:40-07:00</time>
      </trkpt>
      <trkpt lat="33.85190206579864" lon="-116.73442960716784">
        <time>2005-05-11T06:30:43-07:00</time>
      </trkpt>
      <trkpt lat="33.85197984986007" lon="-116.7344612069428">
        <time>2005-05-11T06:30:46-07:00</time>
      </trkpt>
      <trkpt lat="33.85199284180999" lon="-116.73447067849338">
        <time>2005-05-11T06:30:50-07:00</time>
      </trkpt>
      <trkpt lat="33.85205805301666" lon="-116.73449607565999">
        <time>2005-05-11T06:30:52-07:00</time>
      </trkpt>
      <trkpt lat="33.85213868692517" lon="-116.73453739844263">
        <time>2005-05-11T06:30:58-07:00</time>
      </trkpt>
      <trkpt lat="33.852184703573585" lon="-116.73456313088536">
        <time>2005-05-11T06:30:59-07:00</time>
      </trkpt>
      <trkpt lat="33.85222468525171" lon="-116.73457955941558">
        <time>2005-05-11T06:31:04-07:00</time>
      </trkpt>
      <trkpt lat="33.852310851216316" lon="-116.73459297046065">
        <time>2005-05-11T06:31:10-07:00</time>
      </trkpt>
      <trkpt lat="33.85233725421131" lon="-116.73459146171808">
        <time>2005-05-11T06:31:13-07:00</time>
      </trkpt>
      <trkpt lat="33.85239542461932" lon="-116.73458643257618">
        <time>2005-05-11T06:31:16-07:00</time>
      </trkpt>
      <trkpt lat="33.852458372712135" lon="-116.73458157107234">
        <time>2005-05-11T06:31:22-07:00</time>
      </trkpt>
      <trkpt lat="33.85249952785671" lon="-116.73457385972142">
        <time>2005-05-11T06:31:24-07:00</time>
      </trkpt>
      <trkpt lat="33.85257035493851" lon="-116.73456807620823">
        <time>2005-05-11T06:31:28-07:00</time>
      </trkpt>
      <trkpt lat="33.85261301882565" lon="-116.7345643043518">
        <time>2005-05-11T06:31:32-07:00</time>
      </trkpt>
      <trkpt lat="33.85264076292515" lon="-116.73456740565598">
        <time>2005-05-11T06:31:35-07:00</time>
      </trkpt>
      <trkpt lat="33.85270203463733" lon="-116.73456589691341">
        <time>2005-05-11T06:31:40-07:00</time>
      </trkpt>
      <trkpt lat="33.85277336463332" lon="-116.73457260243595">
        <time>2005-05-11T06:31:43-07:00</time>
      </trkpt>
      <trkpt lat="33.852786775678396" lon="-116.73457394354045">
        <time>2005-05-11T06:31:45-07:00</time>
      </trkpt>
      <trkpt lat="33.8528814073652" lon="-116.73458442091942">
        <time>2005-05-11T06:31:50-07:00</time>
      </trkpt>
      <trkpt lat="33.852937147021294" lon="-116.73463823273778">
        <time>2005-05-11T06:31:55-07:00</time>
      </trkpt>
      <trkpt lat="33.85297545231879" lon="-116.73466371372342">
        <time>2005-05-11T06:31:56-07:00</time>
      </trkpt>
      <trkpt lat="33.852984672412276" lon="-116.73466086387634">
        <time>2005-05-11T06:32:02-07:00</time>
      </trkpt>
      <trkpt lat="33.852993892505765" lon="-116.73466145060956">
        <time>2005-05-11T06:32:08-07:00</time>
      </trkpt>
      <trkpt lat="33.8530180323869" lon="-116.73465767875314">
        <time>2005-05-11T06:32:13-07:00</time>
      </trkpt>
      <trkpt lat="33.85305038653314" lon="-116.73463420942426">
        <time>2005-05-11T06:32:14-07:00</time>
      </trkpt>
      <trkpt lat="33.85306010954082" lon="-116.73462800681591">
        <time>2005-05-11T06:32:15-07:00</time>
      </trkpt>
      <trkpt lat="33.85309740900993" lon="-116.73463605344296">
        <time>2005-05-11T06:32:17-07:00</time>
      </trkpt>
      <trkpt lat="33.85310696437955" lon="-116.73464694991708">
        <time>2005-05-11T06:32:20-07:00</time>
      </trkpt>
      <trkpt lat="33.85312984697521" lon="-116.73466220498085">
        <time>2005-05-11T06:32:21-07:00</time>
      </trkpt>
      <trkpt lat="33.853136636316776" lon="-116.73467167653143">
        <time>2005-05-11T06:32:24-07:00</time>
      </trkpt>
      <trkpt lat="33.85315977036953" lon="-116.73469120636582">
        <time>2005-05-11T06:32:25-07:00</time>
      </trkpt>
      <trkpt lat="33.85317930020392" lon="-116.73471425659955">
        <time>2005-05-11T06:32:27-07:00</time>
      </trkpt>
      <trkpt lat="33.85320578701794" lon="-116.73476044088602">
        <time>2005-05-11T06:32:28-07:00</time>
      </trkpt>
      <trkpt lat="33.85324484668672" lon="-116.73482623882592">
        <time>2005-05-11T06:32:30-07:00</time>
      </trkpt>
      <trkpt lat="33.85325364768505" lon="-116.73484300263226">
        <time>2005-05-11T06:32:32-07:00</time>
      </trkpt>
      <trkpt lat="33.85329228825867" lon="-116.73489488661289">
        <time>2005-05-11T06:32:36-07:00</time>
      </trkpt>
      <trkpt lat="33.85328424163163" lon="-116.73491542227566">
        <time>2005-05-11T06:32:41-07:00</time>
      </trkpt>
      <trkpt lat="33.85328088887036" lon="-116.7349514644593">
        <time>2005-05-11T06:32:42-07:00</time>
      </trkpt>
      <trkpt lat="33.85328692384064" lon="-116.7349673062563">
        <time>2005-05-11T06:32:46-07:00</time>
      </trkpt>
      <trkpt lat="33.853284073993564" lon="-116.73501323908567">
        <time>2005-05-11T06:32:47-07:00</time>
      </trkpt>
      <trkpt lat="33.85326320305467" lon="-116.73505112528801">
        <time>2005-05-11T06:32:49-07:00</time>
      </trkpt>
      <trkpt lat="33.85324442759156" lon="-116.7350740917027">
        <time>2005-05-11T06:32:50-07:00</time>
      </trkpt>
      <trkpt lat="33.85322238318622" lon="-116.73513569869101">
        <time>2005-05-11T06:32:53-07:00</time>
      </trkpt>
      <trkpt lat="33.85321249254048" lon="-116.73514667898417">
        <time>2005-05-11T06:32:56-07:00</time>
      </trkpt>
      <trkpt lat="33.85321064852178" lon="-116.7351605091244">
        <time>2005-05-11T06:32:58-07:00</time>
      </trkpt>
      <trkpt lat="33.85320511646569" lon="-116.73518816940486">
        <time>2005-05-11T06:33:02-07:00</time>
      </trkpt>
      <trkpt lat="33.853170750662684" lon="-116.73522823490202">
        <time>2005-05-11T06:33:03-07:00</time>
      </trkpt>
      <trkpt lat="33.8531456887722" lon="-116.73530065454543">
        <time>2005-05-11T06:33:04-07:00</time>
      </trkpt>
      <trkpt lat="33.853139569982886" lon="-116.7353175021708">
        <time>2005-05-11T06:33:06-07:00</time>
      </trkpt>
      <trkpt lat="33.8531300984323" lon="-116.73537340946496">
        <time>2005-05-11T06:33:10-07:00</time>
      </trkpt>
      <trkpt lat="33.85312716476619" lon="-116.73542671836913">
        <time>2005-05-11T06:33:14-07:00</time>
      </trkpt>
      <trkpt lat="33.85309833101928" lon="-116.73551078885794">
        <time>2005-05-11T06:33:15-07:00</time>
      </trkpt>
      <trkpt lat="33.85306698270142" lon="-116.735571725294">
        <time>2005-05-11T06:33:18-07:00</time>
      </trkpt>
      <trkpt lat="33.85303429327905" lon="-116.73565126955509">
        <time>2005-05-11T06:33:21-07:00</time>
      </trkpt>
      <trkpt lat="33.85301409289241" lon="-116.735701225698">
        <time>2005-05-11T06:33:27-07:00</time>
      </trkpt>
      <trkpt lat="33.853006549179554" lon="-116.73571924678981">
        <time>2005-05-11T06:33:31-07:00</time>
      </trkpt>
      <trkpt lat="33.85295634157956" lon="-116.73580004833639">
        <time>2005-05-11T06:33:36-07:00</time>
      </trkpt>
      <trkpt lat="33.852926418185234" lon="-116.73583776690066">
        <time>2005-05-11T06:33:39-07:00</time>
      </trkpt>
      <trkpt lat="33.85291988030076" lon="-116.73584916628897">
        <time>2005-05-11T06:33:41-07:00</time>
      </trkpt>
      <trkpt lat="33.852882497012615" lon="-116.73588864505291">
        <time>2005-05-11T06:33:47-07:00</time>
      </trkpt>
      <trkpt lat="33.85286799632013" lon="-116.7359478212893">
        <time>2005-05-11T06:33:50-07:00</time>
      </trkpt>
      <trkpt lat="33.85287067852914" lon="-116.73596332781017">
        <time>2005-05-11T06:33:51-07:00</time>
      </trkpt>
      <trkpt lat="33.85287947952747" lon="-116.7359758168459">
        <time>2005-05-11T06:33:55-07:00</time>
      </trkpt>
      <trkpt lat="33.85289020836353" lon="-116.73597916960716">
        <time>2005-05-11T06:33:59-07:00</time>
      </trkpt>
      <trkpt lat="33.85290722362697" lon="-116.73596072942019">
        <time>2005-05-11T06:34:00-07:00</time>
      </trkpt>
      <trkpt lat="33.85291828773916" lon="-116.73595896922052">
        <time>2005-05-11T06:34:01-07:00</time>
      </trkpt>
      <trkpt lat="33.85295785032213" lon="-116.73594396561384">
        <time>2005-05-11T06:34:02-07:00</time>
      </trkpt>
      <trkpt lat="33.85297176428139" lon="-116.7359409481287">
        <time>2005-05-11T06:34:04-07:00</time>
      </trkpt>
      <trkpt lat="33.85300797410309" lon="-116.73593005165458">
        <time>2005-05-11T06:34:05-07:00</time>
      </trkpt>
      <trkpt lat="33.85304410010576" lon="-116.73591538332403">
        <time>2005-05-11T06:34:09-07:00</time>
      </trkpt>
      <trkpt lat="33.85307268239558" lon="-116.73591328784823">
        <time>2005-05-11T06:34:10-07:00</time>
      </trkpt>
      <trkpt lat="33.85310637764633" lon="-116.73589954152703">
        <time>2005-05-11T06:34:13-07:00</time>
      </trkpt>
      <trkpt lat="33.853120459243655" lon="-116.73589744605124">
        <time>2005-05-11T06:34:16-07:00</time>
      </trkpt>
      <trkpt lat="33.85315767489374" lon="-116.73587447963655">
        <time>2005-05-11T06:34:18-07:00</time>
      </trkpt>
      <trkpt lat="33.85316664353013" lon="-116.7358682770282">
        <time>2005-05-11T06:34:21-07:00</time>
      </trkpt>
      <trkpt lat="33.85317552834749" lon="-116.73586433753371">
        <time>2005-05-11T06:34:22-07:00</time>
      </trkpt>
      <trkpt lat="33.85322087444365" lon="-116.73584338277578">
        <time>2005-05-11T06:34:25-07:00</time>
      </trkpt>
      <trkpt lat="33.85324660688639" lon="-116.73582117073238">
        <time>2005-05-11T06:34:26-07:00</time>
      </trkpt>
      <trkpt lat="33.853262197226286" lon="-116.73581295646727">
        <time>2005-05-11T06:34:27-07:00</time>
      </trkpt>
      <trkpt lat="33.85330502875149" lon="-116.73576232977211">
        <time>2005-05-11T06:34:30-07:00</time>
      </trkpt>
      <trkpt lat="33.85334559716284" lon="-116.73567406833172">
        <time>2005-05-11T06:34:32-07:00</time>
      </trkpt>
      <trkpt lat="33.85336646810174" lon="-116.73561438918114">
        <time>2005-05-11T06:34:33-07:00</time>
      </trkpt>
      <trkpt lat="33.85336386971176" lon="-116.73554976470768">
        <time>2005-05-11T06:34:37-07:00</time>
      </trkpt>
      <trkpt lat="33.8533634506166" lon="-116.73554264008999">
        <time>2005-05-11T06:34:43-07:00</time>
      </trkpt>
      <trkpt lat="33.853382309898734" lon="-116.7355439811945">
        <time>2005-05-11T06:34:47-07:00</time>
      </trkpt>
      <trkpt lat="33.853367222473025" lon="-116.73554607667029">
        <time>2005-05-11T06:34:52-07:00</time>
      </trkpt>
      <trkpt lat="33.85336739011109" lon="-116.73554414883256">
        <time>2005-05-11T06:34:57-07:00</time>
      </trkpt>
      <trkpt lat="33.85336780920625" lon="-116.73554356209934">
        <time>2005-05-11T06:35:02-07:00</time>
      </trkpt>
      <trkpt lat="33.85336412116885" lon="-116.73554657958448">
        <time>2005-05-11T06:35:08-07:00</time>
      </trkpt>
      <trkpt lat="33.85336403734982" lon="-116.73554884269834">
        <time>2005-05-11T06:35:14-07:00</time>
      </trkpt>
      <trkpt lat="33.853367222473025" lon="-116.73554607667029">
        <time>2005-05-11T06:35:22-07:00</time>
      </trkpt>
      <trkpt lat="33.8533478602767" lon="-116.73562495037913">
        <time>2005-05-11T06:35:29-07:00</time>
      </trkpt>
      <trkpt lat="33.85334936901927" lon="-116.73564464785159">
        <time>2005-05-11T06:35:33-07:00</time>
      </trkpt>
      <trkpt lat="33.85335096158087" lon="-116.73564498312771">
        <time>2005-05-11T06:35:34-07:00</time>
      </trkpt>
      <trkpt lat="33.85335096158087" lon="-116.73564498312771">
        <time>2005-05-11T06:35:39-07:00</time>
      </trkpt>
      <trkpt lat="33.85335096158087" lon="-116.73564498312771">
        <time>2005-05-11T06:35:41-07:00</time>
      </trkpt>
      <trkpt lat="33.85335146449506" lon="-116.73565470613539">
        <time>2005-05-11T06:35:44-07:00</time>
      </trkpt>
      <trkpt lat="33.853351045399904" lon="-116.73565453849733">
        <time>2005-05-11T06:35:48-07:00</time>
      </trkpt>
      <trkpt lat="33.85335020720959" lon="-116.73564850352705">
        <time>2005-05-11T06:35:53-07:00</time>
      </trkpt>
      <trkpt lat="33.85335423052311" lon="-116.73560868948698">
        <time>2005-05-11T06:36:03-07:00</time>
      </trkpt>
      <trkpt lat="33.853360349312425" lon="-116.73554674722254">
        <time>2005-05-11T06:36:08-07:00</time>
      </trkpt>
      <trkpt lat="33.85339932516217" lon="-116.73551288433373">
        <time>2005-05-11T06:36:11-07:00</time>
      </trkpt>
      <trkpt lat="33.853445341810584" lon="-116.73551606945693">
        <time>2005-05-11T06:36:15-07:00</time>
      </trkpt>
      <trkpt lat="33.85349026881158" lon="-116.73552294261754">
        <time>2005-05-11T06:36:20-07:00</time>
      </trkpt>
      <trkpt lat="33.853525724262" lon="-116.73550659790635">
        <time>2005-05-11T06:36:26-07:00</time>
      </trkpt>
      <trkpt lat="33.85353544726968" lon="-116.73549871891737">
        <time>2005-05-11T06:36:32-07:00</time>
      </trkpt>
      <trkpt lat="33.85354584082961" lon="-116.73548111692071">
        <time>2005-05-11T06:36:36-07:00</time>
      </trkpt>
      <trkpt lat="33.85357257910073" lon="-116.73544532619417">
        <time>2005-05-11T06:36:39-07:00</time>
      </trkpt>
      <trkpt lat="33.853598814457655" lon="-116.73543082550168">
        <time>2005-05-11T06:36:40-07:00</time>
      </trkpt>
      <trkpt lat="33.85363603010774" lon="-116.7354089487344">
        <time>2005-05-11T06:36:42-07:00</time>
      </trkpt>
      <trkpt lat="33.853689171373844" lon="-116.73539696261287">
        <time>2005-05-11T06:36:45-07:00</time>
      </trkpt>
      <trkpt lat="33.85370425879955" lon="-116.73539746552706">
        <time>2005-05-11T06:36:47-07:00</time>
      </trkpt>
      <trkpt lat="33.853788916021585" lon="-116.73542437143624">
        <time>2005-05-11T06:36:50-07:00</time>
      </trkpt>
      <trkpt lat="33.853808864951134" lon="-116.7354089487344">
        <time>2005-05-11T06:36:54-07:00</time>
      </trkpt>
      <trkpt lat="33.853823533281684" lon="-116.73540274612606">
        <time>2005-05-11T06:36:55-07:00</time>
      </trkpt>
      <trkpt lat="33.85383132845163" lon="-116.73538723960519">
        <time>2005-05-11T06:37:01-07:00</time>
      </trkpt>
      <trkpt lat="33.85383266955614" lon="-116.73538707196712">
        <time>2005-05-11T06:37:02-07:00</time>
      </trkpt>
      <trkpt lat="33.85383417829871" lon="-116.73538539558649">
        <time>2005-05-11T06:37:03-07:00</time>
      </trkpt>
      <trkpt lat="33.85384834371507" lon="-116.7353693023324">
        <time>2005-05-11T06:37:05-07:00</time>
      </trkpt>
      <trkpt lat="33.853920847177505" lon="-116.73531389795244">
        <time>2005-05-11T06:37:11-07:00</time>
      </trkpt>
      <trkpt lat="33.853956554085016" lon="-116.73531490378082">
        <time>2005-05-11T06:37:18-07:00</time>
      </trkpt>
      <trkpt lat="33.854013131931424" lon="-116.73530962318182">
        <time>2005-05-11T06:37:20-07:00</time>
      </trkpt>
      <trkpt lat="33.8540714699775" lon="-116.73530073836446">
        <time>2005-05-11T06:37:28-07:00</time>
      </trkpt>
      <trkpt lat="33.85409594513476" lon="-116.73528665676713">
        <time>2005-05-11T06:37:31-07:00</time>
      </trkpt>
      <trkpt lat="33.854127544909716" lon="-116.73527953214943">
        <time>2005-05-11T06:37:36-07:00</time>
      </trkpt>
      <trkpt lat="33.85416090488434" lon="-116.7352725751698">
        <time>2005-05-11T06:37:40-07:00</time>
      </trkpt>
      <trkpt lat="33.854173393920064" lon="-116.73526871949434">
        <time>2005-05-11T06:37:42-07:00</time>
      </trkpt>
      <trkpt lat="33.85420583188534" lon="-116.73523678444326">
        <time>2005-05-11T06:37:44-07:00</time>
      </trkpt>
      <trkpt lat="33.854210106655955" lon="-116.73522412776947">
        <time>2005-05-11T06:37:47-07:00</time>
      </trkpt>
      <trkpt lat="33.854238437488675" lon="-116.73514634370804">
        <time>2005-05-11T06:37:48-07:00</time>
      </trkpt>
      <trkpt lat="33.854265762493014" lon="-116.73508825711906">
        <time>2005-05-11T06:37:52-07:00</time>
      </trkpt>
      <trkpt lat="33.854335248470306" lon="-116.73502514138818">
        <time>2005-05-11T06:37:53-07:00</time>
      </trkpt>
      <trkpt lat="33.85442426428199" lon="-116.73492782749236">
        <time>2005-05-11T06:37:58-07:00</time>
      </trkpt>
      <trkpt lat="33.85442451573908" lon="-116.73486077226698">
        <time>2005-05-11T06:38:02-07:00</time>
      </trkpt>
      <trkpt lat="33.85442200116813" lon="-116.73484275117517">
        <time>2005-05-11T06:38:08-07:00</time>
      </trkpt>
      <trkpt lat="33.85441462509334" lon="-116.73474920913577">
        <time>2005-05-11T06:38:16-07:00</time>
      </trkpt>
      <trkpt lat="33.85440682992339" lon="-116.73466145060956">
        <time>2005-05-11T06:38:20-07:00</time>
      </trkpt>
      <trkpt lat="33.8544097635895" lon="-116.73458475619555">
        <time>2005-05-11T06:38:21-07:00</time>
      </trkpt>
      <trkpt lat="33.85442082770169" lon="-116.73455131240189">
        <time>2005-05-11T06:38:27-07:00</time>
      </trkpt>
      <trkpt lat="33.85447707027197" lon="-116.73443832434714">
        <time>2005-05-11T06:38:32-07:00</time>
      </trkpt>
      <trkpt lat="33.854513531550765" lon="-116.73437428660691">
        <time>2005-05-11T06:38:36-07:00</time>
      </trkpt>
      <trkpt lat="33.854525685310364" lon="-116.73435869626701">
        <time>2005-05-11T06:38:38-07:00</time>
      </trkpt>
      <trkpt lat="33.85457052849233" lon="-116.73432206735015">
        <time>2005-05-11T06:38:45-07:00</time>
      </trkpt>
      <trkpt lat="33.85462358593941" lon="-116.73428560607135">
        <time>2005-05-11T06:38:49-07:00</time>
      </trkpt>
      <trkpt lat="33.85463397949934" lon="-116.7342759668827">
        <time>2005-05-11T06:38:50-07:00</time>
      </trkpt>
      <trkpt lat="33.85469407774508" lon="-116.73421327024698">
        <time>2005-05-11T06:38:54-07:00</time>
      </trkpt>
      <trkpt lat="33.85470765642822" lon="-116.73420740291476">
        <time>2005-05-11T06:38:58-07:00</time>
      </trkpt>
      <trkpt lat="33.8548019528389" lon="-116.7341535910964">
        <time>2005-05-11T06:38:59-07:00</time>
      </trkpt>
      <trkpt lat="33.854871690273285" lon="-116.73409600742161">
        <time>2005-05-11T06:39:05-07:00</time>
      </trkpt>
      <trkpt lat="33.854893650859594" lon="-116.73407496884465">
        <time>2005-05-11T06:39:06-07:00</time>
      </trkpt>
      <trkpt lat="33.85491603054106" lon="-116.73405644483864">
        <time>2005-05-11T06:39:13-07:00</time>
      </trkpt>
      <trkpt lat="33.854975793510675" lon="-116.73401889391243">
        <time>2005-05-11T06:39:18-07:00</time>
      </trkpt>
      <trkpt lat="33.855046117678285" lon="-116.73394789919257">
        <time>2005-05-11T06:39:20-07:00</time>
      </trkpt>
      <trkpt lat="33.85511476546526" lon="-116.73387489281595">
        <time>2005-05-11T06:39:22-07:00</time>
      </trkpt>
      <trkpt lat="33.855158518999815" lon="-116.73379777930677">
        <time>2005-05-11T06:39:27-07:00</time>
      </trkpt>
      <trkpt lat="33.855176120996475" lon="-116.73374279402196">
        <time>2005-05-11T06:39:34-07:00</time>
      </trkpt>
      <trkpt lat="33.855180982500315" lon="-116.73371421173215">
        <time>2005-05-11T06:39:40-07:00</time>
      </trkpt>
      <trkpt lat="33.85522440075874" lon="-116.73364791087806">
        <time>2005-05-11T06:39:46-07:00</time>
      </trkpt>
      <trkpt lat="33.85529363527894" lon="-116.73361756838858">
        <time>2005-05-11T06:39:50-07:00</time>
      </trkpt>
      <trkpt lat="33.85538147762418" lon="-116.73361647874117">
        <time>2005-05-11T06:39:52-07:00</time>
      </trkpt>
      <trkpt lat="33.855476612225175" lon="-116.73361052758992">
        <time>2005-05-11T06:39:57-07:00</time>
      </trkpt>
      <trkpt lat="33.85556085035205" lon="-116.73356945626438">
        <time>2005-05-11T06:40:03-07:00</time>
      </trkpt>
      <trkpt lat="33.85560200549662" lon="-116.733542047441">
        <time>2005-05-11T06:40:09-07:00</time>
      </trkpt>
      <trkpt lat="33.85567928664386" lon="-116.73350458033383">
        <time>2005-05-11T06:40:15-07:00</time>
      </trkpt>
      <trkpt lat="33.855744414031506" lon="-116.73348085954785">
        <time>2005-05-11T06:40:22-07:00</time>
      </trkpt>
      <trkpt lat="33.85577064938843" lon="-116.73347390256822">
        <time>2005-05-11T06:40:26-07:00</time>
      </trkpt>
      <trkpt lat="33.85580233298242" lon="-116.73346820287406">
        <time>2005-05-11T06:40:32-07:00</time>
      </trkpt>
      <trkpt lat="33.85587274096906" lon="-116.73344356007874">
        <time>2005-05-11T06:40:37-07:00</time>
      </trkpt>
      <trkpt lat="33.855929570272565" lon="-116.7334180790931">
        <time>2005-05-11T06:40:39-07:00</time>
      </trkpt>
      <trkpt lat="33.855992099270225" lon="-116.73336225561798">
        <time>2005-05-11T06:40:41-07:00</time>
      </trkpt>
      <trkpt lat="33.85604758746922" lon="-116.73330852761865">
        <time>2005-05-11T06:40:47-07:00</time>
      </trkpt>
      <trkpt lat="33.85609360411763" lon="-116.73326678574085">
        <time>2005-05-11T06:40:51-07:00</time>
      </trkpt>
      <trkpt lat="33.85611120611429" lon="-116.73323686234653">
        <time>2005-05-11T06:40:56-07:00</time>
      </trkpt>
      <trkpt lat="33.85613895021379" lon="-116.73319746740162">
        <time>2005-05-11T06:41:02-07:00</time>
      </trkpt>
      <trkpt lat="33.85616334155202" lon="-116.7331696394831">
        <time>2005-05-11T06:41:07-07:00</time>
      </trkpt>
      <trkpt lat="33.856212459504604" lon="-116.73311951570213">
        <time>2005-05-11T06:41:10-07:00</time>
      </trkpt>
      <trkpt lat="33.8562248647213" lon="-116.73311884514987">
        <time>2005-05-11T06:41:13-07:00</time>
      </trkpt>
      <trkpt lat="33.85625705122948" lon="-116.73310786485672">
        <time>2005-05-11T06:41:15-07:00</time>
      </trkpt>
      <trkpt lat="33.856288651004434" lon="-116.73309906385839">
        <time>2005-05-11T06:41:19-07:00</time>
      </trkpt>
      <trkpt lat="33.85634967125952" lon="-116.73314214684069">
        <time>2005-05-11T06:41:20-07:00</time>
      </trkpt>
      <trkpt lat="33.85639166459441" lon="-116.73322889953852">
        <time>2005-05-11T06:41:22-07:00</time>
      </trkpt>
      <trkpt lat="33.85643005371094" lon="-116.73329503275454">
        <time>2005-05-11T06:41:24-07:00</time>
      </trkpt>
      <trkpt lat="33.85643701069057" lon="-116.73330475576222">
        <time>2005-05-11T06:41:29-07:00</time>
      </trkpt>
      <trkpt lat="33.856475818902254" lon="-116.73335521481931">
        <time>2005-05-11T06:41:34-07:00</time>
      </trkpt>
      <trkpt lat="33.856475818902254" lon="-116.73335521481931">
        <time>2005-05-11T06:41:39-07:00</time>
      </trkpt>
      <trkpt lat="33.85646274313331" lon="-116.73334373161197">
        <time>2005-05-11T06:41:40-07:00</time>
      </trkpt>
      <trkpt lat="33.85643910616636" lon="-116.73331866972148">
        <time>2005-05-11T06:41:46-07:00</time>
      </trkpt>
      <trkpt lat="33.85643608868122" lon="-116.73331204801798">
        <time>2005-05-11T06:41:53-07:00</time>
      </trkpt>
      <trkpt lat="33.8564320653677" lon="-116.73330802470446">
        <time>2005-05-11T06:41:54-07:00</time>
      </trkpt>
      <trkpt lat="33.856439692899585" lon="-116.73332126811147">
        <time>2005-05-11T06:41:57-07:00</time>
      </trkpt>
      <trkpt lat="33.85649174451828" lon="-116.73335638828576">
        <time>2005-05-11T06:41:58-07:00</time>
      </trkpt>
      <trkpt lat="33.85657472535968" lon="-116.73338840715587">
        <time>2005-05-11T06:42:05-07:00</time>
      </trkpt>
      <trkpt lat="33.85664261877537" lon="-116.7333958670497">
        <time>2005-05-11T06:42:13-07:00</time>
      </trkpt>
      <trkpt lat="33.856689222157" lon="-116.73342076130211">
        <time>2005-05-11T06:42:17-07:00</time>
      </trkpt>
      <trkpt lat="33.85671076364815" lon="-116.73344775103033">
        <time>2005-05-11T06:42:23-07:00</time>
      </trkpt>
      <trkpt lat="33.85676474310458" lon="-116.73347180709243">
        <time>2005-05-11T06:42:28-07:00</time>
      </trkpt>
      <trkpt lat="33.85677614249289" lon="-116.73348161391914">
        <time>2005-05-11T06:42:32-07:00</time>
      </trkpt>
      <trkpt lat="33.85682643391192" lon="-116.73349536024034">
        <time>2005-05-11T06:42:34-07:00</time>
      </trkpt>
      <trkpt lat="33.856840934604406" lon="-116.73349033109844">
        <time>2005-05-11T06:42:38-07:00</time>
      </trkpt>
      <trkpt lat="33.856914192438126" lon="-116.7334453202784">
        <time>2005-05-11T06:42:39-07:00</time>
      </trkpt>
      <trkpt lat="33.85696926154196" lon="-116.7333837132901">
        <time>2005-05-11T06:42:43-07:00</time>
      </trkpt>
      <trkpt lat="33.85702131316066" lon="-116.73334348015487">
        <time>2005-05-11T06:42:44-07:00</time>
      </trkpt>
      <trkpt lat="33.857092978432775" lon="-116.73329377546906">
        <time>2005-05-11T06:42:50-07:00</time>
      </trkpt>
      <trkpt lat="33.85711519047618" lon="-116.73326209187508">
        <time>2005-05-11T06:42:55-07:00</time>
      </trkpt>
      <trkpt lat="33.85714896954596" lon="-116.73319512046874">
        <time>2005-05-11T06:43:01-07:00</time>
      </trkpt>
      <trkpt lat="33.8571797311306" lon="-116.73315262421966">
        <time>2005-05-11T06:43:06-07:00</time>
      </trkpt>
      <trkpt lat="33.857218120247126" lon="-116.73308732919395">
        <time>2005-05-11T06:43:09-07:00</time>
      </trkpt>
      <trkpt lat="33.85723547078669" lon="-116.73300309106708">
        <time>2005-05-11T06:43:14-07:00</time>
      </trkpt>
      <trkpt lat="33.857252234593034" lon="-116.73291868530214">
        <time>2005-05-11T06:43:17-07:00</time>
      </trkpt>
      <trkpt lat="33.857255252078176" lon="-116.73289982602">
        <time>2005-05-11T06:43:21-07:00</time>
      </trkpt>
      <trkpt lat="33.85728098452091" lon="-116.73281240276992">
        <time>2005-05-11T06:43:26-07:00</time>
      </trkpt>
      <trkpt lat="33.85729053989053" lon="-116.73275859095156">
        <time>2005-05-11T06:43:32-07:00</time>
      </trkpt>
      <trkpt lat="33.857290372252464" lon="-116.73271047882736">
        <time>2005-05-11T06:43:33-07:00</time>
      </trkpt>
      <trkpt lat="33.857293389737606" lon="-116.73262230120599">
        <time>2005-05-11T06:43:38-07:00</time>
      </trkpt>
      <trkpt lat="33.857306465506554" lon="-116.73251601867378">
        <time>2005-05-11T06:43:41-07:00</time>
      </trkpt>
      <trkpt lat="33.85730495676398" lon="-116.73244636505842">
        <time>2005-05-11T06:43:44-07:00</time>
      </trkpt>
      <trkpt lat="33.85730545967817" lon="-116.73243060708046">
        <time>2005-05-11T06:43:49-07:00</time>
      </trkpt>
      <trkpt lat="33.85730344802141" lon="-116.73234838061035">
        <time>2005-05-11T06:43:55-07:00</time>
      </trkpt>
      <trkpt lat="33.85728039778769" lon="-116.73228576779366">
        <time>2005-05-11T06:43:59-07:00</time>
      </trkpt>
      <trkpt lat="33.8572246581316" lon="-116.73221871256828">
        <time>2005-05-11T06:44:00-07:00</time>
      </trkpt>
      <trkpt lat="33.85720303282142" lon="-116.73219817690551">
        <time>2005-05-11T06:44:06-07:00</time>
      </trkpt>
      <trkpt lat="33.857147712260485" lon="-116.73216397874057">
        <time>2005-05-11T06:44:10-07:00</time>
      </trkpt>
      <trkpt lat="33.85712927207351" lon="-116.73216322436929">
        <time>2005-05-11T06:44:16-07:00</time>
      </trkpt>
      <trkpt lat="33.85707361623645" lon="-116.7321780603379">
        <time>2005-05-11T06:44:18-07:00</time>
      </trkpt>
      <trkpt lat="33.85703958570957" lon="-116.7321867775172">
        <time>2005-05-11T06:44:22-07:00</time>
      </trkpt>
      <trkpt lat="33.85696976445615" lon="-116.73219976946712">
        <time>2005-05-11T06:44:23-07:00</time>
      </trkpt>
      <trkpt lat="33.85693338699639" lon="-116.73221125267446">
        <time>2005-05-11T06:44:27-07:00</time>
      </trkpt>
      <trkpt lat="33.85687136091292" lon="-116.73224092461169">
        <time>2005-05-11T06:44:29-07:00</time>
      </trkpt>
      <trkpt lat="33.85685686022043" lon="-116.73224511556327">
        <time>2005-05-11T06:44:34-07:00</time>
      </trkpt>
      <trkpt lat="33.85681461542845" lon="-116.73225936479867">
        <time>2005-05-11T06:44:37-07:00</time>
      </trkpt>
      <trkpt lat="33.85677765123546" lon="-116.7322713509202">
        <time>2005-05-11T06:44:41-07:00</time>
      </trkpt>
      <trkpt lat="33.85669114999473" lon="-116.73227034509182">
        <time>2005-05-11T06:44:42-07:00</time>
      </trkpt>
      <trkpt lat="33.8566651660949" lon="-116.73225358128548">
        <time>2005-05-11T06:44:45-07:00</time>
      </trkpt>
      <trkpt lat="33.856623005121946" lon="-116.73220857046545">
        <time>2005-05-11T06:44:48-07:00</time>
      </trkpt>
      <trkpt lat="33.85655050165951" lon="-116.7321246676147">
        <time>2005-05-11T06:44:54-07:00</time>
      </trkpt>
      <trkpt lat="33.856478752568364" lon="-116.73206398263574">
        <time>2005-05-11T06:44:56-07:00</time>
      </trkpt>
      <trkpt lat="33.85643491521478" lon="-116.73200195655227">
        <time>2005-05-11T06:45:00-07:00</time>
      </trkpt>
      <trkpt lat="33.85638562962413" lon="-116.73193766735494">
        <time>2005-05-11T06:45:07-07:00</time>
      </trkpt>
      <trkpt lat="33.856354616582394" lon="-116.73189584165812">
        <time>2005-05-11T06:45:13-07:00</time>
      </trkpt>
      <trkpt lat="33.85632268153131" lon="-116.73185544088483">
        <time>2005-05-11T06:45:19-07:00</time>
      </trkpt>
      <trkpt lat="33.85629099793732" lon="-116.73181663267314">
        <time>2005-05-11T06:45:24-07:00</time>
      </trkpt>
      <trkpt lat="33.85626685805619" lon="-116.73179408535361">
        <time>2005-05-11T06:45:27-07:00</time>
      </trkpt>
      <trkpt lat="33.856198294088244" lon="-116.7317499127239">
        <time>2005-05-11T06:45:30-07:00</time>
      </trkpt>
      <trkpt lat="33.85613400489092" lon="-116.73172468319535">
        <time>2005-05-11T06:45:33-07:00</time>
      </trkpt>
      <trkpt lat="33.85604373179376" lon="-116.73173197545111">
        <time>2005-05-11T06:45:35-07:00</time>
      </trkpt>
      <trkpt lat="33.856017496436834" lon="-116.73174580559134">
        <time>2005-05-11T06:45:40-07:00</time>
      </trkpt>
      <trkpt lat="33.855963349342346" lon="-116.73175871372223">
        <time>2005-05-11T06:45:45-07:00</time>
      </trkpt>
      <trkpt lat="33.85591959580779" lon="-116.73172954469919">
        <time>2005-05-11T06:45:51-07:00</time>
      </trkpt>
      <trkpt lat="33.85589235462248" lon="-116.73169325105846">
        <time>2005-05-11T06:45:53-07:00</time>
      </trkpt>
      <trkpt lat="33.85586393997073" lon="-116.7316584661603">
        <time>2005-05-11T06:45:57-07:00</time>
      </trkpt>
      <trkpt lat="33.855827478691936" lon="-116.73162024468184">
        <time>2005-05-11T06:46:00-07:00</time>
      </trkpt>
      <trkpt lat="33.855782551690936" lon="-116.73156576231122">
        <time>2005-05-11T06:46:03-07:00</time>
      </trkpt>
      <trkpt lat="33.85571968741715" lon="-116.7315117828548">
        <time>2005-05-11T06:46:06-07:00</time>
      </trkpt>
      <trkpt lat="33.85569378733635" lon="-116.7315012216568">
        <time>2005-05-11T06:46:09-07:00</time>
      </trkpt>
      <trkpt lat="33.85565439239144" lon="-116.73145017586648">
        <time>2005-05-11T06:46:14-07:00</time>
      </trkpt>
      <trkpt lat="33.855653973296285" lon="-116.73141279257834">
        <time>2005-05-11T06:46:19-07:00</time>
      </trkpt>
      <trkpt lat="33.85565338656306" lon="-116.73135973513126">
        <time>2005-05-11T06:46:21-07:00</time>
      </trkpt>
      <trkpt lat="33.85564684867859" lon="-116.73129200935364">
        <time>2005-05-11T06:46:25-07:00</time>
      </trkpt>
      <trkpt lat="33.8556410651654" lon="-116.73123157583177">
        <time>2005-05-11T06:46:27-07:00</time>
      </trkpt>
      <trkpt lat="33.855641735717654" lon="-116.73120341263711">
        <time>2005-05-11T06:46:30-07:00</time>
      </trkpt>
      <trkpt lat="33.855647686868906" lon="-116.73111816868186">
        <time>2005-05-11T06:46:34-07:00</time>
      </trkpt>
      <trkpt lat="33.855636371299624" lon="-116.7311108764261">
        <time>2005-05-11T06:46:37-07:00</time>
      </trkpt>
      <trkpt lat="33.855579709634185" lon="-116.7311008181423">
        <time>2005-05-11T06:46:39-07:00</time>
      </trkpt>
      <trkpt lat="33.85549555532634" lon="-116.73107676208019">
        <time>2005-05-11T06:46:45-07:00</time>
      </trkpt>
      <trkpt lat="33.855482060462236" lon="-116.73107290640473">
        <time>2005-05-11T06:46:46-07:00</time>
      </trkpt>
      <trkpt lat="33.85542246513069" lon="-116.73108137212694">
        <time>2005-05-11T06:46:50-07:00</time>
      </trkpt>
      <trkpt lat="33.855407210066915" lon="-116.73108489252627">
        <time>2005-05-11T06:46:56-07:00</time>
      </trkpt>
      <trkpt lat="33.85538172908127" lon="-116.73110492527485">
        <time>2005-05-11T06:46:57-07:00</time>
      </trkpt>
      <trkpt lat="33.85531517677009" lon="-116.731131747365">
        <time>2005-05-11T06:47:01-07:00</time>
      </trkpt>
      <trkpt lat="33.8552282564342" lon="-116.73112177290022">
        <time>2005-05-11T06:47:02-07:00</time>
      </trkpt>
      <trkpt lat="33.85515600442886" lon="-116.73106175847352">
        <time>2005-05-11T06:47:05-07:00</time>
      </trkpt>
      <trkpt lat="33.85514250956476" lon="-116.73105119727552">
        <time>2005-05-11T06:47:11-07:00</time>
      </trkpt>
      <trkpt lat="33.855093978345394" lon="-116.73100828193128">
        <time>2005-05-11T06:47:17-07:00</time>
      </trkpt>
      <trkpt lat="33.85506824590266" lon="-116.73099587671459">
        <time>2005-05-11T06:47:23-07:00</time>
      </trkpt>
      <trkpt lat="33.85502373799682" lon="-116.73098590224981">
        <time>2005-05-11T06:47:24-07:00</time>
      </trkpt>
      <trkpt lat="33.85499691590667" lon="-116.73097810707986">
        <time>2005-05-11T06:47:28-07:00</time>
      </trkpt>
      <trkpt lat="33.85492701083422" lon="-116.73098942264915">
        <time>2005-05-11T06:47:30-07:00</time>
      </trkpt>
      <trkpt lat="33.85482148267329" lon="-116.73099629580975">
        <time>2005-05-11T06:47:33-07:00</time>
      </trkpt>
      <trkpt lat="33.85477873496711" lon="-116.7310093715787">
        <time>2005-05-11T06:47:35-07:00</time>
      </trkpt>
      <trkpt lat="33.85474202223122" lon="-116.73104499466717">
        <time>2005-05-11T06:47:40-07:00</time>
      </trkpt>
      <trkpt lat="33.85466666892171" lon="-116.73107852227986">
        <time>2005-05-11T06:47:47-07:00</time>
      </trkpt>
      <trkpt lat="33.8545860350132" lon="-116.7311351839453">
        <time>2005-05-11T06:47:50-07:00</time>
      </trkpt>
      <trkpt lat="33.85457715019584" lon="-116.73114373348653">
        <time>2005-05-11T06:47:53-07:00</time>
      </trkpt>
      <trkpt lat="33.85450355708599" lon="-116.7311613354832">
        <time>2005-05-11T06:47:58-07:00</time>
      </trkpt>
      <trkpt lat="33.85441110469401" lon="-116.73120081424713">
        <time>2005-05-11T06:48:05-07:00</time>
      </trkpt>
      <trkpt lat="33.85439802892506" lon="-116.73120358027518">
        <time>2005-05-11T06:48:06-07:00</time>
      </trkpt>
      <trkpt lat="33.8543114438653" lon="-116.73118220642209">
        <time>2005-05-11T06:48:12-07:00</time>
      </trkpt>
      <trkpt lat="33.854244304820895" lon="-116.73119092360139">
        <time>2005-05-11T06:48:18-07:00</time>
      </trkpt>
      <trkpt lat="33.854216393083334" lon="-116.7311917617917">
        <time>2005-05-11T06:48:19-07:00</time>
      </trkpt>
      <trkpt lat="33.854165095835924" lon="-116.73118346370757">
        <time>2005-05-11T06:48:25-07:00</time>
      </trkpt>
      <trkpt lat="33.85416006669402" lon="-116.7311695497483">
        <time>2005-05-11T06:48:29-07:00</time>
      </trkpt>
      <trkpt lat="33.85413374751806" lon="-116.73111515119672">
        <time>2005-05-11T06:48:31-07:00</time>
      </trkpt>
      <trkpt lat="33.854133328422904" lon="-116.73107793554664">
        <time>2005-05-11T06:48:35-07:00</time>
      </trkpt>
      <trkpt lat="33.85416920296848" lon="-116.73101138323545">
        <time>2005-05-11T06:48:36-07:00</time>
      </trkpt>
      <trkpt lat="33.854178506881" lon="-116.73099939711392">
        <time>2005-05-11T06:48:40-07:00</time>
      </trkpt>
      <trkpt lat="33.854218907654285" lon="-116.73094038851559">
        <time>2005-05-11T06:48:42-07:00</time>
      </trkpt>
      <trkpt lat="33.85424145497382" lon="-116.73091650009155">
        <time>2005-05-11T06:48:46-07:00</time>
      </trkpt>
      <trkpt lat="33.85430507361889" lon="-116.7308709025383">
        <time>2005-05-11T06:48:47-07:00</time>
      </trkpt>
      <trkpt lat="33.854334745556116" lon="-116.73086369410157">
        <time>2005-05-11T06:48:51-07:00</time>
      </trkpt>
      <trkpt lat="33.85438872501254" lon="-116.73085975460708">
        <time>2005-05-11T06:48:53-07:00</time>
      </trkpt>
      <trkpt lat="33.854418229311705" lon="-116.73084517009556">
        <time>2005-05-11T06:48:58-07:00</time>
      </trkpt>
      <trkpt lat="33.85447313077748" lon="-116.73080124892294">
        <time>2005-05-11T06:49:00-07:00</time>
      </trkpt>
      <trkpt lat="33.85452987626195" lon="-116.73075179569423">
        <time>2005-05-11T06:49:04-07:00</time>
      </trkpt>
      <trkpt lat="33.85460380464792" lon="-116.73070628196001">
        <time>2005-05-11T06:49:06-07:00</time>
      </trkpt>
      <trkpt lat="33.854647893458605" lon="-116.73064375296235">
        <time>2005-05-11T06:49:11-07:00</time>
      </trkpt>
      <trkpt lat="33.85465644299984" lon="-116.73062623478472">
        <time>2005-05-11T06:49:16-07:00</time>
      </trkpt>
      <trkpt lat="33.85470304638147" lon="-116.73057426698506">
        <time>2005-05-11T06:49:22-07:00</time>
      </trkpt>
      <trkpt lat="33.85478946380317" lon="-116.73051928170025">
        <time>2005-05-11T06:49:26-07:00</time>
      </trkpt>
      <trkpt lat="33.85480111464858" lon="-116.73046044073999">
        <time>2005-05-11T06:49:27-07:00</time>
      </trkpt>
      <trkpt lat="33.854801869019866" lon="-116.73043412156403">
        <time>2005-05-11T06:49:32-07:00</time>
      </trkpt>
      <trkpt lat="33.854796504601836" lon="-116.73041618429124">
        <time>2005-05-11T06:49:38-07:00</time>
      </trkpt>
      <trkpt lat="33.854792062193155" lon="-116.73039849847555">
        <time>2005-05-11T06:49:41-07:00</time>
      </trkpt>
      <trkpt lat="33.85478929616511" lon="-116.73034594394267">
        <time>2005-05-11T06:49:43-07:00</time>
      </trkpt>
      <trkpt lat="33.85477663949132" lon="-116.73031560145319">
        <time>2005-05-11T06:49:44-07:00</time>
      </trkpt>
      <trkpt lat="33.85476037859917" lon="-116.73024494200945">
        <time>2005-05-11T06:49:45-07:00</time>
      </trkpt>
      <trkpt lat="33.85475895367563" lon="-116.73022801056504">
        <time>2005-05-11T06:49:48-07:00</time>
      </trkpt>
      <trkpt lat="33.85475845076144" lon="-116.73014494590461">
        <time>2005-05-11T06:49:50-07:00</time>
      </trkpt>
      <trkpt lat="33.85478141717613" lon="-116.73007059842348">
        <time>2005-05-11T06:49:54-07:00</time>
      </trkpt>
      <trkpt lat="33.85479466058314" lon="-116.73005308024585">
        <time>2005-05-11T06:49:55-07:00</time>
      </trkpt>
      <trkpt lat="33.854839503765106" lon="-116.73001703806221">
        <time>2005-05-11T06:50:00-07:00</time>
      </trkpt>
      <trkpt lat="33.85485333390534" lon="-116.73002206720412">
        <time>2005-05-11T06:50:05-07:00</time>
      </trkpt>
      <trkpt lat="33.85488912463188" lon="-116.73004570417106">
        <time>2005-05-11T06:50:07-07:00</time>
      </trkpt>
      <trkpt lat="33.854904463514686" lon="-116.73005173914135">
        <time>2005-05-11T06:50:11-07:00</time>
      </trkpt>
      <trkpt lat="33.85500035248697" lon="-116.7301245778799">
        <time>2005-05-11T06:50:12-07:00</time>
      </trkpt>
      <trkpt lat="33.855085680261254" lon="-116.73015986569226">
        <time>2005-05-11T06:50:15-07:00</time>
      </trkpt>
      <trkpt lat="33.855100851505995" lon="-116.73015173524618">
        <time>2005-05-11T06:50:16-07:00</time>
      </trkpt>
      <trkpt lat="33.85515030473471" lon="-116.7301420122385">
        <time>2005-05-11T06:50:23-07:00</time>
      </trkpt>
      <trkpt lat="33.855194728821516" lon="-116.73013304360211">
        <time>2005-05-11T06:50:29-07:00</time>
      </trkpt>
      <trkpt lat="33.85523345321417" lon="-116.73010043799877">
        <time>2005-05-11T06:50:30-07:00</time>
      </trkpt>
      <trkpt lat="33.8552301004529" lon="-116.73006515018642">
        <time>2005-05-11T06:50:33-07:00</time>
      </trkpt>
      <trkpt lat="33.855182407423854" lon="-116.72999407164752">
        <time>2005-05-11T06:50:36-07:00</time>
      </trkpt>
      <trkpt lat="33.85516698472202" lon="-116.72990765422583">
        <time>2005-05-11T06:50:39-07:00</time>
      </trkpt>
      <trkpt lat="33.855177629739046" lon="-116.72987194731832">
        <time>2005-05-11T06:50:41-07:00</time>
      </trkpt>
      <trkpt lat="33.855219120159745" lon="-116.72983028925955">
        <time>2005-05-11T06:50:46-07:00</time>
      </trkpt>
      <trkpt lat="33.85527259670198" lon="-116.72979759983718">
        <time>2005-05-11T06:50:51-07:00</time>
      </trkpt>
      <trkpt lat="33.855292377993464" lon="-116.72980279661715">
        <time>2005-05-11T06:50:53-07:00</time>
      </trkpt>
      <trkpt lat="33.85530763305724" lon="-116.72980413772166">
        <time>2005-05-11T06:50:57-07:00</time>
      </trkpt>
      <trkpt lat="33.85533520951867" lon="-116.72981101088226">
        <time>2005-05-11T06:51:01-07:00</time>
      </trkpt>
      <trkpt lat="33.855408215895295" lon="-116.7298431135714">
        <time>2005-05-11T06:51:02-07:00</time>
      </trkpt>
      <trkpt lat="33.85547979734838" lon="-116.72987018711865">
        <time>2005-05-11T06:51:03-07:00</time>
      </trkpt>
      <trkpt lat="33.855572333559394" lon="-116.72986331395805">
        <time>2005-05-11T06:51:05-07:00</time>
      </trkpt>
      <trkpt lat="33.855680376291275" lon="-116.7298742942512">
        <time>2005-05-11T06:51:10-07:00</time>
      </trkpt>
      <trkpt lat="33.85577634908259" lon="-116.72988435253501">
        <time>2005-05-11T06:51:16-07:00</time>
      </trkpt>
      <trkpt lat="33.85583653114736" lon="-116.7298917286098">
        <time>2005-05-11T06:51:22-07:00</time>
      </trkpt>
      <trkpt lat="33.85589453391731" lon="-116.72991226427257">
        <time>2005-05-11T06:51:29-07:00</time>
      </trkpt>
      <trkpt lat="33.855956979095936" lon="-116.72996993176639">
        <time>2005-05-11T06:51:36-07:00</time>
      </trkpt>
      <trkpt lat="33.855986734852195" lon="-116.72997169196606">
        <time>2005-05-11T06:51:40-07:00</time>
      </trkpt>
      <trkpt lat="33.85603602044284" lon="-116.72997185960412">
        <time>2005-05-11T06:51:44-07:00</time>
      </trkpt>
      <trkpt lat="33.856063932180405" lon="-116.72999172471464">
        <time>2005-05-11T06:51:50-07:00</time>
      </trkpt>
      <trkpt lat="33.85608463548124" lon="-116.7300209775567">
        <time>2005-05-11T06:51:52-07:00</time>
      </trkpt>
      <trkpt lat="33.85611388832331" lon="-116.73009096644819">
        <time>2005-05-11T06:51:55-07:00</time>
      </trkpt>
      <trkpt lat="33.85612763464451" lon="-116.73012491315603">
        <time>2005-05-11T06:51:57-07:00</time>
      </trkpt>
      <trkpt lat="33.85620139539242" lon="-116.73020822927356">
        <time>2005-05-11T06:51:59-07:00</time>
      </trkpt>
      <trkpt lat="33.85626484639943" lon="-116.73028693534434">
        <time>2005-05-11T06:52:04-07:00</time>
      </trkpt>
      <trkpt lat="33.856295105069876" lon="-116.73028467223048">
        <time>2005-05-11T06:52:06-07:00</time>
      </trkpt>
      <trkpt lat="33.85631253942847" lon="-116.73026011325419">
        <time>2005-05-11T06:52:13-07:00</time>
      </trkpt>
      <trkpt lat="33.8563387747854" lon="-116.73015408217907">
        <time>2005-05-11T06:52:18-07:00</time>
      </trkpt>
      <trkpt lat="33.856369787827134" lon="-116.73007579520345">
        <time>2005-05-11T06:52:20-07:00</time>
      </trkpt>
      <trkpt lat="33.856435753405094" lon="-116.7300347238779">
        <time>2005-05-11T06:52:22-07:00</time>
      </trkpt>
      <trkpt lat="33.856446985155344" lon="-116.73002575524151">
        <time>2005-05-11T06:52:28-07:00</time>
      </trkpt>
      <trkpt lat="33.856484703719616" lon="-116.72995425760746">
        <time>2005-05-11T06:52:34-07:00</time>
      </trkpt>
      <trkpt lat="33.85654144920409" lon="-116.72986482270062">
        <time>2005-05-11T06:52:38-07:00</time>
      </trkpt>
      <trkpt lat="33.856554441154" lon="-116.72985266894102">
        <time>2005-05-11T06:52:39-07:00</time>
      </trkpt>
      <trkpt lat="33.85656617581844" lon="-116.7298401799053">
        <time>2005-05-11T06:52:44-07:00</time>
      </trkpt>
      <trkpt lat="33.85661965236068" lon="-116.72981176525354">
        <time>2005-05-11T06:52:50-07:00</time>
      </trkpt>
      <trkpt lat="33.85665494017303" lon="-116.72979651018977">
        <time>2005-05-11T06:52:51-07:00</time>
      </trkpt>
      <trkpt lat="33.85669223964214" lon="-116.72975233756006">
        <time>2005-05-11T06:52:52-07:00</time>
      </trkpt>
      <trkpt lat="33.856708500534296" lon="-116.72970120795071">
        <time>2005-05-11T06:52:56-07:00</time>
      </trkpt>
      <trkpt lat="33.856711853295565" lon="-116.7296842765063">
        <time>2005-05-11T06:52:58-07:00</time>
      </trkpt>
      <trkpt lat="33.85670489631593" lon="-116.72956734895706">
        <time>2005-05-11T06:53:01-07:00</time>
      </trkpt>
      <trkpt lat="33.85670514777303" lon="-116.72951026819646">
        <time>2005-05-11T06:53:04-07:00</time>
      </trkpt>
      <trkpt lat="33.856709925457835" lon="-116.72947162762284">
        <time>2005-05-11T06:53:05-07:00</time>
      </trkpt>
      <trkpt lat="33.85675669647753" lon="-116.72940926626325">
        <time>2005-05-11T06:53:11-07:00</time>
      </trkpt>
      <trkpt lat="33.85677111335099" lon="-116.72939484938979">
        <time>2005-05-11T06:53:14-07:00</time>
      </trkpt>
      <trkpt lat="33.85682492516935" lon="-116.72933114692569">
        <time>2005-05-11T06:53:16-07:00</time>
      </trkpt>
      <trkpt lat="33.856857027858496" lon="-116.7292822804302">
        <time>2005-05-11T06:53:21-07:00</time>
      </trkpt>
      <trkpt lat="33.85688016191125" lon="-116.72925881110132">
        <time>2005-05-11T06:53:22-07:00</time>
      </trkpt>
      <trkpt lat="33.856886364519596" lon="-116.72920919023454">
        <time>2005-05-11T06:53:27-07:00</time>
      </trkpt>
      <trkpt lat="33.85687840171158" lon="-116.72920307144523">
        <time>2005-05-11T06:53:30-07:00</time>
      </trkpt>
      <trkpt lat="33.85686163790524" lon="-116.7291873972863">
        <time>2005-05-11T06:53:32-07:00</time>
      </trkpt>
      <trkpt lat="33.85681805200875" lon="-116.72911548055708">
        <time>2005-05-11T06:53:35-07:00</time>
      </trkpt>
      <trkpt lat="33.85671813972294" lon="-116.7290734872222">
        <time>2005-05-11T06:53:36-07:00</time>
      </trkpt>
      <trkpt lat="33.85661923326552" lon="-116.72906535677612">
        <time>2005-05-11T06:53:37-07:00</time>
      </trkpt>
      <trkpt lat="33.85652921162546" lon="-116.72898690216243">
        <time>2005-05-11T06:53:42-07:00</time>
      </trkpt>
      <trkpt lat="33.856528121978045" lon="-116.72896360047162">
        <time>2005-05-11T06:53:49-07:00</time>
      </trkpt>
      <trkpt lat="33.85652359575033" lon="-116.72887877561152">
        <time>2005-05-11T06:53:55-07:00</time>
      </trkpt>
      <trkpt lat="33.85652988217771" lon="-116.72885857522488">
        <time>2005-05-11T06:54:02-07:00</time>
      </trkpt>
      <trkpt lat="33.85654740035534" lon="-116.72880828380585">
        <time>2005-05-11T06:54:03-07:00</time>
      </trkpt>
      <trkpt lat="33.85656248778105" lon="-116.728755813092">
        <time>2005-05-11T06:54:07-07:00</time>
      </trkpt>
      <trkpt lat="33.856601379811764" lon="-116.72869621776044">
        <time>2005-05-11T06:54:08-07:00</time>
      </trkpt>
      <trkpt lat="33.85661085136235" lon="-116.72868330962956">
        <time>2005-05-11T06:54:11-07:00</time>
      </trkpt>
      <trkpt lat="33.85664873756468" lon="-116.72862161882222">
        <time>2005-05-11T06:54:14-07:00</time>
      </trkpt>
      <trkpt lat="33.8567256834358" lon="-116.72854316420853">
        <time>2005-05-11T06:54:18-07:00</time>
      </trkpt>
      <trkpt lat="33.85679768398404" lon="-116.72850326634943">
        <time>2005-05-11T06:54:19-07:00</time>
      </trkpt>
      <trkpt lat="33.85684604756534" lon="-116.72840888611972">
        <time>2005-05-11T06:54:23-07:00</time>
      </trkpt>
      <trkpt lat="33.85687387548387" lon="-116.72833311371505">
        <time>2005-05-11T06:54:30-07:00</time>
      </trkpt>
      <trkpt lat="33.8569067325443" lon="-116.72827108763158">
        <time>2005-05-11T06:54:35-07:00</time>
      </trkpt>
      <trkpt lat="33.856948222965" lon="-116.72817452810705">
        <time>2005-05-11T06:54:41-07:00</time>
      </trkpt>
      <trkpt lat="33.8569706864655" lon="-116.7280972469598">
        <time>2005-05-11T06:54:46-07:00</time>
      </trkpt>
      <trkpt lat="33.85700035840273" lon="-116.72802130691707">
        <time>2005-05-11T06:54:51-07:00</time>
      </trkpt>
      <trkpt lat="33.85703422129154" lon="-116.72794402576983">
        <time>2005-05-11T06:54:56-07:00</time>
      </trkpt>
      <trkpt lat="33.85705911554396" lon="-116.72789465636015">
        <time>2005-05-11T06:55:01-07:00</time>
      </trkpt>
      <trkpt lat="33.857071436941624" lon="-116.72789222560823">
        <time>2005-05-11T06:55:05-07:00</time>
      </trkpt>
      <trkpt lat="33.8571538310498" lon="-116.72788401134312">
        <time>2005-05-11T06:55:11-07:00</time>
      </trkpt>
      <trkpt lat="33.857163889333606" lon="-116.7278733663261">
        <time>2005-05-11T06:55:16-07:00</time>
      </trkpt>
      <trkpt lat="33.85716841556132" lon="-116.72785417176783">
        <time>2005-05-11T06:55:17-07:00</time>
      </trkpt>
      <trkpt lat="33.85716455988586" lon="-116.72778443433344">
        <time>2005-05-11T06:55:23-07:00</time>
      </trkpt>
      <trkpt lat="33.857157938182354" lon="-116.72769533470273">
        <time>2005-05-11T06:55:24-07:00</time>
      </trkpt>
      <trkpt lat="33.8571488019079" lon="-116.72768192365766">
        <time>2005-05-11T06:55:25-07:00</time>
      </trkpt>
      <trkpt lat="33.85711083188653" lon="-116.72762450762093">
        <time>2005-05-11T06:55:29-07:00</time>
      </trkpt>
      <trkpt lat="33.85708895511925" lon="-116.72753884457052">
        <time>2005-05-11T06:55:34-07:00</time>
      </trkpt>
      <trkpt lat="33.857086189091206" lon="-116.7275187280029">
        <time>2005-05-11T06:55:35-07:00</time>
      </trkpt>
      <trkpt lat="33.85707470588386" lon="-116.7274584621191">
        <time>2005-05-11T06:55:39-07:00</time>
      </trkpt>
      <trkpt lat="33.85705760680139" lon="-116.72742267139256">
        <time>2005-05-11T06:55:44-07:00</time>
      </trkpt>
      <trkpt lat="33.85700806975365" lon="-116.7273638304323">
        <time>2005-05-11T06:55:45-07:00</time>
      </trkpt>
      <trkpt lat="33.85691796429455" lon="-116.72736081294715">
        <time>2005-05-11T06:55:48-07:00</time>
      </trkpt>
      <trkpt lat="33.8568670861423" lon="-116.72738109715283">
        <time>2005-05-11T06:55:50-07:00</time>
      </trkpt>
      <trkpt lat="33.85683733038604" lon="-116.72739048488438">
        <time>2005-05-11T06:55:55-07:00</time>
      </trkpt>
      <trkpt lat="33.856818722561" lon="-116.72739299945533">
        <time>2005-05-11T06:56:01-07:00</time>
      </trkpt>
      <trkpt lat="33.85676113888621" lon="-116.72737003304064">
        <time>2005-05-11T06:56:04-07:00</time>
      </trkpt>
      <trkpt lat="33.856742614880204" lon="-116.72735528089106">
        <time>2005-05-11T06:56:06-07:00</time>
      </trkpt>
      <trkpt lat="33.85672660544515" lon="-116.72734195366502">
        <time>2005-05-11T06:56:07-07:00</time>
      </trkpt>
      <trkpt lat="33.856661058962345" lon="-116.72729493118823">
        <time>2005-05-11T06:56:11-07:00</time>
      </trkpt>
      <trkpt lat="33.856615209952" lon="-116.72729669138789">
        <time>2005-05-11T06:56:12-07:00</time>
      </trkpt>
      <trkpt lat="33.85658805258572" lon="-116.72729392535985">
        <time>2005-05-11T06:56:13-07:00</time>
      </trkpt>
      <trkpt lat="33.85653868317604" lon="-116.72729350626469">
        <time>2005-05-11T06:56:18-07:00</time>
      </trkpt>
      <trkpt lat="33.8564925827086" lon="-116.72729040496051">
        <time>2005-05-11T06:56:21-07:00</time>
      </trkpt>
      <trkpt lat="33.85641798377037" lon="-116.7273080907762">
        <time>2005-05-11T06:56:23-07:00</time>
      </trkpt>
      <trkpt lat="33.856403063982725" lon="-116.72730448655784">
        <time>2005-05-11T06:56:26-07:00</time>
      </trkpt>
      <trkpt lat="33.85637096129358" lon="-116.7272998765111">
        <time>2005-05-11T06:56:29-07:00</time>
      </trkpt>
      <trkpt lat="33.856323854997754" lon="-116.72728487290442">
        <time>2005-05-11T06:56:33-07:00</time>
      </trkpt>
      <trkpt lat="33.85624171234667" lon="-116.727249417454">
        <time>2005-05-11T06:56:34-07:00</time>
      </trkpt>
      <trkpt lat="33.856227127835155" lon="-116.72724614851177">
        <time>2005-05-11T06:56:36-07:00</time>
      </trkpt>
      <trkpt lat="33.856172477826476" lon="-116.7272015567869">
        <time>2005-05-11T06:56:39-07:00</time>
      </trkpt>
      <trkpt lat="33.85615856386721" lon="-116.72719392925501">
        <time>2005-05-11T06:56:44-07:00</time>
      </trkpt>
      <trkpt lat="33.856145488098264" lon="-116.727180685848">
        <time>2005-05-11T06:56:45-07:00</time>
      </trkpt>
      <trkpt lat="33.85611925274134" lon="-116.72713357955217">
        <time>2005-05-11T06:56:49-07:00</time>
      </trkpt>
      <trkpt lat="33.856047000736" lon="-116.72706711106002">
        <time>2005-05-11T06:56:50-07:00</time>
      </trkpt>
      <trkpt lat="33.85603291913867" lon="-116.72704439610243">
        <time>2005-05-11T06:56:51-07:00</time>
      </trkpt>
      <trkpt lat="33.85601716116071" lon="-116.72699636779726">
        <time>2005-05-11T06:56:55-07:00</time>
      </trkpt>
      <trkpt lat="33.85599830187857" lon="-116.72690332867205">
        <time>2005-05-11T06:57:02-07:00</time>
      </trkpt>
      <trkpt lat="33.85598505847156" lon="-116.72684121876955">
        <time>2005-05-11T06:57:04-07:00</time>
      </trkpt>
      <trkpt lat="33.85597541928291" lon="-116.72679092735052">
        <time>2005-05-11T06:57:07-07:00</time>
      </trkpt>
      <trkpt lat="33.85596779175103" lon="-116.72680987045169">
        <time>2005-05-11T06:57:12-07:00</time>
      </trkpt>
      <trkpt lat="33.85592537932098" lon="-116.72687885351479">
        <time>2005-05-11T06:57:15-07:00</time>
      </trkpt>
      <trkpt lat="33.855914399027824" lon="-116.72689377330244">
        <time>2005-05-11T06:57:19-07:00</time>
      </trkpt>
      <trkpt lat="33.85588112287223" lon="-116.72693316824734">
        <time>2005-05-11T06:57:20-07:00</time>
      </trkpt>
      <trkpt lat="33.85584072209895" lon="-116.72697373665869">
        <time>2005-05-11T06:57:25-07:00</time>
      </trkpt>
      <trkpt lat="33.85583393275738" lon="-116.72697549685836">
        <time>2005-05-11T06:57:26-07:00</time>
      </trkpt>
      <trkpt lat="33.85579260997474" lon="-116.72700692899525">
        <time>2005-05-11T06:57:29-07:00</time>
      </trkpt>
      <trkpt lat="33.85577391833067" lon="-116.72703735530376">
        <time>2005-05-11T06:57:33-07:00</time>
      </trkpt>
      <trkpt lat="33.85576360858977" lon="-116.72703911550343">
        <time>2005-05-11T06:57:34-07:00</time>
      </trkpt>
      <trkpt lat="33.85574114508927" lon="-116.72702335752547">
        <time>2005-05-11T06:57:38-07:00</time>
      </trkpt>
      <trkpt lat="33.85573050007224" lon="-116.72700701281428">
        <time>2005-05-11T06:57:40-07:00</time>
      </trkpt>
      <trkpt lat="33.85572521947324" lon="-116.72699360176921">
        <time>2005-05-11T06:57:41-07:00</time>
      </trkpt>
      <trkpt lat="33.85573578067124" lon="-116.72691690735519">
        <time>2005-05-11T06:57:43-07:00</time>
      </trkpt>
      <trkpt lat="33.855736032128334" lon="-116.72689595259726">
        <time>2005-05-11T06:57:44-07:00</time>
      </trkpt>
      <trkpt lat="33.85573829524219" lon="-116.72680199146271">
        <time>2005-05-11T06:57:45-07:00</time>
      </trkpt>
      <trkpt lat="33.85574449785054" lon="-116.72677340917289">
        <time>2005-05-11T06:57:49-07:00</time>
      </trkpt>
      <trkpt lat="33.85574961081147" lon="-116.72667123377323">
        <time>2005-05-11T06:57:50-07:00</time>
      </trkpt>
      <trkpt lat="33.855756064876914" lon="-116.72656704671681">
        <time>2005-05-11T06:57:54-07:00</time>
      </trkpt>
      <trkpt lat="33.85575966909528" lon="-116.72650418244302">
        <time>2005-05-11T06:57:55-07:00</time>
      </trkpt>
      <trkpt lat="33.85575790889561" lon="-116.72648934647441">
        <time>2005-05-11T06:58:00-07:00</time>
      </trkpt>
      <trkpt lat="33.8557618483901" lon="-116.72640108503401">
        <time>2005-05-11T06:58:06-07:00</time>
      </trkpt>
      <trkpt lat="33.85576268658042" lon="-116.72638222575188">
        <time>2005-05-11T06:58:10-07:00</time>
      </trkpt>
      <trkpt lat="33.855750281363726" lon="-116.72628859989345">
        <time>2005-05-11T06:58:11-07:00</time>
      </trkpt>
      <trkpt lat="33.85576629079878" lon="-116.72623260878026">
        <time>2005-05-11T06:58:17-07:00</time>
      </trkpt>
      <trkpt lat="33.85576134547591" lon="-116.7261428385973">
        <time>2005-05-11T06:58:18-07:00</time>
      </trkpt>
      <trkpt lat="33.855760088190436" lon="-116.72609212808311">
        <time>2005-05-11T06:58:23-07:00</time>
      </trkpt>
      <trkpt lat="33.85575137101114" lon="-116.72604963183403">
        <time>2005-05-11T06:58:27-07:00</time>
      </trkpt>
      <trkpt lat="33.85572614148259" lon="-116.72600193880498">
        <time>2005-05-11T06:58:31-07:00</time>
      </trkpt>
      <trkpt lat="33.855666629970074" lon="-116.72593320719898">
        <time>2005-05-11T06:58:33-07:00</time>
      </trkpt>
      <trkpt lat="33.85563511401415" lon="-116.72583111561835">
        <time>2005-05-11T06:58:35-07:00</time>
      </trkpt>
      <trkpt lat="33.855631090700626" lon="-116.7257820814848">
        <time>2005-05-11T06:58:39-07:00</time>
      </trkpt>
      <trkpt lat="33.85564307682216" lon="-116.72572013922036">
        <time>2005-05-11T06:58:44-07:00</time>
      </trkpt>
      <trkpt lat="33.85565229691565" lon="-116.72565987333655">
        <time>2005-05-11T06:58:50-07:00</time>
      </trkpt>
      <trkpt lat="33.855653051286936" lon="-116.72558544203639">
        <time>2005-05-11T06:58:52-07:00</time>
      </trkpt>
      <trkpt lat="33.85565489530563" lon="-116.72553716227412">
        <time>2005-05-11T06:58:55-07:00</time>
      </trkpt>
      <trkpt lat="33.855657828971744" lon="-116.72548184171319">
        <time>2005-05-11T06:58:58-07:00</time>
      </trkpt>
      <trkpt lat="33.85566051118076" lon="-116.72540271654725">
        <time>2005-05-11T06:59:02-07:00</time>
      </trkpt>
      <trkpt lat="33.855664702132344" lon="-116.72538762912154">
        <time>2005-05-11T06:59:05-07:00</time>
      </trkpt>
      <trkpt lat="33.8556704018265" lon="-116.72532308846712">
        <time>2005-05-11T06:59:08-07:00</time>
      </trkpt>
      <trkpt lat="33.855670150369406" lon="-116.72530791722238">
        <time>2005-05-11T06:59:13-07:00</time>
      </trkpt>
      <trkpt lat="33.85570761747658" lon="-116.7252466455102">
        <time>2005-05-11T06:59:14-07:00</time>
      </trkpt>
      <trkpt lat="33.855750700458884" lon="-116.72522937878966">
        <time>2005-05-11T06:59:18-07:00</time>
      </trkpt>
      <trkpt lat="33.85578925721347" lon="-116.72521655447781">
        <time>2005-05-11T06:59:19-07:00</time>
      </trkpt>
      <trkpt lat="33.855856731534004" lon="-116.72517908737063">
        <time>2005-05-11T06:59:24-07:00</time>
      </trkpt>
      <trkpt lat="33.85591791942716" lon="-116.72515444457531">
        <time>2005-05-11T06:59:27-07:00</time>
      </trkpt>
      <trkpt lat="33.855960834771395" lon="-116.72514002770185">
        <time>2005-05-11T06:59:30-07:00</time>
      </trkpt>
      <trkpt lat="33.85600416921079" lon="-116.7251237668097">
        <time>2005-05-11T06:59:36-07:00</time>
      </trkpt>
      <trkpt lat="33.8560538738966" lon="-116.72510641627014">
        <time>2005-05-11T06:59:40-07:00</time>
      </trkpt>
      <trkpt lat="33.85608036071062" lon="-116.72508856281638">
        <time>2005-05-11T06:59:43-07:00</time>
      </trkpt>
      <trkpt lat="33.85612092912197" lon="-116.7250751517713">
        <time>2005-05-11T06:59:46-07:00</time>
      </trkpt>
      <trkpt lat="33.856174908578396" lon="-116.72505193389952">
        <time>2005-05-11T06:59:49-07:00</time>
      </trkpt>
      <trkpt lat="33.85623760521412" lon="-116.72498093917966">
        <time>2005-05-11T06:59:51-07:00</time>
      </trkpt>
      <trkpt lat="33.85624900460243" lon="-116.7249720543623">
        <time>2005-05-11T06:59:54-07:00</time>
      </trkpt>
      <trkpt lat="33.856308264657855" lon="-116.72493886202574">
        <time>2005-05-11T06:59:58-07:00</time>
      </trkpt>
      <trkpt lat="33.85632310062647" lon="-116.72492947429419">
        <time>2005-05-11T07:00:04-07:00</time>
      </trkpt>
      <trkpt lat="33.856367440894246" lon="-116.72490290366113">
        <time>2005-05-11T07:00:05-07:00</time>
      </trkpt>
      <trkpt lat="33.85639392770827" lon="-116.72488647513092">
        <time>2005-05-11T07:00:10-07:00</time>
      </trkpt>
      <trkpt lat="33.85641211643815" lon="-116.7248806077987">
        <time>2005-05-11T07:00:11-07:00</time>
      </trkpt>
      <trkpt lat="33.85643147863448" lon="-116.72485068440437">
        <time>2005-05-11T07:00:14-07:00</time>
      </trkpt>
      <trkpt lat="33.85643516667187" lon="-116.72481187619269">
        <time>2005-05-11T07:00:16-07:00</time>
      </trkpt>
      <trkpt lat="33.856424605473876" lon="-116.72475965693593">
        <time>2005-05-11T07:00:17-07:00</time>
      </trkpt>
      <trkpt lat="33.856415804475546" lon="-116.72470475547016">
        <time>2005-05-11T07:00:19-07:00</time>
      </trkpt>
      <trkpt lat="33.85639887303114" lon="-116.7245885822922">
        <time>2005-05-11T07:00:21-07:00</time>
      </trkpt>
      <trkpt lat="33.856397196650505" lon="-116.72456813044846">
        <time>2005-05-11T07:00:24-07:00</time>
      </trkpt>
      <trkpt lat="33.85638286359608" lon="-116.72446377575397">
        <time>2005-05-11T07:00:27-07:00</time>
      </trkpt>
      <trkpt lat="33.85636827908456" lon="-116.72440661117435">
        <time>2005-05-11T07:00:34-07:00</time>
      </trkpt>
      <trkpt lat="33.85636257939041" lon="-116.72438833862543">
        <time>2005-05-11T07:00:35-07:00</time>
      </trkpt>
      <trkpt lat="33.85634464211762" lon="-116.72429136000574">
        <time>2005-05-11T07:00:41-07:00</time>
      </trkpt>
      <trkpt lat="33.856325866654515" lon="-116.72424701973796">
        <time>2005-05-11T07:00:45-07:00</time>
      </trkpt>
      <trkpt lat="33.85629577562213" lon="-116.7242106422782">
        <time>2005-05-11T07:00:46-07:00</time>
      </trkpt>
      <trkpt lat="33.856266271322966" lon="-116.72413134947419">
        <time>2005-05-11T07:00:52-07:00</time>
      </trkpt>
      <trkpt lat="33.856268618255854" lon="-116.72411374747753">
        <time>2005-05-11T07:00:55-07:00</time>
      </trkpt>
      <trkpt lat="33.85623559355736" lon="-116.7240425851196">
        <time>2005-05-11T07:00:58-07:00</time>
      </trkpt>
      <trkpt lat="33.856195360422134" lon="-116.72394719906151">
        <time>2005-05-11T07:01:04-07:00</time>
      </trkpt>
      <trkpt lat="33.85617516003549" lon="-116.72385583631694">
        <time>2005-05-11T07:01:05-07:00</time>
      </trkpt>
      <trkpt lat="33.85616979561746" lon="-116.72380755655468">
        <time>2005-05-11T07:01:10-07:00</time>
      </trkpt>
      <trkpt lat="33.85616468265653" lon="-116.7237785551697">
        <time>2005-05-11T07:01:17-07:00</time>
      </trkpt>
      <trkpt lat="33.85615814477205" lon="-116.7237063869834">
        <time>2005-05-11T07:01:23-07:00</time>
      </trkpt>
      <trkpt lat="33.85615839622915" lon="-116.72369649633765">
        <time>2005-05-11T07:01:26-07:00</time>
      </trkpt>
      <trkpt lat="33.85616476647556" lon="-116.72367269173265">
        <time>2005-05-11T07:01:28-07:00</time>
      </trkpt>
      <trkpt lat="33.856167113408446" lon="-116.72367059625685">
        <time>2005-05-11T07:01:33-07:00</time>
      </trkpt>
      <trkpt lat="33.85615889914334" lon="-116.7236302793026">
        <time>2005-05-11T07:01:34-07:00</time>
      </trkpt>
      <trkpt lat="33.85615889914334" lon="-116.72362240031362">
        <time>2005-05-11T07:01:40-07:00</time>
      </trkpt>
      <trkpt lat="33.856135345995426" lon="-116.72356246970594">
        <time>2005-05-11T07:01:48-07:00</time>
      </trkpt>
      <trkpt lat="33.856135765090585" lon="-116.72355517745018">
        <time>2005-05-11T07:01:53-07:00</time>
      </trkpt>
      <trkpt lat="33.85613559745252" lon="-116.72355484217405">
        <time>2005-05-11T07:01:54-07:00</time>
      </trkpt>
      <trkpt lat="33.85609745979309" lon="-116.72352575697005">
        <time>2005-05-11T07:01:59-07:00</time>
      </trkpt>
      <trkpt lat="33.85604959912598" lon="-116.72350781969726">
        <time>2005-05-11T07:02:02-07:00</time>
      </trkpt>
      <trkpt lat="33.856039457023144" lon="-116.72350329346955">
        <time>2005-05-11T07:02:04-07:00</time>
      </trkpt>
      <trkpt lat="33.85597416199744" lon="-116.723472783342">
        <time>2005-05-11T07:02:13-07:00</time>
      </trkpt>
      <trkpt lat="33.85593962855637" lon="-116.72346691600978">
        <time>2005-05-11T07:02:17-07:00</time>
      </trkpt>
      <trkpt lat="33.8559190928936" lon="-116.72346364706755">
        <time>2005-05-11T07:02:18-07:00</time>
      </trkpt>
      <trkpt lat="33.85584197938442" lon="-116.72342584468424">
        <time>2005-05-11T07:02:23-07:00</time>
      </trkpt>
      <trkpt lat="33.85579529218376" lon="-116.72339382581413">
        <time>2005-05-11T07:02:26-07:00</time>
      </trkpt>
      <trkpt lat="33.85576620697975" lon="-116.72337060794234">
        <time>2005-05-11T07:02:28-07:00</time>
      </trkpt>
      <trkpt lat="33.85575531050563" lon="-116.72336507588625">
        <time>2005-05-11T07:02:34-07:00</time>
      </trkpt>
      <trkpt lat="33.855724884197116" lon="-116.72333808615804">
        <time>2005-05-11T07:02:37-07:00</time>
      </trkpt>
      <trkpt lat="33.85568859055638" lon="-116.7233297880739">
        <time>2005-05-11T07:02:39-07:00</time>
      </trkpt>
      <trkpt lat="33.855631090700626" lon="-116.72327002510428">
        <time>2005-05-11T07:02:40-07:00</time>
      </trkpt>
      <trkpt lat="33.85562622919679" lon="-116.72321093268692">
        <time>2005-05-11T07:02:43-07:00</time>
      </trkpt>
      <trkpt lat="33.8556098844856" lon="-116.72315427102149">
        <time>2005-05-11T07:02:46-07:00</time>
      </trkpt>
      <trkpt lat="33.85559840127826" lon="-116.72314245253801">
        <time>2005-05-11T07:02:52-07:00</time>
      </trkpt>
      <trkpt lat="33.855555234476924" lon="-116.7231136187911">
        <time>2005-05-11T07:02:55-07:00</time>
      </trkpt>
      <trkpt lat="33.8555202819407" lon="-116.7230398580432">
        <time>2005-05-11T07:02:59-07:00</time>
      </trkpt>
      <trkpt lat="33.855523047968745" lon="-116.72300004400313">
        <time>2005-05-11T07:03:00-07:00</time>
      </trkpt>
      <trkpt lat="33.85551935993135" lon="-116.72296366654336">
        <time>2005-05-11T07:03:04-07:00</time>
      </trkpt>
      <trkpt lat="33.855491699650884" lon="-116.7228805180639">
        <time>2005-05-11T07:03:10-07:00</time>
      </trkpt>
      <trkpt lat="33.855478540062904" lon="-116.72283793799579">
        <time>2005-05-11T07:03:13-07:00</time>
      </trkpt>
      <trkpt lat="33.85545993223786" lon="-116.72282226383686">
        <time>2005-05-11T07:03:15-07:00</time>
      </trkpt>
      <trkpt lat="33.85539757087827" lon="-116.72279485501349">
        <time>2005-05-11T07:03:21-07:00</time>
      </trkpt>
      <trkpt lat="33.85533747263253" lon="-116.7227700445801">
        <time>2005-05-11T07:03:24-07:00</time>
      </trkpt>
      <trkpt lat="33.85532489977777" lon="-116.72276568599045">
        <time>2005-05-11T07:03:26-07:00</time>
      </trkpt>
      <trkpt lat="33.85525851510465" lon="-116.72272637486458">
        <time>2005-05-11T07:03:31-07:00</time>
      </trkpt>
      <trkpt lat="33.855248373001814" lon="-116.72271707095206">
        <time>2005-05-11T07:03:35-07:00</time>
      </trkpt>
      <trkpt lat="33.855162877589464" lon="-116.72268262133002">
        <time>2005-05-11T07:03:36-07:00</time>
      </trkpt>
      <trkpt lat="33.855144772678614" lon="-116.72265605069697">
        <time>2005-05-11T07:03:41-07:00</time>
      </trkpt>
      <trkpt lat="33.85514494031668" lon="-116.72263861633837">
        <time>2005-05-11T07:03:42-07:00</time>
      </trkpt>
      <trkpt lat="33.85515131056309" lon="-116.72262386418879">
        <time>2005-05-11T07:03:48-07:00</time>
      </trkpt>
      <trkpt lat="33.855159021914005" lon="-116.72260668128729">
        <time>2005-05-11T07:03:50-07:00</time>
      </trkpt>
      <trkpt lat="33.85520847514272" lon="-116.7225472535938">
        <time>2005-05-11T07:03:51-07:00</time>
      </trkpt>
      <trkpt lat="33.855217611417174" lon="-116.72254105098546">
        <time>2005-05-11T07:03:52-07:00</time>
      </trkpt>
      <trkpt lat="33.85527561418712" lon="-116.72248958609998">
        <time>2005-05-11T07:03:53-07:00</time>
      </trkpt>
      <trkpt lat="33.85533596388996" lon="-116.72245387919247">
        <time>2005-05-11T07:03:58-07:00</time>
      </trkpt>
      <trkpt lat="33.855378460139036" lon="-116.72243870794773">
        <time>2005-05-11T07:03:59-07:00</time>
      </trkpt>
      <trkpt lat="33.85539128445089" lon="-116.72243250533938">
        <time>2005-05-11T07:04:05-07:00</time>
      </trkpt>
      <trkpt lat="33.85549010708928" lon="-116.72240124084055">
        <time>2005-05-11T07:04:09-07:00</time>
      </trkpt>
      <trkpt lat="33.85553360916674" lon="-116.72238430939615">
        <time>2005-05-11T07:04:13-07:00</time>
      </trkpt>
      <trkpt lat="33.85557652451098" lon="-116.72236695885658">
        <time>2005-05-11T07:04:14-07:00</time>
      </trkpt>
      <trkpt lat="33.855612901970744" lon="-116.72235975041986">
        <time>2005-05-11T07:04:21-07:00</time>
      </trkpt>
      <trkpt lat="33.855618769302964" lon="-116.72235279344022">
        <time>2005-05-11T07:04:24-07:00</time>
      </trkpt>
      <trkpt lat="33.8556101359427" lon="-116.72235346399248">
        <time>2005-05-11T07:04:27-07:00</time>
      </trkpt>
      <trkpt lat="33.85555900633335" lon="-116.72236603684723">
        <time>2005-05-11T07:04:30-07:00</time>
      </trkpt>
      <trkpt lat="33.85554819367826" lon="-116.72237207181752">
        <time>2005-05-11T07:04:32-07:00</time>
      </trkpt>
      <trkpt lat="33.855492705479264" lon="-116.72239403240383">
        <time>2005-05-11T07:04:33-07:00</time>
      </trkpt>
      <trkpt lat="33.855440989136696" lon="-116.72241473570466">
        <time>2005-05-11T07:04:38-07:00</time>
      </trkpt>
      <trkpt lat="33.85542933829129" lon="-116.72242001630366">
        <time>2005-05-11T07:04:39-07:00</time>
      </trkpt>
      <trkpt lat="33.85535901412368" lon="-116.72244407236576">
        <time>2005-05-11T07:04:44-07:00</time>
      </trkpt>
      <trkpt lat="33.85529598221183" lon="-116.72247793525457">
        <time>2005-05-11T07:04:49-07:00</time>
      </trkpt>
      <trkpt lat="33.855248373001814" lon="-116.7225094512105">
        <time>2005-05-11T07:04:50-07:00</time>
      </trkpt>
      <trkpt lat="33.85524099692702" lon="-116.72251800075173">
        <time>2005-05-11T07:04:56-07:00</time>
      </trkpt>
      <trkpt lat="33.855233285576105" lon="-116.7225287295878">
        <time>2005-05-11T07:05:01-07:00</time>
      </trkpt>
      <trkpt lat="33.85519623756409" lon="-116.72257399186492">
        <time>2005-05-11T07:05:06-07:00</time>
      </trkpt>
      <trkpt lat="33.85517536662519" lon="-116.72259435988963">
        <time>2005-05-11T07:05:07-07:00</time>
      </trkpt>
      <trkpt lat="33.85511820204556" lon="-116.72260835766792">
        <time>2005-05-11T07:05:08-07:00</time>
      </trkpt>
      <trkpt lat="33.85509339161217" lon="-116.72262093052268">
        <time>2005-05-11T07:05:12-07:00</time>
      </trkpt>
      <trkpt lat="33.855056846514344" lon="-116.72262470237911">
        <time>2005-05-11T07:05:14-07:00</time>
      </trkpt>
      <trkpt lat="33.855034802109" lon="-116.72264808788896">
        <time>2005-05-11T07:05:20-07:00</time>
      </trkpt>
      <trkpt lat="33.85499029420316" lon="-116.72267398796976">
        <time>2005-05-11T07:05:26-07:00</time>
      </trkpt>
      <trkpt lat="33.85494469664991" lon="-116.72268748283386">
        <time>2005-05-11T07:05:33-07:00</time>
      </trkpt>
      <trkpt lat="33.854869259521365" lon="-116.72272729687393">
        <time>2005-05-11T07:05:39-07:00</time>
      </trkpt>
      <trkpt lat="33.85482248850167" lon="-116.72272805124521">
        <time>2005-05-11T07:05:45-07:00</time>
      </trkpt>
      <trkpt lat="33.85479030199349" lon="-116.72272369265556">
        <time>2005-05-11T07:05:49-07:00</time>
      </trkpt>
      <trkpt lat="33.85475920513272" lon="-116.72272126190364">
        <time>2005-05-11T07:05:55-07:00</time>
      </trkpt>
      <trkpt lat="33.85473364032805" lon="-116.72271572984755">
        <time>2005-05-11T07:05:58-07:00</time>
      </trkpt>
      <trkpt lat="33.85469173081219" lon="-116.72268999740481">
        <time>2005-05-11T07:06:01-07:00</time>
      </trkpt>
      <trkpt lat="33.85466423816979" lon="-116.7226701322943">
        <time>2005-05-11T07:06:04-07:00</time>
      </trkpt>
      <trkpt lat="33.854648899286985" lon="-116.72265814617276">
        <time>2005-05-11T07:06:06-07:00</time>
      </trkpt>
      <trkpt lat="33.85458620265126" lon="-116.72260332852602">
        <time>2005-05-11T07:06:11-07:00</time>
      </trkpt>
      <trkpt lat="33.85456373915076" lon="-116.72259385697544">
        <time>2005-05-11T07:06:14-07:00</time>
      </trkpt>
      <trkpt lat="33.85453431867063" lon="-116.72257256694138">
        <time>2005-05-11T07:06:16-07:00</time>
      </trkpt>
      <trkpt lat="33.85453088209033" lon="-116.7225562222302">
        <time>2005-05-11T07:06:22-07:00</time>
      </trkpt>
      <trkpt lat="33.85451763868332" lon="-116.72253384254873">
        <time>2005-05-11T07:06:24-07:00</time>
      </trkpt>
      <trkpt lat="33.8545080833137" lon="-116.72253426164389">
        <time>2005-05-11T07:06:27-07:00</time>
      </trkpt>
      <trkpt lat="33.854495510458946" lon="-116.72254323028028">
        <time>2005-05-11T07:06:28-07:00</time>
      </trkpt>
      <trkpt lat="33.854457372799516" lon="-116.7225456610322">
        <time>2005-05-11T07:06:30-07:00</time>
      </trkpt>
      <trkpt lat="33.85442485101521" lon="-116.72253266908228">
        <time>2005-05-11T07:06:31-07:00</time>
      </trkpt>
      <trkpt lat="33.85440959595144" lon="-116.72248732298613">
        <time>2005-05-11T07:06:32-07:00</time>
      </trkpt>
      <trkpt lat="33.85440431535244" lon="-116.7224682122469">
        <time>2005-05-11T07:06:36-07:00</time>
      </trkpt>
      <trkpt lat="33.85439341887832" lon="-116.7224663682282">
        <time>2005-05-11T07:06:38-07:00</time>
      </trkpt>
      <trkpt lat="33.85434413328767" lon="-116.72246435657144">
        <time>2005-05-11T07:06:41-07:00</time>
      </trkpt>
      <trkpt lat="33.85428663343191" lon="-116.72243854030967">
        <time>2005-05-11T07:06:43-07:00</time>
      </trkpt>
      <trkpt lat="33.854273557662964" lon="-116.72243971377611">
        <time>2005-05-11T07:06:44-07:00</time>
      </trkpt>
      <trkpt lat="33.85421681217849" lon="-116.72242412343621">
        <time>2005-05-11T07:06:48-07:00</time>
      </trkpt>
      <trkpt lat="33.85413508862257" lon="-116.72238808125257">
        <time>2005-05-11T07:06:53-07:00</time>
      </trkpt>
      <trkpt lat="33.854105584323406" lon="-116.7223989777267">
        <time>2005-05-11T07:06:54-07:00</time>
      </trkpt>
      <trkpt lat="33.85407197289169" lon="-116.72241205349565">
        <time>2005-05-11T07:06:58-07:00</time>
      </trkpt>
      <trkpt lat="33.85403408668935" lon="-116.72239721752703">
        <time>2005-05-11T07:07:04-07:00</time>
      </trkpt>
      <trkpt lat="33.854011287912726" lon="-116.7223989777267">
        <time>2005-05-11T07:07:06-07:00</time>
      </trkpt>
      <trkpt lat="33.85395370423794" lon="-116.72240685671568">
        <time>2005-05-11T07:07:09-07:00</time>
      </trkpt>
      <trkpt lat="33.85394004173577" lon="-116.72239797189832">
        <time>2005-05-11T07:07:12-07:00</time>
      </trkpt>
      <trkpt lat="33.85391288436949" lon="-116.7223849799484">
        <time>2005-05-11T07:07:14-07:00</time>
      </trkpt>
      <trkpt lat="33.85389855131507" lon="-116.72237793914974">
        <time>2005-05-11T07:07:18-07:00</time>
      </trkpt>
      <trkpt lat="33.853827053681016" lon="-116.72238506376743">
        <time>2005-05-11T07:07:19-07:00</time>
      </trkpt>
      <trkpt lat="33.85378019884229" lon="-116.72241372987628">
        <time>2005-05-11T07:07:21-07:00</time>
      </trkpt>
      <trkpt lat="33.85376712307334" lon="-116.72242345288396">
        <time>2005-05-11T07:07:22-07:00</time>
      </trkpt>
      <trkpt lat="33.85373183526099" lon="-116.7224434018135">
        <time>2005-05-11T07:07:27-07:00</time>
      </trkpt>
      <trkpt lat="33.853711634874344" lon="-116.72244608402252">
        <time>2005-05-11T07:07:32-07:00</time>
      </trkpt>
      <trkpt lat="33.853689674288034" lon="-116.72243258915842">
        <time>2005-05-11T07:07:33-07:00</time>
      </trkpt>
      <trkpt lat="33.853657403960824" lon="-116.72240165993571">
        <time>2005-05-11T07:07:36-07:00</time>
      </trkpt>
      <trkpt lat="33.85364390909672" lon="-116.72239889390767">
        <time>2005-05-11T07:07:38-07:00</time>
      </trkpt>
      <trkpt lat="33.85362781584263" lon="-116.72239704988897">
        <time>2005-05-11T07:07:40-07:00</time>
      </trkpt>
      <trkpt lat="33.85358498431742" lon="-116.72241473570466">
        <time>2005-05-11T07:07:43-07:00</time>
      </trkpt>
      <trkpt lat="33.853565622121096" lon="-116.72240870073438">
        <time>2005-05-11T07:07:44-07:00</time>
      </trkpt>
      <trkpt lat="33.85354718193412" lon="-116.72239579260349">
        <time>2005-05-11T07:07:47-07:00</time>
      </trkpt>
      <trkpt lat="33.85353469289839" lon="-116.72238975763321">
        <time>2005-05-11T07:07:53-07:00</time>
      </trkpt>
      <trkpt lat="33.853533351793885" lon="-116.72239487059414">
        <time>2005-05-11T07:07:54-07:00</time>
      </trkpt>
      <trkpt lat="33.85353343561292" lon="-116.72239252366126">
        <time>2005-05-11T07:07:56-07:00</time>
      </trkpt>
      <trkpt lat="33.8535341899842" lon="-116.72239788807929">
        <time>2005-05-11T07:07:58-07:00</time>
      </trkpt>
      <trkpt lat="33.85353460907936" lon="-116.72239629551768">
        <time>2005-05-11T07:08:01-07:00</time>
      </trkpt>
      <trkpt lat="33.853531340137124" lon="-116.7223952896893">
        <time>2005-05-11T07:08:06-07:00</time>
      </trkpt>
      <trkpt lat="33.85353460907936" lon="-116.72239629551768">
        <time>2005-05-11T07:08:09-07:00</time>
      </trkpt>
      <trkpt lat="33.85352538898587" lon="-116.72239176928997">
        <time>2005-05-11T07:08:16-07:00</time>
      </trkpt>
      <trkpt lat="33.85353460907936" lon="-116.72239629551768">
        <time>2005-05-11T07:08:26-07:00</time>
      </trkpt>
      <trkpt lat="33.85353460907936" lon="-116.72239629551768">
        <time>2005-05-11T07:08:33-07:00</time>
      </trkpt>
      <trkpt lat="33.85353460907936" lon="-116.72239629551768">
        <time>2005-05-11T07:08:39-07:00</time>
      </trkpt>
      <trkpt lat="33.85353460907936" lon="-116.72239629551768">
        <time>2005-05-11T07:08:45-07:00</time>
      </trkpt>
      <trkpt lat="33.85359822772443" lon="-116.72256301157176">
        <time>2005-05-11T07:08:53-07:00</time>
      </trkpt>
      <trkpt lat="33.853731667622924" lon="-116.72248790971935">
        <time>2005-05-11T07:08:59-07:00</time>
      </trkpt>
      <trkpt lat="33.853800147771835" lon="-116.7224349360913">
        <time>2005-05-11T07:09:02-07:00</time>
      </trkpt>
      <trkpt lat="33.8537675421685" lon="-116.72246997244656">
        <time>2005-05-11T07:50:50-07:00</time>
      </trkpt>
      <trkpt lat="33.85377248749137" lon="-116.72246410511434">
        <time>2005-05-11T07:50:51-07:00</time>
      </trkpt>
      <trkpt lat="33.853792855516076" lon="-116.72244566492736">
        <time>2005-05-11T07:50:56-07:00</time>
      </trkpt>
      <trkpt lat="33.85381146334112" lon="-116.72243208624423">
        <time>2005-05-11T07:50:58-07:00</time>
      </trkpt>
      <trkpt lat="33.85383258573711" lon="-116.72242982313037">
        <time>2005-05-11T07:50:59-07:00</time>
      </trkpt>
      <trkpt lat="33.853838704526424" lon="-116.72242756001651">
        <time>2005-05-11T07:51:01-07:00</time>
      </trkpt>
      <trkpt lat="33.8538814522326" lon="-116.72243049368262">
        <time>2005-05-11T07:51:03-07:00</time>
      </trkpt>
      <trkpt lat="33.853883631527424" lon="-116.72243585810065">
        <time>2005-05-11T07:51:04-07:00</time>
      </trkpt>
      <trkpt lat="33.85390676558018" lon="-116.72245178371668">
        <time>2005-05-11T07:51:05-07:00</time>
      </trkpt>
      <trkpt lat="33.85393333621323" lon="-116.7224542144686">
        <time>2005-05-11T07:51:06-07:00</time>
      </trkpt>
      <trkpt lat="33.85395194403827" lon="-116.72245312482119">
        <time>2005-05-11T07:51:07-07:00</time>
      </trkpt>
      <trkpt lat="33.85397415608168" lon="-116.72245672903955">
        <time>2005-05-11T07:51:10-07:00</time>
      </trkpt>
      <trkpt lat="33.853992177173495" lon="-116.72244440764189">
        <time>2005-05-11T07:51:11-07:00</time>
      </trkpt>
      <trkpt lat="33.85401522740722" lon="-116.72244667075574">
        <time>2005-05-11T07:51:14-07:00</time>
      </trkpt>
      <trkpt lat="33.85405889712274" lon="-116.7224404681474">
        <time>2005-05-11T07:51:16-07:00</time>
      </trkpt>
      <trkpt lat="33.854119665920734" lon="-116.72242906875908">
        <time>2005-05-11T07:51:17-07:00</time>
      </trkpt>
      <trkpt lat="33.85413659736514" lon="-116.72243032604456">
        <time>2005-05-11T07:51:20-07:00</time>
      </trkpt>
      <trkpt lat="33.85418579913676" lon="-116.72244600020349">
        <time>2005-05-11T07:51:22-07:00</time>
      </trkpt>
      <trkpt lat="33.85422200895846" lon="-116.72245379537344">
        <time>2005-05-11T07:51:26-07:00</time>
      </trkpt>
      <trkpt lat="33.854241371154785" lon="-116.7224560584873">
        <time>2005-05-11T07:51:31-07:00</time>
      </trkpt>
      <trkpt lat="33.85429199784994" lon="-116.72248430550098">
        <time>2005-05-11T07:51:36-07:00</time>
      </trkpt>
      <trkpt lat="33.85430515743792" lon="-116.7224936094135">
        <time>2005-05-11T07:51:37-07:00</time>
      </trkpt>
      <trkpt lat="33.854345977306366" lon="-116.72249830327928">
        <time>2005-05-11T07:51:41-07:00</time>
      </trkpt>
      <trkpt lat="33.85437900200486" lon="-116.72251724638045">
        <time>2005-05-11T07:51:44-07:00</time>
      </trkpt>
      <trkpt lat="33.85438143275678" lon="-116.7225300706923">
        <time>2005-05-11T07:51:46-07:00</time>
      </trkpt>
      <trkpt lat="33.85439953766763" lon="-116.72252839431167">
        <time>2005-05-11T07:51:50-07:00</time>
      </trkpt>
      <trkpt lat="33.854429041966796" lon="-116.72252940014005">
        <time>2005-05-11T07:51:51-07:00</time>
      </trkpt>
      <trkpt lat="33.85445402003825" lon="-116.72253862023354">
        <time>2005-05-11T07:51:55-07:00</time>
      </trkpt>
      <trkpt lat="33.85446533560753" lon="-116.72252738848329">
        <time>2005-05-11T07:52:00-07:00</time>
      </trkpt>
      <trkpt lat="33.85449165478349" lon="-116.72256032936275">
        <time>2005-05-11T07:52:01-07:00</time>
      </trkpt>
      <trkpt lat="33.85452224873006" lon="-116.72260039485991">
        <time>2005-05-11T07:52:03-07:00</time>
      </trkpt>
      <trkpt lat="33.854573126882315" lon="-116.72262688167393">
        <time>2005-05-11T07:52:06-07:00</time>
      </trkpt>
      <trkpt lat="33.85460648685694" lon="-116.7226460762322">
        <time>2005-05-11T07:52:10-07:00</time>
      </trkpt>
      <trkpt lat="33.854626435786486" lon="-116.72265973873436">
        <time>2005-05-11T07:52:12-07:00</time>
      </trkpt>
      <trkpt lat="33.85467303916812" lon="-116.72270282171667">
        <time>2005-05-11T07:52:14-07:00</time>
      </trkpt>
      <trkpt lat="33.85469055734575" lon="-116.72271262854338">
        <time>2005-05-11T07:52:17-07:00</time>
      </trkpt>
      <trkpt lat="33.8547173794359" lon="-116.72271405346692">
        <time>2005-05-11T07:52:22-07:00</time>
      </trkpt>
      <trkpt lat="33.85478694923222" lon="-116.72273308038712">
        <time>2005-05-11T07:52:25-07:00</time>
      </trkpt>
      <trkpt lat="33.85483690537512" lon="-116.7227391153574">
        <time>2005-05-11T07:52:27-07:00</time>
      </trkpt>
      <trkpt lat="33.854890214279294" lon="-116.72272863797843">
        <time>2005-05-11T07:52:32-07:00</time>
      </trkpt>
      <trkpt lat="33.85495249181986" lon="-116.72270835377276">
        <time>2005-05-11T07:52:34-07:00</time>
      </trkpt>
      <trkpt lat="33.85501200333238" lon="-116.72269276343286">
        <time>2005-05-11T07:52:37-07:00</time>
      </trkpt>
      <trkpt lat="33.855023235082626" lon="-116.72268932685256">
        <time>2005-05-11T07:52:42-07:00</time>
      </trkpt>
      <trkpt lat="33.85508190840483" lon="-116.72266879118979">
        <time>2005-05-11T07:52:46-07:00</time>
      </trkpt>
      <trkpt lat="33.85510546155274" lon="-116.72265420667827">
        <time>2005-05-11T07:52:50-07:00</time>
      </trkpt>
      <trkpt lat="33.85514066554606" lon="-116.72263668850064">
        <time>2005-05-11T07:52:55-07:00</time>
      </trkpt>
      <trkpt lat="33.855201518163085" lon="-116.72257826663554">
        <time>2005-05-11T07:53:00-07:00</time>
      </trkpt>
      <trkpt lat="33.85524518787861" lon="-116.72252076677978">
        <time>2005-05-11T07:53:01-07:00</time>
      </trkpt>
      <trkpt lat="33.85532917454839" lon="-116.72245999798179">
        <time>2005-05-11T07:53:05-07:00</time>
      </trkpt>
      <trkpt lat="33.85537804104388" lon="-116.72244465909898">
        <time>2005-05-11T07:53:07-07:00</time>
      </trkpt>
      <trkpt lat="33.855391619727015" lon="-116.72244130633771">
        <time>2005-05-11T07:53:10-07:00</time>
      </trkpt>
      <trkpt lat="33.85545280762017" lon="-116.72241523861885">
        <time>2005-05-11T07:53:16-07:00</time>
      </trkpt>
      <trkpt lat="33.85546747595072" lon="-116.72241364605725">
        <time>2005-05-11T07:53:21-07:00</time>
      </trkpt>
      <trkpt lat="33.85550720617175" lon="-116.72239906154573">
        <time>2005-05-11T07:53:28-07:00</time>
      </trkpt>
      <trkpt lat="33.85558038018644" lon="-116.72237223945558">
        <time>2005-05-11T07:53:32-07:00</time>
      </trkpt>
      <trkpt lat="33.85559328831732" lon="-116.72236746177077">
        <time>2005-05-11T07:53:33-07:00</time>
      </trkpt>
      <trkpt lat="33.8556600920856" lon="-116.72236704267561">
        <time>2005-05-11T07:53:38-07:00</time>
      </trkpt>
      <trkpt lat="33.85568398050964" lon="-116.72235849313438">
        <time>2005-05-11T07:53:40-07:00</time>
      </trkpt>
      <trkpt lat="33.85572605766356" lon="-116.72233200632036">
        <time>2005-05-11T07:53:43-07:00</time>
      </trkpt>
      <trkpt lat="33.85576796717942" lon="-116.7222969699651">
        <time>2005-05-11T07:53:48-07:00</time>
      </trkpt>
      <trkpt lat="33.855807445943356" lon="-116.72227961942554">
        <time>2005-05-11T07:53:49-07:00</time>
      </trkpt>
      <trkpt lat="33.85581750422716" lon="-116.72228045761585">
        <time>2005-05-11T07:53:54-07:00</time>
      </trkpt>
      <trkpt lat="33.855867041274905" lon="-116.72226964496076">
        <time>2005-05-11T07:53:56-07:00</time>
      </trkpt>
      <trkpt lat="33.85591993108392" lon="-116.722233267501">
        <time>2005-05-11T07:54:00-07:00</time>
      </trkpt>
      <trkpt lat="33.8559294026345" lon="-116.72222446650267">
        <time>2005-05-11T07:54:04-07:00</time>
      </trkpt>
      <trkpt lat="33.85594641789794" lon="-116.72221004962921">
        <time>2005-05-11T07:54:07-07:00</time>
      </trkpt>
      <trkpt lat="33.855996457859874" lon="-116.72219605185091">
        <time>2005-05-11T07:54:08-07:00</time>
      </trkpt>
      <trkpt lat="33.85601288639009" lon="-116.72219479456544">
        <time>2005-05-11T07:54:12-07:00</time>
      </trkpt>
      <trkpt lat="33.85608228854835" lon="-116.72219035215676">
        <time>2005-05-11T07:54:17-07:00</time>
      </trkpt>
      <trkpt lat="33.856149930506945" lon="-116.72220543958247">
        <time>2005-05-11T07:54:18-07:00</time>
      </trkpt>
      <trkpt lat="33.85619603097439" lon="-116.72221566550434">
        <time>2005-05-11T07:54:20-07:00</time>
      </trkpt>
      <trkpt lat="33.8562386110425" lon="-116.7222263943404">
        <time>2005-05-11T07:54:24-07:00</time>
      </trkpt>
      <trkpt lat="33.8562473282218" lon="-116.72222848981619">
        <time>2005-05-11T07:54:25-07:00</time>
      </trkpt>
      <trkpt lat="33.8563075941056" lon="-116.72223712317646">
        <time>2005-05-11T07:54:30-07:00</time>
      </trkpt>
      <trkpt lat="33.85633450001478" lon="-116.72223905101418">
        <time>2005-05-11T07:54:35-07:00</time>
      </trkpt>
      <trkpt lat="33.856405075639486" lon="-116.72225950285792">
        <time>2005-05-11T07:54:39-07:00</time>
      </trkpt>
      <trkpt lat="33.85641982778907" lon="-116.72226478345692">
        <time>2005-05-11T07:54:43-07:00</time>
      </trkpt>
      <trkpt lat="33.856501216068864" lon="-116.72228221781552">
        <time>2005-05-11T07:54:44-07:00</time>
      </trkpt>
      <trkpt lat="33.85653189383447" lon="-116.72229529358447">
        <time>2005-05-11T07:54:49-07:00</time>
      </trkpt>
      <trkpt lat="33.85657246224582" lon="-116.72231113538146">
        <time>2005-05-11T07:54:51-07:00</time>
      </trkpt>
      <trkpt lat="33.856652677059174" lon="-116.72232622280717">
        <time>2005-05-11T07:54:56-07:00</time>
      </trkpt>
      <trkpt lat="33.85671763680875" lon="-116.72231272794306">
        <time>2005-05-11T07:54:57-07:00</time>
      </trkpt>
      <trkpt lat="33.85675468482077" lon="-116.72231691889465">
        <time>2005-05-11T07:55:03-07:00</time>
      </trkpt>
      <trkpt lat="33.85677555575967" lon="-116.72231708653271">
        <time>2005-05-11T07:55:05-07:00</time>
      </trkpt>
      <trkpt lat="33.85685141198337" lon="-116.72232228331268">
        <time>2005-05-11T07:55:08-07:00</time>
      </trkpt>
      <trkpt lat="33.85686448775232" lon="-116.72232538461685">
        <time>2005-05-11T07:55:14-07:00</time>
      </trkpt>
      <trkpt lat="33.856920478865504" lon="-116.72234022058547">
        <time>2005-05-11T07:55:19-07:00</time>
      </trkpt>
      <trkpt lat="33.85693456046283" lon="-116.7223434895277">
        <time>2005-05-11T07:55:22-07:00</time>
      </trkpt>
      <trkpt lat="33.85699105449021" lon="-116.72235547564924">
        <time>2005-05-11T07:55:24-07:00</time>
      </trkpt>
      <trkpt lat="33.85702081024647" lon="-116.72234994359314">
        <time>2005-05-11T07:55:30-07:00</time>
      </trkpt>
      <trkpt lat="33.85707571171224" lon="-116.722323121503">
        <time>2005-05-11T07:55:31-07:00</time>
      </trkpt>
      <trkpt lat="33.85713564231992" lon="-116.72229445539415">
        <time>2005-05-11T07:55:35-07:00</time>
      </trkpt>
      <trkpt lat="33.857241589576006" lon="-116.72228406183422">
        <time>2005-05-11T07:55:36-07:00</time>
      </trkpt>
      <trkpt lat="33.85725508444011" lon="-116.72228758223355">
        <time>2005-05-11T07:55:40-07:00</time>
      </trkpt>
      <trkpt lat="33.85733957402408" lon="-116.7222678847611">
        <time>2005-05-11T07:55:42-07:00</time>
      </trkpt>
      <trkpt lat="33.85737427510321" lon="-116.72222178429365">
        <time>2005-05-11T07:55:46-07:00</time>
      </trkpt>
      <trkpt lat="33.857384249567986" lon="-116.72221482731402">
        <time>2005-05-11T07:55:51-07:00</time>
      </trkpt>
      <trkpt lat="33.85744996368885" lon="-116.72218641266227">
        <time>2005-05-11T07:55:58-07:00</time>
      </trkpt>
      <trkpt lat="33.85750863701105" lon="-116.7221465986222">
        <time>2005-05-11T07:55:59-07:00</time>
      </trkpt>
      <trkpt lat="33.85758181102574" lon="-116.72210125252604">
        <time>2005-05-11T07:56:06-07:00</time>
      </trkpt>
      <trkpt lat="33.857627492398024" lon="-116.72204333357513">
        <time>2005-05-11T07:56:11-07:00</time>
      </trkpt>
      <trkpt lat="33.857714580371976" lon="-116.72200737521052">
        <time>2005-05-11T07:56:12-07:00</time>
      </trkpt>
      <trkpt lat="33.85774509049952" lon="-116.72201910987496">
        <time>2005-05-11T07:56:17-07:00</time>
      </trkpt>
      <trkpt lat="33.8577598426491" lon="-116.72202371992171">
        <time>2005-05-11T07:56:22-07:00</time>
      </trkpt>
      <trkpt lat="33.85778012685478" lon="-116.72201760113239">
        <time>2005-05-11T07:56:28-07:00</time>
      </trkpt>
      <trkpt lat="33.857821030542254" lon="-116.72199404798448">
        <time>2005-05-11T07:56:33-07:00</time>
      </trkpt>
      <trkpt lat="33.857840644195676" lon="-116.72200058586895">
        <time>2005-05-11T07:56:39-07:00</time>
      </trkpt>
      <trkpt lat="33.85789412073791" lon="-116.72201148234308">
        <time>2005-05-11T07:56:42-07:00</time>
      </trkpt>
      <trkpt lat="33.85795237496495" lon="-116.72198625281453">
        <time>2005-05-11T07:56:43-07:00</time>
      </trkpt>
      <trkpt lat="33.858012054115534" lon="-116.7219409905374">
        <time>2005-05-11T07:56:45-07:00</time>
      </trkpt>
      <trkpt lat="33.85802462697029" lon="-116.7219375539571">
        <time>2005-05-11T07:56:48-07:00</time>
      </trkpt>
      <trkpt lat="33.85805144906044" lon="-116.72189648263156">
        <time>2005-05-11T07:56:49-07:00</time>
      </trkpt>
      <trkpt lat="33.85804105550051" lon="-116.72188298776746">
        <time>2005-05-11T07:56:53-07:00</time>
      </trkpt>
      <trkpt lat="33.858015574514866" lon="-116.7218564171344">
        <time>2005-05-11T07:56:58-07:00</time>
      </trkpt>
      <trkpt lat="33.85798875242472" lon="-116.7218463588506">
        <time>2005-05-11T07:57:03-07:00</time>
      </trkpt>
      <trkpt lat="33.85795530863106" lon="-116.72186421230435">
        <time>2005-05-11T07:57:04-07:00</time>
      </trkpt>
      <trkpt lat="33.85794064030051" lon="-116.72186622396111">
        <time>2005-05-11T07:57:08-07:00</time>
      </trkpt>
      <trkpt lat="33.85792111046612" lon="-116.72185172326863">
        <time>2005-05-11T07:57:09-07:00</time>
      </trkpt>
      <trkpt lat="33.85787802748382" lon="-116.72184929251671">
        <time>2005-05-11T07:57:12-07:00</time>
      </trkpt>
      <trkpt lat="33.857845924794674" lon="-116.72185951843858">
        <time>2005-05-11T07:57:14-07:00</time>
      </trkpt>
      <trkpt lat="33.857782892882824" lon="-116.72187737189233">
        <time>2005-05-11T07:57:17-07:00</time>
      </trkpt>
      <trkpt lat="33.85770343244076" lon="-116.72186119481921">
        <time>2005-05-11T07:57:18-07:00</time>
      </trkpt>
      <trkpt lat="33.85764241218567" lon="-116.7218534834683">
        <time>2005-05-11T07:57:20-07:00</time>
      </trkpt>
      <trkpt lat="33.85757443495095" lon="-116.721834205091">
        <time>2005-05-11T07:57:23-07:00</time>
      </trkpt>
      <trkpt lat="33.85753160342574" lon="-116.7218513879925">
        <time>2005-05-11T07:57:25-07:00</time>
      </trkpt>
      <trkpt lat="33.857495561242104" lon="-116.72188533470035">
        <time>2005-05-11T07:57:29-07:00</time>
      </trkpt>
      <trkpt lat="33.85747502557933" lon="-116.72190385870636">
        <time>2005-05-11T07:57:35-07:00</time>
      </trkpt>
      <trkpt lat="33.857427667826414" lon="-116.721953144297">
        <time>2005-05-11T07:57:40-07:00</time>
      </trkpt>
      <trkpt lat="33.857403276488185" lon="-116.72197300940752">
        <time>2005-05-11T07:57:46-07:00</time>
      </trkpt>
      <trkpt lat="33.85734627954662" lon="-116.72198625281453">
        <time>2005-05-11T07:57:49-07:00</time>
      </trkpt>
      <trkpt lat="33.85726463980973" lon="-116.7220054473728">
        <time>2005-05-11T07:57:52-07:00</time>
      </trkpt>
      <trkpt lat="33.85720076970756" lon="-116.7220329400152">
        <time>2005-05-11T07:57:54-07:00</time>
      </trkpt>
      <trkpt lat="33.8571847602725" lon="-116.72203537076712">
        <time>2005-05-11T07:57:59-07:00</time>
      </trkpt>
      <trkpt lat="33.85714829899371" lon="-116.72202849760652">
        <time>2005-05-11T07:58:01-07:00</time>
      </trkpt>
      <trkpt lat="33.85712399147451" lon="-116.72202095389366">
        <time>2005-05-11T07:58:05-07:00</time>
      </trkpt>
      <trkpt lat="33.85708778165281" lon="-116.72200804576278">
        <time>2005-05-11T07:58:11-07:00</time>
      </trkpt>
      <trkpt lat="33.85705626569688" lon="-116.72199706546962">
        <time>2005-05-11T07:58:16-07:00</time>
      </trkpt>
      <trkpt lat="33.85703958570957" lon="-116.72199597582221">
        <time>2005-05-11T07:58:17-07:00</time>
      </trkpt>
      <trkpt lat="33.856976721435785" lon="-116.7219671420753">
        <time>2005-05-11T07:58:20-07:00</time>
      </trkpt>
      <trkpt lat="33.8569638133049" lon="-116.7219652980566">
        <time>2005-05-11T07:58:22-07:00</time>
      </trkpt>
      <trkpt lat="33.856884855777025" lon="-116.72194073908031">
        <time>2005-05-11T07:58:25-07:00</time>
      </trkpt>
      <trkpt lat="33.85687094181776" lon="-116.7219322733581">
        <time>2005-05-11T07:58:27-07:00</time>
      </trkpt>
      <trkpt lat="33.856800282374024" lon="-116.72189204022288">
        <time>2005-05-11T07:58:28-07:00</time>
      </trkpt>
      <trkpt lat="33.856722163036466" lon="-116.72187058255076">
        <time>2005-05-11T07:58:33-07:00</time>
      </trkpt>
      <trkpt lat="33.856630800291896" lon="-116.72186203300953">
        <time>2005-05-11T07:58:34-07:00</time>
      </trkpt>
      <trkpt lat="33.85658109560609" lon="-116.72183110378683">
        <time>2005-05-11T07:58:40-07:00</time>
      </trkpt>
      <trkpt lat="33.85653323493898" lon="-116.7217826563865">
        <time>2005-05-11T07:58:41-07:00</time>
      </trkpt>
      <trkpt lat="33.85652996599674" lon="-116.7217736877501">
        <time>2005-05-11T07:58:46-07:00</time>
      </trkpt>
      <trkpt lat="33.85654631070793" lon="-116.72177117317915">
        <time>2005-05-11T07:58:52-07:00</time>
      </trkpt>
      <trkpt lat="33.85656894184649" lon="-116.72177611850202">
        <time>2005-05-11T07:58:59-07:00</time>
      </trkpt>
      <trkpt lat="33.856588220223784" lon="-116.7217757832259">
        <time>2005-05-11T07:59:04-07:00</time>
      </trkpt>
      <trkpt lat="33.856654856354" lon="-116.7217652220279">
        <time>2005-05-11T07:59:08-07:00</time>
      </trkpt>
      <trkpt lat="33.85670883581042" lon="-116.72176505438983">
        <time>2005-05-11T07:59:09-07:00</time>
      </trkpt>
      <trkpt lat="33.85674244724214" lon="-116.72176329419017">
        <time>2005-05-11T07:59:10-07:00</time>
      </trkpt>
      <trkpt lat="33.85677572339773" lon="-116.72174074687064">
        <time>2005-05-11T07:59:12-07:00</time>
      </trkpt>
      <trkpt lat="33.8568102568388" lon="-116.7217509727925">
        <time>2005-05-11T07:59:13-07:00</time>
      </trkpt>
      <trkpt lat="33.856856022030115" lon="-116.72173839993775">
        <time>2005-05-11T07:59:17-07:00</time>
      </trkpt>
      <trkpt lat="33.856921987608075" lon="-116.72176413238049">
        <time>2005-05-11T07:59:21-07:00</time>
      </trkpt>
      <trkpt lat="33.85693053714931" lon="-116.7217652220279">
        <time>2005-05-11T07:59:24-07:00</time>
      </trkpt>
      <trkpt lat="33.85699030011892" lon="-116.7217773757875">
        <time>2005-05-11T07:59:28-07:00</time>
      </trkpt>
      <trkpt lat="33.85704763233662" lon="-116.72178005799651">
        <time>2005-05-11T07:59:31-07:00</time>
      </trkpt>
      <trkpt lat="33.85709046386182" lon="-116.72178198583424">
        <time>2005-05-11T07:59:34-07:00</time>
      </trkpt>
      <trkpt lat="33.85710538364947" lon="-116.7217773757875">
        <time>2005-05-11T07:59:38-07:00</time>
      </trkpt>
      <trkpt lat="33.85717084631324" lon="-116.72176597639918">
        <time>2005-05-11T07:59:39-07:00</time>
      </trkpt>
      <trkpt lat="33.8572265021503" lon="-116.72172767110169">
        <time>2005-05-11T07:59:44-07:00</time>
      </trkpt>
      <trkpt lat="33.85725097730756" lon="-116.7217200435698">
        <time>2005-05-11T07:59:48-07:00</time>
      </trkpt>
      <trkpt lat="33.857298251241446" lon="-116.72168701887131">
        <time>2005-05-11T07:59:52-07:00</time>
      </trkpt>
      <trkpt lat="33.857286935672164" lon="-116.72167293727398">
        <time>2005-05-11T07:59:53-07:00</time>
      </trkpt>
      <trkpt lat="33.85726229287684" lon="-116.72166723757982">
        <time>2005-05-11T07:59:58-07:00</time>
      </trkpt>
      <trkpt lat="33.85719641111791" lon="-116.72168442048132">
        <time>2005-05-11T08:00:03-07:00</time>
      </trkpt>
      <trkpt lat="33.857167828828096" lon="-116.72170830890536">
        <time>2005-05-11T08:00:05-07:00</time>
      </trkpt>
      <trkpt lat="33.85713933035731" lon="-116.72172264195979">
        <time>2005-05-11T08:00:10-07:00</time>
      </trkpt>
      <trkpt lat="33.857086105272174" lon="-116.72170671634376">
        <time>2005-05-11T08:00:12-07:00</time>
      </trkpt>
      <trkpt lat="33.857075879350305" lon="-116.7216946464032">
        <time>2005-05-11T08:00:14-07:00</time>
      </trkpt>
      <trkpt lat="33.85702743194997" lon="-116.72165919095278">
        <time>2005-05-11T08:00:19-07:00</time>
      </trkpt>
      <trkpt lat="33.856968842446804" lon="-116.721675619483">
        <time>2005-05-11T08:00:22-07:00</time>
      </trkpt>
      <trkpt lat="33.85691829957068" lon="-116.72166103497148">
        <time>2005-05-11T08:00:24-07:00</time>
      </trkpt>
      <trkpt lat="33.85689835064113" lon="-116.7216497194022">
        <time>2005-05-11T08:00:28-07:00</time>
      </trkpt>
      <trkpt lat="33.85682199150324" lon="-116.72161158174276">
        <time>2005-05-11T08:00:29-07:00</time>
      </trkpt>
      <trkpt lat="33.85680983774364" lon="-116.72160655260086">
        <time>2005-05-11T08:00:33-07:00</time>
      </trkpt>
      <trkpt lat="33.856803216040134" lon="-116.72158995643258">
        <time>2005-05-11T08:00:37-07:00</time>
      </trkpt>
      <trkpt lat="33.8567637372762" lon="-116.72154888510704">
        <time>2005-05-11T08:00:41-07:00</time>
      </trkpt>
      <trkpt lat="33.85673473589122" lon="-116.72151368111372">
        <time>2005-05-11T08:00:43-07:00</time>
      </trkpt>
      <trkpt lat="33.85670338757336" lon="-116.72146238386631">
        <time>2005-05-11T08:00:49-07:00</time>
      </trkpt>
      <trkpt lat="33.85670003481209" lon="-116.72144955955446">
        <time>2005-05-11T08:00:50-07:00</time>
      </trkpt>
      <trkpt lat="33.85665393434465" lon="-116.72137848101556">
        <time>2005-05-11T08:00:51-07:00</time>
      </trkpt>
      <trkpt lat="33.85663348250091" lon="-116.7213561013341">
        <time>2005-05-11T08:00:55-07:00</time>
      </trkpt>
      <trkpt lat="33.856572126969695" lon="-116.72133095562458">
        <time>2005-05-11T08:00:58-07:00</time>
      </trkpt>
      <trkpt lat="33.85654639452696" lon="-116.72132316045463">
        <time>2005-05-11T08:01:02-07:00</time>
      </trkpt>
      <trkpt lat="33.8565391022712" lon="-116.72131075523794">
        <time>2005-05-11T08:01:03-07:00</time>
      </trkpt>
      <trkpt lat="33.856517896056175" lon="-116.72126691788435">
        <time>2005-05-11T08:01:08-07:00</time>
      </trkpt>
      <trkpt lat="33.85651035234332" lon="-116.72118594869971">
        <time>2005-05-11T08:01:10-07:00</time>
      </trkpt>
      <trkpt lat="33.85651655495167" lon="-116.72115040943027">
        <time>2005-05-11T08:01:14-07:00</time>
      </trkpt>
      <trkpt lat="33.8565372582525" lon="-116.72110120765865">
        <time>2005-05-11T08:01:16-07:00</time>
      </trkpt>
      <trkpt lat="33.856552597135305" lon="-116.72104303725064">
        <time>2005-05-11T08:01:17-07:00</time>
      </trkpt>
      <trkpt lat="33.85654245503247" lon="-116.7209499143064">
        <time>2005-05-11T08:01:20-07:00</time>
      </trkpt>
      <trkpt lat="33.85653373785317" lon="-116.72093306668103">
        <time>2005-05-11T08:01:25-07:00</time>
      </trkpt>
      <trkpt lat="33.8564801774919" lon="-116.72088319435716">
        <time>2005-05-11T08:01:27-07:00</time>
      </trkpt>
      <trkpt lat="33.85642343200743" lon="-116.72084555961192">
        <time>2005-05-11T08:01:31-07:00</time>
      </trkpt>
      <trkpt lat="33.856396693736315" lon="-116.72080272808671">
        <time>2005-05-11T08:01:35-07:00</time>
      </trkpt>
      <trkpt lat="33.856374649330974" lon="-116.72075939364731">
        <time>2005-05-11T08:01:41-07:00</time>
      </trkpt>
      <trkpt lat="33.856365932151675" lon="-116.72074011527002">
        <time>2005-05-11T08:01:42-07:00</time>
      </trkpt>
      <trkpt lat="33.85633382946253" lon="-116.72069678083062">
        <time>2005-05-11T08:01:47-07:00</time>
      </trkpt>
      <trkpt lat="33.85630642063916" lon="-116.72065168619156">
        <time>2005-05-11T08:01:52-07:00</time>
      </trkpt>
      <trkpt lat="33.85629963129759" lon="-116.72063995152712">
        <time>2005-05-11T08:01:56-07:00</time>
      </trkpt>
      <trkpt lat="33.85625654831529" lon="-116.72056384384632">
        <time>2005-05-11T08:01:59-07:00</time>
      </trkpt>
      <trkpt lat="33.85625185444951" lon="-116.72055562958121">
        <time>2005-05-11T08:02:00-07:00</time>
      </trkpt>
      <trkpt lat="33.85620541870594" lon="-116.72047826461494">
        <time>2005-05-11T08:02:04-07:00</time>
      </trkpt>
      <trkpt lat="33.856199719011784" lon="-116.72046585939825">
        <time>2005-05-11T08:02:08-07:00</time>
      </trkpt>
      <trkpt lat="33.856157809495926" lon="-116.72042051330209">
        <time>2005-05-11T08:02:09-07:00</time>
      </trkpt>
      <trkpt lat="33.85614884085953" lon="-116.72041246667504">
        <time>2005-05-11T08:02:15-07:00</time>
      </trkpt>
      <trkpt lat="33.85608966462314" lon="-116.72039318829775">
        <time>2005-05-11T08:02:16-07:00</time>
      </trkpt>
      <trkpt lat="33.85601447895169" lon="-116.72036016359925">
        <time>2005-05-11T08:02:22-07:00</time>
      </trkpt>
      <trkpt lat="33.85600056499243" lon="-116.72035379335284">
        <time>2005-05-11T08:02:23-07:00</time>
      </trkpt>
      <trkpt lat="33.855937449261546" lon="-116.72029704786837">
        <time>2005-05-11T08:02:27-07:00</time>
      </trkpt>
      <trkpt lat="33.855917416512966" lon="-116.72026921994984">
        <time>2005-05-11T08:02:28-07:00</time>
      </trkpt>
      <trkpt lat="33.85589805431664" lon="-116.72023150138557">
        <time>2005-05-11T08:02:33-07:00</time>
      </trkpt>
      <trkpt lat="33.85587567463517" lon="-116.7201953753829">
        <time>2005-05-11T08:02:39-07:00</time>
      </trkpt>
      <trkpt lat="33.855847008526325" lon="-116.72012907452881">
        <time>2005-05-11T08:02:40-07:00</time>
      </trkpt>
      <trkpt lat="33.85583049617708" lon="-116.72005321830511">
        <time>2005-05-11T08:02:45-07:00</time>
      </trkpt>
      <trkpt lat="33.85580811649561" lon="-116.7200140748173">
        <time>2005-05-11T08:02:47-07:00</time>
      </trkpt>
      <trkpt lat="33.85578649118543" lon="-116.71998616307974">
        <time>2005-05-11T08:02:50-07:00</time>
      </trkpt>
      <trkpt lat="33.85575246065855" lon="-116.71991466544569">
        <time>2005-05-11T08:02:53-07:00</time>
      </trkpt>
      <trkpt lat="33.85573519393802" lon="-116.71984668821096">
        <time>2005-05-11T08:02:57-07:00</time>
      </trkpt>
      <trkpt lat="33.85573469102383" lon="-116.71978114172816">
        <time>2005-05-11T08:03:02-07:00</time>
      </trkpt>
      <trkpt lat="33.85573930107057" lon="-116.71968491747975">
        <time>2005-05-11T08:03:05-07:00</time>
      </trkpt>
      <trkpt lat="33.85574332438409" lon="-116.71965608373284">
        <time>2005-05-11T08:03:08-07:00</time>
      </trkpt>
      <trkpt lat="33.855766877532005" lon="-116.71964401379228">
        <time>2005-05-11T08:03:13-07:00</time>
      </trkpt>
      <trkpt lat="33.85577551089227" lon="-116.71965348534286">
        <time>2005-05-11T08:03:18-07:00</time>
      </trkpt>
      <trkpt lat="33.855776097625494" lon="-116.71966463327408">
        <time>2005-05-11T08:03:22-07:00</time>
      </trkpt>
      <trkpt lat="33.8557776901871" lon="-116.71967812813818">
        <time>2005-05-11T08:03:28-07:00</time>
      </trkpt>
      <trkpt lat="33.855777606368065" lon="-116.7197875957936">
        <time>2005-05-11T08:03:30-07:00</time>
      </trkpt>
      <trkpt lat="33.85581750422716" lon="-116.7198792938143">
        <time>2005-05-11T08:03:34-07:00</time>
      </trkpt>
      <trkpt lat="33.855866119265556" lon="-116.71999194659293">
        <time>2005-05-11T08:03:35-07:00</time>
      </trkpt>
      <trkpt lat="33.85590082034469" lon="-116.7200745921582">
        <time>2005-05-11T08:03:37-07:00</time>
      </trkpt>
      <trkpt lat="33.85596410371363" lon="-116.72015723772347">
        <time>2005-05-11T08:03:38-07:00</time>
      </trkpt>
      <trkpt lat="33.85599050670862" lon="-116.7201898433268">
        <time>2005-05-11T08:03:44-07:00</time>
      </trkpt>
      <trkpt lat="33.85602026246488" lon="-116.7202268075198">
        <time>2005-05-11T08:03:50-07:00</time>
      </trkpt>
      <trkpt lat="33.85606669820845" lon="-116.72025513835251">
        <time>2005-05-11T08:03:57-07:00</time>
      </trkpt>
      <trkpt lat="33.85612612590194" lon="-116.72024759463966">
        <time>2005-05-11T08:04:03-07:00</time>
      </trkpt>
      <trkpt lat="33.85619460605085" lon="-116.72026947140694">
        <time>2005-05-11T08:04:10-07:00</time>
      </trkpt>
      <trkpt lat="33.85626166127622" lon="-116.72028992325068">
        <time>2005-05-11T08:04:12-07:00</time>
      </trkpt>
      <trkpt lat="33.85628563351929" lon="-116.72029721550643">
        <time>2005-05-11T08:04:15-07:00</time>
      </trkpt>
      <trkpt lat="33.856348833069205" lon="-116.72032822854817">
        <time>2005-05-11T08:04:20-07:00</time>
      </trkpt>
      <trkpt lat="33.85639501735568" lon="-116.72037231735885">
        <time>2005-05-11T08:04:24-07:00</time>
      </trkpt>
      <trkpt lat="33.85640658438206" lon="-116.72040483914316">
        <time>2005-05-11T08:04:29-07:00</time>
      </trkpt>
      <trkpt lat="33.856412870809436" lon="-116.72043736092746">
        <time>2005-05-11T08:04:35-07:00</time>
      </trkpt>
      <trkpt lat="33.85644975118339" lon="-116.72050173394382">
        <time>2005-05-11T08:04:37-07:00</time>
      </trkpt>
      <trkpt lat="33.8565182313323" lon="-116.72053509391844">
        <time>2005-05-11T08:04:42-07:00</time>
      </trkpt>
      <trkpt lat="33.85654614306986" lon="-116.72057373449206">
        <time>2005-05-11T08:04:47-07:00</time>
      </trkpt>
      <trkpt lat="33.85655268095434" lon="-116.72058010473847">
        <time>2005-05-11T08:04:49-07:00</time>
      </trkpt>
      <trkpt lat="33.85662308894098" lon="-116.72061170451343">
        <time>2005-05-11T08:04:51-07:00</time>
      </trkpt>
      <trkpt lat="33.85671738535166" lon="-116.72064447775483">
        <time>2005-05-11T08:04:56-07:00</time>
      </trkpt>
      <trkpt lat="33.85678980499506" lon="-116.72064263373613">
        <time>2005-05-11T08:05:01-07:00</time>
      </trkpt>
      <trkpt lat="33.85680187493563" lon="-116.72065252438188">
        <time>2005-05-11T08:05:04-07:00</time>
      </trkpt>
      <trkpt lat="33.856852166354656" lon="-116.7207424622029">
        <time>2005-05-11T08:05:05-07:00</time>
      </trkpt>
      <trkpt lat="33.85686029680073" lon="-116.72076215967536">
        <time>2005-05-11T08:05:10-07:00</time>
      </trkpt>
      <trkpt lat="33.85690187104046" lon="-116.72081052325666">
        <time>2005-05-11T08:05:16-07:00</time>
      </trkpt>
      <trkpt lat="33.856918048113585" lon="-116.72080750577152">
        <time>2005-05-11T08:05:21-07:00</time>
      </trkpt>
      <trkpt lat="33.85698426514864" lon="-116.72077976167202">
        <time>2005-05-11T08:05:22-07:00</time>
      </trkpt>
      <trkpt lat="33.85705861262977" lon="-116.72077598981559">
        <time>2005-05-11T08:05:29-07:00</time>
      </trkpt>
      <trkpt lat="33.8571004383266" lon="-116.72079803422093">
        <time>2005-05-11T08:05:30-07:00</time>
      </trkpt>
      <trkpt lat="33.85711099952459" lon="-116.72080675140023">
        <time>2005-05-11T08:05:34-07:00</time>
      </trkpt>
      <trkpt lat="33.857193225994706" lon="-116.72086651436985">
        <time>2005-05-11T08:05:35-07:00</time>
      </trkpt>
      <trkpt lat="33.857213258743286" lon="-116.72085436061025">
        <time>2005-05-11T08:05:40-07:00</time>
      </trkpt>
      <trkpt lat="33.85726606473327" lon="-116.72084581106901">
        <time>2005-05-11T08:05:46-07:00</time>
      </trkpt>
      <trkpt lat="33.857288947328925" lon="-116.72082778997719">
        <time>2005-05-11T08:05:49-07:00</time>
      </trkpt>
      <trkpt lat="33.857306968420744" lon="-116.72080784104764">
        <time>2005-05-11T08:05:50-07:00</time>
      </trkpt>
      <trkpt lat="33.85735038667917" lon="-116.72072938643396">
        <time>2005-05-11T08:05:57-07:00</time>
      </trkpt>
      <trkpt lat="33.857361199334264" lon="-116.72071572393179">
        <time>2005-05-11T08:05:59-07:00</time>
      </trkpt>
      <trkpt lat="33.857410065829754" lon="-116.72067549079657">
        <time>2005-05-11T08:06:03-07:00</time>
      </trkpt>
      <trkpt lat="33.857435965910554" lon="-116.72066534869373">
        <time>2005-05-11T08:06:05-07:00</time>
      </trkpt>
      <trkpt lat="33.85747142136097" lon="-116.7206409573555">
        <time>2005-05-11T08:06:07-07:00</time>
      </trkpt>
      <trkpt lat="33.857495142146945" lon="-116.72061732038856">
        <time>2005-05-11T08:06:12-07:00</time>
      </trkpt>
      <trkpt lat="33.85751727037132" lon="-116.72057767398655">
        <time>2005-05-11T08:06:13-07:00</time>
      </trkpt>
      <trkpt lat="33.85756278410554" lon="-116.72050030902028">
        <time>2005-05-11T08:06:18-07:00</time>
      </trkpt>
      <trkpt lat="33.857590863481164" lon="-116.72047910280526">
        <time>2005-05-11T08:06:20-07:00</time>
      </trkpt>
      <trkpt lat="33.85760159231722" lon="-116.72047625295818">
        <time>2005-05-11T08:06:23-07:00</time>
      </trkpt>
      <trkpt lat="33.857667138800025" lon="-116.72048069536686">
        <time>2005-05-11T08:06:25-07:00</time>
      </trkpt>
      <trkpt lat="33.85767568834126" lon="-116.72047675587237">
        <time>2005-05-11T08:06:28-07:00</time>
      </trkpt>
      <trkpt lat="33.85775338858366" lon="-116.72049167566001">
        <time>2005-05-11T08:06:37-07:00</time>
      </trkpt>
      <trkpt lat="33.857863526791334" lon="-116.72055730596185">
        <time>2005-05-11T08:06:41-07:00</time>
      </trkpt>
      <trkpt lat="33.857954889535904" lon="-116.72057080082595">
        <time>2005-05-11T08:06:42-07:00</time>
      </trkpt>
      <trkpt lat="33.85803242214024" lon="-116.72055831179023">
        <time>2005-05-11T08:06:46-07:00</time>
      </trkpt>
      <trkpt lat="33.85805916041136" lon="-116.7205595690757">
        <time>2005-05-11T08:06:47-07:00</time>
      </trkpt>
      <trkpt lat="33.8580931071192" lon="-116.72057046554983">
        <time>2005-05-11T08:06:52-07:00</time>
      </trkpt>
      <trkpt lat="33.858167454600334" lon="-116.72056308947504">
        <time>2005-05-11T08:07:01-07:00</time>
      </trkpt>
      <trkpt lat="33.858204083517194" lon="-116.72055537812412">
        <time>2005-05-11T08:07:07-07:00</time>
      </trkpt>
      <trkpt lat="33.85824657976627" lon="-116.72055236063898">
        <time>2005-05-11T08:07:13-07:00</time>
      </trkpt>
      <trkpt lat="33.85831480845809" lon="-116.72054967842996">
        <time>2005-05-11T08:07:15-07:00</time>
      </trkpt>
      <trkpt lat="33.85833106935024" lon="-116.72055244445801">
        <time>2005-05-11T08:07:18-07:00</time>
      </trkpt>
      <trkpt lat="33.85834808461368" lon="-116.72054825350642">
        <time>2005-05-11T08:07:24-07:00</time>
      </trkpt>
      <trkpt lat="33.858431316912174" lon="-116.7205389495939">
        <time>2005-05-11T08:07:27-07:00</time>
      </trkpt>
      <trkpt lat="33.85848680511117" lon="-116.72052168287337">
        <time>2005-05-11T08:07:30-07:00</time>
      </trkpt>
      <trkpt lat="33.85850918479264" lon="-116.72051824629307">
        <time>2005-05-11T08:07:34-07:00</time>
      </trkpt>
      <trkpt lat="33.85853189975023" lon="-116.72052059322596">
        <time>2005-05-11T08:07:35-07:00</time>
      </trkpt>
      <trkpt lat="33.858582274988294" lon="-116.72054297290742">
        <time>2005-05-11T08:07:36-07:00</time>
      </trkpt>
      <trkpt lat="33.858644887804985" lon="-116.72055529430509">
        <time>2005-05-11T08:07:42-07:00</time>
      </trkpt>
      <trkpt lat="33.858668860048056" lon="-116.72055906616151">
        <time>2005-05-11T08:07:47-07:00</time>
      </trkpt>
      <trkpt lat="33.85873499326408" lon="-116.72058169730008">
        <time>2005-05-11T08:07:49-07:00</time>
      </trkpt>
      <trkpt lat="33.858748907223344" lon="-116.72060181386769">
        <time>2005-05-11T08:07:51-07:00</time>
      </trkpt>
      <trkpt lat="33.858826607465744" lon="-116.72065964899957">
        <time>2005-05-11T08:07:55-07:00</time>
      </trkpt>
      <trkpt lat="33.85888025164604" lon="-116.72065579332411">
        <time>2005-05-11T08:08:00-07:00</time>
      </trkpt>
      <trkpt lat="33.858916126191616" lon="-116.72064615413547">
        <time>2005-05-11T08:08:02-07:00</time>
      </trkpt>
      <trkpt lat="33.858980080112815" lon="-116.72062117606401">
        <time>2005-05-11T08:08:08-07:00</time>
      </trkpt>
      <trkpt lat="33.85903808288276" lon="-116.72058748081326">
        <time>2005-05-11T08:08:10-07:00</time>
      </trkpt>
      <trkpt lat="33.859088122844696" lon="-116.72057926654816">
        <time>2005-05-11T08:08:16-07:00</time>
      </trkpt>
      <trkpt lat="33.859111089259386" lon="-116.72057482413948">
        <time>2005-05-11T08:08:20-07:00</time>
      </trkpt>
      <trkpt lat="33.859116872772574" lon="-116.72057289630175">
        <time>2005-05-11T08:08:23-07:00</time>
      </trkpt>
      <trkpt lat="33.859154004603624" lon="-116.720568286255">
        <time>2005-05-11T08:08:29-07:00</time>
      </trkpt>
      <trkpt lat="33.85916490107775" lon="-116.72056837007403">
        <time>2005-05-11T08:08:35-07:00</time>
      </trkpt>
      <trkpt lat="33.85922751389444" lon="-116.72055143862963">
        <time>2005-05-11T08:08:40-07:00</time>
      </trkpt>
      <trkpt lat="33.85924377478659" lon="-116.72054691240191">
        <time>2005-05-11T08:08:42-07:00</time>
      </trkpt>
      <trkpt lat="33.85933111421764" lon="-116.72055076807737">
        <time>2005-05-11T08:08:43-07:00</time>
      </trkpt>
      <trkpt lat="33.859359193593264" lon="-116.72056476585567">
        <time>2005-05-11T08:08:46-07:00</time>
      </trkpt>
      <trkpt lat="33.859398839995265" lon="-116.72057490795851">
        <time>2005-05-11T08:08:47-07:00</time>
      </trkpt>
      <trkpt lat="33.85941049084067" lon="-116.72057708725333">
        <time>2005-05-11T08:08:52-07:00</time>
      </trkpt>
      <trkpt lat="33.859492717310786" lon="-116.72060013748705">
        <time>2005-05-11T08:08:53-07:00</time>
      </trkpt>
      <trkpt lat="33.85953102260828" lon="-116.72061547636986">
        <time>2005-05-11T08:09:00-07:00</time>
      </trkpt>
      <trkpt lat="33.85956513695419" lon="-116.7206356767565">
        <time>2005-05-11T08:09:02-07:00</time>
      </trkpt>
      <trkpt lat="33.85958516970277" lon="-116.72064129263163">
        <time>2005-05-11T08:09:05-07:00</time>
      </trkpt>
      <trkpt lat="33.85964677669108" lon="-116.72065763734281">
        <time>2005-05-11T08:09:06-07:00</time>
      </trkpt>
      <trkpt lat="33.85971274226904" lon="-116.72063634730875">
        <time>2005-05-11T08:09:12-07:00</time>
      </trkpt>
      <trkpt lat="33.859751634299755" lon="-116.72064338810742">
        <time>2005-05-11T08:09:15-07:00</time>
      </trkpt>
      <trkpt lat="33.85976890102029" lon="-116.7206599842757">
        <time>2005-05-11T08:09:18-07:00</time>
      </trkpt>
      <trkpt lat="33.85983017273247" lon="-116.72069476917386">
        <time>2005-05-11T08:09:20-07:00</time>
      </trkpt>
      <trkpt lat="33.859885577112436" lon="-116.72064657323062">
        <time>2005-05-11T08:09:26-07:00</time>
      </trkpt>
      <trkpt lat="33.85989395901561" lon="-116.7206359282136">
        <time>2005-05-11T08:09:31-07:00</time>
      </trkpt>
      <trkpt lat="33.859934443607926" lon="-116.7205838765949">
        <time>2005-05-11T08:09:35-07:00</time>
      </trkpt>
      <trkpt lat="33.85995506308973" lon="-116.72057138755918">
        <time>2005-05-11T08:09:37-07:00</time>
      </trkpt>
      <trkpt lat="33.85999730788171" lon="-116.72053936868906">
        <time>2005-05-11T08:09:43-07:00</time>
      </trkpt>
      <trkpt lat="33.860041899606586" lon="-116.7205011472106">
        <time>2005-05-11T08:09:48-07:00</time>
      </trkpt>
      <trkpt lat="33.86007869616151" lon="-116.72048572450876">
        <time>2005-05-11T08:09:49-07:00</time>
      </trkpt>
      <trkpt lat="33.8601101282984" lon="-116.72048639506102">
        <time>2005-05-11T08:09:54-07:00</time>
      </trkpt>
      <trkpt lat="33.8601463381201" lon="-116.72046426683664">
        <time>2005-05-11T08:09:56-07:00</time>
      </trkpt>
      <trkpt lat="33.860200149938464" lon="-116.72042679972947">
        <time>2005-05-11T08:10:00-07:00</time>
      </trkpt>
      <trkpt lat="33.86021004058421" lon="-116.72042252495885">
        <time>2005-05-11T08:10:04-07:00</time>
      </trkpt>
      <trkpt lat="33.86025262065232" lon="-116.72040752135217">
        <time>2005-05-11T08:10:07-07:00</time>
      </trkpt>
      <trkpt lat="33.8602673728019" lon="-116.72039176337421">
        <time>2005-05-11T08:10:09-07:00</time>
      </trkpt>
      <trkpt lat="33.86029427871108" lon="-116.72036368399858">
        <time>2005-05-11T08:10:12-07:00</time>
      </trkpt>
      <trkpt lat="33.86033467948437" lon="-116.72036737203598">
        <time>2005-05-11T08:10:17-07:00</time>
      </trkpt>
      <trkpt lat="33.86034364812076" lon="-116.72036829404533">
        <time>2005-05-11T08:10:18-07:00</time>
      </trkpt>
      <trkpt lat="33.86039016768336" lon="-116.72035614028573">
        <time>2005-05-11T08:10:22-07:00</time>
      </trkpt>
      <trkpt lat="33.86039595119655" lon="-116.72035387717187">
        <time>2005-05-11T08:10:24-07:00</time>
      </trkpt>
      <trkpt lat="33.86044431477785" lon="-116.72031498514116">
        <time>2005-05-11T08:10:28-07:00</time>
      </trkpt>
      <trkpt lat="33.86046979576349" lon="-116.72027709893882">
        <time>2005-05-11T08:10:32-07:00</time>
      </trkpt>
      <trkpt lat="33.8605110347271" lon="-116.72022362239659">
        <time>2005-05-11T08:10:33-07:00</time>
      </trkpt>
      <trkpt lat="33.86056149378419" lon="-116.72018791548908">
        <time>2005-05-11T08:10:37-07:00</time>
      </trkpt>
      <trkpt lat="33.860624274238944" lon="-116.72015028074384">
        <time>2005-05-11T08:10:38-07:00</time>
      </trkpt>
      <trkpt lat="33.860654616728425" lon="-116.7201282363385">
        <time>2005-05-11T08:10:42-07:00</time>
      </trkpt>
      <trkpt lat="33.86067590676248" lon="-116.72010954469442">
        <time>2005-05-11T08:10:45-07:00</time>
      </trkpt>
      <trkpt lat="33.86073307134211" lon="-116.72005707398057">
        <time>2005-05-11T08:10:49-07:00</time>
      </trkpt>
      <trkpt lat="33.86074488982558" lon="-116.72005070373416">
        <time>2005-05-11T08:10:53-07:00</time>
      </trkpt>
      <trkpt lat="33.86078570969403" lon="-116.72004860825837">
        <time>2005-05-11T08:10:58-07:00</time>
      </trkpt>
      <trkpt lat="33.86082720011473" lon="-116.72004357911646">
        <time>2005-05-11T08:11:01-07:00</time>
      </trkpt>
      <trkpt lat="33.86087430641055" lon="-116.72005162574351">
        <time>2005-05-11T08:11:03-07:00</time>
      </trkpt>
      <trkpt lat="33.86089878156781" lon="-116.72005707398057">
        <time>2005-05-11T08:11:08-07:00</time>
      </trkpt>
      <trkpt lat="33.86091923341155" lon="-116.72004106454551">
        <time>2005-05-11T08:11:09-07:00</time>
      </trkpt>
      <trkpt lat="33.860954772681" lon="-116.7200209479779">
        <time>2005-05-11T08:11:12-07:00</time>
      </trkpt>
      <trkpt lat="33.86098402552307" lon="-116.72000594437122">
        <time>2005-05-11T08:11:15-07:00</time>
      </trkpt>
      <trkpt lat="33.86104823090136" lon="-116.71998959966004">
        <time>2005-05-11T08:11:18-07:00</time>
      </trkpt>
      <trkpt lat="33.86106088757515" lon="-116.71998716890812">
        <time>2005-05-11T08:11:21-07:00</time>
      </trkpt>
      <trkpt lat="33.86109936051071" lon="-116.71996319666505">
        <time>2005-05-11T08:11:23-07:00</time>
      </trkpt>
      <trkpt lat="33.86111629195511" lon="-116.7199432477355">
        <time>2005-05-11T08:11:26-07:00</time>
      </trkpt>
      <trkpt lat="33.861157950013876" lon="-116.71989781782031">
        <time>2005-05-11T08:11:28-07:00</time>
      </trkpt>
      <trkpt lat="33.861171109601855" lon="-116.71988968737423">
        <time>2005-05-11T08:11:32-07:00</time>
      </trkpt>
      <trkpt lat="33.86124026030302" lon="-116.71984618529677">
        <time>2005-05-11T08:11:33-07:00</time>
      </trkpt>
      <trkpt lat="33.86125484481454" lon="-116.71984274871647">
        <time>2005-05-11T08:11:37-07:00</time>
      </trkpt>
      <trkpt lat="33.86130630970001" lon="-116.7198359593749">
        <time>2005-05-11T08:11:39-07:00</time>
      </trkpt>
      <trkpt lat="33.86132776737213" lon="-116.71982263214886">
        <time>2005-05-11T08:11:43-07:00</time>
      </trkpt>
      <trkpt lat="33.86137269437313" lon="-116.71981441788375">
        <time>2005-05-11T08:11:44-07:00</time>
      </trkpt>
      <trkpt lat="33.86138308793306" lon="-116.71981492079794">
        <time>2005-05-11T08:11:49-07:00</time>
      </trkpt>
      <trkpt lat="33.86140915565193" lon="-116.71981341205537">
        <time>2005-05-11T08:11:50-07:00</time>
      </trkpt>
      <trkpt lat="33.86143731884658" lon="-116.71982137486339">
        <time>2005-05-11T08:11:55-07:00</time>
      </trkpt>
      <trkpt lat="33.8614521548152" lon="-116.71982715837657">
        <time>2005-05-11T08:11:58-07:00</time>
      </trkpt>
      <trkpt lat="33.86152692139149" lon="-116.71985666267574">
        <time>2005-05-11T08:12:02-07:00</time>
      </trkpt>
      <trkpt lat="33.86156329885125" lon="-116.71988817863166">
        <time>2005-05-11T08:12:03-07:00</time>
      </trkpt>
      <trkpt lat="33.861567908897996" lon="-116.71988021582365">
        <time>2005-05-11T08:12:05-07:00</time>
      </trkpt>
      <trkpt lat="33.86157243512571" lon="-116.71987518668175">
        <time>2005-05-11T08:12:07-07:00</time>
      </trkpt>
      <trkpt lat="33.86158701963723" lon="-116.71985196880996">
        <time>2005-05-11T08:12:08-07:00</time>
      </trkpt>
      <trkpt lat="33.861620128154755" lon="-116.71983394771814">
        <time>2005-05-11T08:12:14-07:00</time>
      </trkpt>
      <trkpt lat="33.86167553253472" lon="-116.71982112340629">
        <time>2005-05-11T08:12:18-07:00</time>
      </trkpt>
      <trkpt lat="33.86172934435308" lon="-116.71983453445137">
        <time>2005-05-11T08:12:21-07:00</time>
      </trkpt>
      <trkpt lat="33.86176932603121" lon="-116.71983847394586">
        <time>2005-05-11T08:12:22-07:00</time>
      </trkpt>
      <trkpt lat="33.8618491217494" lon="-116.71981433406472">
        <time>2005-05-11T08:12:27-07:00</time>
      </trkpt>
      <trkpt lat="33.86187611147761" lon="-116.71979530714452">
        <time>2005-05-11T08:12:32-07:00</time>
      </trkpt>
      <trkpt lat="33.86191743426025" lon="-116.71977301128209">
        <time>2005-05-11T08:12:37-07:00</time>
      </trkpt>
      <trkpt lat="33.861928917467594" lon="-116.71976412646472">
        <time>2005-05-11T08:12:41-07:00</time>
      </trkpt>
      <trkpt lat="33.86202204041183" lon="-116.71971098519862">
        <time>2005-05-11T08:12:44-07:00</time>
      </trkpt>
      <trkpt lat="33.862066715955734" lon="-116.71968776732683">
        <time>2005-05-11T08:12:51-07:00</time>
      </trkpt>
      <trkpt lat="33.86208859272301" lon="-116.71967058442533">
        <time>2005-05-11T08:12:54-07:00</time>
      </trkpt>
      <trkpt lat="33.862161096185446" lon="-116.71965876594186">
        <time>2005-05-11T08:12:58-07:00</time>
      </trkpt>
      <trkpt lat="33.86219127103686" lon="-116.71960981562734">
        <time>2005-05-11T08:12:59-07:00</time>
      </trkpt>
      <trkpt lat="33.86219680309296" lon="-116.71959925442934">
        <time>2005-05-11T08:13:06-07:00</time>
      </trkpt>
      <trkpt lat="33.86220635846257" lon="-116.71958844177425">
        <time>2005-05-11T08:13:10-07:00</time>
      </trkpt>
      <trkpt lat="33.86226528324187" lon="-116.7195341270417">
        <time>2005-05-11T08:13:12-07:00</time>
      </trkpt>
      <trkpt lat="33.86229093186557" lon="-116.71950680203736">
        <time>2005-05-11T08:13:18-07:00</time>
      </trkpt>
      <trkpt lat="33.8623380381614" lon="-116.71945734880865">
        <time>2005-05-11T08:13:22-07:00</time>
      </trkpt>
      <trkpt lat="33.862353041768074" lon="-116.71944703906775">
        <time>2005-05-11T08:13:23-07:00</time>
      </trkpt>
      <trkpt lat="33.86240459047258" lon="-116.71937998384237">
        <time>2005-05-11T08:13:24-07:00</time>
      </trkpt>
      <trkpt lat="33.862434178590775" lon="-116.7193264234811">
        <time>2005-05-11T08:13:30-07:00</time>
      </trkpt>
      <trkpt lat="33.86244096793234" lon="-116.71931485645473">
        <time>2005-05-11T08:13:33-07:00</time>
      </trkpt>
      <trkpt lat="33.862467873841524" lon="-116.7192423529923">
        <time>2005-05-11T08:13:38-07:00</time>
      </trkpt>
      <trkpt lat="33.862491846084595" lon="-116.71920647844672">
        <time>2005-05-11T08:13:39-07:00</time>
      </trkpt>
      <trkpt lat="33.86250182054937" lon="-116.71919507905841">
        <time>2005-05-11T08:13:45-07:00</time>
      </trkpt>
      <trkpt lat="33.86255864985287" lon="-116.71915216371417">
        <time>2005-05-11T08:13:50-07:00</time>
      </trkpt>
      <trkpt lat="33.862579269334674" lon="-116.71913447789848">
        <time>2005-05-11T08:13:51-07:00</time>
      </trkpt>
      <trkpt lat="33.86263199150562" lon="-116.71909307129681">
        <time>2005-05-11T08:13:56-07:00</time>
      </trkpt>
      <trkpt lat="33.86265520937741" lon="-116.7190708592534">
        <time>2005-05-11T08:13:59-07:00</time>
      </trkpt>
      <trkpt lat="33.862673565745354" lon="-116.71903800219297">
        <time>2005-05-11T08:14:00-07:00</time>
      </trkpt>
      <trkpt lat="33.86271488852799" lon="-116.71895259059966">
        <time>2005-05-11T08:14:05-07:00</time>
      </trkpt>
      <trkpt lat="33.862725365906954" lon="-116.71889492310584">
        <time>2005-05-11T08:14:07-07:00</time>
      </trkpt>
      <trkpt lat="33.86272720992565" lon="-116.7188810929656">
        <time>2005-05-11T08:14:12-07:00</time>
      </trkpt>
      <trkpt lat="33.862730311229825" lon="-116.71881688758731">
        <time>2005-05-11T08:14:14-07:00</time>
      </trkpt>
      <trkpt lat="33.862731736153364" lon="-116.71874346211553">
        <time>2005-05-11T08:14:18-07:00</time>
      </trkpt>
      <trkpt lat="33.862725868821144" lon="-116.71871052123606">
        <time>2005-05-11T08:14:24-07:00</time>
      </trkpt>
      <trkpt lat="33.86270013637841" lon="-116.71860842965543">
        <time>2005-05-11T08:14:28-07:00</time>
      </trkpt>
      <trkpt lat="33.86270172894001" lon="-116.71859518624842">
        <time>2005-05-11T08:14:29-07:00</time>
      </trkpt>
      <trkpt lat="33.862727377563715" lon="-116.71849703416228">
        <time>2005-05-11T08:14:33-07:00</time>
      </trkpt>
      <trkpt lat="33.862718157470226" lon="-116.71846593730152">
        <time>2005-05-11T08:14:37-07:00</time>
      </trkpt>
      <trkpt lat="33.86270022019744" lon="-116.71840919181705">
        <time>2005-05-11T08:14:39-07:00</time>
      </trkpt>
      <trkpt lat="33.8626919221133" lon="-116.71839536167681">
        <time>2005-05-11T08:14:46-07:00</time>
      </trkpt>
      <trkpt lat="33.86266652494669" lon="-116.71832495369017">
        <time>2005-05-11T08:14:47-07:00</time>
      </trkpt>
      <trkpt lat="33.86259729042649" lon="-116.71828161925077">
        <time>2005-05-11T08:14:53-07:00</time>
      </trkpt>
      <trkpt lat="33.862585723400116" lon="-116.71826996840537">
        <time>2005-05-11T08:14:55-07:00</time>
      </trkpt>
      <trkpt lat="33.862566612660885" lon="-116.71820710413158">
        <time>2005-05-11T08:14:59-07:00</time>
      </trkpt>
      <trkpt lat="33.86260449886322" lon="-116.71815446577966">
        <time>2005-05-11T08:15:00-07:00</time>
      </trkpt>
      <trkpt lat="33.862612126395106" lon="-116.7181458324194">
        <time>2005-05-11T08:15:05-07:00</time>
      </trkpt>
      <trkpt lat="33.86268362402916" lon="-116.71812512911856">
        <time>2005-05-11T08:15:12-07:00</time>
      </trkpt>
      <trkpt lat="33.86275696568191" lon="-116.71807710081339">
        <time>2005-05-11T08:15:13-07:00</time>
      </trkpt>
      <trkpt lat="33.862772891297936" lon="-116.71807651408017">
        <time>2005-05-11T08:15:17-07:00</time>
      </trkpt>
      <trkpt lat="33.86285369284451" lon="-116.71805296093225">
        <time>2005-05-11T08:15:22-07:00</time>
      </trkpt>
      <trkpt lat="33.86286727152765" lon="-116.71804801560938">
        <time>2005-05-11T08:15:23-07:00</time>
      </trkpt>
      <trkpt lat="33.862931141629815" lon="-116.71803133562207">
        <time>2005-05-11T08:15:28-07:00</time>
      </trkpt>
      <trkpt lat="33.86295134201646" lon="-116.71802437864244">
        <time>2005-05-11T08:15:34-07:00</time>
      </trkpt>
      <trkpt lat="33.86301009915769" lon="-116.7180158291012">
        <time>2005-05-11T08:15:35-07:00</time>
      </trkpt>
      <trkpt lat="33.86302384547889" lon="-116.71801490709186">
        <time>2005-05-11T08:15:41-07:00</time>
      </trkpt>
      <trkpt lat="33.86307111941278" lon="-116.71799973584712">
        <time>2005-05-11T08:15:42-07:00</time>
      </trkpt>
      <trkpt lat="33.86308494955301" lon="-116.71799445524812">
        <time>2005-05-11T08:15:48-07:00</time>
      </trkpt>
      <trkpt lat="33.86313465423882" lon="-116.71797232702374">
        <time>2005-05-11T08:15:50-07:00</time>
      </trkpt>
      <trkpt lat="33.86316063813865" lon="-116.7179674655199">
        <time>2005-05-11T08:15:54-07:00</time>
      </trkpt>
      <trkpt lat="33.863211767748" lon="-116.7179450020194">
        <time>2005-05-11T08:15:55-07:00</time>
      </trkpt>
      <trkpt lat="33.86323666200042" lon="-116.71794039197266">
        <time>2005-05-11T08:15:59-07:00</time>
      </trkpt>
      <trkpt lat="33.86329089291394" lon="-116.7179555632174">
        <time>2005-05-11T08:16:00-07:00</time>
      </trkpt>
      <trkpt lat="33.86335208080709" lon="-116.7179589997977">
        <time>2005-05-11T08:16:04-07:00</time>
      </trkpt>
      <trkpt lat="33.86336322873831" lon="-116.7179661244154">
        <time>2005-05-11T08:16:06-07:00</time>
      </trkpt>
      <trkpt lat="33.86339415796101" lon="-116.7179833073169">
        <time>2005-05-11T08:16:10-07:00</time>
      </trkpt>
      <trkpt lat="33.863444700837135" lon="-116.71804273501039">
        <time>2005-05-11T08:16:12-07:00</time>
      </trkpt>
      <trkpt lat="33.86350437998772" lon="-116.71806117519736">
        <time>2005-05-11T08:16:16-07:00</time>
      </trkpt>
      <trkpt lat="33.86355726979673" lon="-116.71808246523142">
        <time>2005-05-11T08:16:21-07:00</time>
      </trkpt>
      <trkpt lat="33.86359197087586" lon="-116.71809839084744">
        <time>2005-05-11T08:16:22-07:00</time>
      </trkpt>
      <trkpt lat="33.86364720761776" lon="-116.71810803003609">
        <time>2005-05-11T08:16:25-07:00</time>
      </trkpt>
      <trkpt lat="33.86369062587619" lon="-116.71810551546514">
        <time>2005-05-11T08:16:30-07:00</time>
      </trkpt>
      <trkpt lat="33.8637435156852" lon="-116.71809269115329">
        <time>2005-05-11T08:16:34-07:00</time>
      </trkpt>
      <trkpt lat="33.86377704329789" lon="-116.71810015104711">
        <time>2005-05-11T08:16:38-07:00</time>
      </trkpt>
      <trkpt lat="33.86380302719772" lon="-116.71810484491289">
        <time>2005-05-11T08:16:41-07:00</time>
      </trkpt>
      <trkpt lat="33.86386128142476" lon="-116.71808078885078">
        <time>2005-05-11T08:16:46-07:00</time>
      </trkpt>
      <trkpt lat="33.86387360282242" lon="-116.71806821599603">
        <time>2005-05-11T08:16:49-07:00</time>
      </trkpt>
      <trkpt lat="33.863916769623756" lon="-116.71801541000605">
        <time>2005-05-11T08:16:53-07:00</time>
      </trkpt>
      <trkpt lat="33.86393202468753" lon="-116.71800250187516">
        <time>2005-05-11T08:16:56-07:00</time>
      </trkpt>
      <trkpt lat="33.863957757130265" lon="-116.71800459735096">
        <time>2005-05-11T08:16:58-07:00</time>
      </trkpt>
      <trkpt lat="33.863972928375006" lon="-116.71801323071122">
        <time>2005-05-11T08:17:03-07:00</time>
      </trkpt>
      <trkpt lat="33.86398441158235" lon="-116.7180279828608">
        <time>2005-05-11T08:17:04-07:00</time>
      </trkpt>
      <trkpt lat="33.86401433497667" lon="-116.71806821599603">
        <time>2005-05-11T08:17:09-07:00</time>
      </trkpt>
      <trkpt lat="33.86402456089854" lon="-116.71809864230454">
        <time>2005-05-11T08:17:11-07:00</time>
      </trkpt>
      <trkpt lat="33.864012993872166" lon="-116.71813275665045">
        <time>2005-05-11T08:17:14-07:00</time>
      </trkpt>
      <trkpt lat="33.864001762121916" lon="-116.71816921792924">
        <time>2005-05-11T08:17:16-07:00</time>
      </trkpt>
      <trkpt lat="33.86399648152292" lon="-116.71824515797198">
        <time>2005-05-11T08:17:17-07:00</time>
      </trkpt>
      <trkpt lat="33.864023722708225" lon="-116.71829293482006">
        <time>2005-05-11T08:17:20-07:00</time>
      </trkpt>
      <trkpt lat="33.86403285898268" lon="-116.71830165199935">
        <time>2005-05-11T08:17:22-07:00</time>
      </trkpt>
      <trkpt lat="33.86407242156565" lon="-116.71840676106513">
        <time>2005-05-11T08:17:24-07:00</time>
      </trkpt>
      <trkpt lat="33.86410117149353" lon="-116.71842897310853">
        <time>2005-05-11T08:17:26-07:00</time>
      </trkpt>
      <trkpt lat="33.86411273851991" lon="-116.71842754818499">
        <time>2005-05-11T08:17:31-07:00</time>
      </trkpt>
      <trkpt lat="33.86412598192692" lon="-116.71841958537698">
        <time>2005-05-11T08:17:35-07:00</time>
      </trkpt>
      <trkpt lat="33.86416571214795" lon="-116.71840684488416">
        <time>2005-05-11T08:17:36-07:00</time>
      </trkpt>
      <trkpt lat="33.864216757938266" lon="-116.71840935945511">
        <time>2005-05-11T08:17:43-07:00</time>
      </trkpt>
      <trkpt lat="33.864255817607045" lon="-116.71841925010085">
        <time>2005-05-11T08:17:46-07:00</time>
      </trkpt>
      <trkpt lat="33.86429118923843" lon="-116.71844070777297">
        <time>2005-05-11T08:17:47-07:00</time>
      </trkpt>
      <trkpt lat="33.86433620005846" lon="-116.71846375800669">
        <time>2005-05-11T08:17:48-07:00</time>
      </trkpt>
      <trkpt lat="33.86434935964644" lon="-116.71845671720803">
        <time>2005-05-11T08:17:51-07:00</time>
      </trkpt>
      <trkpt lat="33.864360423758626" lon="-116.71844037249684">
        <time>2005-05-11T08:17:55-07:00</time>
      </trkpt>
      <trkpt lat="33.864391185343266" lon="-116.71837264671922">
        <time>2005-05-11T08:17:58-07:00</time>
      </trkpt>
      <trkpt lat="33.864422198385" lon="-116.7183255404234">
        <time>2005-05-11T08:18:01-07:00</time>
      </trkpt>
      <trkpt lat="33.86442555114627" lon="-116.71831950545311">
        <time>2005-05-11T08:18:04-07:00</time>
      </trkpt>
      <trkpt lat="33.86443192139268" lon="-116.71830450184643">
        <time>2005-05-11T08:18:05-07:00</time>
      </trkpt>
      <trkpt lat="33.86443770490587" lon="-116.7182972934097">
        <time>2005-05-11T08:18:06-07:00</time>
      </trkpt>
      <trkpt lat="33.86444273404777" lon="-116.71827726066113">
        <time>2005-05-11T08:18:11-07:00</time>
      </trkpt>
      <trkpt lat="33.86445991694927" lon="-116.71824675053358">
        <time>2005-05-11T08:18:16-07:00</time>
      </trkpt>
      <trkpt lat="33.8644602522254" lon="-116.71823610551655">
        <time>2005-05-11T08:18:18-07:00</time>
      </trkpt>
      <trkpt lat="33.864467376843095" lon="-116.71820458956063">
        <time>2005-05-11T08:18:24-07:00</time>
      </trkpt>
      <trkpt lat="33.86447248980403" lon="-116.71819427981973">
        <time>2005-05-11T08:18:27-07:00</time>
      </trkpt>
      <trkpt lat="33.8644721545279" lon="-116.71819201670587">
        <time>2005-05-11T08:18:32-07:00</time>
      </trkpt>
      <trkpt lat="33.8644980546087" lon="-116.71815362758934">
        <time>2005-05-11T08:18:45-07:00</time>
      </trkpt>
      <trkpt lat="33.86451842263341" lon="-116.71813627704978">
        <time>2005-05-11T08:18:46-07:00</time>
      </trkpt>
      <trkpt lat="33.86457181535661" lon="-116.71810920350254">
        <time>2005-05-11T08:18:49-07:00</time>
      </trkpt>
      <trkpt lat="33.86459561996162" lon="-116.71809663064778">
        <time>2005-05-11T08:18:50-07:00</time>
      </trkpt>
      <trkpt lat="33.864632081240416" lon="-116.71809076331556">
        <time>2005-05-11T08:18:51-07:00</time>
      </trkpt>
      <trkpt lat="33.86468790471554" lon="-116.71808497980237">
        <time>2005-05-11T08:18:54-07:00</time>
      </trkpt>
      <trkpt lat="33.86471346952021" lon="-116.71807592734694">
        <time>2005-05-11T08:18:56-07:00</time>
      </trkpt>
      <trkpt lat="33.86477541178465" lon="-116.7180538829416">
        <time>2005-05-11T08:19:00-07:00</time>
      </trkpt>
      <trkpt lat="33.86478831991553" lon="-116.71804759651423">
        <time>2005-05-11T08:19:02-07:00</time>
      </trkpt>
      <trkpt lat="33.864848585799336" lon="-116.71802831813693">
        <time>2005-05-11T08:19:05-07:00</time>
      </trkpt>
      <trkpt lat="33.864865181967616" lon="-116.71802655793726">
        <time>2005-05-11T08:19:09-07:00</time>
      </trkpt>
      <trkpt lat="33.86492310091853" lon="-116.71800853684545">
        <time>2005-05-11T08:19:11-07:00</time>
      </trkpt>
      <trkpt lat="33.864951180294156" lon="-116.71800199896097">
        <time>2005-05-11T08:19:17-07:00</time>
      </trkpt>
      <trkpt lat="33.865000046789646" lon="-116.71798431314528">
        <time>2005-05-11T08:19:18-07:00</time>
      </trkpt>
      <trkpt lat="33.86503340676427" lon="-116.71796469949186">
        <time>2005-05-11T08:19:23-07:00</time>
      </trkpt>
      <trkpt lat="33.86510155163705" lon="-116.7179470974952">
        <time>2005-05-11T08:19:24-07:00</time>
      </trkpt>
      <trkpt lat="33.8651804253459" lon="-116.71791449189186">
        <time>2005-05-11T08:19:28-07:00</time>
      </trkpt>
      <trkpt lat="33.86518922634423" lon="-116.71790770255029">
        <time>2005-05-11T08:19:30-07:00</time>
      </trkpt>
      <trkpt lat="33.86525058187544" lon="-116.71785573475063">
        <time>2005-05-11T08:19:33-07:00</time>
      </trkpt>
      <trkpt lat="33.86528134346008" lon="-116.71782329678535">
        <time>2005-05-11T08:19:36-07:00</time>
      </trkpt>
      <trkpt lat="33.86529743671417" lon="-116.7178022582084">
        <time>2005-05-11T08:19:41-07:00</time>
      </trkpt>
      <trkpt lat="33.86531537398696" lon="-116.71774324961007">
        <time>2005-05-11T08:19:47-07:00</time>
      </trkpt>
      <trkpt lat="33.8653220795095" lon="-116.71772598288953">
        <time>2005-05-11T08:19:48-07:00</time>
      </trkpt>
      <trkpt lat="33.86533431708813" lon="-116.71767166815698">
        <time>2005-05-11T08:19:54-07:00</time>
      </trkpt>
      <trkpt lat="33.86535594239831" lon="-116.71764425933361">
        <time>2005-05-11T08:19:58-07:00</time>
      </trkpt>
      <trkpt lat="33.86537027545273" lon="-116.71762623824179">
        <time>2005-05-11T08:20:00-07:00</time>
      </trkpt>
      <trkpt lat="33.86540673673153" lon="-116.71758919022977">
        <time>2005-05-11T08:20:04-07:00</time>
      </trkpt>
      <trkpt lat="33.86542811058462" lon="-116.71756496652961">
        <time>2005-05-11T08:20:05-07:00</time>
      </trkpt>
      <trkpt lat="33.865441186353564" lon="-116.71755901537836">
        <time>2005-05-11T08:20:09-07:00</time>
      </trkpt>
      <trkpt lat="33.86546046473086" lon="-116.7175221350044">
        <time>2005-05-11T08:20:12-07:00</time>
      </trkpt>
      <trkpt lat="33.86546834371984" lon="-116.71750545501709">
        <time>2005-05-11T08:20:14-07:00</time>
      </trkpt>
      <trkpt lat="33.865480748936534" lon="-116.71745700761676">
        <time>2005-05-11T08:20:18-07:00</time>
      </trkpt>
      <trkpt lat="33.865498853847384" lon="-116.71739405952394">
        <time>2005-05-11T08:20:20-07:00</time>
      </trkpt>
      <trkpt lat="33.86550639756024" lon="-116.7173825763166">
        <time>2005-05-11T08:20:21-07:00</time>
      </trkpt>
      <trkpt lat="33.86550170369446" lon="-116.71733957715333">
        <time>2005-05-11T08:20:24-07:00</time>
      </trkpt>
      <trkpt lat="33.86549860239029" lon="-116.71732557937503">
        <time>2005-05-11T08:20:25-07:00</time>
      </trkpt>
      <trkpt lat="33.86545459739864" lon="-116.71727797016501">
        <time>2005-05-11T08:20:28-07:00</time>
      </trkpt>
      <trkpt lat="33.8654391746968" lon="-116.71726967208087">
        <time>2005-05-11T08:20:32-07:00</time>
      </trkpt>
      <trkpt lat="33.86538226157427" lon="-116.7172665707767">
        <time>2005-05-11T08:20:33-07:00</time>
      </trkpt>
      <trkpt lat="33.865368347615004" lon="-116.71727294102311">
        <time>2005-05-11T08:20:37-07:00</time>
      </trkpt>
      <trkpt lat="33.86527681723237" lon="-116.71730319969356">
        <time>2005-05-11T08:20:38-07:00</time>
      </trkpt>
      <trkpt lat="33.865253599360585" lon="-116.7173339612782">
        <time>2005-05-11T08:20:42-07:00</time>
      </trkpt>
      <trkpt lat="33.865235578268766" lon="-116.71735030598938">
        <time>2005-05-11T08:20:43-07:00</time>
      </trkpt>
      <trkpt lat="33.865226693451405" lon="-116.71735659241676">
        <time>2005-05-11T08:20:47-07:00</time>
      </trkpt>
      <trkpt lat="33.86520892381668" lon="-116.71736438758671">
        <time>2005-05-11T08:20:48-07:00</time>
      </trkpt>
      <trkpt lat="33.86521185748279" lon="-116.71736153773963">
        <time>2005-05-11T08:20:55-07:00</time>
      </trkpt>
      <trkpt lat="33.86519853025675" lon="-116.71736589632928">
        <time>2005-05-11T08:20:58-07:00</time>
      </trkpt>
      <trkpt lat="33.865174893289804" lon="-116.71737394295633">
        <time>2005-05-11T08:21:00-07:00</time>
      </trkpt>
      <trkpt lat="33.865118231624365" lon="-116.71739623881876">
        <time>2005-05-11T08:21:01-07:00</time>
      </trkpt>
      <trkpt lat="33.865094343200326" lon="-116.7174050398171">
        <time>2005-05-11T08:21:07-07:00</time>
      </trkpt>
      <trkpt lat="33.865077747032046" lon="-116.71741124242544">
        <time>2005-05-11T08:21:08-07:00</time>
      </trkpt>
      <trkpt lat="33.865021923556924" lon="-116.71741660684347">
        <time>2005-05-11T08:21:12-07:00</time>
      </trkpt>
      <trkpt lat="33.864951599389315" lon="-116.71743446029723">
        <time>2005-05-11T08:21:14-07:00</time>
      </trkpt>
      <trkpt lat="33.86487917974591" lon="-116.71745901927352">
        <time>2005-05-11T08:21:19-07:00</time>
      </trkpt>
      <trkpt lat="33.864829894155264" lon="-116.7174584325403">
        <time>2005-05-11T08:21:21-07:00</time>
      </trkpt>
      <trkpt lat="33.864755630493164" lon="-116.71745809726417">
        <time>2005-05-11T08:21:23-07:00</time>
      </trkpt>
      <trkpt lat="33.86474465020001" lon="-116.7174671497196">
        <time>2005-05-11T08:21:28-07:00</time>
      </trkpt>
      <trkpt lat="33.8647052552551" lon="-116.71745440922678">
        <time>2005-05-11T08:21:34-07:00</time>
      </trkpt>
      <trkpt lat="33.86468706652522" lon="-116.71742901206017">
        <time>2005-05-11T08:21:42-07:00</time>
      </trkpt>
      <trkpt lat="33.86466393247247" lon="-116.71738173812628">
        <time>2005-05-11T08:21:47-07:00</time>
      </trkpt>
      <trkpt lat="33.86460836045444" lon="-116.71729850582778">
        <time>2005-05-11T08:21:53-07:00</time>
      </trkpt>
      <trkpt lat="33.86458891443908" lon="-116.71726900152862">
        <time>2005-05-11T08:21:54-07:00</time>
      </trkpt>
      <trkpt lat="33.86452781036496" lon="-116.71721410006285">
        <time>2005-05-11T08:21:57-07:00</time>
      </trkpt>
      <trkpt lat="33.86450191028416" lon="-116.71720454469323">
        <time>2005-05-11T08:21:59-07:00</time>
      </trkpt>
      <trkpt lat="33.864470310509205" lon="-116.71716070733964">
        <time>2005-05-11T08:22:03-07:00</time>
      </trkpt>
      <trkpt lat="33.86444432660937" lon="-116.71712801791728">
        <time>2005-05-11T08:22:09-07:00</time>
      </trkpt>
      <trkpt lat="33.864419432356954" lon="-116.71712256968021">
        <time>2005-05-11T08:22:11-07:00</time>
      </trkpt>
      <trkpt lat="33.86436251923442" lon="-116.71712064184248">
        <time>2005-05-11T08:22:16-07:00</time>
      </trkpt>
      <trkpt lat="33.86431415565312" lon="-116.71708124689758">
        <time>2005-05-11T08:22:18-07:00</time>
      </trkpt>
      <trkpt lat="33.864308623597026" lon="-116.71705828048289">
        <time>2005-05-11T08:22:22-07:00</time>
      </trkpt>
      <trkpt lat="33.864300744608045" lon="-116.71692928299308">
        <time>2005-05-11T08:22:26-07:00</time>
      </trkpt>
      <trkpt lat="33.86429906822741" lon="-116.71690807677805">
        <time>2005-05-11T08:22:28-07:00</time>
      </trkpt>
      <trkpt lat="33.86429420672357" lon="-116.71682434156537">
        <time>2005-05-11T08:22:33-07:00</time>
      </trkpt>
      <trkpt lat="33.86427174322307" lon="-116.71672459691763">
        <time>2005-05-11T08:22:38-07:00</time>
      </trkpt>
      <trkpt lat="33.864235784858465" lon="-116.71665091998875">
        <time>2005-05-11T08:22:39-07:00</time>
      </trkpt>
      <trkpt lat="33.86422782205045" lon="-116.71664195135236">
        <time>2005-05-11T08:22:46-07:00</time>
      </trkpt>
      <trkpt lat="33.86418188922107" lon="-116.71661018393934">
        <time>2005-05-11T08:22:47-07:00</time>
      </trkpt>
      <trkpt lat="33.86416722089052" lon="-116.71660113148391">
        <time>2005-05-11T08:22:52-07:00</time>
      </trkpt>
      <trkpt lat="33.86411676183343" lon="-116.71658302657306">
        <time>2005-05-11T08:22:58-07:00</time>
      </trkpt>
      <trkpt lat="33.8641008362174" lon="-116.71658989973366">
        <time>2005-05-11T08:23:04-07:00</time>
      </trkpt>
      <trkpt lat="33.86407577432692" lon="-116.71659559942782">
        <time>2005-05-11T08:23:05-07:00</time>
      </trkpt>
      <trkpt lat="33.864064207300544" lon="-116.71658772043884">
        <time>2005-05-11T08:23:09-07:00</time>
      </trkpt>
      <trkpt lat="33.86405926197767" lon="-116.7165791708976">
        <time>2005-05-11T08:23:10-07:00</time>
      </trkpt>
      <trkpt lat="33.86401022784412" lon="-116.71651580370963">
        <time>2005-05-11T08:23:14-07:00</time>
      </trkpt>
      <trkpt lat="33.86394593864679" lon="-116.71646861359477">
        <time>2005-05-11T08:23:15-07:00</time>
      </trkpt>
      <trkpt lat="33.86395406909287" lon="-116.71645201742649">
        <time>2005-05-11T08:23:17-07:00</time>
      </trkpt>
      <trkpt lat="33.86396739631891" lon="-116.71638479456306">
        <time>2005-05-11T08:23:19-07:00</time>
      </trkpt>
      <trkpt lat="33.86398734524846" lon="-116.71628597192466">
        <time>2005-05-11T08:23:20-07:00</time>
      </trkpt>
      <trkpt lat="33.86400285176933" lon="-116.71618421562016">
        <time>2005-05-11T08:23:25-07:00</time>
      </trkpt>
      <trkpt lat="33.86400109156966" lon="-116.71616703271866">
        <time>2005-05-11T08:23:31-07:00</time>
      </trkpt>
      <trkpt lat="33.8639507163316" lon="-116.71611330471933">
        <time>2005-05-11T08:23:32-07:00</time>
      </trkpt>
      <trkpt lat="33.863935293629766" lon="-116.71609327197075">
        <time>2005-05-11T08:23:36-07:00</time>
      </trkpt>
      <trkpt lat="33.86392724700272" lon="-116.71605597250164">
        <time>2005-05-11T08:23:41-07:00</time>
      </trkpt>
      <trkpt lat="33.86392573826015" lon="-116.71603786759079">
        <time>2005-05-11T08:23:48-07:00</time>
      </trkpt>
      <trkpt lat="33.8639145065099" lon="-116.71596720814705">
        <time>2005-05-11T08:23:49-07:00</time>
      </trkpt>
      <trkpt lat="33.863893719390035" lon="-116.71592337079346">
        <time>2005-05-11T08:23:54-07:00</time>
      </trkpt>
      <trkpt lat="33.863886930048466" lon="-116.71589621342719">
        <time>2005-05-11T08:23:56-07:00</time>
      </trkpt>
      <trkpt lat="33.86388776823878" lon="-116.7158521246165">
        <time>2005-05-11T08:23:58-07:00</time>
      </trkpt>
      <trkpt lat="33.863869747146964" lon="-116.71580493450165">
        <time>2005-05-11T08:23:59-07:00</time>
      </trkpt>
      <trkpt lat="33.86384619399905" lon="-116.7157828900963">
        <time>2005-05-11T08:24:03-07:00</time>
      </trkpt>
      <trkpt lat="33.86385231278837" lon="-116.71573997475207">
        <time>2005-05-11T08:24:06-07:00</time>
      </trkpt>
      <trkpt lat="33.863860024139285" lon="-116.71571717597544">
        <time>2005-05-11T08:24:08-07:00</time>
      </trkpt>
      <trkpt lat="33.86386354453862" lon="-116.71570284292102">
        <time>2005-05-11T08:24:11-07:00</time>
      </trkpt>
      <trkpt lat="33.86387201026082" lon="-116.71567409299314">
        <time>2005-05-11T08:24:15-07:00</time>
      </trkpt>
      <trkpt lat="33.86388366110623" lon="-116.71561206690967">
        <time>2005-05-11T08:24:17-07:00</time>
      </trkpt>
      <trkpt lat="33.86387963779271" lon="-116.71557904221117">
        <time>2005-05-11T08:24:20-07:00</time>
      </trkpt>
      <trkpt lat="33.863859102129936" lon="-116.71551651321352">
        <time>2005-05-11T08:24:22-07:00</time>
      </trkpt>
      <trkpt lat="33.863846361637115" lon="-116.71546647325158">
        <time>2005-05-11T08:24:23-07:00</time>
      </trkpt>
      <trkpt lat="33.86381710879505" lon="-116.7154052015394">
        <time>2005-05-11T08:24:26-07:00</time>
      </trkpt>
      <trkpt lat="33.863765224814415" lon="-116.71534845605493">
        <time>2005-05-11T08:24:30-07:00</time>
      </trkpt>
      <trkpt lat="33.86369112879038" lon="-116.71531459316611">
        <time>2005-05-11T08:24:32-07:00</time>
      </trkpt>
      <trkpt lat="33.86366908438504" lon="-116.71522633172572">
        <time>2005-05-11T08:24:36-07:00</time>
      </trkpt>
      <trkpt lat="33.863622061908245" lon="-116.71514636836946">
        <time>2005-05-11T08:24:39-07:00</time>
      </trkpt>
      <trkpt lat="33.86356020346284" lon="-116.71508970670402">
        <time>2005-05-11T08:24:44-07:00</time>
      </trkpt>
      <trkpt lat="33.86352013796568" lon="-116.71503740362823">
        <time>2005-05-11T08:24:50-07:00</time>
      </trkpt>
      <trkpt lat="33.86350614018738" lon="-116.71501535922289">
        <time>2005-05-11T08:24:56-07:00</time>
      </trkpt>
      <trkpt lat="33.86347194202244" lon="-116.71494796872139">
        <time>2005-05-11T08:25:02-07:00</time>
      </trkpt>
      <trkpt lat="33.863454004749656" lon="-116.71493514440954">
        <time>2005-05-11T08:25:08-07:00</time>
      </trkpt>
      <trkpt lat="33.863394828513265" lon="-116.71490848995745">
        <time>2005-05-11T08:25:14-07:00</time>
      </trkpt>
      <trkpt lat="33.86334395036101" lon="-116.7148821707815">
        <time>2005-05-11T08:25:19-07:00</time>
      </trkpt>
      <trkpt lat="33.86332090012729" lon="-116.71486674807966">
        <time>2005-05-11T08:25:21-07:00</time>
      </trkpt>
      <trkpt lat="33.863285779953" lon="-116.71482735313475">
        <time>2005-05-11T08:25:26-07:00</time>
      </trkpt>
      <trkpt lat="33.863261472433805" lon="-116.71480111777782">
        <time>2005-05-11T08:25:28-07:00</time>
      </trkpt>
      <trkpt lat="33.86321000754833" lon="-116.71472727321088">
        <time>2005-05-11T08:25:32-07:00</time>
      </trkpt>
      <trkpt lat="33.863172121346" lon="-116.71466206200421">
        <time>2005-05-11T08:25:36-07:00</time>
      </trkpt>
      <trkpt lat="33.86310531757772" lon="-116.71457975171506">
        <time>2005-05-11T08:25:38-07:00</time>
      </trkpt>
      <trkpt lat="33.86305502615869" lon="-116.71450607478619">
        <time>2005-05-11T08:25:42-07:00</time>
      </trkpt>
      <trkpt lat="33.863043040037155" lon="-116.71448034234345">
        <time>2005-05-11T08:25:45-07:00</time>
      </trkpt>
      <trkpt lat="33.86300020851195" lon="-116.71443155966699">
        <time>2005-05-11T08:25:52-07:00</time>
      </trkpt>
      <trkpt lat="33.862992664799094" lon="-116.71442292630672">
        <time>2005-05-11T08:25:57-07:00</time>
      </trkpt>
      <trkpt lat="33.86292762123048" lon="-116.7143808491528">
        <time>2005-05-11T08:26:04-07:00</time>
      </trkpt>
      <trkpt lat="33.86291379109025" lon="-116.71437649056315">
        <time>2005-05-11T08:26:10-07:00</time>
      </trkpt>
      <trkpt lat="33.862886130809784" lon="-116.71439308673143">
        <time>2005-05-11T08:26:12-07:00</time>
      </trkpt>
      <trkpt lat="33.86286282911897" lon="-116.71440113335848">
        <time>2005-05-11T08:26:17-07:00</time>
      </trkpt>
      <trkpt lat="33.86283567175269" lon="-116.71439819969237">
        <time>2005-05-11T08:26:18-07:00</time>
      </trkpt>
      <trkpt lat="33.86280776001513" lon="-116.71440297737718">
        <time>2005-05-11T08:26:24-07:00</time>
      </trkpt>
      <trkpt lat="33.862760653719306" lon="-116.7144101858139">
        <time>2005-05-11T08:26:26-07:00</time>
      </trkpt>
      <trkpt lat="33.86270818300545" lon="-116.71443725936115">
        <time>2005-05-11T08:26:30-07:00</time>
      </trkpt>
      <trkpt lat="33.86263576336205" lon="-116.71444237232208">
        <time>2005-05-11T08:26:32-07:00</time>
      </trkpt>
      <trkpt lat="33.86260064318776" lon="-116.71441714279354">
        <time>2005-05-11T08:26:34-07:00</time>
      </trkpt>
      <trkpt lat="33.862587651237845" lon="-116.71440943144262">
        <time>2005-05-11T08:26:36-07:00</time>
      </trkpt>
      <trkpt lat="33.86253174394369" lon="-116.7143398616463">
        <time>2005-05-11T08:26:40-07:00</time>
      </trkpt>
      <trkpt lat="33.86248614639044" lon="-116.71428169123828">
        <time>2005-05-11T08:26:45-07:00</time>
      </trkpt>
      <trkpt lat="33.86245186440647" lon="-116.71424556523561">
        <time>2005-05-11T08:26:51-07:00</time>
      </trkpt>
      <trkpt lat="33.8624416384846" lon="-116.71422393992543">
        <time>2005-05-11T08:26:55-07:00</time>
      </trkpt>
      <trkpt lat="33.86241682805121" lon="-116.71416074037552">
        <time>2005-05-11T08:26:56-07:00</time>
      </trkpt>
      <trkpt lat="33.86238179169595" lon="-116.7140877339989">
        <time>2005-05-11T08:27:02-07:00</time>
      </trkpt>
      <trkpt lat="33.86236955411732" lon="-116.7140496801585">
        <time>2005-05-11T08:27:08-07:00</time>
      </trkpt>
      <trkpt lat="33.86238514445722" lon="-116.7140370234847">
        <time>2005-05-11T08:27:12-07:00</time>
      </trkpt>
      <trkpt lat="33.86242646723986" lon="-116.71408287249506">
        <time>2005-05-11T08:27:14-07:00</time>
      </trkpt>
      <trkpt lat="33.862449349835515" lon="-116.71414623968303">
        <time>2005-05-11T08:27:19-07:00</time>
      </trkpt>
      <trkpt lat="33.86245488189161" lon="-116.7141601536423">
        <time>2005-05-11T08:27:25-07:00</time>
      </trkpt>
      <trkpt lat="33.862474411726" lon="-116.7141889873892">
        <time>2005-05-11T08:27:28-07:00</time>
      </trkpt>
      <trkpt lat="33.86249997653067" lon="-116.71420759521425">
        <time>2005-05-11T08:27:31-07:00</time>
      </trkpt>
      <trkpt lat="33.86256543919444" lon="-116.71427087858319">
        <time>2005-05-11T08:27:36-07:00</time>
      </trkpt>
      <trkpt lat="33.862587651237845" lon="-116.71429141424596">
        <time>2005-05-11T08:27:41-07:00</time>
      </trkpt>
      <trkpt lat="33.86262352578342" lon="-116.71432544477284">
        <time>2005-05-11T08:27:42-07:00</time>
      </trkpt>
      <trkpt lat="33.8626451510936" lon="-116.71433039009571">
        <time>2005-05-11T08:27:45-07:00</time>
      </trkpt>
      <trkpt lat="33.86269443668425" lon="-116.71432971954346">
        <time>2005-05-11T08:27:48-07:00</time>
      </trkpt>
      <trkpt lat="33.8627714663744" lon="-116.71429904177785">
        <time>2005-05-11T08:27:54-07:00</time>
      </trkpt>
      <trkpt lat="33.86283609084785" lon="-116.71429032459855">
        <time>2005-05-11T08:27:56-07:00</time>
      </trkpt>
      <trkpt lat="33.862843215465546" lon="-116.71427674591541">
        <time>2005-05-11T08:28:00-07:00</time>
      </trkpt>
      <trkpt lat="33.86289166286588" lon="-116.71424984000623">
        <time>2005-05-11T08:28:02-07:00</time>
      </trkpt>
      <trkpt lat="33.86295989155769" lon="-116.71422947198153">
        <time>2005-05-11T08:28:06-07:00</time>
      </trkpt>
      <trkpt lat="33.86300305835903" lon="-116.71420466154814">
        <time>2005-05-11T08:28:12-07:00</time>
      </trkpt>
      <trkpt lat="33.86301437392831" lon="-116.71420709230006">
        <time>2005-05-11T08:28:17-07:00</time>
      </trkpt>
      <trkpt lat="33.863014206290245" lon="-116.71421069651842">
        <time>2005-05-11T08:28:18-07:00</time>
      </trkpt>
      <trkpt lat="33.863031724467874" lon="-116.71424623578787">
        <time>2005-05-11T08:28:22-07:00</time>
      </trkpt>
      <trkpt lat="33.86304756626487" lon="-116.71425973065197">
        <time>2005-05-11T08:28:28-07:00</time>
      </trkpt>
      <trkpt lat="33.86309173889458" lon="-116.71427951194346">
        <time>2005-05-11T08:28:34-07:00</time>
      </trkpt>
      <trkpt lat="33.8631390966475" lon="-116.71429074369371">
        <time>2005-05-11T08:28:36-07:00</time>
      </trkpt>
      <trkpt lat="33.86316105723381" lon="-116.71430013142526">
        <time>2005-05-11T08:28:38-07:00</time>
      </trkpt>
      <trkpt lat="33.863221826031804" lon="-116.71432150527835">
        <time>2005-05-11T08:28:41-07:00</time>
      </trkpt>
      <trkpt lat="33.86323875747621" lon="-116.71435411088169">
        <time>2005-05-11T08:28:43-07:00</time>
      </trkpt>
      <trkpt lat="33.86325158178806" lon="-116.71436559408903">
        <time>2005-05-11T08:28:46-07:00</time>
      </trkpt>
      <trkpt lat="33.86327639222145" lon="-116.71437489800155">
        <time>2005-05-11T08:28:49-07:00</time>
      </trkpt>
      <trkpt lat="33.86332676745951" lon="-116.71440398320556">
        <time>2005-05-11T08:28:51-07:00</time>
      </trkpt>
      <trkpt lat="33.86336197145283" lon="-116.71440607868135">
        <time>2005-05-11T08:28:57-07:00</time>
      </trkpt>
      <trkpt lat="33.86337831616402" lon="-116.71441446058452">
        <time>2005-05-11T08:29:01-07:00</time>
      </trkpt>
      <trkpt lat="33.863404551520944" lon="-116.71443390659988">
        <time>2005-05-11T08:29:03-07:00</time>
      </trkpt>
      <trkpt lat="33.86343330144882" lon="-116.71444044448435">
        <time>2005-05-11T08:29:06-07:00</time>
      </trkpt>
      <trkpt lat="33.863504799082875" lon="-116.71443935483694">
        <time>2005-05-11T08:29:10-07:00</time>
      </trkpt>
      <trkpt lat="33.86351779103279" lon="-116.71443667262793">
        <time>2005-05-11T08:29:14-07:00</time>
      </trkpt>
      <trkpt lat="33.86357830837369" lon="-116.71443994157016">
        <time>2005-05-11T08:29:16-07:00</time>
      </trkpt>
      <trkpt lat="33.86363346129656" lon="-116.71445067040622">
        <time>2005-05-11T08:29:19-07:00</time>
      </trkpt>
      <trkpt lat="33.86373580433428" lon="-116.71447489410639">
        <time>2005-05-11T08:29:21-07:00</time>
      </trkpt>
      <trkpt lat="33.86377519927919" lon="-116.71449995599687">
        <time>2005-05-11T08:29:27-07:00</time>
      </trkpt>
      <trkpt lat="33.863792130723596" lon="-116.71450238674879">
        <time>2005-05-11T08:29:28-07:00</time>
      </trkpt>
      <trkpt lat="33.863809062168" lon="-116.71450272202492">
        <time>2005-05-11T08:29:33-07:00</time>
      </trkpt>
      <trkpt lat="33.86383186094463" lon="-116.71451982110739">
        <time>2005-05-11T08:29:38-07:00</time>
      </trkpt>
      <trkpt lat="33.86385734193027" lon="-116.7145724594593">
        <time>2005-05-11T08:29:46-07:00</time>
      </trkpt>
      <trkpt lat="33.86389112100005" lon="-116.71462560072541">
        <time>2005-05-11T08:29:51-07:00</time>
      </trkpt>
      <trkpt lat="33.86396639049053" lon="-116.71465535648167">
        <time>2005-05-11T08:29:52-07:00</time>
      </trkpt>
      <trkpt lat="33.864030092954636" lon="-116.71470103785396">
        <time>2005-05-11T08:29:53-07:00</time>
      </trkpt>
      <trkpt lat="33.86407342739403" lon="-116.71470941975713">
        <time>2005-05-11T08:29:55-07:00</time>
      </trkpt>
      <trkpt lat="33.86410200968385" lon="-116.71470464207232">
        <time>2005-05-11T08:29:59-07:00</time>
      </trkpt>
      <trkpt lat="33.864114079624414" lon="-116.71470128931105">
        <time>2005-05-11T08:30:04-07:00</time>
      </trkpt>
      <trkpt lat="33.86415733024478" lon="-116.71470698900521">
        <time>2005-05-11T08:30:10-07:00</time>
      </trkpt>
      <trkpt lat="33.864213405177" lon="-116.71472375281155">
        <time>2005-05-11T08:30:16-07:00</time>
      </trkpt>
      <trkpt lat="33.86426352895796" lon="-116.71475878916681">
        <time>2005-05-11T08:30:19-07:00</time>
      </trkpt>
      <trkpt lat="33.864270485937595" lon="-116.71477261930704">
        <time>2005-05-11T08:30:21-07:00</time>
      </trkpt>
      <trkpt lat="33.864312060177326" lon="-116.71482467092574">
        <time>2005-05-11T08:30:22-07:00</time>
      </trkpt>
      <trkpt lat="33.86432882398367" lon="-116.71484143473208">
        <time>2005-05-11T08:30:26-07:00</time>
      </trkpt>
      <trkpt lat="33.86438447982073" lon="-116.71490170061588">
        <time>2005-05-11T08:30:31-07:00</time>
      </trkpt>
      <trkpt lat="33.864435106515884" lon="-116.71501242555678">
        <time>2005-05-11T08:30:36-07:00</time>
      </trkpt>
      <trkpt lat="33.86444851756096" lon="-116.71502097509801">
        <time>2005-05-11T08:30:37-07:00</time>
      </trkpt>
      <trkpt lat="33.86449679732323" lon="-116.71503002755344">
        <time>2005-05-11T08:30:41-07:00</time>
      </trkpt>
      <trkpt lat="33.864508448168635" lon="-116.71502742916346">
        <time>2005-05-11T08:30:43-07:00</time>
      </trkpt>
      <trkpt lat="33.864586651325226" lon="-116.71499071642756">
        <time>2005-05-11T08:30:49-07:00</time>
      </trkpt>
      <trkpt lat="33.864634009078145" lon="-116.71494662761688">
        <time>2005-05-11T08:30:57-07:00</time>
      </trkpt>
      <trkpt lat="33.86464565992355" lon="-116.7149350605905">
        <time>2005-05-11T08:30:58-07:00</time>
      </trkpt>
      <trkpt lat="33.86468010954559" lon="-116.71489558182657">
        <time>2005-05-11T08:31:02-07:00</time>
      </trkpt>
      <trkpt lat="33.86470936238766" lon="-116.7148560192436">
        <time>2005-05-11T08:31:03-07:00</time>
      </trkpt>
      <trkpt lat="33.86472017504275" lon="-116.71483405865729">
        <time>2005-05-11T08:31:09-07:00</time>
      </trkpt>
      <trkpt lat="33.864766862243414" lon="-116.71479273587465">
        <time>2005-05-11T08:31:14-07:00</time>
      </trkpt>
      <trkpt lat="33.86478672735393" lon="-116.71476691961288">
        <time>2005-05-11T08:31:15-07:00</time>
      </trkpt>
      <trkpt lat="33.86479846201837" lon="-116.71468645334244">
        <time>2005-05-11T08:31:19-07:00</time>
      </trkpt>
      <trkpt lat="33.86480474844575" lon="-116.71465275809169">
        <time>2005-05-11T08:31:23-07:00</time>
      </trkpt>
      <trkpt lat="33.86482687667012" lon="-116.71461512334645">
        <time>2005-05-11T08:31:25-07:00</time>
      </trkpt>
      <trkpt lat="33.8648487534374" lon="-116.71460037119687">
        <time>2005-05-11T08:31:29-07:00</time>
      </trkpt>
      <trkpt lat="33.86487909592688" lon="-116.71457237564027">
        <time>2005-05-11T08:31:31-07:00</time>
      </trkpt>
      <trkpt lat="33.864895273" lon="-116.71455116942525">
        <time>2005-05-11T08:31:36-07:00</time>
      </trkpt>
      <trkpt lat="33.86493265628815" lon="-116.71449350193143">
        <time>2005-05-11T08:31:38-07:00</time>
      </trkpt>
      <trkpt lat="33.864944307133555" lon="-116.7144780792296">
        <time>2005-05-11T08:31:42-07:00</time>
      </trkpt>
      <trkpt lat="33.86497523635626" lon="-116.7144207470119">
        <time>2005-05-11T08:31:44-07:00</time>
      </trkpt>
      <trkpt lat="33.86500750668347" lon="-116.7143552005291">
        <time>2005-05-11T08:31:47-07:00</time>
      </trkpt>
      <trkpt lat="33.86502368375659" lon="-116.71434815973043">
        <time>2005-05-11T08:31:49-07:00</time>
      </trkpt>
      <trkpt lat="33.865060145035386" lon="-116.71431706286967">
        <time>2005-05-11T08:31:54-07:00</time>
      </trkpt>
      <trkpt lat="33.86507933959365" lon="-116.71429082751274">
        <time>2005-05-11T08:31:55-07:00</time>
      </trkpt>
      <trkpt lat="33.865096773952246" lon="-116.71426291577518">
        <time>2005-05-11T08:32:00-07:00</time>
      </trkpt>
      <trkpt lat="33.865111945196986" lon="-116.71425595879555">
        <time>2005-05-11T08:32:07-07:00</time>
      </trkpt>
      <trkpt lat="33.865146646276116" lon="-116.7142275441438">
        <time>2005-05-11T08:32:08-07:00</time>
      </trkpt>
      <trkpt lat="33.865206241607666" lon="-116.71418488025665">
        <time>2005-05-11T08:32:11-07:00</time>
      </trkpt>
      <trkpt lat="33.86521680280566" lon="-116.71418303623796">
        <time>2005-05-11T08:32:13-07:00</time>
      </trkpt>
      <trkpt lat="33.86526457965374" lon="-116.7141894903034">
        <time>2005-05-11T08:32:15-07:00</time>
      </trkpt>
      <trkpt lat="33.86528670787811" lon="-116.71418429352343">
        <time>2005-05-11T08:32:16-07:00</time>
      </trkpt>
      <trkpt lat="33.865361055359244" lon="-116.71419762074947">
        <time>2005-05-11T08:32:19-07:00</time>
      </trkpt>
      <trkpt lat="33.8653738796711" lon="-116.71418890357018">
        <time>2005-05-11T08:32:25-07:00</time>
      </trkpt>
      <trkpt lat="33.86542400345206" lon="-116.71418429352343">
        <time>2005-05-11T08:32:26-07:00</time>
      </trkpt>
      <trkpt lat="33.86544537730515" lon="-116.71418312005699">
        <time>2005-05-11T08:32:30-07:00</time>
      </trkpt>
      <trkpt lat="33.86550262570381" lon="-116.71416711062193">
        <time>2005-05-11T08:32:32-07:00</time>
      </trkpt>
      <trkpt lat="33.86551813222468" lon="-116.7141649313271">
        <time>2005-05-11T08:32:37-07:00</time>
      </trkpt>
      <trkpt lat="33.86556280776858" lon="-116.71417163684964">
        <time>2005-05-11T08:32:38-07:00</time>
      </trkpt>
      <trkpt lat="33.86558284051716" lon="-116.71418965794146">
        <time>2005-05-11T08:32:42-07:00</time>
      </trkpt>
      <trkpt lat="33.86560429818928" lon="-116.71419988386333">
        <time>2005-05-11T08:32:44-07:00</time>
      </trkpt>
      <trkpt lat="33.865648889914155" lon="-116.71422192826867">
        <time>2005-05-11T08:32:49-07:00</time>
      </trkpt>
      <trkpt lat="33.86565802618861" lon="-116.71429895795882">
        <time>2005-05-11T08:32:50-07:00</time>
      </trkpt>
      <trkpt lat="33.86569197289646" lon="-116.71434313058853">
        <time>2005-05-11T08:32:53-07:00</time>
      </trkpt>
      <trkpt lat="33.86571309529245" lon="-116.71434983611107">
        <time>2005-05-11T08:32:55-07:00</time>
      </trkpt>
      <trkpt lat="33.86577378027141" lon="-116.71438403427601">
        <time>2005-05-11T08:32:57-07:00</time>
      </trkpt>
      <trkpt lat="33.86578878387809" lon="-116.7143916618079">
        <time>2005-05-11T08:33:01-07:00</time>
      </trkpt>
      <trkpt lat="33.86586262844503" lon="-116.71443583443761">
        <time>2005-05-11T08:33:06-07:00</time>
      </trkpt>
      <trkpt lat="33.865942005068064" lon="-116.7144498322159">
        <time>2005-05-11T08:33:10-07:00</time>
      </trkpt>
      <trkpt lat="33.866012496873736" lon="-116.71446433290839">
        <time>2005-05-11T08:33:12-07:00</time>
      </trkpt>
      <trkpt lat="33.86602733284235" lon="-116.71447128988802">
        <time>2005-05-11T08:33:17-07:00</time>
      </trkpt>
      <trkpt lat="33.86607586406171" lon="-116.71450389549136">
        <time>2005-05-11T08:33:18-07:00</time>
      </trkpt>
      <trkpt lat="33.86615348048508" lon="-116.71454614028335">
        <time>2005-05-11T08:33:24-07:00</time>
      </trkpt>
      <trkpt lat="33.86623939499259" lon="-116.71457966789603">
        <time>2005-05-11T08:33:30-07:00</time>
      </trkpt>
      <trkpt lat="33.866257667541504" lon="-116.71459190547466">
        <time>2005-05-11T08:33:36-07:00</time>
      </trkpt>
      <trkpt lat="33.866334948688745" lon="-116.71461705118418">
        <time>2005-05-11T08:33:37-07:00</time>
      </trkpt>
      <trkpt lat="33.8663543947041" lon="-116.71461814083159">
        <time>2005-05-11T08:33:42-07:00</time>
      </trkpt>
      <trkpt lat="33.86640007607639" lon="-116.71462501399219">
        <time>2005-05-11T08:33:49-07:00</time>
      </trkpt>
      <trkpt lat="33.86646872386336" lon="-116.71464018523693">
        <time>2005-05-11T08:33:56-07:00</time>
      </trkpt>
      <trkpt lat="33.866553800180554" lon="-116.7146485671401">
        <time>2005-05-11T08:33:58-07:00</time>
      </trkpt>
      <trkpt lat="33.86656821705401" lon="-116.71464638784528">
        <time>2005-05-11T08:34:03-07:00</time>
      </trkpt>
      <trkpt lat="33.86663560755551" lon="-116.71465259045362">
        <time>2005-05-11T08:34:05-07:00</time>
      </trkpt>
      <trkpt lat="33.866715990006924" lon="-116.71467765234411">
        <time>2005-05-11T08:34:09-07:00</time>
      </trkpt>
      <trkpt lat="33.866749266162515" lon="-116.71469332650304">
        <time>2005-05-11T08:34:15-07:00</time>
      </trkpt>
      <trkpt lat="33.86676267720759" lon="-116.71470103785396">
        <time>2005-05-11T08:34:21-07:00</time>
      </trkpt>
      <trkpt lat="33.86681858450174" lon="-116.71474445611238">
        <time>2005-05-11T08:34:22-07:00</time>
      </trkpt>
      <trkpt lat="33.86688429862261" lon="-116.71471956185997">
        <time>2005-05-11T08:34:27-07:00</time>
      </trkpt>
      <trkpt lat="33.86697180569172" lon="-116.71469517052174">
        <time>2005-05-11T08:34:34-07:00</time>
      </trkpt>
      <trkpt lat="33.866998963057995" lon="-116.71468796208501">
        <time>2005-05-11T08:34:37-07:00</time>
      </trkpt>
      <trkpt lat="33.867043387144804" lon="-116.71467253938317">
        <time>2005-05-11T08:34:38-07:00</time>
      </trkpt>
      <trkpt lat="33.8670557923615" lon="-116.71467681415379">
        <time>2005-05-11T08:34:44-07:00</time>
      </trkpt>
      <trkpt lat="33.86706534773111" lon="-116.71467723324895">
        <time>2005-05-11T08:34:49-07:00</time>
      </trkpt>
      <trkpt lat="33.86710725724697" lon="-116.71467522159219">
        <time>2005-05-11T08:34:54-07:00</time>
      </trkpt>
      <trkpt lat="33.867181269451976" lon="-116.71467622742057">
        <time>2005-05-11T08:34:56-07:00</time>
      </trkpt>
      <trkpt lat="33.867193926125765" lon="-116.71467304229736">
        <time>2005-05-11T08:35:00-07:00</time>
      </trkpt>
      <trkpt lat="33.867234997451305" lon="-116.71467027626932">
        <time>2005-05-11T08:35:01-07:00</time>
      </trkpt>
      <trkpt lat="33.86726173572242" lon="-116.71465720050037">
        <time>2005-05-11T08:35:02-07:00</time>
      </trkpt>
      <trkpt lat="33.867324348539114" lon="-116.71466859988868">
        <time>2005-05-11T08:35:05-07:00</time>
      </trkpt>
      <trkpt lat="33.86734454892576" lon="-116.71467673033476">
        <time>2005-05-11T08:35:10-07:00</time>
      </trkpt>
      <trkpt lat="33.86738620698452" lon="-116.71470900066197">
        <time>2005-05-11T08:35:11-07:00</time>
      </trkpt>
      <trkpt lat="33.86741713620722" lon="-116.71474043279886">
        <time>2005-05-11T08:35:14-07:00</time>
      </trkpt>
      <trkpt lat="33.867466589435935" lon="-116.71474847942591">
        <time>2005-05-11T08:35:16-07:00</time>
      </trkpt>
      <trkpt lat="33.86747371405363" lon="-116.71473783440888">
        <time>2005-05-11T08:35:21-07:00</time>
      </trkpt>
      <trkpt lat="33.8674789108336" lon="-116.71472216024995">
        <time>2005-05-11T08:35:23-07:00</time>
      </trkpt>
      <trkpt lat="33.867477318271995" lon="-116.71469802036881">
        <time>2005-05-11T08:35:27-07:00</time>
      </trkpt>
      <trkpt lat="33.86746893636882" lon="-116.7146710306406">
        <time>2005-05-11T08:35:30-07:00</time>
      </trkpt>
      <trkpt lat="33.867457788437605" lon="-116.71462995931506">
        <time>2005-05-11T08:35:34-07:00</time>
      </trkpt>
      <trkpt lat="33.867438677698374" lon="-116.71460825018585">
        <time>2005-05-11T08:35:35-07:00</time>
      </trkpt>
      <trkpt lat="33.867377238348126" lon="-116.71456298790872">
        <time>2005-05-11T08:35:36-07:00</time>
      </trkpt>
      <trkpt lat="33.867362989112735" lon="-116.71455468982458">
        <time>2005-05-11T08:35:38-07:00</time>
      </trkpt>
      <trkpt lat="33.86730465106666" lon="-116.71452350914478">
        <time>2005-05-11T08:35:40-07:00</time>
      </trkpt>
      <trkpt lat="33.86727271601558" lon="-116.7145137861371">
        <time>2005-05-11T08:35:43-07:00</time>
      </trkpt>
      <trkpt lat="33.8672595564276" lon="-116.71450917609036">
        <time>2005-05-11T08:35:45-07:00</time>
      </trkpt>
      <trkpt lat="33.86720255948603" lon="-116.71448185108602">
        <time>2005-05-11T08:35:50-07:00</time>
      </trkpt>
      <trkpt lat="33.86719015426934" lon="-116.71447900123894">
        <time>2005-05-11T08:35:51-07:00</time>
      </trkpt>
      <trkpt lat="33.86710784398019" lon="-116.71445335261524">
        <time>2005-05-11T08:35:55-07:00</time>
      </trkpt>
      <trkpt lat="33.86704087257385" lon="-116.71446760185063">
        <time>2005-05-11T08:35:57-07:00</time>
      </trkpt>
      <trkpt lat="33.86702938936651" lon="-116.7144741397351">
        <time>2005-05-11T08:35:58-07:00</time>
      </trkpt>
      <trkpt lat="33.86695948429406" lon="-116.71451026573777">
        <time>2005-05-11T08:36:03-07:00</time>
      </trkpt>
      <trkpt lat="33.86692252010107" lon="-116.71452158130705">
        <time>2005-05-11T08:36:04-07:00</time>
      </trkpt>
      <trkpt lat="33.866883628070354" lon="-116.71450037509203">
        <time>2005-05-11T08:36:09-07:00</time>
      </trkpt>
      <trkpt lat="33.86687843129039" lon="-116.71448738314211">
        <time>2005-05-11T08:36:14-07:00</time>
      </trkpt>
      <trkpt lat="33.866857811808586" lon="-116.71443826518953">
        <time>2005-05-11T08:36:15-07:00</time>
      </trkpt>
      <trkpt lat="33.86681539937854" lon="-116.71432569622993">
        <time>2005-05-11T08:36:20-07:00</time>
      </trkpt>
      <trkpt lat="33.8667933549732" lon="-116.714259814471">
        <time>2005-05-11T08:36:23-07:00</time>
      </trkpt>
      <trkpt lat="33.866762928664684" lon="-116.71422008424997">
        <time>2005-05-11T08:36:27-07:00</time>
      </trkpt>
      <trkpt lat="33.866718504577875" lon="-116.7141670268029">
        <time>2005-05-11T08:36:28-07:00</time>
      </trkpt>
      <trkpt lat="33.866668716073036" lon="-116.71410961076617">
        <time>2005-05-11T08:36:32-07:00</time>
      </trkpt>
      <trkpt lat="33.86665924452245" lon="-116.71410080976784">
        <time>2005-05-11T08:36:39-07:00</time>
      </trkpt>
      <trkpt lat="33.866625633090734" lon="-116.71410181559622">
        <time>2005-05-11T08:36:43-07:00</time>
      </trkpt>
      <trkpt lat="33.866600319743156" lon="-116.7141009774059">
        <time>2005-05-11T08:36:46-07:00</time>
      </trkpt>
      <trkpt lat="33.86652605608106" lon="-116.71411070041358">
        <time>2005-05-11T08:36:51-07:00</time>
      </trkpt>
      <trkpt lat="33.866436537355185" lon="-116.71413484029472">
        <time>2005-05-11T08:36:57-07:00</time>
      </trkpt>
      <trkpt lat="33.86639513075352" lon="-116.7141202557832">
        <time>2005-05-11T08:36:59-07:00</time>
      </trkpt>
      <trkpt lat="33.86635975912213" lon="-116.71409896574914">
        <time>2005-05-11T08:37:02-07:00</time>
      </trkpt>
      <trkpt lat="33.86628524400294" lon="-116.71404892578721">
        <time>2005-05-11T08:37:04-07:00</time>
      </trkpt>
      <trkpt lat="33.86621584184468" lon="-116.7140200920403">
        <time>2005-05-11T08:37:09-07:00</time>
      </trkpt>
      <trkpt lat="33.8661577552557" lon="-116.71396728605032">
        <time>2005-05-11T08:37:16-07:00</time>
      </trkpt>
      <trkpt lat="33.86614711023867" lon="-116.71395781449974">
        <time>2005-05-11T08:37:20-07:00</time>
      </trkpt>
      <trkpt lat="33.86610444635153" lon="-116.71393065713346">
        <time>2005-05-11T08:37:23-07:00</time>
      </trkpt>
      <trkpt lat="33.86605281382799" lon="-116.71389495022595">
        <time>2005-05-11T08:37:29-07:00</time>
      </trkpt>
      <trkpt lat="33.866033954545856" lon="-116.71388220973313">
        <time>2005-05-11T08:37:35-07:00</time>
      </trkpt>
      <trkpt lat="33.8659989181906" lon="-116.71382437460124">
        <time>2005-05-11T08:37:41-07:00</time>
      </trkpt>
      <trkpt lat="33.86593010276556" lon="-116.71375916339457">
        <time>2005-05-11T08:37:42-07:00</time>
      </trkpt>
      <trkpt lat="33.865869250148535" lon="-116.71372530050576">
        <time>2005-05-11T08:37:47-07:00</time>
      </trkpt>
      <trkpt lat="33.865820886567235" lon="-116.71368850395083">
        <time>2005-05-11T08:37:51-07:00</time>
      </trkpt>
      <trkpt lat="33.86581334285438" lon="-116.71368632465601">
        <time>2005-05-11T08:37:53-07:00</time>
      </trkpt>
      <trkpt lat="33.86580957099795" lon="-116.71367735601962">
        <time>2005-05-11T08:37:58-07:00</time>
      </trkpt>
      <trkpt lat="33.86577671393752" lon="-116.713643996045">
        <time>2005-05-11T08:38:04-07:00</time>
      </trkpt>
      <trkpt lat="33.865720722824335" lon="-116.71362396329641">
        <time>2005-05-11T08:38:09-07:00</time>
      </trkpt>
      <trkpt lat="33.865704126656055" lon="-116.7136215325445">
        <time>2005-05-11T08:38:15-07:00</time>
      </trkpt>
      <trkpt lat="33.86565408669412" lon="-116.71364097855985">
        <time>2005-05-11T08:38:16-07:00</time>
      </trkpt>
      <trkpt lat="33.86558351106942" lon="-116.71363586559892">
        <time>2005-05-11T08:38:17-07:00</time>
      </trkpt>
      <trkpt lat="33.86554252356291" lon="-116.71363628469408">
        <time>2005-05-11T08:38:21-07:00</time>
      </trkpt>
      <trkpt lat="33.86550606228411" lon="-116.71363024972379">
        <time>2005-05-11T08:38:25-07:00</time>
      </trkpt>
      <trkpt lat="33.865434899926186" lon="-116.71361315064132">
        <time>2005-05-11T08:38:27-07:00</time>
      </trkpt>
      <trkpt lat="33.8653442915529" lon="-116.71360258944333">
        <time>2005-05-11T08:38:31-07:00</time>
      </trkpt>
      <trkpt lat="33.86530422605574" lon="-116.71358683146536">
        <time>2005-05-11T08:38:37-07:00</time>
      </trkpt>
      <trkpt lat="33.86527631431818" lon="-116.71357719227672">
        <time>2005-05-11T08:38:41-07:00</time>
      </trkpt>
      <trkpt lat="33.86517665348947" lon="-116.71354341320693">
        <time>2005-05-11T08:38:44-07:00</time>
      </trkpt>
      <trkpt lat="33.86511613614857" lon="-116.71350946649909">
        <time>2005-05-11T08:38:50-07:00</time>
      </trkpt>
      <trkpt lat="33.865064503625035" lon="-116.71348038129508">
        <time>2005-05-11T08:38:57-07:00</time>
      </trkpt>
      <trkpt lat="33.86501521803439" lon="-116.71345615759492">
        <time>2005-05-11T08:39:00-07:00</time>
      </trkpt>
      <trkpt lat="33.86496802791953" lon="-116.71339740045369">
        <time>2005-05-11T08:39:03-07:00</time>
      </trkpt>
      <trkpt lat="33.8649766612798" lon="-116.7133773677051">
        <time>2005-05-11T08:39:11-07:00</time>
      </trkpt>
      <trkpt lat="33.86499485000968" lon="-116.71336848288774">
        <time>2005-05-11T08:39:16-07:00</time>
      </trkpt>
      <trkpt lat="33.86501873843372" lon="-116.71336814761162">
        <time>2005-05-11T08:39:20-07:00</time>
      </trkpt>
      <trkpt lat="33.86503600515425" lon="-116.71337636187673">
        <time>2005-05-11T08:39:24-07:00</time>
      </trkpt>
      <trkpt lat="33.8650628272444" lon="-116.71340150758624">
        <time>2005-05-11T08:39:30-07:00</time>
      </trkpt>
      <trkpt lat="33.86508579365909" lon="-116.71341835521162">
        <time>2005-05-11T08:39:32-07:00</time>
      </trkpt>
      <trkpt lat="33.86515377089381" lon="-116.7134516313672">
        <time>2005-05-11T08:39:33-07:00</time>
      </trkpt>
      <trkpt lat="33.86518998071551" lon="-116.71345590613782">
        <time>2005-05-11T08:39:35-07:00</time>
      </trkpt>
      <trkpt lat="33.86525175534189" lon="-116.71347971074283">
        <time>2005-05-11T08:39:36-07:00</time>
      </trkpt>
      <trkpt lat="33.865301543846726" lon="-116.71349572017789">
        <time>2005-05-11T08:39:38-07:00</time>
      </trkpt>
      <trkpt lat="33.86532844975591" lon="-116.7134970612824">
        <time>2005-05-11T08:39:40-07:00</time>
      </trkpt>
      <trkpt lat="33.86537195183337" lon="-116.7135139927268">
        <time>2005-05-11T08:39:46-07:00</time>
      </trkpt>
      <trkpt lat="33.86537010781467" lon="-116.71350913122296">
        <time>2005-05-11T08:39:49-07:00</time>
      </trkpt>
      <trkpt lat="33.86537111364305" lon="-116.71350829303265">
        <time>2005-05-11T08:39:54-07:00</time>
      </trkpt>
      <trkpt lat="33.8653995282948" lon="-116.71349639073014">
        <time>2005-05-11T08:39:57-07:00</time>
      </trkpt>
      <trkpt lat="33.86545225046575" lon="-116.71349228359759">
        <time>2005-05-11T08:39:59-07:00</time>
      </trkpt>
      <trkpt lat="33.86545769870281" lon="-116.71349379234016">
        <time>2005-05-11T08:40:06-07:00</time>
      </trkpt>
      <trkpt lat="33.865500865504146" lon="-116.71348247677088">
        <time>2005-05-11T08:40:12-07:00</time>
      </trkpt>
      <trkpt lat="33.865537997335196" lon="-116.71348230913281">
        <time>2005-05-11T08:40:13-07:00</time>
      </trkpt>
      <trkpt lat="33.865567836910486" lon="-116.71347811818123">
        <time>2005-05-11T08:40:19-07:00</time>
      </trkpt>
      <trkpt lat="33.86563841253519" lon="-116.71346571296453">
        <time>2005-05-11T08:40:24-07:00</time>
      </trkpt>
      <trkpt lat="33.86564872227609" lon="-116.71346529386938">
        <time>2005-05-11T08:40:25-07:00</time>
      </trkpt>
      <trkpt lat="33.865707563236356" lon="-116.71344274654984">
        <time>2005-05-11T08:40:30-07:00</time>
      </trkpt>
      <trkpt lat="33.86577017605305" lon="-116.71342271380126">
        <time>2005-05-11T08:40:33-07:00</time>
      </trkpt>
      <trkpt lat="33.86578249745071" lon="-116.71343134716153">
        <time>2005-05-11T08:40:35-07:00</time>
      </trkpt>
      <trkpt lat="33.8657914660871" lon="-116.71343394555151">
        <time>2005-05-11T08:40:41-07:00</time>
      </trkpt>
      <trkpt lat="33.865851983428" lon="-116.71343780122697">
        <time>2005-05-11T08:40:42-07:00</time>
      </trkpt>
      <trkpt lat="33.86592507362366" lon="-116.71346026472747">
        <time>2005-05-11T08:40:48-07:00</time>
      </trkpt>
      <trkpt lat="33.8659349642694" lon="-116.7134640365839">
        <time>2005-05-11T08:40:54-07:00</time>
      </trkpt>
      <trkpt lat="33.8659798912704" lon="-116.71348725445569">
        <time>2005-05-11T08:40:55-07:00</time>
      </trkpt>
      <trkpt lat="33.866029595956206" lon="-116.71350996941328">
        <time>2005-05-11T08:40:56-07:00</time>
      </trkpt>
      <trkpt lat="33.86609656736255" lon="-116.7135192733258">
        <time>2005-05-11T08:41:01-07:00</time>
      </trkpt>
      <trkpt lat="33.86616722680628" lon="-116.71357031911612">
        <time>2005-05-11T08:41:07-07:00</time>
      </trkpt>
      <trkpt lat="33.86618214659393" lon="-116.71358046121895">
        <time>2005-05-11T08:41:08-07:00</time>
      </trkpt>
      <trkpt lat="33.866249369457364" lon="-116.71359982341528">
        <time>2005-05-11T08:41:12-07:00</time>
      </trkpt>
      <trkpt lat="33.86631466448307" lon="-116.7136471811682">
        <time>2005-05-11T08:41:17-07:00</time>
      </trkpt>
      <trkpt lat="33.86634299531579" lon="-116.71367433853447">
        <time>2005-05-11T08:41:23-07:00</time>
      </trkpt>
      <trkpt lat="33.86636780574918" lon="-116.71366956084967">
        <time>2005-05-11T08:41:29-07:00</time>
      </trkpt>
      <trkpt lat="33.86643838137388" lon="-116.71362647786736">
        <time>2005-05-11T08:41:30-07:00</time>
      </trkpt>
      <trkpt lat="33.866505520418286" lon="-116.7136284057051">
        <time>2005-05-11T08:41:35-07:00</time>
      </trkpt>
      <trkpt lat="33.866515243425965" lon="-116.71362278982997">
        <time>2005-05-11T08:41:42-07:00</time>
      </trkpt>
      <trkpt lat="33.866557236760855" lon="-116.71359085477889">
        <time>2005-05-11T08:41:45-07:00</time>
      </trkpt>
      <trkpt lat="33.86660082265735" lon="-116.713503934443">
        <time>2005-05-11T08:41:48-07:00</time>
      </trkpt>
      <trkpt lat="33.86664750985801" lon="-116.7134471051395">
        <time>2005-05-11T08:41:54-07:00</time>
      </trkpt>
      <trkpt lat="33.866701824590564" lon="-116.71341449953616">
        <time>2005-05-11T08:42:00-07:00</time>
      </trkpt>
      <trkpt lat="33.86677097529173" lon="-116.71340972185135">
        <time>2005-05-11T08:42:01-07:00</time>
      </trkpt>
      <trkpt lat="33.86684423312545" lon="-116.71340729109943">
        <time>2005-05-11T08:42:06-07:00</time>
      </trkpt>
      <trkpt lat="33.86686929501593" lon="-116.71339547261596">
        <time>2005-05-11T08:42:13-07:00</time>
      </trkpt>
      <trkpt lat="33.86690391227603" lon="-116.71340913511813">
        <time>2005-05-11T08:42:18-07:00</time>
      </trkpt>
      <trkpt lat="33.86693065054715" lon="-116.7134296707809">
        <time>2005-05-11T08:42:23-07:00</time>
      </trkpt>
      <trkpt lat="33.86693953536451" lon="-116.71343117952347">
        <time>2005-05-11T08:42:28-07:00</time>
      </trkpt>
      <trkpt lat="33.867005333304405" lon="-116.71343981288373">
        <time>2005-05-11T08:42:34-07:00</time>
      </trkpt>
      <trkpt lat="33.86705587618053" lon="-116.71348071657121">
        <time>2005-05-11T08:42:37-07:00</time>
      </trkpt>
      <trkpt lat="33.86712041683495" lon="-116.71352128498256">
        <time>2005-05-11T08:42:40-07:00</time>
      </trkpt>
      <trkpt lat="33.86712854728103" lon="-116.71351466327906">
        <time>2005-05-11T08:42:44-07:00</time>
      </trkpt>
      <trkpt lat="33.86714396998286" lon="-116.71350452117622">
        <time>2005-05-11T08:42:45-07:00</time>
      </trkpt>
      <trkpt lat="33.86715562082827" lon="-116.71348054893315">
        <time>2005-05-11T08:42:50-07:00</time>
      </trkpt>
      <trkpt lat="33.867144137620926" lon="-116.71346227638423">
        <time>2005-05-11T08:42:55-07:00</time>
      </trkpt>
      <trkpt lat="33.8671300560236" lon="-116.71345548704267">
        <time>2005-05-11T08:43:01-07:00</time>
      </trkpt>
      <trkpt lat="33.86710440739989" lon="-116.71345096081495">
        <time>2005-05-11T08:43:02-07:00</time>
      </trkpt>
      <trkpt lat="33.86708579957485" lon="-116.71346152201295">
        <time>2005-05-11T08:43:03-07:00</time>
      </trkpt>
      <trkpt lat="33.867070376873016" lon="-116.7134555708617">
        <time>2005-05-11T08:43:05-07:00</time>
      </trkpt>
      <trkpt lat="33.86703911237419" lon="-116.71343260444701">
        <time>2005-05-11T08:43:07-07:00</time>
      </trkpt>
      <trkpt lat="33.866993682459" lon="-116.71339991502464">
        <time>2005-05-11T08:43:09-07:00</time>
      </trkpt>
      <trkpt lat="33.866993682459" lon="-116.71339991502464">
        <time>2005-05-11T08:43:12-07:00</time>
      </trkpt>
      <trkpt lat="33.866993682459" lon="-116.71339991502464">
        <time>2005-05-11T08:43:14-07:00</time>
      </trkpt>
      <trkpt lat="33.86699477210641" lon="-116.71339631080627">
        <time>2005-05-11T08:43:15-07:00</time>
      </trkpt>
      <trkpt lat="33.866997454315424" lon="-116.71339773572981">
        <time>2005-05-11T08:43:18-07:00</time>
      </trkpt>
      <trkpt lat="33.866997035220265" lon="-116.71339899301529">
        <time>2005-05-11T08:43:23-07:00</time>
      </trkpt>
      <trkpt lat="33.86699133552611" lon="-116.71339798718691">
        <time>2005-05-11T08:43:30-07:00</time>
      </trkpt>
      <trkpt lat="33.866982366889715" lon="-116.71340553089976">
        <time>2005-05-11T08:43:31-07:00</time>
      </trkpt>
      <trkpt lat="33.86698253452778" lon="-116.71340452507138">
        <time>2005-05-11T08:43:37-07:00</time>
      </trkpt>
      <trkpt lat="33.866987731307745" lon="-116.71339999884367">
        <time>2005-05-11T08:43:41-07:00</time>
      </trkpt>
      <trkpt lat="33.86694548651576" lon="-116.71337250620127">
        <time>2005-05-11T08:43:45-07:00</time>
      </trkpt>
      <trkpt lat="33.86689603328705" lon="-116.71333864331245">
        <time>2005-05-11T08:43:49-07:00</time>
      </trkpt>
      <trkpt lat="33.866868959739804" lon="-116.71333000995219">
        <time>2005-05-11T08:43:55-07:00</time>
      </trkpt>
      <trkpt lat="33.86685420759022" lon="-116.71332908794284">
        <time>2005-05-11T08:43:57-07:00</time>
      </trkpt>
      <trkpt lat="33.86679922230542" lon="-116.71331752091646">
        <time>2005-05-11T08:44:01-07:00</time>
      </trkpt>
      <trkpt lat="33.86679067276418" lon="-116.71330779790878">
        <time>2005-05-11T08:44:06-07:00</time>
      </trkpt>
      <trkpt lat="33.8667465839535" lon="-116.71327812597156">
        <time>2005-05-11T08:44:10-07:00</time>
      </trkpt>
      <trkpt lat="33.86673744767904" lon="-116.71327636577189">
        <time>2005-05-11T08:44:12-07:00</time>
      </trkpt>
      <trkpt lat="33.86671339161694" lon="-116.71327158808708">
        <time>2005-05-11T08:44:13-07:00</time>
      </trkpt>
      <trkpt lat="33.86667801998556" lon="-116.7132394015789">
        <time>2005-05-11T08:44:18-07:00</time>
      </trkpt>
      <trkpt lat="33.866666201502085" lon="-116.71323546208441">
        <time>2005-05-11T08:44:19-07:00</time>
      </trkpt>
      <trkpt lat="33.86663275770843" lon="-116.71322288922966">
        <time>2005-05-11T08:44:23-07:00</time>
      </trkpt>
      <trkpt lat="33.86659520678222" lon="-116.7132222186774">
        <time>2005-05-11T08:44:24-07:00</time>
      </trkpt>
      <trkpt lat="33.86658397503197" lon="-116.71322112902999">
        <time>2005-05-11T08:44:26-07:00</time>
      </trkpt>
      <trkpt lat="33.866575844585896" lon="-116.71322263777256">
        <time>2005-05-11T08:44:30-07:00</time>
      </trkpt>
      <trkpt lat="33.866566540673375" lon="-116.71322305686772">
        <time>2005-05-11T08:44:31-07:00</time>
      </trkpt>
      <trkpt lat="33.86650216765702" lon="-116.71323244459927">
        <time>2005-05-11T08:44:34-07:00</time>
      </trkpt>
      <trkpt lat="33.866494204849005" lon="-116.71323713846505">
        <time>2005-05-11T08:44:37-07:00</time>
      </trkpt>
      <trkpt lat="33.86644273996353" lon="-116.71328365802765">
        <time>2005-05-11T08:44:38-07:00</time>
      </trkpt>
      <trkpt lat="33.86640250682831" lon="-116.7133086360991">
        <time>2005-05-11T08:44:39-07:00</time>
      </trkpt>
      <trkpt lat="33.86636604554951" lon="-116.71332271769643">
        <time>2005-05-11T08:44:40-07:00</time>
      </trkpt>
      <trkpt lat="33.86630930006504" lon="-116.71332648955286">
        <time>2005-05-11T08:44:46-07:00</time>
      </trkpt>
      <trkpt lat="33.86623973026872" lon="-116.71328122727573">
        <time>2005-05-11T08:44:47-07:00</time>
      </trkpt>
      <trkpt lat="33.866187427192926" lon="-116.71324199996889">
        <time>2005-05-11T08:44:52-07:00</time>
      </trkpt>
      <trkpt lat="33.8661802187562" lon="-116.71323428861797">
        <time>2005-05-11T08:44:55-07:00</time>
      </trkpt>
      <trkpt lat="33.866130681708455" lon="-116.71317687258124">
        <time>2005-05-11T08:44:58-07:00</time>
      </trkpt>
      <trkpt lat="33.86612548492849" lon="-116.71316958032548">
        <time>2005-05-11T08:45:03-07:00</time>
      </trkpt>
      <trkpt lat="33.866070080548525" lon="-116.71312700025737">
        <time>2005-05-11T08:45:10-07:00</time>
      </trkpt>
      <trkpt lat="33.86603596620262" lon="-116.71310696750879">
        <time>2005-05-11T08:45:15-07:00</time>
      </trkpt>
      <trkpt lat="33.86601040139794" lon="-116.71309942379594">
        <time>2005-05-11T08:45:16-07:00</time>
      </trkpt>
      <trkpt lat="33.865934712812304" lon="-116.71307863667607">
        <time>2005-05-11T08:45:21-07:00</time>
      </trkpt>
      <trkpt lat="33.86587830260396" lon="-116.71306690201163">
        <time>2005-05-11T08:45:22-07:00</time>
      </trkpt>
      <trkpt lat="33.86584309861064" lon="-116.71304678544402">
        <time>2005-05-11T08:45:28-07:00</time>
      </trkpt>
      <trkpt lat="33.86575609445572" lon="-116.71301878988743">
        <time>2005-05-11T08:45:31-07:00</time>
      </trkpt>
      <trkpt lat="33.865705048665404" lon="-116.71298299916089">
        <time>2005-05-11T08:45:33-07:00</time>
      </trkpt>
      <trkpt lat="33.865663977339864" lon="-116.71297780238092">
        <time>2005-05-11T08:45:38-07:00</time>
      </trkpt>
      <trkpt lat="33.86563656851649" lon="-116.71298333443701">
        <time>2005-05-11T08:45:42-07:00</time>
      </trkpt>
      <trkpt lat="33.86557864956558" lon="-116.7129579372704">
        <time>2005-05-11T08:45:45-07:00</time>
      </trkpt>
      <trkpt lat="33.86557177640498" lon="-116.71295835636556">
        <time>2005-05-11T08:45:52-07:00</time>
      </trkpt>
      <trkpt lat="33.86552165262401" lon="-116.71292047016323">
        <time>2005-05-11T08:45:58-07:00</time>
      </trkpt>
      <trkpt lat="33.86546649970114" lon="-116.71287210658193">
        <time>2005-05-11T08:46:01-07:00</time>
      </trkpt>
      <trkpt lat="33.865409921854734" lon="-116.7127908859402">
        <time>2005-05-11T08:46:03-07:00</time>
      </trkpt>
      <trkpt lat="33.86538133956492" lon="-116.7127388343215">
        <time>2005-05-11T08:46:08-07:00</time>
      </trkpt>
      <trkpt lat="33.86532727628946" lon="-116.71264730393887">
        <time>2005-05-11T08:46:09-07:00</time>
      </trkpt>
      <trkpt lat="33.86531696654856" lon="-116.71263439580798">
        <time>2005-05-11T08:46:13-07:00</time>
      </trkpt>
      <trkpt lat="33.86524178087711" lon="-116.71253649517894">
        <time>2005-05-11T08:46:18-07:00</time>
      </trkpt>
      <trkpt lat="33.86522401124239" lon="-116.71248343773186">
        <time>2005-05-11T08:46:24-07:00</time>
      </trkpt>
      <trkpt lat="33.86521780863404" lon="-116.71246524900198">
        <time>2005-05-11T08:46:29-07:00</time>
      </trkpt>
      <trkpt lat="33.865191573277116" lon="-116.71238461509347">
        <time>2005-05-11T08:46:36-07:00</time>
      </trkpt>
      <trkpt lat="33.865161230787635" lon="-116.7123069986701">
        <time>2005-05-11T08:46:37-07:00</time>
      </trkpt>
      <trkpt lat="33.86515226215124" lon="-116.71227489598095">
        <time>2005-05-11T08:46:44-07:00</time>
      </trkpt>
      <trkpt lat="33.86514748446643" lon="-116.71220834366977">
        <time>2005-05-11T08:46:48-07:00</time>
      </trkpt>
      <trkpt lat="33.865143209695816" lon="-116.71219300478697">
        <time>2005-05-11T08:46:49-07:00</time>
      </trkpt>
      <trkpt lat="33.8651249371469" lon="-116.71214254572988">
        <time>2005-05-11T08:46:55-07:00</time>
      </trkpt>
      <trkpt lat="33.86510347947478" lon="-116.71210600063205">
        <time>2005-05-11T08:47:01-07:00</time>
      </trkpt>
      <trkpt lat="33.86507741175592" lon="-116.71206777915359">
        <time>2005-05-11T08:47:03-07:00</time>
      </trkpt>
      <trkpt lat="33.86506316252053" lon="-116.7120511829853">
        <time>2005-05-11T08:47:07-07:00</time>
      </trkpt>
      <trkpt lat="33.86503307148814" lon="-116.71200885437429">
        <time>2005-05-11T08:47:08-07:00</time>
      </trkpt>
      <trkpt lat="33.86503776535392" lon="-116.7120014782995">
        <time>2005-05-11T08:47:11-07:00</time>
      </trkpt>
      <trkpt lat="33.86505142785609" lon="-116.71198295429349">
        <time>2005-05-11T08:47:14-07:00</time>
      </trkpt>
      <trkpt lat="33.865097779780626" lon="-116.71195512637496">
        <time>2005-05-11T08:47:17-07:00</time>
      </trkpt>
      <trkpt lat="33.865165589377284" lon="-116.71195881441236">
        <time>2005-05-11T08:47:19-07:00</time>
      </trkpt>
      <trkpt lat="33.86523918248713" lon="-116.71197851188481">
        <time>2005-05-11T08:47:23-07:00</time>
      </trkpt>
      <trkpt lat="33.8652805890888" lon="-116.71205185353756">
        <time>2005-05-11T08:47:24-07:00</time>
      </trkpt>
      <trkpt lat="33.865286372601986" lon="-116.712063588202">
        <time>2005-05-11T08:47:26-07:00</time>
      </trkpt>
      <trkpt lat="33.865299951285124" lon="-116.71212452463806">
        <time>2005-05-11T08:47:30-07:00</time>
      </trkpt>
      <trkpt lat="33.865323504433036" lon="-116.71218956820667">
        <time>2005-05-11T08:47:36-07:00</time>
      </trkpt>
      <trkpt lat="33.865366419777274" lon="-116.7122588865459">
        <time>2005-05-11T08:47:43-07:00</time>
      </trkpt>
      <trkpt lat="33.865383518859744" lon="-116.71228503808379">
        <time>2005-05-11T08:47:49-07:00</time>
      </trkpt>
      <trkpt lat="33.86539994738996" lon="-116.71231823042035">
        <time>2005-05-11T08:47:50-07:00</time>
      </trkpt>
      <trkpt lat="33.86541025713086" lon="-116.7123294621706">
        <time>2005-05-11T08:47:55-07:00</time>
      </trkpt>
      <trkpt lat="33.86542693711817" lon="-116.71235527843237">
        <time>2005-05-11T08:48:00-07:00</time>
      </trkpt>
      <trkpt lat="33.865473959594965" lon="-116.71239299699664">
        <time>2005-05-11T08:48:05-07:00</time>
      </trkpt>
      <trkpt lat="33.86549717746675" lon="-116.71240523457527">
        <time>2005-05-11T08:48:07-07:00</time>
      </trkpt>
      <trkpt lat="33.86555710807443" lon="-116.7124436236918">
        <time>2005-05-11T08:48:10-07:00</time>
      </trkpt>
      <trkpt lat="33.86556071229279" lon="-116.71245217323303">
        <time>2005-05-11T08:48:11-07:00</time>
      </trkpt>
      <trkpt lat="33.86559046804905" lon="-116.71250103972852">
        <time>2005-05-11T08:48:13-07:00</time>
      </trkpt>
      <trkpt lat="33.865601029247046" lon="-116.71252668835223">
        <time>2005-05-11T08:48:17-07:00</time>
      </trkpt>
      <trkpt lat="33.86561821214855" lon="-116.71254102140665">
        <time>2005-05-11T08:48:19-07:00</time>
      </trkpt>
      <trkpt lat="33.8656328804791" lon="-116.71253423206508">
        <time>2005-05-11T08:48:25-07:00</time>
      </trkpt>
      <trkpt lat="33.865645956248045" lon="-116.71253213658929">
        <time>2005-05-11T08:48:26-07:00</time>
      </trkpt>
      <trkpt lat="33.86570035479963" lon="-116.71254705637693">
        <time>2005-05-11T08:48:30-07:00</time>
      </trkpt>
      <trkpt lat="33.86574201285839" lon="-116.71254286542535">
        <time>2005-05-11T08:48:32-07:00</time>
      </trkpt>
      <trkpt lat="33.865758357569575" lon="-116.71254211105406">
        <time>2005-05-11T08:48:34-07:00</time>
      </trkpt>
      <trkpt lat="33.86576623655856" lon="-116.71253079548478">
        <time>2005-05-11T08:48:36-07:00</time>
      </trkpt>
      <trkpt lat="33.86580680496991" lon="-116.7125197313726">
        <time>2005-05-11T08:48:37-07:00</time>
      </trkpt>
      <trkpt lat="33.865876626223326" lon="-116.71251486986876">
        <time>2005-05-11T08:48:42-07:00</time>
      </trkpt>
      <trkpt lat="33.86593940667808" lon="-116.71249927952886">
        <time>2005-05-11T08:48:47-07:00</time>
      </trkpt>
      <trkpt lat="33.86594753712416" lon="-116.71250338666141">
        <time>2005-05-11T08:48:48-07:00</time>
      </trkpt>
      <trkpt lat="33.86600377969444" lon="-116.71249072998762">
        <time>2005-05-11T08:48:49-07:00</time>
      </trkpt>
      <trkpt lat="33.866065219044685" lon="-116.7124949209392">
        <time>2005-05-11T08:48:52-07:00</time>
      </trkpt>
      <trkpt lat="33.866104278713465" lon="-116.71247689984739">
        <time>2005-05-11T08:48:57-07:00</time>
      </trkpt>
      <trkpt lat="33.86611534282565" lon="-116.71247438527644">
        <time>2005-05-11T08:49:03-07:00</time>
      </trkpt>
      <trkpt lat="33.86615926399827" lon="-116.71245225705206">
        <time>2005-05-11T08:49:04-07:00</time>
      </trkpt>
      <trkpt lat="33.86620704084635" lon="-116.71240841969848">
        <time>2005-05-11T08:49:10-07:00</time>
      </trkpt>
      <trkpt lat="33.86626127175987" lon="-116.71239634975791">
        <time>2005-05-11T08:49:17-07:00</time>
      </trkpt>
      <trkpt lat="33.866281220689416" lon="-116.71238562092185">
        <time>2005-05-11T08:49:21-07:00</time>
      </trkpt>
      <trkpt lat="33.866317849606276" lon="-116.71237723901868">
        <time>2005-05-11T08:49:22-07:00</time>
      </trkpt>
      <trkpt lat="33.86633754707873" lon="-116.71236324124038">
        <time>2005-05-11T08:49:26-07:00</time>
      </trkpt>
      <trkpt lat="33.86636596173048" lon="-116.71234245412052">
        <time>2005-05-11T08:49:31-07:00</time>
      </trkpt>
      <trkpt lat="33.866424886509776" lon="-116.71231085434556">
        <time>2005-05-11T08:49:35-07:00</time>
      </trkpt>
      <trkpt lat="33.86643980629742" lon="-116.71230238862336">
        <time>2005-05-11T08:49:37-07:00</time>
      </trkpt>
      <trkpt lat="33.86650267057121" lon="-116.71227682381868">
        <time>2005-05-11T08:49:41-07:00</time>
      </trkpt>
      <trkpt lat="33.866559164598584" lon="-116.7122842837125">
        <time>2005-05-11T08:49:43-07:00</time>
      </trkpt>
      <trkpt lat="33.86656813323498" lon="-116.71228185296059">
        <time>2005-05-11T08:49:46-07:00</time>
      </trkpt>
      <trkpt lat="33.86662445962429" lon="-116.7122966889292">
        <time>2005-05-11T08:49:50-07:00</time>
      </trkpt>
      <trkpt lat="33.866698974743485" lon="-116.7123090941459">
        <time>2005-05-11T08:49:51-07:00</time>
      </trkpt>
      <trkpt lat="33.866765862330794" lon="-116.7123315576464">
        <time>2005-05-11T08:49:56-07:00</time>
      </trkpt>
      <trkpt lat="33.86683409102261" lon="-116.7123640794307">
        <time>2005-05-11T08:50:01-07:00</time>
      </trkpt>
      <trkpt lat="33.866885639727116" lon="-116.71239442192018">
        <time>2005-05-11T08:50:02-07:00</time>
      </trkpt>
      <trkpt lat="33.86694397777319" lon="-116.71243188902736">
        <time>2005-05-11T08:50:07-07:00</time>
      </trkpt>
      <trkpt lat="33.86695235967636" lon="-116.71244161203504">
        <time>2005-05-11T08:50:13-07:00</time>
      </trkpt>
      <trkpt lat="33.86700650677085" lon="-116.71249441802502">
        <time>2005-05-11T08:50:19-07:00</time>
      </trkpt>
      <trkpt lat="33.86705629527569" lon="-116.7125123552978">
        <time>2005-05-11T08:50:24-07:00</time>
      </trkpt>
      <trkpt lat="33.86707875877619" lon="-116.71250791288912">
        <time>2005-05-11T08:50:29-07:00</time>
      </trkpt>
      <trkpt lat="33.86709535494447" lon="-116.71249768696725">
        <time>2005-05-11T08:50:35-07:00</time>
      </trkpt>
      <trkpt lat="33.86716333217919" lon="-116.7124655842781">
        <time>2005-05-11T08:50:36-07:00</time>
      </trkpt>
      <trkpt lat="33.86724002659321" lon="-116.71243079937994">
        <time>2005-05-11T08:50:43-07:00</time>
      </trkpt>
      <trkpt lat="33.86729978956282" lon="-116.7124023847282">
        <time>2005-05-11T08:50:50-07:00</time>
      </trkpt>
      <trkpt lat="33.867364414036274" lon="-116.7123812623322">
        <time>2005-05-11T08:50:54-07:00</time>
      </trkpt>
      <trkpt lat="33.86745854280889" lon="-116.71238771639764">
        <time>2005-05-11T08:50:56-07:00</time>
      </trkpt>
      <trkpt lat="33.86746541596949" lon="-116.71238210052252">
        <time>2005-05-11T08:51:03-07:00</time>
      </trkpt>
      <trkpt lat="33.867524759843946" lon="-116.71237539499998">
        <time>2005-05-11T08:51:10-07:00</time>
      </trkpt>
      <trkpt lat="33.86759332381189" lon="-116.7123482376337">
        <time>2005-05-11T08:51:15-07:00</time>
      </trkpt>
      <trkpt lat="33.86764219030738" lon="-116.7123257741332">
        <time>2005-05-11T08:51:20-07:00</time>
      </trkpt>
      <trkpt lat="33.867664989084005" lon="-116.71230347827077">
        <time>2005-05-11T08:51:28-07:00</time>
      </trkpt>
      <trkpt lat="33.86772860772908" lon="-116.71226341277361">
        <time>2005-05-11T08:51:29-07:00</time>
      </trkpt>
      <trkpt lat="33.86779516004026" lon="-116.71225922182202">
        <time>2005-05-11T08:51:34-07:00</time>
      </trkpt>
      <trkpt lat="33.86782189831138" lon="-116.71226810663939">
        <time>2005-05-11T08:51:40-07:00</time>
      </trkpt>
      <trkpt lat="33.86786833405495" lon="-116.71227171085775">
        <time>2005-05-11T08:51:44-07:00</time>
      </trkpt>
      <trkpt lat="33.86791694909334" lon="-116.71226324513555">
        <time>2005-05-11T08:51:47-07:00</time>
      </trkpt>
      <trkpt lat="33.867990458384156" lon="-116.71226483769715">
        <time>2005-05-11T08:51:54-07:00</time>
      </trkpt>
      <trkpt lat="33.868012921884656" lon="-116.71223675832152">
        <time>2005-05-11T08:52:00-07:00</time>
      </trkpt>
      <trkpt lat="33.86802155524492" lon="-116.71221387572587">
        <time>2005-05-11T08:52:02-07:00</time>
      </trkpt>
      <trkpt lat="33.86803169734776" lon="-116.71221219934523">
        <time>2005-05-11T08:52:05-07:00</time>
      </trkpt>
      <trkpt lat="33.868066146969795" lon="-116.71219719573855">
        <time>2005-05-11T08:52:11-07:00</time>
      </trkpt>
      <trkpt lat="33.868071008473635" lon="-116.71218839474022">
        <time>2005-05-11T08:52:18-07:00</time>
      </trkpt>
      <trkpt lat="33.868099423125386" lon="-116.7121811863035">
        <time>2005-05-11T08:52:22-07:00</time>
      </trkpt>
      <trkpt lat="33.868124317377806" lon="-116.71217674389482">
        <time>2005-05-11T08:52:24-07:00</time>
      </trkpt>
      <trkpt lat="33.868197575211525" lon="-116.71216266229749">
        <time>2005-05-11T08:52:25-07:00</time>
      </trkpt>
      <trkpt lat="33.86820956133306" lon="-116.71216073445976">
        <time>2005-05-11T08:52:28-07:00</time>
      </trkpt>
      <trkpt lat="33.86824241839349" lon="-116.71216148883104">
        <time>2005-05-11T08:52:29-07:00</time>
      </trkpt>
      <trkpt lat="33.86827359907329" lon="-116.71218671835959">
        <time>2005-05-11T08:52:32-07:00</time>
      </trkpt>
      <trkpt lat="33.86837091296911" lon="-116.71220926567912">
        <time>2005-05-11T08:52:34-07:00</time>
      </trkpt>
      <trkpt lat="33.86842447333038" lon="-116.71222720295191">
        <time>2005-05-11T08:52:39-07:00</time>
      </trkpt>
      <trkpt lat="33.868436543270946" lon="-116.7122158035636">
        <time>2005-05-11T08:52:40-07:00</time>
      </trkpt>
      <trkpt lat="33.868511728942394" lon="-116.7122121155262">
        <time>2005-05-11T08:52:43-07:00</time>
      </trkpt>
      <trkpt lat="33.86855388991535" lon="-116.71222728677094">
        <time>2005-05-11T08:52:46-07:00</time>
      </trkpt>
      <trkpt lat="33.86862295679748" lon="-116.71224019490182">
        <time>2005-05-11T08:52:53-07:00</time>
      </trkpt>
      <trkpt lat="33.868655478581786" lon="-116.7122417036444">
        <time>2005-05-11T08:52:58-07:00</time>
      </trkpt>
      <trkpt lat="33.86868238449097" lon="-116.71222804114223">
        <time>2005-05-11T08:52:59-07:00</time>
      </trkpt>
      <trkpt lat="33.86876318603754" lon="-116.7121986206621">
        <time>2005-05-11T08:53:04-07:00</time>
      </trkpt>
      <trkpt lat="33.868782967329025" lon="-116.71219610609114">
        <time>2005-05-11T08:53:08-07:00</time>
      </trkpt>
      <trkpt lat="33.86883057653904" lon="-116.71218847855926">
        <time>2005-05-11T08:53:14-07:00</time>
      </trkpt>
      <trkpt lat="33.868873324245214" lon="-116.71218914911151">
        <time>2005-05-11T08:53:17-07:00</time>
      </trkpt>
      <trkpt lat="33.86889545246959" lon="-116.71219501644373">
        <time>2005-05-11T08:53:20-07:00</time>
      </trkpt>
      <trkpt lat="33.86893182992935" lon="-116.71220096759498">
        <time>2005-05-11T08:53:27-07:00</time>
      </trkpt>
      <trkpt lat="33.86895814910531" lon="-116.71219409443438">
        <time>2005-05-11T08:53:29-07:00</time>
      </trkpt>
      <trkpt lat="33.86901481077075" lon="-116.71217288821936">
        <time>2005-05-11T08:53:34-07:00</time>
      </trkpt>
      <trkpt lat="33.869027802720666" lon="-116.71217129565775">
        <time>2005-05-11T08:53:38-07:00</time>
      </trkpt>
      <trkpt lat="33.86907868087292" lon="-116.71215771697462">
        <time>2005-05-11T08:53:40-07:00</time>
      </trkpt>
      <trkpt lat="33.869150262326" lon="-116.7121341638267">
        <time>2005-05-11T08:53:44-07:00</time>
      </trkpt>
      <trkpt lat="33.86916618794203" lon="-116.71213290654123">
        <time>2005-05-11T08:53:46-07:00</time>
      </trkpt>
      <trkpt lat="33.869209019467235" lon="-116.71212770976126">
        <time>2005-05-11T08:53:50-07:00</time>
      </trkpt>
      <trkpt lat="33.869234919548035" lon="-116.71211706474423">
        <time>2005-05-11T08:53:51-07:00</time>
      </trkpt>
      <trkpt lat="33.86926308274269" lon="-116.71212770976126">
        <time>2005-05-11T08:53:57-07:00</time>
      </trkpt>
      <trkpt lat="33.86927490122616" lon="-116.71212687157094">
        <time>2005-05-11T08:54:03-07:00</time>
      </trkpt>
      <trkpt lat="33.86933097615838" lon="-116.7121325712651">
        <time>2005-05-11T08:54:04-07:00</time>
      </trkpt>
      <trkpt lat="33.86940959841013" lon="-116.71215218491852">
        <time>2005-05-11T08:54:07-07:00</time>
      </trkpt>
      <trkpt lat="33.86945209465921" lon="-116.71214883215725">
        <time>2005-05-11T08:54:10-07:00</time>
      </trkpt>
      <trkpt lat="33.86949123814702" lon="-116.71214137226343">
        <time>2005-05-11T08:54:13-07:00</time>
      </trkpt>
      <trkpt lat="33.869503727182746" lon="-116.71213148161769">
        <time>2005-05-11T08:54:15-07:00</time>
      </trkpt>
      <trkpt lat="33.86952887289226" lon="-116.71213014051318">
        <time>2005-05-11T08:54:21-07:00</time>
      </trkpt>
      <trkpt lat="33.86956206522882" lon="-116.71214749105275">
        <time>2005-05-11T08:54:27-07:00</time>
      </trkpt>
      <trkpt lat="33.86958662420511" lon="-116.7121484130621">
        <time>2005-05-11T08:54:30-07:00</time>
      </trkpt>
      <trkpt lat="33.86963104829192" lon="-116.71215922571719">
        <time>2005-05-11T08:54:33-07:00</time>
      </trkpt>
      <trkpt lat="33.86965703219175" lon="-116.71216333284974">
        <time>2005-05-11T08:54:34-07:00</time>
      </trkpt>
      <trkpt lat="33.86968779377639" lon="-116.71216467395425">
        <time>2005-05-11T08:54:36-07:00</time>
      </trkpt>
      <trkpt lat="33.86970120482147" lon="-116.71217464841902">
        <time>2005-05-11T08:54:39-07:00</time>
      </trkpt>
      <trkpt lat="33.869718471542" lon="-116.71218906529248">
        <time>2005-05-11T08:54:41-07:00</time>
      </trkpt>
      <trkpt lat="33.869732301682234" lon="-116.71218914911151">
        <time>2005-05-11T08:54:44-07:00</time>
      </trkpt>
      <trkpt lat="33.869805224239826" lon="-116.7121605668217">
        <time>2005-05-11T08:54:46-07:00</time>
      </trkpt>
      <trkpt lat="33.86983363889158" lon="-116.71215679496527">
        <time>2005-05-11T08:54:49-07:00</time>
      </trkpt>
      <trkpt lat="33.869874542579055" lon="-116.7121500056237">
        <time>2005-05-11T08:54:50-07:00</time>
      </trkpt>
      <trkpt lat="33.86988468468189" lon="-116.71215629205108">
        <time>2005-05-11T08:54:52-07:00</time>
      </trkpt>
      <trkpt lat="33.8699016161263" lon="-116.71216710470617">
        <time>2005-05-11T08:54:53-07:00</time>
      </trkpt>
      <trkpt lat="33.869922989979386" lon="-116.71216391958296">
        <time>2005-05-11T08:54:59-07:00</time>
      </trkpt>
      <trkpt lat="33.86998568661511" lon="-116.71214992180467">
        <time>2005-05-11T08:55:01-07:00</time>
      </trkpt>
      <trkpt lat="33.869996247813106" lon="-116.71216098591685">
        <time>2005-05-11T08:55:05-07:00</time>
      </trkpt>
      <trkpt lat="33.870005551725626" lon="-116.71216735616326">
        <time>2005-05-11T08:55:06-07:00</time>
      </trkpt>
      <trkpt lat="33.870030865073204" lon="-116.71216266229749">
        <time>2005-05-11T08:55:08-07:00</time>
      </trkpt>
      <trkpt lat="33.87004176154733" lon="-116.71215964481235">
        <time>2005-05-11T08:55:10-07:00</time>
      </trkpt>
      <trkpt lat="33.8701278436929" lon="-116.71217875555158">
        <time>2005-05-11T08:55:16-07:00</time>
      </trkpt>
      <trkpt lat="33.870172183960676" lon="-116.71218227595091">
        <time>2005-05-11T08:55:17-07:00</time>
      </trkpt>
      <trkpt lat="33.870187774300575" lon="-116.71220624819398">
        <time>2005-05-11T08:55:18-07:00</time>
      </trkpt>
      <trkpt lat="33.870210740715265" lon="-116.71220138669014">
        <time>2005-05-11T08:55:20-07:00</time>
      </trkpt>
      <trkpt lat="33.87024141848087" lon="-116.71220758929849">
        <time>2005-05-11T08:55:21-07:00</time>
      </trkpt>
      <trkpt lat="33.870300175622106" lon="-116.7122134566307">
        <time>2005-05-11T08:55:28-07:00</time>
      </trkpt>
      <trkpt lat="33.8703244831413" lon="-116.71221446245909">
        <time>2005-05-11T08:55:31-07:00</time>
      </trkpt>
      <trkpt lat="33.87038743123412" lon="-116.7122102715075">
        <time>2005-05-11T08:55:33-07:00</time>
      </trkpt>
      <trkpt lat="33.87039816007018" lon="-116.71221194788814">
        <time>2005-05-11T08:55:35-07:00</time>
      </trkpt>
      <trkpt lat="33.870450630784035" lon="-116.71221286989748">
        <time>2005-05-11T08:55:37-07:00</time>
      </trkpt>
      <trkpt lat="33.8704748544842" lon="-116.71220432035625">
        <time>2005-05-11T08:55:42-07:00</time>
      </trkpt>
      <trkpt lat="33.8704851642251" lon="-116.71219275332987">
        <time>2005-05-11T08:55:44-07:00</time>
      </trkpt>
      <trkpt lat="33.87052036821842" lon="-116.71216241084039">
        <time>2005-05-11T08:55:49-07:00</time>
      </trkpt>
      <trkpt lat="33.870544005185366" lon="-116.712148161605">
        <time>2005-05-11T08:55:50-07:00</time>
      </trkpt>
      <trkpt lat="33.870595302432775" lon="-116.71211589127779">
        <time>2005-05-11T08:55:54-07:00</time>
      </trkpt>
      <trkpt lat="33.87063176371157" lon="-116.71208613552153">
        <time>2005-05-11T08:55:56-07:00</time>
      </trkpt>
      <trkpt lat="33.87069672346115" lon="-116.71205403283238">
        <time>2005-05-11T08:55:57-07:00</time>
      </trkpt>
      <trkpt lat="33.87072145007551" lon="-116.71204037033021">
        <time>2005-05-11T08:56:00-07:00</time>
      </trkpt>
      <trkpt lat="33.87076411396265" lon="-116.71200273558497">
        <time>2005-05-11T08:56:02-07:00</time>
      </trkpt>
      <trkpt lat="33.870833264663815" lon="-116.7119377758354">
        <time>2005-05-11T08:56:06-07:00</time>
      </trkpt>
      <trkpt lat="33.870854303240776" lon="-116.71185018494725">
        <time>2005-05-11T08:56:09-07:00</time>
      </trkpt>
      <trkpt lat="33.87086587026715" lon="-116.71175387687981">
        <time>2005-05-11T08:56:14-07:00</time>
      </trkpt>
      <trkpt lat="33.870889004319906" lon="-116.71168497763574">
        <time>2005-05-11T08:56:16-07:00</time>
      </trkpt>
      <trkpt lat="33.8709600828588" lon="-116.71161892823875">
        <time>2005-05-11T08:56:20-07:00</time>
      </trkpt>
      <trkpt lat="33.87103074230254" lon="-116.7115783598274">
        <time>2005-05-11T08:56:26-07:00</time>
      </trkpt>
      <trkpt lat="33.87106477282941" lon="-116.71154407784343">
        <time>2005-05-11T08:56:31-07:00</time>
      </trkpt>
      <trkpt lat="33.87106804177165" lon="-116.7115281522274">
        <time>2005-05-11T08:56:36-07:00</time>
      </trkpt>
      <trkpt lat="33.871129816398025" lon="-116.71147174201906">
        <time>2005-05-11T08:56:41-07:00</time>
      </trkpt>
      <trkpt lat="33.87115362100303" lon="-116.71145522966981">
        <time>2005-05-11T08:56:48-07:00</time>
      </trkpt>
      <trkpt lat="33.871192848309875" lon="-116.71141985803843">
        <time>2005-05-11T08:56:54-07:00</time>
      </trkpt>
      <trkpt lat="33.871265184134245" lon="-116.71142488718033">
        <time>2005-05-11T08:56:58-07:00</time>
      </trkpt>
      <trkpt lat="33.87131321243942" lon="-116.71146486885846">
        <time>2005-05-11T08:56:59-07:00</time>
      </trkpt>
      <trkpt lat="33.871340956538916" lon="-116.71147258020937">
        <time>2005-05-11T08:57:05-07:00</time>
      </trkpt>
      <trkpt lat="33.871355624869466" lon="-116.71146771870553">
        <time>2005-05-11T08:57:07-07:00</time>
      </trkpt>
      <trkpt lat="33.87142075225711" lon="-116.71143176034093">
        <time>2005-05-11T08:57:11-07:00</time>
      </trkpt>
      <trkpt lat="33.87147556990385" lon="-116.7113917786628">
        <time>2005-05-11T08:57:17-07:00</time>
      </trkpt>
      <trkpt lat="33.87148688547313" lon="-116.71138012781739">
        <time>2005-05-11T08:57:21-07:00</time>
      </trkpt>
      <trkpt lat="33.87149518355727" lon="-116.71132170595229">
        <time>2005-05-11T08:57:23-07:00</time>
      </trkpt>
      <trkpt lat="33.87147565372288" lon="-116.71128046698868">
        <time>2005-05-11T08:57:24-07:00</time>
      </trkpt>
      <trkpt lat="33.87145553715527" lon="-116.71123545616865">
        <time>2005-05-11T08:57:29-07:00</time>
      </trkpt>
      <trkpt lat="33.87146660126746" lon="-116.71116060577333">
        <time>2005-05-11T08:57:34-07:00</time>
      </trkpt>
      <trkpt lat="33.871490489691496" lon="-116.71114887110889">
        <time>2005-05-11T08:57:35-07:00</time>
      </trkpt>
      <trkpt lat="33.871532985940576" lon="-116.71113495714962">
        <time>2005-05-11T08:57:39-07:00</time>
      </trkpt>
      <trkpt lat="33.87156014330685" lon="-116.7111274972558">
        <time>2005-05-11T08:57:42-07:00</time>
      </trkpt>
      <trkpt lat="33.87158260680735" lon="-116.71106496825814">
        <time>2005-05-11T08:57:45-07:00</time>
      </trkpt>
      <trkpt lat="33.8716178946197" lon="-116.71103320084512">
        <time>2005-05-11T08:57:50-07:00</time>
      </trkpt>
      <trkpt lat="33.87162376195192" lon="-116.71102121472359">
        <time>2005-05-11T08:57:52-07:00</time>
      </trkpt>
      <trkpt lat="33.87163231149316" lon="-116.71099145896733">
        <time>2005-05-11T08:57:55-07:00</time>
      </trkpt>
      <trkpt lat="33.87164362706244" lon="-116.71094653196633">
        <time>2005-05-11T08:57:57-07:00</time>
      </trkpt>
      <trkpt lat="33.87164899148047" lon="-116.7109342943877">
        <time>2005-05-11T08:58:02-07:00</time>
      </trkpt>
      <trkpt lat="33.87168813496828" lon="-116.71089858748019">
        <time>2005-05-11T08:58:06-07:00</time>
      </trkpt>
      <trkpt lat="33.87169877998531" lon="-116.71089322306216">
        <time>2005-05-11T08:58:07-07:00</time>
      </trkpt>
      <trkpt lat="33.87174119241536" lon="-116.7108497209847">
        <time>2005-05-11T08:58:09-07:00</time>
      </trkpt>
      <trkpt lat="33.87176449410617" lon="-116.71084368601441">
        <time>2005-05-11T08:58:12-07:00</time>
      </trkpt>
      <trkpt lat="33.87179651297629" lon="-116.71082558110356">
        <time>2005-05-11T08:58:13-07:00</time>
      </trkpt>
      <trkpt lat="33.87182836420834" lon="-116.71077721752226">
        <time>2005-05-11T08:58:17-07:00</time>
      </trkpt>
      <trkpt lat="33.871832471340895" lon="-116.71076213009655">
        <time>2005-05-11T08:58:18-07:00</time>
      </trkpt>
      <trkpt lat="33.871859293431044" lon="-116.71069624833763">
        <time>2005-05-11T08:58:22-07:00</time>
      </trkpt>
      <trkpt lat="33.87185518629849" lon="-116.71062055975199">
        <time>2005-05-11T08:58:24-07:00</time>
      </trkpt>
      <trkpt lat="33.87186247855425" lon="-116.71059105545282">
        <time>2005-05-11T08:58:27-07:00</time>
      </trkpt>
      <trkpt lat="33.871846217662096" lon="-116.71051905490458">
        <time>2005-05-11T08:58:31-07:00</time>
      </trkpt>
      <trkpt lat="33.87184018269181" lon="-116.71050388365984">
        <time>2005-05-11T08:58:32-07:00</time>
      </trkpt>
      <trkpt lat="33.871839344501495" lon="-116.71046700328588">
        <time>2005-05-11T08:58:37-07:00</time>
      </trkpt>
      <trkpt lat="33.871833896264434" lon="-116.7104318831116">
        <time>2005-05-11T08:58:42-07:00</time>
      </trkpt>
      <trkpt lat="33.87183087877929" lon="-116.7103988584131">
        <time>2005-05-11T08:58:44-07:00</time>
      </trkpt>
      <trkpt lat="33.87185418047011" lon="-116.71034479513764">
        <time>2005-05-11T08:58:48-07:00</time>
      </trkpt>
      <trkpt lat="33.87192500755191" lon="-116.71034278348088">
        <time>2005-05-11T08:58:49-07:00</time>
      </trkpt>
      <trkpt lat="33.87194017879665" lon="-116.71033783815801">
        <time>2005-05-11T08:58:52-07:00</time>
      </trkpt>
      <trkpt lat="33.871990805491805" lon="-116.71032794751227">
        <time>2005-05-11T08:58:55-07:00</time>
      </trkpt>
      <trkpt lat="33.872045539319515" lon="-116.71037740074098">
        <time>2005-05-11T08:58:57-07:00</time>
      </trkpt>
      <trkpt lat="33.87205216102302" lon="-116.71038896776736">
        <time>2005-05-11T08:59:01-07:00</time>
      </trkpt>
      <trkpt lat="33.87207856401801" lon="-116.71046582981944">
        <time>2005-05-11T08:59:07-07:00</time>
      </trkpt>
      <trkpt lat="33.87208376079798" lon="-116.7104850243777">
        <time>2005-05-11T08:59:08-07:00</time>
      </trkpt>
      <trkpt lat="33.872094405815005" lon="-116.7105574440211">
        <time>2005-05-11T08:59:12-07:00</time>
      </trkpt>
      <trkpt lat="33.872091975063086" lon="-116.71061192639172">
        <time>2005-05-11T08:59:17-07:00</time>
      </trkpt>
      <trkpt lat="33.87209105305374" lon="-116.71065744012594">
        <time>2005-05-11T08:59:18-07:00</time>
      </trkpt>
      <trkpt lat="33.872103122994304" lon="-116.71066808514297">
        <time>2005-05-11T08:59:23-07:00</time>
      </trkpt>
      <trkpt lat="33.87214737944305" lon="-116.71073321253061">
        <time>2005-05-11T08:59:24-07:00</time>
      </trkpt>
      <trkpt lat="33.87219004333019" lon="-116.7108032014221">
        <time>2005-05-11T08:59:29-07:00</time>
      </trkpt>
      <trkpt lat="33.87221376411617" lon="-116.71085273846984">
        <time>2005-05-11T08:59:32-07:00</time>
      </trkpt>
      <trkpt lat="33.8722447771579" lon="-116.71088542789221">
        <time>2005-05-11T08:59:35-07:00</time>
      </trkpt>
      <trkpt lat="33.87230269610882" lon="-116.7109580989927">
        <time>2005-05-11T08:59:36-07:00</time>
      </trkpt>
      <trkpt lat="33.87231954373419" lon="-116.7109810654074">
        <time>2005-05-11T08:59:41-07:00</time>
      </trkpt>
      <trkpt lat="33.8723486289382" lon="-116.71101191081107">
        <time>2005-05-11T08:59:47-07:00</time>
      </trkpt>
      <trkpt lat="33.87237033806741" lon="-116.71102850697935">
        <time>2005-05-11T08:59:51-07:00</time>
      </trkpt>
      <trkpt lat="33.87239020317793" lon="-116.71103781089187">
        <time>2005-05-11T08:59:54-07:00</time>
      </trkpt>
      <trkpt lat="33.872428676113486" lon="-116.71103454194963">
        <time>2005-05-11T08:59:59-07:00</time>
      </trkpt>
      <trkpt lat="33.872464299201965" lon="-116.71101082116365">
        <time>2005-05-11T09:00:01-07:00</time>
      </trkpt>
      <trkpt lat="33.872487265616655" lon="-116.71095457859337">
        <time>2005-05-11T09:00:05-07:00</time>
      </trkpt>
      <trkpt lat="33.872483829036355" lon="-116.71094653196633">
        <time>2005-05-11T09:00:08-07:00</time>
      </trkpt>
      <trkpt lat="33.87248022481799" lon="-116.71083907596767">
        <time>2005-05-11T09:00:10-07:00</time>
      </trkpt>
      <trkpt lat="33.87248366139829" lon="-116.7108063865453">
        <time>2005-05-11T09:00:13-07:00</time>
      </trkpt>
      <trkpt lat="33.872481314465404" lon="-116.71075098216534">
        <time>2005-05-11T09:00:16-07:00</time>
      </trkpt>
      <trkpt lat="33.87248324230313" lon="-116.71073405072093">
        <time>2005-05-11T09:00:21-07:00</time>
      </trkpt>
      <trkpt lat="33.87247251346707" lon="-116.7106615472585">
        <time>2005-05-11T09:00:22-07:00</time>
      </trkpt>
      <trkpt lat="33.872468154877424" lon="-116.71065081842244">
        <time>2005-05-11T09:00:29-07:00</time>
      </trkpt>
      <trkpt lat="33.872443763539195" lon="-116.71059809625149">
        <time>2005-05-11T09:00:31-07:00</time>
      </trkpt>
      <trkpt lat="33.87244401499629" lon="-116.71052944846451">
        <time>2005-05-11T09:00:35-07:00</time>
      </trkpt>
      <trkpt lat="33.87245273217559" lon="-116.71050329692662">
        <time>2005-05-11T09:00:37-07:00</time>
      </trkpt>
      <trkpt lat="33.87246245518327" lon="-116.71045484952629">
        <time>2005-05-11T09:00:43-07:00</time>
      </trkpt>
      <trkpt lat="33.8724678196013" lon="-116.71036130748689">
        <time>2005-05-11T09:00:44-07:00</time>
      </trkpt>
      <trkpt lat="33.872475950047374" lon="-116.71031897887588">
        <time>2005-05-11T09:00:49-07:00</time>
      </trkpt>
      <trkpt lat="33.87248273938894" lon="-116.71029483899474">
        <time>2005-05-11T09:00:53-07:00</time>
      </trkpt>
      <trkpt lat="33.872482823207974" lon="-116.71025594696403">
        <time>2005-05-11T09:00:55-07:00</time>
      </trkpt>
      <trkpt lat="33.872485337778926" lon="-116.71019618399441">
        <time>2005-05-11T09:00:58-07:00</time>
      </trkpt>
      <trkpt lat="33.87248198501766" lon="-116.71016014181077">
        <time>2005-05-11T09:01:04-07:00</time>
      </trkpt>
      <trkpt lat="33.87248307466507" lon="-116.71007732860744">
        <time>2005-05-11T09:01:07-07:00</time>
      </trkpt>
      <trkpt lat="33.872479973360896" lon="-116.7100634984672">
        <time>2005-05-11T09:01:09-07:00</time>
      </trkpt>
      <trkpt lat="33.87247678823769" lon="-116.71004899777472">
        <time>2005-05-11T09:01:12-07:00</time>
      </trkpt>
      <trkpt lat="33.872464215382934" lon="-116.70996584929526">
        <time>2005-05-11T09:01:16-07:00</time>
      </trkpt>
      <trkpt lat="33.87247636914253" lon="-116.70992352068424">
        <time>2005-05-11T09:01:19-07:00</time>
      </trkpt>
      <trkpt lat="33.87247435748577" lon="-116.70989384874701">
        <time>2005-05-11T09:01:25-07:00</time>
      </trkpt>
      <trkpt lat="33.87246304191649" lon="-116.70984523370862">
        <time>2005-05-11T09:01:26-07:00</time>
      </trkpt>
      <trkpt lat="33.87246740050614" lon="-116.7098269611597">
        <time>2005-05-11T09:01:27-07:00</time>
      </trkpt>
      <trkpt lat="33.872475028038025" lon="-116.70975236222148">
        <time>2005-05-11T09:01:33-07:00</time>
      </trkpt>
      <trkpt lat="33.872474525123835" lon="-116.70974054373801">
        <time>2005-05-11T09:01:37-07:00</time>
      </trkpt>
      <trkpt lat="33.87248198501766" lon="-116.70967223122716">
        <time>2005-05-11T09:01:39-07:00</time>
      </trkpt>
      <trkpt lat="33.87248734943569" lon="-116.70966594479978">
        <time>2005-05-11T09:01:43-07:00</time>
      </trkpt>
      <trkpt lat="33.87249237857759" lon="-116.70965018682182">
        <time>2005-05-11T09:01:45-07:00</time>
      </trkpt>
      <trkpt lat="33.87249824590981" lon="-116.70960224233568">
        <time>2005-05-11T09:01:51-07:00</time>
      </trkpt>
      <trkpt lat="33.87249740771949" lon="-116.70958941802382">
        <time>2005-05-11T09:01:52-07:00</time>
      </trkpt>
      <trkpt lat="33.87249824590981" lon="-116.70955597423017">
        <time>2005-05-11T09:01:57-07:00</time>
      </trkpt>
      <trkpt lat="33.87249338440597" lon="-116.70951398089528">
        <time>2005-05-11T09:01:58-07:00</time>
      </trkpt>
      <trkpt lat="33.872488271445036" lon="-116.70948162674904">
        <time>2005-05-11T09:01:59-07:00</time>
      </trkpt>
      <trkpt lat="33.87247779406607" lon="-116.70944591984153">
        <time>2005-05-11T09:02:02-07:00</time>
      </trkpt>
      <trkpt lat="33.87247536331415" lon="-116.7094159964472">
        <time>2005-05-11T09:02:03-07:00</time>
      </trkpt>
      <trkpt lat="33.87246270664036" lon="-116.70932077802718">
        <time>2005-05-11T09:02:05-07:00</time>
      </trkpt>
      <trkpt lat="33.87245776131749" lon="-116.70925271697342">
        <time>2005-05-11T09:02:08-07:00</time>
      </trkpt>
      <trkpt lat="33.87245046906173" lon="-116.70923846773803">
        <time>2005-05-11T09:02:10-07:00</time>
      </trkpt>
      <trkpt lat="33.87244661338627" lon="-116.7092074546963">
        <time>2005-05-11T09:02:12-07:00</time>
      </trkpt>
      <trkpt lat="33.872445272281766" lon="-116.70917451381683">
        <time>2005-05-11T09:02:14-07:00</time>
      </trkpt>
      <trkpt lat="33.872425239533186" lon="-116.70912304893136">
        <time>2005-05-11T09:02:20-07:00</time>
      </trkpt>
      <trkpt lat="33.8724226411432" lon="-116.70908231288195">
        <time>2005-05-11T09:02:24-07:00</time>
      </trkpt>
      <trkpt lat="33.87242247350514" lon="-116.70904660597444">
        <time>2005-05-11T09:02:25-07:00</time>
      </trkpt>
      <trkpt lat="33.87241216376424" lon="-116.70899832621217">
        <time>2005-05-11T09:02:27-07:00</time>
      </trkpt>
      <trkpt lat="33.87241207994521" lon="-116.70895331539214">
        <time>2005-05-11T09:02:29-07:00</time>
      </trkpt>
      <trkpt lat="33.87241819873452" lon="-116.70894049108028">
        <time>2005-05-11T09:02:33-07:00</time>
      </trkpt>
      <trkpt lat="33.87243487872183" lon="-116.70887452550232">
        <time>2005-05-11T09:02:36-07:00</time>
      </trkpt>
      <trkpt lat="33.87244066223502" lon="-116.70886094681919">
        <time>2005-05-11T09:02:38-07:00</time>
      </trkpt>
      <trkpt lat="33.872464215382934" lon="-116.70879690907896">
        <time>2005-05-11T09:02:41-07:00</time>
      </trkpt>
      <trkpt lat="33.87247242964804" lon="-116.70871552079916">
        <time>2005-05-11T09:02:44-07:00</time>
      </trkpt>
      <trkpt lat="33.87248801998794" lon="-116.7086429335177">
        <time>2005-05-11T09:02:45-07:00</time>
      </trkpt>
      <trkpt lat="33.87248265556991" lon="-116.70856355689466">
        <time>2005-05-11T09:02:49-07:00</time>
      </trkpt>
      <trkpt lat="33.87248106300831" lon="-116.70853665098548">
        <time>2005-05-11T09:02:50-07:00</time>
      </trkpt>
      <trkpt lat="33.87248248793185" lon="-116.70850035734475">
        <time>2005-05-11T09:02:54-07:00</time>
      </trkpt>
      <trkpt lat="33.87247905135155" lon="-116.70844671316445">
        <time>2005-05-11T09:03:00-07:00</time>
      </trkpt>
      <trkpt lat="33.87248517014086" lon="-116.70839617028832">
        <time>2005-05-11T09:03:05-07:00</time>
      </trkpt>
      <trkpt lat="33.8725230563432" lon="-116.7083194758743">
        <time>2005-05-11T09:03:10-07:00</time>
      </trkpt>
      <trkpt lat="33.87257259339094" lon="-116.70824747532606">
        <time>2005-05-11T09:03:12-07:00</time>
      </trkpt>
      <trkpt lat="33.87262430973351" lon="-116.70815787278116">
        <time>2005-05-11T09:03:15-07:00</time>
      </trkpt>
      <trkpt lat="33.872656328603625" lon="-116.70808218419552">
        <time>2005-05-11T09:03:18-07:00</time>
      </trkpt>
      <trkpt lat="33.87267175130546" lon="-116.70805779285729">
        <time>2005-05-11T09:03:22-07:00</time>
      </trkpt>
      <trkpt lat="33.8727025128901" lon="-116.70801001600921">
        <time>2005-05-11T09:03:27-07:00</time>
      </trkpt>
      <trkpt lat="33.87273436412215" lon="-116.7079002968967">
        <time>2005-05-11T09:03:33-07:00</time>
      </trkpt>
      <trkpt lat="33.8727648742497" lon="-116.70782829634845">
        <time>2005-05-11T09:03:39-07:00</time>
      </trkpt>
      <trkpt lat="33.87277300469577" lon="-116.70781287364662">
        <time>2005-05-11T09:03:45-07:00</time>
      </trkpt>
      <trkpt lat="33.87281374074519" lon="-116.70771782286465">
        <time>2005-05-11T09:03:47-07:00</time>
      </trkpt>
      <trkpt lat="33.87285891920328" lon="-116.70766686089337">
        <time>2005-05-11T09:03:51-07:00</time>
      </trkpt>
      <trkpt lat="33.87286654673517" lon="-116.70766342431307">
        <time>2005-05-11T09:03:58-07:00</time>
      </trkpt>
      <trkpt lat="33.87292538769543" lon="-116.70758270658553">
        <time>2005-05-11T09:04:03-07:00</time>
      </trkpt>
      <trkpt lat="33.87297919951379" lon="-116.7075083591044">
        <time>2005-05-11T09:04:04-07:00</time>
      </trkpt>
      <trkpt lat="33.87298506684601" lon="-116.70749293640256">
        <time>2005-05-11T09:04:11-07:00</time>
      </trkpt>
      <trkpt lat="33.87301750481129" lon="-116.70741741545498">
        <time>2005-05-11T09:04:17-07:00</time>
      </trkpt>
      <trkpt lat="33.8730201870203" lon="-116.70741054229438">
        <time>2005-05-11T09:04:18-07:00</time>
      </trkpt>
      <trkpt lat="33.87304684147239" lon="-116.70735413208604">
        <time>2005-05-11T09:04:25-07:00</time>
      </trkpt>
      <trkpt lat="33.873050613328815" lon="-116.70734155923128">
        <time>2005-05-11T09:04:31-07:00</time>
      </trkpt>
      <trkpt lat="33.873064778745174" lon="-116.70728280209005">
        <time>2005-05-11T09:04:32-07:00</time>
      </trkpt>
      <trkpt lat="33.87307416647673" lon="-116.70724793337286">
        <time>2005-05-11T09:04:38-07:00</time>
      </trkpt>
      <trkpt lat="33.8730685506016" lon="-116.70715967193246">
        <time>2005-05-11T09:04:39-07:00</time>
      </trkpt>
      <trkpt lat="33.87303904630244" lon="-116.70712019316852">
        <time>2005-05-11T09:04:45-07:00</time>
      </trkpt>
      <trkpt lat="33.87300535105169" lon="-116.7070984840393">
        <time>2005-05-11T09:04:46-07:00</time>
      </trkpt>
      <trkpt lat="33.872953886166215" lon="-116.70709278434515">
        <time>2005-05-11T09:04:50-07:00</time>
      </trkpt>
      <trkpt lat="33.87288180179894" lon="-116.70707551762462">
        <time>2005-05-11T09:04:53-07:00</time>
      </trkpt>
      <trkpt lat="33.872825894504786" lon="-116.70705942437053">
        <time>2005-05-11T09:04:59-07:00</time>
      </trkpt>
      <trkpt lat="33.87278172187507" lon="-116.7070524673909">
        <time>2005-05-11T09:05:02-07:00</time>
      </trkpt>
      <trkpt lat="33.87274978682399" lon="-116.70705229975283">
        <time>2005-05-11T09:05:05-07:00</time>
      </trkpt>
      <trkpt lat="33.872701758518815" lon="-116.7070625256747">
        <time>2005-05-11T09:05:09-07:00</time>
      </trkpt>
      <trkpt lat="33.872630931437016" lon="-116.70705414377153">
        <time>2005-05-11T09:05:15-07:00</time>
      </trkpt>
      <trkpt lat="33.872540071606636" lon="-116.7070781160146">
        <time>2005-05-11T09:05:20-07:00</time>
      </trkpt>
      <trkpt lat="33.872529761865735" lon="-116.7070852406323">
        <time>2005-05-11T09:05:23-07:00</time>
      </trkpt>
      <trkpt lat="33.87245574966073" lon="-116.70710879378021">
        <time>2005-05-11T09:05:25-07:00</time>
      </trkpt>
      <trkpt lat="33.87241702526808" lon="-116.70713477768004">
        <time>2005-05-11T09:05:30-07:00</time>
      </trkpt>
      <trkpt lat="33.872335217893124" lon="-116.70716067776084">
        <time>2005-05-11T09:05:36-07:00</time>
      </trkpt>
      <trkpt lat="33.87232683598995" lon="-116.70716277323663">
        <time>2005-05-11T09:05:43-07:00</time>
      </trkpt>
      <trkpt lat="33.87228073552251" lon="-116.70718096196651">
        <time>2005-05-11T09:05:44-07:00</time>
      </trkpt>
      <trkpt lat="33.8722257502377" lon="-116.70721666887403">
        <time>2005-05-11T09:05:50-07:00</time>
      </trkpt>
      <trkpt lat="33.8721929769963" lon="-116.70724734663963">
        <time>2005-05-11T09:05:54-07:00</time>
      </trkpt>
      <trkpt lat="33.87211904861033" lon="-116.70731876045465">
        <time>2005-05-11T09:06:01-07:00</time>
      </trkpt>
      <trkpt lat="33.872060123831034" lon="-116.70735178515315">
        <time>2005-05-11T09:06:02-07:00</time>
      </trkpt>
      <trkpt lat="33.872037744149566" lon="-116.70737408101559">
        <time>2005-05-11T09:06:07-07:00</time>
      </trkpt>
      <trkpt lat="33.871978064998984" lon="-116.70740174129605">
        <time>2005-05-11T09:06:12-07:00</time>
      </trkpt>
      <trkpt lat="33.871908243745565" lon="-116.70742219313979">
        <time>2005-05-11T09:06:16-07:00</time>
      </trkpt>
      <trkpt lat="33.87185116298497" lon="-116.70747826807201">
        <time>2005-05-11T09:06:24-07:00</time>
      </trkpt>
      <trkpt lat="33.87180623598397" lon="-116.70752319507301">
        <time>2005-05-11T09:06:29-07:00</time>
      </trkpt>
      <trkpt lat="33.87179718352854" lon="-116.70759527944028">
        <time>2005-05-11T09:06:31-07:00</time>
      </trkpt>
      <trkpt lat="33.87180581688881" lon="-116.70767264440656">
        <time>2005-05-11T09:06:36-07:00</time>
      </trkpt>
      <trkpt lat="33.87178871780634" lon="-116.70774548314512">
        <time>2005-05-11T09:06:42-07:00</time>
      </trkpt>
      <trkpt lat="33.87177991680801" lon="-116.70779158361256">
        <time>2005-05-11T09:06:49-07:00</time>
      </trkpt>
      <trkpt lat="33.871785029768944" lon="-116.70782385393977">
        <time>2005-05-11T09:06:54-07:00</time>
      </trkpt>
      <trkpt lat="33.871800787746906" lon="-116.70794195495546">
        <time>2005-05-11T09:06:59-07:00</time>
      </trkpt>
      <trkpt lat="33.87180539779365" lon="-116.70795377343893">
        <time>2005-05-11T09:07:04-07:00</time>
      </trkpt>
      <trkpt lat="33.87180916965008" lon="-116.70804823748767">
        <time>2005-05-11T09:07:09-07:00</time>
      </trkpt>
      <trkpt lat="33.87179508805275" lon="-116.70813733711839">
        <time>2005-05-11T09:07:12-07:00</time>
      </trkpt>
      <trkpt lat="33.87179274111986" lon="-116.70815007761121">
        <time>2005-05-11T09:07:14-07:00</time>
      </trkpt>
      <trkpt lat="33.8717785757035" lon="-116.70820891857147">
        <time>2005-05-11T09:07:21-07:00</time>
      </trkpt>
      <trkpt lat="33.87177555821836" lon="-116.70830983668566">
        <time>2005-05-11T09:07:22-07:00</time>
      </trkpt>
      <trkpt lat="33.87175879441202" lon="-116.70838435180485">
        <time>2005-05-11T09:07:27-07:00</time>
      </trkpt>
      <trkpt lat="33.871764577925205" lon="-116.70844268985093">
        <time>2005-05-11T09:07:33-07:00</time>
      </trkpt>
      <trkpt lat="33.871766505762935" lon="-116.7084547597915">
        <time>2005-05-11T09:07:34-07:00</time>
      </trkpt>
      <trkpt lat="33.87178058736026" lon="-116.70855031348765">
        <time>2005-05-11T09:07:39-07:00</time>
      </trkpt>
      <trkpt lat="33.871793411672115" lon="-116.70862114056945">
        <time>2005-05-11T09:07:45-07:00</time>
      </trkpt>
      <trkpt lat="33.87177572585642" lon="-116.70865877531469">
        <time>2005-05-11T09:07:50-07:00</time>
      </trkpt>
      <trkpt lat="33.87175644747913" lon="-116.7086580209434">
        <time>2005-05-11T09:07:54-07:00</time>
      </trkpt>
      <trkpt lat="33.871707832440734" lon="-116.70869037508965">
        <time>2005-05-11T09:07:55-07:00</time>
      </trkpt>
      <trkpt lat="33.87168042361736" lon="-116.70872624963522">
        <time>2005-05-11T09:08:01-07:00</time>
      </trkpt>
      <trkpt lat="33.87163247913122" lon="-116.70875851996243">
        <time>2005-05-11T09:08:05-07:00</time>
      </trkpt>
      <trkpt lat="33.87160750105977" lon="-116.70877461321652">
        <time>2005-05-11T09:08:08-07:00</time>
      </trkpt>
      <trkpt lat="33.871561735868454" lon="-116.708804955706">
        <time>2005-05-11T09:08:10-07:00</time>
      </trkpt>
      <trkpt lat="33.87154497206211" lon="-116.70882180333138">
        <time>2005-05-11T09:08:16-07:00</time>
      </trkpt>
      <trkpt lat="33.87152586132288" lon="-116.70886027626693">
        <time>2005-05-11T09:08:20-07:00</time>
      </trkpt>
      <trkpt lat="33.87151756323874" lon="-116.70887620188296">
        <time>2005-05-11T09:08:24-07:00</time>
      </trkpt>
      <trkpt lat="33.87150909751654" lon="-116.70890084467828">
        <time>2005-05-11T09:08:26-07:00</time>
      </trkpt>
      <trkpt lat="33.871446400880814" lon="-116.7089704144746">
        <time>2005-05-11T09:08:30-07:00</time>
      </trkpt>
      <trkpt lat="33.87138529680669" lon="-116.70901483856142">
        <time>2005-05-11T09:08:32-07:00</time>
      </trkpt>
      <trkpt lat="33.87136124074459" lon="-116.70903847552836">
        <time>2005-05-11T09:08:35-07:00</time>
      </trkpt>
      <trkpt lat="33.871309608221054" lon="-116.7090626154095">
        <time>2005-05-11T09:08:37-07:00</time>
      </trkpt>
      <trkpt lat="33.87125772424042" lon="-116.70909865759313">
        <time>2005-05-11T09:08:42-07:00</time>
      </trkpt>
      <trkpt lat="33.87124640867114" lon="-116.70911022461951">
        <time>2005-05-11T09:08:48-07:00</time>
      </trkpt>
      <trkpt lat="33.87118740007281" lon="-116.70916705392301">
        <time>2005-05-11T09:08:53-07:00</time>
      </trkpt>
      <trkpt lat="33.8711310736835" lon="-116.70917392708361">
        <time>2005-05-11T09:08:55-07:00</time>
      </trkpt>
      <trkpt lat="33.871100563555956" lon="-116.70917183160782">
        <time>2005-05-11T09:08:59-07:00</time>
      </trkpt>
      <trkpt lat="33.87106770649552" lon="-116.70923385769129">
        <time>2005-05-11T09:09:04-07:00</time>
      </trkpt>
      <trkpt lat="33.871046835556626" lon="-116.70925037004054">
        <time>2005-05-11T09:09:05-07:00</time>
      </trkpt>
      <trkpt lat="33.87103233486414" lon="-116.70926327817142">
        <time>2005-05-11T09:09:10-07:00</time>
      </trkpt>
      <trkpt lat="33.871025210246444" lon="-116.7092711571604">
        <time>2005-05-11T09:09:16-07:00</time>
      </trkpt>
      <trkpt lat="33.87095941230655" lon="-116.7093195207417">
        <time>2005-05-11T09:09:22-07:00</time>
      </trkpt>
      <trkpt lat="33.870923118665814" lon="-116.70931231230497">
        <time>2005-05-11T09:09:29-07:00</time>
      </trkpt>
      <trkpt lat="33.87090618722141" lon="-116.70930870808661">
        <time>2005-05-11T09:09:31-07:00</time>
      </trkpt>
      <trkpt lat="33.87081289663911" lon="-116.7093250527978">
        <time>2005-05-11T09:09:33-07:00</time>
      </trkpt>
      <trkpt lat="33.87073284946382" lon="-116.70931491069496">
        <time>2005-05-11T09:09:34-07:00</time>
      </trkpt>
      <trkpt lat="33.87065037153661" lon="-116.70933402143419">
        <time>2005-05-11T09:09:40-07:00</time>
      </trkpt>
      <trkpt lat="33.870578203350306" lon="-116.70932421460748">
        <time>2005-05-11T09:09:43-07:00</time>
      </trkpt>
      <trkpt lat="33.870517099276185" lon="-116.70933938585222">
        <time>2005-05-11T09:09:44-07:00</time>
      </trkpt>
      <trkpt lat="33.87046848423779" lon="-116.70933175832033">
        <time>2005-05-11T09:09:52-07:00</time>
      </trkpt>
      <trkpt lat="33.870435962453485" lon="-116.70933041721582">
        <time>2005-05-11T09:09:58-07:00</time>
      </trkpt>
      <trkpt lat="33.87040779925883" lon="-116.70933200977743">
        <time>2005-05-11T09:10:05-07:00</time>
      </trkpt>
      <trkpt lat="33.87039137072861" lon="-116.70933293178678">
        <time>2005-05-11T09:10:11-07:00</time>
      </trkpt>
      <trkpt lat="33.87033361941576" lon="-116.70934005640447">
        <time>2005-05-11T09:10:16-07:00</time>
      </trkpt>
      <trkpt lat="33.870308473706245" lon="-116.70934927649796">
        <time>2005-05-11T09:10:21-07:00</time>
      </trkpt>
      <trkpt lat="33.87029053643346" lon="-116.70937467366457">
        <time>2005-05-11T09:10:24-07:00</time>
      </trkpt>
      <trkpt lat="33.870288943871856" lon="-116.70936838723719">
        <time>2005-05-11T09:10:27-07:00</time>
      </trkpt>
      <trkpt lat="33.87027645483613" lon="-116.70936000533402">
        <time>2005-05-11T09:10:28-07:00</time>
      </trkpt>
      <trkpt lat="33.87025013566017" lon="-116.70934106223285">
        <time>2005-05-11T09:10:32-07:00</time>
      </trkpt>
      <trkpt lat="33.87021107599139" lon="-116.70935648493469">
        <time>2005-05-11T09:10:34-07:00</time>
      </trkpt>
      <trkpt lat="33.870206885039806" lon="-116.70936428010464">
        <time>2005-05-11T09:10:36-07:00</time>
      </trkpt>
      <trkpt lat="33.87016262859106" lon="-116.70939470641315">
        <time>2005-05-11T09:10:37-07:00</time>
      </trkpt>
      <trkpt lat="33.870130609720945" lon="-116.70942622236907">
        <time>2005-05-11T09:10:39-07:00</time>
      </trkpt>
      <trkpt lat="33.870100351050496" lon="-116.70943644829094">
        <time>2005-05-11T09:10:43-07:00</time>
      </trkpt>
      <trkpt lat="33.87003748677671" lon="-116.70944793149829">
        <time>2005-05-11T09:10:49-07:00</time>
      </trkpt>
      <trkpt lat="33.870028434321284" lon="-116.70946083962917">
        <time>2005-05-11T09:10:50-07:00</time>
      </trkpt>
      <trkpt lat="33.86999264359474" lon="-116.70948070473969">
        <time>2005-05-11T09:10:56-07:00</time>
      </trkpt>
      <trkpt lat="33.86994989588857" lon="-116.70950199477375">
        <time>2005-05-11T09:10:59-07:00</time>
      </trkpt>
      <trkpt lat="33.869939083233476" lon="-116.70950350351632">
        <time>2005-05-11T09:11:01-07:00</time>
      </trkpt>
      <trkpt lat="33.869896000251174" lon="-116.70951305888593">
        <time>2005-05-11T09:11:06-07:00</time>
      </trkpt>
      <trkpt lat="33.869884852319956" lon="-116.70950668863952">
        <time>2005-05-11T09:11:07-07:00</time>
      </trkpt>
      <trkpt lat="33.86986875906587" lon="-116.70950786210597">
        <time>2005-05-11T09:11:11-07:00</time>
      </trkpt>
      <trkpt lat="33.86981754563749" lon="-116.70952127315104">
        <time>2005-05-11T09:11:15-07:00</time>
      </trkpt>
      <trkpt lat="33.869774378836155" lon="-116.70954038389027">
        <time>2005-05-11T09:11:16-07:00</time>
      </trkpt>
      <trkpt lat="33.8697150349617" lon="-116.70955597423017">
        <time>2005-05-11T09:11:20-07:00</time>
      </trkpt>
      <trkpt lat="33.869651248678565" lon="-116.70956620015204">
        <time>2005-05-11T09:11:21-07:00</time>
      </trkpt>
      <trkpt lat="33.8695908151567" lon="-116.70958086848259">
        <time>2005-05-11T09:11:22-07:00</time>
      </trkpt>
      <trkpt lat="33.86958000250161" lon="-116.70958212576807">
        <time>2005-05-11T09:11:26-07:00</time>
      </trkpt>
      <trkpt lat="33.869499787688255" lon="-116.70959142968059">
        <time>2005-05-11T09:11:30-07:00</time>
      </trkpt>
      <trkpt lat="33.86948042549193" lon="-116.70960358344018">
        <time>2005-05-11T09:11:35-07:00</time>
      </trkpt>
      <trkpt lat="33.86946885846555" lon="-116.70958958566189">
        <time>2005-05-11T09:11:41-07:00</time>
      </trkpt>
      <trkpt lat="33.86943398974836" lon="-116.70961783267558">
        <time>2005-05-11T09:11:46-07:00</time>
      </trkpt>
      <trkpt lat="33.869425524026155" lon="-116.70962579548359">
        <time>2005-05-11T09:11:47-07:00</time>
      </trkpt>
      <trkpt lat="33.86936995200813" lon="-116.70963945798576">
        <time>2005-05-11T09:11:53-07:00</time>
      </trkpt>
      <trkpt lat="33.86935352347791" lon="-116.70962814241648">
        <time>2005-05-11T09:11:55-07:00</time>
      </trkpt>
      <trkpt lat="33.869322342798114" lon="-116.7095996439457">
        <time>2005-05-11T09:11:57-07:00</time>
      </trkpt>
      <trkpt lat="33.86929233558476" lon="-116.70954138971865">
        <time>2005-05-11T09:12:01-07:00</time>
      </trkpt>
      <trkpt lat="33.869280349463224" lon="-116.70953736640513">
        <time>2005-05-11T09:12:02-07:00</time>
      </trkpt>
      <trkpt lat="33.86920784600079" lon="-116.7094781063497">
        <time>2005-05-11T09:12:09-07:00</time>
      </trkpt>
      <trkpt lat="33.869168534874916" lon="-116.70944499783218">
        <time>2005-05-11T09:12:11-07:00</time>
      </trkpt>
      <trkpt lat="33.86915344744921" lon="-116.70944273471832">
        <time>2005-05-11T09:12:14-07:00</time>
      </trkpt>
      <trkpt lat="33.869142131879926" lon="-116.70943971723318">
        <time>2005-05-11T09:12:19-07:00</time>
      </trkpt>
      <trkpt lat="33.86906208470464" lon="-116.70938917435706">
        <time>2005-05-11T09:12:20-07:00</time>
      </trkpt>
      <trkpt lat="33.868998466059566" lon="-116.70936134643853">
        <time>2005-05-11T09:12:27-07:00</time>
      </trkpt>
      <trkpt lat="33.86898580938578" lon="-116.70935824513435">
        <time>2005-05-11T09:12:31-07:00</time>
      </trkpt>
      <trkpt lat="33.8689327519387" lon="-116.7093472648412">
        <time>2005-05-11T09:12:32-07:00</time>
      </trkpt>
      <trkpt lat="33.868918251246214" lon="-116.70934877358377">
        <time>2005-05-11T09:12:33-07:00</time>
      </trkpt>
      <trkpt lat="33.868868462741375" lon="-116.70935648493469">
        <time>2005-05-11T09:12:41-07:00</time>
      </trkpt>
      <trkpt lat="33.86883904226124" lon="-116.70934768393636">
        <time>2005-05-11T09:12:47-07:00</time>
      </trkpt>
      <trkpt lat="33.86881750077009" lon="-116.7093419842422">
        <time>2005-05-11T09:12:48-07:00</time>
      </trkpt>
      <trkpt lat="33.86877056211233" lon="-116.70936059206724">
        <time>2005-05-11T09:12:52-07:00</time>
      </trkpt>
      <trkpt lat="33.86873393319547" lon="-116.70937936753035">
        <time>2005-05-11T09:12:53-07:00</time>
      </trkpt>
      <trkpt lat="33.86869378387928" lon="-116.70936595648527">
        <time>2005-05-11T09:12:57-07:00</time>
      </trkpt>
      <trkpt lat="33.86867769062519" lon="-116.70934592373669">
        <time>2005-05-11T09:13:00-07:00</time>
      </trkpt>
      <trkpt lat="33.868638295680285" lon="-116.70931256376207">
        <time>2005-05-11T09:13:02-07:00</time>
      </trkpt>
      <trkpt lat="33.86858792044222" lon="-116.70925112441182">
        <time>2005-05-11T09:13:06-07:00</time>
      </trkpt>
      <trkpt lat="33.868573838844895" lon="-116.70922354795039">
        <time>2005-05-11T09:13:09-07:00</time>
      </trkpt>
      <trkpt lat="33.86854969896376" lon="-116.70918951742351">
        <time>2005-05-11T09:13:12-07:00</time>
      </trkpt>
      <trkpt lat="33.86853444389999" lon="-116.70915020629764">
        <time>2005-05-11T09:13:15-07:00</time>
      </trkpt>
      <trkpt lat="33.86851927265525" lon="-116.70912120491266">
        <time>2005-05-11T09:13:20-07:00</time>
      </trkpt>
      <trkpt lat="33.868510304018855" lon="-116.7091104760766">
        <time>2005-05-11T09:13:26-07:00</time>
      </trkpt>
      <trkpt lat="33.86849840171635" lon="-116.70911307446659">
        <time>2005-05-11T09:13:28-07:00</time>
      </trkpt>
      <trkpt lat="33.86847384274006" lon="-116.70911156572402">
        <time>2005-05-11T09:13:32-07:00</time>
      </trkpt>
      <trkpt lat="33.868448194116354" lon="-116.70911835506558">
        <time>2005-05-11T09:13:35-07:00</time>
      </trkpt>
      <trkpt lat="33.868415923789144" lon="-116.70910594984889">
        <time>2005-05-11T09:13:37-07:00</time>
      </trkpt>
      <trkpt lat="33.868404775857925" lon="-116.70909421518445">
        <time>2005-05-11T09:13:38-07:00</time>
      </trkpt>
      <trkpt lat="33.86833671480417" lon="-116.70907200314105">
        <time>2005-05-11T09:13:39-07:00</time>
      </trkpt>
      <trkpt lat="33.86828784830868" lon="-116.70902531594038">
        <time>2005-05-11T09:13:41-07:00</time>
      </trkpt>
      <trkpt lat="33.86825532652438" lon="-116.70897703617811">
        <time>2005-05-11T09:13:43-07:00</time>
      </trkpt>
      <trkpt lat="33.8682453520596" lon="-116.70897116884589">
        <time>2005-05-11T09:13:46-07:00</time>
      </trkpt>
      <trkpt lat="33.868195563554764" lon="-116.70894761569798">
        <time>2005-05-11T09:13:47-07:00</time>
      </trkpt>
      <trkpt lat="33.86817494407296" lon="-116.70892339199781">
        <time>2005-05-11T09:13:52-07:00</time>
      </trkpt>
      <trkpt lat="33.868138482794166" lon="-116.70888986438513">
        <time>2005-05-11T09:13:56-07:00</time>
      </trkpt>
      <trkpt lat="33.8681055419147" lon="-116.70887276530266">
        <time>2005-05-11T09:14:00-07:00</time>
      </trkpt>
      <trkpt lat="33.86809171177447" lon="-116.70885868370533">
        <time>2005-05-11T09:14:01-07:00</time>
      </trkpt>
      <trkpt lat="33.868047622963786" lon="-116.70885709114373">
        <time>2005-05-11T09:14:06-07:00</time>
      </trkpt>
      <trkpt lat="33.867995236068964" lon="-116.70884284190834">
        <time>2005-05-11T09:14:09-07:00</time>
      </trkpt>
      <trkpt lat="33.86794796213508" lon="-116.70882892794907">
        <time>2005-05-11T09:14:13-07:00</time>
      </trkpt>
      <trkpt lat="33.867920469492674" lon="-116.70881283469498">
        <time>2005-05-11T09:14:16-07:00</time>
      </trkpt>
      <trkpt lat="33.86790898628533" lon="-116.70879657380283">
        <time>2005-05-11T09:14:18-07:00</time>
      </trkpt>
      <trkpt lat="33.867902951315045" lon="-116.7087772116065">
        <time>2005-05-11T09:14:22-07:00</time>
      </trkpt>
      <trkpt lat="33.86790471151471" lon="-116.70874016359448">
        <time>2005-05-11T09:14:28-07:00</time>
      </trkpt>
      <trkpt lat="33.867918541654944" lon="-116.70870764181018">
        <time>2005-05-11T09:14:31-07:00</time>
      </trkpt>
      <trkpt lat="33.8679295219481" lon="-116.70865860767663">
        <time>2005-05-11T09:14:33-07:00</time>
      </trkpt>
      <trkpt lat="33.867943435907364" lon="-116.70863195322454">
        <time>2005-05-11T09:14:34-07:00</time>
      </trkpt>
      <trkpt lat="33.86797696352005" lon="-116.70857428573072">
        <time>2005-05-11T09:14:35-07:00</time>
      </trkpt>
      <trkpt lat="33.86797537095845" lon="-116.7085134331137">
        <time>2005-05-11T09:14:37-07:00</time>
      </trkpt>
      <trkpt lat="33.867970844730735" lon="-116.70849029906094">
        <time>2005-05-11T09:14:39-07:00</time>
      </trkpt>
      <trkpt lat="33.86795097962022" lon="-116.70844629406929">
        <time>2005-05-11T09:14:42-07:00</time>
      </trkpt>
      <trkpt lat="33.86794662103057" lon="-116.70843497850001">
        <time>2005-05-11T09:14:44-07:00</time>
      </trkpt>
      <trkpt lat="33.867929857224226" lon="-116.70841653831303">
        <time>2005-05-11T09:14:49-07:00</time>
      </trkpt>
      <trkpt lat="33.86790915392339" lon="-116.70836767181754">
        <time>2005-05-11T09:14:53-07:00</time>
      </trkpt>
      <trkpt lat="33.86788476258516" lon="-116.70831930823624">
        <time>2005-05-11T09:14:55-07:00</time>
      </trkpt>
      <trkpt lat="33.86785534210503" lon="-116.70825644396245">
        <time>2005-05-11T09:14:59-07:00</time>
      </trkpt>
      <trkpt lat="33.8678312022239" lon="-116.70823205262423">
        <time>2005-05-11T09:15:00-07:00</time>
      </trkpt>
      <trkpt lat="33.867824748158455" lon="-116.70822082087398">
        <time>2005-05-11T09:15:02-07:00</time>
      </trkpt>
      <trkpt lat="33.867807649075985" lon="-116.70819626189768">
        <time>2005-05-11T09:15:06-07:00</time>
      </trkpt>
      <trkpt lat="33.867786107584834" lon="-116.7081783246249">
        <time>2005-05-11T09:15:09-07:00</time>
      </trkpt>
      <trkpt lat="33.867773870006204" lon="-116.70817262493074">
        <time>2005-05-11T09:15:14-07:00</time>
      </trkpt>
      <trkpt lat="33.867731373757124" lon="-116.70812551863492">
        <time>2005-05-11T09:15:17-07:00</time>
      </trkpt>
      <trkpt lat="33.86770178563893" lon="-116.70809819363058">
        <time>2005-05-11T09:15:18-07:00</time>
      </trkpt>
      <trkpt lat="33.86768175289035" lon="-116.70808427967131">
        <time>2005-05-11T09:15:20-07:00</time>
      </trkpt>
      <trkpt lat="33.86763213202357" lon="-116.70805267989635">
        <time>2005-05-11T09:15:22-07:00</time>
      </trkpt>
      <trkpt lat="33.86761352419853" lon="-116.7080245167017">
        <time>2005-05-11T09:15:23-07:00</time>
      </trkpt>
      <trkpt lat="33.86758955195546" lon="-116.70799442566931">
        <time>2005-05-11T09:15:29-07:00</time>
      </trkpt>
      <trkpt lat="33.86756306514144" lon="-116.7079520970583">
        <time>2005-05-11T09:15:33-07:00</time>
      </trkpt>
      <trkpt lat="33.867552084848285" lon="-116.70794212259352">
        <time>2005-05-11T09:15:36-07:00</time>
      </trkpt>
      <trkpt lat="33.86751864105463" lon="-116.70793273486197">
        <time>2005-05-11T09:15:42-07:00</time>
      </trkpt>
      <trkpt lat="33.8674789108336" lon="-116.7079362552613">
        <time>2005-05-11T09:15:44-07:00</time>
      </trkpt>
      <trkpt lat="33.867443623021245" lon="-116.70792158693075">
        <time>2005-05-11T09:15:47-07:00</time>
      </trkpt>
      <trkpt lat="33.86740766465664" lon="-116.70791789889336">
        <time>2005-05-11T09:15:52-07:00</time>
      </trkpt>
      <trkpt lat="33.867374723777175" lon="-116.70789627358317">
        <time>2005-05-11T09:15:53-07:00</time>
      </trkpt>
      <trkpt lat="33.86737455613911" lon="-116.70786584727466">
        <time>2005-05-11T09:15:56-07:00</time>
      </trkpt>
      <trkpt lat="33.86737648397684" lon="-116.70785360969603">
        <time>2005-05-11T09:15:59-07:00</time>
      </trkpt>
      <trkpt lat="33.867380591109395" lon="-116.70783919282258">
        <time>2005-05-11T09:16:02-07:00</time>
      </trkpt>
      <trkpt lat="33.86741663329303" lon="-116.70778571628034">
        <time>2005-05-11T09:16:05-07:00</time>
      </trkpt>
      <trkpt lat="33.86742543429136" lon="-116.70777632854879">
        <time>2005-05-11T09:16:08-07:00</time>
      </trkpt>
      <trkpt lat="33.86747815646231" lon="-116.70775973238051">
        <time>2005-05-11T09:16:10-07:00</time>
      </trkpt>
      <trkpt lat="33.867573039606214" lon="-116.70775160193443">
        <time>2005-05-11T09:16:11-07:00</time>
      </trkpt>
      <trkpt lat="33.86761545203626" lon="-116.70777381397784">
        <time>2005-05-11T09:16:12-07:00</time>
      </trkpt>
      <trkpt lat="33.867664989084005" lon="-116.70781748369336">
        <time>2005-05-11T09:16:17-07:00</time>
      </trkpt>
      <trkpt lat="33.86768912896514" lon="-116.70783273875713">
        <time>2005-05-11T09:16:18-07:00</time>
      </trkpt>
      <trkpt lat="33.86776641011238" lon="-116.70784958638251">
        <time>2005-05-11T09:16:23-07:00</time>
      </trkpt>
      <trkpt lat="33.86781854555011" lon="-116.70791052281857">
        <time>2005-05-11T09:16:31-07:00</time>
      </trkpt>
      <trkpt lat="33.86783882975578" lon="-116.7079314775765">
        <time>2005-05-11T09:16:36-07:00</time>
      </trkpt>
      <trkpt lat="33.867877973243594" lon="-116.70797472819686">
        <time>2005-05-11T09:16:41-07:00</time>
      </trkpt>
      <trkpt lat="33.86792700737715" lon="-116.70799165964127">
        <time>2005-05-11T09:16:43-07:00</time>
      </trkpt>
      <trkpt lat="33.86800495907664" lon="-116.70800901018083">
        <time>2005-05-11T09:16:49-07:00</time>
      </trkpt>
      <trkpt lat="33.868021639063954" lon="-116.70800691470504">
        <time>2005-05-11T09:16:55-07:00</time>
      </trkpt>
      <trkpt lat="33.868087688460946" lon="-116.70803532935679">
        <time>2005-05-11T09:16:57-07:00</time>
      </trkpt>
      <trkpt lat="33.86816304177046" lon="-116.70807380229235">
        <time>2005-05-11T09:17:01-07:00</time>
      </trkpt>
      <trkpt lat="33.8681938033551" lon="-116.70811470597982">
        <time>2005-05-11T09:17:06-07:00</time>
      </trkpt>
      <trkpt lat="33.86820528656244" lon="-116.70812803320587">
        <time>2005-05-11T09:17:12-07:00</time>
      </trkpt>
      <trkpt lat="33.868247363716364" lon="-116.70818561688066">
        <time>2005-05-11T09:17:13-07:00</time>
      </trkpt>
      <trkpt lat="33.868275778368115" lon="-116.70821218751371">
        <time>2005-05-11T09:17:19-07:00</time>
      </trkpt>
      <trkpt lat="33.86830184608698" lon="-116.70821947976947">
        <time>2005-05-11T09:17:26-07:00</time>
      </trkpt>
      <trkpt lat="33.868310479447246" lon="-116.70821478590369">
        <time>2005-05-11T09:17:30-07:00</time>
      </trkpt>
      <trkpt lat="33.86831936426461" lon="-116.70820623636246">
        <time>2005-05-11T09:17:31-07:00</time>
      </trkpt>
      <trkpt lat="33.86835171841085" lon="-116.70816105790436">
        <time>2005-05-11T09:17:36-07:00</time>
      </trkpt>
      <trkpt lat="33.8683782890439" lon="-116.708112526685">
        <time>2005-05-11T09:17:39-07:00</time>
      </trkpt>
      <trkpt lat="33.86839337646961" lon="-116.70809115283191">
        <time>2005-05-11T09:17:41-07:00</time>
      </trkpt>
      <trkpt lat="33.868468310683966" lon="-116.70805661939085">
        <time>2005-05-11T09:17:42-07:00</time>
      </trkpt>
      <trkpt lat="33.86848985217512" lon="-116.70805293135345">
        <time>2005-05-11T09:17:43-07:00</time>
      </trkpt>
      <trkpt lat="33.86853100731969" lon="-116.70806827023625">
        <time>2005-05-11T09:17:47-07:00</time>
      </trkpt>
      <trkpt lat="33.8686150778085" lon="-116.70810163021088">
        <time>2005-05-11T09:17:51-07:00</time>
      </trkpt>
      <trkpt lat="33.86864500120282" lon="-116.70813113451004">
        <time>2005-05-11T09:17:53-07:00</time>
      </trkpt>
      <trkpt lat="33.86869244277477" lon="-116.70813666656613">
        <time>2005-05-11T09:17:59-07:00</time>
      </trkpt>
      <trkpt lat="33.8687046803534" lon="-116.7081225849688">
        <time>2005-05-11T09:18:01-07:00</time>
      </trkpt>
      <trkpt lat="33.868724796921015" lon="-116.70810028910637">
        <time>2005-05-11T09:18:05-07:00</time>
      </trkpt>
      <trkpt lat="33.868738543242216" lon="-116.70808620750904">
        <time>2005-05-11T09:18:12-07:00</time>
      </trkpt>
      <trkpt lat="33.86873091571033" lon="-116.7080126143992">
        <time>2005-05-11T09:18:15-07:00</time>
      </trkpt>
      <trkpt lat="33.86872077360749" lon="-116.70796827413142">
        <time>2005-05-11T09:18:19-07:00</time>
      </trkpt>
      <trkpt lat="33.868722366169095" lon="-116.7079518456012">
        <time>2005-05-11T09:18:20-07:00</time>
      </trkpt>
      <trkpt lat="33.86873527429998" lon="-116.70787959359586">
        <time>2005-05-11T09:18:22-07:00</time>
      </trkpt>
      <trkpt lat="33.868747260421515" lon="-116.70780038461089">
        <time>2005-05-11T09:18:24-07:00</time>
      </trkpt>
      <trkpt lat="33.868746757507324" lon="-116.70777020975947">
        <time>2005-05-11T09:18:29-07:00</time>
      </trkpt>
      <trkpt lat="33.86875631287694" lon="-116.70770751312375">
        <time>2005-05-11T09:18:33-07:00</time>
      </trkpt>
      <trkpt lat="33.86875396594405" lon="-116.70767574571073">
        <time>2005-05-11T09:18:34-07:00</time>
      </trkpt>
      <trkpt lat="33.86872697621584" lon="-116.70758103020489">
        <time>2005-05-11T09:18:39-07:00</time>
      </trkpt>
      <trkpt lat="33.86870191432536" lon="-116.70751699246466">
        <time>2005-05-11T09:18:45-07:00</time>
      </trkpt>
      <trkpt lat="33.868639301508665" lon="-116.70744549483061">
        <time>2005-05-11T09:18:47-07:00</time>
      </trkpt>
      <trkpt lat="33.86858448386192" lon="-116.70738170854747">
        <time>2005-05-11T09:18:51-07:00</time>
      </trkpt>
      <trkpt lat="33.86855514720082" lon="-116.70733493752778">
        <time>2005-05-11T09:18:53-07:00</time>
      </trkpt>
      <trkpt lat="33.86853595264256" lon="-116.70731456950307">
        <time>2005-05-11T09:18:59-07:00</time>
      </trkpt>
      <trkpt lat="33.86847199872136" lon="-116.70725950039923">
        <time>2005-05-11T09:19:04-07:00</time>
      </trkpt>
      <trkpt lat="33.86845448054373" lon="-116.70721482485533">
        <time>2005-05-11T09:19:11-07:00</time>
      </trkpt>
      <trkpt lat="33.86846889741719" lon="-116.70712321065366">
        <time>2005-05-11T09:19:17-07:00</time>
      </trkpt>
      <trkpt lat="33.86848616413772" lon="-116.70706504024565">
        <time>2005-05-11T09:19:21-07:00</time>
      </trkpt>
      <trkpt lat="33.86849873699248" lon="-116.7070593405515">
        <time>2005-05-11T09:19:23-07:00</time>
      </trkpt>
      <trkpt lat="33.86851357296109" lon="-116.70705431140959">
        <time>2005-05-11T09:19:29-07:00</time>
      </trkpt>
      <trkpt lat="33.86853645555675" lon="-116.70704341493547">
        <time>2005-05-11T09:19:35-07:00</time>
      </trkpt>
      <trkpt lat="33.868596805259585" lon="-116.7070725839585">
        <time>2005-05-11T09:19:41-07:00</time>
      </trkpt>
      <trkpt lat="33.86866629123688" lon="-116.70711206272244">
        <time>2005-05-11T09:19:46-07:00</time>
      </trkpt>
      <trkpt lat="33.86871666647494" lon="-116.70712706632912">
        <time>2005-05-11T09:19:48-07:00</time>
      </trkpt>
      <trkpt lat="33.868753127753735" lon="-116.70713603496552">
        <time>2005-05-11T09:19:49-07:00</time>
      </trkpt>
      <trkpt lat="33.868818171322346" lon="-116.70718213543296">
        <time>2005-05-11T09:19:51-07:00</time>
      </trkpt>
      <trkpt lat="33.86882144026458" lon="-116.70719370245934">
        <time>2005-05-11T09:19:57-07:00</time>
      </trkpt>
      <trkpt lat="33.86885798536241" lon="-116.70724231749773">
        <time>2005-05-11T09:20:04-07:00</time>
      </trkpt>
      <trkpt lat="33.86886955238879" lon="-116.70726587064564">
        <time>2005-05-11T09:20:08-07:00</time>
      </trkpt>
      <trkpt lat="33.86889595538378" lon="-116.7073149047792">
        <time>2005-05-11T09:20:11-07:00</time>
      </trkpt>
      <trkpt lat="33.86893811635673" lon="-116.70737206935883">
        <time>2005-05-11T09:20:17-07:00</time>
      </trkpt>
      <trkpt lat="33.86894842609763" lon="-116.70741280540824">
        <time>2005-05-11T09:20:18-07:00</time>
      </trkpt>
      <trkpt lat="33.86895420961082" lon="-116.70743476599455">
        <time>2005-05-11T09:20:23-07:00</time>
      </trkpt>
      <trkpt lat="33.86898170225322" lon="-116.70746309682727">
        <time>2005-05-11T09:20:25-07:00</time>
      </trkpt>
      <trkpt lat="33.86901346966624" lon="-116.70745706185699">
        <time>2005-05-11T09:20:29-07:00</time>
      </trkpt>
      <trkpt lat="33.869024366140366" lon="-116.7074475903064">
        <time>2005-05-11T09:20:34-07:00</time>
      </trkpt>
      <trkpt lat="33.86907138861716" lon="-116.70739319175482">
        <time>2005-05-11T09:20:37-07:00</time>
      </trkpt>
      <trkpt lat="33.869133330881596" lon="-116.70732429251075">
        <time>2005-05-11T09:20:39-07:00</time>
      </trkpt>
      <trkpt lat="33.869165014475584" lon="-116.70724516734481">
        <time>2005-05-11T09:20:42-07:00</time>
      </trkpt>
      <trkpt lat="33.86920650489628" lon="-116.70719454064965">
        <time>2005-05-11T09:20:44-07:00</time>
      </trkpt>
      <trkpt lat="33.86925461702049" lon="-116.70718439854681">
        <time>2005-05-11T09:20:45-07:00</time>
      </trkpt>
      <trkpt lat="33.86927146464586" lon="-116.70717903412879">
        <time>2005-05-11T09:20:51-07:00</time>
      </trkpt>
      <trkpt lat="33.86928076855838" lon="-116.70717467553914">
        <time>2005-05-11T09:20:58-07:00</time>
      </trkpt>
      <trkpt lat="33.869357127696276" lon="-116.70716704800725">
        <time>2005-05-11T09:21:04-07:00</time>
      </trkpt>
      <trkpt lat="33.86937213130295" lon="-116.70716386288404">
        <time>2005-05-11T09:21:10-07:00</time>
      </trkpt>
      <trkpt lat="33.86944153346121" lon="-116.70715799555182">
        <time>2005-05-11T09:21:15-07:00</time>
      </trkpt>
      <trkpt lat="33.869484197348356" lon="-116.70712530612946">
        <time>2005-05-11T09:21:17-07:00</time>
      </trkpt>
      <trkpt lat="33.86948863975704" lon="-116.7071024235338">
        <time>2005-05-11T09:21:18-07:00</time>
      </trkpt>
      <trkpt lat="33.86947573162615" lon="-116.70702782459557">
        <time>2005-05-11T09:21:24-07:00</time>
      </trkpt>
      <trkpt lat="33.869448909536004" lon="-116.70698759146035">
        <time>2005-05-11T09:21:25-07:00</time>
      </trkpt>
      <trkpt lat="33.8694076705724" lon="-116.70691466890275">
        <time>2005-05-11T09:21:31-07:00</time>
      </trkpt>
      <trkpt lat="33.869347739964724" lon="-116.70686454512179">
        <time>2005-05-11T09:21:35-07:00</time>
      </trkpt>
      <trkpt lat="33.86929736472666" lon="-116.70680821873248">
        <time>2005-05-11T09:21:37-07:00</time>
      </trkpt>
      <trkpt lat="33.86927490122616" lon="-116.7068072129041">
        <time>2005-05-11T09:21:43-07:00</time>
      </trkpt>
      <trkpt lat="33.86925260536373" lon="-116.70680930837989">
        <time>2005-05-11T09:21:48-07:00</time>
      </trkpt>
      <trkpt lat="33.869239781051874" lon="-116.70679941773415">
        <time>2005-05-11T09:21:54-07:00</time>
      </trkpt>
      <trkpt lat="33.869229136034846" lon="-116.70679120346904">
        <time>2005-05-11T09:22:00-07:00</time>
      </trkpt>
      <trkpt lat="33.86920290067792" lon="-116.70673579908907">
        <time>2005-05-11T09:22:06-07:00</time>
      </trkpt>
      <trkpt lat="33.86919217184186" lon="-116.70669975690544">
        <time>2005-05-11T09:22:08-07:00</time>
      </trkpt>
      <trkpt lat="33.8691814430058" lon="-116.70668651349843">
        <time>2005-05-11T09:22:10-07:00</time>
      </trkpt>
      <trkpt lat="33.86915177106857" lon="-116.70662658289075">
        <time>2005-05-11T09:22:12-07:00</time>
      </trkpt>
      <trkpt lat="33.8691433891654" lon="-116.70661484822631">
        <time>2005-05-11T09:22:14-07:00</time>
      </trkpt>
      <trkpt lat="33.86911581270397" lon="-116.70658299699426">
        <time>2005-05-11T09:22:19-07:00</time>
      </trkpt>
      <trkpt lat="33.86908044107258" lon="-116.70652398839593">
        <time>2005-05-11T09:22:22-07:00</time>
      </trkpt>
      <trkpt lat="33.86906116269529" lon="-116.70650311745703">
        <time>2005-05-11T09:22:24-07:00</time>
      </trkpt>
      <trkpt lat="33.869053702801466" lon="-116.70646464452147">
        <time>2005-05-11T09:22:29-07:00</time>
      </trkpt>
      <trkpt lat="33.86905688792467" lon="-116.70645064674318">
        <time>2005-05-11T09:22:30-07:00</time>
      </trkpt>
      <trkpt lat="33.869070718064904" lon="-116.70642013661563">
        <time>2005-05-11T09:22:35-07:00</time>
      </trkpt>
      <trkpt lat="33.86910407803953" lon="-116.70636900700629">
        <time>2005-05-11T09:22:41-07:00</time>
      </trkpt>
      <trkpt lat="33.86914397589862" lon="-116.70634796842933">
        <time>2005-05-11T09:22:44-07:00</time>
      </trkpt>
      <trkpt lat="33.86916618794203" lon="-116.70633237808943">
        <time>2005-05-11T09:22:47-07:00</time>
      </trkpt>
      <trkpt lat="33.86921270750463" lon="-116.70625383965671">
        <time>2005-05-11T09:22:48-07:00</time>
      </trkpt>
      <trkpt lat="33.869234835729" lon="-116.70619357377291">
        <time>2005-05-11T09:22:52-07:00</time>
      </trkpt>
      <trkpt lat="33.86923969723284" lon="-116.70615535229445">
        <time>2005-05-11T09:22:58-07:00</time>
      </trkpt>
      <trkpt lat="33.869253527373075" lon="-116.70607572421432">
        <time>2005-05-11T09:23:02-07:00</time>
      </trkpt>
      <trkpt lat="33.869261825457215" lon="-116.70597723685205">
        <time>2005-05-11T09:23:04-07:00</time>
      </trkpt>
      <trkpt lat="33.869261825457215" lon="-116.70593390241265">
        <time>2005-05-11T09:23:10-07:00</time>
      </trkpt>
      <trkpt lat="33.86925654485822" lon="-116.70586827211082">
        <time>2005-05-11T09:23:14-07:00</time>
      </trkpt>
      <trkpt lat="33.869227627292275" lon="-116.70578822493553">
        <time>2005-05-11T09:23:17-07:00</time>
      </trkpt>
      <trkpt lat="33.86921270750463" lon="-116.70573416166008">
        <time>2005-05-11T09:23:23-07:00</time>
      </trkpt>
      <trkpt lat="33.869197368621826" lon="-116.70569040812552">
        <time>2005-05-11T09:23:30-07:00</time>
      </trkpt>
      <trkpt lat="33.869156213477254" lon="-116.70561572536826">
        <time>2005-05-11T09:23:33-07:00</time>
      </trkpt>
      <trkpt lat="33.86915151961148" lon="-116.70560457743704">
        <time>2005-05-11T09:23:37-07:00</time>
      </trkpt>
      <trkpt lat="33.86912193149328" lon="-116.7055185791105">
        <time>2005-05-11T09:23:43-07:00</time>
      </trkpt>
      <trkpt lat="33.869091253727674" lon="-116.70543601736426">
        <time>2005-05-11T09:23:47-07:00</time>
      </trkpt>
      <trkpt lat="33.86904079467058" lon="-116.70537197962403">
        <time>2005-05-11T09:23:50-07:00</time>
      </trkpt>
      <trkpt lat="33.86902906000614" lon="-116.70536292716861">
        <time>2005-05-11T09:23:56-07:00</time>
      </trkpt>
      <trkpt lat="33.86896284297109" lon="-116.70532101765275">
        <time>2005-05-11T09:23:57-07:00</time>
      </trkpt>
      <trkpt lat="33.86895219795406" lon="-116.70531791634858">
        <time>2005-05-11T09:24:04-07:00</time>
      </trkpt>
      <trkpt lat="33.86891447938979" lon="-116.70529369264841">
        <time>2005-05-11T09:24:10-07:00</time>
      </trkpt>
      <trkpt lat="33.86889402754605" lon="-116.70525966212153">
        <time>2005-05-11T09:24:15-07:00</time>
      </trkpt>
      <trkpt lat="33.86888816021383" lon="-116.70525371097028">
        <time>2005-05-11T09:24:16-07:00</time>
      </trkpt>
      <trkpt lat="33.868871899321675" lon="-116.70519478619099">
        <time>2005-05-11T09:24:22-07:00</time>
      </trkpt>
      <trkpt lat="33.868870977312326" lon="-116.70516947284341">
        <time>2005-05-11T09:24:23-07:00</time>
      </trkpt>
      <trkpt lat="33.868864523246884" lon="-116.70515899546444">
        <time>2005-05-11T09:24:28-07:00</time>
      </trkpt>
      <trkpt lat="33.86887256987393" lon="-116.70511457137764">
        <time>2005-05-11T09:24:32-07:00</time>
      </trkpt>
      <trkpt lat="33.86887860484421" lon="-116.70510266907513">
        <time>2005-05-11T09:24:33-07:00</time>
      </trkpt>
      <trkpt lat="33.86892889626324" lon="-116.70506285503507">
        <time>2005-05-11T09:24:38-07:00</time>
      </trkpt>
      <trkpt lat="33.86893853545189" lon="-116.70505338348448">
        <time>2005-05-11T09:24:40-07:00</time>
      </trkpt>
      <trkpt lat="33.868999890983105" lon="-116.70501365326345">
        <time>2005-05-11T09:24:41-07:00</time>
      </trkpt>
      <trkpt lat="33.869060408324" lon="-116.70500837266445">
        <time>2005-05-11T09:24:44-07:00</time>
      </trkpt>
      <trkpt lat="33.86914120987058" lon="-116.7049765214324">
        <time>2005-05-11T09:24:45-07:00</time>
      </trkpt>
      <trkpt lat="33.869157303124666" lon="-116.70496746897697">
        <time>2005-05-11T09:24:50-07:00</time>
      </trkpt>
      <trkpt lat="33.869209522381425" lon="-116.70492220669985">
        <time>2005-05-11T09:24:51-07:00</time>
      </trkpt>
      <trkpt lat="33.869228633120656" lon="-116.70490812510252">
        <time>2005-05-11T09:24:56-07:00</time>
      </trkpt>
      <trkpt lat="33.86925185099244" lon="-116.70487359166145">
        <time>2005-05-11T09:25:02-07:00</time>
      </trkpt>
      <trkpt lat="33.86928604915738" lon="-116.70482170768082">
        <time>2005-05-11T09:25:09-07:00</time>
      </trkpt>
      <trkpt lat="33.86929317377508" lon="-116.70475289225578">
        <time>2005-05-11T09:25:10-07:00</time>
      </trkpt>
      <trkpt lat="33.86932854540646" lon="-116.70469949953258">
        <time>2005-05-11T09:25:15-07:00</time>
      </trkpt>
      <trkpt lat="33.86933927424252" lon="-116.70468986034393">
        <time>2005-05-11T09:25:17-07:00</time>
      </trkpt>
      <trkpt lat="33.86937850154936" lon="-116.70463998802006">
        <time>2005-05-11T09:25:20-07:00</time>
      </trkpt>
      <trkpt lat="33.86940666474402" lon="-116.70462481677532">
        <time>2005-05-11T09:25:25-07:00</time>
      </trkpt>
      <trkpt lat="33.86944421567023" lon="-116.70460017398">
        <time>2005-05-11T09:25:30-07:00</time>
      </trkpt>
      <trkpt lat="33.869484197348356" lon="-116.70456916093826">
        <time>2005-05-11T09:25:36-07:00</time>
      </trkpt>
      <trkpt lat="33.869499787688255" lon="-116.70455298386514">
        <time>2005-05-11T09:25:37-07:00</time>
      </trkpt>
      <trkpt lat="33.86958100832999" lon="-116.7045171931386">
        <time>2005-05-11T09:25:42-07:00</time>
      </trkpt>
      <trkpt lat="33.8695976883173" lon="-116.70451467856765">
        <time>2005-05-11T09:25:45-07:00</time>
      </trkpt>
      <trkpt lat="33.86963482014835" lon="-116.70448106713593">
        <time>2005-05-11T09:25:49-07:00</time>
      </trkpt>
      <trkpt lat="33.86967832222581" lon="-116.70447302050889">
        <time>2005-05-11T09:25:53-07:00</time>
      </trkpt>
      <trkpt lat="33.86975610628724" lon="-116.70443664304912">
        <time>2005-05-11T09:25:55-07:00</time>
      </trkpt>
      <trkpt lat="33.86981419287622" lon="-116.7044114973396">
        <time>2005-05-11T09:26:02-07:00</time>
      </trkpt>
      <trkpt lat="33.86982316151261" lon="-116.70440688729286">
        <time>2005-05-11T09:26:03-07:00</time>
      </trkpt>
      <trkpt lat="33.86985082179308" lon="-116.7043789755553">
        <time>2005-05-11T09:26:07-07:00</time>
      </trkpt>
      <trkpt lat="33.86987295001745" lon="-116.70438031665981">
        <time>2005-05-11T09:26:12-07:00</time>
      </trkpt>
      <trkpt lat="33.86992659419775" lon="-116.70435223728418">
        <time>2005-05-11T09:26:18-07:00</time>
      </trkpt>
      <trkpt lat="33.86996406130493" lon="-116.70435030944645">
        <time>2005-05-11T09:26:23-07:00</time>
      </trkpt>
      <trkpt lat="33.86998828500509" lon="-116.70434762723744">
        <time>2005-05-11T09:26:24-07:00</time>
      </trkpt>
      <trkpt lat="33.870045533403754" lon="-116.70432457700372">
        <time>2005-05-11T09:26:28-07:00</time>
      </trkpt>
      <trkpt lat="33.870098842307925" lon="-116.70431946404278">
        <time>2005-05-11T09:26:30-07:00</time>
      </trkpt>
      <trkpt lat="33.8701812364161" lon="-116.70430345460773">
        <time>2005-05-11T09:26:35-07:00</time>
      </trkpt>
      <trkpt lat="33.87020856142044" lon="-116.70429054647684">
        <time>2005-05-11T09:26:39-07:00</time>
      </trkpt>
      <trkpt lat="33.87026564218104" lon="-116.70429339632392">
        <time>2005-05-11T09:26:41-07:00</time>
      </trkpt>
      <trkpt lat="33.87029363773763" lon="-116.70427629724145">
        <time>2005-05-11T09:26:46-07:00</time>
      </trkpt>
      <trkpt lat="33.8703144248575" lon="-116.70427327975631">
        <time>2005-05-11T09:26:52-07:00</time>
      </trkpt>
      <trkpt lat="33.870375361293554" lon="-116.70427252538502">
        <time>2005-05-11T09:26:58-07:00</time>
      </trkpt>
      <trkpt lat="33.87041131965816" lon="-116.70427629724145">
        <time>2005-05-11T09:27:00-07:00</time>
      </trkpt>
      <trkpt lat="33.870426155626774" lon="-116.70428459532559">
        <time>2005-05-11T09:27:05-07:00</time>
      </trkpt>
      <trkpt lat="33.87043277733028" lon="-116.70429171994328">
        <time>2005-05-11T09:27:08-07:00</time>
      </trkpt>
      <trkpt lat="33.87046060524881" lon="-116.70430747792125">
        <time>2005-05-11T09:27:10-07:00</time>
      </trkpt>
      <trkpt lat="33.870503939688206" lon="-116.70431393198669">
        <time>2005-05-11T09:27:16-07:00</time>
      </trkpt>
      <trkpt lat="33.870549369603395" lon="-116.70429322868586">
        <time>2005-05-11T09:27:21-07:00</time>
      </trkpt>
      <trkpt lat="33.87056068517268" lon="-116.70428493060172">
        <time>2005-05-11T09:27:22-07:00</time>
      </trkpt>
      <trkpt lat="33.87060376815498" lon="-116.70424670912325">
        <time>2005-05-11T09:27:23-07:00</time>
      </trkpt>
      <trkpt lat="33.87066395021975" lon="-116.70418409630656">
        <time>2005-05-11T09:27:26-07:00</time>
      </trkpt>
      <trkpt lat="33.87071658857167" lon="-116.70414545573294">
        <time>2005-05-11T09:27:29-07:00</time>
      </trkpt>
      <trkpt lat="33.87075640261173" lon="-116.70413103885949">
        <time>2005-05-11T09:27:33-07:00</time>
      </trkpt>
      <trkpt lat="33.87077987194061" lon="-116.7041255068034">
        <time>2005-05-11T09:27:34-07:00</time>
      </trkpt>
      <trkpt lat="33.87083007954061" lon="-116.70412064529955">
        <time>2005-05-11T09:27:39-07:00</time>
      </trkpt>
      <trkpt lat="33.87088833376765" lon="-116.7040993552655">
        <time>2005-05-11T09:27:46-07:00</time>
      </trkpt>
      <trkpt lat="33.87095547281206" lon="-116.70407035388052">
        <time>2005-05-11T09:27:52-07:00</time>
      </trkpt>
      <trkpt lat="33.87098992243409" lon="-116.70406993478537">
        <time>2005-05-11T09:27:56-07:00</time>
      </trkpt>
      <trkpt lat="33.87105731293559" lon="-116.70407236553729">
        <time>2005-05-11T09:27:58-07:00</time>
      </trkpt>
      <trkpt lat="33.871068963781" lon="-116.70407840050757">
        <time>2005-05-11T09:28:03-07:00</time>
      </trkpt>
      <trkpt lat="33.87110718525946" lon="-116.70408996753395">
        <time>2005-05-11T09:28:09-07:00</time>
      </trkpt>
      <trkpt lat="33.87117834761739" lon="-116.70412617735565">
        <time>2005-05-11T09:28:15-07:00</time>
      </trkpt>
      <trkpt lat="33.87123324908316" lon="-116.70413548126817">
        <time>2005-05-11T09:28:19-07:00</time>
      </trkpt>
      <trkpt lat="33.87125110253692" lon="-116.70412986539304">
        <time>2005-05-11T09:28:26-07:00</time>
      </trkpt>
      <trkpt lat="33.87128513306379" lon="-116.70414738357067">
        <time>2005-05-11T09:28:27-07:00</time>
      </trkpt>
      <trkpt lat="33.871339028701186" lon="-116.70420220121741">
        <time>2005-05-11T09:28:31-07:00</time>
      </trkpt>
      <trkpt lat="33.871352607384324" lon="-116.70421938411891">
        <time>2005-05-11T09:28:36-07:00</time>
      </trkpt>
      <trkpt lat="33.87140021659434" lon="-116.70427713543177">
        <time>2005-05-11T09:28:41-07:00</time>
      </trkpt>
      <trkpt lat="33.871418572962284" lon="-116.70428149402142">
        <time>2005-05-11T09:28:43-07:00</time>
      </trkpt>
      <trkpt lat="33.87142536230385" lon="-116.70427998527884">
        <time>2005-05-11T09:28:47-07:00</time>
      </trkpt>
      <trkpt lat="33.87143349274993" lon="-116.70428669080138">
        <time>2005-05-11T09:28:53-07:00</time>
      </trkpt>
      <trkpt lat="33.87147657573223" lon="-116.70431192032993">
        <time>2005-05-11T09:28:55-07:00</time>
      </trkpt>
      <trkpt lat="33.87153407558799" lon="-116.70432147569954">
        <time>2005-05-11T09:29:02-07:00</time>
      </trkpt>
      <trkpt lat="33.87157816439867" lon="-116.70431267470121">
        <time>2005-05-11T09:29:06-07:00</time>
      </trkpt>
      <trkpt lat="33.87160389684141" lon="-116.70430211350322">
        <time>2005-05-11T09:29:07-07:00</time>
      </trkpt>
      <trkpt lat="33.87168168090284" lon="-116.70428275130689">
        <time>2005-05-11T09:29:08-07:00</time>
      </trkpt>
      <trkpt lat="33.87173163704574" lon="-116.70425190590322">
        <time>2005-05-11T09:29:12-07:00</time>
      </trkpt>
      <trkpt lat="33.87177983298898" lon="-116.70421536080539">
        <time>2005-05-11T09:29:17-07:00</time>
      </trkpt>
      <trkpt lat="33.87181352823973" lon="-116.70419205911458">
        <time>2005-05-11T09:29:21-07:00</time>
      </trkpt>
      <trkpt lat="33.871819227933884" lon="-116.7041841801256">
        <time>2005-05-11T09:29:23-07:00</time>
      </trkpt>
      <trkpt lat="33.87184051796794" lon="-116.70412592589855">
        <time>2005-05-11T09:29:29-07:00</time>
      </trkpt>
      <trkpt lat="33.8718684297055" lon="-116.70406892895699">
        <time>2005-05-11T09:29:34-07:00</time>
      </trkpt>
      <trkpt lat="33.87192425318062" lon="-116.70400480739772">
        <time>2005-05-11T09:29:38-07:00</time>
      </trkpt>
      <trkpt lat="33.87193129397929" lon="-116.70399793423712">
        <time>2005-05-11T09:29:41-07:00</time>
      </trkpt>
      <trkpt lat="33.87199642136693" lon="-116.70395158231258">
        <time>2005-05-11T09:29:42-07:00</time>
      </trkpt>
      <trkpt lat="33.87202232144773" lon="-116.70393984764814">
        <time>2005-05-11T09:29:48-07:00</time>
      </trkpt>
      <trkpt lat="33.8720602914691" lon="-116.70392157509923">
        <time>2005-05-11T09:29:53-07:00</time>
      </trkpt>
      <trkpt lat="33.87209658510983" lon="-116.70390841551125">
        <time>2005-05-11T09:30:00-07:00</time>
      </trkpt>
      <trkpt lat="33.87211217544973" lon="-116.70388947241008">
        <time>2005-05-11T09:30:01-07:00</time>
      </trkpt>
      <trkpt lat="33.8721152767539" lon="-116.70387513935566">
        <time>2005-05-11T09:30:07-07:00</time>
      </trkpt>
      <trkpt lat="33.87215140275657" lon="-116.70380271971226">
        <time>2005-05-11T09:30:10-07:00</time>
      </trkpt>
      <trkpt lat="33.872163724154234" lon="-116.70377606526017">
        <time>2005-05-11T09:30:13-07:00</time>
      </trkpt>
      <trkpt lat="33.87219373136759" lon="-116.7037507519126">
        <time>2005-05-11T09:30:16-07:00</time>
      </trkpt>
      <trkpt lat="33.87222105637193" lon="-116.70375267975032">
        <time>2005-05-11T09:30:18-07:00</time>
      </trkpt>
      <trkpt lat="33.87226271443069" lon="-116.70371705666184">
        <time>2005-05-11T09:30:19-07:00</time>
      </trkpt>
      <trkpt lat="33.87226858176291" lon="-116.70369216240942">
        <time>2005-05-11T09:30:24-07:00</time>
      </trkpt>
      <trkpt lat="33.87227847240865" lon="-116.70365209691226">
        <time>2005-05-11T09:30:26-07:00</time>
      </trkpt>
      <trkpt lat="33.87230236083269" lon="-116.7035538610071">
        <time>2005-05-11T09:30:30-07:00</time>
      </trkpt>
      <trkpt lat="33.87230512686074" lon="-116.70354581438005">
        <time>2005-05-11T09:30:33-07:00</time>
      </trkpt>
      <trkpt lat="33.8723261654377" lon="-116.70348538085818">
        <time>2005-05-11T09:30:37-07:00</time>
      </trkpt>
      <trkpt lat="33.872334882617" lon="-116.70340583659708">
        <time>2005-05-11T09:30:39-07:00</time>
      </trkpt>
      <trkpt lat="33.87233756482601" lon="-116.70338295400143">
        <time>2005-05-11T09:30:42-07:00</time>
      </trkpt>
      <trkpt lat="33.87236790731549" lon="-116.70331028290093">
        <time>2005-05-11T09:30:49-07:00</time>
      </trkpt>
      <trkpt lat="33.872405625879765" lon="-116.70323425903916">
        <time>2005-05-11T09:30:50-07:00</time>
      </trkpt>
      <trkpt lat="33.87241031974554" lon="-116.7032150644809">
        <time>2005-05-11T09:30:56-07:00</time>
      </trkpt>
      <trkpt lat="33.872434459626675" lon="-116.7031476739794">
        <time>2005-05-11T09:31:01-07:00</time>
      </trkpt>
      <trkpt lat="33.872449127957225" lon="-116.70309738256037">
        <time>2005-05-11T09:31:03-07:00</time>
      </trkpt>
      <trkpt lat="33.87245507910848" lon="-116.70309034176171">
        <time>2005-05-11T09:31:09-07:00</time>
      </trkpt>
      <trkpt lat="33.87249581515789" lon="-116.70302739366889">
        <time>2005-05-11T09:31:15-07:00</time>
      </trkpt>
      <trkpt lat="33.87250637635589" lon="-116.7030128929764">
        <time>2005-05-11T09:31:17-07:00</time>
      </trkpt>
      <trkpt lat="33.87252322398126" lon="-116.7029764316976">
        <time>2005-05-11T09:31:22-07:00</time>
      </trkpt>
      <trkpt lat="33.87255113571882" lon="-116.70292781665921">
        <time>2005-05-11T09:31:26-07:00</time>
      </trkpt>
      <trkpt lat="33.87256865389645" lon="-116.70289160683751">
        <time>2005-05-11T09:31:27-07:00</time>
      </trkpt>
      <trkpt lat="33.872604025527835" lon="-116.70284382998943">
        <time>2005-05-11T09:31:33-07:00</time>
      </trkpt>
      <trkpt lat="33.87264668941498" lon="-116.7027438338846">
        <time>2005-05-11T09:31:35-07:00</time>
      </trkpt>
      <trkpt lat="33.8726747687906" lon="-116.70268541201949">
        <time>2005-05-11T09:31:38-07:00</time>
      </trkpt>
      <trkpt lat="33.872679714113474" lon="-116.70267887413502">
        <time>2005-05-11T09:31:42-07:00</time>
      </trkpt>
      <trkpt lat="33.87272112071514" lon="-116.70262196101248">
        <time>2005-05-11T09:31:46-07:00</time>
      </trkpt>
      <trkpt lat="33.87275565415621" lon="-116.70259706676006">
        <time>2005-05-11T09:31:50-07:00</time>
      </trkpt>
      <trkpt lat="33.87277191504836" lon="-116.7025797162205">
        <time>2005-05-11T09:31:57-07:00</time>
      </trkpt>
      <trkpt lat="33.872805358842015" lon="-116.70253856107593">
        <time>2005-05-11T09:32:01-07:00</time>
      </trkpt>
      <trkpt lat="33.87281742878258" lon="-116.70252707786858">
        <time>2005-05-11T09:32:02-07:00</time>
      </trkpt>
      <trkpt lat="33.87282648123801" lon="-116.70252531766891">
        <time>2005-05-11T09:32:09-07:00</time>
      </trkpt>
      <trkpt lat="33.872839976102114" lon="-116.70250754803419">
        <time>2005-05-11T09:32:13-07:00</time>
      </trkpt>
      <trkpt lat="33.872852716594934" lon="-116.70248676091433">
        <time>2005-05-11T09:32:15-07:00</time>
      </trkpt>
      <trkpt lat="33.87286336161196" lon="-116.7024758644402">
        <time>2005-05-11T09:32:20-07:00</time>
      </trkpt>
      <trkpt lat="33.8728941231966" lon="-116.70244049280882">
        <time>2005-05-11T09:32:22-07:00</time>
      </trkpt>
      <trkpt lat="33.87291247956455" lon="-116.70242867432535">
        <time>2005-05-11T09:32:23-07:00</time>
      </trkpt>
      <trkpt lat="33.87295405380428" lon="-116.70238726772368">
        <time>2005-05-11T09:32:25-07:00</time>
      </trkpt>
      <trkpt lat="33.872987581416965" lon="-116.70235642232001">
        <time>2005-05-11T09:32:27-07:00</time>
      </trkpt>
      <trkpt lat="33.87299755588174" lon="-116.70235047116876">
        <time>2005-05-11T09:32:28-07:00</time>
      </trkpt>
      <trkpt lat="33.873071651905775" lon="-116.70230554416776">
        <time>2005-05-11T09:32:32-07:00</time>
      </trkpt>
      <trkpt lat="33.87312772683799" lon="-116.70225055888295">
        <time>2005-05-11T09:32:34-07:00</time>
      </trkpt>
      <trkpt lat="33.87317835353315" lon="-116.70222004875541">
        <time>2005-05-11T09:32:39-07:00</time>
      </trkpt>
      <trkpt lat="33.873201571404934" lon="-116.70220613479614">
        <time>2005-05-11T09:32:43-07:00</time>
      </trkpt>
      <trkpt lat="33.873241720721126" lon="-116.7021877784282">
        <time>2005-05-11T09:32:44-07:00</time>
      </trkpt>
      <trkpt lat="33.873313469812274" lon="-116.7021824978292">
        <time>2005-05-11T09:32:51-07:00</time>
      </trkpt>
      <trkpt lat="33.873385386541486" lon="-116.70218643732369">
        <time>2005-05-11T09:32:58-07:00</time>
      </trkpt>
      <trkpt lat="33.873418578878045" lon="-116.70219892635942">
        <time>2005-05-11T09:33:03-07:00</time>
      </trkpt>
      <trkpt lat="33.873448418453336" lon="-116.70219825580716">
        <time>2005-05-11T09:33:05-07:00</time>
      </trkpt>
      <trkpt lat="33.87349275872111" lon="-116.70221979729831">
        <time>2005-05-11T09:33:09-07:00</time>
      </trkpt>
      <trkpt lat="33.87355520389974" lon="-116.70222993940115">
        <time>2005-05-11T09:33:16-07:00</time>
      </trkpt>
      <trkpt lat="33.873614966869354" lon="-116.70226220972836">
        <time>2005-05-11T09:33:24-07:00</time>
      </trkpt>
      <trkpt lat="33.87362544424832" lon="-116.70227411203086">
        <time>2005-05-11T09:33:27-07:00</time>
      </trkpt>
      <trkpt lat="33.873631143942475" lon="-116.70228274539113">
        <time>2005-05-11T09:33:30-07:00</time>
      </trkpt>
      <trkpt lat="33.873639861121774" lon="-116.70228911563754">
        <time>2005-05-11T09:33:35-07:00</time>
      </trkpt>
      <trkpt lat="33.87367129325867" lon="-116.70231476426125">
        <time>2005-05-11T09:33:41-07:00</time>
      </trkpt>
      <trkpt lat="33.87371923774481" lon="-116.70233781449497">
        <time>2005-05-11T09:33:47-07:00</time>
      </trkpt>
      <trkpt lat="33.87376022525132" lon="-116.70237234793603">
        <time>2005-05-11T09:33:48-07:00</time>
      </trkpt>
      <trkpt lat="33.87379752472043" lon="-116.7023876029998">
        <time>2005-05-11T09:33:49-07:00</time>
      </trkpt>
      <trkpt lat="33.873808924108744" lon="-116.70239539816976">
        <time>2005-05-11T09:33:52-07:00</time>
      </trkpt>
      <trkpt lat="33.873843206092715" lon="-116.70241962186992">
        <time>2005-05-11T09:33:57-07:00</time>
      </trkpt>
      <trkpt lat="33.87385024689138" lon="-116.70242138206959">
        <time>2005-05-11T09:34:02-07:00</time>
      </trkpt>
      <trkpt lat="33.87390933930874" lon="-116.70245490968227">
        <time>2005-05-11T09:34:07-07:00</time>
      </trkpt>
      <trkpt lat="33.873917888849974" lon="-116.7024623695761">
        <time>2005-05-11T09:34:11-07:00</time>
      </trkpt>
      <trkpt lat="33.87396574951708" lon="-116.70248726382852">
        <time>2005-05-11T09:34:12-07:00</time>
      </trkpt>
      <trkpt lat="33.874001456424594" lon="-116.70250117778778">
        <time>2005-05-11T09:34:17-07:00</time>
      </trkpt>
      <trkpt lat="33.87402425520122" lon="-116.70250662602484">
        <time>2005-05-11T09:34:18-07:00</time>
      </trkpt>
      <trkpt lat="33.874066919088364" lon="-116.70252967625856">
        <time>2005-05-11T09:34:24-07:00</time>
      </trkpt>
      <trkpt lat="33.87409717775881" lon="-116.70255339704454">
        <time>2005-05-11T09:34:25-07:00</time>
      </trkpt>
      <trkpt lat="33.874127520248294" lon="-116.70256127603352">
        <time>2005-05-11T09:34:30-07:00</time>
      </trkpt>
      <trkpt lat="33.87414637953043" lon="-116.70257066376507">
        <time>2005-05-11T09:34:34-07:00</time>
      </trkpt>
      <trkpt lat="33.874155934900045" lon="-116.70257326215506">
        <time>2005-05-11T09:34:36-07:00</time>
      </trkpt>
      <trkpt lat="33.87419658713043" lon="-116.70257569290698">
        <time>2005-05-11T09:34:42-07:00</time>
      </trkpt>
      <trkpt lat="33.874254673719406" lon="-116.70262875035405">
        <time>2005-05-11T09:34:45-07:00</time>
      </trkpt>
      <trkpt lat="33.87429440394044" lon="-116.70265062712133">
        <time>2005-05-11T09:34:48-07:00</time>
      </trkpt>
      <trkpt lat="33.87431896291673" lon="-116.70266152359545">
        <time>2005-05-11T09:34:50-07:00</time>
      </trkpt>
      <trkpt lat="33.874355340376496" lon="-116.70268323272467">
        <time>2005-05-11T09:34:51-07:00</time>
      </trkpt>
      <trkpt lat="33.87436967343092" lon="-116.70269111171365">
        <time>2005-05-11T09:34:55-07:00</time>
      </trkpt>
      <trkpt lat="33.87440923601389" lon="-116.70272388495505">
        <time>2005-05-11T09:35:01-07:00</time>
      </trkpt>
      <trkpt lat="33.87442784383893" lon="-116.7027348652482">
        <time>2005-05-11T09:35:07-07:00</time>
      </trkpt>
      <trkpt lat="33.87444586493075" lon="-116.70273235067725">
        <time>2005-05-11T09:35:10-07:00</time>
      </trkpt>
      <trkpt lat="33.8744534086436" lon="-116.7027176823467">
        <time>2005-05-11T09:35:14-07:00</time>
      </trkpt>
      <trkpt lat="33.87444259598851" lon="-116.70269882306457">
        <time>2005-05-11T09:35:16-07:00</time>
      </trkpt>
      <trkpt lat="33.87442239560187" lon="-116.7026695702225">
        <time>2005-05-11T09:35:21-07:00</time>
      </trkpt>
      <trkpt lat="33.874388951808214" lon="-116.70261198654771">
        <time>2005-05-11T09:35:24-07:00</time>
      </trkpt>
      <trkpt lat="33.87436330318451" lon="-116.70258365571499">
        <time>2005-05-11T09:35:26-07:00</time>
      </trkpt>
      <trkpt lat="33.87434142641723" lon="-116.70257234014571">
        <time>2005-05-11T09:35:28-07:00</time>
      </trkpt>
      <trkpt lat="33.87428711168468" lon="-116.70253730379045">
        <time>2005-05-11T09:35:30-07:00</time>
      </trkpt>
      <trkpt lat="33.874244783073664" lon="-116.70250796712935">
        <time>2005-05-11T09:35:33-07:00</time>
      </trkpt>
      <trkpt lat="33.87419482693076" lon="-116.70245725661516">
        <time>2005-05-11T09:35:39-07:00</time>
      </trkpt>
      <trkpt lat="33.87417605146766" lon="-116.70243890024722">
        <time>2005-05-11T09:35:42-07:00</time>
      </trkpt>
      <trkpt lat="33.87415627017617" lon="-116.70243546366692">
        <time>2005-05-11T09:35:44-07:00</time>
      </trkpt>
      <trkpt lat="33.874146211892366" lon="-116.70243378728628">
        <time>2005-05-11T09:35:50-07:00</time>
      </trkpt>
      <trkpt lat="33.87409843504429" lon="-116.70238735154271">
        <time>2005-05-11T09:35:55-07:00</time>
      </trkpt>
      <trkpt lat="33.874046970158815" lon="-116.70232859440148">
        <time>2005-05-11T09:36:01-07:00</time>
      </trkpt>
      <trkpt lat="33.874004473909736" lon="-116.70226438902318">
        <time>2005-05-11T09:36:03-07:00</time>
      </trkpt>
      <trkpt lat="33.873955523595214" lon="-116.70220378786325">
        <time>2005-05-11T09:36:05-07:00</time>
      </trkpt>
      <trkpt lat="33.87394353747368" lon="-116.70218953862786">
        <time>2005-05-11T09:36:06-07:00</time>
      </trkpt>
      <trkpt lat="33.873939514160156" lon="-116.70217411592603">
        <time>2005-05-11T09:36:12-07:00</time>
      </trkpt>
      <trkpt lat="33.87392392382026" lon="-116.70215123333037">
        <time>2005-05-11T09:36:18-07:00</time>
      </trkpt>
      <trkpt lat="33.87386818416417" lon="-116.70211594551802">
        <time>2005-05-11T09:36:24-07:00</time>
      </trkpt>
      <trkpt lat="33.873808924108744" lon="-116.70207143761218">
        <time>2005-05-11T09:36:30-07:00</time>
      </trkpt>
      <trkpt lat="33.87374270707369" lon="-116.70202349312603">
        <time>2005-05-11T09:36:32-07:00</time>
      </trkpt>
      <trkpt lat="33.87370850890875" lon="-116.70196968130767">
        <time>2005-05-11T09:36:33-07:00</time>
      </trkpt>
      <trkpt lat="33.873700043186545" lon="-116.7019599583">
        <time>2005-05-11T09:36:36-07:00</time>
      </trkpt>
      <trkpt lat="33.8736523501575" lon="-116.70193682424724">
        <time>2005-05-11T09:36:42-07:00</time>
      </trkpt>
      <trkpt lat="33.87359485030174" lon="-116.70188527554274">
        <time>2005-05-11T09:36:48-07:00</time>
      </trkpt>
      <trkpt lat="33.873573895543814" lon="-116.70186356641352">
        <time>2005-05-11T09:36:54-07:00</time>
      </trkpt>
      <trkpt lat="33.87354053556919" lon="-116.70184252783656">
        <time>2005-05-11T09:37:00-07:00</time>
      </trkpt>
      <trkpt lat="33.87349703349173" lon="-116.70180916786194">
        <time>2005-05-11T09:37:01-07:00</time>
      </trkpt>
      <trkpt lat="33.87346459552646" lon="-116.70176340267062">
        <time>2005-05-11T09:37:06-07:00</time>
      </trkpt>
      <trkpt lat="33.87345587834716" lon="-116.701753847301">
        <time>2005-05-11T09:37:12-07:00</time>
      </trkpt>
      <trkpt lat="33.87343701906502" lon="-116.70173632912338">
        <time>2005-05-11T09:37:14-07:00</time>
      </trkpt>
      <trkpt lat="33.87338077649474" lon="-116.7016867082566">
        <time>2005-05-11T09:37:17-07:00</time>
      </trkpt>
      <trkpt lat="33.87335579842329" lon="-116.70167011208832">
        <time>2005-05-11T09:37:22-07:00</time>
      </trkpt>
      <trkpt lat="33.873334005475044" lon="-116.70165494084358">
        <time>2005-05-11T09:37:27-07:00</time>
      </trkpt>
      <trkpt lat="33.87324876151979" lon="-116.70161630026996">
        <time>2005-05-11T09:37:28-07:00</time>
      </trkpt>
      <trkpt lat="33.87318489141762" lon="-116.70161470770836">
        <time>2005-05-11T09:37:30-07:00</time>
      </trkpt>
      <trkpt lat="33.873130828142166" lon="-116.7016227543354">
        <time>2005-05-11T09:37:35-07:00</time>
      </trkpt>
      <trkpt lat="33.87307181954384" lon="-116.70164597220719">
        <time>2005-05-11T09:37:38-07:00</time>
      </trkpt>
      <trkpt lat="33.87298917397857" lon="-116.70167572796345">
        <time>2005-05-11T09:37:41-07:00</time>
      </trkpt>
      <trkpt lat="33.87292739935219" lon="-116.70167832635343">
        <time>2005-05-11T09:37:49-07:00</time>
      </trkpt>
      <trkpt lat="33.87292153201997" lon="-116.7016888037324">
        <time>2005-05-11T09:37:55-07:00</time>
      </trkpt>
      <trkpt lat="33.872832264751196" lon="-116.70174437575042">
        <time>2005-05-11T09:38:01-07:00</time>
      </trkpt>
      <trkpt lat="33.872782895341516" lon="-116.70177035965025">
        <time>2005-05-11T09:38:06-07:00</time>
      </trkpt>
      <trkpt lat="33.8727231323719" lon="-116.70179835520685">
        <time>2005-05-11T09:38:13-07:00</time>
      </trkpt>
      <trkpt lat="33.872712822631" lon="-116.7018077429384">
        <time>2005-05-11T09:38:19-07:00</time>
      </trkpt>
      <trkpt lat="33.87265800498426" lon="-116.70184822753072">
        <time>2005-05-11T09:38:20-07:00</time>
      </trkpt>
      <trkpt lat="33.87260125949979" lon="-116.70189977623522">
        <time>2005-05-11T09:38:27-07:00</time>
      </trkpt>
      <trkpt lat="33.87255088426173" lon="-116.70192953199148">
        <time>2005-05-11T09:38:32-07:00</time>
      </trkpt>
      <trkpt lat="33.8724969048053" lon="-116.70194403268397">
        <time>2005-05-11T09:38:38-07:00</time>
      </trkpt>
      <trkpt lat="33.87246513739228" lon="-116.70197429135442">
        <time>2005-05-11T09:38:39-07:00</time>
      </trkpt>
      <trkpt lat="33.872413923963904" lon="-116.70198996551335">
        <time>2005-05-11T09:38:45-07:00</time>
      </trkpt>
      <trkpt lat="33.872389029711485" lon="-116.70199465937912">
        <time>2005-05-11T09:38:51-07:00</time>
      </trkpt>
      <trkpt lat="33.872381737455726" lon="-116.70200337655842">
        <time>2005-05-11T09:38:56-07:00</time>
      </trkpt>
      <trkpt lat="33.8723779655993" lon="-116.70202106237411">
        <time>2005-05-11T09:39:02-07:00</time>
      </trkpt>
      <trkpt lat="33.87237503193319" lon="-116.70203195884824">
        <time>2005-05-11T09:39:06-07:00</time>
      </trkpt>
      <trkpt lat="33.87237704358995" lon="-116.70202852226794">
        <time>2005-05-11T09:39:10-07:00</time>
      </trkpt>
      <trkpt lat="33.872374361380935" lon="-116.70203916728497">
        <time>2005-05-11T09:39:12-07:00</time>
      </trkpt>
      <trkpt lat="33.87230428867042" lon="-116.70209230855107">
        <time>2005-05-11T09:39:13-07:00</time>
      </trkpt>
      <trkpt lat="33.87229976244271" lon="-116.7020958289504">
        <time>2005-05-11T09:39:15-07:00</time>
      </trkpt>
      <trkpt lat="33.872299594804645" lon="-116.70209499076009">
        <time>2005-05-11T09:39:16-07:00</time>
      </trkpt>
      <trkpt lat="33.87229791842401" lon="-116.70209574513137">
        <time>2005-05-11T09:39:22-07:00</time>
      </trkpt>
      <trkpt lat="33.87229758314788" lon="-116.70209624804556">
        <time>2005-05-11T09:39:28-07:00</time>
      </trkpt>
      <trkpt lat="33.87227285653353" lon="-116.70211686752737">
        <time>2005-05-11T09:39:35-07:00</time>
      </trkpt>
      <trkpt lat="33.87221342884004" lon="-116.70216389000416">
        <time>2005-05-11T09:39:41-07:00</time>
      </trkpt>
      <trkpt lat="33.87219247408211" lon="-116.70218132436275">
        <time>2005-05-11T09:39:44-07:00</time>
      </trkpt>
      <trkpt lat="33.87215467169881" lon="-116.70218702405691">
        <time>2005-05-11T09:39:51-07:00</time>
      </trkpt>
      <trkpt lat="33.872136482968926" lon="-116.70218652114272">
        <time>2005-05-11T09:39:56-07:00</time>
      </trkpt>
      <trkpt lat="33.872052831575274" lon="-116.70220588333905">
        <time>2005-05-11T09:40:00-07:00</time>
      </trkpt>
      <trkpt lat="33.87200488708913" lon="-116.70222625136375">
        <time>2005-05-11T09:40:05-07:00</time>
      </trkpt>
      <trkpt lat="33.871977562084794" lon="-116.70223077759147">
        <time>2005-05-11T09:40:07-07:00</time>
      </trkpt>
      <trkpt lat="33.87191344052553" lon="-116.70225382782519">
        <time>2005-05-11T09:40:10-07:00</time>
      </trkpt>
      <trkpt lat="33.87189575470984" lon="-116.70225852169096">
        <time>2005-05-11T09:40:12-07:00</time>
      </trkpt>
      <trkpt lat="33.87188167311251" lon="-116.70226028189063">
        <time>2005-05-11T09:40:19-07:00</time>
      </trkpt>
      <trkpt lat="33.87179248966277" lon="-116.70227704569697">
        <time>2005-05-11T09:40:23-07:00</time>
      </trkpt>
      <trkpt lat="33.87177254073322" lon="-116.70227201655507">
        <time>2005-05-11T09:40:26-07:00</time>
      </trkpt>
      <trkpt lat="33.87172585353255" lon="-116.70227780006826">
        <time>2005-05-11T09:40:32-07:00</time>
      </trkpt>
      <trkpt lat="33.87168679386377" lon="-116.70227436348796">
        <time>2005-05-11T09:40:33-07:00</time>
      </trkpt>
      <trkpt lat="33.8716628216207" lon="-116.70226589776576">
        <time>2005-05-11T09:40:34-07:00</time>
      </trkpt>
      <trkpt lat="33.87163222767413" lon="-116.70227226801217">
        <time>2005-05-11T09:40:41-07:00</time>
      </trkpt>
      <trkpt lat="33.87161688879132" lon="-116.70226782560349">
        <time>2005-05-11T09:40:43-07:00</time>
      </trkpt>
      <trkpt lat="33.87155519798398" lon="-116.7022501397878">
        <time>2005-05-11T09:40:47-07:00</time>
      </trkpt>
      <trkpt lat="33.87154639698565" lon="-116.70225106179714">
        <time>2005-05-11T09:40:50-07:00</time>
      </trkpt>
      <trkpt lat="33.871529968455434" lon="-116.70225081034005">
        <time>2005-05-11T09:40:53-07:00</time>
      </trkpt>
      <trkpt lat="33.87148370034993" lon="-116.70224770903587">
        <time>2005-05-11T09:40:56-07:00</time>
      </trkpt>
      <trkpt lat="33.871449837461114" lon="-116.70225265435874">
        <time>2005-05-11T09:40:58-07:00</time>
      </trkpt>
      <trkpt lat="33.87141991406679" lon="-116.70225600712001">
        <time>2005-05-11T09:41:04-07:00</time>
      </trkpt>
      <trkpt lat="33.871350763365626" lon="-116.70230001211166">
        <time>2005-05-11T09:41:05-07:00</time>
      </trkpt>
      <trkpt lat="33.8713089376688" lon="-116.7023053765297">
        <time>2005-05-11T09:41:06-07:00</time>
      </trkpt>
      <trkpt lat="33.87128781527281" lon="-116.70231451280415">
        <time>2005-05-11T09:41:11-07:00</time>
      </trkpt>
      <trkpt lat="33.87122537009418" lon="-116.70235097408295">
        <time>2005-05-11T09:41:14-07:00</time>
      </trkpt>
      <trkpt lat="33.87122352607548" lon="-116.70236446894705">
        <time>2005-05-11T09:41:16-07:00</time>
      </trkpt>
      <trkpt lat="33.871200224384665" lon="-116.70239858329296">
        <time>2005-05-11T09:41:22-07:00</time>
      </trkpt>
      <trkpt lat="33.871185472235084" lon="-116.70245172455907">
        <time>2005-05-11T09:41:27-07:00</time>
      </trkpt>
      <trkpt lat="33.87116393074393" lon="-116.70253152027726">
        <time>2005-05-11T09:41:29-07:00</time>
      </trkpt>
      <trkpt lat="33.87116149999201" lon="-116.70262003317475">
        <time>2005-05-11T09:41:35-07:00</time>
      </trkpt>
      <trkpt lat="33.87117348611355" lon="-116.70269194990396">
        <time>2005-05-11T09:41:36-07:00</time>
      </trkpt>
      <trkpt lat="33.87117356993258" lon="-116.70274391770363">
        <time>2005-05-11T09:41:40-07:00</time>
      </trkpt>
      <trkpt lat="33.87117558158934" lon="-116.70275548473">
        <time>2005-05-11T09:41:46-07:00</time>
      </trkpt>
      <trkpt lat="33.871185472235084" lon="-116.70280971564353">
        <time>2005-05-11T09:41:52-07:00</time>
      </trkpt>
      <trkpt lat="33.871183125302196" lon="-116.7028802074492">
        <time>2005-05-11T09:41:57-07:00</time>
      </trkpt>
      <trkpt lat="33.87119024991989" lon="-116.70292764902115">
        <time>2005-05-11T09:42:03-07:00</time>
      </trkpt>
      <trkpt lat="33.871164517477155" lon="-116.70299470424652">
        <time>2005-05-11T09:42:07-07:00</time>
      </trkpt>
      <trkpt lat="33.871121099218726" lon="-116.70301850885153">
        <time>2005-05-11T09:42:08-07:00</time>
      </trkpt>
      <trkpt lat="33.871099976822734" lon="-116.70301415026188">
        <time>2005-05-11T09:42:13-07:00</time>
      </trkpt>
      <trkpt lat="33.87104323133826" lon="-116.7029819637537">
        <time>2005-05-11T09:42:18-07:00</time>
      </trkpt>
      <trkpt lat="33.870985228568316" lon="-116.70293712057173">
        <time>2005-05-11T09:42:23-07:00</time>
      </trkpt>
      <trkpt lat="33.87097667902708" lon="-116.70292966067791">
        <time>2005-05-11T09:42:28-07:00</time>
      </trkpt>
      <trkpt lat="33.870952958241105" lon="-116.70291893184185">
        <time>2005-05-11T09:42:32-07:00</time>
      </trkpt>
      <trkpt lat="33.870919262990355" lon="-116.70289965346456">
        <time>2005-05-11T09:42:35-07:00</time>
      </trkpt>
      <trkpt lat="33.870853297412395" lon="-116.70289043337107">
        <time>2005-05-11T09:42:40-07:00</time>
      </trkpt>
      <trkpt lat="33.87081306427717" lon="-116.70291163958609">
        <time>2005-05-11T09:42:46-07:00</time>
      </trkpt>
      <trkpt lat="33.87076520361006" lon="-116.7029230389744">
        <time>2005-05-11T09:42:47-07:00</time>
      </trkpt>
      <trkpt lat="33.87075179256499" lon="-116.7029230389744">
        <time>2005-05-11T09:42:49-07:00</time>
      </trkpt>
      <trkpt lat="33.87073930352926" lon="-116.70290820300579">
        <time>2005-05-11T09:42:53-07:00</time>
      </trkpt>
      <trkpt lat="33.8706958014518" lon="-116.7028781119734">
        <time>2005-05-11T09:42:59-07:00</time>
      </trkpt>
      <trkpt lat="33.87067308649421" lon="-116.70285975560546">
        <time>2005-05-11T09:43:04-07:00</time>
      </trkpt>
      <trkpt lat="33.87065414339304" lon="-116.70285338535905">
        <time>2005-05-11T09:43:09-07:00</time>
      </trkpt>
      <trkpt lat="33.87065012007952" lon="-116.70284852385521">
        <time>2005-05-11T09:43:10-07:00</time>
      </trkpt>
      <trkpt lat="33.870592284947634" lon="-116.70283058658242">
        <time>2005-05-11T09:43:13-07:00</time>
      </trkpt>
      <trkpt lat="33.87055984698236" lon="-116.7028194386512">
        <time>2005-05-11T09:43:18-07:00</time>
      </trkpt>
      <trkpt lat="33.87054601684213" lon="-116.70282086357474">
        <time>2005-05-11T09:43:21-07:00</time>
      </trkpt>
      <trkpt lat="33.87051684781909" lon="-116.70280334539711">
        <time>2005-05-11T09:43:23-07:00</time>
      </trkpt>
      <trkpt lat="33.87050058692694" lon="-116.70280443504453">
        <time>2005-05-11T09:43:24-07:00</time>
      </trkpt>
      <trkpt lat="33.87047477066517" lon="-116.70279798097908">
        <time>2005-05-11T09:43:29-07:00</time>
      </trkpt>
      <trkpt lat="33.87042657472193" lon="-116.70277786441147">
        <time>2005-05-11T09:43:35-07:00</time>
      </trkpt>
      <trkpt lat="33.87037351727486" lon="-116.70275657437742">
        <time>2005-05-11T09:43:36-07:00</time>
      </trkpt>
      <trkpt lat="33.87027000077069" lon="-116.70273218303919">
        <time>2005-05-11T09:43:42-07:00</time>
      </trkpt>
      <trkpt lat="33.87023915536702" lon="-116.70272120274603">
        <time>2005-05-11T09:43:44-07:00</time>
      </trkpt>
      <trkpt lat="33.870206298306584" lon="-116.70270334929228">
        <time>2005-05-11T09:43:48-07:00</time>
      </trkpt>
      <trkpt lat="33.870162460953" lon="-116.70268985442817">
        <time>2005-05-11T09:43:54-07:00</time>
      </trkpt>
      <trkpt lat="33.87015776708722" lon="-116.70268398709595">
        <time>2005-05-11T09:44:00-07:00</time>
      </trkpt>
      <trkpt lat="33.87010018341243" lon="-116.70266160741448">
        <time>2005-05-11T09:44:10-07:00</time>
      </trkpt>
      <trkpt lat="33.87004938907921" lon="-116.70263746753335">
        <time>2005-05-11T09:44:15-07:00</time>
      </trkpt>
      <trkpt lat="33.87001452036202" lon="-116.70263763517141">
        <time>2005-05-11T09:44:20-07:00</time>
      </trkpt>
      <trkpt lat="33.86999406851828" lon="-116.7026333604008">
        <time>2005-05-11T09:44:24-07:00</time>
      </trkpt>
      <trkpt lat="33.869955595582724" lon="-116.70260427519679">
        <time>2005-05-11T09:44:25-07:00</time>
      </trkpt>
      <trkpt lat="33.86992986313999" lon="-116.70258466154337">
        <time>2005-05-11T09:44:30-07:00</time>
      </trkpt>
      <trkpt lat="33.869903879240155" lon="-116.70257066376507">
        <time>2005-05-11T09:44:36-07:00</time>
      </trkpt>
      <trkpt lat="33.86985769495368" lon="-116.70254040509462">
        <time>2005-05-11T09:44:39-07:00</time>
      </trkpt>
      <trkpt lat="33.869847636669874" lon="-116.70253462158144">
        <time>2005-05-11T09:44:41-07:00</time>
      </trkpt>
      <trkpt lat="33.86981796473265" lon="-116.70251794159412">
        <time>2005-05-11T09:44:47-07:00</time>
      </trkpt>
      <trkpt lat="33.86980740353465" lon="-116.70251567848027">
        <time>2005-05-11T09:44:50-07:00</time>
      </trkpt>
      <trkpt lat="33.86977546848357" lon="-116.70249002985656">
        <time>2005-05-11T09:44:53-07:00</time>
      </trkpt>
      <trkpt lat="33.86973129585385" lon="-116.70245105400681">
        <time>2005-05-11T09:44:58-07:00</time>
      </trkpt>
      <trkpt lat="33.869720147922635" lon="-116.70245264656842">
        <time>2005-05-11T09:44:59-07:00</time>
      </trkpt>
      <trkpt lat="33.86967740021646" lon="-116.70244275592268">
        <time>2005-05-11T09:45:03-07:00</time>
      </trkpt>
      <trkpt lat="33.869632137939334" lon="-116.70243906788528">
        <time>2005-05-11T09:45:04-07:00</time>
      </trkpt>
      <trkpt lat="33.86959148570895" lon="-116.70242791995406">
        <time>2005-05-11T09:45:10-07:00</time>
      </trkpt>
      <trkpt lat="33.86952392756939" lon="-116.70239766128361">
        <time>2005-05-11T09:45:15-07:00</time>
      </trkpt>
      <trkpt lat="33.86952065862715" lon="-116.70239481143653">
        <time>2005-05-11T09:45:16-07:00</time>
      </trkpt>
      <trkpt lat="33.86948813684285" lon="-116.70238056220114">
        <time>2005-05-11T09:45:21-07:00</time>
      </trkpt>
      <trkpt lat="33.869439689442515" lon="-116.70237905345857">
        <time>2005-05-11T09:45:26-07:00</time>
      </trkpt>
      <trkpt lat="33.869420578703284" lon="-116.70238391496241">
        <time>2005-05-11T09:45:30-07:00</time>
      </trkpt>
      <trkpt lat="33.869404485449195" lon="-116.70238609425724">
        <time>2005-05-11T09:45:37-07:00</time>
      </trkpt>
      <trkpt lat="33.86936307884753" lon="-116.70237444341183">
        <time>2005-05-11T09:45:38-07:00</time>
      </trkpt>
      <trkpt lat="33.86932401917875" lon="-116.70237016864121">
        <time>2005-05-11T09:45:42-07:00</time>
      </trkpt>
      <trkpt lat="33.86930298060179" lon="-116.70236974954605">
        <time>2005-05-11T09:45:46-07:00</time>
      </trkpt>
      <trkpt lat="33.869256377220154" lon="-116.70236933045089">
        <time>2005-05-11T09:45:48-07:00</time>
      </trkpt>
      <trkpt lat="33.86924439109862" lon="-116.70237058773637">
        <time>2005-05-11T09:45:49-07:00</time>
      </trkpt>
      <trkpt lat="33.86917859315872" lon="-116.70236329548061">
        <time>2005-05-11T09:45:52-07:00</time>
      </trkpt>
      <trkpt lat="33.869163086637855" lon="-116.7023640498519">
        <time>2005-05-11T09:45:55-07:00</time>
      </trkpt>
      <trkpt lat="33.869124446064234" lon="-116.70236270874739">
        <time>2005-05-11T09:45:57-07:00</time>
      </trkpt>
      <trkpt lat="33.86909150518477" lon="-116.70238148421049">
        <time>2005-05-11T09:46:01-07:00</time>
      </trkpt>
      <trkpt lat="33.86907164007425" lon="-116.70239623636007">
        <time>2005-05-11T09:46:02-07:00</time>
      </trkpt>
      <trkpt lat="33.869008691981435" lon="-116.70244401320815">
        <time>2005-05-11T09:46:08-07:00</time>
      </trkpt>
      <trkpt lat="33.86899419128895" lon="-116.70245935209095">
        <time>2005-05-11T09:46:09-07:00</time>
      </trkpt>
      <trkpt lat="33.86897021904588" lon="-116.70247837901115">
        <time>2005-05-11T09:46:13-07:00</time>
      </trkpt>
      <trkpt lat="33.86894884519279" lon="-116.7024861741811">
        <time>2005-05-11T09:46:16-07:00</time>
      </trkpt>
      <trkpt lat="33.86892235837877" lon="-116.7025173548609">
        <time>2005-05-11T09:46:18-07:00</time>
      </trkpt>
      <trkpt lat="33.868909450247884" lon="-116.70253009535372">
        <time>2005-05-11T09:46:24-07:00</time>
      </trkpt>
      <trkpt lat="33.8688566442579" lon="-116.70255281031132">
        <time>2005-05-11T09:46:26-07:00</time>
      </trkpt>
      <trkpt lat="33.86884071864188" lon="-116.70256328769028">
        <time>2005-05-11T09:46:29-07:00</time>
      </trkpt>
      <trkpt lat="33.868830408900976" lon="-116.70256898738444">
        <time>2005-05-11T09:46:31-07:00</time>
      </trkpt>
      <trkpt lat="33.86878070421517" lon="-116.70259279198945">
        <time>2005-05-11T09:46:35-07:00</time>
      </trkpt>
      <trkpt lat="33.86872764676809" lon="-116.70261483639479">
        <time>2005-05-11T09:46:37-07:00</time>
      </trkpt>
      <trkpt lat="33.86869973503053" lon="-116.70263092964888">
        <time>2005-05-11T09:46:41-07:00</time>
      </trkpt>
      <trkpt lat="33.86868095956743" lon="-116.70264224521816">
        <time>2005-05-11T09:46:45-07:00</time>
      </trkpt>
      <trkpt lat="33.868614826351404" lon="-116.70268415473402">
        <time>2005-05-11T09:46:48-07:00</time>
      </trkpt>
      <trkpt lat="33.868573335930705" lon="-116.70270913280547">
        <time>2005-05-11T09:46:54-07:00</time>
      </trkpt>
      <trkpt lat="33.86851935647428" lon="-116.70268348418176">
        <time>2005-05-11T09:47:01-07:00</time>
      </trkpt>
      <trkpt lat="33.86851441115141" lon="-116.70267686247826">
        <time>2005-05-11T09:47:04-07:00</time>
      </trkpt>
      <trkpt lat="33.86847350746393" lon="-116.70266470871866">
        <time>2005-05-11T09:47:06-07:00</time>
      </trkpt>
      <trkpt lat="33.868417516350746" lon="-116.70265590772033">
        <time>2005-05-11T09:47:12-07:00</time>
      </trkpt>
      <trkpt lat="33.86840268038213" lon="-116.70265087857842">
        <time>2005-05-11T09:47:18-07:00</time>
      </trkpt>
      <trkpt lat="33.868391532450914" lon="-116.7026537284255">
        <time>2005-05-11T09:47:24-07:00</time>
      </trkpt>
      <trkpt lat="33.86839815415442" lon="-116.70265498571098">
        <time>2005-05-11T09:47:25-07:00</time>
      </trkpt>
      <trkpt lat="33.868396393954754" lon="-116.70265347696841">
        <time>2005-05-11T09:47:31-07:00</time>
      </trkpt>
      <trkpt lat="33.86839555576444" lon="-116.70265096239746">
        <time>2005-05-11T09:47:36-07:00</time>
      </trkpt>
      <trkpt lat="33.86839555576444" lon="-116.70265096239746">
        <time>2005-05-11T09:47:42-07:00</time>
      </trkpt>
      <trkpt lat="33.868296816945076" lon="-116.7026331089437">
        <time>2005-05-11T09:47:48-07:00</time>
      </trkpt>
      <trkpt lat="33.86829488910735" lon="-116.70260896906257">
        <time>2005-05-11T09:47:54-07:00</time>
      </trkpt>
      <trkpt lat="33.868330428376794" lon="-116.70265892520547">
        <time>2005-05-11T09:47:55-07:00</time>
      </trkpt>
      <trkpt lat="33.86832447722554" lon="-116.70262112282217">
        <time>2005-05-11T09:48:03-07:00</time>
      </trkpt>
      <trkpt lat="33.868326153606176" lon="-116.70262506231666">
        <time>2005-05-11T09:48:11-07:00</time>
      </trkpt>
      <trkpt lat="33.8683093059808" lon="-116.7026058677584">
        <time>2005-05-11T09:53:40-07:00</time>
      </trkpt>
      <trkpt lat="33.86825256049633" lon="-116.70250394381583">
        <time>2005-05-11T09:53:41-07:00</time>
      </trkpt>
      <trkpt lat="33.86819682084024" lon="-116.70242817141116">
        <time>2005-05-11T09:53:42-07:00</time>
      </trkpt>
      <trkpt lat="33.86814451776445" lon="-116.70236832462251">
        <time>2005-05-11T09:53:46-07:00</time>
      </trkpt>
      <trkpt lat="33.86810931377113" lon="-116.70232172124088">
        <time>2005-05-11T09:53:48-07:00</time>
      </trkpt>
      <trkpt lat="33.868069499731064" lon="-116.70226011425257">
        <time>2005-05-11T09:53:53-07:00</time>
      </trkpt>
      <trkpt lat="33.86802390217781" lon="-116.70220923610032">
        <time>2005-05-11T09:54:00-07:00</time>
      </trkpt>
      <trkpt lat="33.86796321719885" lon="-116.70217361301184">
        <time>2005-05-11T09:54:06-07:00</time>
      </trkpt>
      <trkpt lat="33.86788509786129" lon="-116.7021378222853">
        <time>2005-05-11T09:54:13-07:00</time>
      </trkpt>
      <trkpt lat="33.86787076480687" lon="-116.70212550088763">
        <time>2005-05-11T09:54:20-07:00</time>
      </trkpt>
      <trkpt lat="33.86787420138717" lon="-116.70208116061985">
        <time>2005-05-11T09:54:27-07:00</time>
      </trkpt>
      <trkpt lat="33.867859449237585" lon="-116.70204989612103">
        <time>2005-05-11T09:54:34-07:00</time>
      </trkpt>
      <trkpt lat="33.86779616586864" lon="-116.7019565217197">
        <time>2005-05-11T09:54:40-07:00</time>
      </trkpt>
      <trkpt lat="33.86879361234605" lon="-116.70169450342655">
        <time>2005-05-11T09:54:46-07:00</time>
      </trkpt>
      <trkpt lat="33.86782793328166" lon="-116.70186004601419">
        <time>2005-05-11T09:54:47-07:00</time>
      </trkpt>
      <trkpt lat="33.86782307177782" lon="-116.7018373310566">
        <time>2005-05-11T09:54:52-07:00</time>
      </trkpt>
      <trkpt lat="33.86781871318817" lon="-116.70176189392805">
        <time>2005-05-11T09:54:55-07:00</time>
      </trkpt>
      <trkpt lat="33.86781343258917" lon="-116.70170707628131">
        <time>2005-05-11T09:55:02-07:00</time>
      </trkpt>
      <trkpt lat="33.86778694577515" lon="-116.70164580456913">
        <time>2005-05-11T09:55:04-07:00</time>
      </trkpt>
      <trkpt lat="33.86774159967899" lon="-116.70156835578382">
        <time>2005-05-11T09:55:05-07:00</time>
      </trkpt>
      <trkpt lat="33.86774344369769" lon="-116.7015535198152">
        <time>2005-05-11T09:55:07-07:00</time>
      </trkpt>
      <trkpt lat="33.86772860772908" lon="-116.7014966905117">
        <time>2005-05-11T09:55:12-07:00</time>
      </trkpt>
      <trkpt lat="33.86770740151405" lon="-116.70142468996346">
        <time>2005-05-11T09:55:17-07:00</time>
      </trkpt>
      <trkpt lat="33.867704048752785" lon="-116.70140013098717">
        <time>2005-05-11T09:55:22-07:00</time>
      </trkpt>
      <trkpt lat="33.86771695688367" lon="-116.70134774409235">
        <time>2005-05-11T09:55:29-07:00</time>
      </trkpt>
      <trkpt lat="33.86772005818784" lon="-116.70133793726563">
        <time>2005-05-11T09:55:30-07:00</time>
      </trkpt>
      <trkpt lat="33.86773355305195" lon="-116.70132293365896">
        <time>2005-05-11T09:55:35-07:00</time>
      </trkpt>
      <trkpt lat="33.86775794439018" lon="-116.70130013488233">
        <time>2005-05-11T09:55:39-07:00</time>
      </trkpt>
      <trkpt lat="33.867763224989176" lon="-116.7012899927795">
        <time>2005-05-11T09:55:41-07:00</time>
      </trkpt>
      <trkpt lat="33.86779046617448" lon="-116.7012479994446">
        <time>2005-05-11T09:55:46-07:00</time>
      </trkpt>
      <trkpt lat="33.86781929992139" lon="-116.70120902359486">
        <time>2005-05-11T09:55:47-07:00</time>
      </trkpt>
      <trkpt lat="33.86783673427999" lon="-116.70118899084628">
        <time>2005-05-11T09:55:49-07:00</time>
      </trkpt>
      <trkpt lat="33.867846205830574" lon="-116.70113140717149">
        <time>2005-05-11T09:55:52-07:00</time>
      </trkpt>
      <trkpt lat="33.867855006828904" lon="-116.70105915516615">
        <time>2005-05-11T09:55:53-07:00</time>
      </trkpt>
      <trkpt lat="33.86786003597081" lon="-116.70104272663593">
        <time>2005-05-11T09:55:57-07:00</time>
      </trkpt>
      <trkpt lat="33.86787939816713" lon="-116.70096737332642">
        <time>2005-05-11T09:56:01-07:00</time>
      </trkpt>
      <trkpt lat="33.86788660660386" lon="-116.70094172470272">
        <time>2005-05-11T09:56:04-07:00</time>
      </trkpt>
      <trkpt lat="33.867896078154445" lon="-116.70089654624462">
        <time>2005-05-11T09:56:10-07:00</time>
      </trkpt>
      <trkpt lat="33.8678964972496" lon="-116.70088791288435">
        <time>2005-05-11T09:56:15-07:00</time>
      </trkpt>
      <trkpt lat="33.86791309341788" lon="-116.7008180078119">
        <time>2005-05-11T09:56:16-07:00</time>
      </trkpt>
      <trkpt lat="33.86792667210102" lon="-116.70079789124429">
        <time>2005-05-11T09:56:22-07:00</time>
      </trkpt>
      <trkpt lat="33.86791342869401" lon="-116.70075304806232">
        <time>2005-05-11T09:56:24-07:00</time>
      </trkpt>
      <trkpt lat="33.86790278367698" lon="-116.70074324123561">
        <time>2005-05-11T09:56:28-07:00</time>
      </trkpt>
      <trkpt lat="33.86786598712206" lon="-116.70072413049638">
        <time>2005-05-11T09:56:29-07:00</time>
      </trkpt>
      <trkpt lat="33.867845786735415" lon="-116.7006958834827">
        <time>2005-05-11T09:56:35-07:00</time>
      </trkpt>
      <trkpt lat="33.8678240776062" lon="-116.70066738501191">
        <time>2005-05-11T09:56:37-07:00</time>
      </trkpt>
      <trkpt lat="33.86779038235545" lon="-116.70062363147736">
        <time>2005-05-11T09:56:40-07:00</time>
      </trkpt>
      <trkpt lat="33.867749562487006" lon="-116.70055272057652">
        <time>2005-05-11T09:56:41-07:00</time>
      </trkpt>
      <trkpt lat="33.86772475205362" lon="-116.70047694817185">
        <time>2005-05-11T09:56:44-07:00</time>
      </trkpt>
      <trkpt lat="33.86768904514611" lon="-116.70042489655316">
        <time>2005-05-11T09:56:47-07:00</time>
      </trkpt>
      <trkpt lat="33.86767731048167" lon="-116.70040369033813">
        <time>2005-05-11T09:56:50-07:00</time>
      </trkpt>
      <trkpt lat="33.86761553585529" lon="-116.70037569478154">
        <time>2005-05-11T09:56:54-07:00</time>
      </trkpt>
      <trkpt lat="33.86760430410504" lon="-116.70037192292511">
        <time>2005-05-11T09:57:01-07:00</time>
      </trkpt>
      <trkpt lat="33.86751126497984" lon="-116.70036127790809">
        <time>2005-05-11T09:57:07-07:00</time>
      </trkpt>
      <trkpt lat="33.86746130883694" lon="-116.70036429539323">
        <time>2005-05-11T09:57:12-07:00</time>
      </trkpt>
      <trkpt lat="33.867446975782514" lon="-116.70036572031677">
        <time>2005-05-11T09:57:14-07:00</time>
      </trkpt>
      <trkpt lat="33.86742635630071" lon="-116.70036907307804">
        <time>2005-05-11T09:57:20-07:00</time>
      </trkpt>
      <trkpt lat="33.86738310568035" lon="-116.70034367591143">
        <time>2005-05-11T09:57:21-07:00</time>
      </trkpt>
      <trkpt lat="33.86737656779587" lon="-116.70033051632345">
        <time>2005-05-11T09:57:28-07:00</time>
      </trkpt>
      <trkpt lat="33.86736868880689" lon="-116.7002706695348">
        <time>2005-05-11T09:57:33-07:00</time>
      </trkpt>
      <trkpt lat="33.86734521947801" lon="-116.70018048025668">
        <time>2005-05-11T09:57:35-07:00</time>
      </trkpt>
      <trkpt lat="33.867334155365825" lon="-116.7000949010253">
        <time>2005-05-11T09:57:38-07:00</time>
      </trkpt>
      <trkpt lat="33.86730230413377" lon="-116.70003999955952">
        <time>2005-05-11T09:57:42-07:00</time>
      </trkpt>
      <trkpt lat="33.86728294193745" lon="-116.7000050470233">
        <time>2005-05-11T09:57:43-07:00</time>
      </trkpt>
      <trkpt lat="33.86727279983461" lon="-116.69998987577856">
        <time>2005-05-11T09:57:48-07:00</time>
      </trkpt>
      <trkpt lat="33.86726609431207" lon="-116.69994394294918">
        <time>2005-05-11T09:57:55-07:00</time>
      </trkpt>
      <trkpt lat="33.86726860888302" lon="-116.69993472285569">
        <time>2005-05-11T09:58:01-07:00</time>
      </trkpt>
      <trkpt lat="33.86726584285498" lon="-116.69992198236287">
        <time>2005-05-11T09:58:08-07:00</time>
      </trkpt>
      <trkpt lat="33.86725762858987" lon="-116.699877390638">
        <time>2005-05-11T09:58:12-07:00</time>
      </trkpt>
      <trkpt lat="33.86722024530172" lon="-116.69979700818658">
        <time>2005-05-11T09:58:13-07:00</time>
      </trkpt>
      <trkpt lat="33.86720281094313" lon="-116.6997526679188">
        <time>2005-05-11T09:58:17-07:00</time>
      </trkpt>
      <trkpt lat="33.86718738824129" lon="-116.69970891438425">
        <time>2005-05-11T09:58:18-07:00</time>
      </trkpt>
      <trkpt lat="33.86717900633812" lon="-116.69968821108341">
        <time>2005-05-11T09:58:19-07:00</time>
      </trkpt>
      <trkpt lat="33.867153441533446" lon="-116.69966356828809">
        <time>2005-05-11T09:58:23-07:00</time>
      </trkpt>
      <trkpt lat="33.86713248677552" lon="-116.69964160770178">
        <time>2005-05-11T09:58:29-07:00</time>
      </trkpt>
      <trkpt lat="33.86711010709405" lon="-116.69960891827941">
        <time>2005-05-11T09:58:32-07:00</time>
      </trkpt>
      <trkpt lat="33.86710239574313" lon="-116.69959324412048">
        <time>2005-05-11T09:58:35-07:00</time>
      </trkpt>
      <trkpt lat="33.867097701877356" lon="-116.6995594650507">
        <time>2005-05-11T09:58:37-07:00</time>
      </trkpt>
      <trkpt lat="33.86709091253579" lon="-116.6995195671916">
        <time>2005-05-11T09:58:40-07:00</time>
      </trkpt>
      <trkpt lat="33.867088397964835" lon="-116.69947262853384">
        <time>2005-05-11T09:58:43-07:00</time>
      </trkpt>
      <trkpt lat="33.867077669128776" lon="-116.699433401227">
        <time>2005-05-11T09:58:47-07:00</time>
      </trkpt>
      <trkpt lat="33.867054115980864" lon="-116.69940758496523">
        <time>2005-05-11T09:58:48-07:00</time>
      </trkpt>
      <trkpt lat="33.867010194808245" lon="-116.6993813496083">
        <time>2005-05-11T09:58:52-07:00</time>
      </trkpt>
      <trkpt lat="33.86700315400958" lon="-116.69937640428543">
        <time>2005-05-11T09:58:55-07:00</time>
      </trkpt>
      <trkpt lat="33.866957472637296" lon="-116.69935679063201">
        <time>2005-05-11T09:58:59-07:00</time>
      </trkpt>
      <trkpt lat="33.86694171465933" lon="-116.6993536055088">
        <time>2005-05-11T09:59:02-07:00</time>
      </trkpt>
      <trkpt lat="33.866894356906414" lon="-116.69935896992683">
        <time>2005-05-11T09:59:05-07:00</time>
      </trkpt>
      <trkpt lat="33.866846580058336" lon="-116.69936207123101">
        <time>2005-05-11T09:59:10-07:00</time>
      </trkpt>
      <trkpt lat="33.86679000221193" lon="-116.69936768710613">
        <time>2005-05-11T09:59:11-07:00</time>
      </trkpt>
      <trkpt lat="33.86676770634949" lon="-116.69935829937458">
        <time>2005-05-11T09:59:15-07:00</time>
      </trkpt>
      <trkpt lat="33.86672470718622" lon="-116.69933742843568">
        <time>2005-05-11T09:59:16-07:00</time>
      </trkpt>
      <trkpt lat="33.866706350818276" lon="-116.69932502321899">
        <time>2005-05-11T09:59:21-07:00</time>
      </trkpt>
      <trkpt lat="33.86665069498122" lon="-116.69929090887308">
        <time>2005-05-11T09:59:27-07:00</time>
      </trkpt>
      <trkpt lat="33.866637451574206" lon="-116.69928546063602">
        <time>2005-05-11T09:59:32-07:00</time>
      </trkpt>
      <trkpt lat="33.866610042750835" lon="-116.69928085058928">
        <time>2005-05-11T09:59:34-07:00</time>
      </trkpt>
      <trkpt lat="33.866573413833976" lon="-116.69927305541933">
        <time>2005-05-11T09:59:39-07:00</time>
      </trkpt>
      <trkpt lat="33.86655857786536" lon="-116.69927448034286">
        <time>2005-05-11T09:59:41-07:00</time>
      </trkpt>
      <trkpt lat="33.866480542346835" lon="-116.69927808456123">
        <time>2005-05-11T09:59:46-07:00</time>
      </trkpt>
      <trkpt lat="33.86644173413515" lon="-116.69924732297659">
        <time>2005-05-11T09:59:47-07:00</time>
      </trkpt>
      <trkpt lat="33.866374511271715" lon="-116.69920658692718">
        <time>2005-05-11T09:59:49-07:00</time>
      </trkpt>
      <trkpt lat="33.86634006164968" lon="-116.69918571598828">
        <time>2005-05-11T09:59:52-07:00</time>
      </trkpt>
      <trkpt lat="33.86629018932581" lon="-116.6991659346968">
        <time>2005-05-11T09:59:53-07:00</time>
      </trkpt>
      <trkpt lat="33.86624291539192" lon="-116.69914179481566">
        <time>2005-05-11T10:00:00-07:00</time>
      </trkpt>
      <trkpt lat="33.866207459941506" lon="-116.69910089112818">
        <time>2005-05-11T10:00:05-07:00</time>
      </trkpt>
      <trkpt lat="33.866184409707785" lon="-116.69905831106007">
        <time>2005-05-11T10:00:12-07:00</time>
      </trkpt>
      <trkpt lat="33.86618432588875" lon="-116.69904892332852">
        <time>2005-05-11T10:00:17-07:00</time>
      </trkpt>
      <trkpt lat="33.866169322282076" lon="-116.69899435713887">
        <time>2005-05-11T10:00:21-07:00</time>
      </trkpt>
      <trkpt lat="33.86617351323366" lon="-116.69897491112351">
        <time>2005-05-11T10:00:26-07:00</time>
      </trkpt>
      <trkpt lat="33.866125736385584" lon="-116.69887776486576">
        <time>2005-05-11T10:00:32-07:00</time>
      </trkpt>
      <trkpt lat="33.86611727066338" lon="-116.69887684285641">
        <time>2005-05-11T10:00:37-07:00</time>
      </trkpt>
      <trkpt lat="33.86610738001764" lon="-116.69887877069414">
        <time>2005-05-11T10:00:38-07:00</time>
      </trkpt>
      <trkpt lat="33.8660885207355" lon="-116.69886603020132">
        <time>2005-05-11T10:00:42-07:00</time>
      </trkpt>
      <trkpt lat="33.86608391068876" lon="-116.69885714538395">
        <time>2005-05-11T10:00:43-07:00</time>
      </trkpt>
      <trkpt lat="33.86603663675487" lon="-116.69883778318763">
        <time>2005-05-11T10:00:50-07:00</time>
      </trkpt>
      <trkpt lat="33.86602356098592" lon="-116.69882680289447">
        <time>2005-05-11T10:00:51-07:00</time>
      </trkpt>
      <trkpt lat="33.866016855463386" lon="-116.69881640933454">
        <time>2005-05-11T10:00:52-07:00</time>
      </trkpt>
      <trkpt lat="33.86600671336055" lon="-116.69878103770316">
        <time>2005-05-11T10:00:55-07:00</time>
      </trkpt>
      <trkpt lat="33.86600679717958" lon="-116.69868959113955">
        <time>2005-05-11T10:00:56-07:00</time>
      </trkpt>
      <trkpt lat="33.86599833145738" lon="-116.698640557006">
        <time>2005-05-11T10:01:01-07:00</time>
      </trkpt>
      <trkpt lat="33.86599506251514" lon="-116.69861826114357">
        <time>2005-05-11T10:01:02-07:00</time>
      </trkpt>
      <trkpt lat="33.8659917935729" lon="-116.69859018176794">
        <time>2005-05-11T10:01:03-07:00</time>
      </trkpt>
      <trkpt lat="33.86598768644035" lon="-116.69854441657662">
        <time>2005-05-11T10:01:06-07:00</time>
      </trkpt>
      <trkpt lat="33.86600403115153" lon="-116.69850644655526">
        <time>2005-05-11T10:01:12-07:00</time>
      </trkpt>
      <trkpt lat="33.86601073667407" lon="-116.6984331049025">
        <time>2005-05-11T10:01:15-07:00</time>
      </trkpt>
      <trkpt lat="33.866005539894104" lon="-116.6984093002975">
        <time>2005-05-11T10:01:17-07:00</time>
      </trkpt>
      <trkpt lat="33.866005120798945" lon="-116.69835498556495">
        <time>2005-05-11T10:01:20-07:00</time>
      </trkpt>
      <trkpt lat="33.86601459234953" lon="-116.69832665473223">
        <time>2005-05-11T10:01:23-07:00</time>
      </trkpt>
      <trkpt lat="33.86601744219661" lon="-116.69829321093857">
        <time>2005-05-11T10:01:27-07:00</time>
      </trkpt>
      <trkpt lat="33.866031691432" lon="-116.69824291951954">
        <time>2005-05-11T10:01:32-07:00</time>
      </trkpt>
      <trkpt lat="33.86603873223066" lon="-116.6982295922935">
        <time>2005-05-11T10:01:34-07:00</time>
      </trkpt>
      <trkpt lat="33.86606873944402" lon="-116.69820318929851">
        <time>2005-05-11T10:01:38-07:00</time>
      </trkpt>
      <trkpt lat="33.86608927510679" lon="-116.69818458147347">
        <time>2005-05-11T10:01:40-07:00</time>
      </trkpt>
      <trkpt lat="33.866116013377905" lon="-116.69816756621003">
        <time>2005-05-11T10:01:43-07:00</time>
      </trkpt>
      <trkpt lat="33.86615641415119" lon="-116.698106713593">
        <time>2005-05-11T10:01:48-07:00</time>
      </trkpt>
      <trkpt lat="33.866186337545514" lon="-116.69804879464209">
        <time>2005-05-11T10:01:49-07:00</time>
      </trkpt>
      <trkpt lat="33.86619346216321" lon="-116.69803756289184">
        <time>2005-05-11T10:01:53-07:00</time>
      </trkpt>
      <trkpt lat="33.866209806874394" lon="-116.69796153903008">
        <time>2005-05-11T10:01:55-07:00</time>
      </trkpt>
      <trkpt lat="33.86620620265603" lon="-116.69792264699936">
        <time>2005-05-11T10:01:58-07:00</time>
      </trkpt>
      <trkpt lat="33.86621952988207" lon="-116.69788484461606">
        <time>2005-05-11T10:02:04-07:00</time>
      </trkpt>
      <trkpt lat="33.866223469376564" lon="-116.69785307720304">
        <time>2005-05-11T10:02:09-07:00</time>
      </trkpt>
      <trkpt lat="33.86623696424067" lon="-116.69781611301005">
        <time>2005-05-11T10:02:10-07:00</time>
      </trkpt>
      <trkpt lat="33.866245010867715" lon="-116.69773665256798">
        <time>2005-05-11T10:02:16-07:00</time>
      </trkpt>
      <trkpt lat="33.86625649407506" lon="-116.69772173278034">
        <time>2005-05-11T10:02:19-07:00</time>
      </trkpt>
      <trkpt lat="33.86626236140728" lon="-116.69769088737667">
        <time>2005-05-11T10:02:22-07:00</time>
      </trkpt>
      <trkpt lat="33.86627216823399" lon="-116.69762508943677">
        <time>2005-05-11T10:02:24-07:00</time>
      </trkpt>
      <trkpt lat="33.866280131042004" lon="-116.69754386879504">
        <time>2005-05-11T10:02:27-07:00</time>
      </trkpt>
      <trkpt lat="33.86628490872681" lon="-116.69748494401574">
        <time>2005-05-11T10:02:34-07:00</time>
      </trkpt>
      <trkpt lat="33.86628876440227" lon="-116.69747446663678">
        <time>2005-05-11T10:02:36-07:00</time>
      </trkpt>
      <trkpt lat="33.86630519293249" lon="-116.6974079143256">
        <time>2005-05-11T10:02:39-07:00</time>
      </trkpt>
      <trkpt lat="33.8663424924016" lon="-116.69733876362443">
        <time>2005-05-11T10:02:44-07:00</time>
      </trkpt>
      <trkpt lat="33.86636512354016" lon="-116.69728386215866">
        <time>2005-05-11T10:02:52-07:00</time>
      </trkpt>
      <trkpt lat="33.86637434363365" lon="-116.69728042557836">
        <time>2005-05-11T10:02:57-07:00</time>
      </trkpt>
      <trkpt lat="33.86641692370176" lon="-116.69723859988153">
        <time>2005-05-11T10:02:58-07:00</time>
      </trkpt>
      <trkpt lat="33.866467298939824" lon="-116.69718721881509">
        <time>2005-05-11T10:03:02-07:00</time>
      </trkpt>
      <trkpt lat="33.866484481841326" lon="-116.6971745621413">
        <time>2005-05-11T10:03:08-07:00</time>
      </trkpt>
      <trkpt lat="33.86650996282697" lon="-116.69716198928654">
        <time>2005-05-11T10:03:14-07:00</time>
      </trkpt>
      <trkpt lat="33.866535276174545" lon="-116.6971468180418">
        <time>2005-05-11T10:03:15-07:00</time>
      </trkpt>
      <trkpt lat="33.86655748821795" lon="-116.69713550247252">
        <time>2005-05-11T10:03:20-07:00</time>
      </trkpt>
      <trkpt lat="33.86656763032079" lon="-116.69712544418871">
        <time>2005-05-11T10:03:26-07:00</time>
      </trkpt>
      <trkpt lat="33.86661423370242" lon="-116.69706677086651">
        <time>2005-05-11T10:03:28-07:00</time>
      </trkpt>
      <trkpt lat="33.86663996614516" lon="-116.69703550636768">
        <time>2005-05-11T10:03:31-07:00</time>
      </trkpt>
      <trkpt lat="33.86666896753013" lon="-116.69700348749757">
        <time>2005-05-11T10:03:34-07:00</time>
      </trkpt>
      <trkpt lat="33.866704842075706" lon="-116.69698060490191">
        <time>2005-05-11T10:03:36-07:00</time>
      </trkpt>
      <trkpt lat="33.86673920787871" lon="-116.69694741256535">
        <time>2005-05-11T10:03:37-07:00</time>
      </trkpt>
      <trkpt lat="33.86676569469273" lon="-116.6969065926969">
        <time>2005-05-11T10:03:42-07:00</time>
      </trkpt>
      <trkpt lat="33.86679452843964" lon="-116.69687331654131">
        <time>2005-05-11T10:03:46-07:00</time>
      </trkpt>
      <trkpt lat="33.86680232360959" lon="-116.69684800319374">
        <time>2005-05-11T10:03:50-07:00</time>
      </trkpt>
      <trkpt lat="33.86680718511343" lon="-116.69680818915367">
        <time>2005-05-11T10:03:54-07:00</time>
      </trkpt>
      <trkpt lat="33.86681975796819" lon="-116.69676711782813">
        <time>2005-05-11T10:03:57-07:00</time>
      </trkpt>
      <trkpt lat="33.86683635413647" lon="-116.69669796712697">
        <time>2005-05-11T10:04:00-07:00</time>
      </trkpt>
      <trkpt lat="33.86683744378388" lon="-116.69668355025351">
        <time>2005-05-11T10:04:04-07:00</time>
      </trkpt>
      <trkpt lat="33.86683098971844" lon="-116.69661079533398">
        <time>2005-05-11T10:04:06-07:00</time>
      </trkpt>
      <trkpt lat="33.866824954748154" lon="-116.69657969847322">
        <time>2005-05-11T10:04:09-07:00</time>
      </trkpt>
      <trkpt lat="33.866822021082044" lon="-116.69652412645519">
        <time>2005-05-11T10:04:12-07:00</time>
      </trkpt>
      <trkpt lat="33.86681355535984" lon="-116.69647777453065">
        <time>2005-05-11T10:04:17-07:00</time>
      </trkpt>
      <trkpt lat="33.866804921999574" lon="-116.69645614922047">
        <time>2005-05-11T10:04:18-07:00</time>
      </trkpt>
      <trkpt lat="33.86680383235216" lon="-116.69643100351095">
        <time>2005-05-11T10:04:23-07:00</time>
      </trkpt>
      <trkpt lat="33.86680726893246" lon="-116.69636277481914">
        <time>2005-05-11T10:04:26-07:00</time>
      </trkpt>
      <trkpt lat="33.866805508732796" lon="-116.69632036238909">
        <time>2005-05-11T10:04:31-07:00</time>
      </trkpt>
      <trkpt lat="33.8668002281338" lon="-116.69629697687924">
        <time>2005-05-11T10:04:34-07:00</time>
      </trkpt>
      <trkpt lat="33.86678908020258" lon="-116.69624333269894">
        <time>2005-05-11T10:04:36-07:00</time>
      </trkpt>
      <trkpt lat="33.8667740765959" lon="-116.6961729247123">
        <time>2005-05-11T10:04:38-07:00</time>
      </trkpt>
      <trkpt lat="33.86677005328238" lon="-116.69616127386689">
        <time>2005-05-11T10:04:43-07:00</time>
      </trkpt>
      <trkpt lat="33.866761000826955" lon="-116.69609790667892">
        <time>2005-05-11T10:04:46-07:00</time>
      </trkpt>
      <trkpt lat="33.86675815097988" lon="-116.6960780415684">
        <time>2005-05-11T10:04:48-07:00</time>
      </trkpt>
      <trkpt lat="33.86675588786602" lon="-116.69601635076106">
        <time>2005-05-11T10:04:52-07:00</time>
      </trkpt>
      <trkpt lat="33.866761503741145" lon="-116.69599011540413">
        <time>2005-05-11T10:04:57-07:00</time>
      </trkpt>
      <trkpt lat="33.866758486256" lon="-116.69591258279979">
        <time>2005-05-11T10:04:58-07:00</time>
      </trkpt>
      <trkpt lat="33.86675865389407" lon="-116.69584401883185">
        <time>2005-05-11T10:05:03-07:00</time>
      </trkpt>
      <trkpt lat="33.86675680987537" lon="-116.69579079374671">
        <time>2005-05-11T10:05:04-07:00</time>
      </trkpt>
      <trkpt lat="33.86675404384732" lon="-116.6957775503397">
        <time>2005-05-11T10:05:08-07:00</time>
      </trkpt>
      <trkpt lat="33.866747757419944" lon="-116.69576405547559">
        <time>2005-05-11T10:05:10-07:00</time>
      </trkpt>
      <trkpt lat="33.86673325672746" lon="-116.69572080485523">
        <time>2005-05-11T10:05:16-07:00</time>
      </trkpt>
      <trkpt lat="33.86673032306135" lon="-116.69567151926458">
        <time>2005-05-11T10:05:22-07:00</time>
      </trkpt>
      <trkpt lat="33.8667103741318" lon="-116.69560848735273">
        <time>2005-05-11T10:05:26-07:00</time>
      </trkpt>
      <trkpt lat="33.86665622703731" lon="-116.695561632514">
        <time>2005-05-11T10:05:27-07:00</time>
      </trkpt>
      <trkpt lat="33.866595793515444" lon="-116.69551343657076">
        <time>2005-05-11T10:05:28-07:00</time>
      </trkpt>
      <trkpt lat="33.86658338829875" lon="-116.69548627920449">
        <time>2005-05-11T10:05:31-07:00</time>
      </trkpt>
      <trkpt lat="33.866573916748166" lon="-116.69548141770065">
        <time>2005-05-11T10:05:35-07:00</time>
      </trkpt>
      <trkpt lat="33.86656151153147" lon="-116.6954683419317">
        <time>2005-05-11T10:05:41-07:00</time>
      </trkpt>
      <trkpt lat="33.86652018874884" lon="-116.69544043019414">
        <time>2005-05-11T10:05:47-07:00</time>
      </trkpt>
      <trkpt lat="33.866487918421626" lon="-116.69543590396643">
        <time>2005-05-11T10:05:53-07:00</time>
      </trkpt>
      <trkpt lat="33.86646503582597" lon="-116.69543070718646">
        <time>2005-05-11T10:05:56-07:00</time>
      </trkpt>
      <trkpt lat="33.86644600890577" lon="-116.69542039744556">
        <time>2005-05-11T10:05:57-07:00</time>
      </trkpt>
      <trkpt lat="33.8664289098233" lon="-116.69540857896209">
        <time>2005-05-11T10:05:59-07:00</time>
      </trkpt>
      <trkpt lat="33.866406194865704" lon="-116.69539558701217">
        <time>2005-05-11T10:06:04-07:00</time>
      </trkpt>
      <trkpt lat="33.86637082323432" lon="-116.69536583125591">
        <time>2005-05-11T10:06:08-07:00</time>
      </trkpt>
      <trkpt lat="33.86633025482297" lon="-116.69533959589899">
        <time>2005-05-11T10:06:10-07:00</time>
      </trkpt>
      <trkpt lat="33.86632044799626" lon="-116.69533607549965">
        <time>2005-05-11T10:06:13-07:00</time>
      </trkpt>
      <trkpt lat="33.86626487597823" lon="-116.69532702304423">
        <time>2005-05-11T10:06:15-07:00</time>
      </trkpt>
      <trkpt lat="33.86622615158558" lon="-116.6953285317868">
        <time>2005-05-11T10:06:18-07:00</time>
      </trkpt>
      <trkpt lat="33.86619941331446" lon="-116.69531336054206">
        <time>2005-05-11T10:06:22-07:00</time>
      </trkpt>
      <trkpt lat="33.86617963202298" lon="-116.69531377963722">
        <time>2005-05-11T10:06:27-07:00</time>
      </trkpt>
      <trkpt lat="33.86613789014518" lon="-116.69534060172737">
        <time>2005-05-11T10:06:28-07:00</time>
      </trkpt>
      <trkpt lat="33.86612506583333" lon="-116.69534102082253">
        <time>2005-05-11T10:06:33-07:00</time>
      </trkpt>
      <trkpt lat="33.866079384461045" lon="-116.69534219428897">
        <time>2005-05-11T10:06:37-07:00</time>
      </trkpt>
      <trkpt lat="33.86603990569711" lon="-116.69535040855408">
        <time>2005-05-11T10:06:40-07:00</time>
      </trkpt>
      <trkpt lat="33.86600134894252" lon="-116.69535401277244">
        <time>2005-05-11T10:06:42-07:00</time>
      </trkpt>
      <trkpt lat="33.86597511358559" lon="-116.69534604996443">
        <time>2005-05-11T10:06:46-07:00</time>
      </trkpt>
      <trkpt lat="33.86596094816923" lon="-116.69534395448864">
        <time>2005-05-11T10:06:47-07:00</time>
      </trkpt>
      <trkpt lat="33.86595105752349" lon="-116.69534923508763">
        <time>2005-05-11T10:06:51-07:00</time>
      </trkpt>
      <trkpt lat="33.8658987544477" lon="-116.69538737274706">
        <time>2005-05-11T10:06:54-07:00</time>
      </trkpt>
      <trkpt lat="33.86587847024202" lon="-116.69539080932736">
        <time>2005-05-11T10:06:58-07:00</time>
      </trkpt>
      <trkpt lat="33.86583580635488" lon="-116.69539608992636">
        <time>2005-05-11T10:07:04-07:00</time>
      </trkpt>
      <trkpt lat="33.8657917175442" lon="-116.69542031362653">
        <time>2005-05-11T10:07:09-07:00</time>
      </trkpt>
      <trkpt lat="33.8657467905432" lon="-116.6954495664686">
        <time>2005-05-11T10:07:10-07:00</time>
      </trkpt>
      <trkpt lat="33.86573849245906" lon="-116.69545560143888">
        <time>2005-05-11T10:07:16-07:00</time>
      </trkpt>
      <trkpt lat="33.86570328846574" lon="-116.69548518955708">
        <time>2005-05-11T10:07:18-07:00</time>
      </trkpt>
      <trkpt lat="33.865663558244705" lon="-116.69549122452736">
        <time>2005-05-11T10:07:22-07:00</time>
      </trkpt>
      <trkpt lat="33.86560480110347" lon="-116.69550002552569">
        <time>2005-05-11T10:07:27-07:00</time>
      </trkpt>
      <trkpt lat="33.865582505241036" lon="-116.69550463557243">
        <time>2005-05-11T10:07:32-07:00</time>
      </trkpt>
      <trkpt lat="33.865515533834696" lon="-116.69549474492669">
        <time>2005-05-11T10:07:33-07:00</time>
      </trkpt>
      <trkpt lat="33.86545459739864" lon="-116.69550991617143">
        <time>2005-05-11T10:07:39-07:00</time>
      </trkpt>
      <trkpt lat="33.865407491102815" lon="-116.69550991617143">
        <time>2005-05-11T10:07:43-07:00</time>
      </trkpt>
      <trkpt lat="33.86534873396158" lon="-116.69550891034305">
        <time>2005-05-11T10:07:49-07:00</time>
      </trkpt>
      <trkpt lat="33.86528494767845" lon="-116.69550555758178">
        <time>2005-05-11T10:07:54-07:00</time>
      </trkpt>
      <trkpt lat="33.86523029766977" lon="-116.69549139216542">
        <time>2005-05-11T10:08:01-07:00</time>
      </trkpt>
      <trkpt lat="33.86521018110216" lon="-116.69549130834639">
        <time>2005-05-11T10:08:07-07:00</time>
      </trkpt>
      <trkpt lat="33.86519090272486" lon="-116.69551025144756">
        <time>2005-05-11T10:08:12-07:00</time>
      </trkpt>
      <trkpt lat="33.86515838094056" lon="-116.69555199332535">
        <time>2005-05-11T10:08:18-07:00</time>
      </trkpt>
      <trkpt lat="33.86513700708747" lon="-116.69556599110365">
        <time>2005-05-11T10:08:24-07:00</time>
      </trkpt>
      <trkpt lat="33.86508420109749" lon="-116.69557102024555">
        <time>2005-05-11T10:08:30-07:00</time>
      </trkpt>
      <trkpt lat="33.865074729546905" lon="-116.69557227753103">
        <time>2005-05-11T10:08:32-07:00</time>
      </trkpt>
      <trkpt lat="33.865027874708176" lon="-116.69555643573403">
        <time>2005-05-11T10:08:35-07:00</time>
      </trkpt>
      <trkpt lat="33.865018570795655" lon="-116.69553900137544">
        <time>2005-05-11T10:08:39-07:00</time>
      </trkpt>
      <trkpt lat="33.864999543875456" lon="-116.69550497084856">
        <time>2005-05-11T10:08:41-07:00</time>
      </trkpt>
      <trkpt lat="33.86497775092721" lon="-116.69547026976943">
        <time>2005-05-11T10:08:46-07:00</time>
      </trkpt>
      <trkpt lat="33.864980936050415" lon="-116.69545937329531">
        <time>2005-05-11T10:08:47-07:00</time>
      </trkpt>
      <trkpt lat="33.86496559716761" lon="-116.69543959200382">
        <time>2005-05-11T10:08:52-07:00</time>
      </trkpt>
      <trkpt lat="33.864958472549915" lon="-116.6954234149307">
        <time>2005-05-11T10:08:54-07:00</time>
      </trkpt>
      <trkpt lat="33.86493022553623" lon="-116.69540178962052">
        <time>2005-05-11T10:08:57-07:00</time>
      </trkpt>
      <trkpt lat="33.86491488665342" lon="-116.69539365917444">
        <time>2005-05-11T10:09:02-07:00</time>
      </trkpt>
      <trkpt lat="33.86486333794892" lon="-116.69534680433571">
        <time>2005-05-11T10:09:04-07:00</time>
      </trkpt>
      <trkpt lat="33.86486157774925" lon="-116.69534118846059">
        <time>2005-05-11T10:09:09-07:00</time>
      </trkpt>
      <trkpt lat="33.86481497436762" lon="-116.69529911130667">
        <time>2005-05-11T10:09:11-07:00</time>
      </trkpt>
      <trkpt lat="33.864759569987655" lon="-116.69526340439916">
        <time>2005-05-11T10:09:16-07:00</time>
      </trkpt>
      <trkpt lat="33.864719085395336" lon="-116.69527388177812">
        <time>2005-05-11T10:09:18-07:00</time>
      </trkpt>
      <trkpt lat="33.864697543904185" lon="-116.69528234750032">
        <time>2005-05-11T10:09:24-07:00</time>
      </trkpt>
      <trkpt lat="33.86468941345811" lon="-116.6952836047858">
        <time>2005-05-11T10:09:25-07:00</time>
      </trkpt>
      <trkpt lat="33.864674074575305" lon="-116.69527287594974">
        <time>2005-05-11T10:09:30-07:00</time>
      </trkpt>
      <trkpt lat="33.86466938070953" lon="-116.6952664218843">
        <time>2005-05-11T10:09:37-07:00</time>
      </trkpt>
      <trkpt lat="33.864650102332234" lon="-116.69521730393171">
        <time>2005-05-11T10:09:44-07:00</time>
      </trkpt>
      <trkpt lat="33.8646433968097" lon="-116.69520632363856">
        <time>2005-05-11T10:09:47-07:00</time>
      </trkpt>
      <trkpt lat="33.864636020734906" lon="-116.69519140385091">
        <time>2005-05-11T10:09:49-07:00</time>
      </trkpt>
      <trkpt lat="33.864607186987996" lon="-116.69513650238514">
        <time>2005-05-11T10:09:55-07:00</time>
      </trkpt>
      <trkpt lat="33.864603163674474" lon="-116.69510817155242">
        <time>2005-05-11T10:09:56-07:00</time>
      </trkpt>
      <trkpt lat="33.86460391804576" lon="-116.69506995007396">
        <time>2005-05-11T10:10:00-07:00</time>
      </trkpt>
      <trkpt lat="33.8646053429693" lon="-116.69505343772471">
        <time>2005-05-11T10:10:01-07:00</time>
      </trkpt>
      <trkpt lat="33.86459310539067" lon="-116.6950349137187">
        <time>2005-05-11T10:10:02-07:00</time>
      </trkpt>
      <trkpt lat="33.86457952670753" lon="-116.69503055512905">
        <time>2005-05-11T10:10:07-07:00</time>
      </trkpt>
      <trkpt lat="33.864540634676814" lon="-116.6950071696192">
        <time>2005-05-11T10:10:09-07:00</time>
      </trkpt>
      <trkpt lat="33.864494282752275" lon="-116.69493936002254">
        <time>2005-05-11T10:10:13-07:00</time>
      </trkpt>
      <trkpt lat="33.86448623612523" lon="-116.69492527842522">
        <time>2005-05-11T10:10:15-07:00</time>
      </trkpt>
      <trkpt lat="33.86446268297732" lon="-116.69488001614809">
        <time>2005-05-11T10:10:18-07:00</time>
      </trkpt>
      <trkpt lat="33.86445631273091" lon="-116.69485989958048">
        <time>2005-05-11T10:10:20-07:00</time>
      </trkpt>
      <trkpt lat="33.86444658972323" lon="-116.6948380228132">
        <time>2005-05-11T10:10:24-07:00</time>
      </trkpt>
      <trkpt lat="33.86444080621004" lon="-116.69481195509434">
        <time>2005-05-11T10:10:30-07:00</time>
      </trkpt>
      <trkpt lat="33.86444365605712" lon="-116.69481505639851">
        <time>2005-05-11T10:10:31-07:00</time>
      </trkpt>
      <trkpt lat="33.864445416256785" lon="-116.69481639750302">
        <time>2005-05-11T10:10:35-07:00</time>
      </trkpt>
      <trkpt lat="33.8644758425653" lon="-116.69482980854809">
        <time>2005-05-11T10:10:37-07:00</time>
      </trkpt>
      <trkpt lat="33.8644946180284" lon="-116.6948501765728">
        <time>2005-05-11T10:10:39-07:00</time>
      </trkpt>
      <trkpt lat="33.86452378705144" lon="-116.69486970640719">
        <time>2005-05-11T10:10:45-07:00</time>
      </trkpt>
      <trkpt lat="33.86455605737865" lon="-116.69489158317447">
        <time>2005-05-11T10:10:46-07:00</time>
      </trkpt>
      <trkpt lat="33.864568462595344" lon="-116.69490692205727">
        <time>2005-05-11T10:10:47-07:00</time>
      </trkpt>
      <trkpt lat="33.86462445370853" lon="-116.69494011439383">
        <time>2005-05-11T10:10:52-07:00</time>
      </trkpt>
      <trkpt lat="33.86463358998299" lon="-116.6949487477541">
        <time>2005-05-11T10:10:55-07:00</time>
      </trkpt>
      <trkpt lat="33.864665273576975" lon="-116.6949828621">
        <time>2005-05-11T10:10:58-07:00</time>
      </trkpt>
      <trkpt lat="33.86468790471554" lon="-116.69502711854875">
        <time>2005-05-11T10:11:02-07:00</time>
      </trkpt>
      <trkpt lat="33.86474825441837" lon="-116.69507933780551">
        <time>2005-05-11T10:11:04-07:00</time>
      </trkpt>
      <trkpt lat="33.864771304652095" lon="-116.69509056955576">
        <time>2005-05-11T10:11:09-07:00</time>
      </trkpt>
      <trkpt lat="33.864797707647085" lon="-116.69509693980217">
        <time>2005-05-11T10:11:10-07:00</time>
      </trkpt>
      <trkpt lat="33.8648347556591" lon="-116.69510054402053">
        <time>2005-05-11T10:11:15-07:00</time>
      </trkpt>
      <trkpt lat="33.86485277675092" lon="-116.69510766863823">
        <time>2005-05-11T10:11:21-07:00</time>
      </trkpt>
      <trkpt lat="33.864901810884476" lon="-116.6951160505414">
        <time>2005-05-11T10:11:28-07:00</time>
      </trkpt>
      <trkpt lat="33.86496073566377" lon="-116.69514019042253">
        <time>2005-05-11T10:11:31-07:00</time>
      </trkpt>
      <trkpt lat="33.86498755775392" lon="-116.69514320790768">
        <time>2005-05-11T10:11:33-07:00</time>
      </trkpt>
      <trkpt lat="33.86502938345075" lon="-116.69515980407596">
        <time>2005-05-11T10:11:37-07:00</time>
      </trkpt>
      <trkpt lat="33.865063078701496" lon="-116.69516483321786">
        <time>2005-05-11T10:11:39-07:00</time>
      </trkpt>
      <trkpt lat="33.86513901874423" lon="-116.6951763164252">
        <time>2005-05-11T10:11:44-07:00</time>
      </trkpt>
      <trkpt lat="33.86522300541401" lon="-116.69515301473439">
        <time>2005-05-11T10:11:50-07:00</time>
      </trkpt>
      <trkpt lat="33.86527773924172" lon="-116.69515008106828">
        <time>2005-05-11T10:11:53-07:00</time>
      </trkpt>
      <trkpt lat="33.86533113196492" lon="-116.69513340108097">
        <time>2005-05-11T10:11:57-07:00</time>
      </trkpt>
      <trkpt lat="33.86534311808646" lon="-116.69512309134007">
        <time>2005-05-11T10:12:04-07:00</time>
      </trkpt>
      <trkpt lat="33.865374298766255" lon="-116.6951025556773">
        <time>2005-05-11T10:12:10-07:00</time>
      </trkpt>
      <trkpt lat="33.86543330736458" lon="-116.69507363811135">
        <time>2005-05-11T10:12:16-07:00</time>
      </trkpt>
      <trkpt lat="33.865493489429355" lon="-116.69505243189633">
        <time>2005-05-11T10:12:21-07:00</time>
      </trkpt>
      <trkpt lat="33.86556113138795" lon="-116.69503575190902">
        <time>2005-05-11T10:12:27-07:00</time>
      </trkpt>
      <trkpt lat="33.86558133177459" lon="-116.69503223150969">
        <time>2005-05-11T10:12:29-07:00</time>
      </trkpt>
      <trkpt lat="33.86559440754354" lon="-116.69503030367196">
        <time>2005-05-11T10:12:33-07:00</time>
      </trkpt>
      <trkpt lat="33.865615613758564" lon="-116.69502577744424">
        <time>2005-05-11T10:12:40-07:00</time>
      </trkpt>
      <trkpt lat="33.865663055330515" lon="-116.69500951655209">
        <time>2005-05-11T10:12:45-07:00</time>
      </trkpt>
      <trkpt lat="33.86571996845305" lon="-116.69500515796244">
        <time>2005-05-11T10:12:53-07:00</time>
      </trkpt>
      <trkpt lat="33.865736816078424" lon="-116.69500892981887">
        <time>2005-05-11T10:12:56-07:00</time>
      </trkpt>
      <trkpt lat="33.86578400619328" lon="-116.69499543495476">
        <time>2005-05-11T10:12:58-07:00</time>
      </trkpt>
      <trkpt lat="33.86581610888243" lon="-116.69498403556645">
        <time>2005-05-11T10:13:02-07:00</time>
      </trkpt>
      <trkpt lat="33.865847289562225" lon="-116.6949672717601">
        <time>2005-05-11T10:13:07-07:00</time>
      </trkpt>
      <trkpt lat="33.86585047468543" lon="-116.69496542774141">
        <time>2005-05-11T10:13:13-07:00</time>
      </trkpt>
      <trkpt lat="33.86587486602366" lon="-116.69494279660285">
        <time>2005-05-11T10:13:15-07:00</time>
      </trkpt>
      <trkpt lat="33.86589649133384" lon="-116.69492117129266">
        <time>2005-05-11T10:13:20-07:00</time>
      </trkpt>
      <trkpt lat="33.865913255140185" lon="-116.6949178185314">
        <time>2005-05-11T10:13:25-07:00</time>
      </trkpt>
      <trkpt lat="33.865921553224325" lon="-116.69491714797914">
        <time>2005-05-11T10:13:30-07:00</time>
      </trkpt>
      <trkpt lat="33.86595013551414" lon="-116.69489778578281">
        <time>2005-05-11T10:13:31-07:00</time>
      </trkpt>
      <trkpt lat="33.86598709970713" lon="-116.69487230479717">
        <time>2005-05-11T10:13:37-07:00</time>
      </trkpt>
      <trkpt lat="33.865992883220315" lon="-116.69487129896879">
        <time>2005-05-11T10:13:40-07:00</time>
      </trkpt>
      <trkpt lat="33.866023225709796" lon="-116.69485612772405">
        <time>2005-05-11T10:13:42-07:00</time>
      </trkpt>
      <trkpt lat="33.86603454127908" lon="-116.69484481215477">
        <time>2005-05-11T10:13:43-07:00</time>
      </trkpt>
      <trkpt lat="33.86605189181864" lon="-116.69483592733741">
        <time>2005-05-11T10:13:48-07:00</time>
      </trkpt>
      <trkpt lat="33.86606454849243" lon="-116.69483064673841">
        <time>2005-05-11T10:13:53-07:00</time>
      </trkpt>
      <trkpt lat="33.86607368476689" lon="-116.69482167810202">
        <time>2005-05-11T10:13:54-07:00</time>
      </trkpt>
      <trkpt lat="33.86611056514084" lon="-116.69480223208666">
        <time>2005-05-11T10:13:58-07:00</time>
      </trkpt>
      <trkpt lat="33.866119869053364" lon="-116.69479577802122">
        <time>2005-05-11T10:14:00-07:00</time>
      </trkpt>
      <trkpt lat="33.86617845855653" lon="-116.69476208277047">
        <time>2005-05-11T10:14:03-07:00</time>
      </trkpt>
      <trkpt lat="33.86620067059994" lon="-116.69475537724793">
        <time>2005-05-11T10:14:05-07:00</time>
      </trkpt>
      <trkpt lat="33.866243083029985" lon="-116.69473190791905">
        <time>2005-05-11T10:14:06-07:00</time>
      </trkpt>
      <trkpt lat="33.86625255458057" lon="-116.6947259567678">
        <time>2005-05-11T10:14:11-07:00</time>
      </trkpt>
      <trkpt lat="33.86629111133516" lon="-116.69470449909568">
        <time>2005-05-11T10:14:12-07:00</time>
      </trkpt>
      <trkpt lat="33.86629982851446" lon="-116.69468228705227">
        <time>2005-05-11T10:14:18-07:00</time>
      </trkpt>
      <trkpt lat="33.866341235116124" lon="-116.69463962316513">
        <time>2005-05-11T10:14:19-07:00</time>
      </trkpt>
      <trkpt lat="33.86635020375252" lon="-116.69463132508099">
        <time>2005-05-11T10:14:23-07:00</time>
      </trkpt>
      <trkpt lat="33.86635825037956" lon="-116.69461330398917">
        <time>2005-05-11T10:14:24-07:00</time>
      </trkpt>
      <trkpt lat="33.86636202223599" lon="-116.69459067285061">
        <time>2005-05-11T10:14:28-07:00</time>
      </trkpt>
      <trkpt lat="33.86636537499726" lon="-116.69458036310971">
        <time>2005-05-11T10:14:30-07:00</time>
      </trkpt>
      <trkpt lat="33.86637124232948" lon="-116.69456385076046">
        <time>2005-05-11T10:14:35-07:00</time>
      </trkpt>
      <trkpt lat="33.86637635529041" lon="-116.69455982744694">
        <time>2005-05-11T10:14:36-07:00</time>
      </trkpt>
      <trkpt lat="33.866407703608274" lon="-116.69453375972807">
        <time>2005-05-11T10:14:39-07:00</time>
      </trkpt>
      <trkpt lat="33.8664236292243" lon="-116.69451431371272">
        <time>2005-05-11T10:14:41-07:00</time>
      </trkpt>
      <trkpt lat="33.86647207662463" lon="-116.6944825462997">
        <time>2005-05-11T10:14:42-07:00</time>
      </trkpt>
      <trkpt lat="33.8664960488677" lon="-116.69443476945162">
        <time>2005-05-11T10:14:44-07:00</time>
      </trkpt>
      <trkpt lat="33.866530833765864" lon="-116.69438808225095">
        <time>2005-05-11T10:14:45-07:00</time>
      </trkpt>
      <trkpt lat="33.866563104093075" lon="-116.69436771422625">
        <time>2005-05-11T10:14:49-07:00</time>
      </trkpt>
      <trkpt lat="33.86661808937788" lon="-116.6943461727351">
        <time>2005-05-11T10:14:51-07:00</time>
      </trkpt>
      <trkpt lat="33.86662873439491" lon="-116.69434147886932">
        <time>2005-05-11T10:14:56-07:00</time>
      </trkpt>
      <trkpt lat="33.86666678823531" lon="-116.69432287104428">
        <time>2005-05-11T10:15:01-07:00</time>
      </trkpt>
      <trkpt lat="33.866731161251664" lon="-116.69430845417082">
        <time>2005-05-11T10:15:05-07:00</time>
      </trkpt>
      <trkpt lat="33.866785475984216" lon="-116.69430350884795">
        <time>2005-05-11T10:15:09-07:00</time>
      </trkpt>
      <trkpt lat="33.86680877767503" lon="-116.69430451467633">
        <time>2005-05-11T10:15:13-07:00</time>
      </trkpt>
      <trkpt lat="33.866868540644646" lon="-116.6942869964987">
        <time>2005-05-11T10:15:14-07:00</time>
      </trkpt>
      <trkpt lat="33.86687465943396" lon="-116.69428179971874">
        <time>2005-05-11T10:15:18-07:00</time>
      </trkpt>
      <trkpt lat="33.86691128835082" lon="-116.69427199289203">
        <time>2005-05-11T10:15:23-07:00</time>
      </trkpt>
      <trkpt lat="33.866926711052656" lon="-116.69428364373744">
        <time>2005-05-11T10:15:27-07:00</time>
      </trkpt>
      <trkpt lat="33.86693375185132" lon="-116.6942922770977">
        <time>2005-05-11T10:15:29-07:00</time>
      </trkpt>
      <trkpt lat="33.86695923283696" lon="-116.69430174864829">
        <time>2005-05-11T10:15:34-07:00</time>
      </trkpt>
      <trkpt lat="33.8669712189585" lon="-116.69430526904762">
        <time>2005-05-11T10:15:35-07:00</time>
      </trkpt>
      <trkpt lat="33.866977421566844" lon="-116.69431247748435">
        <time>2005-05-11T10:15:39-07:00</time>
      </trkpt>
      <trkpt lat="33.86700650677085" lon="-116.69435455463827">
        <time>2005-05-11T10:15:41-07:00</time>
      </trkpt>
      <trkpt lat="33.86701824143529" lon="-116.6943646967411">
        <time>2005-05-11T10:15:42-07:00</time>
      </trkpt>
      <trkpt lat="33.86705143377185" lon="-116.6944032534957">
        <time>2005-05-11T10:15:46-07:00</time>
      </trkpt>
      <trkpt lat="33.86705973185599" lon="-116.69440635479987">
        <time>2005-05-11T10:15:48-07:00</time>
      </trkpt>
      <trkpt lat="33.86706526391208" lon="-116.69440928846598">
        <time>2005-05-11T10:15:49-07:00</time>
      </trkpt>
      <trkpt lat="33.867086470127106" lon="-116.69444415718317">
        <time>2005-05-11T10:15:53-07:00</time>
      </trkpt>
      <trkpt lat="33.867092337459326" lon="-116.69445371255279">
        <time>2005-05-11T10:15:55-07:00</time>
      </trkpt>
      <trkpt lat="33.86715855449438" lon="-116.69449771754444">
        <time>2005-05-11T10:16:01-07:00</time>
      </trkpt>
      <trkpt lat="33.867190489545465" lon="-116.69452579692006">
        <time>2005-05-11T10:16:02-07:00</time>
      </trkpt>
      <trkpt lat="33.867209097370505" lon="-116.69454457238317">
        <time>2005-05-11T10:16:03-07:00</time>
      </trkpt>
      <trkpt lat="33.86726047843695" lon="-116.69459285214543">
        <time>2005-05-11T10:16:08-07:00</time>
      </trkpt>
      <trkpt lat="33.867269614711404" lon="-116.69460198841989">
        <time>2005-05-11T10:16:09-07:00</time>
      </trkpt>
      <trkpt lat="33.867319570854306" lon="-116.69464917853475">
        <time>2005-05-11T10:16:15-07:00</time>
      </trkpt>
      <trkpt lat="33.867353182286024" lon="-116.69468170031905">
        <time>2005-05-11T10:16:19-07:00</time>
      </trkpt>
      <trkpt lat="33.867382016032934" lon="-116.6947278007865">
        <time>2005-05-11T10:16:21-07:00</time>
      </trkpt>
      <trkpt lat="33.86742040514946" lon="-116.69476551935077">
        <time>2005-05-11T10:16:28-07:00</time>
      </trkpt>
      <trkpt lat="33.867442114278674" lon="-116.69479887932539">
        <time>2005-05-11T10:16:29-07:00</time>
      </trkpt>
      <trkpt lat="33.86746181175113" lon="-116.69485210441053">
        <time>2005-05-11T10:16:34-07:00</time>
      </trkpt>
      <trkpt lat="33.86747312732041" lon="-116.69486484490335">
        <time>2005-05-11T10:16:37-07:00</time>
      </trkpt>
      <trkpt lat="33.86749575845897" lon="-116.69488973915577">
        <time>2005-05-11T10:16:41-07:00</time>
      </trkpt>
      <trkpt lat="33.86752190999687" lon="-116.69492427259684">
        <time>2005-05-11T10:16:45-07:00</time>
      </trkpt>
      <trkpt lat="33.86756314896047" lon="-116.69497590512037">
        <time>2005-05-11T10:16:48-07:00</time>
      </trkpt>
      <trkpt lat="33.86761830188334" lon="-116.69504027813673">
        <time>2005-05-11T10:16:53-07:00</time>
      </trkpt>
      <trkpt lat="33.86764017865062" lon="-116.6950764041394">
        <time>2005-05-11T10:16:54-07:00</time>
      </trkpt>
      <trkpt lat="33.867653757333755" lon="-116.69509819708765">
        <time>2005-05-11T10:16:57-07:00</time>
      </trkpt>
      <trkpt lat="33.86766331270337" lon="-116.69515829533339">
        <time>2005-05-11T10:17:01-07:00</time>
      </trkpt>
      <trkpt lat="33.86768460273743" lon="-116.69522216543555">
        <time>2005-05-11T10:17:07-07:00</time>
      </trkpt>
      <trkpt lat="33.867711341008544" lon="-116.69526902027428">
        <time>2005-05-11T10:17:14-07:00</time>
      </trkpt>
      <trkpt lat="33.86772567406297" lon="-116.69528997503221">
        <time>2005-05-11T10:17:17-07:00</time>
      </trkpt>
      <trkpt lat="33.867737827822566" lon="-116.69531092979014">
        <time>2005-05-11T10:17:19-07:00</time>
      </trkpt>
      <trkpt lat="33.867765404284" lon="-116.69534638524055">
        <time>2005-05-11T10:17:24-07:00</time>
      </trkpt>
      <trkpt lat="33.86777990497649" lon="-116.69537614099681">
        <time>2005-05-11T10:17:30-07:00</time>
      </trkpt>
      <trkpt lat="33.8677897118032" lon="-116.69539692811668">
        <time>2005-05-11T10:17:35-07:00</time>
      </trkpt>
      <trkpt lat="33.86781770735979" lon="-116.69544705189764">
        <time>2005-05-11T10:17:37-07:00</time>
      </trkpt>
      <trkpt lat="33.867850145325065" lon="-116.6955238301307">
        <time>2005-05-11T10:17:39-07:00</time>
      </trkpt>
      <trkpt lat="33.86788761243224" lon="-116.69559641741216">
        <time>2005-05-11T10:17:42-07:00</time>
      </trkpt>
      <trkpt lat="33.86789431795478" lon="-116.69562282040715">
        <time>2005-05-11T10:17:44-07:00</time>
      </trkpt>
      <trkpt lat="33.86792893521488" lon="-116.69565701857209">
        <time>2005-05-11T10:17:46-07:00</time>
      </trkpt>
      <trkpt lat="33.86794812977314" lon="-116.69567252509296">
        <time>2005-05-11T10:17:50-07:00</time>
      </trkpt>
      <trkpt lat="33.86799079366028" lon="-116.69569356366992">
        <time>2005-05-11T10:17:56-07:00</time>
      </trkpt>
      <trkpt lat="33.86805944144726" lon="-116.69568828307092">
        <time>2005-05-11T10:18:02-07:00</time>
      </trkpt>
      <trkpt lat="33.86806799098849" lon="-116.6956808231771">
        <time>2005-05-11T10:18:04-07:00</time>
      </trkpt>
      <trkpt lat="33.86807654052973" lon="-116.69566598720849">
        <time>2005-05-11T10:18:08-07:00</time>
      </trkpt>
      <trkpt lat="33.868083748966455" lon="-116.69562231749296">
        <time>2005-05-11T10:18:10-07:00</time>
      </trkpt>
      <trkpt lat="33.86808592826128" lon="-116.69558024033904">
        <time>2005-05-11T10:18:14-07:00</time>
      </trkpt>
      <trkpt lat="33.86809950694442" lon="-116.69554646126926">
        <time>2005-05-11T10:18:19-07:00</time>
      </trkpt>
      <trkpt lat="33.86814745143056" lon="-116.69550907798111">
        <time>2005-05-11T10:18:20-07:00</time>
      </trkpt>
      <trkpt lat="33.86815876699984" lon="-116.69551393948495">
        <time>2005-05-11T10:18:21-07:00</time>
      </trkpt>
      <trkpt lat="33.86821308173239" lon="-116.6955526638776">
        <time>2005-05-11T10:18:24-07:00</time>
      </trkpt>
      <trkpt lat="33.86825742200017" lon="-116.69558317400515">
        <time>2005-05-11T10:18:27-07:00</time>
      </trkpt>
      <trkpt lat="33.86826362460852" lon="-116.69559147208929">
        <time>2005-05-11T10:18:30-07:00</time>
      </trkpt>
      <trkpt lat="33.868289943784475" lon="-116.69563623145223">
        <time>2005-05-11T10:18:36-07:00</time>
      </trkpt>
      <trkpt lat="33.868296230211854" lon="-116.69564444571733">
        <time>2005-05-11T10:18:37-07:00</time>
      </trkpt>
      <trkpt lat="33.8683042768389" lon="-116.69565316289663">
        <time>2005-05-11T10:18:42-07:00</time>
      </trkpt>
      <trkpt lat="33.86834786273539" lon="-116.69569892808795">
        <time>2005-05-11T10:18:47-07:00</time>
      </trkpt>
      <trkpt lat="33.868350964039564" lon="-116.69570781290531">
        <time>2005-05-11T10:18:48-07:00</time>
      </trkpt>
      <trkpt lat="33.86838164180517" lon="-116.69575810432434">
        <time>2005-05-11T10:18:52-07:00</time>
      </trkpt>
      <trkpt lat="33.868404775857925" lon="-116.69578241184354">
        <time>2005-05-11T10:18:53-07:00</time>
      </trkpt>
      <trkpt lat="33.86843637563288" lon="-116.69582054950297">
        <time>2005-05-11T10:18:54-07:00</time>
      </trkpt>
      <trkpt lat="33.86845422908664" lon="-116.69582541100681">
        <time>2005-05-11T10:18:59-07:00</time>
      </trkpt>
      <trkpt lat="33.86845858767629" lon="-116.69582842849195">
        <time>2005-05-11T10:19:00-07:00</time>
      </trkpt>
      <trkpt lat="33.868478536605835" lon="-116.69584846124053">
        <time>2005-05-11T10:19:06-07:00</time>
      </trkpt>
      <trkpt lat="33.86848448775709" lon="-116.69585407711565">
        <time>2005-05-11T10:19:11-07:00</time>
      </trkpt>
      <trkpt lat="33.868508879095316" lon="-116.69590160250664">
        <time>2005-05-11T10:19:15-07:00</time>
      </trkpt>
      <trkpt lat="33.86852078139782" lon="-116.69592591002584">
        <time>2005-05-11T10:19:17-07:00</time>
      </trkpt>
      <trkpt lat="33.86853301897645" lon="-116.69597494415939">
        <time>2005-05-11T10:19:18-07:00</time>
      </trkpt>
      <trkpt lat="33.868544083088636" lon="-116.6960119921714">
        <time>2005-05-11T10:19:22-07:00</time>
      </trkpt>
      <trkpt lat="33.86856126599014" lon="-116.69604602269828">
        <time>2005-05-11T10:19:23-07:00</time>
      </trkpt>
      <trkpt lat="33.86858171783388" lon="-116.69609966687858">
        <time>2005-05-11T10:19:28-07:00</time>
      </trkpt>
      <trkpt lat="33.868589010089636" lon="-116.69610486365855">
        <time>2005-05-11T10:19:30-07:00</time>
      </trkpt>
      <trkpt lat="33.86859931983054" lon="-116.69612808153033">
        <time>2005-05-11T10:19:34-07:00</time>
      </trkpt>
      <trkpt lat="33.86858683079481" lon="-116.69616119004786">
        <time>2005-05-11T10:19:38-07:00</time>
      </trkpt>
      <trkpt lat="33.86857316829264" lon="-116.69617384672165">
        <time>2005-05-11T10:19:41-07:00</time>
      </trkpt>
      <trkpt lat="33.86853494681418" lon="-116.69619622640312">
        <time>2005-05-11T10:19:45-07:00</time>
      </trkpt>
      <trkpt lat="33.86853494681418" lon="-116.69619622640312">
        <time>2005-05-11T10:19:46-07:00</time>
      </trkpt>
      <trkpt lat="33.86850602924824" lon="-116.69620502740145">
        <time>2005-05-11T10:19:48-07:00</time>
      </trkpt>
      <trkpt lat="33.86850317940116" lon="-116.6962041053921">
        <time>2005-05-11T10:19:51-07:00</time>
      </trkpt>
      <trkpt lat="33.86850125156343" lon="-116.6962109785527">
        <time>2005-05-11T10:19:53-07:00</time>
      </trkpt>
      <trkpt lat="33.868501000106335" lon="-116.69621047563851">
        <time>2005-05-11T10:19:58-07:00</time>
      </trkpt>
      <trkpt lat="33.86850125156343" lon="-116.69621081091464">
        <time>2005-05-11T10:19:59-07:00</time>
      </trkpt>
      <trkpt lat="33.86850468814373" lon="-116.69620159082115">
        <time>2005-05-11T10:20:03-07:00</time>
      </trkpt>
      <trkpt lat="33.86850217357278" lon="-116.69619807042181">
        <time>2005-05-11T10:20:04-07:00</time>
      </trkpt>
      <trkpt lat="33.86849982663989" lon="-116.69620309956372">
        <time>2005-05-11T10:20:10-07:00</time>
      </trkpt>
      <trkpt lat="33.86849605478346" lon="-116.69620955362916">
        <time>2005-05-11T10:20:15-07:00</time>
      </trkpt>
      <trkpt lat="33.86849454604089" lon="-116.69621491804719">
        <time>2005-05-11T10:20:17-07:00</time>
      </trkpt>
      <trkpt lat="33.86849387548864" lon="-116.69621592387557">
        <time>2005-05-11T10:20:19-07:00</time>
      </trkpt>
      <trkpt lat="33.868489265441895" lon="-116.6962157562375">
        <time>2005-05-11T10:20:22-07:00</time>
      </trkpt>
      <trkpt lat="33.868512734770775" lon="-116.69623059220612">
        <time>2005-05-11T10:20:30-07:00</time>
      </trkpt>
      <trkpt lat="33.8685046043247" lon="-116.69623981229961">
        <time>2005-05-11T10:20:35-07:00</time>
      </trkpt>
      <trkpt lat="33.86849823407829" lon="-116.69628624804318">
        <time>2005-05-11T10:20:37-07:00</time>
      </trkpt>
      <trkpt lat="33.8684958871454" lon="-116.69632564298809">
        <time>2005-05-11T10:20:39-07:00</time>
      </trkpt>
      <trkpt lat="33.86849571950734" lon="-116.69632631354034">
        <time>2005-05-11T10:20:47-07:00</time>
      </trkpt>
      <trkpt lat="33.86849479749799" lon="-116.69632631354034">
        <time>2005-05-11T10:23:53-07:00</time>
      </trkpt>
      <trkpt lat="33.86849354021251" lon="-116.69639437459409">
        <time>2005-05-11T10:23:54-07:00</time>
      </trkpt>
      <trkpt lat="33.868494126945734" lon="-116.69641080312431">
        <time>2005-05-11T10:23:57-07:00</time>
      </trkpt>
      <trkpt lat="33.86848063208163" lon="-116.69649831019342">
        <time>2005-05-11T10:24:03-07:00</time>
      </trkpt>
      <trkpt lat="33.86847233399749" lon="-116.69654491357505">
        <time>2005-05-11T10:24:06-07:00</time>
      </trkpt>
      <trkpt lat="33.86845674365759" lon="-116.69660543091595">
        <time>2005-05-11T10:24:16-07:00</time>
      </trkpt>
      <trkpt lat="33.86843629181385" lon="-116.69667768292129">
        <time>2005-05-11T10:24:21-07:00</time>
      </trkpt>
      <trkpt lat="33.86843528598547" lon="-116.69669075869024">
        <time>2005-05-11T10:24:22-07:00</time>
      </trkpt>
      <trkpt lat="33.868445847183466" lon="-116.69671900570393">
        <time>2005-05-11T10:24:28-07:00</time>
      </trkpt>
      <trkpt lat="33.86846361681819" lon="-116.69675261713564">
        <time>2005-05-11T10:24:32-07:00</time>
      </trkpt>
      <trkpt lat="33.86848792433739" lon="-116.69683241285384">
        <time>2005-05-11T10:24:37-07:00</time>
      </trkpt>
      <trkpt lat="33.86848071590066" lon="-116.69690307229757">
        <time>2005-05-11T10:24:44-07:00</time>
      </trkpt>
      <trkpt lat="33.868516674265265" lon="-116.69698999263346">
        <time>2005-05-11T10:24:45-07:00</time>
      </trkpt>
      <trkpt lat="33.86852991767228" lon="-116.69706165790558">
        <time>2005-05-11T10:24:48-07:00</time>
      </trkpt>
      <trkpt lat="33.86853067204356" lon="-116.69707339257002">
        <time>2005-05-11T10:24:51-07:00</time>
      </trkpt>
      <trkpt lat="33.868537629023194" lon="-116.69717280194163">
        <time>2005-05-11T10:24:57-07:00</time>
      </trkpt>
      <trkpt lat="33.86855221353471" lon="-116.69721672311425">
        <time>2005-05-11T10:25:02-07:00</time>
      </trkpt>
      <trkpt lat="33.86856528930366" lon="-116.69722208753228">
        <time>2005-05-11T10:25:10-07:00</time>
      </trkpt>
      <trkpt lat="33.868584567680955" lon="-116.69721982441843">
        <time>2005-05-11T10:25:16-07:00</time>
      </trkpt>
      <trkpt lat="33.86860778555274" lon="-116.6972178965807">
        <time>2005-05-11T10:25:17-07:00</time>
      </trkpt>
      <trkpt lat="33.86863905005157" lon="-116.69724522158504">
        <time>2005-05-11T10:25:24-07:00</time>
      </trkpt>
      <trkpt lat="33.868644163012505" lon="-116.69724916107953">
        <time>2005-05-11T10:25:27-07:00</time>
      </trkpt>
      <trkpt lat="33.86868313886225" lon="-116.69725393876433">
        <time>2005-05-11T10:25:28-07:00</time>
      </trkpt>
      <trkpt lat="33.8686909340322" lon="-116.69725662097335">
        <time>2005-05-11T10:25:30-07:00</time>
      </trkpt>
      <trkpt lat="33.86872814968228" lon="-116.6972575429827">
        <time>2005-05-11T10:25:32-07:00</time>
      </trkpt>
      <trkpt lat="33.86876787990332" lon="-116.69725142419338">
        <time>2005-05-11T10:25:36-07:00</time>
      </trkpt>
      <trkpt lat="33.868827978149056" lon="-116.69723541475832">
        <time>2005-05-11T10:25:37-07:00</time>
      </trkpt>
      <trkpt lat="33.868836695328355" lon="-116.6972350794822">
        <time>2005-05-11T10:25:42-07:00</time>
      </trkpt>
      <trkpt lat="33.86890140362084" lon="-116.69721546582878">
        <time>2005-05-11T10:25:43-07:00</time>
      </trkpt>
      <trkpt lat="33.868924118578434" lon="-116.69720247387886">
        <time>2005-05-11T10:25:46-07:00</time>
      </trkpt>
      <trkpt lat="33.86899184435606" lon="-116.69717439450324">
        <time>2005-05-11T10:25:49-07:00</time>
      </trkpt>
      <trkpt lat="33.869041381403804" lon="-116.69716659933329">
        <time>2005-05-11T10:25:55-07:00</time>
      </trkpt>
      <trkpt lat="33.86911757290363" lon="-116.69718629680574">
        <time>2005-05-11T10:25:56-07:00</time>
      </trkpt>
      <trkpt lat="33.8691640086472" lon="-116.69719912111759">
        <time>2005-05-11T10:26:02-07:00</time>
      </trkpt>
      <trkpt lat="33.86917004361749" lon="-116.69721093960106">
        <time>2005-05-11T10:26:04-07:00</time>
      </trkpt>
      <trkpt lat="33.86921186931431" lon="-116.69727162458003">
        <time>2005-05-11T10:26:10-07:00</time>
      </trkpt>
      <trkpt lat="33.86928730644286" lon="-116.69729073531926">
        <time>2005-05-11T10:26:16-07:00</time>
      </trkpt>
      <trkpt lat="33.86929342523217" lon="-116.69730892404914">
        <time>2005-05-11T10:26:23-07:00</time>
      </trkpt>
      <trkpt lat="33.8692953530699" lon="-116.69735007919371">
        <time>2005-05-11T10:26:27-07:00</time>
      </trkpt>
      <trkpt lat="33.869291162118316" lon="-116.6973986942321">
        <time>2005-05-11T10:26:28-07:00</time>
      </trkpt>
      <trkpt lat="33.86928780935705" lon="-116.69744110666215">
        <time>2005-05-11T10:26:34-07:00</time>
      </trkpt>
      <trkpt lat="33.86930658482015" lon="-116.69748787768185">
        <time>2005-05-11T10:26:41-07:00</time>
      </trkpt>
      <trkpt lat="33.86931681074202" lon="-116.69751327484846">
        <time>2005-05-11T10:26:43-07:00</time>
      </trkpt>
      <trkpt lat="33.86931890621781" lon="-116.69756918214262">
        <time>2005-05-11T10:26:46-07:00</time>
      </trkpt>
      <trkpt lat="33.86931831948459" lon="-116.69762156903744">
        <time>2005-05-11T10:26:49-07:00</time>
      </trkpt>
      <trkpt lat="33.869313625618815" lon="-116.6976473852992">
        <time>2005-05-11T10:26:52-07:00</time>
      </trkpt>
      <trkpt lat="33.869276493787766" lon="-116.69770387932658">
        <time>2005-05-11T10:26:56-07:00</time>
      </trkpt>
      <trkpt lat="33.86927071027458" lon="-116.69777805916965">
        <time>2005-05-11T10:26:58-07:00</time>
      </trkpt>
      <trkpt lat="33.86927540414035" lon="-116.69779306277633">
        <time>2005-05-11T10:27:03-07:00</time>
      </trkpt>
      <trkpt lat="33.8692694529891" lon="-116.69783832505345">
        <time>2005-05-11T10:27:06-07:00</time>
      </trkpt>
      <trkpt lat="33.86928152292967" lon="-116.69787185266614">
        <time>2005-05-11T10:27:08-07:00</time>
      </trkpt>
      <trkpt lat="33.86928697116673" lon="-116.69786933809519">
        <time>2005-05-11T10:27:14-07:00</time>
      </trkpt>
      <trkpt lat="33.86928604915738" lon="-116.69787118211389">
        <time>2005-05-11T10:27:21-07:00</time>
      </trkpt>
      <trkpt lat="33.86931764893234" lon="-116.69787285849452">
        <time>2005-05-11T10:27:22-07:00</time>
      </trkpt>
      <trkpt lat="33.86933441273868" lon="-116.69787654653192">
        <time>2005-05-11T10:27:26-07:00</time>
      </trkpt>
      <trkpt lat="33.86936073191464" lon="-116.697868835181">
        <time>2005-05-11T10:27:32-07:00</time>
      </trkpt>
      <trkpt lat="33.86939853429794" lon="-116.69782147742808">
        <time>2005-05-11T10:27:37-07:00</time>
      </trkpt>
      <trkpt lat="33.86941848322749" lon="-116.6977977566421">
        <time>2005-05-11T10:27:41-07:00</time>
      </trkpt>
      <trkpt lat="33.869437761604786" lon="-116.69777956791222">
        <time>2005-05-11T10:27:44-07:00</time>
      </trkpt>
      <trkpt lat="33.869456704705954" lon="-116.69774486683309">
        <time>2005-05-11T10:27:45-07:00</time>
      </trkpt>
      <trkpt lat="33.8694560341537" lon="-116.69773623347282">
        <time>2005-05-11T10:27:48-07:00</time>
      </trkpt>
      <trkpt lat="33.86945611797273" lon="-116.69770346023142">
        <time>2005-05-11T10:27:54-07:00</time>
      </trkpt>
      <trkpt lat="33.86946223676205" lon="-116.6976825054735">
        <time>2005-05-11T10:27:57-07:00</time>
      </trkpt>
      <trkpt lat="33.86947455815971" lon="-116.69764118269086">
        <time>2005-05-11T10:28:00-07:00</time>
      </trkpt>
      <trkpt lat="33.869511522352695" lon="-116.69755845330656">
        <time>2005-05-11T10:28:04-07:00</time>
      </trkpt>
      <trkpt lat="33.86955468915403" lon="-116.69749659486115">
        <time>2005-05-11T10:28:05-07:00</time>
      </trkpt>
      <trkpt lat="33.8695577904582" lon="-116.69748393818736">
        <time>2005-05-11T10:28:09-07:00</time>
      </trkpt>
      <trkpt lat="33.86961637996137" lon="-116.69744563288987">
        <time>2005-05-11T10:28:11-07:00</time>
      </trkpt>
      <trkpt lat="33.86965669691563" lon="-116.69743741862476">
        <time>2005-05-11T10:28:17-07:00</time>
      </trkpt>
      <trkpt lat="33.869673209264874" lon="-116.69742551632226">
        <time>2005-05-11T10:28:24-07:00</time>
      </trkpt>
      <trkpt lat="33.86971612460911" lon="-116.697390479967">
        <time>2005-05-11T10:28:29-07:00</time>
      </trkpt>
      <trkpt lat="33.869716711342335" lon="-116.6973796673119">
        <time>2005-05-11T10:28:30-07:00</time>
      </trkpt>
      <trkpt lat="33.869743617251515" lon="-116.69734136201441">
        <time>2005-05-11T10:28:37-07:00</time>
      </trkpt>
      <trkpt lat="33.869751915335655" lon="-116.6973365843296">
        <time>2005-05-11T10:28:41-07:00</time>
      </trkpt>
      <trkpt lat="33.86979122646153" lon="-116.69728922657669">
        <time>2005-05-11T10:28:43-07:00</time>
      </trkpt>
      <trkpt lat="33.869800278916955" lon="-116.69728084467351">
        <time>2005-05-11T10:28:50-07:00</time>
      </trkpt>
      <trkpt lat="33.86985291726887" lon="-116.69722284190357">
        <time>2005-05-11T10:28:51-07:00</time>
      </trkpt>
      <trkpt lat="33.86988979764283" lon="-116.69717196375132">
        <time>2005-05-11T10:28:55-07:00</time>
      </trkpt>
      <trkpt lat="33.86992022395134" lon="-116.6971277911216">
        <time>2005-05-11T10:28:56-07:00</time>
      </trkpt>
      <trkpt lat="33.86994796805084" lon="-116.69709451496601">
        <time>2005-05-11T10:29:01-07:00</time>
      </trkpt>
      <trkpt lat="33.8700070604682" lon="-116.69704648666084">
        <time>2005-05-11T10:29:02-07:00</time>
      </trkpt>
      <trkpt lat="33.8700139336288" lon="-116.69703785330057">
        <time>2005-05-11T10:29:09-07:00</time>
      </trkpt>
      <trkpt lat="33.87004293501377" lon="-116.69701178558171">
        <time>2005-05-11T10:29:14-07:00</time>
      </trkpt>
      <trkpt lat="33.87011879123747" lon="-116.69699636287987">
        <time>2005-05-11T10:29:18-07:00</time>
      </trkpt>
      <trkpt lat="33.870168160647154" lon="-116.69699309393764">
        <time>2005-05-11T10:29:22-07:00</time>
      </trkpt>
      <trkpt lat="33.87021895498037" lon="-116.69696995988488">
        <time>2005-05-11T10:29:27-07:00</time>
      </trkpt>
      <trkpt lat="33.87023043818772" lon="-116.69697280973196">
        <time>2005-05-11T10:29:28-07:00</time>
      </trkpt>
      <trkpt lat="33.87026170268655" lon="-116.69698404148221">
        <time>2005-05-11T10:29:33-07:00</time>
      </trkpt>
      <trkpt lat="33.870321130380034" lon="-116.69700155965984">
        <time>2005-05-11T10:29:39-07:00</time>
      </trkpt>
      <trkpt lat="33.87034384533763" lon="-116.69700709171593">
        <time>2005-05-11T10:29:44-07:00</time>
      </trkpt>
      <trkpt lat="33.870395477861166" lon="-116.69702561572194">
        <time>2005-05-11T10:29:51-07:00</time>
      </trkpt>
      <trkpt lat="33.87044417671859" lon="-116.69704942032695">
        <time>2005-05-11T10:29:53-07:00</time>
      </trkpt>
      <trkpt lat="33.87045247480273" lon="-116.6970532760024">
        <time>2005-05-11T10:29:57-07:00</time>
      </trkpt>
      <trkpt lat="33.870500922203064" lon="-116.69706274755299">
        <time>2005-05-11T10:30:02-07:00</time>
      </trkpt>
      <trkpt lat="33.870513746514916" lon="-116.69705998152494">
        <time>2005-05-11T10:30:04-07:00</time>
      </trkpt>
      <trkpt lat="33.870553728193045" lon="-116.69706962071359">
        <time>2005-05-11T10:30:08-07:00</time>
      </trkpt>
      <trkpt lat="33.870593374595046" lon="-116.69706970453262">
        <time>2005-05-11T10:30:12-07:00</time>
      </trkpt>
      <trkpt lat="33.87063771486282" lon="-116.69701312668622">
        <time>2005-05-11T10:30:13-07:00</time>
      </trkpt>
      <trkpt lat="33.87065506540239" lon="-116.6970067564398">
        <time>2005-05-11T10:30:18-07:00</time>
      </trkpt>
      <trkpt lat="33.87068800628185" lon="-116.69697574339807">
        <time>2005-05-11T10:30:20-07:00</time>
      </trkpt>
      <trkpt lat="33.870724802836776" lon="-116.69691011309624">
        <time>2005-05-11T10:30:23-07:00</time>
      </trkpt>
      <trkpt lat="33.87074617668986" lon="-116.69683953747153">
        <time>2005-05-11T10:30:27-07:00</time>
      </trkpt>
      <trkpt lat="33.870763862505555" lon="-116.69676007702947">
        <time>2005-05-11T10:30:34-07:00</time>
      </trkpt>
      <trkpt lat="33.870770148932934" lon="-116.69669469818473">
        <time>2005-05-11T10:30:36-07:00</time>
      </trkpt>
      <trkpt lat="33.87077819555998" lon="-116.69668455608189">
        <time>2005-05-11T10:30:39-07:00</time>
      </trkpt>
      <trkpt lat="33.87080116197467" lon="-116.69663996435702">
        <time>2005-05-11T10:30:45-07:00</time>
      </trkpt>
      <trkpt lat="33.870810298249125" lon="-116.69660182669759">
        <time>2005-05-11T10:30:50-07:00</time>
      </trkpt>
      <trkpt lat="33.870813231915236" lon="-116.69657466933131">
        <time>2005-05-11T10:30:56-07:00</time>
      </trkpt>
      <trkpt lat="33.8708221167326" lon="-116.69652823358774">
        <time>2005-05-11T10:31:02-07:00</time>
      </trkpt>
      <trkpt lat="33.870828906074166" lon="-116.69647400267422">
        <time>2005-05-11T10:31:03-07:00</time>
      </trkpt>
      <trkpt lat="33.87083007954061" lon="-116.6964599210769">
        <time>2005-05-11T10:31:07-07:00</time>
      </trkpt>
      <trkpt lat="33.87083108536899" lon="-116.69640988111496">
        <time>2005-05-11T10:31:12-07:00</time>
      </trkpt>
      <trkpt lat="33.8708271458745" lon="-116.69639856554568">
        <time>2005-05-11T10:31:15-07:00</time>
      </trkpt>
      <trkpt lat="33.87082479894161" lon="-116.69637207873166">
        <time>2005-05-11T10:31:19-07:00</time>
      </trkpt>
      <trkpt lat="33.870829828083515" lon="-116.69633318670094">
        <time>2005-05-11T10:31:23-07:00</time>
      </trkpt>
      <trkpt lat="33.8708374556154" lon="-116.69629387557507">
        <time>2005-05-11T10:31:24-07:00</time>
      </trkpt>
      <trkpt lat="33.87083837762475" lon="-116.69625397771597">
        <time>2005-05-11T10:31:30-07:00</time>
      </trkpt>
      <trkpt lat="33.870843993499875" lon="-116.69620519503951">
        <time>2005-05-11T10:31:31-07:00</time>
      </trkpt>
      <trkpt lat="33.87084265239537" lon="-116.69619924388826">
        <time>2005-05-11T10:31:34-07:00</time>
      </trkpt>
      <trkpt lat="33.87085539288819" lon="-116.69614140875638">
        <time>2005-05-11T10:31:37-07:00</time>
      </trkpt>
      <trkpt lat="33.87085824273527" lon="-116.69611819088459">
        <time>2005-05-11T10:31:40-07:00</time>
      </trkpt>
      <trkpt lat="33.87085757218301" lon="-116.6960968170315">
        <time>2005-05-11T10:31:43-07:00</time>
      </trkpt>
      <trkpt lat="33.8708636071533" lon="-116.69607225805521">
        <time>2005-05-11T10:31:48-07:00</time>
      </trkpt>
      <trkpt lat="33.8708739168942" lon="-116.69602288864553">
        <time>2005-05-11T10:31:49-07:00</time>
      </trkpt>
      <trkpt lat="33.87089051306248" lon="-116.69593999162316">
        <time>2005-05-11T10:31:55-07:00</time>
      </trkpt>
      <trkpt lat="33.870898224413395" lon="-116.69591652229428">
        <time>2005-05-11T10:31:58-07:00</time>
      </trkpt>
      <trkpt lat="33.87091155163944" lon="-116.69589749537408">
        <time>2005-05-11T10:32:01-07:00</time>
      </trkpt>
      <trkpt lat="33.87091666460037" lon="-116.69588944874704">
        <time>2005-05-11T10:32:04-07:00</time>
      </trkpt>
      <trkpt lat="33.87092152610421" lon="-116.69587855227292">
        <time>2005-05-11T10:32:08-07:00</time>
      </trkpt>
      <trkpt lat="33.870954383164644" lon="-116.6958428453654">
        <time>2005-05-11T10:32:16-07:00</time>
      </trkpt>
      <trkpt lat="33.87098346836865" lon="-116.69580554589629">
        <time>2005-05-11T10:32:18-07:00</time>
      </trkpt>
      <trkpt lat="33.87101473286748" lon="-116.69577453285456">
        <time>2005-05-11T10:32:20-07:00</time>
      </trkpt>
      <trkpt lat="33.87102110311389" lon="-116.69577277265489">
        <time>2005-05-11T10:32:21-07:00</time>
      </trkpt>
      <trkpt lat="33.87106426991522" lon="-116.6957344673574">
        <time>2005-05-11T10:32:22-07:00</time>
      </trkpt>
      <trkpt lat="33.8710673712194" lon="-116.69572373852134">
        <time>2005-05-11T10:32:27-07:00</time>
      </trkpt>
      <trkpt lat="33.87108153663576" lon="-116.69570940546691">
        <time>2005-05-11T10:32:32-07:00</time>
      </trkpt>
      <trkpt lat="33.87109746225178" lon="-116.69569976627827">
        <time>2005-05-11T10:32:37-07:00</time>
      </trkpt>
      <trkpt lat="33.871128894388676" lon="-116.69568249955773">
        <time>2005-05-11T10:32:38-07:00</time>
      </trkpt>
      <trkpt lat="33.87116024270654" lon="-116.69567671604455">
        <time>2005-05-11T10:32:43-07:00</time>
      </trkpt>
      <trkpt lat="33.87118035927415" lon="-116.69567386619747">
        <time>2005-05-11T10:32:44-07:00</time>
      </trkpt>
      <trkpt lat="33.87122981250286" lon="-116.69565324671566">
        <time>2005-05-11T10:32:46-07:00</time>
      </trkpt>
      <trkpt lat="33.87126510031521" lon="-116.69565953314304">
        <time>2005-05-11T10:32:48-07:00</time>
      </trkpt>
      <trkpt lat="33.87129041366279" lon="-116.69564729556441">
        <time>2005-05-11T10:32:51-07:00</time>
      </trkpt>
      <trkpt lat="33.87131128460169" lon="-116.69564411044121">
        <time>2005-05-11T10:32:55-07:00</time>
      </trkpt>
      <trkpt lat="33.8713398668915" lon="-116.69563849456608">
        <time>2005-05-11T10:32:57-07:00</time>
      </trkpt>
      <trkpt lat="33.87139309197664" lon="-116.69560924172401">
        <time>2005-05-11T10:33:02-07:00</time>
      </trkpt>
      <trkpt lat="33.87142678722739" lon="-116.69557261280715">
        <time>2005-05-11T10:33:07-07:00</time>
      </trkpt>
      <trkpt lat="33.87144849635661" lon="-116.69553925283253">
        <time>2005-05-11T10:33:10-07:00</time>
      </trkpt>
      <trkpt lat="33.87144522741437" lon="-116.69552609324455">
        <time>2005-05-11T10:33:12-07:00</time>
      </trkpt>
      <trkpt lat="33.871428882703185" lon="-116.6954836808145">
        <time>2005-05-11T10:33:14-07:00</time>
      </trkpt>
      <trkpt lat="33.87142519466579" lon="-116.69548016041517">
        <time>2005-05-11T10:33:19-07:00</time>
      </trkpt>
      <trkpt lat="33.87141848914325" lon="-116.69544864445925">
        <time>2005-05-11T10:33:25-07:00</time>
      </trkpt>
      <trkpt lat="33.871410274878144" lon="-116.69542626477778">
        <time>2005-05-11T10:33:29-07:00</time>
      </trkpt>
      <trkpt lat="33.87139208614826" lon="-116.6954112611711">
        <time>2005-05-11T10:33:30-07:00</time>
      </trkpt>
      <trkpt lat="33.87139066122472" lon="-116.69535719789565">
        <time>2005-05-11T10:33:35-07:00</time>
      </trkpt>
      <trkpt lat="33.871425446122885" lon="-116.69528938829899">
        <time>2005-05-11T10:33:37-07:00</time>
      </trkpt>
      <trkpt lat="33.87141681276262" lon="-116.69527480378747">
        <time>2005-05-11T10:33:43-07:00</time>
      </trkpt>
      <trkpt lat="33.87139585800469" lon="-116.69525166973472">
        <time>2005-05-11T10:33:46-07:00</time>
      </trkpt>
      <trkpt lat="33.87139476835728" lon="-116.6952095925808">
        <time>2005-05-11T10:33:49-07:00</time>
      </trkpt>
      <trkpt lat="33.871406419202685" lon="-116.6951903142035">
        <time>2005-05-11T10:33:53-07:00</time>
      </trkpt>
      <trkpt lat="33.87143257074058" lon="-116.69515184126794">
        <time>2005-05-11T10:33:58-07:00</time>
      </trkpt>
      <trkpt lat="33.871441539376974" lon="-116.69514656066895">
        <time>2005-05-11T10:34:00-07:00</time>
      </trkpt>
      <trkpt lat="33.871454279869795" lon="-116.69513868167996">
        <time>2005-05-11T10:34:03-07:00</time>
      </trkpt>
      <trkpt lat="33.87150063179433" lon="-116.69510171748698">
        <time>2005-05-11T10:34:06-07:00</time>
      </trkpt>
      <trkpt lat="33.87151119299233" lon="-116.69509140774608">
        <time>2005-05-11T10:34:08-07:00</time>
      </trkpt>
      <trkpt lat="33.87154086492956" lon="-116.69506257399917">
        <time>2005-05-11T10:34:12-07:00</time>
      </trkpt>
      <trkpt lat="33.871525693684816" lon="-116.69498789124191">
        <time>2005-05-11T10:34:13-07:00</time>
      </trkpt>
      <trkpt lat="33.87151697650552" lon="-116.6949225962162">
        <time>2005-05-11T10:34:14-07:00</time>
      </trkpt>
      <trkpt lat="33.87151714414358" lon="-116.69490968808532">
        <time>2005-05-11T10:34:19-07:00</time>
      </trkpt>
      <trkpt lat="33.87150482274592" lon="-116.69485989958048">
        <time>2005-05-11T10:34:20-07:00</time>
      </trkpt>
      <trkpt lat="33.871498787775636" lon="-116.69484942220151">
        <time>2005-05-11T10:34:24-07:00</time>
      </trkpt>
      <trkpt lat="33.87150012888014" lon="-116.69483240693808">
        <time>2005-05-11T10:34:30-07:00</time>
      </trkpt>
      <trkpt lat="33.87149862013757" lon="-116.69482025317848">
        <time>2005-05-11T10:34:35-07:00</time>
      </trkpt>
      <trkpt lat="33.87150482274592" lon="-116.69480097480118">
        <time>2005-05-11T10:34:36-07:00</time>
      </trkpt>
      <trkpt lat="33.87152183800936" lon="-116.69476426206529">
        <time>2005-05-11T10:34:40-07:00</time>
      </trkpt>
      <trkpt lat="33.871563244611025" lon="-116.6947362665087">
        <time>2005-05-11T10:34:41-07:00</time>
      </trkpt>
      <trkpt lat="33.87157045304775" lon="-116.69472972862422">
        <time>2005-05-11T10:34:42-07:00</time>
      </trkpt>
      <trkpt lat="33.87161781080067" lon="-116.69469175860286">
        <time>2005-05-11T10:34:43-07:00</time>
      </trkpt>
      <trkpt lat="33.871641866862774" lon="-116.69466275721788">
        <time>2005-05-11T10:34:45-07:00</time>
      </trkpt>
      <trkpt lat="33.87164706364274" lon="-116.69463777914643">
        <time>2005-05-11T10:34:49-07:00</time>
      </trkpt>
      <trkpt lat="33.871644800528884" lon="-116.69462277553976">
        <time>2005-05-11T10:34:53-07:00</time>
      </trkpt>
      <trkpt lat="33.87163331732154" lon="-116.69455907307565">
        <time>2005-05-11T10:34:54-07:00</time>
      </trkpt>
      <trkpt lat="33.871629210188985" lon="-116.69454088434577">
        <time>2005-05-11T10:35:00-07:00</time>
      </trkpt>
      <trkpt lat="33.87161278165877" lon="-116.69452127069235">
        <time>2005-05-11T10:35:02-07:00</time>
      </trkpt>
      <trkpt lat="33.87161144055426" lon="-116.69451230205595">
        <time>2005-05-11T10:35:04-07:00</time>
      </trkpt>
      <trkpt lat="33.87160649523139" lon="-116.69449805282056">
        <time>2005-05-11T10:35:05-07:00</time>
      </trkpt>
      <trkpt lat="33.871596520766616" lon="-116.69443535618484">
        <time>2005-05-11T10:35:10-07:00</time>
      </trkpt>
      <trkpt lat="33.871605824679136" lon="-116.69442303478718">
        <time>2005-05-11T10:35:12-07:00</time>
      </trkpt>
      <trkpt lat="33.871628791093826" lon="-116.69437048025429">
        <time>2005-05-11T10:35:16-07:00</time>
      </trkpt>
      <trkpt lat="33.871680004522204" lon="-116.69432044029236">
        <time>2005-05-11T10:35:17-07:00</time>
      </trkpt>
      <trkpt lat="33.87170020490885" lon="-116.69428330846131">
        <time>2005-05-11T10:35:18-07:00</time>
      </trkpt>
      <trkpt lat="33.871702551841736" lon="-116.69426118023694">
        <time>2005-05-11T10:35:23-07:00</time>
      </trkpt>
      <trkpt lat="33.87169894762337" lon="-116.6942161694169">
        <time>2005-05-11T10:35:24-07:00</time>
      </trkpt>
      <trkpt lat="33.871704898774624" lon="-116.69418381527066">
        <time>2005-05-11T10:35:28-07:00</time>
      </trkpt>
      <trkpt lat="33.87170682661235" lon="-116.6941440012306">
        <time>2005-05-11T10:35:34-07:00</time>
      </trkpt>
      <trkpt lat="33.87171562761068" lon="-116.69410008005798">
        <time>2005-05-11T10:35:37-07:00</time>
      </trkpt>
      <trkpt lat="33.87171311303973" lon="-116.69407032430172">
        <time>2005-05-11T10:35:39-07:00</time>
      </trkpt>
      <trkpt lat="33.87172266840935" lon="-116.69404459185898">
        <time>2005-05-11T10:35:44-07:00</time>
      </trkpt>
      <trkpt lat="33.871743120253086" lon="-116.69400544837117">
        <time>2005-05-11T10:35:48-07:00</time>
      </trkpt>
      <trkpt lat="33.8717888854444" lon="-116.69396479614079">
        <time>2005-05-11T10:35:52-07:00</time>
      </trkpt>
      <trkpt lat="33.87183900922537" lon="-116.6939209587872">
        <time>2005-05-11T10:35:55-07:00</time>
      </trkpt>
      <trkpt lat="33.87187731452286" lon="-116.69387821108103">
        <time>2005-05-11T10:35:58-07:00</time>
      </trkpt>
      <trkpt lat="33.8719255104661" lon="-116.69381383806467">
        <time>2005-05-11T10:36:02-07:00</time>
      </trkpt>
      <trkpt lat="33.87194369919598" lon="-116.69375449419022">
        <time>2005-05-11T10:36:05-07:00</time>
      </trkpt>
      <trkpt lat="33.87194571085274" lon="-116.69374627992511">
        <time>2005-05-11T10:36:12-07:00</time>
      </trkpt>
      <trkpt lat="33.87193540111184" lon="-116.69373161159456">
        <time>2005-05-11T10:36:17-07:00</time>
      </trkpt>
      <trkpt lat="33.871927773579955" lon="-116.69372146949172">
        <time>2005-05-11T10:36:22-07:00</time>
      </trkpt>
      <trkpt lat="33.87191235087812" lon="-116.69371669180691">
        <time>2005-05-11T10:36:28-07:00</time>
      </trkpt>
      <trkpt lat="33.8718634005636" lon="-116.69374200515449">
        <time>2005-05-11T10:36:33-07:00</time>
      </trkpt>
      <trkpt lat="33.87183892540634" lon="-116.69377519749105">
        <time>2005-05-11T10:36:34-07:00</time>
      </trkpt>
      <trkpt lat="33.8718184735626" lon="-116.69382012449205">
        <time>2005-05-11T10:36:36-07:00</time>
      </trkpt>
      <trkpt lat="33.8717682659626" lon="-116.6938485391438">
        <time>2005-05-11T10:36:37-07:00</time>
      </trkpt>
      <trkpt lat="33.871760135516524" lon="-116.69384946115315">
        <time>2005-05-11T10:36:38-07:00</time>
      </trkpt>
      <trkpt lat="33.8717233389616" lon="-116.6938707511872">
        <time>2005-05-11T10:36:43-07:00</time>
      </trkpt>
      <trkpt lat="33.87171437032521" lon="-116.69388198293746">
        <time>2005-05-11T10:36:46-07:00</time>
      </trkpt>
      <trkpt lat="33.8717061560601" lon="-116.69389137066901">
        <time>2005-05-11T10:36:49-07:00</time>
      </trkpt>
      <trkpt lat="33.871687296777964" lon="-116.69391073286533">
        <time>2005-05-11T10:36:55-07:00</time>
      </trkpt>
      <trkpt lat="33.87164329178631" lon="-116.6939175222069">
        <time>2005-05-11T10:36:56-07:00</time>
      </trkpt>
      <trkpt lat="33.87162753380835" lon="-116.69391391798854">
        <time>2005-05-11T10:37:00-07:00</time>
      </trkpt>
      <trkpt lat="33.87158403173089" lon="-116.69389564543962">
        <time>2005-05-11T10:37:01-07:00</time>
      </trkpt>
      <trkpt lat="33.871578834950924" lon="-116.69388868845999">
        <time>2005-05-11T10:37:02-07:00</time>
      </trkpt>
      <trkpt lat="33.87153566814959" lon="-116.69386899098754">
        <time>2005-05-11T10:37:04-07:00</time>
      </trkpt>
      <trkpt lat="33.87152158655226" lon="-116.69385415501893">
        <time>2005-05-11T10:37:07-07:00</time>
      </trkpt>
      <trkpt lat="33.871478168293834" lon="-116.69379439204931">
        <time>2005-05-11T10:37:08-07:00</time>
      </trkpt>
      <trkpt lat="33.87143449857831" lon="-116.69374980032444">
        <time>2005-05-11T10:37:12-07:00</time>
      </trkpt>
      <trkpt lat="33.87136224657297" lon="-116.6937140095979">
        <time>2005-05-11T10:37:13-07:00</time>
      </trkpt>
      <trkpt lat="33.87129946611822" lon="-116.69375038705766">
        <time>2005-05-11T10:37:17-07:00</time>
      </trkpt>
      <trkpt lat="33.87127658352256" lon="-116.6937896143645">
        <time>2005-05-11T10:37:19-07:00</time>
      </trkpt>
      <trkpt lat="33.87123132124543" lon="-116.69383185915649">
        <time>2005-05-11T10:37:24-07:00</time>
      </trkpt>
      <trkpt lat="33.8712278008461" lon="-116.69386907480657">
        <time>2005-05-11T10:37:29-07:00</time>
      </trkpt>
      <trkpt lat="33.87122042477131" lon="-116.69390478171408">
        <time>2005-05-11T10:37:35-07:00</time>
      </trkpt>
      <trkpt lat="33.87121413834393" lon="-116.69393629767">
        <time>2005-05-11T10:37:41-07:00</time>
      </trkpt>
      <trkpt lat="33.87121371924877" lon="-116.69398072175682">
        <time>2005-05-11T10:37:44-07:00</time>
      </trkpt>
      <trkpt lat="33.87119368650019" lon="-116.69401701539755">
        <time>2005-05-11T10:37:48-07:00</time>
      </trkpt>
      <trkpt lat="33.87118035927415" lon="-116.69403654523194">
        <time>2005-05-11T10:37:51-07:00</time>
      </trkpt>
      <trkpt lat="33.87116778641939" lon="-116.69405557215214">
        <time>2005-05-11T10:37:54-07:00</time>
      </trkpt>
      <trkpt lat="33.87118907645345" lon="-116.69408859685063">
        <time>2005-05-11T10:37:56-07:00</time>
      </trkpt>
      <trkpt lat="33.87118857353926" lon="-116.69410628266633">
        <time>2005-05-11T10:38:00-07:00</time>
      </trkpt>
      <trkpt lat="33.8711828738451" lon="-116.69413729570806">
        <time>2005-05-11T10:38:03-07:00</time>
      </trkpt>
      <trkpt lat="33.871184047311544" lon="-116.69415104202926">
        <time>2005-05-11T10:38:05-07:00</time>
      </trkpt>
      <trkpt lat="33.87117985635996" lon="-116.69417878612876">
        <time>2005-05-11T10:38:07-07:00</time>
      </trkpt>
      <trkpt lat="33.87117499485612" lon="-116.69417987577617">
        <time>2005-05-11T10:38:10-07:00</time>
      </trkpt>
      <trkpt lat="33.871153285726905" lon="-116.69419169425964">
        <time>2005-05-11T10:38:12-07:00</time>
      </trkpt>
      <trkpt lat="33.871126966550946" lon="-116.69420694932342">
        <time>2005-05-11T10:38:15-07:00</time>
      </trkpt>
      <trkpt lat="33.871102910488844" lon="-116.69421566650271">
        <time>2005-05-11T10:38:16-07:00</time>
      </trkpt>
      <trkpt lat="33.87106116861105" lon="-116.6942528821528">
        <time>2005-05-11T10:38:18-07:00</time>
      </trkpt>
      <trkpt lat="33.87105136178434" lon="-116.6943030897528">
        <time>2005-05-11T10:38:21-07:00</time>
      </trkpt>
      <trkpt lat="33.87104708701372" lon="-116.69432672671974">
        <time>2005-05-11T10:38:28-07:00</time>
      </trkpt>
      <trkpt lat="33.87103878892958" lon="-116.69439830817282">
        <time>2005-05-11T10:38:31-07:00</time>
      </trkpt>
      <trkpt lat="33.871051110327244" lon="-116.69447341002524">
        <time>2005-05-11T10:38:33-07:00</time>
      </trkpt>
      <trkpt lat="33.87103954330087" lon="-116.69454935006797">
        <time>2005-05-11T10:38:38-07:00</time>
      </trkpt>
      <trkpt lat="33.871006183326244" lon="-116.69460425153375">
        <time>2005-05-11T10:38:42-07:00</time>
      </trkpt>
      <trkpt lat="33.870990090072155" lon="-116.69465462677181">
        <time>2005-05-11T10:38:44-07:00</time>
      </trkpt>
      <trkpt lat="33.87093401513994" lon="-116.69466133229434">
        <time>2005-05-11T10:38:50-07:00</time>
      </trkpt>
      <trkpt lat="33.87092630378902" lon="-116.69466326013207">
        <time>2005-05-11T10:38:56-07:00</time>
      </trkpt>
      <trkpt lat="33.87088523246348" lon="-116.69469444081187">
        <time>2005-05-11T10:39:02-07:00</time>
      </trkpt>
      <trkpt lat="33.87084332294762" lon="-116.69474079273641">
        <time>2005-05-11T10:39:08-07:00</time>
      </trkpt>
      <trkpt lat="33.87080954387784" lon="-116.69478798285127">
        <time>2005-05-11T10:39:14-07:00</time>
      </trkpt>
      <trkpt lat="33.870771741494536" lon="-116.69481824152172">
        <time>2005-05-11T10:39:21-07:00</time>
      </trkpt>
      <trkpt lat="33.870762437582016" lon="-116.69482603669167">
        <time>2005-05-11T10:39:22-07:00</time>
      </trkpt>
      <trkpt lat="33.870762940496206" lon="-116.69482712633908">
        <time>2005-05-11T10:39:28-07:00</time>
      </trkpt>
      <trkpt lat="33.870721869170666" lon="-116.69487071223557">
        <time>2005-05-11T10:39:34-07:00</time>
      </trkpt>
      <trkpt lat="33.870724216103554" lon="-116.69488471001387">
        <time>2005-05-11T10:39:41-07:00</time>
      </trkpt>
      <trkpt lat="33.87072932906449" lon="-116.6948966961354">
        <time>2005-05-11T10:39:47-07:00</time>
      </trkpt>
      <trkpt lat="33.87075271457434" lon="-116.69491563923657">
        <time>2005-05-11T10:39:50-07:00</time>
      </trkpt>
      <trkpt lat="33.870762437582016" lon="-116.69493701308966">
        <time>2005-05-11T10:39:53-07:00</time>
      </trkpt>
      <trkpt lat="33.87078993022442" lon="-116.69499669224024">
        <time>2005-05-11T10:40:00-07:00</time>
      </trkpt>
      <trkpt lat="33.87079571373761" lon="-116.69500649906695">
        <time>2005-05-11T10:40:01-07:00</time>
      </trkpt>
      <trkpt lat="33.87082429602742" lon="-116.69505100697279">
        <time>2005-05-11T10:40:02-07:00</time>
      </trkpt>
      <trkpt lat="33.87081641703844" lon="-116.69507581740618">
        <time>2005-05-11T10:40:05-07:00</time>
      </trkpt>
      <trkpt lat="33.870798060670495" lon="-116.69508126564324">
        <time>2005-05-11T10:40:07-07:00</time>
      </trkpt>
      <trkpt lat="33.87079395353794" lon="-116.69508202001452">
        <time>2005-05-11T10:40:14-07:00</time>
      </trkpt>
      <trkpt lat="33.87074885889888" lon="-116.69510481879115">
        <time>2005-05-11T10:40:15-07:00</time>
      </trkpt>
      <trkpt lat="33.87070544064045" lon="-116.69512912631035">
        <time>2005-05-11T10:40:19-07:00</time>
      </trkpt>
      <trkpt lat="33.870616760104895" lon="-116.69517070055008">
        <time>2005-05-11T10:40:21-07:00</time>
      </trkpt>
      <trkpt lat="33.87060787528753" lon="-116.69517254456878">
        <time>2005-05-11T10:40:23-07:00</time>
      </trkpt>
      <trkpt lat="33.870560098439455" lon="-116.69520146213472">
        <time>2005-05-11T10:40:24-07:00</time>
      </trkpt>
      <trkpt lat="33.870491199195385" lon="-116.69522610493004">
        <time>2005-05-11T10:40:29-07:00</time>
      </trkpt>
      <trkpt lat="33.8704782910645" lon="-116.69522560201585">
        <time>2005-05-11T10:40:34-07:00</time>
      </trkpt>
      <trkpt lat="33.87040637433529" lon="-116.69522476382554">
        <time>2005-05-11T10:40:42-07:00</time>
      </trkpt>
      <trkpt lat="33.87030562385917" lon="-116.69525032863021">
        <time>2005-05-11T10:40:43-07:00</time>
      </trkpt>
      <trkpt lat="33.87029657140374" lon="-116.69525627978146">
        <time>2005-05-11T10:40:47-07:00</time>
      </trkpt>
      <trkpt lat="33.87025876902044" lon="-116.69525963254273">
        <time>2005-05-11T10:40:53-07:00</time>
      </trkpt>
      <trkpt lat="33.87024468742311" lon="-116.69525912962854">
        <time>2005-05-11T10:40:54-07:00</time>
      </trkpt>
      <trkpt lat="33.87021719478071" lon="-116.69526265002787">
        <time>2005-05-11T10:41:00-07:00</time>
      </trkpt>
      <trkpt lat="33.87019481509924" lon="-116.69526600278914">
        <time>2005-05-11T10:41:07-07:00</time>
      </trkpt>
      <trkpt lat="33.87014997191727" lon="-116.69528687372804">
        <time>2005-05-11T10:41:08-07:00</time>
      </trkpt>
      <trkpt lat="33.87012155726552" lon="-116.69534328393638">
        <time>2005-05-11T10:41:11-07:00</time>
      </trkpt>
      <trkpt lat="33.87008937075734" lon="-116.69543707743287">
        <time>2005-05-11T10:41:12-07:00</time>
      </trkpt>
      <trkpt lat="33.87008425779641" lon="-116.69550865888596">
        <time>2005-05-11T10:41:14-07:00</time>
      </trkpt>
      <trkpt lat="33.87006942182779" lon="-116.6955359838903">
        <time>2005-05-11T10:41:16-07:00</time>
      </trkpt>
      <trkpt lat="33.870068080723286" lon="-116.69555098749697">
        <time>2005-05-11T10:41:20-07:00</time>
      </trkpt>
      <trkpt lat="33.87004913762212" lon="-116.69565743766725">
        <time>2005-05-11T10:41:24-07:00</time>
      </trkpt>
      <trkpt lat="33.870034804567695" lon="-116.69574771076441">
        <time>2005-05-11T10:41:30-07:00</time>
      </trkpt>
      <trkpt lat="33.8700139336288" lon="-116.6958068870008">
        <time>2005-05-11T10:41:35-07:00</time>
      </trkpt>
      <trkpt lat="33.8700068090111" lon="-116.69581568799913">
        <time>2005-05-11T10:41:38-07:00</time>
      </trkpt>
      <trkpt lat="33.87000429444015" lon="-116.69584242627025">
        <time>2005-05-11T10:41:39-07:00</time>
      </trkpt>
      <trkpt lat="33.870007982477546" lon="-116.69586421921849">
        <time>2005-05-11T10:41:46-07:00</time>
      </trkpt>
      <trkpt lat="33.86998660862446" lon="-116.6959139239043">
        <time>2005-05-11T10:41:52-07:00</time>
      </trkpt>
      <trkpt lat="33.86997537687421" lon="-116.69592138379812">
        <time>2005-05-11T10:41:57-07:00</time>
      </trkpt>
      <trkpt lat="33.86992651037872" lon="-116.695944853127">
        <time>2005-05-11T10:41:58-07:00</time>
      </trkpt>
      <trkpt lat="33.86990714818239" lon="-116.69595424085855">
        <time>2005-05-11T10:42:01-07:00</time>
      </trkpt>
      <trkpt lat="33.86989826336503" lon="-116.69596823863685">
        <time>2005-05-11T10:42:02-07:00</time>
      </trkpt>
      <trkpt lat="33.869874123483896" lon="-116.69597611762583">
        <time>2005-05-11T10:42:05-07:00</time>
      </trkpt>
      <trkpt lat="33.86983137577772" lon="-116.69595398940146">
        <time>2005-05-11T10:42:06-07:00</time>
      </trkpt>
      <trkpt lat="33.869788544252515" lon="-116.69592498801649">
        <time>2005-05-11T10:42:11-07:00</time>
      </trkpt>
      <trkpt lat="33.86978535912931" lon="-116.69591174460948">
        <time>2005-05-11T10:42:13-07:00</time>
      </trkpt>
      <trkpt lat="33.86976574547589" lon="-116.69589280150831">
        <time>2005-05-11T10:42:14-07:00</time>
      </trkpt>
      <trkpt lat="33.86974839493632" lon="-116.6958951484412">
        <time>2005-05-11T10:42:16-07:00</time>
      </trkpt>
      <trkpt lat="33.869728026911616" lon="-116.69588207267225">
        <time>2005-05-11T10:42:21-07:00</time>
      </trkpt>
      <trkpt lat="33.869695756584406" lon="-116.69585231691599">
        <time>2005-05-11T10:42:26-07:00</time>
      </trkpt>
      <trkpt lat="33.86966893449426" lon="-116.69582532718778">
        <time>2005-05-11T10:42:27-07:00</time>
      </trkpt>
      <trkpt lat="33.86965929530561" lon="-116.695820633322">
        <time>2005-05-11T10:42:30-07:00</time>
      </trkpt>
      <trkpt lat="33.869627779349685" lon="-116.6957706771791">
        <time>2005-05-11T10:42:32-07:00</time>
      </trkpt>
      <trkpt lat="33.86962668970227" lon="-116.6956927254796">
        <time>2005-05-11T10:42:34-07:00</time>
      </trkpt>
      <trkpt lat="33.86961696669459" lon="-116.69562919065356">
        <time>2005-05-11T10:42:38-07:00</time>
      </trkpt>
      <trkpt lat="33.86960280127823" lon="-116.69557521119714">
        <time>2005-05-11T10:42:42-07:00</time>
      </trkpt>
      <trkpt lat="33.86959626339376" lon="-116.69555920176208">
        <time>2005-05-11T10:42:43-07:00</time>
      </trkpt>
      <trkpt lat="33.869586205109954" lon="-116.69547689147294">
        <time>2005-05-11T10:42:48-07:00</time>
      </trkpt>
      <trkpt lat="33.86958796530962" lon="-116.69539759866893">
        <time>2005-05-11T10:42:54-07:00</time>
      </trkpt>
      <trkpt lat="33.86959676630795" lon="-116.69532149098814">
        <time>2005-05-11T10:42:59-07:00</time>
      </trkpt>
      <trkpt lat="33.86959073133767" lon="-116.69523976743221">
        <time>2005-05-11T10:43:03-07:00</time>
      </trkpt>
      <trkpt lat="33.86957329697907" lon="-116.69518310576677">
        <time>2005-05-11T10:43:04-07:00</time>
      </trkpt>
      <trkpt lat="33.86952795088291" lon="-116.695122923702">
        <time>2005-05-11T10:43:10-07:00</time>
      </trkpt>
      <trkpt lat="33.86950632557273" lon="-116.69505720958114">
        <time>2005-05-11T10:43:16-07:00</time>
      </trkpt>
      <trkpt lat="33.86948796920478" lon="-116.6949828621">
        <time>2005-05-11T10:43:22-07:00</time>
      </trkpt>
      <trkpt lat="33.86947472579777" lon="-116.69488605111837">
        <time>2005-05-11T10:43:27-07:00</time>
      </trkpt>
      <trkpt lat="33.869431391358376" lon="-116.69483349658549">
        <time>2005-05-11T10:43:32-07:00</time>
      </trkpt>
      <trkpt lat="33.86940171942115" lon="-116.69478907249868">
        <time>2005-05-11T10:43:37-07:00</time>
      </trkpt>
      <trkpt lat="33.86936073191464" lon="-116.69473710469902">
        <time>2005-05-11T10:43:42-07:00</time>
      </trkpt>
      <trkpt lat="33.86932703666389" lon="-116.69469787739217">
        <time>2005-05-11T10:43:48-07:00</time>
      </trkpt>
      <trkpt lat="33.86929677799344" lon="-116.69467055238783">
        <time>2005-05-11T10:43:55-07:00</time>
      </trkpt>
      <trkpt lat="33.86928311549127" lon="-116.69464834034443">
        <time>2005-05-11T10:44:00-07:00</time>
      </trkpt>
      <trkpt lat="33.86923374608159" lon="-116.69456142000854">
        <time>2005-05-11T10:44:04-07:00</time>
      </trkpt>
      <trkpt lat="33.86918202973902" lon="-116.69451397843659">
        <time>2005-05-11T10:44:10-07:00</time>
      </trkpt>
      <trkpt lat="33.869174905121326" lon="-116.69444491155446">
        <time>2005-05-11T10:44:14-07:00</time>
      </trkpt>
      <trkpt lat="33.869185131043196" lon="-116.69439663179219">
        <time>2005-05-11T10:44:17-07:00</time>
      </trkpt>
      <trkpt lat="33.869191920384765" lon="-116.6942938696593">
        <time>2005-05-11T10:44:19-07:00</time>
      </trkpt>
      <trkpt lat="33.86917423456907" lon="-116.69423125684261">
        <time>2005-05-11T10:44:26-07:00</time>
      </trkpt>
      <trkpt lat="33.869136180728674" lon="-116.69414659962058">
        <time>2005-05-11T10:44:32-07:00</time>
      </trkpt>
      <trkpt lat="33.86911782436073" lon="-116.69412572868168">
        <time>2005-05-11T10:44:37-07:00</time>
      </trkpt>
      <trkpt lat="33.86906275525689" lon="-116.69407359324396">
        <time>2005-05-11T10:44:41-07:00</time>
      </trkpt>
      <trkpt lat="33.869050769135356" lon="-116.6940628644079">
        <time>2005-05-11T10:44:48-07:00</time>
      </trkpt>
      <trkpt lat="33.86902461759746" lon="-116.6940488666296">
        <time>2005-05-11T10:44:53-07:00</time>
      </trkpt>
      <trkpt lat="33.86899234727025" lon="-116.69401550665498">
        <time>2005-05-11T10:45:00-07:00</time>
      </trkpt>
      <trkpt lat="33.86896259151399" lon="-116.6939801350236">
        <time>2005-05-11T10:45:02-07:00</time>
      </trkpt>
      <trkpt lat="33.86888044886291" lon="-116.69388734735548">
        <time>2005-05-11T10:45:08-07:00</time>
      </trkpt>
      <trkpt lat="33.868851782754064" lon="-116.69385784305632">
        <time>2005-05-11T10:45:09-07:00</time>
      </trkpt>
      <trkpt lat="33.8688307441771" lon="-116.69383789412677">
        <time>2005-05-11T10:45:11-07:00</time>
      </trkpt>
      <trkpt lat="33.86878313496709" lon="-116.69377159327269">
        <time>2005-05-11T10:45:15-07:00</time>
      </trkpt>
      <trkpt lat="33.868768298998475" lon="-116.69369900599122">
        <time>2005-05-11T10:45:19-07:00</time>
      </trkpt>
      <trkpt lat="33.86876058764756" lon="-116.6936463676393">
        <time>2005-05-11T10:45:27-07:00</time>
      </trkpt>
      <trkpt lat="33.86875228956342" lon="-116.6935982555151">
        <time>2005-05-11T10:45:30-07:00</time>
      </trkpt>
      <trkpt lat="33.868734603747725" lon="-116.69351669959724">
        <time>2005-05-11T10:45:32-07:00</time>
      </trkpt>
      <trkpt lat="33.86871381662786" lon="-116.69348157942295">
        <time>2005-05-11T10:45:38-07:00</time>
      </trkpt>
      <trkpt lat="33.86868942528963" lon="-116.69343707151711">
        <time>2005-05-11T10:45:43-07:00</time>
      </trkpt>
      <trkpt lat="33.86867484077811" lon="-116.69340153224766">
        <time>2005-05-11T10:45:47-07:00</time>
      </trkpt>
      <trkpt lat="33.86866050772369" lon="-116.69337932020426">
        <time>2005-05-11T10:45:50-07:00</time>
      </trkpt>
      <trkpt lat="33.86862773448229" lon="-116.69333724305034">
        <time>2005-05-11T10:45:56-07:00</time>
      </trkpt>
      <trkpt lat="33.86862044222653" lon="-116.69332399964333">
        <time>2005-05-11T10:45:59-07:00</time>
      </trkpt>
      <trkpt lat="33.86859127320349" lon="-116.69323205016553">
        <time>2005-05-11T10:46:03-07:00</time>
      </trkpt>
      <trkpt lat="33.86858616024256" lon="-116.69320723973215">
        <time>2005-05-11T10:46:06-07:00</time>
      </trkpt>
      <trkpt lat="33.86856579221785" lon="-116.69317413121462">
        <time>2005-05-11T10:46:08-07:00</time>
      </trkpt>
      <trkpt lat="33.868551375344396" lon="-116.69314613565803">
        <time>2005-05-11T10:46:12-07:00</time>
      </trkpt>
      <trkpt lat="33.86853586882353" lon="-116.6931043099612">
        <time>2005-05-11T10:46:13-07:00</time>
      </trkpt>
      <trkpt lat="33.86853343807161" lon="-116.6930919047445">
        <time>2005-05-11T10:46:20-07:00</time>
      </trkpt>
      <trkpt lat="33.86851633898914" lon="-116.69302417896688">
        <time>2005-05-11T10:46:22-07:00</time>
      </trkpt>
      <trkpt lat="33.86847769841552" lon="-116.69295041821897">
        <time>2005-05-11T10:46:25-07:00</time>
      </trkpt>
      <trkpt lat="33.86844844557345" lon="-116.69292585924268">
        <time>2005-05-11T10:46:28-07:00</time>
      </trkpt>
      <trkpt lat="33.868442829698324" lon="-116.69289576821029">
        <time>2005-05-11T10:46:32-07:00</time>
      </trkpt>
      <trkpt lat="33.86843662708998" lon="-116.69288638047874">
        <time>2005-05-11T10:46:33-07:00</time>
      </trkpt>
      <trkpt lat="33.868414582684636" lon="-116.69284740462899">
        <time>2005-05-11T10:46:39-07:00</time>
      </trkpt>
      <trkpt lat="33.86837124824524" lon="-116.69278068467975">
        <time>2005-05-11T10:46:44-07:00</time>
      </trkpt>
      <trkpt lat="33.86836688965559" lon="-116.69275763444602">
        <time>2005-05-11T10:46:49-07:00</time>
      </trkpt>
      <trkpt lat="33.86836345307529" lon="-116.69268538244069">
        <time>2005-05-11T10:46:57-07:00</time>
      </trkpt>
      <trkpt lat="33.868368063122034" lon="-116.69265277683735">
        <time>2005-05-11T10:46:58-07:00</time>
      </trkpt>
      <trkpt lat="33.86835892684758" lon="-116.69262846931815">
        <time>2005-05-11T10:47:02-07:00</time>
      </trkpt>
      <trkpt lat="33.86832137592137" lon="-116.69254599139094">
        <time>2005-05-11T10:47:09-07:00</time>
      </trkpt>
      <trkpt lat="33.868298744782805" lon="-116.69248857535422">
        <time>2005-05-11T10:47:15-07:00</time>
      </trkpt>
      <trkpt lat="33.86822598986328" lon="-116.69241950847208">
        <time>2005-05-11T10:47:23-07:00</time>
      </trkpt>
      <trkpt lat="33.86821777559817" lon="-116.69241037219763">
        <time>2005-05-11T10:47:26-07:00</time>
      </trkpt>
      <trkpt lat="33.86821450665593" lon="-116.69239763170481">
        <time>2005-05-11T10:47:28-07:00</time>
      </trkpt>
      <trkpt lat="33.86819472536445" lon="-116.69234172441065">
        <time>2005-05-11T10:47:34-07:00</time>
      </trkpt>
      <trkpt lat="33.8681885227561" lon="-116.69232722371817">
        <time>2005-05-11T10:47:39-07:00</time>
      </trkpt>
      <trkpt lat="33.86814803816378" lon="-116.69227156788111">
        <time>2005-05-11T10:47:46-07:00</time>
      </trkpt>
      <trkpt lat="33.868135549128056" lon="-116.69225916266441">
        <time>2005-05-11T10:47:50-07:00</time>
      </trkpt>
      <trkpt lat="33.86809573508799" lon="-116.69223275966942">
        <time>2005-05-11T10:47:51-07:00</time>
      </trkpt>
      <trkpt lat="33.868029937148094" lon="-116.69219235889614">
        <time>2005-05-11T10:47:56-07:00</time>
      </trkpt>
      <trkpt lat="33.86797545477748" lon="-116.69216260313988">
        <time>2005-05-11T10:47:57-07:00</time>
      </trkpt>
      <trkpt lat="33.867899514734745" lon="-116.69214181602001">
        <time>2005-05-11T10:48:02-07:00</time>
      </trkpt>
      <trkpt lat="33.86783086694777" lon="-116.69210862368345">
        <time>2005-05-11T10:48:03-07:00</time>
      </trkpt>
      <trkpt lat="33.86779524385929" lon="-116.69209169223905">
        <time>2005-05-11T10:48:07-07:00</time>
      </trkpt>
      <trkpt lat="33.86777671985328" lon="-116.69207383878529">
        <time>2005-05-11T10:48:13-07:00</time>
      </trkpt>
      <trkpt lat="33.8677413482219" lon="-116.69199580326676">
        <time>2005-05-11T10:48:18-07:00</time>
      </trkpt>
      <trkpt lat="33.86772542260587" lon="-116.69197518378496">
        <time>2005-05-11T10:48:24-07:00</time>
      </trkpt>
      <trkpt lat="33.867698265239596" lon="-116.69194601476192">
        <time>2005-05-11T10:48:30-07:00</time>
      </trkpt>
      <trkpt lat="33.86768518947065" lon="-116.69190536253154">
        <time>2005-05-11T10:48:33-07:00</time>
      </trkpt>
      <trkpt lat="33.867663983255625" lon="-116.6918663866818">
        <time>2005-05-11T10:48:35-07:00</time>
      </trkpt>
      <trkpt lat="33.86759885586798" lon="-116.69184241443872">
        <time>2005-05-11T10:48:43-07:00</time>
      </trkpt>
      <trkpt lat="33.867578487843275" lon="-116.69182732701302">
        <time>2005-05-11T10:48:45-07:00</time>
      </trkpt>
      <trkpt lat="33.8675494864583" lon="-116.69181081466377">
        <time>2005-05-11T10:48:48-07:00</time>
      </trkpt>
      <trkpt lat="33.86747907847166" lon="-116.69176873750985">
        <time>2005-05-11T10:48:51-07:00</time>
      </trkpt>
      <trkpt lat="33.86746340431273" lon="-116.69174945913255">
        <time>2005-05-11T10:48:54-07:00</time>
      </trkpt>
      <trkpt lat="33.86747279204428" lon="-116.69173143804073">
        <time>2005-05-11T10:49:00-07:00</time>
      </trkpt>
      <trkpt lat="33.86748502962291" lon="-116.69172833673656">
        <time>2005-05-11T10:49:03-07:00</time>
      </trkpt>
      <trkpt lat="33.86754655279219" lon="-116.6917329467833">
        <time>2005-05-11T10:49:06-07:00</time>
      </trkpt>
      <trkpt lat="33.86760028079152" lon="-116.69173629954457">
        <time>2005-05-11T10:49:13-07:00</time>
      </trkpt>
      <trkpt lat="33.867662055417895" lon="-116.69175323098898">
        <time>2005-05-11T10:49:15-07:00</time>
      </trkpt>
      <trkpt lat="33.86767295189202" lon="-116.69175582937896">
        <time>2005-05-11T10:49:17-07:00</time>
      </trkpt>
      <trkpt lat="33.86772190220654" lon="-116.69176974333823">
        <time>2005-05-11T10:49:18-07:00</time>
      </trkpt>
      <trkpt lat="33.867735816165805" lon="-116.69178734533489">
        <time>2005-05-11T10:49:23-07:00</time>
      </trkpt>
      <trkpt lat="33.86776054278016" lon="-116.69179597869515">
        <time>2005-05-11T10:49:27-07:00</time>
      </trkpt>
      <trkpt lat="33.8677775580436" lon="-116.69181441888213">
        <time>2005-05-11T10:49:32-07:00</time>
      </trkpt>
      <trkpt lat="33.867805637419224" lon="-116.69183067977428">
        <time>2005-05-11T10:49:33-07:00</time>
      </trkpt>
      <trkpt lat="33.86782885529101" lon="-116.6918434202671">
        <time>2005-05-11T10:49:37-07:00</time>
      </trkpt>
      <trkpt lat="33.86788719333708" lon="-116.69189681299031">
        <time>2005-05-11T10:49:39-07:00</time>
      </trkpt>
      <trkpt lat="33.86791451834142" lon="-116.6919076256454">
        <time>2005-05-11T10:49:42-07:00</time>
      </trkpt>
      <trkpt lat="33.86796472594142" lon="-116.6919269040227">
        <time>2005-05-11T10:49:44-07:00</time>
      </trkpt>
      <trkpt lat="33.868004623800516" lon="-116.69194894842803">
        <time>2005-05-11T10:49:47-07:00</time>
      </trkpt>
      <trkpt lat="33.868047622963786" lon="-116.69197225011885">
        <time>2005-05-11T10:49:49-07:00</time>
      </trkpt>
      <trkpt lat="33.86806438677013" lon="-116.69198197312653">
        <time>2005-05-11T10:49:55-07:00</time>
      </trkpt>
      <trkpt lat="33.868080731481314" lon="-116.6919850744307">
        <time>2005-05-11T10:49:57-07:00</time>
      </trkpt>
      <trkpt lat="33.868096908554435" lon="-116.69199387542903">
        <time>2005-05-11T10:50:01-07:00</time>
      </trkpt>
      <trkpt lat="33.86810311116278" lon="-116.69200074858963">
        <time>2005-05-11T10:50:05-07:00</time>
      </trkpt>
      <trkpt lat="33.86816170066595" lon="-116.69202220626175">
        <time>2005-05-11T10:50:09-07:00</time>
      </trkpt>
      <trkpt lat="33.86819397099316" lon="-116.69202505610883">
        <time>2005-05-11T10:50:11-07:00</time>
      </trkpt>
      <trkpt lat="33.86823219247162" lon="-116.69204022735357">
        <time>2005-05-11T10:50:13-07:00</time>
      </trkpt>
      <trkpt lat="33.86825172230601" lon="-116.69205229729414">
        <time>2005-05-11T10:50:15-07:00</time>
      </trkpt>
      <trkpt lat="33.868295811116695" lon="-116.69205497950315">
        <time>2005-05-11T10:50:16-07:00</time>
      </trkpt>
      <trkpt lat="33.86832891963422" lon="-116.6920854896307">
        <time>2005-05-11T10:50:22-07:00</time>
      </trkpt>
      <trkpt lat="33.868340738117695" lon="-116.6921042650938">
        <time>2005-05-11T10:50:25-07:00</time>
      </trkpt>
      <trkpt lat="33.86836538091302" lon="-116.69211977161467">
        <time>2005-05-11T10:50:28-07:00</time>
      </trkpt>
      <trkpt lat="33.86840661987662" lon="-116.69213980436325">
        <time>2005-05-11T10:50:30-07:00</time>
      </trkpt>
      <trkpt lat="33.86844023130834" lon="-116.69218129478395">
        <time>2005-05-11T10:50:34-07:00</time>
      </trkpt>
      <trkpt lat="33.868448194116354" lon="-116.69218263588846">
        <time>2005-05-11T10:50:38-07:00</time>
      </trkpt>
      <trkpt lat="33.868484403938055" lon="-116.69221012853086">
        <time>2005-05-11T10:50:39-07:00</time>
      </trkpt>
      <trkpt lat="33.86849253438413" lon="-116.6922147385776">
        <time>2005-05-11T10:50:41-07:00</time>
      </trkpt>
      <trkpt lat="33.86851885356009" lon="-116.69223854318261">
        <time>2005-05-11T10:50:44-07:00</time>
      </trkpt>
      <trkpt lat="33.86856051161885" lon="-116.69226561672986">
        <time>2005-05-11T10:50:50-07:00</time>
      </trkpt>
      <trkpt lat="33.86863125488162" lon="-116.69227726757526">
        <time>2005-05-11T10:50:52-07:00</time>
      </trkpt>
      <trkpt lat="33.86866360902786" lon="-116.69227098114789">
        <time>2005-05-11T10:50:56-07:00</time>
      </trkpt>
      <trkpt lat="33.868679367005825" lon="-116.69228673912585">
        <time>2005-05-11T10:50:57-07:00</time>
      </trkpt>
      <trkpt lat="33.86871976777911" lon="-116.69235069304705">
        <time>2005-05-11T10:51:00-07:00</time>
      </trkpt>
      <trkpt lat="33.868738459423184" lon="-116.69236946851015">
        <time>2005-05-11T10:51:04-07:00</time>
      </trkpt>
      <trkpt lat="33.86875497177243" lon="-116.6923994757235">
        <time>2005-05-11T10:51:10-07:00</time>
      </trkpt>
      <trkpt lat="33.86877785436809" lon="-116.69244473800063">
        <time>2005-05-11T10:51:14-07:00</time>
      </trkpt>
      <trkpt lat="33.868785398080945" lon="-116.69247105717659">
        <time>2005-05-11T10:51:16-07:00</time>
      </trkpt>
      <trkpt lat="33.86878916993737" lon="-116.69250374659896">
        <time>2005-05-11T10:51:22-07:00</time>
      </trkpt>
      <trkpt lat="33.8687929417938" lon="-116.6925173252821">
        <time>2005-05-11T10:51:24-07:00</time>
      </trkpt>
      <trkpt lat="33.86882554739714" lon="-116.69259041547775">
        <time>2005-05-11T10:51:27-07:00</time>
      </trkpt>
      <trkpt lat="33.86885295622051" lon="-116.69260826893151">
        <time>2005-05-11T10:51:31-07:00</time>
      </trkpt>
      <trkpt lat="33.868871396407485" lon="-116.69262997806072">
        <time>2005-05-11T10:51:33-07:00</time>
      </trkpt>
      <trkpt lat="33.86888933368027" lon="-116.6926674451679">
        <time>2005-05-11T10:51:36-07:00</time>
      </trkpt>
      <trkpt lat="33.86890618130565" lon="-116.69268479570746">
        <time>2005-05-11T10:51:37-07:00</time>
      </trkpt>
      <trkpt lat="33.86894498951733" lon="-116.69273424893618">
        <time>2005-05-11T10:51:44-07:00</time>
      </trkpt>
      <trkpt lat="33.868991676718" lon="-116.69278353452682">
        <time>2005-05-11T10:51:47-07:00</time>
      </trkpt>
      <trkpt lat="33.86900324374437" lon="-116.69278948567808">
        <time>2005-05-11T10:51:50-07:00</time>
      </trkpt>
      <trkpt lat="33.86903501115739" lon="-116.69281085953116">
        <time>2005-05-11T10:51:53-07:00</time>
      </trkpt>
      <trkpt lat="33.86907189153135" lon="-116.69284799136221">
        <time>2005-05-11T10:51:55-07:00</time>
      </trkpt>
      <trkpt lat="33.86908865533769" lon="-116.6928691137582">
        <time>2005-05-11T10:52:00-07:00</time>
      </trkpt>
      <trkpt lat="33.86910508386791" lon="-116.69289543293417">
        <time>2005-05-11T10:52:06-07:00</time>
      </trkpt>
      <trkpt lat="33.86911438778043" lon="-116.69289836660028">
        <time>2005-05-11T10:52:07-07:00</time>
      </trkpt>
      <trkpt lat="33.869138192385435" lon="-116.69293222948909">
        <time>2005-05-11T10:52:11-07:00</time>
      </trkpt>
      <trkpt lat="33.86918001808226" lon="-116.69299392029643">
        <time>2005-05-11T10:52:17-07:00</time>
      </trkpt>
      <trkpt lat="33.86920935474336" lon="-116.69301688671112">
        <time>2005-05-11T10:52:19-07:00</time>
      </trkpt>
      <trkpt lat="33.86923768557608" lon="-116.69303230941296">
        <time>2005-05-11T10:52:22-07:00</time>
      </trkpt>
      <trkpt lat="33.8692697044462" lon="-116.69305670075119">
        <time>2005-05-11T10:52:23-07:00</time>
      </trkpt>
      <trkpt lat="33.86928412131965" lon="-116.69307547621429">
        <time>2005-05-11T10:52:27-07:00</time>
      </trkpt>
      <trkpt lat="33.86929577216506" lon="-116.69308511540294">
        <time>2005-05-11T10:52:33-07:00</time>
      </trkpt>
      <trkpt lat="33.869329299777746" lon="-116.69310657307506">
        <time>2005-05-11T10:52:36-07:00</time>
      </trkpt>
      <trkpt lat="33.86934757232666" lon="-116.69312551617622">
        <time>2005-05-11T10:52:39-07:00</time>
      </trkpt>
      <trkpt lat="33.869382943958044" lon="-116.69319307431579">
        <time>2005-05-11T10:52:42-07:00</time>
      </trkpt>
      <trkpt lat="33.86939350515604" lon="-116.69320212677121">
        <time>2005-05-11T10:52:44-07:00</time>
      </trkpt>
      <trkpt lat="33.86942787095904" lon="-116.693220064044">
        <time>2005-05-11T10:52:45-07:00</time>
      </trkpt>
      <trkpt lat="33.869431894272566" lon="-116.69322232715786">
        <time>2005-05-11T10:52:50-07:00</time>
      </trkpt>
      <trkpt lat="33.86949333362281" lon="-116.69325434602797">
        <time>2005-05-11T10:52:52-07:00</time>
      </trkpt>
      <trkpt lat="33.86957329697907" lon="-116.69328980147839">
        <time>2005-05-11T10:52:57-07:00</time>
      </trkpt>
      <trkpt lat="33.86961135081947" lon="-116.69331444427371">
        <time>2005-05-11T10:52:58-07:00</time>
      </trkpt>
      <trkpt lat="33.86965770274401" lon="-116.69336716644466">
        <time>2005-05-11T10:53:01-07:00</time>
      </trkpt>
      <trkpt lat="33.8696838542819" lon="-116.69341636821628">
        <time>2005-05-11T10:53:02-07:00</time>
      </trkpt>
      <trkpt lat="33.86972182430327" lon="-116.69345165602863">
        <time>2005-05-11T10:53:07-07:00</time>
      </trkpt>
      <trkpt lat="33.86974395252764" lon="-116.69344453141093">
        <time>2005-05-11T10:53:14-07:00</time>
      </trkpt>
      <trkpt lat="33.869753926992416" lon="-116.69341402128339">
        <time>2005-05-11T10:53:18-07:00</time>
      </trkpt>
      <trkpt lat="33.86975015513599" lon="-116.69337370432913">
        <time>2005-05-11T10:53:24-07:00</time>
      </trkpt>
      <trkpt lat="33.869756357744336" lon="-116.693365406245">
        <time>2005-05-11T10:53:29-07:00</time>
      </trkpt>
      <trkpt lat="33.86975023895502" lon="-116.69334285892546">
        <time>2005-05-11T10:53:33-07:00</time>
      </trkpt>
      <trkpt lat="33.86975937522948" lon="-116.69332006014884">
        <time>2005-05-11T10:53:35-07:00</time>
      </trkpt>
      <trkpt lat="33.86977270245552" lon="-116.69331377372146">
        <time>2005-05-11T10:53:38-07:00</time>
      </trkpt>
      <trkpt lat="33.86981972493231" lon="-116.69328552670777">
        <time>2005-05-11T10:53:41-07:00</time>
      </trkpt>
      <trkpt lat="33.86985040269792" lon="-116.69327110983431">
        <time>2005-05-11T10:53:42-07:00</time>
      </trkpt>
      <trkpt lat="33.86987395584583" lon="-116.69322023168206">
        <time>2005-05-11T10:53:44-07:00</time>
      </trkpt>
      <trkpt lat="33.869882924482226" lon="-116.69311311095953">
        <time>2005-05-11T10:53:46-07:00</time>
      </trkpt>
      <trkpt lat="33.869883343577385" lon="-116.69304622337222">
        <time>2005-05-11T10:53:48-07:00</time>
      </trkpt>
      <trkpt lat="33.86988979764283" lon="-116.69302384369075">
        <time>2005-05-11T10:53:52-07:00</time>
      </trkpt>
      <trkpt lat="33.86990756727755" lon="-116.69294840656221">
        <time>2005-05-11T10:53:56-07:00</time>
      </trkpt>
      <trkpt lat="33.86993866413832" lon="-116.69287799857557">
        <time>2005-05-11T10:54:01-07:00</time>
      </trkpt>
      <trkpt lat="33.86994461528957" lon="-116.69286785647273">
        <time>2005-05-11T10:54:09-07:00</time>
      </trkpt>
      <trkpt lat="33.86995006352663" lon="-116.69280960224569">
        <time>2005-05-11T10:54:15-07:00</time>
      </trkpt>
      <trkpt lat="33.86995257809758" lon="-116.69279946014285">
        <time>2005-05-11T10:54:17-07:00</time>
      </trkpt>
      <trkpt lat="33.86997437104583" lon="-116.69273600913584">
        <time>2005-05-11T10:54:22-07:00</time>
      </trkpt>
      <trkpt lat="33.86997755616903" lon="-116.69272528029978">
        <time>2005-05-11T10:54:28-07:00</time>
      </trkpt>
      <trkpt lat="33.87000043876469" lon="-116.69266660697758">
        <time>2005-05-11T10:54:29-07:00</time>
      </trkpt>
      <trkpt lat="33.870028518140316" lon="-116.69262746348977">
        <time>2005-05-11T10:54:34-07:00</time>
      </trkpt>
      <trkpt lat="33.87002960778773" lon="-116.69261841103435">
        <time>2005-05-11T10:54:35-07:00</time>
      </trkpt>
      <trkpt lat="33.87003203853965" lon="-116.69256099499762">
        <time>2005-05-11T10:54:41-07:00</time>
      </trkpt>
      <trkpt lat="33.870042096823454" lon="-116.6925500985235">
        <time>2005-05-11T10:54:42-07:00</time>
      </trkpt>
      <trkpt lat="33.87004285119474" lon="-116.6925186663866">
        <time>2005-05-11T10:54:47-07:00</time>
      </trkpt>
      <trkpt lat="33.87004352174699" lon="-116.69250684790313">
        <time>2005-05-11T10:54:52-07:00</time>
      </trkpt>
      <trkpt lat="33.870060201734304" lon="-116.6924618370831">
        <time>2005-05-11T10:54:53-07:00</time>
      </trkpt>
      <trkpt lat="33.8700689189136" lon="-116.69238028116524">
        <time>2005-05-11T10:54:59-07:00</time>
      </trkpt>
      <trkpt lat="33.870070511475205" lon="-116.69230392202735">
        <time>2005-05-11T10:55:00-07:00</time>
      </trkpt>
      <trkpt lat="33.870076294988394" lon="-116.69226754456758">
        <time>2005-05-11T10:55:03-07:00</time>
      </trkpt>
      <trkpt lat="33.870084593072534" lon="-116.69224575161934">
        <time>2005-05-11T10:55:04-07:00</time>
      </trkpt>
      <trkpt lat="33.87009406462312" lon="-116.69223418459296">
        <time>2005-05-11T10:55:08-07:00</time>
      </trkpt>
      <trkpt lat="33.87011309154332" lon="-116.69218976050615">
        <time>2005-05-11T10:55:14-07:00</time>
      </trkpt>
      <trkpt lat="33.87011602520943" lon="-116.69212823733687">
        <time>2005-05-11T10:55:21-07:00</time>
      </trkpt>
      <trkpt lat="33.87011216953397" lon="-116.69210510328412">
        <time>2005-05-11T10:55:24-07:00</time>
      </trkpt>
      <trkpt lat="33.870108565315604" lon="-116.69207719154656">
        <time>2005-05-11T10:55:26-07:00</time>
      </trkpt>
      <trkpt lat="33.87011962942779" lon="-116.69203327037394">
        <time>2005-05-11T10:55:27-07:00</time>
      </trkpt>
      <trkpt lat="33.8701209705323" lon="-116.69198926538229">
        <time>2005-05-11T10:55:31-07:00</time>
      </trkpt>
      <trkpt lat="33.870126251131296" lon="-116.69197987765074">
        <time>2005-05-11T10:55:36-07:00</time>
      </trkpt>
      <trkpt lat="33.870133962482214" lon="-116.69193495064974">
        <time>2005-05-11T10:55:38-07:00</time>
      </trkpt>
      <trkpt lat="33.87014108709991" lon="-116.69191600754857">
        <time>2005-05-11T10:55:42-07:00</time>
      </trkpt>
      <trkpt lat="33.87015273794532" lon="-116.6918888501823">
        <time>2005-05-11T10:55:47-07:00</time>
      </trkpt>
      <trkpt lat="33.87016757391393" lon="-116.69185088016093">
        <time>2005-05-11T10:55:50-07:00</time>
      </trkpt>
      <trkpt lat="33.87017729692161" lon="-116.69184559956193">
        <time>2005-05-11T10:55:51-07:00</time>
      </trkpt>
      <trkpt lat="33.87021015398204" lon="-116.69179631397128">
        <time>2005-05-11T10:55:56-07:00</time>
      </trkpt>
      <trkpt lat="33.870217110961676" lon="-116.69179312884808">
        <time>2005-05-11T10:55:58-07:00</time>
      </trkpt>
      <trkpt lat="33.87022867798805" lon="-116.69180117547512">
        <time>2005-05-11T10:56:01-07:00</time>
      </trkpt>
      <trkpt lat="33.87023152783513" lon="-116.69179731979966">
        <time>2005-05-11T10:56:05-07:00</time>
      </trkpt>
      <trkpt lat="33.87026681564748" lon="-116.69176815077662">
        <time>2005-05-11T10:56:06-07:00</time>
      </trkpt>
      <trkpt lat="33.8702816516161" lon="-116.6917451005429">
        <time>2005-05-11T10:56:12-07:00</time>
      </trkpt>
      <trkpt lat="33.87028559111059" lon="-116.6917416639626">
        <time>2005-05-11T10:56:14-07:00</time>
      </trkpt>
      <trkpt lat="33.87028559111059" lon="-116.6917416639626">
        <time>2005-05-11T10:56:17-07:00</time>
      </trkpt>
      <trkpt lat="33.87028559111059" lon="-116.6917416639626">
        <time>2005-05-11T10:56:23-07:00</time>
      </trkpt>
      <trkpt lat="33.87028559111059" lon="-116.6917416639626">
        <time>2005-05-11T10:56:27-07:00</time>
      </trkpt>
      <trkpt lat="33.87028559111059" lon="-116.6917416639626">
        <time>2005-05-11T10:56:30-07:00</time>
      </trkpt>
      <trkpt lat="33.87028559111059" lon="-116.6917416639626">
        <time>2005-05-11T10:56:38-07:00</time>
      </trkpt>
      <trkpt lat="33.87028559111059" lon="-116.6917416639626">
        <time>2005-05-11T10:56:43-07:00</time>
      </trkpt>
      <trkpt lat="33.87028559111059" lon="-116.6917416639626">
        <time>2005-05-11T10:56:49-07:00</time>
      </trkpt>
      <trkpt lat="33.87028559111059" lon="-116.6917416639626">
        <time>2005-05-11T10:56:51-07:00</time>
      </trkpt>
      <trkpt lat="33.87028559111059" lon="-116.6917416639626">
        <time>2005-05-11T10:57:05-07:00</time>
      </trkpt>
      <trkpt lat="33.87028559111059" lon="-116.6917416639626">
        <time>2005-05-11T10:57:17-07:00</time>
      </trkpt>
      <trkpt lat="33.87028559111059" lon="-116.6917416639626">
        <time>2005-05-11T10:57:20-07:00</time>
      </trkpt>
      <trkpt lat="33.87028559111059" lon="-116.6917416639626">
        <time>2005-05-11T10:57:26-07:00</time>
      </trkpt>
      <trkpt lat="33.87028559111059" lon="-116.6917416639626">
        <time>2005-05-11T10:57:28-07:00</time>
      </trkpt>
      <trkpt lat="33.87028559111059" lon="-116.6917416639626">
        <time>2005-05-11T10:57:29-07:00</time>
      </trkpt>
      <trkpt lat="33.87028559111059" lon="-116.6917416639626">
        <time>2005-05-11T10:57:31-07:00</time>
      </trkpt>
      <trkpt lat="33.87028559111059" lon="-116.6917416639626">
        <time>2005-05-11T10:57:33-07:00</time>
      </trkpt>
      <trkpt lat="33.87028559111059" lon="-116.6917416639626">
        <time>2005-05-11T10:57:37-07:00</time>
      </trkpt>
      <trkpt lat="33.870286680758" lon="-116.69174283742905">
        <time>2005-05-11T10:57:38-07:00</time>
      </trkpt>
      <trkpt lat="33.87028726749122" lon="-116.69173856265843">
        <time>2005-05-11T10:57:48-07:00</time>
      </trkpt>
      <trkpt lat="33.87029020115733" lon="-116.69173772446811">
        <time>2005-05-11T10:58:00-07:00</time>
      </trkpt>
      <trkpt lat="33.87032196857035" lon="-116.69168592430651">
        <time>2005-05-11T10:58:01-07:00</time>
      </trkpt>
      <trkpt lat="33.87035105377436" lon="-116.69164845719934">
        <time>2005-05-11T10:58:11-07:00</time>
      </trkpt>
      <trkpt lat="33.87036446481943" lon="-116.69163127429783">
        <time>2005-05-11T10:58:16-07:00</time>
      </trkpt>
      <trkpt lat="33.8703902810812" lon="-116.69158140197396">
        <time>2005-05-11T10:58:23-07:00</time>
      </trkpt>
      <trkpt lat="33.87041869573295" lon="-116.69154460541904">
        <time>2005-05-11T10:58:29-07:00</time>
      </trkpt>
      <trkpt lat="33.870426742359996" lon="-116.69153161346912">
        <time>2005-05-11T10:58:35-07:00</time>
      </trkpt>
      <trkpt lat="33.87044241651893" lon="-116.6915014386177">
        <time>2005-05-11T10:58:39-07:00</time>
      </trkpt>
      <trkpt lat="33.870469154790044" lon="-116.6914723534137">
        <time>2005-05-11T10:58:42-07:00</time>
      </trkpt>
      <trkpt lat="33.870498072355986" lon="-116.6914274264127">
        <time>2005-05-11T10:58:49-07:00</time>
      </trkpt>
      <trkpt lat="33.870518608018756" lon="-116.69140554964542">
        <time>2005-05-11T10:58:55-07:00</time>
      </trkpt>
      <trkpt lat="33.87054073624313" lon="-116.69138652272522">
        <time>2005-05-11T10:58:58-07:00</time>
      </trkpt>
      <trkpt lat="33.87057443149388" lon="-116.69136255048215">
        <time>2005-05-11T10:59:02-07:00</time>
      </trkpt>
      <trkpt lat="33.87057803571224" lon="-116.69134922325611">
        <time>2005-05-11T10:59:07-07:00</time>
      </trkpt>
      <trkpt lat="33.87058365158737" lon="-116.69134209863842">
        <time>2005-05-11T10:59:13-07:00</time>
      </trkpt>
      <trkpt lat="33.87059764936566" lon="-116.69133220799267">
        <time>2005-05-11T10:59:16-07:00</time>
      </trkpt>
      <trkpt lat="33.87063360773027" lon="-116.69125878252089">
        <time>2005-05-11T10:59:19-07:00</time>
      </trkpt>
      <trkpt lat="33.87064198963344" lon="-116.6912358161062">
        <time>2005-05-11T10:59:23-07:00</time>
      </trkpt>
      <trkpt lat="33.87064198963344" lon="-116.6912358161062">
        <time>2005-05-11T10:59:25-07:00</time>
      </trkpt>
      <trkpt lat="33.87064307928085" lon="-116.69123464263976">
        <time>2005-05-11T10:59:26-07:00</time>
      </trkpt>
      <trkpt lat="33.8706424087286" lon="-116.69123355299234">
        <time>2005-05-11T10:59:30-07:00</time>
      </trkpt>
      <trkpt lat="33.870643666014075" lon="-116.69123665429652">
        <time>2005-05-11T10:59:38-07:00</time>
      </trkpt>
      <trkpt lat="33.87065179646015" lon="-116.69123430736363">
        <time>2005-05-11T10:59:46-07:00</time>
      </trkpt>
      <trkpt lat="33.870666548609734" lon="-116.69122399762273">
        <time>2005-05-11T10:59:53-07:00</time>
      </trkpt>
      <trkpt lat="33.87068850919604" lon="-116.69121553190053">
        <time>2005-05-11T11:00:00-07:00</time>
      </trkpt>
      <trkpt lat="33.8706992380321" lon="-116.69120237231255">
        <time>2005-05-11T11:00:05-07:00</time>
      </trkpt>
      <trkpt lat="33.87072840705514" lon="-116.69118007645011">
        <time>2005-05-11T11:00:10-07:00</time>
      </trkpt>
      <trkpt lat="33.870743326842785" lon="-116.69115409255028">
        <time>2005-05-11T11:00:15-07:00</time>
      </trkpt>
      <trkpt lat="33.87074735015631" lon="-116.69114705175161">
        <time>2005-05-11T11:00:17-07:00</time>
      </trkpt>
      <trkpt lat="33.87075296603143" lon="-116.69114059768617">
        <time>2005-05-11T11:00:21-07:00</time>
      </trkpt>
      <trkpt lat="33.870791271328926" lon="-116.69109835289419">
        <time>2005-05-11T11:00:24-07:00</time>
      </trkpt>
      <trkpt lat="33.87081633321941" lon="-116.69108284637332">
        <time>2005-05-11T11:00:28-07:00</time>
      </trkpt>
      <trkpt lat="33.870827397331595" lon="-116.69107681140304">
        <time>2005-05-11T11:00:31-07:00</time>
      </trkpt>
      <trkpt lat="33.87085514143109" lon="-116.69105619192123">
        <time>2005-05-11T11:00:32-07:00</time>
      </trkpt>
      <trkpt lat="33.8709082826972" lon="-116.69100699014962">
        <time>2005-05-11T11:00:33-07:00</time>
      </trkpt>
      <trkpt lat="33.870962681248784" lon="-116.69098821468651">
        <time>2005-05-11T11:00:38-07:00</time>
      </trkpt>
      <trkpt lat="33.87097533792257" lon="-116.69098402373493">
        <time>2005-05-11T11:00:41-07:00</time>
      </trkpt>
      <trkpt lat="33.87099076062441" lon="-116.69097756966949">
        <time>2005-05-11T11:00:42-07:00</time>
      </trkpt>
      <trkpt lat="33.87102780863643" lon="-116.69095200486481">
        <time>2005-05-11T11:00:45-07:00</time>
      </trkpt>
      <trkpt lat="33.871035100892186" lon="-116.690941946581">
        <time>2005-05-11T11:00:52-07:00</time>
      </trkpt>
      <trkpt lat="33.871057564392686" lon="-116.69093515723944">
        <time>2005-05-11T11:00:57-07:00</time>
      </trkpt>
      <trkpt lat="33.871102491393685" lon="-116.69091369956732">
        <time>2005-05-11T11:00:58-07:00</time>
      </trkpt>
      <trkpt lat="33.87112529017031" lon="-116.69089525938034">
        <time>2005-05-11T11:01:00-07:00</time>
      </trkpt>
      <trkpt lat="33.87114557437599" lon="-116.69088201597333">
        <time>2005-05-11T11:01:04-07:00</time>
      </trkpt>
      <trkpt lat="33.87115018442273" lon="-116.69087204150856">
        <time>2005-05-11T11:01:07-07:00</time>
      </trkpt>
      <trkpt lat="33.8711810298264" lon="-116.69085703790188">
        <time>2005-05-11T11:01:10-07:00</time>
      </trkpt>
      <trkpt lat="33.8712122105062" lon="-116.6908251028508">
        <time>2005-05-11T11:01:15-07:00</time>
      </trkpt>
      <trkpt lat="33.87124489992857" lon="-116.69080196879804">
        <time>2005-05-11T11:01:18-07:00</time>
      </trkpt>
      <trkpt lat="33.87125470675528" lon="-116.69079358689487">
        <time>2005-05-11T11:01:21-07:00</time>
      </trkpt>
      <trkpt lat="33.87128261849284" lon="-116.69076232239604">
        <time>2005-05-11T11:01:23-07:00</time>
      </trkpt>
      <trkpt lat="33.87130902148783" lon="-116.69073080644011">
        <time>2005-05-11T11:01:29-07:00</time>
      </trkpt>
      <trkpt lat="33.87131136842072" lon="-116.690733153373">
        <time>2005-05-11T11:01:34-07:00</time>
      </trkpt>
      <trkpt lat="33.871346320956945" lon="-116.69072871096432">
        <time>2005-05-11T11:01:40-07:00</time>
      </trkpt>
      <trkpt lat="33.87139250524342" lon="-116.69070733711123">
        <time>2005-05-11T11:01:43-07:00</time>
      </trkpt>
      <trkpt lat="33.87142376974225" lon="-116.69069962576032">
        <time>2005-05-11T11:01:48-07:00</time>
      </trkpt>
      <trkpt lat="33.87149057351053" lon="-116.6906779166311">
        <time>2005-05-11T11:01:53-07:00</time>
      </trkpt>
      <trkpt lat="33.87155025266111" lon="-116.69062871485949">
        <time>2005-05-11T11:01:54-07:00</time>
      </trkpt>
      <trkpt lat="33.87160062789917" lon="-116.69062703847885">
        <time>2005-05-11T11:01:58-07:00</time>
      </trkpt>
      <trkpt lat="33.87164840474725" lon="-116.6905935946852">
        <time>2005-05-11T11:02:03-07:00</time>
      </trkpt>
      <trkpt lat="33.87165770865977" lon="-116.69058999046683">
        <time>2005-05-11T11:02:06-07:00</time>
      </trkpt>
      <trkpt lat="33.8716940023005" lon="-116.69055067934096">
        <time>2005-05-11T11:02:12-07:00</time>
      </trkpt>
      <trkpt lat="33.8717080000788" lon="-116.69054254889488">
        <time>2005-05-11T11:02:19-07:00</time>
      </trkpt>
      <trkpt lat="33.871719567105174" lon="-116.69054263271391">
        <time>2005-05-11T11:02:26-07:00</time>
      </trkpt>
      <trkpt lat="33.871736750006676" lon="-116.69053793884814">
        <time>2005-05-11T11:02:32-07:00</time>
      </trkpt>
      <trkpt lat="33.87178880162537" lon="-116.6904863063246">
        <time>2005-05-11T11:02:33-07:00</time>
      </trkpt>
      <trkpt lat="33.87183548882604" lon="-116.69047113507986">
        <time>2005-05-11T11:02:38-07:00</time>
      </trkpt>
      <trkpt lat="33.87184739112854" lon="-116.69046736322343">
        <time>2005-05-11T11:02:40-07:00</time>
      </trkpt>
      <trkpt lat="33.871880332008004" lon="-116.69045303016901">
        <time>2005-05-11T11:02:44-07:00</time>
      </trkpt>
      <trkpt lat="33.87189902365208" lon="-116.69043894857168">
        <time>2005-05-11T11:02:46-07:00</time>
      </trkpt>
      <trkpt lat="33.871908662840724" lon="-116.69044154696167">
        <time>2005-05-11T11:02:54-07:00</time>
      </trkpt>
      <trkpt lat="33.87195350602269" lon="-116.69043023139238">
        <time>2005-05-11T11:03:02-07:00</time>
      </trkpt>
      <trkpt lat="33.87200530618429" lon="-116.69042796827853">
        <time>2005-05-11T11:03:04-07:00</time>
      </trkpt>
      <trkpt lat="33.872038163244724" lon="-116.69041715562344">
        <time>2005-05-11T11:03:08-07:00</time>
      </trkpt>
      <trkpt lat="33.87208795174956" lon="-116.69040131382644">
        <time>2005-05-11T11:03:13-07:00</time>
      </trkpt>
      <trkpt lat="33.87214746326208" lon="-116.69038170017302">
        <time>2005-05-11T11:03:15-07:00</time>
      </trkpt>
      <trkpt lat="33.872157437726855" lon="-116.69036996550858">
        <time>2005-05-11T11:03:21-07:00</time>
      </trkpt>
      <trkpt lat="33.87219155207276" lon="-116.69033744372427">
        <time>2005-05-11T11:03:27-07:00</time>
      </trkpt>
      <trkpt lat="33.8722347188741" lon="-116.69029042124748">
        <time>2005-05-11T11:03:30-07:00</time>
      </trkpt>
      <trkpt lat="33.872272269800305" lon="-116.69027667492628">
        <time>2005-05-11T11:03:38-07:00</time>
      </trkpt>
      <trkpt lat="33.87228769250214" lon="-116.69025739654899">
        <time>2005-05-11T11:03:44-07:00</time>
      </trkpt>
      <trkpt lat="33.87232465669513" lon="-116.69023359194398">
        <time>2005-05-11T11:03:45-07:00</time>
      </trkpt>
      <trkpt lat="33.872338151559234" lon="-116.69023610651493">
        <time>2005-05-11T11:03:49-07:00</time>
      </trkpt>
      <trkpt lat="33.87239280156791" lon="-116.6902294009924">
        <time>2005-05-11T11:03:55-07:00</time>
      </trkpt>
      <trkpt lat="33.87243756093085" lon="-116.69020157307386">
        <time>2005-05-11T11:04:00-07:00</time>
      </trkpt>
      <trkpt lat="33.87245524674654" lon="-116.69017952866852">
        <time>2005-05-11T11:04:02-07:00</time>
      </trkpt>
      <trkpt lat="33.87248273938894" lon="-116.69015027582645">
        <time>2005-05-11T11:04:07-07:00</time>
      </trkpt>
      <trkpt lat="33.87249179184437" lon="-116.69014306738973">
        <time>2005-05-11T11:04:08-07:00</time>
      </trkpt>
      <trkpt lat="33.87252112850547" lon="-116.69012521393597">
        <time>2005-05-11T11:04:13-07:00</time>
      </trkpt>
      <trkpt lat="33.87256915681064" lon="-116.69009294360876">
        <time>2005-05-11T11:04:19-07:00</time>
      </trkpt>
      <trkpt lat="33.87261810712516" lon="-116.69007500633597">
        <time>2005-05-11T11:04:21-07:00</time>
      </trkpt>
      <trkpt lat="33.872646605595946" lon="-116.69005924835801">
        <time>2005-05-11T11:04:26-07:00</time>
      </trkpt>
      <trkpt lat="33.872671416029334" lon="-116.69002748094499">
        <time>2005-05-11T11:04:29-07:00</time>
      </trkpt>
      <trkpt lat="33.872696394100785" lon="-116.68998464941978">
        <time>2005-05-11T11:04:34-07:00</time>
      </trkpt>
      <trkpt lat="33.8727424107492" lon="-116.68992413207889">
        <time>2005-05-11T11:04:41-07:00</time>
      </trkpt>
      <trkpt lat="33.872768729925156" lon="-116.68988708406687">
        <time>2005-05-11T11:04:46-07:00</time>
      </trkpt>
      <trkpt lat="33.87278758920729" lon="-116.68987400829792">
        <time>2005-05-11T11:04:52-07:00</time>
      </trkpt>
      <trkpt lat="33.87280913069844" lon="-116.68980837799609">
        <time>2005-05-11T11:04:55-07:00</time>
      </trkpt>
      <trkpt lat="33.87283343821764" lon="-116.68975314125419">
        <time>2005-05-11T11:04:59-07:00</time>
      </trkpt>
      <trkpt lat="33.87286260724068" lon="-116.68973981402814">
        <time>2005-05-11T11:05:05-07:00</time>
      </trkpt>
      <trkpt lat="33.87288959696889" lon="-116.68972942046821">
        <time>2005-05-11T11:05:09-07:00</time>
      </trkpt>
      <trkpt lat="33.87290133163333" lon="-116.68972363695502">
        <time>2005-05-11T11:05:11-07:00</time>
      </trkpt>
      <trkpt lat="33.87291667051613" lon="-116.68972866609693">
        <time>2005-05-11T11:05:18-07:00</time>
      </trkpt>
      <trkpt lat="33.872933853417635" lon="-116.68973260559142">
        <time>2005-05-11T11:05:23-07:00</time>
      </trkpt>
      <trkpt lat="33.87297266162932" lon="-116.68970628641546">
        <time>2005-05-11T11:05:28-07:00</time>
      </trkpt>
      <trkpt lat="33.873006692156196" lon="-116.6896849963814">
        <time>2005-05-11T11:05:32-07:00</time>
      </trkpt>
      <trkpt lat="33.8730133138597" lon="-116.68967359699309">
        <time>2005-05-11T11:05:33-07:00</time>
      </trkpt>
      <trkpt lat="33.873021779581904" lon="-116.68966739438474">
        <time>2005-05-11T11:05:35-07:00</time>
      </trkpt>
      <trkpt lat="33.87303820811212" lon="-116.68964325450361">
        <time>2005-05-11T11:05:37-07:00</time>
      </trkpt>
      <trkpt lat="33.87303812429309" lon="-116.6896347887814">
        <time>2005-05-11T11:05:41-07:00</time>
      </trkpt>
      <trkpt lat="33.873037453740835" lon="-116.68962699361145">
        <time>2005-05-11T11:05:45-07:00</time>
      </trkpt>
      <trkpt lat="33.87304097414017" lon="-116.68962514959276">
        <time>2005-05-11T11:05:46-07:00</time>
      </trkpt>
      <trkpt lat="33.87306570075452" lon="-116.68960025534034">
        <time>2005-05-11T11:05:47-07:00</time>
      </trkpt>
      <trkpt lat="33.87308665551245" lon="-116.68956966139376">
        <time>2005-05-11T11:05:50-07:00</time>
      </trkpt>
      <trkpt lat="33.8730912655592" lon="-116.68956044130027">
        <time>2005-05-11T11:05:51-07:00</time>
      </trkpt>
      <trkpt lat="33.87314616702497" lon="-116.68954920955002">
        <time>2005-05-11T11:05:52-07:00</time>
      </trkpt>
      <trkpt lat="33.87316779233515" lon="-116.6895451862365">
        <time>2005-05-11T11:05:53-07:00</time>
      </trkpt>
      <trkpt lat="33.87318187393248" lon="-116.6895399056375">
        <time>2005-05-11T11:05:58-07:00</time>
      </trkpt>
      <trkpt lat="33.87319209985435" lon="-116.68953395448625">
        <time>2005-05-11T11:06:01-07:00</time>
      </trkpt>
      <trkpt lat="33.8732207659632" lon="-116.68952842243016">
        <time>2005-05-11T11:06:02-07:00</time>
      </trkpt>
      <trkpt lat="33.87324649840593" lon="-116.68952037580311">
        <time>2005-05-11T11:06:08-07:00</time>
      </trkpt>
      <trkpt lat="33.87327566742897" lon="-116.68948701582849">
        <time>2005-05-11T11:06:11-07:00</time>
      </trkpt>
      <trkpt lat="33.873298382386565" lon="-116.68948165141046">
        <time>2005-05-11T11:06:13-07:00</time>
      </trkpt>
      <trkpt lat="33.87336610816419" lon="-116.68946966528893">
        <time>2005-05-11T11:06:14-07:00</time>
      </trkpt>
      <trkpt lat="33.87337231077254" lon="-116.68946119956672">
        <time>2005-05-11T11:06:17-07:00</time>
      </trkpt>
      <trkpt lat="33.873422015458345" lon="-116.68943756259978">
        <time>2005-05-11T11:06:20-07:00</time>
      </trkpt>
      <trkpt lat="33.8734641764313" lon="-116.68939204886556">
        <time>2005-05-11T11:06:24-07:00</time>
      </trkpt>
      <trkpt lat="33.87349803932011" lon="-116.6893395781517">
        <time>2005-05-11T11:06:26-07:00</time>
      </trkpt>
      <trkpt lat="33.87357330881059" lon="-116.68932013213634">
        <time>2005-05-11T11:06:32-07:00</time>
      </trkpt>
      <trkpt lat="33.873579679057" lon="-116.68930931948125">
        <time>2005-05-11T11:06:33-07:00</time>
      </trkpt>
      <trkpt lat="33.8736161403358" lon="-116.68928953818977">
        <time>2005-05-11T11:06:39-07:00</time>
      </trkpt>
      <trkpt lat="33.87362603098154" lon="-116.68928232975304">
        <time>2005-05-11T11:06:45-07:00</time>
      </trkpt>
      <trkpt lat="33.87364799156785" lon="-116.68923924677074">
        <time>2005-05-11T11:06:51-07:00</time>
      </trkpt>
      <trkpt lat="33.873656960204244" lon="-116.689218794927">
        <time>2005-05-11T11:06:58-07:00</time>
      </trkpt>
      <trkpt lat="33.87366349808872" lon="-116.6892121732235">
        <time>2005-05-11T11:06:59-07:00</time>
      </trkpt>
      <trkpt lat="33.87370213866234" lon="-116.68914687819779">
        <time>2005-05-11T11:07:03-07:00</time>
      </trkpt>
      <trkpt lat="33.873702893033624" lon="-116.68910312466323">
        <time>2005-05-11T11:07:04-07:00</time>
      </trkpt>
      <trkpt lat="33.87369400821626" lon="-116.68908485211432">
        <time>2005-05-11T11:07:08-07:00</time>
      </trkpt>
      <trkpt lat="33.87368571013212" lon="-116.68904076330364">
        <time>2005-05-11T11:07:10-07:00</time>
      </trkpt>
      <trkpt lat="33.873687805607915" lon="-116.68895711190999">
        <time>2005-05-11T11:07:11-07:00</time>
      </trkpt>
      <trkpt lat="33.873702473938465" lon="-116.6889325529337">
        <time>2005-05-11T11:07:17-07:00</time>
      </trkpt>
      <trkpt lat="33.873717561364174" lon="-116.68891344219446">
        <time>2005-05-11T11:07:21-07:00</time>
      </trkpt>
      <trkpt lat="33.87373432517052" lon="-116.6888749692589">
        <time>2005-05-11T11:07:23-07:00</time>
      </trkpt>
      <trkpt lat="33.87378620915115" lon="-116.68880238197744">
        <time>2005-05-11T11:07:29-07:00</time>
      </trkpt>
      <trkpt lat="33.87378922663629" lon="-116.68880145996809">
        <time>2005-05-11T11:07:34-07:00</time>
      </trkpt>
      <trkpt lat="33.873834824189544" lon="-116.68878712691367">
        <time>2005-05-11T11:07:36-07:00</time>
      </trkpt>
      <trkpt lat="33.87386893853545" lon="-116.6887578740716">
        <time>2005-05-11T11:07:38-07:00</time>
      </trkpt>
      <trkpt lat="33.87386818416417" lon="-116.6887335665524">
        <time>2005-05-11T11:07:41-07:00</time>
      </trkpt>
      <trkpt lat="33.87386793270707" lon="-116.68871814385056">
        <time>2005-05-11T11:07:48-07:00</time>
      </trkpt>
      <trkpt lat="33.8738907314837" lon="-116.68866684660316">
        <time>2005-05-11T11:07:49-07:00</time>
      </trkpt>
      <trkpt lat="33.873896431177855" lon="-116.68863952159882">
        <time>2005-05-11T11:07:53-07:00</time>
      </trkpt>
      <trkpt lat="33.87390028685331" lon="-116.6886059101671">
        <time>2005-05-11T11:07:57-07:00</time>
      </trkpt>
      <trkpt lat="33.87389961630106" lon="-116.68859518133104">
        <time>2005-05-11T11:07:59-07:00</time>
      </trkpt>
      <trkpt lat="33.87390925548971" lon="-116.68855444528162">
        <time>2005-05-11T11:08:00-07:00</time>
      </trkpt>
      <trkpt lat="33.87391914613545" lon="-116.68852376751602">
        <time>2005-05-11T11:08:05-07:00</time>
      </trkpt>
      <trkpt lat="33.87392015196383" lon="-116.68851203285158">
        <time>2005-05-11T11:08:08-07:00</time>
      </trkpt>
      <trkpt lat="33.873934065923095" lon="-116.68848747387528">
        <time>2005-05-11T11:08:11-07:00</time>
      </trkpt>
      <trkpt lat="33.873939933255315" lon="-116.68848127126694">
        <time>2005-05-11T11:08:12-07:00</time>
      </trkpt>
      <trkpt lat="33.87396809644997" lon="-116.68846366927028">
        <time>2005-05-11T11:08:16-07:00</time>
      </trkpt>
      <trkpt lat="33.87398955412209" lon="-116.68845880776644">
        <time>2005-05-11T11:08:19-07:00</time>
      </trkpt>
      <trkpt lat="33.87407798320055" lon="-116.68845361098647">
        <time>2005-05-11T11:08:20-07:00</time>
      </trkpt>
      <trkpt lat="33.8741428591311" lon="-116.68846006505191">
        <time>2005-05-11T11:08:24-07:00</time>
      </trkpt>
      <trkpt lat="33.874163730069995" lon="-116.68847565539181">
        <time>2005-05-11T11:08:25-07:00</time>
      </trkpt>
      <trkpt lat="33.87419491074979" lon="-116.6885128710419">
        <time>2005-05-11T11:08:28-07:00</time>
      </trkpt>
      <trkpt lat="33.87420253828168" lon="-116.68852200731635">
        <time>2005-05-11T11:08:30-07:00</time>
      </trkpt>
      <trkpt lat="33.87424017302692" lon="-116.68858654797077">
        <time>2005-05-11T11:08:37-07:00</time>
      </trkpt>
      <trkpt lat="33.87429314665496" lon="-116.68861588463187">
        <time>2005-05-11T11:08:43-07:00</time>
      </trkpt>
      <trkpt lat="33.87432675808668" lon="-116.68862803839147">
        <time>2005-05-11T11:08:45-07:00</time>
      </trkpt>
      <trkpt lat="33.874374870210886" lon="-116.68862728402019">
        <time>2005-05-11T11:08:49-07:00</time>
      </trkpt>
      <trkpt lat="33.87444745749235" lon="-116.68860423378646">
        <time>2005-05-11T11:08:50-07:00</time>
      </trkpt>
      <trkpt lat="33.874488696455956" lon="-116.68855335563421">
        <time>2005-05-11T11:08:56-07:00</time>
      </trkpt>
      <trkpt lat="33.87456321157515" lon="-116.68851882219315">
        <time>2005-05-11T11:09:01-07:00</time>
      </trkpt>
      <trkpt lat="33.874575197696686" lon="-116.68851664289832">
        <time>2005-05-11T11:09:04-07:00</time>
      </trkpt>
      <trkpt lat="33.87462071143091" lon="-116.68851387687027">
        <time>2005-05-11T11:09:08-07:00</time>
      </trkpt>
      <trkpt lat="33.87462909333408" lon="-116.68850876390934">
        <time>2005-05-11T11:09:13-07:00</time>
      </trkpt>
      <trkpt lat="33.87467066757381" lon="-116.68846375308931">
        <time>2005-05-11T11:09:18-07:00</time>
      </trkpt>
      <trkpt lat="33.87472498230636" lon="-116.6884557902813">
        <time>2005-05-11T11:09:25-07:00</time>
      </trkpt>
      <trkpt lat="33.87473872862756" lon="-116.68844791129231">
        <time>2005-05-11T11:09:26-07:00</time>
      </trkpt>
      <trkpt lat="33.87479765340686" lon="-116.68842284940183">
        <time>2005-05-11T11:09:30-07:00</time>
      </trkpt>
      <trkpt lat="33.87480695731938" lon="-116.6884190775454">
        <time>2005-05-11T11:09:31-07:00</time>
      </trkpt>
      <trkpt lat="33.87481525540352" lon="-116.68840290047228">
        <time>2005-05-11T11:09:36-07:00</time>
      </trkpt>
      <trkpt lat="33.874850710853934" lon="-116.68836652301252">
        <time>2005-05-11T11:09:40-07:00</time>
      </trkpt>
      <trkpt lat="33.8748646248132" lon="-116.6883693728596">
        <time>2005-05-11T11:09:41-07:00</time>
      </trkpt>
      <trkpt lat="33.87490460649133" lon="-116.68833542615175">
        <time>2005-05-11T11:09:46-07:00</time>
      </trkpt>
      <trkpt lat="33.87491097673774" lon="-116.6883194167167">
        <time>2005-05-11T11:09:47-07:00</time>
      </trkpt>
      <trkpt lat="33.87494425289333" lon="-116.68827029876411">
        <time>2005-05-11T11:09:48-07:00</time>
      </trkpt>
      <trkpt lat="33.87499211356044" lon="-116.6882538702339">
        <time>2005-05-11T11:09:52-07:00</time>
      </trkpt>
      <trkpt lat="33.875001752749085" lon="-116.68824456632137">
        <time>2005-05-11T11:09:53-07:00</time>
      </trkpt>
      <trkpt lat="33.87505422346294" lon="-116.68823165819049">
        <time>2005-05-11T11:09:57-07:00</time>
      </trkpt>
      <trkpt lat="33.87508942745626" lon="-116.68822017498314">
        <time>2005-05-11T11:09:58-07:00</time>
      </trkpt>
      <trkpt lat="33.87510795146227" lon="-116.68821112252772">
        <time>2005-05-11T11:10:02-07:00</time>
      </trkpt>
      <trkpt lat="33.875144831836224" lon="-116.68818027712405">
        <time>2005-05-11T11:10:07-07:00</time>
      </trkpt>
      <trkpt lat="33.87519931420684" lon="-116.68812629766762">
        <time>2005-05-11T11:10:08-07:00</time>
      </trkpt>
      <trkpt lat="33.875225968658924" lon="-116.68810492381454">
        <time>2005-05-11T11:10:12-07:00</time>
      </trkpt>
      <trkpt lat="33.875225968658924" lon="-116.68810492381454">
        <time>2005-05-11T11:10:16-07:00</time>
      </trkpt>
      <trkpt lat="33.875225968658924" lon="-116.68810492381454">
        <time>2005-05-11T11:10:18-07:00</time>
      </trkpt>
      <trkpt lat="33.875225968658924" lon="-116.68810492381454">
        <time>2005-05-11T11:10:22-07:00</time>
      </trkpt>
      <trkpt lat="33.875225968658924" lon="-116.68810492381454">
        <time>2005-05-11T11:10:29-07:00</time>
      </trkpt>
      <trkpt lat="33.875225968658924" lon="-116.68810492381454">
        <time>2005-05-11T11:10:35-07:00</time>
      </trkpt>
      <trkpt lat="33.875225968658924" lon="-116.68810492381454">
        <time>2005-05-11T11:10:40-07:00</time>
      </trkpt>
      <trkpt lat="33.875225968658924" lon="-116.68810492381454">
        <time>2005-05-11T11:10:42-07:00</time>
      </trkpt>
      <trkpt lat="33.875225968658924" lon="-116.68810492381454">
        <time>2005-05-11T11:10:54-07:00</time>
      </trkpt>
      <trkpt lat="33.875234769657254" lon="-116.68809570372105">
        <time>2005-05-11T11:10:56-07:00</time>
      </trkpt>
      <trkpt lat="33.875232422724366" lon="-116.6880947817117">
        <time>2005-05-11T11:11:03-07:00</time>
      </trkpt>
      <trkpt lat="33.87523300945759" lon="-116.6880945302546">
        <time>2005-05-11T11:11:06-07:00</time>
      </trkpt>
      <trkpt lat="33.87523300945759" lon="-116.68809444643557">
        <time>2005-05-11T11:11:12-07:00</time>
      </trkpt>
      <trkpt lat="33.87524541467428" lon="-116.68808329850435">
        <time>2005-05-11T11:11:19-07:00</time>
      </trkpt>
      <trkpt lat="33.875287156552076" lon="-116.68806896544993">
        <time>2005-05-11T11:11:24-07:00</time>
      </trkpt>
      <trkpt lat="33.875350607559085" lon="-116.68805127963424">
        <time>2005-05-11T11:11:25-07:00</time>
      </trkpt>
      <trkpt lat="33.875433253124356" lon="-116.688077095896">
        <time>2005-05-11T11:11:28-07:00</time>
      </trkpt>
      <trkpt lat="33.87549142353237" lon="-116.68813484720886">
        <time>2005-05-11T11:11:30-07:00</time>
      </trkpt>
      <trkpt lat="33.875551437959075" lon="-116.68814297765493">
        <time>2005-05-11T11:11:37-07:00</time>
      </trkpt>
      <trkpt lat="33.875613966956735" lon="-116.68813752941787">
        <time>2005-05-11T11:11:41-07:00</time>
      </trkpt>
      <trkpt lat="33.875627126544714" lon="-116.68813819997013">
        <time>2005-05-11T11:11:47-07:00</time>
      </trkpt>
      <trkpt lat="33.875678507611156" lon="-116.68814457021654">
        <time>2005-05-11T11:11:54-07:00</time>
      </trkpt>
      <trkpt lat="33.875690745189786" lon="-116.68815596960485">
        <time>2005-05-11T11:11:59-07:00</time>
      </trkpt>
      <trkpt lat="33.87572108767927" lon="-116.68818061240017">
        <time>2005-05-11T11:12:05-07:00</time>
      </trkpt>
      <trkpt lat="33.87574480846524" lon="-116.68819368816912">
        <time>2005-05-11T11:12:10-07:00</time>
      </trkpt>
      <trkpt lat="33.87576417066157" lon="-116.68820458464324">
        <time>2005-05-11T11:12:11-07:00</time>
      </trkpt>
      <trkpt lat="33.87579929083586" lon="-116.68821313418448">
        <time>2005-05-11T11:12:16-07:00</time>
      </trkpt>
      <trkpt lat="33.87581001967192" lon="-116.68820969760418">
        <time>2005-05-11T11:12:17-07:00</time>
      </trkpt>
      <trkpt lat="33.87584086507559" lon="-116.68818773701787">
        <time>2005-05-11T11:12:20-07:00</time>
      </trkpt>
      <trkpt lat="33.8758575450629" lon="-116.6881806962192">
        <time>2005-05-11T11:12:22-07:00</time>
      </trkpt>
      <trkpt lat="33.87589241378009" lon="-116.68819880113006">
        <time>2005-05-11T11:12:24-07:00</time>
      </trkpt>
      <trkpt lat="33.875924684107304" lon="-116.68822637759149">
        <time>2005-05-11T11:12:27-07:00</time>
      </trkpt>
      <trkpt lat="33.875952176749706" lon="-116.68827063404024">
        <time>2005-05-11T11:12:28-07:00</time>
      </trkpt>
      <trkpt lat="33.875967683270574" lon="-116.68829678557813">
        <time>2005-05-11T11:12:32-07:00</time>
      </trkpt>
      <trkpt lat="33.875997019931674" lon="-116.68834221549332">
        <time>2005-05-11T11:12:34-07:00</time>
      </trkpt>
      <trkpt lat="33.87602208182216" lon="-116.68838202953339">
        <time>2005-05-11T11:12:37-07:00</time>
      </trkpt>
      <trkpt lat="33.876041527837515" lon="-116.68840298429132">
        <time>2005-05-11T11:12:40-07:00</time>
      </trkpt>
      <trkpt lat="33.87609106488526" lon="-116.68841606006026">
        <time>2005-05-11T11:12:43-07:00</time>
      </trkpt>
      <trkpt lat="33.87610330246389" lon="-116.68841983191669">
        <time>2005-05-11T11:12:45-07:00</time>
      </trkpt>
      <trkpt lat="33.876155856996775" lon="-116.6884468216449">
        <time>2005-05-11T11:12:49-07:00</time>
      </trkpt>
      <trkpt lat="33.876218469813466" lon="-116.68850348331034">
        <time>2005-05-11T11:12:52-07:00</time>
      </trkpt>
      <trkpt lat="33.87627479620278" lon="-116.68853759765625">
        <time>2005-05-11T11:12:55-07:00</time>
      </trkpt>
      <trkpt lat="33.87632332742214" lon="-116.6885453928262">
        <time>2005-05-11T11:12:59-07:00</time>
      </trkpt>
      <trkpt lat="33.87637018226087" lon="-116.68856617994606">
        <time>2005-05-11T11:13:00-07:00</time>
      </trkpt>
      <trkpt lat="33.87643841095269" lon="-116.68860146775842">
        <time>2005-05-11T11:13:04-07:00</time>
      </trkpt>
      <trkpt lat="33.876466155052185" lon="-116.6886455565691">
        <time>2005-05-11T11:13:11-07:00</time>
      </trkpt>
      <trkpt lat="33.87647948227823" lon="-116.68867950327694">
        <time>2005-05-11T11:13:16-07:00</time>
      </trkpt>
      <trkpt lat="33.876500017941" lon="-116.68870330788195">
        <time>2005-05-11T11:13:20-07:00</time>
      </trkpt>
      <trkpt lat="33.876573108136654" lon="-116.68874739669263">
        <time>2005-05-11T11:13:25-07:00</time>
      </trkpt>
      <trkpt lat="33.876628847792745" lon="-116.68878679163754">
        <time>2005-05-11T11:13:32-07:00</time>
      </trkpt>
      <trkpt lat="33.87667151167989" lon="-116.68881705030799">
        <time>2005-05-11T11:13:36-07:00</time>
      </trkpt>
      <trkpt lat="33.87669556774199" lon="-116.68885493651032">
        <time>2005-05-11T11:13:39-07:00</time>
      </trkpt>
      <trkpt lat="33.87671006843448" lon="-116.68887119740248">
        <time>2005-05-11T11:13:41-07:00</time>
      </trkpt>
      <trkpt lat="33.87673621997237" lon="-116.68889625929296">
        <time>2005-05-11T11:13:48-07:00</time>
      </trkpt>
      <trkpt lat="33.87677259743214" lon="-116.68892836198211">
        <time>2005-05-11T11:13:54-07:00</time>
      </trkpt>
      <trkpt lat="33.876785757020116" lon="-116.6889357380569">
        <time>2005-05-11T11:13:58-07:00</time>
      </trkpt>
      <trkpt lat="33.87686647474766" lon="-116.68898284435272">
        <time>2005-05-11T11:14:01-07:00</time>
      </trkpt>
      <trkpt lat="33.8768972363323" lon="-116.68901570141315">
        <time>2005-05-11T11:14:03-07:00</time>
      </trkpt>
      <trkpt lat="33.87695389799774" lon="-116.68909558095038">
        <time>2005-05-11T11:14:06-07:00</time>
      </trkpt>
      <trkpt lat="33.876988431438804" lon="-116.68912600725889">
        <time>2005-05-11T11:14:10-07:00</time>
      </trkpt>
      <trkpt lat="33.8770230486989" lon="-116.68917898088694">
        <time>2005-05-11T11:14:11-07:00</time>
      </trkpt>
      <trkpt lat="33.87704878114164" lon="-116.6891910508275">
        <time>2005-05-11T11:14:17-07:00</time>
      </trkpt>
      <trkpt lat="33.87709932401776" lon="-116.68922943994403">
        <time>2005-05-11T11:14:21-07:00</time>
      </trkpt>
      <trkpt lat="33.877170234918594" lon="-116.68925902806222">
        <time>2005-05-11T11:14:28-07:00</time>
      </trkpt>
      <trkpt lat="33.877181466668844" lon="-116.6892708465457">
        <time>2005-05-11T11:14:32-07:00</time>
      </trkpt>
      <trkpt lat="33.87721440754831" lon="-116.689298087731">
        <time>2005-05-11T11:14:37-07:00</time>
      </trkpt>
      <trkpt lat="33.877221615985036" lon="-116.68929431587458">
        <time>2005-05-11T11:14:40-07:00</time>
      </trkpt>
      <trkpt lat="33.8772458396852" lon="-116.68930236250162">
        <time>2005-05-11T11:14:46-07:00</time>
      </trkpt>
      <trkpt lat="33.877259166911244" lon="-116.68930076994002">
        <time>2005-05-11T11:14:52-07:00</time>
      </trkpt>
      <trkpt lat="33.87726344168186" lon="-116.68931149877608">
        <time>2005-05-11T11:14:53-07:00</time>
      </trkpt>
      <trkpt lat="33.877272326499224" lon="-116.68932365253568">
        <time>2005-05-11T11:14:56-07:00</time>
      </trkpt>
      <trkpt lat="33.87730157934129" lon="-116.68934242799878">
        <time>2005-05-11T11:14:57-07:00</time>
      </trkpt>
      <trkpt lat="33.877361845225096" lon="-116.68936438858509">
        <time>2005-05-11T11:15:01-07:00</time>
      </trkpt>
      <trkpt lat="33.87742303311825" lon="-116.68937402777374">
        <time>2005-05-11T11:15:04-07:00</time>
      </trkpt>
      <trkpt lat="33.877446334809065" lon="-116.68936966918409">
        <time>2005-05-11T11:15:05-07:00</time>
      </trkpt>
      <trkpt lat="33.877489836886525" lon="-116.68936480768025">
        <time>2005-05-11T11:15:06-07:00</time>
      </trkpt>
      <trkpt lat="33.87750970199704" lon="-116.6893572639674">
        <time>2005-05-11T11:15:09-07:00</time>
      </trkpt>
      <trkpt lat="33.87756108306348" lon="-116.68932197615504">
        <time>2005-05-11T11:15:15-07:00</time>
      </trkpt>
      <trkpt lat="33.877608105540276" lon="-116.68929222039878">
        <time>2005-05-11T11:15:20-07:00</time>
      </trkpt>
      <trkpt lat="33.87762629427016" lon="-116.68926958926022">
        <time>2005-05-11T11:15:22-07:00</time>
      </trkpt>
      <trkpt lat="33.8776570558548" lon="-116.68923958204687">
        <time>2005-05-11T11:15:25-07:00</time>
      </trkpt>
      <trkpt lat="33.877713633701205" lon="-116.68919960036874">
        <time>2005-05-11T11:15:27-07:00</time>
      </trkpt>
      <trkpt lat="33.87776015326381" lon="-116.68922449462116">
        <time>2005-05-11T11:15:32-07:00</time>
      </trkpt>
      <trkpt lat="33.87778672389686" lon="-116.68923161923885">
        <time>2005-05-11T11:15:36-07:00</time>
      </trkpt>
      <trkpt lat="33.87782519683242" lon="-116.68922734446824">
        <time>2005-05-11T11:15:38-07:00</time>
      </trkpt>
      <trkpt lat="33.87784975580871" lon="-116.6892325412482">
        <time>2005-05-11T11:15:41-07:00</time>
      </trkpt>
      <trkpt lat="33.87790113687515" lon="-116.68924804776907">
        <time>2005-05-11T11:15:46-07:00</time>
      </trkpt>
      <trkpt lat="33.87792443856597" lon="-116.68925165198743">
        <time>2005-05-11T11:15:51-07:00</time>
      </trkpt>
      <trkpt lat="33.87797489762306" lon="-116.68927436694503">
        <time>2005-05-11T11:15:53-07:00</time>
      </trkpt>
      <trkpt lat="33.878034157678485" lon="-116.68929104693234">
        <time>2005-05-11T11:15:56-07:00</time>
      </trkpt>
      <trkpt lat="33.87806911021471" lon="-116.68930931948125">
        <time>2005-05-11T11:15:58-07:00</time>
      </trkpt>
      <trkpt lat="33.87810339219868" lon="-116.68932708911598">
        <time>2005-05-11T11:16:02-07:00</time>
      </trkpt>
      <trkpt lat="33.878135243430734" lon="-116.6893469542265">
        <time>2005-05-11T11:16:04-07:00</time>
      </trkpt>
      <trkpt lat="33.878151923418045" lon="-116.68936740607023">
        <time>2005-05-11T11:16:09-07:00</time>
      </trkpt>
      <trkpt lat="33.87816692702472" lon="-116.68941032141447">
        <time>2005-05-11T11:16:14-07:00</time>
      </trkpt>
      <trkpt lat="33.87819483876228" lon="-116.68944393284619">
        <time>2005-05-11T11:16:18-07:00</time>
      </trkpt>
      <trkpt lat="33.87826063670218" lon="-116.68949590064585">
        <time>2005-05-11T11:16:21-07:00</time>
      </trkpt>
      <trkpt lat="33.87830623425543" lon="-116.68954853899777">
        <time>2005-05-11T11:16:24-07:00</time>
      </trkpt>
      <trkpt lat="33.87831210158765" lon="-116.68956002220511">
        <time>2005-05-11T11:16:26-07:00</time>
      </trkpt>
      <trkpt lat="33.87836113572121" lon="-116.68963462114334">
        <time>2005-05-11T11:16:29-07:00</time>
      </trkpt>
      <trkpt lat="33.87838711962104" lon="-116.68973604217172">
        <time>2005-05-11T11:16:32-07:00</time>
      </trkpt>
      <trkpt lat="33.878408493474126" lon="-116.68982522562146">
        <time>2005-05-11T11:16:38-07:00</time>
      </trkpt>
      <trkpt lat="33.87843900360167" lon="-116.68987174518406">
        <time>2005-05-11T11:16:43-07:00</time>
      </trkpt>
      <trkpt lat="33.878482757136226" lon="-116.68990812264383">
        <time>2005-05-11T11:16:44-07:00</time>
      </trkpt>
      <trkpt lat="33.878508070483804" lon="-116.68991784565151">
        <time>2005-05-11T11:16:50-07:00</time>
      </trkpt>
      <trkpt lat="33.87853874824941" lon="-116.68991382233799">
        <time>2005-05-11T11:16:57-07:00</time>
      </trkpt>
      <trkpt lat="33.87859524227679" lon="-116.68987861834466">
        <time>2005-05-11T11:17:03-07:00</time>
      </trkpt>
      <trkpt lat="33.87861938215792" lon="-116.68984819203615">
        <time>2005-05-11T11:17:09-07:00</time>
      </trkpt>
      <trkpt lat="33.87866866774857" lon="-116.68982547707856">
        <time>2005-05-11T11:17:13-07:00</time>
      </trkpt>
      <trkpt lat="33.878725077956915" lon="-116.6898406483233">
        <time>2005-05-11T11:17:15-07:00</time>
      </trkpt>
      <trkpt lat="33.87873169966042" lon="-116.6898491140455">
        <time>2005-05-11T11:17:17-07:00</time>
      </trkpt>
      <trkpt lat="33.87875692918897" lon="-116.6898787021637">
        <time>2005-05-11T11:17:22-07:00</time>
      </trkpt>
      <trkpt lat="33.87876589782536" lon="-116.68989161029458">
        <time>2005-05-11T11:17:25-07:00</time>
      </trkpt>
      <trkpt lat="33.87879439629614" lon="-116.68994726613164">
        <time>2005-05-11T11:17:29-07:00</time>
      </trkpt>
      <trkpt lat="33.87882348150015" lon="-116.69001096859574">
        <time>2005-05-11T11:17:35-07:00</time>
      </trkpt>
      <trkpt lat="33.87883982621133" lon="-116.69003133662045">
        <time>2005-05-11T11:17:36-07:00</time>
      </trkpt>
      <trkpt lat="33.87889774516225" lon="-116.69009336270392">
        <time>2005-05-11T11:17:39-07:00</time>
      </trkpt>
      <trkpt lat="33.878911240026355" lon="-116.69010216370225">
        <time>2005-05-11T11:17:40-07:00</time>
      </trkpt>
      <trkpt lat="33.878953736275434" lon="-116.69012286700308">
        <time>2005-05-11T11:17:44-07:00</time>
      </trkpt>
      <trkpt lat="33.87900830246508" lon="-116.69015706516802">
        <time>2005-05-11T11:17:49-07:00</time>
      </trkpt>
      <trkpt lat="33.87903369963169" lon="-116.69016729108989">
        <time>2005-05-11T11:17:51-07:00</time>
      </trkpt>
      <trkpt lat="33.87905172072351" lon="-116.69018665328622">
        <time>2005-05-11T11:17:57-07:00</time>
      </trkpt>
      <trkpt lat="33.879065131768584" lon="-116.6902032494545">
        <time>2005-05-11T11:17:58-07:00</time>
      </trkpt>
      <trkpt lat="33.87910167686641" lon="-116.69026016257703">
        <time>2005-05-11T11:18:02-07:00</time>
      </trkpt>
      <trkpt lat="33.879132606089115" lon="-116.69030006043613">
        <time>2005-05-11T11:18:07-07:00</time>
      </trkpt>
      <trkpt lat="33.87916303239763" lon="-116.69030919671059">
        <time>2005-05-11T11:18:09-07:00</time>
      </trkpt>
      <trkpt lat="33.87918801046908" lon="-116.69035647064447">
        <time>2005-05-11T11:18:11-07:00</time>
      </trkpt>
      <trkpt lat="33.879217179492116" lon="-116.69042796827853">
        <time>2005-05-11T11:18:13-07:00</time>
      </trkpt>
      <trkpt lat="33.8792610168457" lon="-116.69049628078938">
        <time>2005-05-11T11:18:17-07:00</time>
      </trkpt>
      <trkpt lat="33.87927878648043" lon="-116.6905518528074">
        <time>2005-05-11T11:18:20-07:00</time>
      </trkpt>
      <trkpt lat="33.87928230687976" lon="-116.69062846340239">
        <time>2005-05-11T11:18:23-07:00</time>
      </trkpt>
      <trkpt lat="33.879283145070076" lon="-116.69064447283745">
        <time>2005-05-11T11:18:27-07:00</time>
      </trkpt>
      <trkpt lat="33.87932480312884" lon="-116.69071588665247">
        <time>2005-05-11T11:18:33-07:00</time>
      </trkpt>
      <trkpt lat="33.87935757637024" lon="-116.6907228436321">
        <time>2005-05-11T11:18:38-07:00</time>
      </trkpt>
      <trkpt lat="33.87936545535922" lon="-116.69071789830923">
        <time>2005-05-11T11:18:43-07:00</time>
      </trkpt>
      <trkpt lat="33.8793770223856" lon="-116.69071538373828">
        <time>2005-05-11T11:18:48-07:00</time>
      </trkpt>
      <trkpt lat="33.879388170316815" lon="-116.690722592175">
        <time>2005-05-11T11:18:49-07:00</time>
      </trkpt>
      <trkpt lat="33.8794095441699" lon="-116.69076416641474">
        <time>2005-05-11T11:18:54-07:00</time>
      </trkpt>
      <trkpt lat="33.87945740483701" lon="-116.69079668819904">
        <time>2005-05-11T11:18:57-07:00</time>
      </trkpt>
      <trkpt lat="33.87951917946339" lon="-116.69083122164011">
        <time>2005-05-11T11:18:58-07:00</time>
      </trkpt>
      <trkpt lat="33.8795427326113" lon="-116.69083910062909">
        <time>2005-05-11T11:18:59-07:00</time>
      </trkpt>
      <trkpt lat="33.87954901903868" lon="-116.69085142202675">
        <time>2005-05-11T11:19:00-07:00</time>
      </trkpt>
      <trkpt lat="33.87960869818926" lon="-116.69090665876865">
        <time>2005-05-11T11:19:04-07:00</time>
      </trkpt>
      <trkpt lat="33.879642728716135" lon="-116.69094278477132">
        <time>2005-05-11T11:19:08-07:00</time>
      </trkpt>
      <trkpt lat="33.879659827798605" lon="-116.69096608646214">
        <time>2005-05-11T11:19:14-07:00</time>
      </trkpt>
      <trkpt lat="33.87969369068742" lon="-116.6910373326391">
        <time>2005-05-11T11:19:17-07:00</time>
      </trkpt>
      <trkpt lat="33.8797205965966" lon="-116.69106759130955">
        <time>2005-05-11T11:19:19-07:00</time>
      </trkpt>
      <trkpt lat="33.87976946309209" lon="-116.69109768234193">
        <time>2005-05-11T11:19:25-07:00</time>
      </trkpt>
      <trkpt lat="33.87983685359359" lon="-116.69110246002674">
        <time>2005-05-11T11:19:29-07:00</time>
      </trkpt>
      <trkpt lat="33.87986686080694" lon="-116.69113766402006">
        <time>2005-05-11T11:19:31-07:00</time>
      </trkpt>
      <trkpt lat="33.879872309044" lon="-116.69115895405412">
        <time>2005-05-11T11:19:36-07:00</time>
      </trkpt>
      <trkpt lat="33.87992260046303" lon="-116.69122885912657">
        <time>2005-05-11T11:19:42-07:00</time>
      </trkpt>
      <trkpt lat="33.87993902899325" lon="-116.69124897569418">
        <time>2005-05-11T11:19:47-07:00</time>
      </trkpt>
      <trkpt lat="33.879967443645" lon="-116.69130153022707">
        <time>2005-05-11T11:19:53-07:00</time>
      </trkpt>
      <trkpt lat="33.87997171841562" lon="-116.6913121752441">
        <time>2005-05-11T11:19:57-07:00</time>
      </trkpt>
      <trkpt lat="33.87998797930777" lon="-116.69136364012957">
        <time>2005-05-11T11:19:59-07:00</time>
      </trkpt>
      <trkpt lat="33.879999881610274" lon="-116.69137755408883">
        <time>2005-05-11T11:20:06-07:00</time>
      </trkpt>
      <trkpt lat="33.88005453161895" lon="-116.69141300953925">
        <time>2005-05-11T11:20:08-07:00</time>
      </trkpt>
      <trkpt lat="33.88008093461394" lon="-116.69143010862172">
        <time>2005-05-11T11:20:12-07:00</time>
      </trkpt>
      <trkpt lat="33.88012737035751" lon="-116.6914290189743">
        <time>2005-05-11T11:20:13-07:00</time>
      </trkpt>
      <trkpt lat="33.88016927987337" lon="-116.69143488630652">
        <time>2005-05-11T11:20:17-07:00</time>
      </trkpt>
      <trkpt lat="33.88019157573581" lon="-116.69143580831587">
        <time>2005-05-11T11:20:18-07:00</time>
      </trkpt>
      <trkpt lat="33.88022451661527" lon="-116.6914358921349">
        <time>2005-05-11T11:20:22-07:00</time>
      </trkpt>
      <trkpt lat="33.880226444453" lon="-116.69143999926746">
        <time>2005-05-11T11:20:24-07:00</time>
      </trkpt>
      <trkpt lat="33.880232982337475" lon="-116.69144653715193">
        <time>2005-05-11T11:20:27-07:00</time>
      </trkpt>
      <trkpt lat="33.88027338311076" lon="-116.69147009029984">
        <time>2005-05-11T11:20:30-07:00</time>
      </trkpt>
      <trkpt lat="33.880329206585884" lon="-116.69150688685477">
        <time>2005-05-11T11:20:32-07:00</time>
      </trkpt>
      <trkpt lat="33.880360471084714" lon="-116.69152323156595">
        <time>2005-05-11T11:20:36-07:00</time>
      </trkpt>
      <trkpt lat="33.880415288731456" lon="-116.69155441224575">
        <time>2005-05-11T11:20:37-07:00</time>
      </trkpt>
      <trkpt lat="33.88047270476818" lon="-116.69157955795527">
        <time>2005-05-11T11:20:38-07:00</time>
      </trkpt>
      <trkpt lat="33.88052282854915" lon="-116.69160780496895">
        <time>2005-05-11T11:20:42-07:00</time>
      </trkpt>
      <trkpt lat="33.88054973445833" lon="-116.6916208807379">
        <time>2005-05-11T11:20:47-07:00</time>
      </trkpt>
      <trkpt lat="33.88060078024864" lon="-116.69165105558932">
        <time>2005-05-11T11:20:50-07:00</time>
      </trkpt>
      <trkpt lat="33.88065534643829" lon="-116.69167963787913">
        <time>2005-05-11T11:20:55-07:00</time>
      </trkpt>
      <trkpt lat="33.88067948631942" lon="-116.6916882712394">
        <time>2005-05-11T11:21:00-07:00</time>
      </trkpt>
      <trkpt lat="33.880745116621256" lon="-116.69170721434057">
        <time>2005-05-11T11:21:05-07:00</time>
      </trkpt>
      <trkpt lat="33.88075836002827" lon="-116.69171484187245">
        <time>2005-05-11T11:21:07-07:00</time>
      </trkpt>
      <trkpt lat="33.88082549907267" lon="-116.69175876304507">
        <time>2005-05-11T11:21:11-07:00</time>
      </trkpt>
      <trkpt lat="33.88083379715681" lon="-116.69177033007145">
        <time>2005-05-11T11:21:16-07:00</time>
      </trkpt>
      <trkpt lat="33.8808707613498" lon="-116.6918122395873">
        <time>2005-05-11T11:21:18-07:00</time>
      </trkpt>
      <trkpt lat="33.88088710606098" lon="-116.6918764449656">
        <time>2005-05-11T11:21:24-07:00</time>
      </trkpt>
      <trkpt lat="33.88091292232275" lon="-116.69193964451551">
        <time>2005-05-11T11:21:25-07:00</time>
      </trkpt>
      <trkpt lat="33.88094360008836" lon="-116.69201038777828">
        <time>2005-05-11T11:21:31-07:00</time>
      </trkpt>
      <trkpt lat="33.88099439442158" lon="-116.69203075580299">
        <time>2005-05-11T11:21:32-07:00</time>
      </trkpt>
      <trkpt lat="33.88100587762892" lon="-116.69202966615558">
        <time>2005-05-11T11:21:36-07:00</time>
      </trkpt>
      <trkpt lat="33.88106865808368" lon="-116.69200628064573">
        <time>2005-05-11T11:21:41-07:00</time>
      </trkpt>
      <trkpt lat="33.88111459091306" lon="-116.6920059453696">
        <time>2005-05-11T11:21:46-07:00</time>
      </trkpt>
      <trkpt lat="33.88117326423526" lon="-116.69200326316059">
        <time>2005-05-11T11:21:52-07:00</time>
      </trkpt>
      <trkpt lat="33.881184831261635" lon="-116.69200183823705">
        <time>2005-05-11T11:21:59-07:00</time>
      </trkpt>
      <trkpt lat="33.881195141002536" lon="-116.69200561009347">
        <time>2005-05-11T11:22:00-07:00</time>
      </trkpt>
      <trkpt lat="33.88123964890838" lon="-116.69201432727277">
        <time>2005-05-11T11:22:05-07:00</time>
      </trkpt>
      <trkpt lat="33.88130854815245" lon="-116.6920318454504">
        <time>2005-05-11T11:22:10-07:00</time>
      </trkpt>
      <trkpt lat="33.88136940076947" lon="-116.69207216240466">
        <time>2005-05-11T11:22:16-07:00</time>
      </trkpt>
      <trkpt lat="33.881410136818886" lon="-116.69212203472853">
        <time>2005-05-11T11:22:17-07:00</time>
      </trkpt>
      <trkpt lat="33.8814439997077" lon="-116.6921336017549">
        <time>2005-05-11T11:22:18-07:00</time>
      </trkpt>
      <trkpt lat="33.88145975768566" lon="-116.69213318265975">
        <time>2005-05-11T11:22:21-07:00</time>
      </trkpt>
      <trkpt lat="33.881510300561786" lon="-116.69215028174222">
        <time>2005-05-11T11:22:26-07:00</time>
      </trkpt>
      <trkpt lat="33.88158515095711" lon="-116.69219537638128">
        <time>2005-05-11T11:22:32-07:00</time>
      </trkpt>
      <trkpt lat="33.88163108378649" lon="-116.69224742799997">
        <time>2005-05-11T11:22:38-07:00</time>
      </trkpt>
      <trkpt lat="33.88167995028198" lon="-116.69229947961867">
        <time>2005-05-11T11:22:42-07:00</time>
      </trkpt>
      <trkpt lat="33.8817357737571" lon="-116.69235245324671">
        <time>2005-05-11T11:22:44-07:00</time>
      </trkpt>
      <trkpt lat="33.88177533634007" lon="-116.69236158952117">
        <time>2005-05-11T11:22:49-07:00</time>
      </trkpt>
      <trkpt lat="33.88178992085159" lon="-116.69236946851015">
        <time>2005-05-11T11:22:56-07:00</time>
      </trkpt>
      <trkpt lat="33.88181749731302" lon="-116.69240425340831">
        <time>2005-05-11T11:23:02-07:00</time>
      </trkpt>
      <trkpt lat="33.88185345567763" lon="-116.69242889620364">
        <time>2005-05-11T11:23:08-07:00</time>
      </trkpt>
      <trkpt lat="33.88186091557145" lon="-116.69243417680264">
        <time>2005-05-11T11:23:14-07:00</time>
      </trkpt>
      <trkpt lat="33.881919756531715" lon="-116.69248136691749">
        <time>2005-05-11T11:23:18-07:00</time>
      </trkpt>
      <trkpt lat="33.88192671351135" lon="-116.69249150902033">
        <time>2005-05-11T11:23:20-07:00</time>
      </trkpt>
      <trkpt lat="33.881960744038224" lon="-116.69253987260163">
        <time>2005-05-11T11:23:24-07:00</time>
      </trkpt>
      <trkpt lat="33.88201338239014" lon="-116.6925654374063">
        <time>2005-05-11T11:23:28-07:00</time>
      </trkpt>
      <trkpt lat="33.88207574374974" lon="-116.69259259477258">
        <time>2005-05-11T11:23:29-07:00</time>
      </trkpt>
      <trkpt lat="33.8821226824075" lon="-116.69262134470046">
        <time>2005-05-11T11:23:38-07:00</time>
      </trkpt>
      <trkpt lat="33.88214196078479" lon="-116.69269300997257">
        <time>2005-05-11T11:23:39-07:00</time>
      </trkpt>
      <trkpt lat="33.88216819614172" lon="-116.69277071021497">
        <time>2005-05-11T11:23:45-07:00</time>
      </trkpt>
      <trkpt lat="33.88220616616309" lon="-116.69282024726272">
        <time>2005-05-11T11:23:52-07:00</time>
      </trkpt>
      <trkpt lat="33.882213374599814" lon="-116.692836843431">
        <time>2005-05-11T11:23:59-07:00</time>
      </trkpt>
      <trkpt lat="33.882235419005156" lon="-116.69288042932749">
        <time>2005-05-11T11:24:07-07:00</time>
      </trkpt>
      <trkpt lat="33.88224933296442" lon="-116.69292393140495">
        <time>2005-05-11T11:24:15-07:00</time>
      </trkpt>
      <trkpt lat="33.88229467906058" lon="-116.69300657697022">
        <time>2005-05-11T11:24:21-07:00</time>
      </trkpt>
      <trkpt lat="33.88233466073871" lon="-116.69304580427706">
        <time>2005-05-11T11:24:27-07:00</time>
      </trkpt>
      <trkpt lat="33.88233725912869" lon="-116.69306013733149">
        <time>2005-05-11T11:24:29-07:00</time>
      </trkpt>
      <trkpt lat="33.88237162493169" lon="-116.69310078956187">
        <time>2005-05-11T11:24:34-07:00</time>
      </trkpt>
      <trkpt lat="33.882426945492625" lon="-116.69315879233181">
        <time>2005-05-11T11:24:38-07:00</time>
      </trkpt>
      <trkpt lat="33.882472375407815" lon="-116.69319902546704">
        <time>2005-05-11T11:24:45-07:00</time>
      </trkpt>
      <trkpt lat="33.88251034542918" lon="-116.69325057417154">
        <time>2005-05-11T11:24:52-07:00</time>
      </trkpt>
      <trkpt lat="33.88250866904855" lon="-116.69327119365335">
        <time>2005-05-11T11:24:53-07:00</time>
      </trkpt>
      <trkpt lat="33.882508585229516" lon="-116.69328602962196">
        <time>2005-05-11T11:24:58-07:00</time>
      </trkpt>
      <trkpt lat="33.882522750645876" lon="-116.69333363883197">
        <time>2005-05-11T11:25:04-07:00</time>
      </trkpt>
      <trkpt lat="33.882567174732685" lon="-116.69340630993247">
        <time>2005-05-11T11:25:10-07:00</time>
      </trkpt>
      <trkpt lat="33.88260464183986" lon="-116.69345727190375">
        <time>2005-05-11T11:25:17-07:00</time>
      </trkpt>
      <trkpt lat="33.882653592154384" lon="-116.69350278563797">
        <time>2005-05-11T11:25:18-07:00</time>
      </trkpt>
      <trkpt lat="33.88267429545522" lon="-116.69356137514114">
        <time>2005-05-11T11:25:19-07:00</time>
      </trkpt>
      <trkpt lat="33.88269583694637" lon="-116.69365307316184">
        <time>2005-05-11T11:25:22-07:00</time>
      </trkpt>
      <trkpt lat="33.8827493134886" lon="-116.6937190387398">
        <time>2005-05-11T11:25:30-07:00</time>
      </trkpt>
      <trkpt lat="33.88280689716339" lon="-116.69377377256751">
        <time>2005-05-11T11:25:35-07:00</time>
      </trkpt>
      <trkpt lat="33.882841849699616" lon="-116.69378626160324">
        <time>2005-05-11T11:25:41-07:00</time>
      </trkpt>
      <trkpt lat="33.882878981530666" lon="-116.69380294159055">
        <time>2005-05-11T11:25:46-07:00</time>
      </trkpt>
      <trkpt lat="33.882922902703285" lon="-116.69384568929672">
        <time>2005-05-11T11:25:52-07:00</time>
      </trkpt>
      <trkpt lat="33.88292541727424" lon="-116.69385792687535">
        <time>2005-05-11T11:25:58-07:00</time>
      </trkpt>
      <trkpt lat="33.882934637367725" lon="-116.69388424605131">
        <time>2005-05-11T11:26:04-07:00</time>
      </trkpt>
      <trkpt lat="33.88296263292432" lon="-116.69390914030373">
        <time>2005-05-11T11:26:07-07:00</time>
      </trkpt>
      <trkpt lat="33.882996244356036" lon="-116.69395649805665">
        <time>2005-05-11T11:26:10-07:00</time>
      </trkpt>
      <trkpt lat="33.88301434926689" lon="-116.69397611171007">
        <time>2005-05-11T11:26:16-07:00</time>
      </trkpt>
      <trkpt lat="33.883038656786084" lon="-116.69400452636182">
        <time>2005-05-11T11:26:17-07:00</time>
      </trkpt>
      <trkpt lat="33.8830844219774" lon="-116.69407602399588">
        <time>2005-05-11T11:26:19-07:00</time>
      </trkpt>
      <trkpt lat="33.883104203268886" lon="-116.69413628987968">
        <time>2005-05-11T11:26:23-07:00</time>
      </trkpt>
      <trkpt lat="33.88312825933099" lon="-116.69418012723327">
        <time>2005-05-11T11:26:28-07:00</time>
      </trkpt>
      <trkpt lat="33.88314753770828" lon="-116.69418859295547">
        <time>2005-05-11T11:26:30-07:00</time>
      </trkpt>
      <trkpt lat="33.883191123604774" lon="-116.69422874227166">
        <time>2005-05-11T11:26:33-07:00</time>
      </trkpt>
      <trkpt lat="33.8832017686218" lon="-116.69423368759453">
        <time>2005-05-11T11:26:40-07:00</time>
      </trkpt>
      <trkpt lat="33.88325868174434" lon="-116.69429487548769">
        <time>2005-05-11T11:26:45-07:00</time>
      </trkpt>
      <trkpt lat="33.88327511027455" lon="-116.69431398622692">
        <time>2005-05-11T11:26:49-07:00</time>
      </trkpt>
      <trkpt lat="33.88328374363482" lon="-116.69432211667299">
        <time>2005-05-11T11:26:51-07:00</time>
      </trkpt>
      <trkpt lat="33.88330386020243" lon="-116.69434675946832">
        <time>2005-05-11T11:26:57-07:00</time>
      </trkpt>
      <trkpt lat="33.88333001174033" lon="-116.69437517412007">
        <time>2005-05-11T11:26:58-07:00</time>
      </trkpt>
      <trkpt lat="33.883361192420125" lon="-116.69440585188568">
        <time>2005-05-11T11:27:05-07:00</time>
      </trkpt>
      <trkpt lat="33.88339069671929" lon="-116.69443267397583">
        <time>2005-05-11T11:27:07-07:00</time>
      </trkpt>
      <trkpt lat="33.88340637087822" lon="-116.69445773586631">
        <time>2005-05-11T11:27:08-07:00</time>
      </trkpt>
      <trkpt lat="33.88341257348657" lon="-116.69447139836848">
        <time>2005-05-11T11:27:10-07:00</time>
      </trkpt>
      <trkpt lat="33.88344157487154" lon="-116.69454457238317">
        <time>2005-05-11T11:27:12-07:00</time>
      </trkpt>
      <trkpt lat="33.88344450853765" lon="-116.69455597177148">
        <time>2005-05-11T11:27:15-07:00</time>
      </trkpt>
      <trkpt lat="33.883469654247165" lon="-116.69461481273174">
        <time>2005-05-11T11:27:18-07:00</time>
      </trkpt>
      <trkpt lat="33.88349630869925" lon="-116.69468379579484">
        <time>2005-05-11T11:27:20-07:00</time>
      </trkpt>
      <trkpt lat="33.8835350330919" lon="-116.69476099312305">
        <time>2005-05-11T11:27:21-07:00</time>
      </trkpt>
      <trkpt lat="33.883548360317945" lon="-116.69479385018349">
        <time>2005-05-11T11:27:27-07:00</time>
      </trkpt>
      <trkpt lat="33.88357727788389" lon="-116.69483399949968">
        <time>2005-05-11T11:27:28-07:00</time>
      </trkpt>
      <trkpt lat="33.883608877658844" lon="-116.69489233754575">
        <time>2005-05-11T11:27:33-07:00</time>
      </trkpt>
      <trkpt lat="33.88365112245083" lon="-116.69495444744825">
        <time>2005-05-11T11:27:39-07:00</time>
      </trkpt>
      <trkpt lat="33.88367601670325" lon="-116.69501504860818">
        <time>2005-05-11T11:27:45-07:00</time>
      </trkpt>
      <trkpt lat="33.88369378633797" lon="-116.69505913741887">
        <time>2005-05-11T11:27:48-07:00</time>
      </trkpt>
      <trkpt lat="33.883704766631126" lon="-116.69512418098748">
        <time>2005-05-11T11:27:51-07:00</time>
      </trkpt>
      <trkpt lat="33.88371021486819" lon="-116.695138765499">
        <time>2005-05-11T11:27:56-07:00</time>
      </trkpt>
      <trkpt lat="33.88373418711126" lon="-116.69525150209665">
        <time>2005-05-11T11:28:01-07:00</time>
      </trkpt>
      <trkpt lat="33.883747765794396" lon="-116.6952904779464">
        <time>2005-05-11T11:28:07-07:00</time>
      </trkpt>
      <trkpt lat="33.883747681975365" lon="-116.69531738385558">
        <time>2005-05-11T11:28:11-07:00</time>
      </trkpt>
      <trkpt lat="33.883771570399404" lon="-116.69537555426359">
        <time>2005-05-11T11:28:15-07:00</time>
      </trkpt>
      <trkpt lat="33.88378112576902" lon="-116.69538804329932">
        <time>2005-05-11T11:28:16-07:00</time>
      </trkpt>
      <trkpt lat="33.883815072476864" lon="-116.69546213932335">
        <time>2005-05-11T11:28:23-07:00</time>
      </trkpt>
      <trkpt lat="33.88385354541242" lon="-116.69553673826158">
        <time>2005-05-11T11:28:26-07:00</time>
      </trkpt>
      <trkpt lat="33.8838579878211" lon="-116.69561209157109">
        <time>2005-05-11T11:28:28-07:00</time>
      </trkpt>
      <trkpt lat="33.88386075384915" lon="-116.69562659226358">
        <time>2005-05-11T11:28:32-07:00</time>
      </trkpt>
      <trkpt lat="33.88385949656367" lon="-116.69567629694939">
        <time>2005-05-11T11:28:33-07:00</time>
      </trkpt>
      <trkpt lat="33.88383158482611" lon="-116.69573513790965">
        <time>2005-05-11T11:28:39-07:00</time>
      </trkpt>
      <trkpt lat="33.883819011971354" lon="-116.69575994834304">
        <time>2005-05-11T11:28:45-07:00</time>
      </trkpt>
      <trkpt lat="33.883806774392724" lon="-116.69579573906958">
        <time>2005-05-11T11:28:50-07:00</time>
      </trkpt>
      <trkpt lat="33.883819011971354" lon="-116.69585441239178">
        <time>2005-05-11T11:28:51-07:00</time>
      </trkpt>
      <trkpt lat="33.88382370583713" lon="-116.69587075710297">
        <time>2005-05-11T11:28:55-07:00</time>
      </trkpt>
      <trkpt lat="33.88383879326284" lon="-116.6959088947624">
        <time>2005-05-11T11:29:00-07:00</time>
      </trkpt>
      <trkpt lat="33.8838426489383" lon="-116.69592465274036">
        <time>2005-05-11T11:29:02-07:00</time>
      </trkpt>
      <trkpt lat="33.88385497033596" lon="-116.69595424085855">
        <time>2005-05-11T11:29:04-07:00</time>
      </trkpt>
      <trkpt lat="33.88387307524681" lon="-116.69599656946957">
        <time>2005-05-11T11:29:08-07:00</time>
      </trkpt>
      <trkpt lat="33.883896293118596" lon="-116.69602230191231">
        <time>2005-05-11T11:29:09-07:00</time>
      </trkpt>
      <trkpt lat="33.88392780907452" lon="-116.69609447009861">
        <time>2005-05-11T11:29:12-07:00</time>
      </trkpt>
      <trkpt lat="33.883957313373685" lon="-116.6961433365941">
        <time>2005-05-11T11:29:13-07:00</time>
      </trkpt>
      <trkpt lat="33.8839515298605" lon="-116.696238219738">
        <time>2005-05-11T11:29:15-07:00</time>
      </trkpt>
      <trkpt lat="33.88395010493696" lon="-116.6962538100779">
        <time>2005-05-11T11:29:18-07:00</time>
      </trkpt>
      <trkpt lat="33.88395404443145" lon="-116.6963198594749">
        <time>2005-05-11T11:29:21-07:00</time>
      </trkpt>
      <trkpt lat="33.88395354151726" lon="-116.69641180895269">
        <time>2005-05-11T11:29:26-07:00</time>
      </trkpt>
      <trkpt lat="33.88396720401943" lon="-116.69648171402514">
        <time>2005-05-11T11:29:31-07:00</time>
      </trkpt>
      <trkpt lat="33.88397357426584" lon="-116.69650878757238">
        <time>2005-05-11T11:29:37-07:00</time>
      </trkpt>
      <trkpt lat="33.88401774689555" lon="-116.69659067876637">
        <time>2005-05-11T11:29:38-07:00</time>
      </trkpt>
      <trkpt lat="33.88403635472059" lon="-116.69667776674032">
        <time>2005-05-11T11:29:43-07:00</time>
      </trkpt>
      <trkpt lat="33.88402663171291" lon="-116.69675387442112">
        <time>2005-05-11T11:29:49-07:00</time>
      </trkpt>
      <trkpt lat="33.88406250625849" lon="-116.69678463600576">
        <time>2005-05-11T11:29:53-07:00</time>
      </trkpt>
      <trkpt lat="33.8841085229069" lon="-116.69686711393297">
        <time>2005-05-11T11:29:55-07:00</time>
      </trkpt>
      <trkpt lat="33.88411799445748" lon="-116.6969155613333">
        <time>2005-05-11T11:30:01-07:00</time>
      </trkpt>
      <trkpt lat="33.88412260450423" lon="-116.69694405980408">
        <time>2005-05-11T11:30:09-07:00</time>
      </trkpt>
      <trkpt lat="33.88413115404546" lon="-116.69697482138872">
        <time>2005-05-11T11:30:13-07:00</time>
      </trkpt>
      <trkpt lat="33.88414121232927" lon="-116.69704581610858">
        <time>2005-05-11T11:30:17-07:00</time>
      </trkpt>
      <trkpt lat="33.88414565473795" lon="-116.69709811918437">
        <time>2005-05-11T11:30:24-07:00</time>
      </trkpt>
      <trkpt lat="33.884149342775345" lon="-116.69713005423546">
        <time>2005-05-11T11:30:27-07:00</time>
      </trkpt>
      <trkpt lat="33.884154288098216" lon="-116.6971745621413">
        <time>2005-05-11T11:30:29-07:00</time>
      </trkpt>
      <trkpt lat="33.88415747322142" lon="-116.69727983884513">
        <time>2005-05-11T11:30:31-07:00</time>
      </trkpt>
      <trkpt lat="33.88415948487818" lon="-116.69729090295732">
        <time>2005-05-11T11:30:35-07:00</time>
      </trkpt>
      <trkpt lat="33.8841603230685" lon="-116.69736374169588">
        <time>2005-05-11T11:30:38-07:00</time>
      </trkpt>
      <trkpt lat="33.88415629975498" lon="-116.69743951410055">
        <time>2005-05-11T11:30:40-07:00</time>
      </trkpt>
      <trkpt lat="33.88416049070656" lon="-116.69745401479304">
        <time>2005-05-11T11:30:43-07:00</time>
      </trkpt>
      <trkpt lat="33.884150767698884" lon="-116.69755702838302">
        <time>2005-05-11T11:30:49-07:00</time>
      </trkpt>
      <trkpt lat="33.88413408771157" lon="-116.6975990217179">
        <time>2005-05-11T11:30:50-07:00</time>
      </trkpt>
      <trkpt lat="33.88412453234196" lon="-116.69764612801373">
        <time>2005-05-11T11:30:55-07:00</time>
      </trkpt>
      <trkpt lat="33.88412092812359" lon="-116.69771393761039">
        <time>2005-05-11T11:31:00-07:00</time>
      </trkpt>
      <trkpt lat="33.88412721455097" lon="-116.69775106944144">
        <time>2005-05-11T11:31:01-07:00</time>
      </trkpt>
      <trkpt lat="33.88412897475064" lon="-116.69776649214327">
        <time>2005-05-11T11:31:08-07:00</time>
      </trkpt>
      <trkpt lat="33.88412260450423" lon="-116.69781653210521">
        <time>2005-05-11T11:31:11-07:00</time>
      </trkpt>
      <trkpt lat="33.88412319123745" lon="-116.69788551516831">
        <time>2005-05-11T11:31:14-07:00</time>
      </trkpt>
      <trkpt lat="33.884108858183026" lon="-116.69797235168517">
        <time>2005-05-11T11:31:18-07:00</time>
      </trkpt>
      <trkpt lat="33.88410768471658" lon="-116.69798785820603">
        <time>2005-05-11T11:31:20-07:00</time>
      </trkpt>
      <trkpt lat="33.88413534499705" lon="-116.69803177937865">
        <time>2005-05-11T11:31:21-07:00</time>
      </trkpt>
      <trkpt lat="33.884171890094876" lon="-116.69808500446379">
        <time>2005-05-11T11:31:24-07:00</time>
      </trkpt>
      <trkpt lat="33.884231485426426" lon="-116.6981175262481">
        <time>2005-05-11T11:31:29-07:00</time>
      </trkpt>
      <trkpt lat="33.884290074929595" lon="-116.69814275577664">
        <time>2005-05-11T11:31:35-07:00</time>
      </trkpt>
      <trkpt lat="33.88430298306048" lon="-116.69814803637564">
        <time>2005-05-11T11:31:36-07:00</time>
      </trkpt>
      <trkpt lat="33.884356962516904" lon="-116.69819514267147">
        <time>2005-05-11T11:31:40-07:00</time>
      </trkpt>
      <trkpt lat="33.884357046335936" lon="-116.69820905663073">
        <time>2005-05-11T11:31:45-07:00</time>
      </trkpt>
      <trkpt lat="33.884366350248456" lon="-116.69823260977864">
        <time>2005-05-11T11:31:50-07:00</time>
      </trkpt>
      <trkpt lat="33.88436031527817" lon="-116.69829564169049">
        <time>2005-05-11T11:31:55-07:00</time>
      </trkpt>
      <trkpt lat="33.884368194267154" lon="-116.6983382217586">
        <time>2005-05-11T11:31:56-07:00</time>
      </trkpt>
      <trkpt lat="33.884366853162646" lon="-116.69836395420134">
        <time>2005-05-11T11:32:02-07:00</time>
      </trkpt>
      <trkpt lat="33.88436274603009" lon="-116.69838071800768">
        <time>2005-05-11T11:32:03-07:00</time>
      </trkpt>
      <trkpt lat="33.88436450622976" lon="-116.69839127920568">
        <time>2005-05-11T11:32:05-07:00</time>
      </trkpt>
      <trkpt lat="33.88436442241073" lon="-116.6984093002975">
        <time>2005-05-11T11:32:09-07:00</time>
      </trkpt>
      <trkpt lat="33.884377079084516" lon="-116.69846093282104">
        <time>2005-05-11T11:32:13-07:00</time>
      </trkpt>
      <trkpt lat="33.88437339104712" lon="-116.69849144294858">
        <time>2005-05-11T11:32:15-07:00</time>
      </trkpt>
      <trkpt lat="33.884377079084516" lon="-116.69853989034891">
        <time>2005-05-11T11:32:16-07:00</time>
      </trkpt>
      <trkpt lat="33.88437473215163" lon="-116.69858624227345">
        <time>2005-05-11T11:32:17-07:00</time>
      </trkpt>
      <trkpt lat="33.884383868426085" lon="-116.69862639158964">
        <time>2005-05-11T11:32:18-07:00</time>
      </trkpt>
      <trkpt lat="33.88438479043543" lon="-116.6986788623035">
        <time>2005-05-11T11:32:22-07:00</time>
      </trkpt>
      <trkpt lat="33.884388310834765" lon="-116.69873904436827">
        <time>2005-05-11T11:32:24-07:00</time>
      </trkpt>
      <trkpt lat="33.88438420370221" lon="-116.69879713095725">
        <time>2005-05-11T11:32:27-07:00</time>
      </trkpt>
      <trkpt lat="33.88438420370221" lon="-116.6988136433065">
        <time>2005-05-11T11:32:30-07:00</time>
      </trkpt>
      <trkpt lat="33.8843728043139" lon="-116.6988998092711">
        <time>2005-05-11T11:32:33-07:00</time>
      </trkpt>
      <trkpt lat="33.884368194267154" lon="-116.69892931357026">
        <time>2005-05-11T11:32:37-07:00</time>
      </trkpt>
      <trkpt lat="33.884339947253466" lon="-116.6990086901933">
        <time>2005-05-11T11:32:41-07:00</time>
      </trkpt>
      <trkpt lat="33.88429275713861" lon="-116.69908219948411">
        <time>2005-05-11T11:32:46-07:00</time>
      </trkpt>
      <trkpt lat="33.88427431695163" lon="-116.69912117533386">
        <time>2005-05-11T11:32:47-07:00</time>
      </trkpt>
      <trkpt lat="33.88428186066449" lon="-116.69914925470948">
        <time>2005-05-11T11:32:52-07:00</time>
      </trkpt>
      <trkpt lat="33.884271970018744" lon="-116.69917481951416">
        <time>2005-05-11T11:32:54-07:00</time>
      </trkpt>
      <trkpt lat="33.884265599772334" lon="-116.69919149950147">
        <time>2005-05-11T11:33:00-07:00</time>
      </trkpt>
      <trkpt lat="33.88425847515464" lon="-116.69922477565706">
        <time>2005-05-11T11:33:06-07:00</time>
      </trkpt>
      <trkpt lat="33.88428186066449" lon="-116.69927330687642">
        <time>2005-05-11T11:33:09-07:00</time>
      </trkpt>
      <trkpt lat="33.88432410545647" lon="-116.69933700934052">
        <time>2005-05-11T11:33:11-07:00</time>
      </trkpt>
      <trkpt lat="33.884322261437774" lon="-116.69934966601431">
        <time>2005-05-11T11:33:13-07:00</time>
      </trkpt>
      <trkpt lat="33.884316897019744" lon="-116.69936265796423">
        <time>2005-05-11T11:33:14-07:00</time>
      </trkpt>
      <trkpt lat="33.884302731603384" lon="-116.69942728243768">
        <time>2005-05-11T11:33:16-07:00</time>
      </trkpt>
      <trkpt lat="33.884289069101214" lon="-116.69947078451514">
        <time>2005-05-11T11:33:21-07:00</time>
      </trkpt>
      <trkpt lat="33.88429770246148" lon="-116.69953909702599">
        <time>2005-05-11T11:33:28-07:00</time>
      </trkpt>
      <trkpt lat="33.884329218417406" lon="-116.69959274120629">
        <time>2005-05-11T11:33:29-07:00</time>
      </trkpt>
      <trkpt lat="33.88434363529086" lon="-116.69959031045437">
        <time>2005-05-11T11:33:30-07:00</time>
      </trkpt>
      <trkpt lat="33.88436995446682" lon="-116.69960908591747">
        <time>2005-05-11T11:33:35-07:00</time>
      </trkpt>
      <trkpt lat="33.88436945155263" lon="-116.69962082058191">
        <time>2005-05-11T11:33:38-07:00</time>
      </trkpt>
      <trkpt lat="33.88438562862575" lon="-116.69967806898057">
        <time>2005-05-11T11:33:42-07:00</time>
      </trkpt>
      <trkpt lat="33.884404404088855" lon="-116.69978435151279">
        <time>2005-05-11T11:33:47-07:00</time>
      </trkpt>
      <trkpt lat="33.88441110961139" lon="-116.69986515305936">
        <time>2005-05-11T11:33:48-07:00</time>
      </trkpt>
      <trkpt lat="33.884410271421075" lon="-116.69993120245636">
        <time>2005-05-11T11:33:52-07:00</time>
      </trkpt>
      <trkpt lat="33.88440306298435" lon="-116.70004058629274">
        <time>2005-05-11T11:33:53-07:00</time>
      </trkpt>
      <trkpt lat="33.88439836911857" lon="-116.70007897540927">
        <time>2005-05-11T11:33:57-07:00</time>
      </trkpt>
      <trkpt lat="33.884391663596034" lon="-116.70009749941528">
        <time>2005-05-11T11:34:04-07:00</time>
      </trkpt>
      <trkpt lat="33.88438621535897" lon="-116.70010537840426">
        <time>2005-05-11T11:34:10-07:00</time>
      </trkpt>
      <trkpt lat="33.88438110239804" lon="-116.70017980970442">
        <time>2005-05-11T11:34:14-07:00</time>
      </trkpt>
      <trkpt lat="33.884388813748956" lon="-116.70025818049908">
        <time>2005-05-11T11:34:22-07:00</time>
      </trkpt>
      <trkpt lat="33.884402140975" lon="-116.70025658793747">
        <time>2005-05-11T11:34:25-07:00</time>
      </trkpt>
      <trkpt lat="33.88440725393593" lon="-116.70025122351944">
        <time>2005-05-11T11:34:27-07:00</time>
      </trkpt>
      <trkpt lat="33.88443893752992" lon="-116.70019422657788">
        <time>2005-05-11T11:34:32-07:00</time>
      </trkpt>
      <trkpt lat="33.88447020202875" lon="-116.70014200732112">
        <time>2005-05-11T11:34:37-07:00</time>
      </trkpt>
      <trkpt lat="33.884482104331255" lon="-116.70011593960226">
        <time>2005-05-11T11:34:43-07:00</time>
      </trkpt>
      <trkpt lat="33.884505573660135" lon="-116.7000309471041">
        <time>2005-05-11T11:34:47-07:00</time>
      </trkpt>
      <trkpt lat="33.88450741767883" lon="-116.69999054633081">
        <time>2005-05-11T11:34:48-07:00</time>
      </trkpt>
      <trkpt lat="33.884511860087514" lon="-116.69994989410043">
        <time>2005-05-11T11:34:54-07:00</time>
      </trkpt>
      <trkpt lat="33.884532982483506" lon="-116.69985911808908">
        <time>2005-05-11T11:34:58-07:00</time>
      </trkpt>
      <trkpt lat="33.884540190920234" lon="-116.699845707044">
        <time>2005-05-11T11:35:00-07:00</time>
      </trkpt>
      <trkpt lat="33.88455217704177" lon="-116.69982491992414">
        <time>2005-05-11T11:35:06-07:00</time>
      </trkpt>
      <trkpt lat="33.88455762527883" lon="-116.69980203732848">
        <time>2005-05-11T11:35:09-07:00</time>
      </trkpt>
      <trkpt lat="33.884571287781" lon="-116.6997701022774">
        <time>2005-05-11T11:35:12-07:00</time>
      </trkpt>
      <trkpt lat="33.88457681983709" lon="-116.69975560158491">
        <time>2005-05-11T11:35:18-07:00</time>
      </trkpt>
      <trkpt lat="33.8846143707633" lon="-116.69967547059059">
        <time>2005-05-11T11:35:19-07:00</time>
      </trkpt>
      <trkpt lat="33.884624345228076" lon="-116.6995993629098">
        <time>2005-05-11T11:35:21-07:00</time>
      </trkpt>
      <trkpt lat="33.884624261409044" lon="-116.69956935569644">
        <time>2005-05-11T11:35:23-07:00</time>
      </trkpt>
      <trkpt lat="33.884616214782" lon="-116.69954479672015">
        <time>2005-05-11T11:35:26-07:00</time>
      </trkpt>
      <trkpt lat="33.88459123671055" lon="-116.69952241703868">
        <time>2005-05-11T11:35:27-07:00</time>
      </trkpt>
      <trkpt lat="33.88457413762808" lon="-116.69945837929845">
        <time>2005-05-11T11:35:33-07:00</time>
      </trkpt>
      <trkpt lat="33.8846111856401" lon="-116.69942216947675">
        <time>2005-05-11T11:35:38-07:00</time>
      </trkpt>
      <trkpt lat="33.884616969153285" lon="-116.69940113089979">
        <time>2005-05-11T11:35:40-07:00</time>
      </trkpt>
      <trkpt lat="33.88460456393659" lon="-116.69935553334653">
        <time>2005-05-11T11:35:42-07:00</time>
      </trkpt>
      <trkpt lat="33.884584698826075" lon="-116.69928571209311">
        <time>2005-05-11T11:35:44-07:00</time>
      </trkpt>
      <trkpt lat="33.88459919951856" lon="-116.69927070848644">
        <time>2005-05-11T11:35:50-07:00</time>
      </trkpt>
      <trkpt lat="33.88462266884744" lon="-116.69927095994353">
        <time>2005-05-11T11:35:55-07:00</time>
      </trkpt>
      <trkpt lat="33.8846455514431" lon="-116.69920658692718">
        <time>2005-05-11T11:35:57-07:00</time>
      </trkpt>
      <trkpt lat="33.884653178974986" lon="-116.6991934273392">
        <time>2005-05-11T11:36:00-07:00</time>
      </trkpt>
      <trkpt lat="33.884665835648775" lon="-116.69917138293386">
        <time>2005-05-11T11:36:06-07:00</time>
      </trkpt>
      <trkpt lat="33.884674133732915" lon="-116.69909158721566">
        <time>2005-05-11T11:36:09-07:00</time>
      </trkpt>
      <trkpt lat="33.88464840129018" lon="-116.69904540292919">
        <time>2005-05-11T11:36:12-07:00</time>
      </trkpt>
      <trkpt lat="33.88465301133692" lon="-116.69903601519763">
        <time>2005-05-11T11:36:17-07:00</time>
      </trkpt>
      <trkpt lat="33.8846732955426" lon="-116.69898019172251">
        <time>2005-05-11T11:36:18-07:00</time>
      </trkpt>
      <trkpt lat="33.884701961651444" lon="-116.698910119012">
        <time>2005-05-11T11:36:20-07:00</time>
      </trkpt>
      <trkpt lat="33.88472216203809" lon="-116.69886108487844">
        <time>2005-05-11T11:36:25-07:00</time>
      </trkpt>
      <trkpt lat="33.88474236242473" lon="-116.69882236048579">
        <time>2005-05-11T11:36:29-07:00</time>
      </trkpt>
      <trkpt lat="33.88479156419635" lon="-116.6987549699843">
        <time>2005-05-11T11:36:30-07:00</time>
      </trkpt>
      <trkpt lat="33.88483942486346" lon="-116.69867140240967">
        <time>2005-05-11T11:36:34-07:00</time>
      </trkpt>
      <trkpt lat="33.884834395721555" lon="-116.69865505769849">
        <time>2005-05-11T11:36:40-07:00</time>
      </trkpt>
      <trkpt lat="33.88483481481671" lon="-116.69863955117762">
        <time>2005-05-11T11:36:43-07:00</time>
      </trkpt>
      <trkpt lat="33.88485065661371" lon="-116.69861759059131">
        <time>2005-05-11T11:36:46-07:00</time>
      </trkpt>
      <trkpt lat="33.88486700132489" lon="-116.6985839791596">
        <time>2005-05-11T11:36:52-07:00</time>
      </trkpt>
      <trkpt lat="33.88487848453224" lon="-116.6985144931823">
        <time>2005-05-11T11:36:59-07:00</time>
      </trkpt>
      <trkpt lat="33.88488510623574" lon="-116.69850468635559">
        <time>2005-05-11T11:37:00-07:00</time>
      </trkpt>
      <trkpt lat="33.8848995231092" lon="-116.69848792254925">
        <time>2005-05-11T11:37:01-07:00</time>
      </trkpt>
      <trkpt lat="33.8849217351526" lon="-116.69845732860267">
        <time>2005-05-11T11:37:03-07:00</time>
      </trkpt>
      <trkpt lat="33.88492642901838" lon="-116.69844291172922">
        <time>2005-05-11T11:37:06-07:00</time>
      </trkpt>
      <trkpt lat="33.88493422418833" lon="-116.69841357506812">
        <time>2005-05-11T11:37:11-07:00</time>
      </trkpt>
      <trkpt lat="33.884941851720214" lon="-116.69837929308414">
        <time>2005-05-11T11:37:12-07:00</time>
      </trkpt>
      <trkpt lat="33.88495861552656" lon="-116.69833411462605">
        <time>2005-05-11T11:37:14-07:00</time>
      </trkpt>
      <trkpt lat="33.88497496023774" lon="-116.69828306883574">
        <time>2005-05-11T11:37:17-07:00</time>
      </trkpt>
      <trkpt lat="33.88498133048415" lon="-116.69827720150352">
        <time>2005-05-11T11:37:18-07:00</time>
      </trkpt>
      <trkpt lat="33.88501410372555" lon="-116.69820637442172">
        <time>2005-05-11T11:37:20-07:00</time>
      </trkpt>
      <trkpt lat="33.88501485809684" lon="-116.69817058369517">
        <time>2005-05-11T11:37:22-07:00</time>
      </trkpt>
      <trkpt lat="33.885019132867455" lon="-116.69811853207648">
        <time>2005-05-11T11:37:26-07:00</time>
      </trkpt>
      <trkpt lat="33.88502466492355" lon="-116.69808441773057">
        <time>2005-05-11T11:37:31-07:00</time>
      </trkpt>
      <trkpt lat="33.88502273708582" lon="-116.69803764671087">
        <time>2005-05-11T11:37:32-07:00</time>
      </trkpt>
      <trkpt lat="33.885017121210694" lon="-116.69800881296396">
        <time>2005-05-11T11:37:38-07:00</time>
      </trkpt>
      <trkpt lat="33.885002033784986" lon="-116.69796564616263">
        <time>2005-05-11T11:37:40-07:00</time>
      </trkpt>
      <trkpt lat="33.88499541208148" lon="-116.69795441441238">
        <time>2005-05-11T11:37:43-07:00</time>
      </trkpt>
      <trkpt lat="33.884965321049094" lon="-116.69789381325245">
        <time>2005-05-11T11:37:45-07:00</time>
      </trkpt>
      <trkpt lat="33.88495568186045" lon="-116.69786615297198">
        <time>2005-05-11T11:37:48-07:00</time>
      </trkpt>
      <trkpt lat="33.8849391695112" lon="-116.69781485572457">
        <time>2005-05-11T11:37:50-07:00</time>
      </trkpt>
      <trkpt lat="33.88493372127414" lon="-116.69778468087316">
        <time>2005-05-11T11:37:54-07:00</time>
      </trkpt>
      <trkpt lat="33.884958531707525" lon="-116.6977808251977">
        <time>2005-05-11T11:37:55-07:00</time>
      </trkpt>
      <trkpt lat="33.884990718215704" lon="-116.6978355590254">
        <time>2005-05-11T11:38:01-07:00</time>
      </trkpt>
      <trkpt lat="33.8850028719753" lon="-116.6978603694588">
        <time>2005-05-11T11:38:03-07:00</time>
      </trkpt>
      <trkpt lat="33.885060623288155" lon="-116.69792491011322">
        <time>2005-05-11T11:38:07-07:00</time>
      </trkpt>
      <trkpt lat="33.88508694246411" lon="-116.69799892231822">
        <time>2005-05-11T11:38:09-07:00</time>
      </trkpt>
      <trkpt lat="33.88509716838598" lon="-116.69803203083575">
        <time>2005-05-11T11:38:12-07:00</time>
      </trkpt>
      <trkpt lat="33.88511275872588" lon="-116.69806321151555">
        <time>2005-05-11T11:38:17-07:00</time>
      </trkpt>
      <trkpt lat="33.88512533158064" lon="-116.69812775216997">
        <time>2005-05-11T11:38:19-07:00</time>
      </trkpt>
      <trkpt lat="33.88514117337763" lon="-116.69820805080235">
        <time>2005-05-11T11:38:25-07:00</time>
      </trkpt>
      <trkpt lat="33.885140335187316" lon="-116.69825079850852">
        <time>2005-05-11T11:38:30-07:00</time>
      </trkpt>
      <trkpt lat="33.88514528051019" lon="-116.69826638884842">
        <time>2005-05-11T11:38:33-07:00</time>
      </trkpt>
      <trkpt lat="33.88515030965209" lon="-116.69827384874225">
        <time>2005-05-11T11:38:36-07:00</time>
      </trkpt>
      <trkpt lat="33.88515030965209" lon="-116.69827384874225">
        <time>2005-05-11T11:38:41-07:00</time>
      </trkpt>
      <trkpt lat="33.88516506180167" lon="-116.69826546683908">
        <time>2005-05-11T11:38:46-07:00</time>
      </trkpt>
      <trkpt lat="33.88516531325877" lon="-116.69826546683908">
        <time>2005-05-11T11:38:49-07:00</time>
      </trkpt>
      <trkpt lat="33.885164726525545" lon="-116.69826513156295">
        <time>2005-05-11T11:38:50-07:00</time>
      </trkpt>
      <trkpt lat="33.88517218641937" lon="-116.69829756952822">
        <time>2005-05-11T11:38:55-07:00</time>
      </trkpt>
      <trkpt lat="33.885164223611355" lon="-116.69833277352154">
        <time>2005-05-11T11:39:04-07:00</time>
      </trkpt>
      <trkpt lat="33.885154919698834" lon="-116.69835096225142">
        <time>2005-05-11T11:39:13-07:00</time>
      </trkpt>
      <trkpt lat="33.885154919698834" lon="-116.69835096225142">
        <time>2005-05-11T11:39:14-07:00</time>
      </trkpt>
      <trkpt lat="33.88515567407012" lon="-116.69835322536528">
        <time>2005-05-11T11:39:22-07:00</time>
      </trkpt>
      <trkpt lat="33.88515760190785" lon="-116.69835993088782">
        <time>2005-05-11T11:39:24-07:00</time>
      </trkpt>
      <trkpt lat="33.88515751808882" lon="-116.69836009852588">
        <time>2005-05-11T11:39:27-07:00</time>
      </trkpt>
      <trkpt lat="33.885144190862775" lon="-116.69844064861536">
        <time>2005-05-11T11:39:35-07:00</time>
      </trkpt>
      <trkpt lat="33.88514184392989" lon="-116.69850954785943">
        <time>2005-05-11T11:39:37-07:00</time>
      </trkpt>
      <trkpt lat="33.88514201156795" lon="-116.69852932915092">
        <time>2005-05-11T11:39:47-07:00</time>
      </trkpt>
      <trkpt lat="33.88512357138097" lon="-116.69857325032353">
        <time>2005-05-11T11:39:51-07:00</time>
      </trkpt>
      <trkpt lat="33.885118290781975" lon="-116.6986064426601">
        <time>2005-05-11T11:39:54-07:00</time>
      </trkpt>
      <trkpt lat="33.8851151894778" lon="-116.69867400079966">
        <time>2005-05-11T11:40:00-07:00</time>
      </trkpt>
      <trkpt lat="33.885112423449755" lon="-116.69869537465274">
        <time>2005-05-11T11:40:05-07:00</time>
      </trkpt>
      <trkpt lat="33.88511066325009" lon="-116.69873292557895">
        <time>2005-05-11T11:40:06-07:00</time>
      </trkpt>
      <trkpt lat="33.88511368073523" lon="-116.69874994084239">
        <time>2005-05-11T11:40:09-07:00</time>
      </trkpt>
      <trkpt lat="33.885111501440406" lon="-116.6987840551883">
        <time>2005-05-11T11:40:11-07:00</time>
      </trkpt>
      <trkpt lat="33.88509666547179" lon="-116.6988427285105">
        <time>2005-05-11T11:40:16-07:00</time>
      </trkpt>
      <trkpt lat="33.88509130105376" lon="-116.69887281954288">
        <time>2005-05-11T11:40:17-07:00</time>
      </trkpt>
      <trkpt lat="33.88510571792722" lon="-116.69890928082168">
        <time>2005-05-11T11:40:20-07:00</time>
      </trkpt>
      <trkpt lat="33.885122649371624" lon="-116.69890182092786">
        <time>2005-05-11T11:40:21-07:00</time>
      </trkpt>
      <trkpt lat="33.88513941317797" lon="-116.69888094998896">
        <time>2005-05-11T11:40:23-07:00</time>
      </trkpt>
      <trkpt lat="33.88514754362404" lon="-116.69887047261">
        <time>2005-05-11T11:40:27-07:00</time>
      </trkpt>
      <trkpt lat="33.885152488946915" lon="-116.69885220006108">
        <time>2005-05-11T11:40:29-07:00</time>
      </trkpt>
      <trkpt lat="33.885157937183976" lon="-116.69882470741868">
        <time>2005-05-11T11:40:33-07:00</time>
      </trkpt>
      <trkpt lat="33.88519431464374" lon="-116.69876058585942">
        <time>2005-05-11T11:40:34-07:00</time>
      </trkpt>
      <trkpt lat="33.88523630797863" lon="-116.69866478070617">
        <time>2005-05-11T11:40:36-07:00</time>
      </trkpt>
      <trkpt lat="33.88524016365409" lon="-116.69861800968647">
        <time>2005-05-11T11:40:37-07:00</time>
      </trkpt>
      <trkpt lat="33.88523689471185" lon="-116.69859076850116">
        <time>2005-05-11T11:40:38-07:00</time>
      </trkpt>
      <trkpt lat="33.885259022936225" lon="-116.69855346903205">
        <time>2005-05-11T11:40:40-07:00</time>
      </trkpt>
      <trkpt lat="33.88526774011552" lon="-116.69854651205242">
        <time>2005-05-11T11:40:45-07:00</time>
      </trkpt>
      <trkpt lat="33.88531970791519" lon="-116.69846721924841">
        <time>2005-05-11T11:40:52-07:00</time>
      </trkpt>
      <trkpt lat="33.8853551633656" lon="-116.69842095114291">
        <time>2005-05-11T11:40:55-07:00</time>
      </trkpt>
      <trkpt lat="33.88535784557462" lon="-116.69841047376394">
        <time>2005-05-11T11:40:57-07:00</time>
      </trkpt>
      <trkpt lat="33.88536429964006" lon="-116.69835850596428">
        <time>2005-05-11T11:41:02-07:00</time>
      </trkpt>
      <trkpt lat="33.88537460938096" lon="-116.69831056147814">
        <time>2005-05-11T11:41:03-07:00</time>
      </trkpt>
      <trkpt lat="33.885378297418356" lon="-116.69828382320702">
        <time>2005-05-11T11:41:10-07:00</time>
      </trkpt>
      <trkpt lat="33.88538374565542" lon="-116.69821324758232">
        <time>2005-05-11T11:41:15-07:00</time>
      </trkpt>
      <trkpt lat="33.885391457006335" lon="-116.69818617403507">
        <time>2005-05-11T11:41:16-07:00</time>
      </trkpt>
      <trkpt lat="33.88539447449148" lon="-116.69814652763307">
        <time>2005-05-11T11:41:20-07:00</time>
      </trkpt>
      <trkpt lat="33.88538617640734" lon="-116.69811258092523">
        <time>2005-05-11T11:41:23-07:00</time>
      </trkpt>
      <trkpt lat="33.885384583845735" lon="-116.69806237332523">
        <time>2005-05-11T11:41:25-07:00</time>
      </trkpt>
      <trkpt lat="33.88538399711251" lon="-116.69797687791288">
        <time>2005-05-11T11:41:30-07:00</time>
      </trkpt>
      <trkpt lat="33.88538047671318" lon="-116.69789733365178">
        <time>2005-05-11T11:41:32-07:00</time>
      </trkpt>
      <trkpt lat="33.88537494465709" lon="-116.69788886792958">
        <time>2005-05-11T11:41:35-07:00</time>
      </trkpt>
      <trkpt lat="33.885361198335886" lon="-116.69787797145545">
        <time>2005-05-11T11:41:37-07:00</time>
      </trkpt>
      <trkpt lat="33.88534183613956" lon="-116.69785290956497">
        <time>2005-05-11T11:41:40-07:00</time>
      </trkpt>
      <trkpt lat="33.88533546589315" lon="-116.6978431865573">
        <time>2005-05-11T11:41:46-07:00</time>
      </trkpt>
      <trkpt lat="33.88528760522604" lon="-116.69777219183743">
        <time>2005-05-11T11:41:51-07:00</time>
      </trkpt>
      <trkpt lat="33.88524938374758" lon="-116.69769843108952">
        <time>2005-05-11T11:41:52-07:00</time>
      </trkpt>
      <trkpt lat="33.885265812277794" lon="-116.69764143414795">
        <time>2005-05-11T11:41:53-07:00</time>
      </trkpt>
      <trkpt lat="33.88527821749449" lon="-116.69763330370188">
        <time>2005-05-11T11:41:55-07:00</time>
      </trkpt>
      <trkpt lat="33.88532632961869" lon="-116.69758292846382">
        <time>2005-05-11T11:41:56-07:00</time>
      </trkpt>
      <trkpt lat="33.88533546589315" lon="-116.69758116826415">
        <time>2005-05-11T11:42:02-07:00</time>
      </trkpt>
      <trkpt lat="33.88539154082537" lon="-116.69755082577467">
        <time>2005-05-11T11:42:08-07:00</time>
      </trkpt>
      <trkpt lat="33.885478880256414" lon="-116.69744672253728">
        <time>2005-05-11T11:42:12-07:00</time>
      </trkpt>
      <trkpt lat="33.88550704345107" lon="-116.69738084077835">
        <time>2005-05-11T11:42:13-07:00</time>
      </trkpt>
      <trkpt lat="33.88551031239331" lon="-116.69735678471625">
        <time>2005-05-11T11:42:19-07:00</time>
      </trkpt>
      <trkpt lat="33.88551156967878" lon="-116.6973458044231">
        <time>2005-05-11T11:42:20-07:00</time>
      </trkpt>
      <trkpt lat="33.885512072592974" lon="-116.69733214192092">
        <time>2005-05-11T11:42:26-07:00</time>
      </trkpt>
      <trkpt lat="33.88551156967878" lon="-116.69732225127518">
        <time>2005-05-11T11:42:35-07:00</time>
      </trkpt>
      <trkpt lat="33.88551106676459" lon="-116.69730867259204">
        <time>2005-05-11T11:42:41-07:00</time>
      </trkpt>
      <trkpt lat="33.885507211089134" lon="-116.69722485356033">
        <time>2005-05-11T11:42:43-07:00</time>
      </trkpt>
      <trkpt lat="33.885497488081455" lon="-116.69721169397235">
        <time>2005-05-11T11:42:44-07:00</time>
      </trkpt>
      <trkpt lat="33.88548734597862" lon="-116.69713642448187">
        <time>2005-05-11T11:42:45-07:00</time>
      </trkpt>
      <trkpt lat="33.88549103401601" lon="-116.69708227738738">
        <time>2005-05-11T11:42:46-07:00</time>
      </trkpt>
      <trkpt lat="33.88549170456827" lon="-116.69706467539072">
        <time>2005-05-11T11:42:47-07:00</time>
      </trkpt>
      <trkpt lat="33.88549438677728" lon="-116.69702670536935">
        <time>2005-05-11T11:42:52-07:00</time>
      </trkpt>
      <trkpt lat="33.88548759743571" lon="-116.69697750359774">
        <time>2005-05-11T11:42:53-07:00</time>
      </trkpt>
      <trkpt lat="33.88549371622503" lon="-116.69690231792629">
        <time>2005-05-11T11:42:58-07:00</time>
      </trkpt>
      <trkpt lat="33.885499918833375" lon="-116.69689217582345">
        <time>2005-05-11T11:43:02-07:00</time>
      </trkpt>
      <trkpt lat="33.885511150583625" lon="-116.69683400541544">
        <time>2005-05-11T11:43:03-07:00</time>
      </trkpt>
      <trkpt lat="33.88551299460232" lon="-116.69681942090392">
        <time>2005-05-11T11:43:06-07:00</time>
      </trkpt>
      <trkpt lat="33.88551835902035" lon="-116.69675999321043">
        <time>2005-05-11T11:43:09-07:00</time>
      </trkpt>
      <trkpt lat="33.88551517389715" lon="-116.69673493131995">
        <time>2005-05-11T11:43:16-07:00</time>
      </trkpt>
      <trkpt lat="33.885509222745895" lon="-116.69665144756436">
        <time>2005-05-11T11:43:17-07:00</time>
      </trkpt>
      <trkpt lat="33.8854968175292" lon="-116.69661833904684">
        <time>2005-05-11T11:43:22-07:00</time>
      </trkpt>
      <trkpt lat="33.88548709452152" lon="-116.69660744257271">
        <time>2005-05-11T11:43:23-07:00</time>
      </trkpt>
      <trkpt lat="33.885465217754245" lon="-116.69657710008323">
        <time>2005-05-11T11:43:28-07:00</time>
      </trkpt>
      <trkpt lat="33.885438311845064" lon="-116.69654642231762">
        <time>2005-05-11T11:43:30-07:00</time>
      </trkpt>
      <trkpt lat="33.88542825356126" lon="-116.6965355258435">
        <time>2005-05-11T11:43:36-07:00</time>
      </trkpt>
      <trkpt lat="33.885355247184634" lon="-116.69646687805653">
        <time>2005-05-11T11:43:38-07:00</time>
      </trkpt>
      <trkpt lat="33.885290790349245" lon="-116.6964351106435">
        <time>2005-05-11T11:43:39-07:00</time>
      </trkpt>
      <trkpt lat="33.88525106012821" lon="-116.69638398103416">
        <time>2005-05-11T11:43:42-07:00</time>
      </trkpt>
      <trkpt lat="33.88524452224374" lon="-116.69633578509092">
        <time>2005-05-11T11:43:45-07:00</time>
      </trkpt>
      <trkpt lat="33.88523236848414" lon="-116.6962561570108">
        <time>2005-05-11T11:43:46-07:00</time>
      </trkpt>
      <trkpt lat="33.88523790054023" lon="-116.69625020585954">
        <time>2005-05-11T11:43:53-07:00</time>
      </trkpt>
      <trkpt lat="33.885252652689815" lon="-116.69620695523918">
        <time>2005-05-11T11:43:59-07:00</time>
      </trkpt>
      <trkpt lat="33.885288359597325" lon="-116.6961745172739">
        <time>2005-05-11T11:44:05-07:00</time>
      </trkpt>
      <trkpt lat="33.88533404096961" lon="-116.6961277462542">
        <time>2005-05-11T11:44:09-07:00</time>
      </trkpt>
      <trkpt lat="33.88535390608013" lon="-116.69609656557441">
        <time>2005-05-11T11:44:15-07:00</time>
      </trkpt>
      <trkpt lat="33.88536740094423" lon="-116.69604979455471">
        <time>2005-05-11T11:44:16-07:00</time>
      </trkpt>
      <trkpt lat="33.88537938706577" lon="-116.69600897468626">
        <time>2005-05-11T11:44:20-07:00</time>
      </trkpt>
      <trkpt lat="33.88540000654757" lon="-116.69596262276173">
        <time>2005-05-11T11:44:25-07:00</time>
      </trkpt>
      <trkpt lat="33.8854175247252" lon="-116.69590923003852">
        <time>2005-05-11T11:44:30-07:00</time>
      </trkpt>
      <trkpt lat="33.88543018139899" lon="-116.69588877819479">
        <time>2005-05-11T11:44:33-07:00</time>
      </trkpt>
      <trkpt lat="33.885438898578286" lon="-116.69583178125322">
        <time>2005-05-11T11:44:36-07:00</time>
      </trkpt>
      <trkpt lat="33.88546949252486" lon="-116.69574469327927">
        <time>2005-05-11T11:44:39-07:00</time>
      </trkpt>
      <trkpt lat="33.88547879643738" lon="-116.69571585953236">
        <time>2005-05-11T11:44:43-07:00</time>
      </trkpt>
      <trkpt lat="33.88550151139498" lon="-116.69566104188561">
        <time>2005-05-11T11:44:47-07:00</time>
      </trkpt>
      <trkpt lat="33.8855055347085" lon="-116.69565106742084">
        <time>2005-05-11T11:44:49-07:00</time>
      </trkpt>
      <trkpt lat="33.88552053831518" lon="-116.6955875325948">
        <time>2005-05-11T11:44:53-07:00</time>
      </trkpt>
      <trkpt lat="33.885521376505494" lon="-116.69553271494806">
        <time>2005-05-11T11:45:00-07:00</time>
      </trkpt>
      <trkpt lat="33.88552053831518" lon="-116.6955095808953">
        <time>2005-05-11T11:45:02-07:00</time>
      </trkpt>
      <trkpt lat="33.8855192810297" lon="-116.69545392505825">
        <time>2005-05-11T11:45:07-07:00</time>
      </trkpt>
      <trkpt lat="33.88550846837461" lon="-116.6954218223691">
        <time>2005-05-11T11:45:08-07:00</time>
      </trkpt>
      <trkpt lat="33.885504864156246" lon="-116.69536214321852">
        <time>2005-05-11T11:45:13-07:00</time>
      </trkpt>
      <trkpt lat="33.88550637289882" lon="-116.69535091146827">
        <time>2005-05-11T11:45:17-07:00</time>
      </trkpt>
      <trkpt lat="33.88549388386309" lon="-116.69531998224556">
        <time>2005-05-11T11:45:19-07:00</time>
      </trkpt>
      <trkpt lat="33.88549053110182" lon="-116.69528846628964">
        <time>2005-05-11T11:45:23-07:00</time>
      </trkpt>
      <trkpt lat="33.88551224023104" lon="-116.69522535055876">
        <time>2005-05-11T11:45:25-07:00</time>
      </trkpt>
      <trkpt lat="33.885519448667765" lon="-116.69520942494273">
        <time>2005-05-11T11:45:30-07:00</time>
      </trkpt>
      <trkpt lat="33.885539984330535" lon="-116.69511345215142">
        <time>2005-05-11T11:45:31-07:00</time>
      </trkpt>
      <trkpt lat="33.88555943034589" lon="-116.69501630589366">
        <time>2005-05-11T11:45:33-07:00</time>
      </trkpt>
      <trkpt lat="33.8855607714504" lon="-116.69496643356979">
        <time>2005-05-11T11:45:35-07:00</time>
      </trkpt>
      <trkpt lat="33.885558592155576" lon="-116.69494237750769">
        <time>2005-05-11T11:45:40-07:00</time>
      </trkpt>
      <trkpt lat="33.88553244061768" lon="-116.6948573011905">
        <time>2005-05-11T11:45:41-07:00</time>
      </trkpt>
      <trkpt lat="33.8855383079499" lon="-116.6948327422142">
        <time>2005-05-11T11:45:47-07:00</time>
      </trkpt>
      <trkpt lat="33.88553034514189" lon="-116.69479552656412">
        <time>2005-05-11T11:45:54-07:00</time>
      </trkpt>
      <trkpt lat="33.88552950695157" lon="-116.69476384297013">
        <time>2005-05-11T11:45:58-07:00</time>
      </trkpt>
      <trkpt lat="33.88555104844272" lon="-116.69465890154243">
        <time>2005-05-11T11:46:00-07:00</time>
      </trkpt>
      <trkpt lat="33.885553730651736" lon="-116.69464884325862">
        <time>2005-05-11T11:46:06-07:00</time>
      </trkpt>
      <trkpt lat="33.8855557423085" lon="-116.69456938281655">
        <time>2005-05-11T11:46:10-07:00</time>
      </trkpt>
      <trkpt lat="33.88554316945374" lon="-116.69448380358517">
        <time>2005-05-11T11:46:14-07:00</time>
      </trkpt>
      <trkpt lat="33.88554811477661" lon="-116.69437626376748">
        <time>2005-05-11T11:46:16-07:00</time>
      </trkpt>
      <trkpt lat="33.88555088080466" lon="-116.69432823546231">
        <time>2005-05-11T11:46:23-07:00</time>
      </trkpt>
      <trkpt lat="33.88552850112319" lon="-116.69429336674511">
        <time>2005-05-11T11:46:24-07:00</time>
      </trkpt>
      <trkpt lat="33.885512659326196" lon="-116.6942441649735">
        <time>2005-05-11T11:46:29-07:00</time>
      </trkpt>
      <trkpt lat="33.88550855219364" lon="-116.69422765262425">
        <time>2005-05-11T11:46:35-07:00</time>
      </trkpt>
      <trkpt lat="33.885507294908166" lon="-116.69421591795981">
        <time>2005-05-11T11:46:41-07:00</time>
      </trkpt>
      <trkpt lat="33.88549882918596" lon="-116.69416973367333">
        <time>2005-05-11T11:46:44-07:00</time>
      </trkpt>
      <trkpt lat="33.885481813922524" lon="-116.69411298818886">
        <time>2005-05-11T11:46:47-07:00</time>
      </trkpt>
      <trkpt lat="33.88546102680266" lon="-116.69407376088202">
        <time>2005-05-11T11:46:51-07:00</time>
      </trkpt>
      <trkpt lat="33.88543370179832" lon="-116.6940250620246">
        <time>2005-05-11T11:46:53-07:00</time>
      </trkpt>
      <trkpt lat="33.885425655171275" lon="-116.69401005841792">
        <time>2005-05-11T11:46:54-07:00</time>
      </trkpt>
      <trkpt lat="33.88541517779231" lon="-116.6939830686897">
        <time>2005-05-11T11:46:58-07:00</time>
      </trkpt>
      <trkpt lat="33.88539212755859" lon="-116.69393881224096">
        <time>2005-05-11T11:47:02-07:00</time>
      </trkpt>
      <trkpt lat="33.885387014597654" lon="-116.69392674230039">
        <time>2005-05-11T11:47:04-07:00</time>
      </trkpt>
      <trkpt lat="33.88535348698497" lon="-116.69385901652277">
        <time>2005-05-11T11:47:08-07:00</time>
      </trkpt>
      <trkpt lat="33.8853466976434" lon="-116.69383957050741">
        <time>2005-05-11T11:47:09-07:00</time>
      </trkpt>
      <trkpt lat="33.885308811441064" lon="-116.69377754442394">
        <time>2005-05-11T11:47:12-07:00</time>
      </trkpt>
      <trkpt lat="33.885292299091816" lon="-116.69373680837452">
        <time>2005-05-11T11:47:15-07:00</time>
      </trkpt>
      <trkpt lat="33.885271763429046" lon="-116.69370085000992">
        <time>2005-05-11T11:47:16-07:00</time>
      </trkpt>
      <trkpt lat="33.885266399011016" lon="-116.693642931059">
        <time>2005-05-11T11:47:21-07:00</time>
      </trkpt>
      <trkpt lat="33.88525424525142" lon="-116.69356514699757">
        <time>2005-05-11T11:47:22-07:00</time>
      </trkpt>
      <trkpt lat="33.88524712063372" lon="-116.69353991746902">
        <time>2005-05-11T11:47:27-07:00</time>
      </trkpt>
      <trkpt lat="33.88524561189115" lon="-116.69349272735417">
        <time>2005-05-11T11:47:30-07:00</time>
      </trkpt>
      <trkpt lat="33.88524427078664" lon="-116.69346095994115">
        <time>2005-05-11T11:47:33-07:00</time>
      </trkpt>
      <trkpt lat="33.88525349088013" lon="-116.69339784421027">
        <time>2005-05-11T11:47:37-07:00</time>
      </trkpt>
      <trkpt lat="33.88527452945709" lon="-116.69331452809274">
        <time>2005-05-11T11:47:43-07:00</time>
      </trkpt>
      <trkpt lat="33.8852724339813" lon="-116.69330547563732">
        <time>2005-05-11T11:47:45-07:00</time>
      </trkpt>
      <trkpt lat="33.885265896096826" lon="-116.69329491443932">
        <time>2005-05-11T11:47:48-07:00</time>
      </trkpt>
      <trkpt lat="33.88526011258364" lon="-116.69323766604066">
        <time>2005-05-11T11:47:50-07:00</time>
      </trkpt>
      <trkpt lat="33.885244354605675" lon="-116.69317446649075">
        <time>2005-05-11T11:47:54-07:00</time>
      </trkpt>
      <trkpt lat="33.8852412533015" lon="-116.69316038489342">
        <time>2005-05-11T11:48:00-07:00</time>
      </trkpt>
      <trkpt lat="33.88522130437195" lon="-116.69308762997389">
        <time>2005-05-11T11:48:01-07:00</time>
      </trkpt>
      <trkpt lat="33.885197499766946" lon="-116.693011270836">
        <time>2005-05-11T11:48:02-07:00</time>
      </trkpt>
      <trkpt lat="33.885177886113524" lon="-116.69298780150712">
        <time>2005-05-11T11:48:05-07:00</time>
      </trkpt>
      <trkpt lat="33.885153997689486" lon="-116.69296776875854">
        <time>2005-05-11T11:48:09-07:00</time>
      </trkpt>
      <trkpt lat="33.88507587835193" lon="-116.69290071353316">
        <time>2005-05-11T11:48:10-07:00</time>
      </trkpt>
      <trkpt lat="33.88500513508916" lon="-116.69283105991781">
        <time>2005-05-11T11:48:15-07:00</time>
      </trkpt>
      <trkpt lat="33.884997088462114" lon="-116.69280708767474">
        <time>2005-05-11T11:48:20-07:00</time>
      </trkpt>
      <trkpt lat="33.88497915118933" lon="-116.69276475906372">
        <time>2005-05-11T11:48:22-07:00</time>
      </trkpt>
      <trkpt lat="33.884960459545255" lon="-116.69270675629377">
        <time>2005-05-11T11:48:24-07:00</time>
      </trkpt>
      <trkpt lat="33.88494268991053" lon="-116.69267498888075">
        <time>2005-05-11T11:48:31-07:00</time>
      </trkpt>
      <trkpt lat="33.88492492027581" lon="-116.69263735413551">
        <time>2005-05-11T11:48:39-07:00</time>
      </trkpt>
      <trkpt lat="33.88487312011421" lon="-116.69252830557525">
        <time>2005-05-11T11:48:41-07:00</time>
      </trkpt>
      <trkpt lat="33.88483850285411" lon="-116.69250366277993">
        <time>2005-05-11T11:48:44-07:00</time>
      </trkpt>
      <trkpt lat="33.88481461443007" lon="-116.69247633777559">
        <time>2005-05-11T11:48:48-07:00</time>
      </trkpt>
      <trkpt lat="33.88476247899234" lon="-116.69240626506507">
        <time>2005-05-11T11:48:51-07:00</time>
      </trkpt>
      <trkpt lat="33.88473649509251" lon="-116.69234851375222">
        <time>2005-05-11T11:48:54-07:00</time>
      </trkpt>
      <trkpt lat="33.88473104685545" lon="-116.69233501888812">
        <time>2005-05-11T11:49:01-07:00</time>
      </trkpt>
      <trkpt lat="33.88471629470587" lon="-116.69227693229914">
        <time>2005-05-11T11:49:04-07:00</time>
      </trkpt>
      <trkpt lat="33.88470967300236" lon="-116.69225715100765">
        <time>2005-05-11T11:49:07-07:00</time>
      </trkpt>
      <trkpt lat="33.8846730440855" lon="-116.69221063144505">
        <time>2005-05-11T11:49:13-07:00</time>
      </trkpt>
      <trkpt lat="33.88462602160871" lon="-116.69214835390449">
        <time>2005-05-11T11:49:17-07:00</time>
      </trkpt>
      <trkpt lat="33.884612610563636" lon="-116.6921409778297">
        <time>2005-05-11T11:49:18-07:00</time>
      </trkpt>
      <trkpt lat="33.88458821922541" lon="-116.69212848879397">
        <time>2005-05-11T11:49:22-07:00</time>
      </trkpt>
      <trkpt lat="33.88457941822708" lon="-116.69211105443537">
        <time>2005-05-11T11:49:23-07:00</time>
      </trkpt>
      <trkpt lat="33.88456148095429" lon="-116.6920455917716">
        <time>2005-05-11T11:49:27-07:00</time>
      </trkpt>
      <trkpt lat="33.88459676876664" lon="-116.69197401031852">
        <time>2005-05-11T11:49:33-07:00</time>
      </trkpt>
      <trkpt lat="33.884650580585" lon="-116.6919124033302">
        <time>2005-05-11T11:49:34-07:00</time>
      </trkpt>
      <trkpt lat="33.884658459573984" lon="-116.6918711643666">
        <time>2005-05-11T11:49:36-07:00</time>
      </trkpt>
      <trkpt lat="33.88464462943375" lon="-116.69183260761201">
        <time>2005-05-11T11:49:38-07:00</time>
      </trkpt>
      <trkpt lat="33.88462660834193" lon="-116.69180846773088">
        <time>2005-05-11T11:49:42-07:00</time>
      </trkpt>
      <trkpt lat="33.884608168154955" lon="-116.69175105169415">
        <time>2005-05-11T11:49:46-07:00</time>
      </trkpt>
      <trkpt lat="33.88461923226714" lon="-116.69173386879265">
        <time>2005-05-11T11:49:51-07:00</time>
      </trkpt>
      <trkpt lat="33.8846405223012" lon="-116.69169271364808">
        <time>2005-05-11T11:49:53-07:00</time>
      </trkpt>
      <trkpt lat="33.884657453745604" lon="-116.69164082966745">
        <time>2005-05-11T11:49:55-07:00</time>
      </trkpt>
      <trkpt lat="33.884660974144936" lon="-116.6916259098798">
        <time>2005-05-11T11:49:57-07:00</time>
      </trkpt>
      <trkpt lat="33.88467933051288" lon="-116.69154066592455">
        <time>2005-05-11T11:50:02-07:00</time>
      </trkpt>
      <trkpt lat="33.884694669395685" lon="-116.69144595041871">
        <time>2005-05-11T11:50:04-07:00</time>
      </trkpt>
      <trkpt lat="33.88466860167682" lon="-116.6913724411279">
        <time>2005-05-11T11:50:07-07:00</time>
      </trkpt>
      <trkpt lat="33.88464806601405" lon="-116.69134645722806">
        <time>2005-05-11T11:50:11-07:00</time>
      </trkpt>
      <trkpt lat="33.88460758142173" lon="-116.69130890630186">
        <time>2005-05-11T11:50:12-07:00</time>
      </trkpt>
      <trkpt lat="33.8845919072628" lon="-116.6912928968668">
        <time>2005-05-11T11:50:18-07:00</time>
      </trkpt>
      <trkpt lat="33.88458411209285" lon="-116.69128350913525">
        <time>2005-05-11T11:50:24-07:00</time>
      </trkpt>
      <trkpt lat="33.88455217704177" lon="-116.69127160683274">
        <time>2005-05-11T11:50:29-07:00</time>
      </trkpt>
      <trkpt lat="33.88452837243676" lon="-116.69127822853625">
        <time>2005-05-11T11:50:31-07:00</time>
      </trkpt>
      <trkpt lat="33.88451848179102" lon="-116.69128158129752">
        <time>2005-05-11T11:50:35-07:00</time>
      </trkpt>
      <trkpt lat="33.884501717984676" lon="-116.69125702232122">
        <time>2005-05-11T11:50:37-07:00</time>
      </trkpt>
      <trkpt lat="33.88449149206281" lon="-116.69122190214694">
        <time>2005-05-11T11:50:38-07:00</time>
      </trkpt>
      <trkpt lat="33.88449316844344" lon="-116.69115610420704">
        <time>2005-05-11T11:50:41-07:00</time>
      </trkpt>
      <trkpt lat="33.88449274934828" lon="-116.69114135205746">
        <time>2005-05-11T11:50:43-07:00</time>
      </trkpt>
      <trkpt lat="33.88446483761072" lon="-116.69107907451689">
        <time>2005-05-11T11:50:44-07:00</time>
      </trkpt>
      <trkpt lat="33.884460059925914" lon="-116.69106700457633">
        <time>2005-05-11T11:50:46-07:00</time>
      </trkpt>
      <trkpt lat="33.8844727165997" lon="-116.69097413308918">
        <time>2005-05-11T11:50:48-07:00</time>
      </trkpt>
      <trkpt lat="33.88446341268718" lon="-116.69093951582909">
        <time>2005-05-11T11:50:53-07:00</time>
      </trkpt>
      <trkpt lat="33.884454779326916" lon="-116.6909300442785">
        <time>2005-05-11T11:50:54-07:00</time>
      </trkpt>
      <trkpt lat="33.88443885371089" lon="-116.6909059882164">
        <time>2005-05-11T11:50:59-07:00</time>
      </trkpt>
      <trkpt lat="33.88441446237266" lon="-116.69087472371757">
        <time>2005-05-11T11:51:00-07:00</time>
      </trkpt>
      <trkpt lat="33.884377498179674" lon="-116.69084446504712">
        <time>2005-05-11T11:51:06-07:00</time>
      </trkpt>
      <trkpt lat="33.884351933375" lon="-116.69083189219236">
        <time>2005-05-11T11:51:08-07:00</time>
      </trkpt>
      <trkpt lat="33.88431522063911" lon="-116.69080867432058">
        <time>2005-05-11T11:51:09-07:00</time>
      </trkpt>
      <trkpt lat="33.884290996938944" lon="-116.69076609425247">
        <time>2005-05-11T11:51:11-07:00</time>
      </trkpt>
      <trkpt lat="33.88428119011223" lon="-116.69072980061173">
        <time>2005-05-11T11:51:14-07:00</time>
      </trkpt>
      <trkpt lat="33.8842604868114" lon="-116.69060465879738">
        <time>2005-05-11T11:51:16-07:00</time>
      </trkpt>
      <trkpt lat="33.88423307798803" lon="-116.69053165242076">
        <time>2005-05-11T11:51:18-07:00</time>
      </trkpt>
      <trkpt lat="33.88417390175164" lon="-116.69045462273061">
        <time>2005-05-11T11:51:21-07:00</time>
      </trkpt>
      <trkpt lat="33.88416241854429" lon="-116.69040215201676">
        <time>2005-05-11T11:51:24-07:00</time>
      </trkpt>
      <trkpt lat="33.884203573688865" lon="-116.69035756029189">
        <time>2005-05-11T11:51:26-07:00</time>
      </trkpt>
      <trkpt lat="33.884212877601385" lon="-116.69033610261977">
        <time>2005-05-11T11:51:34-07:00</time>
      </trkpt>
      <trkpt lat="33.8841983769089" lon="-116.69027240015566">
        <time>2005-05-11T11:51:40-07:00</time>
      </trkpt>
      <trkpt lat="33.884187983348966" lon="-116.69025907292962">
        <time>2005-05-11T11:51:46-07:00</time>
      </trkpt>
      <trkpt lat="33.88411673717201" lon="-116.69022780843079">
        <time>2005-05-11T11:51:50-07:00</time>
      </trkpt>
      <trkpt lat="33.88411237858236" lon="-116.69021062552929">
        <time>2005-05-11T11:51:54-07:00</time>
      </trkpt>
      <trkpt lat="33.88411975465715" lon="-116.6901551373303">
        <time>2005-05-11T11:51:56-07:00</time>
      </trkpt>
      <trkpt lat="33.88413559645414" lon="-116.69009218923748">
        <time>2005-05-11T11:52:00-07:00</time>
      </trkpt>
      <trkpt lat="33.88416174799204" lon="-116.69001130387187">
        <time>2005-05-11T11:52:01-07:00</time>
      </trkpt>
      <trkpt lat="33.884136602282524" lon="-116.68994223698974">
        <time>2005-05-11T11:52:06-07:00</time>
      </trkpt>
      <trkpt lat="33.88410206884146" lon="-116.689921785146">
        <time>2005-05-11T11:52:07-07:00</time>
      </trkpt>
      <trkpt lat="33.884058985859156" lon="-116.68990921229124">
        <time>2005-05-11T11:52:11-07:00</time>
      </trkpt>
      <trkpt lat="33.88400726951659" lon="-116.68987090699375">
        <time>2005-05-11T11:52:16-07:00</time>
      </trkpt>
      <trkpt lat="33.88400207273662" lon="-116.68985506519675">
        <time>2005-05-11T11:52:22-07:00</time>
      </trkpt>
      <trkpt lat="33.88400039635599" lon="-116.6897959727794">
        <time>2005-05-11T11:52:27-07:00</time>
      </trkpt>
      <trkpt lat="33.88397910632193" lon="-116.68971542268991">
        <time>2005-05-11T11:52:30-07:00</time>
      </trkpt>
      <trkpt lat="33.88393124565482" lon="-116.68964736163616">
        <time>2005-05-11T11:52:33-07:00</time>
      </trkpt>
      <trkpt lat="33.88389562256634" lon="-116.68961240909994">
        <time>2005-05-11T11:52:38-07:00</time>
      </trkpt>
      <trkpt lat="33.88388313353062" lon="-116.68960084207356">
        <time>2005-05-11T11:52:39-07:00</time>
      </trkpt>
      <trkpt lat="33.88387240469456" lon="-116.68954988010228">
        <time>2005-05-11T11:52:44-07:00</time>
      </trkpt>
      <trkpt lat="33.88389713130891" lon="-116.68947176076472">
        <time>2005-05-11T11:52:49-07:00</time>
      </trkpt>
      <trkpt lat="33.88391439802945" lon="-116.68940780684352">
        <time>2005-05-11T11:52:55-07:00</time>
      </trkpt>
      <trkpt lat="33.883882043883204" lon="-116.68934209272265">
        <time>2005-05-11T11:52:59-07:00</time>
      </trkpt>
      <trkpt lat="33.883857652544975" lon="-116.68925818987191">
        <time>2005-05-11T11:53:00-07:00</time>
      </trkpt>
      <trkpt lat="33.88383795507252" lon="-116.68921016156673">
        <time>2005-05-11T11:53:04-07:00</time>
      </trkpt>
      <trkpt lat="33.88382169418037" lon="-116.68917981907725">
        <time>2005-05-11T11:53:09-07:00</time>
      </trkpt>
      <trkpt lat="33.8838096242398" lon="-116.68916691094637">
        <time>2005-05-11T11:53:14-07:00</time>
      </trkpt>
      <trkpt lat="33.883757488802075" lon="-116.68912298977375">
        <time>2005-05-11T11:53:19-07:00</time>
      </trkpt>
      <trkpt lat="33.883701246231794" lon="-116.68910253793001">
        <time>2005-05-11T11:53:25-07:00</time>
      </trkpt>
      <trkpt lat="33.883664617314935" lon="-116.68907940387726">
        <time>2005-05-11T11:53:28-07:00</time>
      </trkpt>
      <trkpt lat="33.88365464285016" lon="-116.68906808830798">
        <time>2005-05-11T11:53:30-07:00</time>
      </trkpt>
      <trkpt lat="33.88360627926886" lon="-116.68900698423386">
        <time>2005-05-11T11:53:31-07:00</time>
      </trkpt>
      <trkpt lat="33.88359798118472" lon="-116.68898317962885">
        <time>2005-05-11T11:53:35-07:00</time>
      </trkpt>
      <trkpt lat="33.88354467228055" lon="-116.68892928399146">
        <time>2005-05-11T11:53:40-07:00</time>
      </trkpt>
      <trkpt lat="33.88348700478673" lon="-116.68890631757677">
        <time>2005-05-11T11:53:43-07:00</time>
      </trkpt>
      <trkpt lat="33.88345909304917" lon="-116.68887069448829">
        <time>2005-05-11T11:53:44-07:00</time>
      </trkpt>
      <trkpt lat="33.88346470892429" lon="-116.6888472251594">
        <time>2005-05-11T11:53:49-07:00</time>
      </trkpt>
      <trkpt lat="33.88348910026252" lon="-116.68882199563086">
        <time>2005-05-11T11:53:51-07:00</time>
      </trkpt>
      <trkpt lat="33.883502343669534" lon="-116.68874865397811">
        <time>2005-05-11T11:53:56-07:00</time>
      </trkpt>
      <trkpt lat="33.88348884880543" lon="-116.68868637643754">
        <time>2005-05-11T11:54:00-07:00</time>
      </trkpt>
      <trkpt lat="33.88346403837204" lon="-116.68862803839147">
        <time>2005-05-11T11:54:04-07:00</time>
      </trkpt>
      <trkpt lat="33.883473509922624" lon="-116.68855494819582">
        <time>2005-05-11T11:54:06-07:00</time>
      </trkpt>
      <trkpt lat="33.8834834843874" lon="-116.68847858905792">
        <time>2005-05-11T11:54:09-07:00</time>
      </trkpt>
      <trkpt lat="33.88348784297705" lon="-116.68845453299582">
        <time>2005-05-11T11:54:14-07:00</time>
      </trkpt>
      <trkpt lat="33.88349739834666" lon="-116.68840843252838">
        <time>2005-05-11T11:54:18-07:00</time>
      </trkpt>
      <trkpt lat="33.883494548499584" lon="-116.6883775871247">
        <time>2005-05-11T11:54:23-07:00</time>
      </trkpt>
      <trkpt lat="33.8834901060909" lon="-116.68833651579916">
        <time>2005-05-11T11:54:28-07:00</time>
      </trkpt>
      <trkpt lat="33.88350552879274" lon="-116.6882380284369">
        <time>2005-05-11T11:54:33-07:00</time>
      </trkpt>
      <trkpt lat="33.883476527407765" lon="-116.68815999291837">
        <time>2005-05-11T11:54:35-07:00</time>
      </trkpt>
      <trkpt lat="33.88346688821912" lon="-116.68811791576445">
        <time>2005-05-11T11:54:38-07:00</time>
      </trkpt>
      <trkpt lat="33.88345565646887" lon="-116.68808941729367">
        <time>2005-05-11T11:54:40-07:00</time>
      </trkpt>
      <trkpt lat="33.88343553990126" lon="-116.6880548838526">
        <time>2005-05-11T11:54:43-07:00</time>
      </trkpt>
      <trkpt lat="33.88339824043214" lon="-116.68801766820252">
        <time>2005-05-11T11:54:50-07:00</time>
      </trkpt>
      <trkpt lat="33.8833452668041" lon="-116.68800006620586">
        <time>2005-05-11T11:54:56-07:00</time>
      </trkpt>
      <trkpt lat="33.88330771587789" lon="-116.68802001513541">
        <time>2005-05-11T11:54:59-07:00</time>
      </trkpt>
      <trkpt lat="33.88330872170627" lon="-116.68802990578115">
        <time>2005-05-11T11:55:01-07:00</time>
      </trkpt>
      <trkpt lat="33.883305955678225" lon="-116.68803158216178">
        <time>2005-05-11T11:55:04-07:00</time>
      </trkpt>
      <trkpt lat="33.88332288712263" lon="-116.68805161491036">
        <time>2005-05-11T11:55:08-07:00</time>
      </trkpt>
      <trkpt lat="33.88332037255168" lon="-116.68805127963424">
        <time>2005-05-11T11:55:13-07:00</time>
      </trkpt>
      <trkpt lat="33.88332037255168" lon="-116.68805127963424">
        <time>2005-05-11T11:55:18-07:00</time>
      </trkpt>
      <trkpt lat="33.883325569331646" lon="-116.68804742395878">
        <time>2005-05-11T11:55:24-07:00</time>
      </trkpt>
      <trkpt lat="33.88332037255168" lon="-116.68805127963424">
        <time>2005-05-11T11:55:25-07:00</time>
      </trkpt>
      <trkpt lat="33.88332037255168" lon="-116.68805127963424">
        <time>2005-05-11T11:55:31-07:00</time>
      </trkpt>
      <trkpt lat="33.88332037255168" lon="-116.68805127963424">
        <time>2005-05-11T11:55:32-07:00</time>
      </trkpt>
      <trkpt lat="33.88332037255168" lon="-116.68805127963424">
        <time>2005-05-11T11:55:41-07:00</time>
      </trkpt>
      <trkpt lat="33.88321769423783" lon="-116.68797802180052">
        <time>2005-05-11T11:55:51-07:00</time>
      </trkpt>
      <trkpt lat="33.88321040198207" lon="-116.6879703104496">
        <time>2005-05-11T11:55:58-07:00</time>
      </trkpt>
      <trkpt lat="33.88320101425052" lon="-116.68795782141387">
        <time>2005-05-11T11:55:59-07:00</time>
      </trkpt>
      <trkpt lat="33.883146196603775" lon="-116.6878838930279">
        <time>2005-05-11T11:56:01-07:00</time>
      </trkpt>
      <trkpt lat="33.88310437090695" lon="-116.68786746449769">
        <time>2005-05-11T11:56:02-07:00</time>
      </trkpt>
      <trkpt lat="33.88304720632732" lon="-116.68783955276012">
        <time>2005-05-11T12:01:04-07:00</time>
      </trkpt>
      <trkpt lat="33.88301342725754" lon="-116.68780392967165">
        <time>2005-05-11T12:01:05-07:00</time>
      </trkpt>
      <trkpt lat="33.88294754549861" lon="-116.68775481171906">
        <time>2005-05-11T12:01:06-07:00</time>
      </trkpt>
      <trkpt lat="33.88293715193868" lon="-116.6877559851855">
        <time>2005-05-11T12:01:12-07:00</time>
      </trkpt>
      <trkpt lat="33.88286607339978" lon="-116.68777107261121">
        <time>2005-05-11T12:01:17-07:00</time>
      </trkpt>
      <trkpt lat="33.88281913474202" lon="-116.68777643702924">
        <time>2005-05-11T12:01:22-07:00</time>
      </trkpt>
      <trkpt lat="33.882742105051875" lon="-116.68777610175312">
        <time>2005-05-11T12:01:26-07:00</time>
      </trkpt>
      <trkpt lat="33.8826908916235" lon="-116.68773754499853">
        <time>2005-05-11T12:01:32-07:00</time>
      </trkpt>
      <trkpt lat="33.88264009729028" lon="-116.68770695105195">
        <time>2005-05-11T12:01:33-07:00</time>
      </trkpt>
      <trkpt lat="33.88255476951599" lon="-116.68763813562691">
        <time>2005-05-11T12:01:39-07:00</time>
      </trkpt>
      <trkpt lat="33.88248620554805" lon="-116.68756898492575">
        <time>2005-05-11T12:01:44-07:00</time>
      </trkpt>
      <trkpt lat="33.882468016818166" lon="-116.687530009076">
        <time>2005-05-11T12:01:51-07:00</time>
      </trkpt>
      <trkpt lat="33.882470363751054" lon="-116.68749321252108">
        <time>2005-05-11T12:01:56-07:00</time>
      </trkpt>
      <trkpt lat="33.88248100876808" lon="-116.6874192841351">
        <time>2005-05-11T12:02:00-07:00</time>
      </trkpt>
      <trkpt lat="33.88248251751065" lon="-116.68739346787333">
        <time>2005-05-11T12:02:07-07:00</time>
      </trkpt>
      <trkpt lat="33.88248226605356" lon="-116.68734887614846">
        <time>2005-05-11T12:02:14-07:00</time>
      </trkpt>
      <trkpt lat="33.88248092494905" lon="-116.68733169324696">
        <time>2005-05-11T12:02:17-07:00</time>
      </trkpt>
      <trkpt lat="33.88246776536107" lon="-116.68726354837418">
        <time>2005-05-11T12:02:20-07:00</time>
      </trkpt>
      <trkpt lat="33.88246667571366" lon="-116.68725365772843">
        <time>2005-05-11T12:02:25-07:00</time>
      </trkpt>
      <trkpt lat="33.88245217502117" lon="-116.68719003908336">
        <time>2005-05-11T12:02:27-07:00</time>
      </trkpt>
      <trkpt lat="33.88245544396341" lon="-116.68717679567635">
        <time>2005-05-11T12:02:30-07:00</time>
      </trkpt>
      <trkpt lat="33.88247254304588" lon="-116.68709850870073">
        <time>2005-05-11T12:02:31-07:00</time>
      </trkpt>
      <trkpt lat="33.88244178146124" lon="-116.68701955117285">
        <time>2005-05-11T12:02:36-07:00</time>
      </trkpt>
      <trkpt lat="33.88243658468127" lon="-116.68699314817786">
        <time>2005-05-11T12:02:37-07:00</time>
      </trkpt>
      <trkpt lat="33.882424514740705" lon="-116.68693279847503">
        <time>2005-05-11T12:02:42-07:00</time>
      </trkpt>
      <trkpt lat="33.88238310813904" lon="-116.68685442768037">
        <time>2005-05-11T12:02:43-07:00</time>
      </trkpt>
      <trkpt lat="33.88235033489764" lon="-116.68682249262929">
        <time>2005-05-11T12:02:48-07:00</time>
      </trkpt>
      <trkpt lat="33.88232594355941" lon="-116.6868048068136">
        <time>2005-05-11T12:02:55-07:00</time>
      </trkpt>
      <trkpt lat="33.88231722638011" lon="-116.68680229224265">
        <time>2005-05-11T12:02:57-07:00</time>
      </trkpt>
      <trkpt lat="33.88227020390332" lon="-116.68680396862328">
        <time>2005-05-11T12:03:01-07:00</time>
      </trkpt>
      <trkpt lat="33.882232485339046" lon="-116.68682651594281">
        <time>2005-05-11T12:03:07-07:00</time>
      </trkpt>
      <trkpt lat="33.88222150504589" lon="-116.68682894669473">
        <time>2005-05-11T12:03:11-07:00</time>
      </trkpt>
      <trkpt lat="33.88218470849097" lon="-116.68680539354682">
        <time>2005-05-11T12:03:14-07:00</time>
      </trkpt>
      <trkpt lat="33.882160568609834" lon="-116.68680120259523">
        <time>2005-05-11T12:03:16-07:00</time>
      </trkpt>
      <trkpt lat="33.882107427343726" lon="-116.68677982874215">
        <time>2005-05-11T12:03:22-07:00</time>
      </trkpt>
      <trkpt lat="33.88210424222052" lon="-116.6867699380964">
        <time>2005-05-11T12:03:26-07:00</time>
      </trkpt>
      <trkpt lat="33.88207943178713" lon="-116.68669709935784">
        <time>2005-05-11T12:03:27-07:00</time>
      </trkpt>
      <trkpt lat="33.88206962496042" lon="-116.68668687343597">
        <time>2005-05-11T12:03:31-07:00</time>
      </trkpt>
      <trkpt lat="33.88204028829932" lon="-116.68663490563631">
        <time>2005-05-11T12:03:33-07:00</time>
      </trkpt>
      <trkpt lat="33.88202704489231" lon="-116.68662467971444">
        <time>2005-05-11T12:03:38-07:00</time>
      </trkpt>
      <trkpt lat="33.88198505155742" lon="-116.68658151291311">
        <time>2005-05-11T12:03:39-07:00</time>
      </trkpt>
      <trkpt lat="33.88196644373238" lon="-116.68655728921294">
        <time>2005-05-11T12:03:44-07:00</time>
      </trkpt>
      <trkpt lat="33.88197340071201" lon="-116.6865286231041">
        <time>2005-05-11T12:03:45-07:00</time>
      </trkpt>
      <trkpt lat="33.88197775930166" lon="-116.68651361949742">
        <time>2005-05-11T12:03:49-07:00</time>
      </trkpt>
      <trkpt lat="33.88199184089899" lon="-116.68645930476487">
        <time>2005-05-11T12:03:50-07:00</time>
      </trkpt>
      <trkpt lat="33.88198220171034" lon="-116.68643407523632">
        <time>2005-05-11T12:03:54-07:00</time>
      </trkpt>
      <trkpt lat="33.88195479288697" lon="-116.68641228228807">
        <time>2005-05-11T12:03:57-07:00</time>
      </trkpt>
      <trkpt lat="33.88194339349866" lon="-116.68640691787004">
        <time>2005-05-11T12:03:59-07:00</time>
      </trkpt>
      <trkpt lat="33.88192813843489" lon="-116.68640247546136">
        <time>2005-05-11T12:04:00-07:00</time>
      </trkpt>
      <trkpt lat="33.88188472017646" lon="-116.68640364892781">
        <time>2005-05-11T12:04:04-07:00</time>
      </trkpt>
      <trkpt lat="33.881871392950416" lon="-116.68640037998557">
        <time>2005-05-11T12:04:06-07:00</time>
      </trkpt>
      <trkpt lat="33.88182613067329" lon="-116.68635377660394">
        <time>2005-05-11T12:04:08-07:00</time>
      </trkpt>
      <trkpt lat="33.88181892223656" lon="-116.68634288012981">
        <time>2005-05-11T12:04:09-07:00</time>
      </trkpt>
      <trkpt lat="33.88175186701119" lon="-116.68626744300127">
        <time>2005-05-11T12:04:10-07:00</time>
      </trkpt>
      <trkpt lat="33.88170794583857" lon="-116.68621790595353">
        <time>2005-05-11T12:04:14-07:00</time>
      </trkpt>
      <trkpt lat="33.88170023448765" lon="-116.68621245771646">
        <time>2005-05-11T12:04:15-07:00</time>
      </trkpt>
      <trkpt lat="33.88168824836612" lon="-116.68621136806905">
        <time>2005-05-11T12:04:20-07:00</time>
      </trkpt>
      <trkpt lat="33.88163837604225" lon="-116.68618630617857">
        <time>2005-05-11T12:04:21-07:00</time>
      </trkpt>
      <trkpt lat="33.88161524198949" lon="-116.68613886460662">
        <time>2005-05-11T12:04:28-07:00</time>
      </trkpt>
      <trkpt lat="33.881610967218876" lon="-116.68612897396088">
        <time>2005-05-11T12:04:33-07:00</time>
      </trkpt>
      <trkpt lat="33.88160292059183" lon="-116.68610718101263">
        <time>2005-05-11T12:04:34-07:00</time>
      </trkpt>
      <trkpt lat="33.88158900663257" lon="-116.68606468476355">
        <time>2005-05-11T12:04:35-07:00</time>
      </trkpt>
      <trkpt lat="33.88157023116946" lon="-116.68596267700195">
        <time>2005-05-11T12:04:39-07:00</time>
      </trkpt>
      <trkpt lat="33.881564028561115" lon="-116.68593417853117">
        <time>2005-05-11T12:04:43-07:00</time>
      </trkpt>
      <trkpt lat="33.88154340907931" lon="-116.685920516029">
        <time>2005-05-11T12:04:44-07:00</time>
      </trkpt>
      <trkpt lat="33.881513653323054" lon="-116.6859104577452">
        <time>2005-05-11T12:04:46-07:00</time>
      </trkpt>
      <trkpt lat="33.88146570883691" lon="-116.6858927719295">
        <time>2005-05-11T12:04:50-07:00</time>
      </trkpt>
      <trkpt lat="33.881437461823225" lon="-116.68586670421064">
        <time>2005-05-11T12:04:57-07:00</time>
      </trkpt>
      <trkpt lat="33.88143151067197" lon="-116.68585379607975">
        <time>2005-05-11T12:04:59-07:00</time>
      </trkpt>
      <trkpt lat="33.881393037736416" lon="-116.68577995151281">
        <time>2005-05-11T12:05:01-07:00</time>
      </trkpt>
      <trkpt lat="33.88138591311872" lon="-116.68576628901064">
        <time>2005-05-11T12:05:03-07:00</time>
      </trkpt>
      <trkpt lat="33.88137510046363" lon="-116.68574969284236">
        <time>2005-05-11T12:05:08-07:00</time>
      </trkpt>
      <trkpt lat="33.88137216679752" lon="-116.68574801646173">
        <time>2005-05-11T12:05:12-07:00</time>
      </trkpt>
      <trkpt lat="33.88134534470737" lon="-116.68573586270213">
        <time>2005-05-11T12:05:13-07:00</time>
      </trkpt>
      <trkpt lat="33.88133805245161" lon="-116.68572739697993">
        <time>2005-05-11T12:05:18-07:00</time>
      </trkpt>
      <trkpt lat="33.881340231746435" lon="-116.68572789989412">
        <time>2005-05-11T12:05:19-07:00</time>
      </trkpt>
      <trkpt lat="33.88133939355612" lon="-116.68572748079896">
        <time>2005-05-11T12:05:22-07:00</time>
      </trkpt>
      <trkpt lat="33.88133939355612" lon="-116.68572748079896">
        <time>2005-05-11T12:05:23-07:00</time>
      </trkpt>
      <trkpt lat="33.88133939355612" lon="-116.68572748079896">
        <time>2005-05-11T12:05:28-07:00</time>
      </trkpt>
      <trkpt lat="33.88132346794009" lon="-116.68571976944804">
        <time>2005-05-11T12:05:33-07:00</time>
      </trkpt>
      <trkpt lat="33.88131944462657" lon="-116.68571943417192">
        <time>2005-05-11T12:05:37-07:00</time>
      </trkpt>
      <trkpt lat="33.88131910935044" lon="-116.68571901507676">
        <time>2005-05-11T12:05:44-07:00</time>
      </trkpt>
      <trkpt lat="33.881310475990176" lon="-116.68571155518293">
        <time>2005-05-11T12:05:50-07:00</time>
      </trkpt>
      <trkpt lat="33.88130871579051" lon="-116.68570945970714">
        <time>2005-05-11T12:06:00-07:00</time>
      </trkpt>
      <trkpt lat="33.881284492090344" lon="-116.6856945399195">
        <time>2005-05-11T12:06:08-07:00</time>
      </trkpt>
      <trkpt lat="33.881244510412216" lon="-116.68562128208578">
        <time>2005-05-11T12:06:10-07:00</time>
      </trkpt>
      <trkpt lat="33.88122481293976" lon="-116.68555699288845">
        <time>2005-05-11T12:06:16-07:00</time>
      </trkpt>
      <trkpt lat="33.88119681738317" lon="-116.68548951856792">
        <time>2005-05-11T12:06:20-07:00</time>
      </trkpt>
      <trkpt lat="33.881192207336426" lon="-116.6854556556791">
        <time>2005-05-11T12:06:25-07:00</time>
      </trkpt>
      <trkpt lat="33.88119053095579" lon="-116.68541341088712">
        <time>2005-05-11T12:06:30-07:00</time>
      </trkpt>
      <trkpt lat="33.88118198141456" lon="-116.68533788993955">
        <time>2005-05-11T12:06:36-07:00</time>
      </trkpt>
      <trkpt lat="33.881184328347445" lon="-116.68530771508813">
        <time>2005-05-11T12:06:42-07:00</time>
      </trkpt>
      <trkpt lat="33.881193129345775" lon="-116.68529883027077">
        <time>2005-05-11T12:06:47-07:00</time>
      </trkpt>
      <trkpt lat="33.8812037743628" lon="-116.68525340035558">
        <time>2005-05-11T12:06:50-07:00</time>
      </trkpt>
      <trkpt lat="33.88116588816047" lon="-116.68519640341401">
        <time>2005-05-11T12:06:53-07:00</time>
      </trkpt>
      <trkpt lat="33.881156081333756" lon="-116.68518701568246">
        <time>2005-05-11T12:06:58-07:00</time>
      </trkpt>
      <trkpt lat="33.881109645590186" lon="-116.68510294519365">
        <time>2005-05-11T12:07:00-07:00</time>
      </trkpt>
      <trkpt lat="33.88109112158418" lon="-116.68501183390617">
        <time>2005-05-11T12:07:01-07:00</time>
      </trkpt>
      <trkpt lat="33.881087182089686" lon="-116.684947963804">
        <time>2005-05-11T12:07:05-07:00</time>
      </trkpt>
      <trkpt lat="33.881046613678336" lon="-116.68489348143339">
        <time>2005-05-11T12:07:10-07:00</time>
      </trkpt>
      <trkpt lat="33.88098081573844" lon="-116.6848329640925">
        <time>2005-05-11T12:07:11-07:00</time>
      </trkpt>
      <trkpt lat="33.880956675857306" lon="-116.68478141538799">
        <time>2005-05-11T12:07:18-07:00</time>
      </trkpt>
      <trkpt lat="33.88094770722091" lon="-116.68476498685777">
        <time>2005-05-11T12:07:24-07:00</time>
      </trkpt>
      <trkpt lat="33.88093991205096" lon="-116.68473741039634">
        <time>2005-05-11T12:07:29-07:00</time>
      </trkpt>
      <trkpt lat="33.880923399701715" lon="-116.68466926552355">
        <time>2005-05-11T12:07:35-07:00</time>
      </trkpt>
      <trkpt lat="33.88092407025397" lon="-116.68459500186145">
        <time>2005-05-11T12:07:43-07:00</time>
      </trkpt>
      <trkpt lat="33.880922393873334" lon="-116.6845686826855">
        <time>2005-05-11T12:07:48-07:00</time>
      </trkpt>
      <trkpt lat="33.88091937638819" lon="-116.68451067991555">
        <time>2005-05-11T12:07:50-07:00</time>
      </trkpt>
      <trkpt lat="33.88091342523694" lon="-116.68449886143208">
        <time>2005-05-11T12:07:52-07:00</time>
      </trkpt>
      <trkpt lat="33.88088366948068" lon="-116.68444127775729">
        <time>2005-05-11T12:07:57-07:00</time>
      </trkpt>
      <trkpt lat="33.880867240950465" lon="-116.68442484922707">
        <time>2005-05-11T12:08:02-07:00</time>
      </trkpt>
      <trkpt lat="33.88083170168102" lon="-116.68438327498734">
        <time>2005-05-11T12:08:04-07:00</time>
      </trkpt>
      <trkpt lat="33.88081141747534" lon="-116.68433633632958">
        <time>2005-05-11T12:08:10-07:00</time>
      </trkpt>
      <trkpt lat="33.880798760801554" lon="-116.68431211262941">
        <time>2005-05-11T12:08:11-07:00</time>
      </trkpt>
      <trkpt lat="33.880799850448966" lon="-116.68429937213659">
        <time>2005-05-11T12:08:15-07:00</time>
      </trkpt>
      <trkpt lat="33.88076439499855" lon="-116.6842642519623">
        <time>2005-05-11T12:08:17-07:00</time>
      </trkpt>
      <trkpt lat="33.88075802475214" lon="-116.68425561860204">
        <time>2005-05-11T12:08:21-07:00</time>
      </trkpt>
      <trkpt lat="33.88072097674012" lon="-116.68421211652458">
        <time>2005-05-11T12:08:24-07:00</time>
      </trkpt>
      <trkpt lat="33.88070563785732" lon="-116.68419359251857">
        <time>2005-05-11T12:08:26-07:00</time>
      </trkpt>
      <trkpt lat="33.88069164007902" lon="-116.68417682871222">
        <time>2005-05-11T12:08:27-07:00</time>
      </trkpt>
      <trkpt lat="33.880676217377186" lon="-116.68415511958301">
        <time>2005-05-11T12:08:30-07:00</time>
      </trkpt>
      <trkpt lat="33.88065928593278" lon="-116.68414120562375">
        <time>2005-05-11T12:08:31-07:00</time>
      </trkpt>
      <trkpt lat="33.88064604252577" lon="-116.68410784564912">
        <time>2005-05-11T12:08:35-07:00</time>
      </trkpt>
      <trkpt lat="33.88061922043562" lon="-116.6840639244765">
        <time>2005-05-11T12:08:38-07:00</time>
      </trkpt>
      <trkpt lat="33.88061159290373" lon="-116.68405319564044">
        <time>2005-05-11T12:08:40-07:00</time>
      </trkpt>
      <trkpt lat="33.880591224879026" lon="-116.6840089391917">
        <time>2005-05-11T12:08:42-07:00</time>
      </trkpt>
      <trkpt lat="33.88056063093245" lon="-116.683956887573">
        <time>2005-05-11T12:08:44-07:00</time>
      </trkpt>
      <trkpt lat="33.88055409304798" lon="-116.68394397944212">
        <time>2005-05-11T12:08:46-07:00</time>
      </trkpt>
      <trkpt lat="33.88056021183729" lon="-116.68392998166382">
        <time>2005-05-11T12:08:50-07:00</time>
      </trkpt>
      <trkpt lat="33.88058686628938" lon="-116.68389402329922">
        <time>2005-05-11T12:08:51-07:00</time>
      </trkpt>
      <trkpt lat="33.88059725984931" lon="-116.6838982142508">
        <time>2005-05-11T12:08:56-07:00</time>
      </trkpt>
      <trkpt lat="33.880639588460326" lon="-116.68390131555498">
        <time>2005-05-11T12:09:00-07:00</time>
      </trkpt>
      <trkpt lat="33.880660040304065" lon="-116.6839159000665">
        <time>2005-05-11T12:09:01-07:00</time>
      </trkpt>
      <trkpt lat="33.88069826178253" lon="-116.68393475934863">
        <time>2005-05-11T12:09:02-07:00</time>
      </trkpt>
      <trkpt lat="33.88070865534246" lon="-116.6839452367276">
        <time>2005-05-11T12:09:05-07:00</time>
      </trkpt>
      <trkpt lat="33.8807446975261" lon="-116.68397692032158">
        <time>2005-05-11T12:09:06-07:00</time>
      </trkpt>
      <trkpt lat="33.88076917268336" lon="-116.68398932553828">
        <time>2005-05-11T12:09:09-07:00</time>
      </trkpt>
      <trkpt lat="33.88078602030873" lon="-116.68400860391557">
        <time>2005-05-11T12:09:11-07:00</time>
      </trkpt>
      <trkpt lat="33.88081703335047" lon="-116.68405059725046">
        <time>2005-05-11T12:09:14-07:00</time>
      </trkpt>
      <trkpt lat="33.88082382269204" lon="-116.68407322838902">
        <time>2005-05-11T12:09:15-07:00</time>
      </trkpt>
      <trkpt lat="33.880847711116076" lon="-116.68410231359303">
        <time>2005-05-11T12:09:19-07:00</time>
      </trkpt>
      <trkpt lat="33.88091325759888" lon="-116.68414816260338">
        <time>2005-05-11T12:09:21-07:00</time>
      </trkpt>
      <trkpt lat="33.880940582603216" lon="-116.68418294750154">
        <time>2005-05-11T12:09:23-07:00</time>
      </trkpt>
      <trkpt lat="33.88097746297717" lon="-116.68420138768852">
        <time>2005-05-11T12:09:27-07:00</time>
      </trkpt>
      <trkpt lat="33.88098374940455" lon="-116.68420197442174">
        <time>2005-05-11T12:09:29-07:00</time>
      </trkpt>
      <trkpt lat="33.88102138414979" lon="-116.68421781621873">
        <time>2005-05-11T12:09:32-07:00</time>
      </trkpt>
      <trkpt lat="33.88104829005897" lon="-116.68422661721706">
        <time>2005-05-11T12:09:39-07:00</time>
      </trkpt>
      <trkpt lat="33.88108592480421" lon="-116.68423281982541">
        <time>2005-05-11T12:09:42-07:00</time>
      </trkpt>
      <trkpt lat="33.88109765946865" lon="-116.68422410264611">
        <time>2005-05-11T12:09:45-07:00</time>
      </trkpt>
      <trkpt lat="33.8811210449785" lon="-116.6842301376164">
        <time>2005-05-11T12:09:46-07:00</time>
      </trkpt>
      <trkpt lat="33.88113965280354" lon="-116.68424807488918">
        <time>2005-05-11T12:09:50-07:00</time>
      </trkpt>
      <trkpt lat="33.88116102665663" lon="-116.68425855226815">
        <time>2005-05-11T12:09:52-07:00</time>
      </trkpt>
      <trkpt lat="33.881189189851284" lon="-116.68430021032691">
        <time>2005-05-11T12:09:55-07:00</time>
      </trkpt>
      <trkpt lat="33.88121768832207" lon="-116.68433072045445">
        <time>2005-05-11T12:09:56-07:00</time>
      </trkpt>
      <trkpt lat="33.88122514821589" lon="-116.68433256447315">
        <time>2005-05-11T12:09:58-07:00</time>
      </trkpt>
      <trkpt lat="33.881255239248276" lon="-116.68435368686914">
        <time>2005-05-11T12:10:00-07:00</time>
      </trkpt>
      <trkpt lat="33.88128231279552" lon="-116.68435812927783">
        <time>2005-05-11T12:10:02-07:00</time>
      </trkpt>
      <trkpt lat="33.8812936283648" lon="-116.6843440476805">
        <time>2005-05-11T12:10:06-07:00</time>
      </trkpt>
      <trkpt lat="33.881310392171144" lon="-116.68432409875095">
        <time>2005-05-11T12:10:10-07:00</time>
      </trkpt>
      <trkpt lat="33.88132874853909" lon="-116.68428612872958">
        <time>2005-05-11T12:10:11-07:00</time>
      </trkpt>
      <trkpt lat="33.881320701912045" lon="-116.68425804935396">
        <time>2005-05-11T12:10:14-07:00</time>
      </trkpt>
      <trkpt lat="33.881313828751445" lon="-116.68422862887383">
        <time>2005-05-11T12:10:16-07:00</time>
      </trkpt>
      <trkpt lat="33.881272841244936" lon="-116.6841801814735">
        <time>2005-05-11T12:10:18-07:00</time>
      </trkpt>
      <trkpt lat="33.881235122680664" lon="-116.68415763415396">
        <time>2005-05-11T12:10:20-07:00</time>
      </trkpt>
      <trkpt lat="33.88122514821589" lon="-116.68413986451924">
        <time>2005-05-11T12:10:23-07:00</time>
      </trkpt>
      <trkpt lat="33.88120796531439" lon="-116.68410206213593">
        <time>2005-05-11T12:10:25-07:00</time>
      </trkpt>
      <trkpt lat="33.88119866140187" lon="-116.684091668576">
        <time>2005-05-11T12:10:27-07:00</time>
      </trkpt>
      <trkpt lat="33.88115666806698" lon="-116.68406082317233">
        <time>2005-05-11T12:10:31-07:00</time>
      </trkpt>
      <trkpt lat="33.881140407174826" lon="-116.68403911404312">
        <time>2005-05-11T12:10:35-07:00</time>
      </trkpt>
      <trkpt lat="33.8811297621578" lon="-116.68399955146015">
        <time>2005-05-11T12:10:37-07:00</time>
      </trkpt>
      <trkpt lat="33.881096402183175" lon="-116.6839711368084">
        <time>2005-05-11T12:10:40-07:00</time>
      </trkpt>
      <trkpt lat="33.88110528700054" lon="-116.68396174907684">
        <time>2005-05-11T12:10:41-07:00</time>
      </trkpt>
      <trkpt lat="33.8811160158366" lon="-116.68396451510489">
        <time>2005-05-11T12:10:44-07:00</time>
      </trkpt>
      <trkpt lat="33.88116639107466" lon="-116.68400198221207">
        <time>2005-05-11T12:10:46-07:00</time>
      </trkpt>
      <trkpt lat="33.881176030263305" lon="-116.68401019647717">
        <time>2005-05-11T12:10:49-07:00</time>
      </trkpt>
      <trkpt lat="33.88123554177582" lon="-116.68402461335063">
        <time>2005-05-11T12:10:52-07:00</time>
      </trkpt>
      <trkpt lat="33.8812901917845" lon="-116.68405143544078">
        <time>2005-05-11T12:10:55-07:00</time>
      </trkpt>
      <trkpt lat="33.8813039381057" lon="-116.68405487202108">
        <time>2005-05-11T12:10:56-07:00</time>
      </trkpt>
      <trkpt lat="33.88134584762156" lon="-116.68405830860138">
        <time>2005-05-11T12:11:01-07:00</time>
      </trkpt>
      <trkpt lat="33.881409550085664" lon="-116.68411471880972">
        <time>2005-05-11T12:11:02-07:00</time>
      </trkpt>
      <trkpt lat="33.88144324533641" lon="-116.6841334104538">
        <time>2005-05-11T12:11:07-07:00</time>
      </trkpt>
      <trkpt lat="33.88146906159818" lon="-116.68416023254395">
        <time>2005-05-11T12:11:12-07:00</time>
      </trkpt>
      <trkpt lat="33.88147140853107" lon="-116.6842510085553">
        <time>2005-05-11T12:11:13-07:00</time>
      </trkpt>
      <trkpt lat="33.88144609518349" lon="-116.68430607765913">
        <time>2005-05-11T12:11:17-07:00</time>
      </trkpt>
      <trkpt lat="33.881440898403525" lon="-116.68435469269753">
        <time>2005-05-11T12:11:23-07:00</time>
      </trkpt>
      <trkpt lat="33.881446765735745" lon="-116.68438411317766">
        <time>2005-05-11T12:11:26-07:00</time>
      </trkpt>
      <trkpt lat="33.88147979043424" lon="-116.6844370868057">
        <time>2005-05-11T12:11:29-07:00</time>
      </trkpt>
      <trkpt lat="33.881527818739414" lon="-116.68449467048049">
        <time>2005-05-11T12:11:35-07:00</time>
      </trkpt>
      <trkpt lat="33.881561513990164" lon="-116.68452065438032">
        <time>2005-05-11T12:11:40-07:00</time>
      </trkpt>
      <trkpt lat="33.88158322311938" lon="-116.68454697355628">
        <time>2005-05-11T12:11:44-07:00</time>
      </trkpt>
      <trkpt lat="33.88160392642021" lon="-116.68456239625812">
        <time>2005-05-11T12:11:46-07:00</time>
      </trkpt>
      <trkpt lat="33.881621696054935" lon="-116.6845908947289">
        <time>2005-05-11T12:11:51-07:00</time>
      </trkpt>
      <trkpt lat="33.881637370213866" lon="-116.684636073187">
        <time>2005-05-11T12:11:57-07:00</time>
      </trkpt>
      <trkpt lat="33.88166720978916" lon="-116.68465233407915">
        <time>2005-05-11T12:12:00-07:00</time>
      </trkpt>
      <trkpt lat="33.881699815392494" lon="-116.68467605486512">
        <time>2005-05-11T12:12:02-07:00</time>
      </trkpt>
      <trkpt lat="33.881713561713696" lon="-116.68469030410051">
        <time>2005-05-11T12:12:04-07:00</time>
      </trkpt>
      <trkpt lat="33.8817238714546" lon="-116.68469969183207">
        <time>2005-05-11T12:12:07-07:00</time>
      </trkpt>
      <trkpt lat="33.881772235035896" lon="-116.6847650706768">
        <time>2005-05-11T12:12:11-07:00</time>
      </trkpt>
      <trkpt lat="33.881780952215195" lon="-116.68479708954692">
        <time>2005-05-11T12:12:14-07:00</time>
      </trkpt>
      <trkpt lat="33.88179863803089" lon="-116.68485316447914">
        <time>2005-05-11T12:12:17-07:00</time>
      </trkpt>
      <trkpt lat="33.881813641637564" lon="-116.68486456386745">
        <time>2005-05-11T12:12:19-07:00</time>
      </trkpt>
      <trkpt lat="33.88183836825192" lon="-116.6848858539015">
        <time>2005-05-11T12:12:20-07:00</time>
      </trkpt>
      <trkpt lat="33.88187860138714" lon="-116.68492223136127">
        <time>2005-05-11T12:12:26-07:00</time>
      </trkpt>
      <trkpt lat="33.881922187283635" lon="-116.68494746088982">
        <time>2005-05-11T12:12:28-07:00</time>
      </trkpt>
      <trkpt lat="33.88196485117078" lon="-116.6849899571389">
        <time>2005-05-11T12:12:32-07:00</time>
      </trkpt>
      <trkpt lat="33.88197817839682" lon="-116.68500672094524">
        <time>2005-05-11T12:12:34-07:00</time>
      </trkpt>
      <trkpt lat="33.88199678622186" lon="-116.68505114503205">
        <time>2005-05-11T12:12:37-07:00</time>
      </trkpt>
      <trkpt lat="33.881987649947405" lon="-116.68508014641702">
        <time>2005-05-11T12:12:41-07:00</time>
      </trkpt>
      <trkpt lat="33.88194724917412" lon="-116.68510118499398">
        <time>2005-05-11T12:12:45-07:00</time>
      </trkpt>
      <trkpt lat="33.88193568214774" lon="-116.68513085693121">
        <time>2005-05-11T12:12:49-07:00</time>
      </trkpt>
      <trkpt lat="33.88194817118347" lon="-116.68514896184206">
        <time>2005-05-11T12:12:51-07:00</time>
      </trkpt>
      <trkpt lat="33.882019920274615" lon="-116.68518064543605">
        <time>2005-05-11T12:12:55-07:00</time>
      </trkpt>
      <trkpt lat="33.882071636617184" lon="-116.68521643616259">
        <time>2005-05-11T12:12:57-07:00</time>
      </trkpt>
      <trkpt lat="33.88207783922553" lon="-116.6852299310267">
        <time>2005-05-11T12:13:00-07:00</time>
      </trkpt>
      <trkpt lat="33.88211438432336" lon="-116.68526505120099">
        <time>2005-05-11T12:13:03-07:00</time>
      </trkpt>
      <trkpt lat="33.882143050432205" lon="-116.68527854606509">
        <time>2005-05-11T12:13:05-07:00</time>
      </trkpt>
      <trkpt lat="33.88216182589531" lon="-116.68526991270483">
        <time>2005-05-11T12:13:11-07:00</time>
      </trkpt>
      <trkpt lat="33.882150845602155" lon="-116.68522741645575">
        <time>2005-05-11T12:13:17-07:00</time>
      </trkpt>
      <trkpt lat="33.88214531354606" lon="-116.68521174229681">
        <time>2005-05-11T12:13:18-07:00</time>
      </trkpt>
      <trkpt lat="33.882120503112674" lon="-116.68517192825675">
        <time>2005-05-11T12:13:22-07:00</time>
      </trkpt>
      <trkpt lat="33.88211262412369" lon="-116.68514770455658">
        <time>2005-05-11T12:13:25-07:00</time>
      </trkpt>
      <trkpt lat="33.8821139652282" lon="-116.68508718721569">
        <time>2005-05-11T12:13:27-07:00</time>
      </trkpt>
      <trkpt lat="33.88210910372436" lon="-116.68503597378731">
        <time>2005-05-11T12:13:30-07:00</time>
      </trkpt>
      <trkpt lat="33.88210809789598" lon="-116.68501158244908">
        <time>2005-05-11T12:13:31-07:00</time>
      </trkpt>
      <trkpt lat="33.8821052480489" lon="-116.68500018306077">
        <time>2005-05-11T12:13:34-07:00</time>
      </trkpt>
      <trkpt lat="33.88209703378379" lon="-116.68495223857462">
        <time>2005-05-11T12:13:36-07:00</time>
      </trkpt>
      <trkpt lat="33.88208848424256" lon="-116.68492625467479">
        <time>2005-05-11T12:13:41-07:00</time>
      </trkpt>
      <trkpt lat="33.88206786476076" lon="-116.68490127660334">
        <time>2005-05-11T12:13:44-07:00</time>
      </trkpt>
      <trkpt lat="33.882052693516016" lon="-116.68487638235092">
        <time>2005-05-11T12:13:46-07:00</time>
      </trkpt>
      <trkpt lat="33.88202838599682" lon="-116.68481913395226">
        <time>2005-05-11T12:13:47-07:00</time>
      </trkpt>
      <trkpt lat="33.881976418197155" lon="-116.68472810648382">
        <time>2005-05-11T12:13:51-07:00</time>
      </trkpt>
      <trkpt lat="33.881939286366105" lon="-116.68469617143273">
        <time>2005-05-11T12:13:53-07:00</time>
      </trkpt>
      <trkpt lat="33.88188329525292" lon="-116.68466415256262">
        <time>2005-05-11T12:13:55-07:00</time>
      </trkpt>
      <trkpt lat="33.88187457807362" lon="-116.68465744704008">
        <time>2005-05-11T12:13:57-07:00</time>
      </trkpt>
      <trkpt lat="33.881841553375125" lon="-116.68458435684443">
        <time>2005-05-11T12:14:02-07:00</time>
      </trkpt>
      <trkpt lat="33.88183149509132" lon="-116.68450841680169">
        <time>2005-05-11T12:14:09-07:00</time>
      </trkpt>
      <trkpt lat="33.881838200613856" lon="-116.68449609540403">
        <time>2005-05-11T12:14:14-07:00</time>
      </trkpt>
      <trkpt lat="33.8818499352783" lon="-116.68444119393826">
        <time>2005-05-11T12:14:19-07:00</time>
      </trkpt>
      <trkpt lat="33.88186041265726" lon="-116.68443071655929">
        <time>2005-05-11T12:14:20-07:00</time>
      </trkpt>
      <trkpt lat="33.8818668667227" lon="-116.68441713787615">
        <time>2005-05-11T12:14:26-07:00</time>
      </trkpt>
      <trkpt lat="33.88186091557145" lon="-116.68433231301606">
        <time>2005-05-11T12:14:31-07:00</time>
      </trkpt>
      <trkpt lat="33.881831746548414" lon="-116.68429140932858">
        <time>2005-05-11T12:14:32-07:00</time>
      </trkpt>
      <trkpt lat="33.88181397691369" lon="-116.68429786339402">
        <time>2005-05-11T12:14:36-07:00</time>
      </trkpt>
      <trkpt lat="33.88177935965359" lon="-116.68429476208985">
        <time>2005-05-11T12:14:37-07:00</time>
      </trkpt>
      <trkpt lat="33.881747676059604" lon="-116.68425176292658">
        <time>2005-05-11T12:14:38-07:00</time>
      </trkpt>
      <trkpt lat="33.881730157881975" lon="-116.68421052396297">
        <time>2005-05-11T12:14:44-07:00</time>
      </trkpt>
      <trkpt lat="33.88172110542655" lon="-116.6841812711209">
        <time>2005-05-11T12:14:48-07:00</time>
      </trkpt>
      <trkpt lat="33.88168992474675" lon="-116.68413349427283">
        <time>2005-05-11T12:14:50-07:00</time>
      </trkpt>
      <trkpt lat="33.881665114313364" lon="-116.68408839963377">
        <time>2005-05-11T12:14:53-07:00</time>
      </trkpt>
      <trkpt lat="33.88163703493774" lon="-116.68400131165981">
        <time>2005-05-11T12:14:56-07:00</time>
      </trkpt>
      <trkpt lat="33.88162672519684" lon="-116.68395143933594">
        <time>2005-05-11T12:14:59-07:00</time>
      </trkpt>
      <trkpt lat="33.88160325586796" lon="-116.68390491977334">
        <time>2005-05-11T12:15:01-07:00</time>
      </trkpt>
      <trkpt lat="33.88156377710402" lon="-116.68385085649788">
        <time>2005-05-11T12:15:05-07:00</time>
      </trkpt>
      <trkpt lat="33.88155070133507" lon="-116.68382193893194">
        <time>2005-05-11T12:15:10-07:00</time>
      </trkpt>
      <trkpt lat="33.88152287341654" lon="-116.68379520066082">
        <time>2005-05-11T12:15:17-07:00</time>
      </trkpt>
      <trkpt lat="33.88148305937648" lon="-116.68376628309488">
        <time>2005-05-11T12:15:21-07:00</time>
      </trkpt>
      <trkpt lat="33.88143913820386" lon="-116.68372445739806">
        <time>2005-05-11T12:15:25-07:00</time>
      </trkpt>
      <trkpt lat="33.88141617178917" lon="-116.6837015748024">
        <time>2005-05-11T12:15:30-07:00</time>
      </trkpt>
      <trkpt lat="33.881379291415215" lon="-116.68366771191359">
        <time>2005-05-11T12:15:32-07:00</time>
      </trkpt>
      <trkpt lat="33.88130863197148" lon="-116.68362345546484">
        <time>2005-05-11T12:15:34-07:00</time>
      </trkpt>
      <trkpt lat="33.88126865029335" lon="-116.68355883099139">
        <time>2005-05-11T12:15:37-07:00</time>
      </trkpt>
      <trkpt lat="33.88126538135111" lon="-116.68354718014598">
        <time>2005-05-11T12:15:41-07:00</time>
      </trkpt>
      <trkpt lat="33.8812487013638" lon="-116.68352153152227">
        <time>2005-05-11T12:15:43-07:00</time>
      </trkpt>
      <trkpt lat="33.88122791424394" lon="-116.68346185237169">
        <time>2005-05-11T12:15:48-07:00</time>
      </trkpt>
      <trkpt lat="33.8812056183815" lon="-116.68339278548956">
        <time>2005-05-11T12:15:54-07:00</time>
      </trkpt>
      <trkpt lat="33.88118013739586" lon="-116.683314666152">
        <time>2005-05-11T12:15:59-07:00</time>
      </trkpt>
      <trkpt lat="33.881185334175825" lon="-116.68324610218406">
        <time>2005-05-11T12:16:00-07:00</time>
      </trkpt>
      <trkpt lat="33.88117678463459" lon="-116.68323311023414">
        <time>2005-05-11T12:16:02-07:00</time>
      </trkpt>
      <trkpt lat="33.88115901499987" lon="-116.68319840915501">
        <time>2005-05-11T12:16:06-07:00</time>
      </trkpt>
      <trkpt lat="33.88114895671606" lon="-116.68317636474967">
        <time>2005-05-11T12:16:11-07:00</time>
      </trkpt>
      <trkpt lat="33.88112205080688" lon="-116.68311542831361">
        <time>2005-05-11T12:16:17-07:00</time>
      </trkpt>
      <trkpt lat="33.8810864277184" lon="-116.68308215215802">
        <time>2005-05-11T12:16:22-07:00</time>
      </trkpt>
      <trkpt lat="33.88106354512274" lon="-116.68304761871696">
        <time>2005-05-11T12:16:23-07:00</time>
      </trkpt>
      <trkpt lat="33.88105650432408" lon="-116.68303722515702">
        <time>2005-05-11T12:16:26-07:00</time>
      </trkpt>
      <trkpt lat="33.8810346275568" lon="-116.68296522460878">
        <time>2005-05-11T12:16:28-07:00</time>
      </trkpt>
      <trkpt lat="33.8810208812356" lon="-116.68287009000778">
        <time>2005-05-11T12:16:33-07:00</time>
      </trkpt>
      <trkpt lat="33.88100964948535" lon="-116.68283781968057">
        <time>2005-05-11T12:16:36-07:00</time>
      </trkpt>
      <trkpt lat="33.88099447824061" lon="-116.68277864344418">
        <time>2005-05-11T12:16:39-07:00</time>
      </trkpt>
      <trkpt lat="33.88096924871206" lon="-116.68275844305754">
        <time>2005-05-11T12:16:40-07:00</time>
      </trkpt>
      <trkpt lat="33.880936140194535" lon="-116.68272986076772">
        <time>2005-05-11T12:16:45-07:00</time>
      </trkpt>
      <trkpt lat="33.880931781604886" lon="-116.68272189795971">
        <time>2005-05-11T12:16:51-07:00</time>
      </trkpt>
      <trkpt lat="33.88089867308736" lon="-116.68267043307424">
        <time>2005-05-11T12:16:54-07:00</time>
      </trkpt>
      <trkpt lat="33.88086128979921" lon="-116.68259801343083">
        <time>2005-05-11T12:16:59-07:00</time>
      </trkpt>
      <trkpt lat="33.880825163796544" lon="-116.68254395015538">
        <time>2005-05-11T12:17:01-07:00</time>
      </trkpt>
      <trkpt lat="33.88075894676149" lon="-116.68248678557575">
        <time>2005-05-11T12:17:04-07:00</time>
      </trkpt>
      <trkpt lat="33.8807116728276" lon="-116.6824686806649">
        <time>2005-05-11T12:17:05-07:00</time>
      </trkpt>
      <trkpt lat="33.88069155625999" lon="-116.68245057575405">
        <time>2005-05-11T12:17:11-07:00</time>
      </trkpt>
      <trkpt lat="33.880661046132445" lon="-116.6824182216078">
        <time>2005-05-11T12:17:17-07:00</time>
      </trkpt>
      <trkpt lat="33.880648389458656" lon="-116.6824095044285">
        <time>2005-05-11T12:17:22-07:00</time>
      </trkpt>
      <trkpt lat="33.88061595149338" lon="-116.68237505480647">
        <time>2005-05-11T12:17:28-07:00</time>
      </trkpt>
      <trkpt lat="33.880555015057325" lon="-116.68234035372734">
        <time>2005-05-11T12:17:33-07:00</time>
      </trkpt>
      <trkpt lat="33.88051377609372" lon="-116.68230305425823">
        <time>2005-05-11T12:17:35-07:00</time>
      </trkpt>
      <trkpt lat="33.88050019741058" lon="-116.68229576200247">
        <time>2005-05-11T12:17:38-07:00</time>
      </trkpt>
      <trkpt lat="33.88047865591943" lon="-116.68229098431766">
        <time>2005-05-11T12:17:39-07:00</time>
      </trkpt>
      <trkpt lat="33.880441188812256" lon="-116.68227145448327">
        <time>2005-05-11T12:17:43-07:00</time>
      </trkpt>
      <trkpt lat="33.88039257377386" lon="-116.6822527628392">
        <time>2005-05-11T12:17:48-07:00</time>
      </trkpt>
      <trkpt lat="33.88036013580859" lon="-116.68225125409663">
        <time>2005-05-11T12:17:52-07:00</time>
      </trkpt>
      <trkpt lat="33.88034798204899" lon="-116.68225058354437">
        <time>2005-05-11T12:17:53-07:00</time>
      </trkpt>
      <trkpt lat="33.88031152077019" lon="-116.6822546068579">
        <time>2005-05-11T12:17:55-07:00</time>
      </trkpt>
      <trkpt lat="33.88028444722295" lon="-116.68222677893937">
        <time>2005-05-11T12:17:58-07:00</time>
      </trkpt>
      <trkpt lat="33.880254440009594" lon="-116.68215980753303">
        <time>2005-05-11T12:18:03-07:00</time>
      </trkpt>
      <trkpt lat="33.88024840503931" lon="-116.68213650584221">
        <time>2005-05-11T12:18:06-07:00</time>
      </trkpt>
      <trkpt lat="33.88020691461861" lon="-116.68207908980548">
        <time>2005-05-11T12:18:07-07:00</time>
      </trkpt>
      <trkpt lat="33.88019844889641" lon="-116.68206878006458">
        <time>2005-05-11T12:18:10-07:00</time>
      </trkpt>
      <trkpt lat="33.880174392834306" lon="-116.68203324079514">
        <time>2005-05-11T12:18:13-07:00</time>
      </trkpt>
      <trkpt lat="33.880165088921785" lon="-116.68200675398111">
        <time>2005-05-11T12:18:18-07:00</time>
      </trkpt>
      <trkpt lat="33.88013935647905" lon="-116.68194087222219">
        <time>2005-05-11T12:18:20-07:00</time>
      </trkpt>
      <trkpt lat="33.880122089758515" lon="-116.68190005235374">
        <time>2005-05-11T12:18:25-07:00</time>
      </trkpt>
      <trkpt lat="33.880086466670036" lon="-116.68187809176743">
        <time>2005-05-11T12:18:26-07:00</time>
      </trkpt>
      <trkpt lat="33.88000834733248" lon="-116.68181648477912">
        <time>2005-05-11T12:18:29-07:00</time>
      </trkpt>
      <trkpt lat="33.87995570898056" lon="-116.68178396299481">
        <time>2005-05-11T12:18:31-07:00</time>
      </trkpt>
      <trkpt lat="33.87994640506804" lon="-116.6817780956626">
        <time>2005-05-11T12:18:36-07:00</time>
      </trkpt>
      <trkpt lat="33.8799190800637" lon="-116.68176476843655">
        <time>2005-05-11T12:18:39-07:00</time>
      </trkpt>
      <trkpt lat="33.87991773895919" lon="-116.68176208622754">
        <time>2005-05-11T12:18:42-07:00</time>
      </trkpt>
      <trkpt lat="33.87989326380193" lon="-116.68173350393772">
        <time>2005-05-11T12:18:50-07:00</time>
      </trkpt>
      <trkpt lat="33.879881612956524" lon="-116.68172562494874">
        <time>2005-05-11T12:18:55-07:00</time>
      </trkpt>
      <trkpt lat="33.87978262268007" lon="-116.6816827096045">
        <time>2005-05-11T12:18:56-07:00</time>
      </trkpt>
      <trkpt lat="33.87977113947272" lon="-116.68168312869966">
        <time>2005-05-11T12:18:59-07:00</time>
      </trkpt>
      <trkpt lat="33.87975940480828" lon="-116.68168966658413">
        <time>2005-05-11T12:19:02-07:00</time>
      </trkpt>
      <trkpt lat="33.879719926044345" lon="-116.68171556666493">
        <time>2005-05-11T12:19:07-07:00</time>
      </trkpt>
      <trkpt lat="33.87968111783266" lon="-116.68172302655876">
        <time>2005-05-11T12:19:08-07:00</time>
      </trkpt>
      <trkpt lat="33.879675501957536" lon="-116.68171975761652">
        <time>2005-05-11T12:19:15-07:00</time>
      </trkpt>
      <trkpt lat="33.87966628186405" lon="-116.68171129189432">
        <time>2005-05-11T12:19:16-07:00</time>
      </trkpt>
      <trkpt lat="33.879625629633665" lon="-116.68167457915843">
        <time>2005-05-11T12:19:17-07:00</time>
      </trkpt>
      <trkpt lat="33.879621187224984" lon="-116.68166594579816">
        <time>2005-05-11T12:19:20-07:00</time>
      </trkpt>
      <trkpt lat="33.879619259387255" lon="-116.6816446557641">
        <time>2005-05-11T12:19:23-07:00</time>
      </trkpt>
      <trkpt lat="33.87961716391146" lon="-116.68159863911569">
        <time>2005-05-11T12:19:24-07:00</time>
      </trkpt>
      <trkpt lat="33.87960283085704" lon="-116.68150627054274">
        <time>2005-05-11T12:19:25-07:00</time>
      </trkpt>
      <trkpt lat="33.87958975508809" lon="-116.68143913149834">
        <time>2005-05-11T12:19:29-07:00</time>
      </trkpt>
      <trkpt lat="33.879579696804285" lon="-116.68140049092472">
        <time>2005-05-11T12:19:30-07:00</time>
      </trkpt>
      <trkpt lat="33.879559664055705" lon="-116.68138045817614">
        <time>2005-05-11T12:19:32-07:00</time>
      </trkpt>
      <trkpt lat="33.879540637135506" lon="-116.68138070963323">
        <time>2005-05-11T12:19:34-07:00</time>
      </trkpt>
      <trkpt lat="33.87952378951013" lon="-116.68138012290001">
        <time>2005-05-11T12:19:40-07:00</time>
      </trkpt>
      <trkpt lat="33.87949143536389" lon="-116.68137777596712">
        <time>2005-05-11T12:19:46-07:00</time>
      </trkpt>
      <trkpt lat="33.8794528786093" lon="-116.68135422281921">
        <time>2005-05-11T12:19:49-07:00</time>
      </trkpt>
      <trkpt lat="33.87942370958626" lon="-116.68133905157447">
        <time>2005-05-11T12:19:52-07:00</time>
      </trkpt>
      <trkpt lat="33.87936243787408" lon="-116.68132429942489">
        <time>2005-05-11T12:19:53-07:00</time>
      </trkpt>
      <trkpt lat="33.87929504737258" lon="-116.68131499551237">
        <time>2005-05-11T12:19:54-07:00</time>
      </trkpt>
      <trkpt lat="33.879270907491446" lon="-116.68130367994308">
        <time>2005-05-11T12:19:56-07:00</time>
      </trkpt>
      <trkpt lat="33.879231344908476" lon="-116.68128716759384">
        <time>2005-05-11T12:19:59-07:00</time>
      </trkpt>
      <trkpt lat="33.87922220863402" lon="-116.68128456920385">
        <time>2005-05-11T12:20:01-07:00</time>
      </trkpt>
      <trkpt lat="33.87921039015055" lon="-116.68128113262355">
        <time>2005-05-11T12:20:07-07:00</time>
      </trkpt>
      <trkpt lat="33.879144256934524" lon="-116.68125598691404">
        <time>2005-05-11T12:20:15-07:00</time>
      </trkpt>
      <trkpt lat="33.879121793434024" lon="-116.68124534189701">
        <time>2005-05-11T12:20:24-07:00</time>
      </trkpt>
      <trkpt lat="33.87910360470414" lon="-116.68123939074576">
        <time>2005-05-11T12:20:30-07:00</time>
      </trkpt>
      <trkpt lat="33.87910335324705" lon="-116.68123930692673">
        <time>2005-05-11T12:20:38-07:00</time>
      </trkpt>
      <trkpt lat="33.87909480370581" lon="-116.6812410671264">
        <time>2005-05-11T12:20:39-07:00</time>
      </trkpt>
      <trkpt lat="33.87908608652651" lon="-116.68123788200319">
        <time>2005-05-11T12:20:45-07:00</time>
      </trkpt>
      <trkpt lat="33.87903722003102" lon="-116.6811974812299">
        <time>2005-05-11T12:20:46-07:00</time>
      </trkpt>
      <trkpt lat="33.87900964356959" lon="-116.68118021450937">
        <time>2005-05-11T12:20:52-07:00</time>
      </trkpt>
      <trkpt lat="33.87900905683637" lon="-116.681176610291">
        <time>2005-05-11T12:20:58-07:00</time>
      </trkpt>
      <trkpt lat="33.878975193947554" lon="-116.68115791864693">
        <time>2005-05-11T12:21:02-07:00</time>
      </trkpt>
      <trkpt lat="33.878920879215" lon="-116.68113486841321">
        <time>2005-05-11T12:21:03-07:00</time>
      </trkpt>
      <trkpt lat="33.87886446900666" lon="-116.68110217899084">
        <time>2005-05-11T12:21:08-07:00</time>
      </trkpt>
      <trkpt lat="33.87880939990282" lon="-116.68104836717248">
        <time>2005-05-11T12:21:12-07:00</time>
      </trkpt>
      <trkpt lat="33.878794480115175" lon="-116.68101190589368">
        <time>2005-05-11T12:21:14-07:00</time>
      </trkpt>
      <trkpt lat="33.87879230082035" lon="-116.68099606409669">
        <time>2005-05-11T12:21:21-07:00</time>
      </trkpt>
      <trkpt lat="33.878771513700485" lon="-116.68097485788167">
        <time>2005-05-11T12:21:26-07:00</time>
      </trkpt>
      <trkpt lat="33.87874913401902" lon="-116.68096706271172">
        <time>2005-05-11T12:21:31-07:00</time>
      </trkpt>
      <trkpt lat="33.87870077043772" lon="-116.68096027337015">
        <time>2005-05-11T12:21:37-07:00</time>
      </trkpt>
      <trkpt lat="33.8786896225065" lon="-116.68095055036247">
        <time>2005-05-11T12:21:40-07:00</time>
      </trkpt>
      <trkpt lat="33.87866606935859" lon="-116.68093361891806">
        <time>2005-05-11T12:21:41-07:00</time>
      </trkpt>
      <trkpt lat="33.87864335440099" lon="-116.68091157451272">
        <time>2005-05-11T12:21:43-07:00</time>
      </trkpt>
      <trkpt lat="33.878620471805334" lon="-116.6808742750436">
        <time>2005-05-11T12:21:45-07:00</time>
      </trkpt>
      <trkpt lat="33.878615694120526" lon="-116.68086312711239">
        <time>2005-05-11T12:21:49-07:00</time>
      </trkpt>
      <trkpt lat="33.878588788211346" lon="-116.68082373216748">
        <time>2005-05-11T12:21:51-07:00</time>
      </trkpt>
      <trkpt lat="33.87858451344073" lon="-116.68081576935947">
        <time>2005-05-11T12:21:54-07:00</time>
      </trkpt>
      <trkpt lat="33.87853296473622" lon="-116.68076656758785">
        <time>2005-05-11T12:21:57-07:00</time>
      </trkpt>
      <trkpt lat="33.87847865000367" lon="-116.6807471215725">
        <time>2005-05-11T12:22:01-07:00</time>
      </trkpt>
      <trkpt lat="33.87843556702137" lon="-116.68074175715446">
        <time>2005-05-11T12:22:02-07:00</time>
      </trkpt>
      <trkpt lat="33.8783838506788" lon="-116.6807764582336">
        <time>2005-05-11T12:22:07-07:00</time>
      </trkpt>
      <trkpt lat="33.87837211601436" lon="-116.68078282848">
        <time>2005-05-11T12:22:08-07:00</time>
      </trkpt>
      <trkpt lat="33.8782974332571" lon="-116.68080638162792">
        <time>2005-05-11T12:22:13-07:00</time>
      </trkpt>
      <trkpt lat="33.878275053575635" lon="-116.68081032112241">
        <time>2005-05-11T12:22:18-07:00</time>
      </trkpt>
      <trkpt lat="33.87821529060602" lon="-116.68084569275379">
        <time>2005-05-11T12:22:24-07:00</time>
      </trkpt>
      <trkpt lat="33.878151420503855" lon="-116.6808798070997">
        <time>2005-05-11T12:22:29-07:00</time>
      </trkpt>
      <trkpt lat="33.87809417210519" lon="-116.68092557229102">
        <time>2005-05-11T12:22:30-07:00</time>
      </trkpt>
      <trkpt lat="33.87807925231755" lon="-116.68094677850604">
        <time>2005-05-11T12:22:36-07:00</time>
      </trkpt>
      <trkpt lat="33.878055112436414" lon="-116.68097142130136">
        <time>2005-05-11T12:22:38-07:00</time>
      </trkpt>
      <trkpt lat="33.878012700006366" lon="-116.68099162168801">
        <time>2005-05-11T12:22:43-07:00</time>
      </trkpt>
      <trkpt lat="33.877960313111544" lon="-116.68097008019686">
        <time>2005-05-11T12:22:49-07:00</time>
      </trkpt>
      <trkpt lat="33.87792091816664" lon="-116.68094761669636">
        <time>2005-05-11T12:22:54-07:00</time>
      </trkpt>
      <trkpt lat="33.87790842913091" lon="-116.68094753287733">
        <time>2005-05-11T12:22:56-07:00</time>
      </trkpt>
      <trkpt lat="33.87785637751222" lon="-116.68093177489936">
        <time>2005-05-11T12:23:00-07:00</time>
      </trkpt>
      <trkpt lat="33.87783860787749" lon="-116.68089707382023">
        <time>2005-05-11T12:23:05-07:00</time>
      </trkpt>
      <trkpt lat="33.87782687321305" lon="-116.68089078739285">
        <time>2005-05-11T12:23:11-07:00</time>
      </trkpt>
      <trkpt lat="33.877797201275826" lon="-116.68090059421957">
        <time>2005-05-11T12:23:15-07:00</time>
      </trkpt>
      <trkpt lat="33.87778705917299" lon="-116.68091224506497">
        <time>2005-05-11T12:23:16-07:00</time>
      </trkpt>
      <trkpt lat="33.87771178968251" lon="-116.68096362613142">
        <time>2005-05-11T12:23:20-07:00</time>
      </trkpt>
      <trkpt lat="33.87766242027283" lon="-116.68094501830637">
        <time>2005-05-11T12:23:23-07:00</time>
      </trkpt>
      <trkpt lat="33.87758203782141" lon="-116.68090587481856">
        <time>2005-05-11T12:23:24-07:00</time>
      </trkpt>
      <trkpt lat="33.877507857978344" lon="-116.6808988340199">
        <time>2005-05-11T12:23:27-07:00</time>
      </trkpt>
      <trkpt lat="33.87743334285915" lon="-116.68089263141155">
        <time>2005-05-11T12:23:28-07:00</time>
      </trkpt>
      <trkpt lat="33.87739637866616" lon="-116.6808969900012">
        <time>2005-05-11T12:23:34-07:00</time>
      </trkpt>
      <trkpt lat="33.87737458571792" lon="-116.6808919608593">
        <time>2005-05-11T12:23:39-07:00</time>
      </trkpt>
      <trkpt lat="33.87733334675431" lon="-116.68088860809803">
        <time>2005-05-11T12:23:46-07:00</time>
      </trkpt>
      <trkpt lat="33.87729411944747" lon="-116.6808763705194">
        <time>2005-05-11T12:23:52-07:00</time>
      </trkpt>
      <trkpt lat="33.87722731567919" lon="-116.68084418401122">
        <time>2005-05-11T12:23:58-07:00</time>
      </trkpt>
      <trkpt lat="33.877201499417424" lon="-116.68085977435112">
        <time>2005-05-11T12:24:01-07:00</time>
      </trkpt>
      <trkpt lat="33.87716897763312" lon="-116.68089606799185">
        <time>2005-05-11T12:24:03-07:00</time>
      </trkpt>
      <trkpt lat="33.877106700092554" lon="-116.68095541186631">
        <time>2005-05-11T12:24:07-07:00</time>
      </trkpt>
      <trkpt lat="33.87709588743746" lon="-116.68095029890537">
        <time>2005-05-11T12:24:10-07:00</time>
      </trkpt>
      <trkpt lat="33.87708348222077" lon="-116.68093093670905">
        <time>2005-05-11T12:24:16-07:00</time>
      </trkpt>
      <trkpt lat="33.877088176086545" lon="-116.68090931139886">
        <time>2005-05-11T12:24:18-07:00</time>
      </trkpt>
      <trkpt lat="33.87711147777736" lon="-116.68087385594845">
        <time>2005-05-11T12:24:22-07:00</time>
      </trkpt>
      <trkpt lat="33.8771284930408" lon="-116.68084133416414">
        <time>2005-05-11T12:24:28-07:00</time>
      </trkpt>
      <trkpt lat="33.87714525684714" lon="-116.68079481460154">
        <time>2005-05-11T12:24:29-07:00</time>
      </trkpt>
      <trkpt lat="33.87715774588287" lon="-116.68077260255814">
        <time>2005-05-11T12:24:31-07:00</time>
      </trkpt>
      <trkpt lat="33.87719253078103" lon="-116.68069917708635">
        <time>2005-05-11T12:24:33-07:00</time>
      </trkpt>
      <trkpt lat="33.87719638645649" lon="-116.68068962171674">
        <time>2005-05-11T12:24:36-07:00</time>
      </trkpt>
      <trkpt lat="33.877224465832114" lon="-116.68064653873444">
        <time>2005-05-11T12:24:38-07:00</time>
      </trkpt>
      <trkpt lat="33.87724273838103" lon="-116.6806274279952">
        <time>2005-05-11T12:24:41-07:00</time>
      </trkpt>
      <trkpt lat="33.87726436369121" lon="-116.6805880330503">
        <time>2005-05-11T12:24:43-07:00</time>
      </trkpt>
      <trkpt lat="33.87729470618069" lon="-116.68055232614279">
        <time>2005-05-11T12:24:49-07:00</time>
      </trkpt>
      <trkpt lat="33.87730333954096" lon="-116.68054260313511">
        <time>2005-05-11T12:24:50-07:00</time>
      </trkpt>
      <trkpt lat="33.87732454575598" lon="-116.6805410105735">
        <time>2005-05-11T12:24:54-07:00</time>
      </trkpt>
      <trkpt lat="33.87734793126583" lon="-116.68053891509771">
        <time>2005-05-11T12:24:56-07:00</time>
      </trkpt>
      <trkpt lat="33.877382380887866" lon="-116.68055333197117">
        <time>2005-05-11T12:24:59-07:00</time>
      </trkpt>
      <trkpt lat="33.87741439975798" lon="-116.68057629838586">
        <time>2005-05-11T12:25:03-07:00</time>
      </trkpt>
      <trkpt lat="33.87744935229421" lon="-116.6806015279144">
        <time>2005-05-11T12:25:04-07:00</time>
      </trkpt>
      <trkpt lat="33.877456057816744" lon="-116.68060563504696">
        <time>2005-05-11T12:25:06-07:00</time>
      </trkpt>
      <trkpt lat="33.877539122477174" lon="-116.68062960729003">
        <time>2005-05-11T12:25:08-07:00</time>
      </trkpt>
      <trkpt lat="33.87757156044245" lon="-116.68061275966465">
        <time>2005-05-11T12:25:11-07:00</time>
      </trkpt>
      <trkpt lat="33.877603746950626" lon="-116.68058820068836">
        <time>2005-05-11T12:25:14-07:00</time>
      </trkpt>
      <trkpt lat="33.87765663675964" lon="-116.68053925037384">
        <time>2005-05-11T12:25:18-07:00</time>
      </trkpt>
      <trkpt lat="33.87770349159837" lon="-116.68050915934145">
        <time>2005-05-11T12:25:19-07:00</time>
      </trkpt>
      <trkpt lat="33.87771539390087" lon="-116.68050060980022">
        <time>2005-05-11T12:25:26-07:00</time>
      </trkpt>
      <trkpt lat="33.87776560150087" lon="-116.68046616017818">
        <time>2005-05-11T12:25:29-07:00</time>
      </trkpt>
      <trkpt lat="33.87778236530721" lon="-116.68044352903962">
        <time>2005-05-11T12:25:32-07:00</time>
      </trkpt>
      <trkpt lat="33.8777432218194" lon="-116.68042869307101">
        <time>2005-05-11T12:25:38-07:00</time>
      </trkpt>
      <trkpt lat="33.87771639972925" lon="-116.6804395057261">
        <time>2005-05-11T12:25:43-07:00</time>
      </trkpt>
      <trkpt lat="33.877673568204045" lon="-116.68044285848737">
        <time>2005-05-11T12:25:44-07:00</time>
      </trkpt>
      <trkpt lat="33.87762797065079" lon="-116.68043523095548">
        <time>2005-05-11T12:25:48-07:00</time>
      </trkpt>
      <trkpt lat="33.877617912366986" lon="-116.68043414130807">
        <time>2005-05-11T12:25:50-07:00</time>
      </trkpt>
      <trkpt lat="33.8775653578341" lon="-116.6804236639291">
        <time>2005-05-11T12:25:53-07:00</time>
      </trkpt>
      <trkpt lat="33.87749972753227" lon="-116.68043145909905">
        <time>2005-05-11T12:25:55-07:00</time>
      </trkpt>
      <trkpt lat="33.87748170644045" lon="-116.68041754513979">
        <time>2005-05-11T12:25:59-07:00</time>
      </trkpt>
      <trkpt lat="33.87747089378536" lon="-116.68038619682193">
        <time>2005-05-11T12:26:04-07:00</time>
      </trkpt>
      <trkpt lat="33.87746770866215" lon="-116.6803631465882">
        <time>2005-05-11T12:26:05-07:00</time>
      </trkpt>
      <trkpt lat="33.87741968035698" lon="-116.68028712272644">
        <time>2005-05-11T12:26:10-07:00</time>
      </trkpt>
      <trkpt lat="33.87737710028887" lon="-116.6802650783211">
        <time>2005-05-11T12:26:17-07:00</time>
      </trkpt>
      <trkpt lat="33.877335442230105" lon="-116.68024714104831">
        <time>2005-05-11T12:26:19-07:00</time>
      </trkpt>
      <trkpt lat="33.87730333954096" lon="-116.68024647049606">
        <time>2005-05-11T12:26:21-07:00</time>
      </trkpt>
      <trkpt lat="33.877264615148306" lon="-116.68019785545766">
        <time>2005-05-11T12:26:23-07:00</time>
      </trkpt>
      <trkpt lat="33.8772545568645" lon="-116.68018503114581">
        <time>2005-05-11T12:26:29-07:00</time>
      </trkpt>
      <trkpt lat="33.87725472450256" lon="-116.68015234172344">
        <time>2005-05-11T12:26:34-07:00</time>
      </trkpt>
      <trkpt lat="33.87726335786283" lon="-116.68014354072511">
        <time>2005-05-11T12:26:39-07:00</time>
      </trkpt>
      <trkpt lat="33.87728305533528" lon="-116.68014002032578">
        <time>2005-05-11T12:26:42-07:00</time>
      </trkpt>
      <trkpt lat="33.87730057351291" lon="-116.68012786656618">
        <time>2005-05-11T12:26:46-07:00</time>
      </trkpt>
      <trkpt lat="33.87731012888253" lon="-116.68011914938688">
        <time>2005-05-11T12:26:47-07:00</time>
      </trkpt>
      <trkpt lat="33.87733234092593" lon="-116.68007765896618">
        <time>2005-05-11T12:26:50-07:00</time>
      </trkpt>
      <trkpt lat="33.87735463678837" lon="-116.67999316938221">
        <time>2005-05-11T12:26:51-07:00</time>
      </trkpt>
      <trkpt lat="33.87734885327518" lon="-116.67998126707971">
        <time>2005-05-11T12:26:53-07:00</time>
      </trkpt>
      <trkpt lat="33.87730845250189" lon="-116.67989702895284">
        <time>2005-05-11T12:26:55-07:00</time>
      </trkpt>
      <trkpt lat="33.87732588686049" lon="-116.67983466759324">
        <time>2005-05-11T12:26:56-07:00</time>
      </trkpt>
      <trkpt lat="33.87737609446049" lon="-116.67981681413949">
        <time>2005-05-11T12:27:00-07:00</time>
      </trkpt>
      <trkpt lat="33.87739629484713" lon="-116.67981270700693">
        <time>2005-05-11T12:27:06-07:00</time>
      </trkpt>
      <trkpt lat="33.877433175221086" lon="-116.67979066260159">
        <time>2005-05-11T12:27:07-07:00</time>
      </trkpt>
      <trkpt lat="33.877473743632436" lon="-116.6797454841435">
        <time>2005-05-11T12:27:13-07:00</time>
      </trkpt>
      <trkpt lat="33.87749587185681" lon="-116.67971698567271">
        <time>2005-05-11T12:27:18-07:00</time>
      </trkpt>
      <trkpt lat="33.87750861234963" lon="-116.67970701120794">
        <time>2005-05-11T12:27:23-07:00</time>
      </trkpt>
      <trkpt lat="33.877580277621746" lon="-116.67968924157321">
        <time>2005-05-11T12:27:25-07:00</time>
      </trkpt>
      <trkpt lat="33.87759461067617" lon="-116.67968119494617">
        <time>2005-05-11T12:27:28-07:00</time>
      </trkpt>
      <trkpt lat="33.87761455960572" lon="-116.67966619133949">
        <time>2005-05-11T12:27:32-07:00</time>
      </trkpt>
      <trkpt lat="33.87762017548084" lon="-116.67965705506504">
        <time>2005-05-11T12:27:34-07:00</time>
      </trkpt>
      <trkpt lat="33.877626713365316" lon="-116.67962671257555">
        <time>2005-05-11T12:27:35-07:00</time>
      </trkpt>
      <trkpt lat="33.87765412218869" lon="-116.67960659600794">
        <time>2005-05-11T12:27:41-07:00</time>
      </trkpt>
      <trkpt lat="33.877662252634764" lon="-116.67961263097823">
        <time>2005-05-11T12:27:42-07:00</time>
      </trkpt>
      <trkpt lat="33.877696534618735" lon="-116.67959519661963">
        <time>2005-05-11T12:27:44-07:00</time>
      </trkpt>
      <trkpt lat="33.87770852074027" lon="-116.67959134094417">
        <time>2005-05-11T12:27:45-07:00</time>
      </trkpt>
      <trkpt lat="33.87776174582541" lon="-116.67956192046404">
        <time>2005-05-11T12:27:47-07:00</time>
      </trkpt>
      <trkpt lat="33.87777306139469" lon="-116.67955487966537">
        <time>2005-05-11T12:27:50-07:00</time>
      </trkpt>
      <trkpt lat="33.87782670557499" lon="-116.67950509116054">
        <time>2005-05-11T12:27:51-07:00</time>
      </trkpt>
      <trkpt lat="33.87783517129719" lon="-116.67949830181897">
        <time>2005-05-11T12:27:54-07:00</time>
      </trkpt>
      <trkpt lat="33.877888564020395" lon="-116.6794502735138">
        <time>2005-05-11T12:27:55-07:00</time>
      </trkpt>
      <trkpt lat="33.87789820320904" lon="-116.67945270426571">
        <time>2005-05-11T12:28:00-07:00</time>
      </trkpt>
      <trkpt lat="33.87792879715562" lon="-116.67943309061229">
        <time>2005-05-11T12:28:01-07:00</time>
      </trkpt>
      <trkpt lat="33.87793315574527" lon="-116.67942211031914">
        <time>2005-05-11T12:28:07-07:00</time>
      </trkpt>
      <trkpt lat="33.87798604555428" lon="-116.67936435900629">
        <time>2005-05-11T12:28:08-07:00</time>
      </trkpt>
      <trkpt lat="33.87798956595361" lon="-116.67934692464769">
        <time>2005-05-11T12:28:13-07:00</time>
      </trkpt>
      <trkpt lat="33.87801244854927" lon="-116.67928012087941">
        <time>2005-05-11T12:28:14-07:00</time>
      </trkpt>
      <trkpt lat="33.878053268417716" lon="-116.67924877256155">
        <time>2005-05-11T12:28:17-07:00</time>
      </trkpt>
      <trkpt lat="33.878062488511205" lon="-116.67923720553517">
        <time>2005-05-11T12:28:18-07:00</time>
      </trkpt>
      <trkpt lat="33.87811839580536" lon="-116.67918004095554">
        <time>2005-05-11T12:28:24-07:00</time>
      </trkpt>
      <trkpt lat="33.87813557870686" lon="-116.67912581004202">
        <time>2005-05-11T12:28:25-07:00</time>
      </trkpt>
      <trkpt lat="33.87813666835427" lon="-116.6791135724634">
        <time>2005-05-11T12:28:30-07:00</time>
      </trkpt>
      <trkpt lat="33.878142703324556" lon="-116.67902908287942">
        <time>2005-05-11T12:28:35-07:00</time>
      </trkpt>
      <trkpt lat="33.87815477326512" lon="-116.67899698019028">
        <time>2005-05-11T12:28:36-07:00</time>
      </trkpt>
      <trkpt lat="33.878156365826726" lon="-116.67897602543235">
        <time>2005-05-11T12:28:42-07:00</time>
      </trkpt>
      <trkpt lat="33.878153935074806" lon="-116.67895255610347">
        <time>2005-05-11T12:28:47-07:00</time>
      </trkpt>
      <trkpt lat="33.87813499197364" lon="-116.67895456776023">
        <time>2005-05-11T12:28:48-07:00</time>
      </trkpt>
      <trkpt lat="33.87813499197364" lon="-116.67895456776023">
        <time>2005-05-11T12:28:55-07:00</time>
      </trkpt>
      <trkpt lat="33.87811118736863" lon="-116.67894308455288">
        <time>2005-05-11T12:28:59-07:00</time>
      </trkpt>
      <trkpt lat="33.87810138054192" lon="-116.67896345257759">
        <time>2005-05-11T12:29:04-07:00</time>
      </trkpt>
      <trkpt lat="33.8781005423516" lon="-116.67895942926407">
        <time>2005-05-11T12:29:08-07:00</time>
      </trkpt>
      <trkpt lat="33.87810087762773" lon="-116.67895968072116">
        <time>2005-05-11T12:29:12-07:00</time>
      </trkpt>
      <trkpt lat="33.87810045853257" lon="-116.67895867489278">
        <time>2005-05-11T12:29:15-07:00</time>
      </trkpt>
      <trkpt lat="33.87812057510018" lon="-116.67894987389445">
        <time>2005-05-11T12:29:18-07:00</time>
      </trkpt>
      <trkpt lat="33.878113869577646" lon="-116.67895364575088">
        <time>2005-05-11T12:29:23-07:00</time>
      </trkpt>
      <trkpt lat="33.87811806052923" lon="-116.67895431630313">
        <time>2005-05-11T12:29:32-07:00</time>
      </trkpt>
      <trkpt lat="33.87813549488783" lon="-116.6789819765836">
        <time>2005-05-11T12:29:34-07:00</time>
      </trkpt>
      <trkpt lat="33.87813549488783" lon="-116.6789819765836">
        <time>2005-05-11T12:29:42-07:00</time>
      </trkpt>
      <trkpt lat="33.87813549488783" lon="-116.6789819765836">
        <time>2005-05-11T12:29:45-07:00</time>
      </trkpt>
      <trkpt lat="33.87813549488783" lon="-116.6789819765836">
        <time>2005-05-11T12:29:52-07:00</time>
      </trkpt>
      <trkpt lat="33.87812862172723" lon="-116.67900687083602">
        <time>2005-05-11T12:30:03-07:00</time>
      </trkpt>
      <trkpt lat="33.87812862172723" lon="-116.67900687083602">
        <time>2005-05-11T12:30:08-07:00</time>
      </trkpt>
      <trkpt lat="33.87812862172723" lon="-116.67900687083602">
        <time>2005-05-11T12:30:11-07:00</time>
      </trkpt>
      <trkpt lat="33.87812862172723" lon="-116.67900687083602">
        <time>2005-05-11T12:30:13-07:00</time>
      </trkpt>
      <trkpt lat="33.87812862172723" lon="-116.67900687083602">
        <time>2005-05-11T12:30:16-07:00</time>
      </trkpt>
      <trkpt lat="33.87813054956496" lon="-116.6790078766644">
        <time>2005-05-11T12:30:21-07:00</time>
      </trkpt>
      <trkpt lat="33.878130465745926" lon="-116.67900678701699">
        <time>2005-05-11T12:30:29-07:00</time>
      </trkpt>
      <trkpt lat="33.87813222594559" lon="-116.67900435626507">
        <time>2005-05-11T12:30:33-07:00</time>
      </trkpt>
      <trkpt lat="33.87813901528716" lon="-116.67895683087409">
        <time>2005-05-11T12:30:35-07:00</time>
      </trkpt>
      <trkpt lat="33.878125520423055" lon="-116.67893922887743">
        <time>2005-05-11T12:30:45-07:00</time>
      </trkpt>
      <trkpt lat="33.87812367640436" lon="-116.67893872596323">
        <time>2005-05-11T12:30:51-07:00</time>
      </trkpt>
      <trkpt lat="33.87812032364309" lon="-116.6789436712861">
        <time>2005-05-11T12:30:54-07:00</time>
      </trkpt>
      <trkpt lat="33.878124011680484" lon="-116.67894802987576">
        <time>2005-05-11T12:31:02-07:00</time>
      </trkpt>
      <trkpt lat="33.878124011680484" lon="-116.67894802987576">
        <time>2005-05-11T12:31:08-07:00</time>
      </trkpt>
      <trkpt lat="33.878124011680484" lon="-116.67894802987576">
        <time>2005-05-11T12:31:12-07:00</time>
      </trkpt>
      <trkpt lat="33.878124011680484" lon="-116.67894802987576">
        <time>2005-05-11T12:31:13-07:00</time>
      </trkpt>
      <trkpt lat="33.878124011680484" lon="-116.67894802987576">
        <time>2005-05-11T12:31:15-07:00</time>
      </trkpt>
      <trkpt lat="33.878124011680484" lon="-116.67894802987576">
        <time>2005-05-11T12:31:22-07:00</time>
      </trkpt>
      <trkpt lat="33.878124011680484" lon="-116.67894802987576">
        <time>2005-05-11T12:31:24-07:00</time>
      </trkpt>
      <trkpt lat="33.878124011680484" lon="-116.67894802987576">
        <time>2005-05-11T12:31:30-07:00</time>
      </trkpt>
      <trkpt lat="33.878124011680484" lon="-116.67894802987576">
        <time>2005-05-11T12:31:41-07:00</time>
      </trkpt>
      <trkpt lat="33.87812434695661" lon="-116.67894635349512">
        <time>2005-05-11T12:31:42-07:00</time>
      </trkpt>
      <trkpt lat="33.87812635861337" lon="-116.67894585058093">
        <time>2005-05-11T12:31:47-07:00</time>
      </trkpt>
      <trkpt lat="33.87813742272556" lon="-116.67894568294287">
        <time>2005-05-11T12:31:54-07:00</time>
      </trkpt>
      <trkpt lat="33.87814303860068" lon="-116.6789436712861">
        <time>2005-05-11T12:32:01-07:00</time>
      </trkpt>
      <trkpt lat="33.878143876791" lon="-116.67894325219095">
        <time>2005-05-11T12:32:02-07:00</time>
      </trkpt>
      <trkpt lat="33.87815670110285" lon="-116.67894802987576">
        <time>2005-05-11T12:32:12-07:00</time>
      </trkpt>
      <trkpt lat="33.87815670110285" lon="-116.67894802987576">
        <time>2005-05-11T12:32:21-07:00</time>
      </trkpt>
      <trkpt lat="33.87815670110285" lon="-116.67894802987576">
        <time>2005-05-11T12:32:24-07:00</time>
      </trkpt>
      <trkpt lat="33.87815670110285" lon="-116.67894802987576">
        <time>2005-05-11T12:32:26-07:00</time>
      </trkpt>
      <trkpt lat="33.87815670110285" lon="-116.67894802987576">
        <time>2005-05-11T12:32:27-07:00</time>
      </trkpt>
      <trkpt lat="33.87815670110285" lon="-116.67894802987576">
        <time>2005-05-11T12:32:35-07:00</time>
      </trkpt>
      <trkpt lat="33.87815670110285" lon="-116.67894802987576">
        <time>2005-05-11T12:32:37-07:00</time>
      </trkpt>
      <trkpt lat="33.87815670110285" lon="-116.67894802987576">
        <time>2005-05-11T12:32:45-07:00</time>
      </trkpt>
      <trkpt lat="33.87815670110285" lon="-116.67894802987576">
        <time>2005-05-11T12:32:58-07:00</time>
      </trkpt>
      <trkpt lat="33.87815670110285" lon="-116.67894802987576">
        <time>2005-05-11T12:33:12-07:00</time>
      </trkpt>
      <trkpt lat="33.87815670110285" lon="-116.67894802987576">
        <time>2005-05-11T12:33:24-07:00</time>
      </trkpt>
      <trkpt lat="33.87815670110285" lon="-116.67894802987576">
        <time>2005-05-11T12:33:33-07:00</time>
      </trkpt>
      <trkpt lat="33.87813591398299" lon="-116.6789560765028">
        <time>2005-05-11T12:33:41-07:00</time>
      </trkpt>
      <trkpt lat="33.87813591398299" lon="-116.6789560765028">
        <time>2005-05-11T12:33:44-07:00</time>
      </trkpt>
      <trkpt lat="33.87813591398299" lon="-116.6789560765028">
        <time>2005-05-11T12:33:49-07:00</time>
      </trkpt>
      <trkpt lat="33.87813591398299" lon="-116.6789560765028">
        <time>2005-05-11T12:33:50-07:00</time>
      </trkpt>
      <trkpt lat="33.87813608162105" lon="-116.6789563279599">
        <time>2005-05-11T12:33:52-07:00</time>
      </trkpt>
      <trkpt lat="33.87813591398299" lon="-116.6789560765028">
        <time>2005-05-11T12:33:58-07:00</time>
      </trkpt>
      <trkpt lat="33.87813591398299" lon="-116.6789560765028">
        <time>2005-05-11T12:34:01-07:00</time>
      </trkpt>
      <trkpt lat="33.87813591398299" lon="-116.6789560765028">
        <time>2005-05-11T12:34:03-07:00</time>
      </trkpt>
      <trkpt lat="33.878121161833405" lon="-116.67896186001599">
        <time>2005-05-11T12:34:08-07:00</time>
      </trkpt>
      <trkpt lat="33.87811881490052" lon="-116.67895968072116">
        <time>2005-05-11T12:34:21-07:00</time>
      </trkpt>
      <trkpt lat="33.87812049128115" lon="-116.67896001599729">
        <time>2005-05-11T12:34:25-07:00</time>
      </trkpt>
      <trkpt lat="33.878130381926894" lon="-116.67896915227175">
        <time>2005-05-11T12:34:33-07:00</time>
      </trkpt>
      <trkpt lat="33.87812417931855" lon="-116.67896814644337">
        <time>2005-05-11T12:34:40-07:00</time>
      </trkpt>
      <trkpt lat="33.878123089671135" lon="-116.67897258885205">
        <time>2005-05-11T12:34:48-07:00</time>
      </trkpt>
      <trkpt lat="33.87813666835427" lon="-116.6789735108614">
        <time>2005-05-11T12:34:56-07:00</time>
      </trkpt>
      <trkpt lat="33.878142200410366" lon="-116.67897175066173">
        <time>2005-05-11T12:35:01-07:00</time>
      </trkpt>
      <trkpt lat="33.878142200410366" lon="-116.67897175066173">
        <time>2005-05-11T12:35:06-07:00</time>
      </trkpt>
      <trkpt lat="33.878142200410366" lon="-116.67897175066173">
        <time>2005-05-11T12:35:11-07:00</time>
      </trkpt>
      <trkpt lat="33.878142200410366" lon="-116.67897175066173">
        <time>2005-05-11T12:35:17-07:00</time>
      </trkpt>
      <trkpt lat="33.878142200410366" lon="-116.67897175066173">
        <time>2005-05-11T12:35:18-07:00</time>
      </trkpt>
      <trkpt lat="33.878142200410366" lon="-116.67897175066173">
        <time>2005-05-11T12:35:21-07:00</time>
      </trkpt>
      <trkpt lat="33.878142200410366" lon="-116.67897175066173">
        <time>2005-05-11T12:35:24-07:00</time>
      </trkpt>
      <trkpt lat="33.878142200410366" lon="-116.67897175066173">
        <time>2005-05-11T12:35:31-07:00</time>
      </trkpt>
      <trkpt lat="33.878142200410366" lon="-116.67897175066173">
        <time>2005-05-11T12:35:44-07:00</time>
      </trkpt>
      <trkpt lat="33.878142200410366" lon="-116.67897175066173">
        <time>2005-05-11T12:35:47-07:00</time>
      </trkpt>
      <trkpt lat="33.878142200410366" lon="-116.67897175066173">
        <time>2005-05-11T12:35:56-07:00</time>
      </trkpt>
      <trkpt lat="33.878142200410366" lon="-116.67897175066173">
        <time>2005-05-11T12:36:00-07:00</time>
      </trkpt>
      <trkpt lat="33.878142200410366" lon="-116.67897175066173">
        <time>2005-05-11T12:36:11-07:00</time>
      </trkpt>
      <trkpt lat="33.878142200410366" lon="-116.67897175066173">
        <time>2005-05-11T12:36:18-07:00</time>
      </trkpt>
      <trkpt lat="33.878142200410366" lon="-116.67897175066173">
        <time>2005-05-11T12:36:24-07:00</time>
      </trkpt>
      <trkpt lat="33.878142200410366" lon="-116.67897175066173">
        <time>2005-05-11T12:36:29-07:00</time>
      </trkpt>
      <trkpt lat="33.878142200410366" lon="-116.67897175066173">
        <time>2005-05-11T12:36:33-07:00</time>
      </trkpt>
      <trkpt lat="33.878142200410366" lon="-116.67897175066173">
        <time>2005-05-11T12:36:37-07:00</time>
      </trkpt>
      <trkpt lat="33.878142200410366" lon="-116.67897175066173">
        <time>2005-05-11T12:36:42-07:00</time>
      </trkpt>
      <trkpt lat="33.878142200410366" lon="-116.67897175066173">
        <time>2005-05-11T12:36:45-07:00</time>
      </trkpt>
      <trkpt lat="33.878142200410366" lon="-116.67897175066173">
        <time>2005-05-11T12:36:50-07:00</time>
      </trkpt>
      <trkpt lat="33.878142200410366" lon="-116.67897175066173">
        <time>2005-05-11T12:36:53-07:00</time>
      </trkpt>
      <trkpt lat="33.878142200410366" lon="-116.67897175066173">
        <time>2005-05-11T12:37:02-07:00</time>
      </trkpt>
      <trkpt lat="33.878142200410366" lon="-116.67897175066173">
        <time>2005-05-11T12:37:10-07:00</time>
      </trkpt>
      <trkpt lat="33.878142200410366" lon="-116.67897175066173">
        <time>2005-05-11T12:37:16-07:00</time>
      </trkpt>
      <trkpt lat="33.878142200410366" lon="-116.67897175066173">
        <time>2005-05-11T12:37:21-07:00</time>
      </trkpt>
      <trkpt lat="33.878142200410366" lon="-116.67897175066173">
        <time>2005-05-11T12:37:24-07:00</time>
      </trkpt>
      <trkpt lat="33.878142200410366" lon="-116.67897175066173">
        <time>2005-05-11T12:37:25-07:00</time>
      </trkpt>
      <trkpt lat="33.878142200410366" lon="-116.67897175066173">
        <time>2005-05-11T12:37:27-07:00</time>
      </trkpt>
      <trkpt lat="33.878142200410366" lon="-116.67897175066173">
        <time>2005-05-11T12:37:34-07:00</time>
      </trkpt>
      <trkpt lat="33.878142200410366" lon="-116.67897175066173">
        <time>2005-05-11T12:37:36-07:00</time>
      </trkpt>
      <trkpt lat="33.878142200410366" lon="-116.67897175066173">
        <time>2005-05-11T12:37:38-07:00</time>
      </trkpt>
      <trkpt lat="33.878142200410366" lon="-116.67897175066173">
        <time>2005-05-11T12:37:40-07:00</time>
      </trkpt>
      <trkpt lat="33.87814094312489" lon="-116.67896496132016">
        <time>2005-05-11T12:37:46-07:00</time>
      </trkpt>
      <trkpt lat="33.87814320623875" lon="-116.67896470986307">
        <time>2005-05-11T12:37:53-07:00</time>
      </trkpt>
      <trkpt lat="33.87815058231354" lon="-116.67896470986307">
        <time>2005-05-11T12:37:58-07:00</time>
      </trkpt>
      <trkpt lat="33.87815988622606" lon="-116.6789576690644">
        <time>2005-05-11T12:38:00-07:00</time>
      </trkpt>
      <trkpt lat="33.87815988622606" lon="-116.6789576690644">
        <time>2005-05-11T12:38:09-07:00</time>
      </trkpt>
      <trkpt lat="33.87815988622606" lon="-116.6789576690644">
        <time>2005-05-11T12:38:23-07:00</time>
      </trkpt>
      <trkpt lat="33.87814647518098" lon="-116.67895934544504">
        <time>2005-05-11T12:38:33-07:00</time>
      </trkpt>
      <trkpt lat="33.87814647518098" lon="-116.67895934544504">
        <time>2005-05-11T12:38:42-07:00</time>
      </trkpt>
      <trkpt lat="33.87814647518098" lon="-116.67895934544504">
        <time>2005-05-11T12:38:49-07:00</time>
      </trkpt>
      <trkpt lat="33.87814521789551" lon="-116.6789632011205">
        <time>2005-05-11T12:38:53-07:00</time>
      </trkpt>
      <trkpt lat="33.87814647518098" lon="-116.67895934544504">
        <time>2005-05-11T12:38:54-07:00</time>
      </trkpt>
      <trkpt lat="33.87813214212656" lon="-116.67897066101432">
        <time>2005-05-11T12:39:01-07:00</time>
      </trkpt>
      <trkpt lat="33.87813214212656" lon="-116.67897066101432">
        <time>2005-05-11T12:39:04-07:00</time>
      </trkpt>
      <trkpt lat="33.87813214212656" lon="-116.67897066101432">
        <time>2005-05-11T12:39:08-07:00</time>
      </trkpt>
      <trkpt lat="33.87813214212656" lon="-116.67897066101432">
        <time>2005-05-11T12:39:16-07:00</time>
      </trkpt>
      <trkpt lat="33.87814437970519" lon="-116.67896764352918">
        <time>2005-05-11T12:39:24-07:00</time>
      </trkpt>
      <trkpt lat="33.87814345769584" lon="-116.67896739207208">
        <time>2005-05-11T12:39:31-07:00</time>
      </trkpt>
      <trkpt lat="33.87813214212656" lon="-116.67897066101432">
        <time>2005-05-11T12:39:41-07:00</time>
      </trkpt>
      <trkpt lat="33.87813214212656" lon="-116.67897066101432">
        <time>2005-05-11T12:39:57-07:00</time>
      </trkpt>
      <trkpt lat="33.87813214212656" lon="-116.67897066101432">
        <time>2005-05-11T12:40:07-07:00</time>
      </trkpt>
      <trkpt lat="33.87813214212656" lon="-116.67897066101432">
        <time>2005-05-11T12:40:18-07:00</time>
      </trkpt>
      <trkpt lat="33.87813214212656" lon="-116.67897066101432">
        <time>2005-05-11T12:40:19-07:00</time>
      </trkpt>
      <trkpt lat="33.87813214212656" lon="-116.67897066101432">
        <time>2005-05-11T12:40:31-07:00</time>
      </trkpt>
      <trkpt lat="33.87813214212656" lon="-116.67897066101432">
        <time>2005-05-11T12:40:39-07:00</time>
      </trkpt>
      <trkpt lat="33.87813214212656" lon="-116.67897066101432">
        <time>2005-05-11T12:40:48-07:00</time>
      </trkpt>
      <trkpt lat="33.878142116591334" lon="-116.67896127328277">
        <time>2005-05-11T12:40:50-07:00</time>
      </trkpt>
      <trkpt lat="33.87814186513424" lon="-116.67896127328277">
        <time>2005-05-11T12:40:58-07:00</time>
      </trkpt>
      <trkpt lat="33.878142116591334" lon="-116.6789613571018">
        <time>2005-05-11T12:41:07-07:00</time>
      </trkpt>
      <trkpt lat="33.878142116591334" lon="-116.67896127328277">
        <time>2005-05-11T12:41:08-07:00</time>
      </trkpt>
      <trkpt lat="33.87813474051654" lon="-116.67896462604403">
        <time>2005-05-11T12:41:18-07:00</time>
      </trkpt>
      <trkpt lat="33.87812074273825" lon="-116.67896345257759">
        <time>2005-05-11T12:41:25-07:00</time>
      </trkpt>
      <trkpt lat="33.878159299492836" lon="-116.67897133156657">
        <time>2005-05-11T12:41:26-07:00</time>
      </trkpt>
      <trkpt lat="33.878153935074806" lon="-116.67896529659629">
        <time>2005-05-11T12:41:29-07:00</time>
      </trkpt>
      <trkpt lat="33.87820648960769" lon="-116.67895624414086">
        <time>2005-05-11T12:41:36-07:00</time>
      </trkpt>
      <trkpt lat="33.87826692312956" lon="-116.67896747589111">
        <time>2005-05-11T12:41:44-07:00</time>
      </trkpt>
      <trkpt lat="33.87828377075493" lon="-116.67896781116724">
        <time>2005-05-11T12:41:49-07:00</time>
      </trkpt>
      <trkpt lat="33.87831838801503" lon="-116.67897099629045">
        <time>2005-05-11T12:41:54-07:00</time>
      </trkpt>
      <trkpt lat="33.87818100862205" lon="-116.67896345257759">
        <time>2005-05-11T12:41:55-07:00</time>
      </trkpt>
      <trkpt lat="33.87818100862205" lon="-116.67896345257759">
        <time>2005-05-11T12:42:00-07:00</time>
      </trkpt>
      <trkpt lat="33.87818100862205" lon="-116.67896345257759">
        <time>2005-05-11T12:42:04-07:00</time>
      </trkpt>
      <trkpt lat="33.87818100862205" lon="-116.67896345257759">
        <time>2005-05-11T12:42:12-07:00</time>
      </trkpt>
      <trkpt lat="33.87818100862205" lon="-116.67896345257759">
        <time>2005-05-11T12:42:20-07:00</time>
      </trkpt>
      <trkpt lat="33.87818100862205" lon="-116.67896345257759">
        <time>2005-05-11T12:42:26-07:00</time>
      </trkpt>
      <trkpt lat="33.87818100862205" lon="-116.67896345257759">
        <time>2005-05-11T12:42:27-07:00</time>
      </trkpt>
      <trkpt lat="33.87818100862205" lon="-116.67896345257759">
        <time>2005-05-11T12:42:36-07:00</time>
      </trkpt>
      <trkpt lat="33.878168100491166" lon="-116.67896898463368">
        <time>2005-05-11T12:42:37-07:00</time>
      </trkpt>
      <trkpt lat="33.878168100491166" lon="-116.67896898463368">
        <time>2005-05-11T12:42:40-07:00</time>
      </trkpt>
      <trkpt lat="33.878168100491166" lon="-116.67896898463368">
        <time>2005-05-11T12:42:41-07:00</time>
      </trkpt>
      <trkpt lat="33.878168100491166" lon="-116.67896898463368">
        <time>2005-05-11T12:42:45-07:00</time>
      </trkpt>
      <trkpt lat="33.878168100491166" lon="-116.67896898463368">
        <time>2005-05-11T12:42:51-07:00</time>
      </trkpt>
      <trkpt lat="33.878168100491166" lon="-116.67896898463368">
        <time>2005-05-11T12:43:13-07:00</time>
      </trkpt>
      <trkpt lat="33.878168100491166" lon="-116.67896898463368">
        <time>2005-05-11T12:43:14-07:00</time>
      </trkpt>
      <trkpt lat="33.878168100491166" lon="-116.67896898463368">
        <time>2005-05-11T12:43:24-07:00</time>
      </trkpt>
      <trkpt lat="33.878168100491166" lon="-116.67896898463368">
        <time>2005-05-11T12:43:31-07:00</time>
      </trkpt>
      <trkpt lat="33.878168100491166" lon="-116.67896898463368">
        <time>2005-05-11T12:43:46-07:00</time>
      </trkpt>
      <trkpt lat="33.878168100491166" lon="-116.67896898463368">
        <time>2005-05-11T12:43:53-07:00</time>
      </trkpt>
      <trkpt lat="33.878168100491166" lon="-116.67896898463368">
        <time>2005-05-11T12:44:04-07:00</time>
      </trkpt>
      <trkpt lat="33.87816483154893" lon="-116.67896789498627">
        <time>2005-05-11T12:44:10-07:00</time>
      </trkpt>
      <trkpt lat="33.878168100491166" lon="-116.67896898463368">
        <time>2005-05-11T12:44:16-07:00</time>
      </trkpt>
      <trkpt lat="33.87815217487514" lon="-116.67897216975689">
        <time>2005-05-11T12:44:18-07:00</time>
      </trkpt>
      <trkpt lat="33.87815217487514" lon="-116.67897216975689">
        <time>2005-05-11T12:44:24-07:00</time>
      </trkpt>
      <trkpt lat="33.87815217487514" lon="-116.67897216975689">
        <time>2005-05-11T12:44:38-07:00</time>
      </trkpt>
      <trkpt lat="33.87815217487514" lon="-116.67897216975689">
        <time>2005-05-11T12:44:44-07:00</time>
      </trkpt>
      <trkpt lat="33.87814002111554" lon="-116.67898281477392">
        <time>2005-05-11T12:44:54-07:00</time>
      </trkpt>
      <trkpt lat="33.87814002111554" lon="-116.67898281477392">
        <time>2005-05-11T12:45:03-07:00</time>
      </trkpt>
      <trkpt lat="33.8781388476491" lon="-116.67898004874587">
        <time>2005-05-11T12:45:12-07:00</time>
      </trkpt>
      <trkpt lat="33.87813842855394" lon="-116.67897929437459">
        <time>2005-05-11T12:45:13-07:00</time>
      </trkpt>
      <trkpt lat="33.87813842855394" lon="-116.67897711507976">
        <time>2005-05-11T12:45:21-07:00</time>
      </trkpt>
      <trkpt lat="33.878145050257444" lon="-116.67896579951048">
        <time>2005-05-11T12:45:27-07:00</time>
      </trkpt>
      <trkpt lat="33.87814102694392" lon="-116.67896102182567">
        <time>2005-05-11T12:45:36-07:00</time>
      </trkpt>
      <trkpt lat="33.878139685839415" lon="-116.67896286584437">
        <time>2005-05-11T12:45:44-07:00</time>
      </trkpt>
      <trkpt lat="33.878132393583655" lon="-116.67896730825305">
        <time>2005-05-11T12:45:50-07:00</time>
      </trkpt>
      <trkpt lat="33.878139685839415" lon="-116.67896286584437">
        <time>2005-05-11T12:45:55-07:00</time>
      </trkpt>
      <trkpt lat="33.87813105247915" lon="-116.67896429076791">
        <time>2005-05-11T12:45:58-07:00</time>
      </trkpt>
      <trkpt lat="33.8781319744885" lon="-116.67896856553853">
        <time>2005-05-11T12:45:59-07:00</time>
      </trkpt>
      <trkpt lat="33.87813247740269" lon="-116.67896831408143">
        <time>2005-05-11T12:46:03-07:00</time>
      </trkpt>
      <trkpt lat="33.87812837027013" lon="-116.67896529659629">
        <time>2005-05-11T12:46:08-07:00</time>
      </trkpt>
      <trkpt lat="33.87812870554626" lon="-116.6789661347866">
        <time>2005-05-11T12:46:11-07:00</time>
      </trkpt>
      <trkpt lat="33.87814354151487" lon="-116.67898826301098">
        <time>2005-05-11T12:46:12-07:00</time>
      </trkpt>
      <trkpt lat="33.87814974412322" lon="-116.67898063547909">
        <time>2005-05-11T12:46:13-07:00</time>
      </trkpt>
      <trkpt lat="33.878137255087495" lon="-116.67893285863101">
        <time>2005-05-11T12:46:21-07:00</time>
      </trkpt>
      <trkpt lat="33.87813080102205" lon="-116.67889631353319">
        <time>2005-05-11T12:46:25-07:00</time>
      </trkpt>
      <trkpt lat="33.87814052402973" lon="-116.6788942180574">
        <time>2005-05-11T12:46:26-07:00</time>
      </trkpt>
      <trkpt lat="33.87813080102205" lon="-116.67889631353319">
        <time>2005-05-11T12:46:30-07:00</time>
      </trkpt>
      <trkpt lat="33.878140188753605" lon="-116.67889472097158">
        <time>2005-05-11T12:46:35-07:00</time>
      </trkpt>
      <trkpt lat="33.878144128248096" lon="-116.67890603654087">
        <time>2005-05-11T12:46:40-07:00</time>
      </trkpt>
      <trkpt lat="33.878144631162286" lon="-116.67890125885606">
        <time>2005-05-11T12:46:43-07:00</time>
      </trkpt>
      <trkpt lat="33.87814815156162" lon="-116.67890410870314">
        <time>2005-05-11T12:46:46-07:00</time>
      </trkpt>
      <trkpt lat="33.87815812602639" lon="-116.67888483032584">
        <time>2005-05-11T12:46:51-07:00</time>
      </trkpt>
      <trkpt lat="33.8781422842294" lon="-116.67888927273452">
        <time>2005-05-11T12:46:54-07:00</time>
      </trkpt>
      <trkpt lat="33.8781145401299" lon="-116.67892682366073">
        <time>2005-05-11T12:47:00-07:00</time>
      </trkpt>
      <trkpt lat="33.87810850515962" lon="-116.67893671430647">
        <time>2005-05-11T12:47:06-07:00</time>
      </trkpt>
      <trkpt lat="33.87810272164643" lon="-116.67897820472717">
        <time>2005-05-11T12:47:07-07:00</time>
      </trkpt>
      <trkpt lat="33.87811026535928" lon="-116.6789872571826">
        <time>2005-05-11T12:47:10-07:00</time>
      </trkpt>
      <trkpt lat="33.87811160646379" lon="-116.67898373678327">
        <time>2005-05-11T12:47:14-07:00</time>
      </trkpt>
      <trkpt lat="33.87811847962439" lon="-116.67897267267108">
        <time>2005-05-11T12:47:17-07:00</time>
      </trkpt>
      <trkpt lat="33.878124598413706" lon="-116.67892388999462">
        <time>2005-05-11T12:47:18-07:00</time>
      </trkpt>
      <trkpt lat="33.87813901528716" lon="-116.67888659052551">
        <time>2005-05-11T12:47:22-07:00</time>
      </trkpt>
      <trkpt lat="33.87814329005778" lon="-116.67888768017292">
        <time>2005-05-11T12:47:24-07:00</time>
      </trkpt>
      <trkpt lat="33.87815318070352" lon="-116.67889748699963">
        <time>2005-05-11T12:47:25-07:00</time>
      </trkpt>
      <trkpt lat="33.87815510854125" lon="-116.67889723554254">
        <time>2005-05-11T12:47:29-07:00</time>
      </trkpt>
      <trkpt lat="33.87816055677831" lon="-116.67889220640063">
        <time>2005-05-11T12:47:33-07:00</time>
      </trkpt>
      <trkpt lat="33.878257032483816" lon="-116.67888751253486">
        <time>2005-05-11T12:47:37-07:00</time>
      </trkpt>
      <trkpt lat="33.87840933166444" lon="-116.67887745425105">
        <time>2005-05-11T12:47:38-07:00</time>
      </trkpt>
      <trkpt lat="33.87844730168581" lon="-116.6788596007973">
        <time>2005-05-11T12:47:43-07:00</time>
      </trkpt>
      <trkpt lat="33.87858367525041" lon="-116.67880704626441">
        <time>2005-05-11T12:47:48-07:00</time>
      </trkpt>
      <trkpt lat="33.87862415984273" lon="-116.67880520224571">
        <time>2005-05-11T12:47:53-07:00</time>
      </trkpt>
      <trkpt lat="33.878662968054414" lon="-116.67880872264504">
        <time>2005-05-11T12:47:58-07:00</time>
      </trkpt>
      <trkpt lat="33.878701105713844" lon="-116.67881249450147">
        <time>2005-05-11T12:48:03-07:00</time>
      </trkpt>
      <trkpt lat="33.87878383509815" lon="-116.67881769128144">
        <time>2005-05-11T12:48:04-07:00</time>
      </trkpt>
      <trkpt lat="33.878918029367924" lon="-116.67879623360932">
        <time>2005-05-11T12:48:08-07:00</time>
      </trkpt>
      <trkpt lat="33.87896094471216" lon="-116.67877653613687">
        <time>2005-05-11T12:48:09-07:00</time>
      </trkpt>
      <trkpt lat="33.879000172019005" lon="-116.67875155806541">
        <time>2005-05-11T12:48:10-07:00</time>
      </trkpt>
      <trkpt lat="33.87908390723169" lon="-116.67871643789113">
        <time>2005-05-11T12:48:11-07:00</time>
      </trkpt>
      <trkpt lat="33.87912975624204" lon="-116.67870981618762">
        <time>2005-05-11T12:48:13-07:00</time>
      </trkpt>
      <trkpt lat="33.87917191721499" lon="-116.67871903628111">
        <time>2005-05-11T12:48:16-07:00</time>
      </trkpt>
      <trkpt lat="33.87924928218126" lon="-116.67873403988779">
        <time>2005-05-11T12:48:17-07:00</time>
      </trkpt>
      <trkpt lat="33.87933578342199" lon="-116.67874191887677">
        <time>2005-05-11T12:48:18-07:00</time>
      </trkpt>
      <trkpt lat="33.87942714616656" lon="-116.67873186059296">
        <time>2005-05-11T12:48:20-07:00</time>
      </trkpt>
      <trkpt lat="33.87951943092048" lon="-116.67870344594121">
        <time>2005-05-11T12:48:21-07:00</time>
      </trkpt>
      <trkpt lat="33.87966091744602" lon="-116.67865281924605">
        <time>2005-05-11T12:48:22-07:00</time>
      </trkpt>
      <trkpt lat="33.879709700122476" lon="-116.6786466166377">
        <time>2005-05-11T12:48:24-07:00</time>
      </trkpt>
      <trkpt lat="33.879760997369885" lon="-116.67864971794188">
        <time>2005-05-11T12:48:26-07:00</time>
      </trkpt>
      <trkpt lat="33.87980751693249" lon="-116.67865307070315">
        <time>2005-05-11T12:48:28-07:00</time>
      </trkpt>
      <trkpt lat="33.88000306673348" lon="-116.67867570184171">
        <time>2005-05-11T12:48:30-07:00</time>
      </trkpt>
      <trkpt lat="33.88011747971177" lon="-116.67870512232184">
        <time>2005-05-11T12:48:33-07:00</time>
      </trkpt>
      <trkpt lat="33.88027464039624" lon="-116.67876983061433">
        <time>2005-05-11T12:48:34-07:00</time>
      </trkpt>
      <trkpt lat="33.88031529262662" lon="-116.6788004245609">
        <time>2005-05-11T12:48:35-07:00</time>
      </trkpt>
      <trkpt lat="33.88035334646702" lon="-116.67883303016424">
        <time>2005-05-11T12:48:36-07:00</time>
      </trkpt>
      <trkpt lat="33.88039106503129" lon="-116.67886722832918">
        <time>2005-05-11T12:48:39-07:00</time>
      </trkpt>
    </trkseg>
  </trk>
</gpx>
