<?xml version="1.0" encoding="UTF-8"?>
<gpx version="1.1" creator="GarminFitSummaryExtractor" xmlns="http://www.topografix.com/GPX/1/1" xmlns:xsi="http://www.w3.org/2001/XMLSchema-instance" xsi:schemaLocation="http://www.topografix.com/GPX/1/1 http://www.topografix.com/GPX/1/1/gpx.xsd">
  <metadata>
    <name>2025-07-24-06-05-16</name>
    <time>2005-07-25T06:05:16-07:00</time>
  </metadata>
  <trk>
    <name>2025-07-24-06-05-16</name>
    <type>HIKING</type>
    <trkseg>
      <trkpt lat="40.9271876513958" lon="-121.54219656251371">
        <time>2005-07-25T06:05:16-07:00</time>
      </trkpt>
      <trkpt lat="40.927181197330356" lon="-121.54231055639684">
        <time>2005-07-25T06:05:17-07:00</time>
      </trkpt>
      <trkpt lat="40.92719175852835" lon="-121.5424095466733">
        <time>2005-07-25T06:05:41-07:00</time>
      </trkpt>
      <trkpt lat="40.92721841298044" lon="-121.54249562881887">
        <time>2005-07-25T06:05:50-07:00</time>
      </trkpt>
      <trkpt lat="40.92727440409362" lon="-121.54258682392538">
        <time>2005-07-25T06:05:56-07:00</time>
      </trkpt>
      <trkpt lat="40.927320923656225" lon="-121.54268120415509">
        <time>2005-07-25T06:06:03-07:00</time>
      </trkpt>
      <trkpt lat="40.927385380491614" lon="-121.5427650231868">
        <time>2005-07-25T06:06:12-07:00</time>
      </trkpt>
      <trkpt lat="40.92744103632867" lon="-121.54286158271134">
        <time>2005-07-25T06:06:19-07:00</time>
      </trkpt>
      <trkpt lat="40.92754438519478" lon="-121.54293433763087">
        <time>2005-07-25T06:06:28-07:00</time>
      </trkpt>
      <trkpt lat="40.92760347761214" lon="-121.54300818219781">
        <time>2005-07-25T06:06:36-07:00</time>
      </trkpt>
      <trkpt lat="40.92766659334302" lon="-121.54310809448361">
        <time>2005-07-25T06:06:44-07:00</time>
      </trkpt>
      <trkpt lat="40.92773054726422" lon="-121.54319107532501">
        <time>2005-07-25T06:06:51-07:00</time>
      </trkpt>
      <trkpt lat="40.927818892523646" lon="-121.54328922741115">
        <time>2005-07-25T06:06:59-07:00</time>
      </trkpt>
      <trkpt lat="40.927880834788084" lon="-121.54339886270463">
        <time>2005-07-25T06:07:07-07:00</time>
      </trkpt>
      <trkpt lat="40.927942944690585" lon="-121.54346709139645">
        <time>2005-07-25T06:07:17-07:00</time>
      </trkpt>
      <trkpt lat="40.9280492272228" lon="-121.54354814440012">
        <time>2005-07-25T06:07:25-07:00</time>
      </trkpt>
      <trkpt lat="40.92807034961879" lon="-121.54358326457441">
        <time>2005-07-25T06:07:31-07:00</time>
      </trkpt>
      <trkpt lat="40.92810781672597" lon="-121.54362106695771">
        <time>2005-07-25T06:07:41-07:00</time>
      </trkpt>
      <trkpt lat="40.92812784947455" lon="-121.54363196343184">
        <time>2005-07-25T06:07:44-07:00</time>
      </trkpt>
      <trkpt lat="40.928137907758355" lon="-121.54364394955337">
        <time>2005-07-25T06:07:48-07:00</time>
      </trkpt>
      <trkpt lat="40.92820378951728" lon="-121.54371636919677">
        <time>2005-07-25T06:07:50-07:00</time>
      </trkpt>
      <trkpt lat="40.92827503569424" lon="-121.54382315464318">
        <time>2005-07-25T06:07:54-07:00</time>
      </trkpt>
      <trkpt lat="40.928335301578045" lon="-121.5438961610198">
        <time>2005-07-25T06:08:01-07:00</time>
      </trkpt>
      <trkpt lat="40.92843513004482" lon="-121.54396397061646">
        <time>2005-07-25T06:08:10-07:00</time>
      </trkpt>
      <trkpt lat="40.92852179892361" lon="-121.54406664893031">
        <time>2005-07-25T06:08:17-07:00</time>
      </trkpt>
      <trkpt lat="40.92854568734765" lon="-121.54408450238407">
        <time>2005-07-25T06:08:26-07:00</time>
      </trkpt>
      <trkpt lat="40.928629506379366" lon="-121.54411174356937">
        <time>2005-07-25T06:08:36-07:00</time>
      </trkpt>
      <trkpt lat="40.92874257825315" lon="-121.54411727562547">
        <time>2005-07-25T06:08:38-07:00</time>
      </trkpt>
      <trkpt lat="40.92876462265849" lon="-121.54411291703582">
        <time>2005-07-25T06:08:45-07:00</time>
      </trkpt>
      <trkpt lat="40.9288661275059" lon="-121.54412532225251">
        <time>2005-07-25T06:08:55-07:00</time>
      </trkpt>
      <trkpt lat="40.929014487192035" lon="-121.5441313572228">
        <time>2005-07-25T06:08:57-07:00</time>
      </trkpt>
      <trkpt lat="40.92913116328418" lon="-121.54411811381578">
        <time>2005-07-25T06:09:06-07:00</time>
      </trkpt>
      <trkpt lat="40.929206600412726" lon="-121.54405776411295">
        <time>2005-07-25T06:09:17-07:00</time>
      </trkpt>
      <trkpt lat="40.92924037948251" lon="-121.54404862783849">
        <time>2005-07-25T06:09:27-07:00</time>
      </trkpt>
      <trkpt lat="40.929350182414055" lon="-121.54401049017906">
        <time>2005-07-25T06:09:34-07:00</time>
      </trkpt>
      <trkpt lat="40.92943383380771" lon="-121.5440105739981">
        <time>2005-07-25T06:09:37-07:00</time>
      </trkpt>
      <trkpt lat="40.929453112185" lon="-121.54404426924884">
        <time>2005-07-25T06:09:46-07:00</time>
      </trkpt>
      <trkpt lat="40.929472809657454" lon="-121.54408198781312">
        <time>2005-07-25T06:09:54-07:00</time>
      </trkpt>
      <trkpt lat="40.929486975073814" lon="-121.54418994672596">
        <time>2005-07-25T06:09:57-07:00</time>
      </trkpt>
      <trkpt lat="40.929504157975316" lon="-121.54424065724015">
        <time>2005-07-25T06:10:01-07:00</time>
      </trkpt>
      <trkpt lat="40.92950969003141" lon="-121.54425172135234">
        <time>2005-07-25T06:10:08-07:00</time>
      </trkpt>
      <trkpt lat="40.92955335974693" lon="-121.54430067166686">
        <time>2005-07-25T06:10:12-07:00</time>
      </trkpt>
      <trkpt lat="40.92958739027381" lon="-121.54432321898639">
        <time>2005-07-25T06:10:13-07:00</time>
      </trkpt>
      <trkpt lat="40.92970046214759" lon="-121.54438918456435">
        <time>2005-07-25T06:10:19-07:00</time>
      </trkpt>
      <trkpt lat="40.92977053485811" lon="-121.54444358311594">
        <time>2005-07-25T06:10:22-07:00</time>
      </trkpt>
      <trkpt lat="40.92983457259834" lon="-121.54445154592395">
        <time>2005-07-25T06:10:31-07:00</time>
      </trkpt>
      <trkpt lat="40.929851587861776" lon="-121.5444313455373">
        <time>2005-07-25T06:10:37-07:00</time>
      </trkpt>
      <trkpt lat="40.929927192628384" lon="-121.54434869997203">
        <time>2005-07-25T06:10:43-07:00</time>
      </trkpt>
      <trkpt lat="40.92996306717396" lon="-121.54431349597871">
        <time>2005-07-25T06:10:45-07:00</time>
      </trkpt>
      <trkpt lat="40.92997094616294" lon="-121.54431642964482">
        <time>2005-07-25T06:10:52-07:00</time>
      </trkpt>
      <trkpt lat="40.92998117208481" lon="-121.54431140050292">
        <time>2005-07-25T06:10:56-07:00</time>
      </trkpt>
      <trkpt lat="40.92998770996928" lon="-121.54434031806886">
        <time>2005-07-25T06:10:59-07:00</time>
      </trkpt>
      <trkpt lat="40.93002777546644" lon="-121.54445825144649">
        <time>2005-07-25T06:11:03-07:00</time>
      </trkpt>
      <trkpt lat="40.93003833666444" lon="-121.54449764639139">
        <time>2005-07-25T06:11:07-07:00</time>
      </trkpt>
      <trkpt lat="40.93007119372487" lon="-121.54460744932294">
        <time>2005-07-25T06:11:15-07:00</time>
      </trkpt>
      <trkpt lat="40.9300921484828" lon="-121.54464575462043">
        <time>2005-07-25T06:11:18-07:00</time>
      </trkpt>
      <trkpt lat="40.930136824026704" lon="-121.54470426030457">
        <time>2005-07-25T06:11:25-07:00</time>
      </trkpt>
      <trkpt lat="40.930185774341226" lon="-121.54478095471859">
        <time>2005-07-25T06:11:28-07:00</time>
      </trkpt>
      <trkpt lat="40.93023338355124" lon="-121.54487038962543">
        <time>2005-07-25T06:11:33-07:00</time>
      </trkpt>
      <trkpt lat="40.930274622514844" lon="-121.54491732828319">
        <time>2005-07-25T06:11:39-07:00</time>
      </trkpt>
      <trkpt lat="40.93034025281668" lon="-121.54498673044145">
        <time>2005-07-25T06:11:45-07:00</time>
      </trkpt>
      <trkpt lat="40.930343521758914" lon="-121.54499351978302">
        <time>2005-07-25T06:11:49-07:00</time>
      </trkpt>
      <trkpt lat="40.930380150675774" lon="-121.54505898244679">
        <time>2005-07-25T06:11:56-07:00</time>
      </trkpt>
      <trkpt lat="40.93039616011083" lon="-121.54509301297367">
        <time>2005-07-25T06:11:57-07:00</time>
      </trkpt>
      <trkpt lat="40.9304306935519" lon="-121.54513576067984">
        <time>2005-07-25T06:12:03-07:00</time>
      </trkpt>
      <trkpt lat="40.93053286895156" lon="-121.54522569850087">
        <time>2005-07-25T06:12:06-07:00</time>
      </trkpt>
      <trkpt lat="40.93060344457626" lon="-121.54529241845012">
        <time>2005-07-25T06:12:10-07:00</time>
      </trkpt>
      <trkpt lat="40.93065231107175" lon="-121.54532007873058">
        <time>2005-07-25T06:12:20-07:00</time>
      </trkpt>
      <trkpt lat="40.93073730356991" lon="-121.5453431289643">
        <time>2005-07-25T06:12:27-07:00</time>
      </trkpt>
      <trkpt lat="40.930843418464065" lon="-121.54538587667048">
        <time>2005-07-25T06:12:31-07:00</time>
      </trkpt>
      <trkpt lat="40.9309365414083" lon="-121.54540381394327">
        <time>2005-07-25T06:12:38-07:00</time>
      </trkpt>
      <trkpt lat="40.931070651859045" lon="-121.54543767683208">
        <time>2005-07-25T06:12:47-07:00</time>
      </trkpt>
      <trkpt lat="40.93116260133684" lon="-121.5454831905663">
        <time>2005-07-25T06:12:55-07:00</time>
      </trkpt>
      <trkpt lat="40.931245582178235" lon="-121.54551453888416">
        <time>2005-07-25T06:13:05-07:00</time>
      </trkpt>
      <trkpt lat="40.9313371963799" lon="-121.54558871872723">
        <time>2005-07-25T06:13:13-07:00</time>
      </trkpt>
      <trkpt lat="40.93135178089142" lon="-121.54560045339167">
        <time>2005-07-25T06:13:20-07:00</time>
      </trkpt>
      <trkpt lat="40.93143090605736" lon="-121.54567488469183">
        <time>2005-07-25T06:13:29-07:00</time>
      </trkpt>
      <trkpt lat="40.931440042331815" lon="-121.54568242840469">
        <time>2005-07-25T06:13:30-07:00</time>
      </trkpt>
      <trkpt lat="40.93150332570076" lon="-121.54575970955193">
        <time>2005-07-25T06:13:38-07:00</time>
      </trkpt>
      <trkpt lat="40.93151715584099" lon="-121.5457892138511">
        <time>2005-07-25T06:13:39-07:00</time>
      </trkpt>
      <trkpt lat="40.93153215944767" lon="-121.54582022689283">
        <time>2005-07-25T06:13:46-07:00</time>
      </trkpt>
      <trkpt lat="40.93160022050142" lon="-121.54593505896628">
        <time>2005-07-25T06:13:48-07:00</time>
      </trkpt>
      <trkpt lat="40.93164548277855" lon="-121.54604310169816">
        <time>2005-07-25T06:13:50-07:00</time>
      </trkpt>
      <trkpt lat="40.931694097816944" lon="-121.54619322158396">
        <time>2005-07-25T06:13:59-07:00</time>
      </trkpt>
      <trkpt lat="40.931675154715776" lon="-121.54633395373821">
        <time>2005-07-25T06:14:06-07:00</time>
      </trkpt>
      <trkpt lat="40.93161832541227" lon="-121.54640519991517">
        <time>2005-07-25T06:14:15-07:00</time>
      </trkpt>
      <trkpt lat="40.9315288066864" lon="-121.54646353796124">
        <time>2005-07-25T06:14:23-07:00</time>
      </trkpt>
      <trkpt lat="40.93147784471512" lon="-121.54651818796992">
        <time>2005-07-25T06:14:29-07:00</time>
      </trkpt>
      <trkpt lat="40.9314357675612" lon="-121.54656328260899">
        <time>2005-07-25T06:14:37-07:00</time>
      </trkpt>
      <trkpt lat="40.93139033764601" lon="-121.54662597924471">
        <time>2005-07-25T06:14:42-07:00</time>
      </trkpt>
      <trkpt lat="40.93137273564935" lon="-121.54663955792785">
        <time>2005-07-25T06:14:46-07:00</time>
      </trkpt>
      <trkpt lat="40.93132537789643" lon="-121.54667979106307">
        <time>2005-07-25T06:14:51-07:00</time>
      </trkpt>
      <trkpt lat="40.931277768686414" lon="-121.54670854099095">
        <time>2005-07-25T06:14:53-07:00</time>
      </trkpt>
      <trkpt lat="40.93121255747974" lon="-121.54682404361665">
        <time>2005-07-25T06:14:58-07:00</time>
      </trkpt>
      <trkpt lat="40.93121448531747" lon="-121.54687852598727">
        <time>2005-07-25T06:15:02-07:00</time>
      </trkpt>
      <trkpt lat="40.93123619444668" lon="-121.54693560674787">
        <time>2005-07-25T06:15:10-07:00</time>
      </trkpt>
      <trkpt lat="40.931247510015965" lon="-121.5469531249255">
        <time>2005-07-25T06:15:13-07:00</time>
      </trkpt>
      <trkpt lat="40.93128212727606" lon="-121.54703099280596">
        <time>2005-07-25T06:15:16-07:00</time>
      </trkpt>
      <trkpt lat="40.93130534514785" lon="-121.54709000140429">
        <time>2005-07-25T06:15:17-07:00</time>
      </trkpt>
      <trkpt lat="40.931358402594924" lon="-121.54715621843934">
        <time>2005-07-25T06:15:22-07:00</time>
      </trkpt>
      <trkpt lat="40.93138849362731" lon="-121.54717625118792">
        <time>2005-07-25T06:15:26-07:00</time>
      </trkpt>
      <trkpt lat="40.93146971426904" lon="-121.54723919928074">
        <time>2005-07-25T06:15:32-07:00</time>
      </trkpt>
      <trkpt lat="40.931518245488405" lon="-121.54732813127339">
        <time>2005-07-25T06:15:35-07:00</time>
      </trkpt>
      <trkpt lat="40.931568033993244" lon="-121.54739719815552">
        <time>2005-07-25T06:15:43-07:00</time>
      </trkpt>
      <trkpt lat="40.93158312141895" lon="-121.54742955230176">
        <time>2005-07-25T06:15:50-07:00</time>
      </trkpt>
      <trkpt lat="40.93162268400192" lon="-121.5475229267031">
        <time>2005-07-25T06:15:55-07:00</time>
      </trkpt>
      <trkpt lat="40.93163969926536" lon="-121.5475485753268">
        <time>2005-07-25T06:15:57-07:00</time>
      </trkpt>
      <trkpt lat="40.93170968815684" lon="-121.54764538630843">
        <time>2005-07-25T06:16:03-07:00</time>
      </trkpt>
      <trkpt lat="40.93175981193781" lon="-121.54772861860693">
        <time>2005-07-25T06:16:05-07:00</time>
      </trkpt>
      <trkpt lat="40.93178168870509" lon="-121.54777287505567">
        <time>2005-07-25T06:16:13-07:00</time>
      </trkpt>
      <trkpt lat="40.93180691823363" lon="-121.5479304548353">
        <time>2005-07-25T06:16:19-07:00</time>
      </trkpt>
      <trkpt lat="40.93185083940625" lon="-121.54801284894347">
        <time>2005-07-25T06:16:22-07:00</time>
      </trkpt>
      <trkpt lat="40.93185628764331" lon="-121.5480266790837">
        <time>2005-07-25T06:16:31-07:00</time>
      </trkpt>
      <trkpt lat="40.931903813034296" lon="-121.54813916422427">
        <time>2005-07-25T06:16:37-07:00</time>
      </trkpt>
      <trkpt lat="40.931947734206915" lon="-121.5482565946877">
        <time>2005-07-25T06:16:38-07:00</time>
      </trkpt>
      <trkpt lat="40.93197137117386" lon="-121.54837989248335">
        <time>2005-07-25T06:16:46-07:00</time>
      </trkpt>
      <trkpt lat="40.93197883106768" lon="-121.54848374426365">
        <time>2005-07-25T06:16:53-07:00</time>
      </trkpt>
      <trkpt lat="40.93199777416885" lon="-121.54859161935747">
        <time>2005-07-25T06:17:00-07:00</time>
      </trkpt>
      <trkpt lat="40.932030379772186" lon="-121.54869488440454">
        <time>2005-07-25T06:17:06-07:00</time>
      </trkpt>
      <trkpt lat="40.9320571180433" lon="-121.54873746447265">
        <time>2005-07-25T06:17:13-07:00</time>
      </trkpt>
      <trkpt lat="40.932124676182866" lon="-121.54877635650337">
        <time>2005-07-25T06:17:19-07:00</time>
      </trkpt>
      <trkpt lat="40.93220438808203" lon="-121.54878557659686">
        <time>2005-07-25T06:17:25-07:00</time>
      </trkpt>
      <trkpt lat="40.9322471357882" lon="-121.54876906424761">
        <time>2005-07-25T06:17:32-07:00</time>
      </trkpt>
      <trkpt lat="40.93225736171007" lon="-121.54873352497816">
        <time>2005-07-25T06:17:38-07:00</time>
      </trkpt>
      <trkpt lat="40.93230086378753" lon="-121.54862171038985">
        <time>2005-07-25T06:17:44-07:00</time>
      </trkpt>
      <trkpt lat="40.932316705584526" lon="-121.5486051980406">
        <time>2005-07-25T06:17:46-07:00</time>
      </trkpt>
      <trkpt lat="40.932340594008565" lon="-121.54855239205062">
        <time>2005-07-25T06:17:53-07:00</time>
      </trkpt>
      <trkpt lat="40.932402536273" lon="-121.54847703874111">
        <time>2005-07-25T06:17:55-07:00</time>
      </trkpt>
      <trkpt lat="40.932416282594204" lon="-121.5484672319144">
        <time>2005-07-25T06:18:03-07:00</time>
      </trkpt>
      <trkpt lat="40.932485768571496" lon="-121.54844409786165">
        <time>2005-07-25T06:18:09-07:00</time>
      </trkpt>
      <trkpt lat="40.932582914829254" lon="-121.5484656393528">
        <time>2005-07-25T06:18:10-07:00</time>
      </trkpt>
      <trkpt lat="40.93268324621022" lon="-121.54849673621356">
        <time>2005-07-25T06:18:16-07:00</time>
      </trkpt>
      <trkpt lat="40.93276781961322" lon="-121.54850662685931">
        <time>2005-07-25T06:18:23-07:00</time>
      </trkpt>
      <trkpt lat="40.93286312185228" lon="-121.54853336513042">
        <time>2005-07-25T06:18:31-07:00</time>
      </trkpt>
      <trkpt lat="40.93296370469034" lon="-121.54856161214411">
        <time>2005-07-25T06:18:38-07:00</time>
      </trkpt>
      <trkpt lat="40.9330399800092" lon="-121.5485882665962">
        <time>2005-07-25T06:18:45-07:00</time>
      </trkpt>
      <trkpt lat="40.93315766192973" lon="-121.5486263204366">
        <time>2005-07-25T06:18:53-07:00</time>
      </trkpt>
      <trkpt lat="40.93323544599116" lon="-121.54865314252675">
        <time>2005-07-25T06:18:59-07:00</time>
      </trkpt>
      <trkpt lat="40.93333971686661" lon="-121.5486884303391">
        <time>2005-07-25T06:19:09-07:00</time>
      </trkpt>
      <trkpt lat="40.933383302763104" lon="-121.54869312420487">
        <time>2005-07-25T06:19:17-07:00</time>
      </trkpt>
      <trkpt lat="40.93343342654407" lon="-121.54865808784962">
        <time>2005-07-25T06:19:26-07:00</time>
      </trkpt>
      <trkpt lat="40.93352026306093" lon="-121.54867711476982">
        <time>2005-07-25T06:19:30-07:00</time>
      </trkpt>
      <trkpt lat="40.93362059444189" lon="-121.54879211448133">
        <time>2005-07-25T06:19:35-07:00</time>
      </trkpt>
      <trkpt lat="40.93364632688463" lon="-121.54882195405662">
        <time>2005-07-25T06:19:43-07:00</time>
      </trkpt>
      <trkpt lat="40.933756632730365" lon="-121.5488885063678">
        <time>2005-07-25T06:19:53-07:00</time>
      </trkpt>
      <trkpt lat="40.933869956061244" lon="-121.5489096287638">
        <time>2005-07-25T06:19:56-07:00</time>
      </trkpt>
      <trkpt lat="40.93398151919246" lon="-121.54893619939685">
        <time>2005-07-25T06:20:06-07:00</time>
      </trkpt>
      <trkpt lat="40.93409995548427" lon="-121.54893133789301">
        <time>2005-07-25T06:20:15-07:00</time>
      </trkpt>
      <trkpt lat="40.934219397604465" lon="-121.54886168427765">
        <time>2005-07-25T06:20:23-07:00</time>
      </trkpt>
      <trkpt lat="40.93432475812733" lon="-121.54877266846597">
        <time>2005-07-25T06:20:32-07:00</time>
      </trkpt>
      <trkpt lat="40.934406565502286" lon="-121.54881013557315">
        <time>2005-07-25T06:20:43-07:00</time>
      </trkpt>
      <trkpt lat="40.934510082006454" lon="-121.54879303649068">
        <time>2005-07-25T06:20:53-07:00</time>
      </trkpt>
      <trkpt lat="40.93455769121647" lon="-121.54866420663893">
        <time>2005-07-25T06:21:00-07:00</time>
      </trkpt>
      <trkpt lat="40.93457688577473" lon="-121.54861307702959">
        <time>2005-07-25T06:21:08-07:00</time>
      </trkpt>
      <trkpt lat="40.93459532596171" lon="-121.54859480448067">
        <time>2005-07-25T06:21:17-07:00</time>
      </trkpt>
      <trkpt lat="40.93460865318775" lon="-121.54859656468034">
        <time>2005-07-25T06:21:21-07:00</time>
      </trkpt>
      <trkpt lat="40.93463052995503" lon="-121.54856538400054">
        <time>2005-07-25T06:21:25-07:00</time>
      </trkpt>
      <trkpt lat="40.93468878418207" lon="-121.54853194020689">
        <time>2005-07-25T06:21:26-07:00</time>
      </trkpt>
      <trkpt lat="40.93479523435235" lon="-121.54847578145564">
        <time>2005-07-25T06:21:29-07:00</time>
      </trkpt>
      <trkpt lat="40.93487972393632" lon="-121.548410654068">
        <time>2005-07-25T06:21:36-07:00</time>
      </trkpt>
      <trkpt lat="40.93498055823147" lon="-121.54839028604329">
        <time>2005-07-25T06:21:46-07:00</time>
      </trkpt>
      <trkpt lat="40.93508189544082" lon="-121.54831887222826">
        <time>2005-07-25T06:21:54-07:00</time>
      </trkpt>
      <trkpt lat="40.93513671308756" lon="-121.54828450642526">
        <time>2005-07-25T06:22:02-07:00</time>
      </trkpt>
      <trkpt lat="40.93521298840642" lon="-121.5481786429882">
        <time>2005-07-25T06:22:11-07:00</time>
      </trkpt>
      <trkpt lat="40.93525322154164" lon="-121.54806448146701">
        <time>2005-07-25T06:22:16-07:00</time>
      </trkpt>
      <trkpt lat="40.93532295897603" lon="-121.54794478788972">
        <time>2005-07-25T06:22:24-07:00</time>
      </trkpt>
      <trkpt lat="40.935373082756996" lon="-121.54789835214615">
        <time>2005-07-25T06:22:31-07:00</time>
      </trkpt>
      <trkpt lat="40.93541138805449" lon="-121.54787404462695">
        <time>2005-07-25T06:22:40-07:00</time>
      </trkpt>
      <trkpt lat="40.93550484627485" lon="-121.54781369492412">
        <time>2005-07-25T06:22:45-07:00</time>
      </trkpt>
      <trkpt lat="40.935595287010074" lon="-121.54777622781694">
        <time>2005-07-25T06:22:48-07:00</time>
      </trkpt>
      <trkpt lat="40.93569243326783" lon="-121.54777815565467">
        <time>2005-07-25T06:22:56-07:00</time>
      </trkpt>
      <trkpt lat="40.93578094616532" lon="-121.54772342182696">
        <time>2005-07-25T06:23:03-07:00</time>
      </trkpt>
      <trkpt lat="40.935879768803716" lon="-121.54768461361527">
        <time>2005-07-25T06:23:12-07:00</time>
      </trkpt>
      <trkpt lat="40.935992673039436" lon="-121.54764463193715">
        <time>2005-07-25T06:23:19-07:00</time>
      </trkpt>
      <trkpt lat="40.93601337634027" lon="-121.54763775877655">
        <time>2005-07-25T06:23:27-07:00</time>
      </trkpt>
      <trkpt lat="40.936122089624405" lon="-121.54763801023364">
        <time>2005-07-25T06:23:35-07:00</time>
      </trkpt>
      <trkpt lat="40.93623373657465" lon="-121.54761211015284">
        <time>2005-07-25T06:23:37-07:00</time>
      </trkpt>
      <trkpt lat="40.936347814276814" lon="-121.54756852425635">
        <time>2005-07-25T06:23:46-07:00</time>
      </trkpt>
      <trkpt lat="40.93646197579801" lon="-121.54752334579825">
        <time>2005-07-25T06:23:55-07:00</time>
      </trkpt>
      <trkpt lat="40.936591727659106" lon="-121.54746945016086">
        <time>2005-07-25T06:24:05-07:00</time>
      </trkpt>
      <trkpt lat="40.93667630106211" lon="-121.54743265360594">
        <time>2005-07-25T06:24:13-07:00</time>
      </trkpt>
      <trkpt lat="40.936693819239736" lon="-121.54741555452347">
        <time>2005-07-25T06:24:23-07:00</time>
      </trkpt>
      <trkpt lat="40.9368200507015" lon="-121.5473670233041">
        <time>2005-07-25T06:24:29-07:00</time>
      </trkpt>
      <trkpt lat="40.93697444535792" lon="-121.54734573327005">
        <time>2005-07-25T06:24:31-07:00</time>
      </trkpt>
      <trkpt lat="40.93707184307277" lon="-121.54729577712715">
        <time>2005-07-25T06:24:42-07:00</time>
      </trkpt>
      <trkpt lat="40.93709724023938" lon="-121.54728161171079">
        <time>2005-07-25T06:24:53-07:00</time>
      </trkpt>
      <trkpt lat="40.937202014029026" lon="-121.54720491729677">
        <time>2005-07-25T06:25:02-07:00</time>
      </trkpt>
      <trkpt lat="40.93730879947543" lon="-121.54716443270445">
        <time>2005-07-25T06:25:04-07:00</time>
      </trkpt>
      <trkpt lat="40.9374141599983" lon="-121.54717373661697">
        <time>2005-07-25T06:25:14-07:00</time>
      </trkpt>
      <trkpt lat="40.9375299140811" lon="-121.54718161560595">
        <time>2005-07-25T06:25:23-07:00</time>
      </trkpt>
      <trkpt lat="40.937614236027" lon="-121.54714188538492">
        <time>2005-07-25T06:25:32-07:00</time>
      </trkpt>
      <trkpt lat="40.937659833580256" lon="-121.54712352901697">
        <time>2005-07-25T06:25:42-07:00</time>
      </trkpt>
      <trkpt lat="40.93766578473151" lon="-121.54712218791246">
        <time>2005-07-25T06:25:51-07:00</time>
      </trkpt>
      <trkpt lat="40.93771071173251" lon="-121.54709846712649">
        <time>2005-07-25T06:26:28-07:00</time>
      </trkpt>
      <trkpt lat="40.937795117497444" lon="-121.54707189649343">
        <time>2005-07-25T06:26:29-07:00</time>
      </trkpt>
      <trkpt lat="40.937810372561216" lon="-121.54706854373217">
        <time>2005-07-25T06:26:33-07:00</time>
      </trkpt>
      <trkpt lat="40.93788187019527" lon="-121.5470392908901">
        <time>2005-07-25T06:26:40-07:00</time>
      </trkpt>
      <trkpt lat="40.93791078776121" lon="-121.54701808467507">
        <time>2005-07-25T06:26:41-07:00</time>
      </trkpt>
      <trkpt lat="40.93799804337323" lon="-121.54699377715588">
        <time>2005-07-25T06:26:46-07:00</time>
      </trkpt>
      <trkpt lat="40.938027799129486" lon="-121.54698757454753">
        <time>2005-07-25T06:26:49-07:00</time>
      </trkpt>
      <trkpt lat="40.93806845135987" lon="-121.5469824615866">
        <time>2005-07-25T06:26:55-07:00</time>
      </trkpt>
      <trkpt lat="40.9381652623415" lon="-121.54696033336222">
        <time>2005-07-25T06:26:57-07:00</time>
      </trkpt>
      <trkpt lat="40.938191916793585" lon="-121.54695203527808">
        <time>2005-07-25T06:27:00-07:00</time>
      </trkpt>
      <trkpt lat="40.93825134448707" lon="-121.54693812131882">
        <time>2005-07-25T06:27:08-07:00</time>
      </trkpt>
      <trkpt lat="40.93830071389675" lon="-121.5469185076654">
        <time>2005-07-25T06:27:11-07:00</time>
      </trkpt>
      <trkpt lat="40.93833616934717" lon="-121.54690375551581">
        <time>2005-07-25T06:27:16-07:00</time>
      </trkpt>
      <trkpt lat="40.93837732449174" lon="-121.54688498005271">
        <time>2005-07-25T06:27:20-07:00</time>
      </trkpt>
      <trkpt lat="40.93846131116152" lon="-121.54684935696423">
        <time>2005-07-25T06:27:23-07:00</time>
      </trkpt>
      <trkpt lat="40.93848670832813" lon="-121.54683971777558">
        <time>2005-07-25T06:27:26-07:00</time>
      </trkpt>
      <trkpt lat="40.9386314637959" lon="-121.54681130312383">
        <time>2005-07-25T06:27:32-07:00</time>
      </trkpt>
      <trkpt lat="40.938754845410585" lon="-121.54674827121198">
        <time>2005-07-25T06:27:34-07:00</time>
      </trkpt>
      <trkpt lat="40.93887051567435" lon="-121.54669269919395">
        <time>2005-07-25T06:27:45-07:00</time>
      </trkpt>
      <trkpt lat="40.938970260322094" lon="-121.54666579328477">
        <time>2005-07-25T06:27:55-07:00</time>
      </trkpt>
      <trkpt lat="40.939061706885695" lon="-121.5466732531786">
        <time>2005-07-25T06:28:04-07:00</time>
      </trkpt>
      <trkpt lat="40.93914753757417" lon="-121.54669035226107">
        <time>2005-07-25T06:28:12-07:00</time>
      </trkpt>
      <trkpt lat="40.939256669953465" lon="-121.54668959788978">
        <time>2005-07-25T06:28:19-07:00</time>
      </trkpt>
      <trkpt lat="40.939322635531425" lon="-121.54670015908778">
        <time>2005-07-25T06:28:26-07:00</time>
      </trkpt>
      <trkpt lat="40.93934861943126" lon="-121.54670275747776">
        <time>2005-07-25T06:28:35-07:00</time>
      </trkpt>
      <trkpt lat="40.9394499566406" lon="-121.54669747687876">
        <time>2005-07-25T06:28:40-07:00</time>
      </trkpt>
      <trkpt lat="40.93955213204026" lon="-121.54670569114387">
        <time>2005-07-25T06:28:42-07:00</time>
      </trkpt>
      <trkpt lat="40.93966294080019" lon="-121.5466938726604">
        <time>2005-07-25T06:28:50-07:00</time>
      </trkpt>
      <trkpt lat="40.93976645730436" lon="-121.54669764451683">
        <time>2005-07-25T06:28:58-07:00</time>
      </trkpt>
      <trkpt lat="40.93985631130636" lon="-121.54673477634788">
        <time>2005-07-25T06:29:06-07:00</time>
      </trkpt>
      <trkpt lat="40.93996234238148" lon="-121.54676637612283">
        <time>2005-07-25T06:29:15-07:00</time>
      </trkpt>
      <trkpt lat="40.940005257725716" lon="-121.54677702113986">
        <time>2005-07-25T06:29:22-07:00</time>
      </trkpt>
      <trkpt lat="40.94004943035543" lon="-121.54679613187909">
        <time>2005-07-25T06:29:29-07:00</time>
      </trkpt>
      <trkpt lat="40.940124448388815" lon="-121.54679655097425">
        <time>2005-07-25T06:29:33-07:00</time>
      </trkpt>
      <trkpt lat="40.940169878304005" lon="-121.54679043218493">
        <time>2005-07-25T06:29:37-07:00</time>
      </trkpt>
      <trkpt lat="40.9402169007808" lon="-121.54680049046874">
        <time>2005-07-25T06:29:42-07:00</time>
      </trkpt>
      <trkpt lat="40.940289655700326" lon="-121.54683418571949">
        <time>2005-07-25T06:29:45-07:00</time>
      </trkpt>
      <trkpt lat="40.9403982013464" lon="-121.54688187874854">
        <time>2005-07-25T06:29:49-07:00</time>
      </trkpt>
      <trkpt lat="40.94048185274005" lon="-121.54689772054553">
        <time>2005-07-25T06:29:55-07:00</time>
      </trkpt>
      <trkpt lat="40.9405567869544" lon="-121.54692043550313">
        <time>2005-07-25T06:30:04-07:00</time>
      </trkpt>
      <trkpt lat="40.94058117829263" lon="-121.54693460091949">
        <time>2005-07-25T06:30:10-07:00</time>
      </trkpt>
      <trkpt lat="40.94067161902785" lon="-121.54697516933084">
        <time>2005-07-25T06:30:16-07:00</time>
      </trkpt>
      <trkpt lat="40.94068259932101" lon="-121.54698145575821">
        <time>2005-07-25T06:30:18-07:00</time>
      </trkpt>
      <trkpt lat="40.94079952687025" lon="-121.54697994701564">
        <time>2005-07-25T06:30:26-07:00</time>
      </trkpt>
      <trkpt lat="40.94090010970831" lon="-121.54697843827307">
        <time>2005-07-25T06:30:27-07:00</time>
      </trkpt>
      <trkpt lat="40.94101217575371" lon="-121.54694985598326">
        <time>2005-07-25T06:30:35-07:00</time>
      </trkpt>
      <trkpt lat="40.94111426733434" lon="-121.54693552292883">
        <time>2005-07-25T06:30:42-07:00</time>
      </trkpt>
      <trkpt lat="40.94120319932699" lon="-121.54694717377424">
        <time>2005-07-25T06:30:51-07:00</time>
      </trkpt>
      <trkpt lat="40.94121535308659" lon="-121.54695505276322">
        <time>2005-07-25T06:30:59-07:00</time>
      </trkpt>
      <trkpt lat="40.941275116056204" lon="-121.54699813574553">
        <time>2005-07-25T06:31:06-07:00</time>
      </trkpt>
      <trkpt lat="40.941369999200106" lon="-121.5469996444881">
        <time>2005-07-25T06:31:07-07:00</time>
      </trkpt>
      <trkpt lat="40.94146898947656" lon="-121.54695681296289">
        <time>2005-07-25T06:31:13-07:00</time>
      </trkpt>
      <trkpt lat="40.941586419939995" lon="-121.54689696617424">
        <time>2005-07-25T06:31:20-07:00</time>
      </trkpt>
      <trkpt lat="40.941666634753346" lon="-121.54687425121665">
        <time>2005-07-25T06:31:27-07:00</time>
      </trkpt>
      <trkpt lat="40.941758919507265" lon="-121.54683904722333">
        <time>2005-07-25T06:31:36-07:00</time>
      </trkpt>
      <trkpt lat="40.941869309172034" lon="-121.54678774997592">
        <time>2005-07-25T06:31:42-07:00</time>
      </trkpt>
      <trkpt lat="40.94189990311861" lon="-121.54676344245672">
        <time>2005-07-25T06:31:49-07:00</time>
      </trkpt>
      <trkpt lat="40.94196394085884" lon="-121.5467144921422">
        <time>2005-07-25T06:31:58-07:00</time>
      </trkpt>
      <trkpt lat="40.94204306602478" lon="-121.54665003530681">
        <time>2005-07-25T06:32:04-07:00</time>
      </trkpt>
      <trkpt lat="40.94213283620775" lon="-121.54656579717994">
        <time>2005-07-25T06:32:10-07:00</time>
      </trkpt>
      <trkpt lat="40.94220123253763" lon="-121.54652237892151">
        <time>2005-07-25T06:32:17-07:00</time>
      </trkpt>
      <trkpt lat="40.94221028499305" lon="-121.54651927761734">
        <time>2005-07-25T06:32:25-07:00</time>
      </trkpt>
      <trkpt lat="40.942291002720594" lon="-121.54646487906575">
        <time>2005-07-25T06:32:31-07:00</time>
      </trkpt>
      <trkpt lat="40.94238856807351" lon="-121.54647854156792">
        <time>2005-07-25T06:32:32-07:00</time>
      </trkpt>
      <trkpt lat="40.942464508116245" lon="-121.54650871641934">
        <time>2005-07-25T06:32:39-07:00</time>
      </trkpt>
      <trkpt lat="40.942593505606055" lon="-121.54653193429112">
        <time>2005-07-25T06:32:47-07:00</time>
      </trkpt>
      <trkpt lat="40.94269819557667" lon="-121.54656990431249">
        <time>2005-07-25T06:32:54-07:00</time>
      </trkpt>
      <trkpt lat="40.942708337679505" lon="-121.54657870531082">
        <time>2005-07-25T06:33:04-07:00</time>
      </trkpt>
      <trkpt lat="40.94284060411155" lon="-121.54663687571883">
        <time>2005-07-25T06:33:13-07:00</time>
      </trkpt>
      <trkpt lat="40.94295141287148" lon="-121.54661525040865">
        <time>2005-07-25T06:33:14-07:00</time>
      </trkpt>
      <trkpt lat="40.94307982362807" lon="-121.54659982770681">
        <time>2005-07-25T06:33:25-07:00</time>
      </trkpt>
      <trkpt lat="40.9431922249496" lon="-121.54657250270247">
        <time>2005-07-25T06:33:33-07:00</time>
      </trkpt>
      <trkpt lat="40.94330965541303" lon="-121.54655481688678">
        <time>2005-07-25T06:33:42-07:00</time>
      </trkpt>
      <trkpt lat="40.943418368697166" lon="-121.54654341749847">
        <time>2005-07-25T06:33:51-07:00</time>
      </trkpt>
      <trkpt lat="40.9435307700187" lon="-121.54650947079062">
        <time>2005-07-25T06:34:00-07:00</time>
      </trkpt>
      <trkpt lat="40.94362607225776" lon="-121.54647384770215">
        <time>2005-07-25T06:34:08-07:00</time>
      </trkpt>
      <trkpt lat="40.94370385631919" lon="-121.54644157737494">
        <time>2005-07-25T06:34:17-07:00</time>
      </trkpt>
      <trkpt lat="40.9437860827893" lon="-121.5464137494564">
        <time>2005-07-25T06:34:24-07:00</time>
      </trkpt>
      <trkpt lat="40.94387677498162" lon="-121.54636370949447">
        <time>2005-07-25T06:34:30-07:00</time>
      </trkpt>
      <trkpt lat="40.943888425827026" lon="-121.54635641723871">
        <time>2005-07-25T06:34:37-07:00</time>
      </trkpt>
      <trkpt lat="40.943976854905486" lon="-121.54629020020366">
        <time>2005-07-25T06:34:44-07:00</time>
      </trkpt>
      <trkpt lat="40.944085735827684" lon="-121.54623714275658">
        <time>2005-07-25T06:34:45-07:00</time>
      </trkpt>
      <trkpt lat="40.94420819543302" lon="-121.54621903784573">
        <time>2005-07-25T06:34:53-07:00</time>
      </trkpt>
      <trkpt lat="40.944288996979594" lon="-121.54619297012687">
        <time>2005-07-25T06:35:02-07:00</time>
      </trkpt>
      <trkpt lat="40.944314477965236" lon="-121.54618693515658">
        <time>2005-07-25T06:35:11-07:00</time>
      </trkpt>
      <trkpt lat="40.94435144215822" lon="-121.54618509113789">
        <time>2005-07-25T06:35:17-07:00</time>
      </trkpt>
      <trkpt lat="40.94439444132149" lon="-121.54618609696627">
        <time>2005-07-25T06:35:19-07:00</time>
      </trkpt>
      <trkpt lat="40.94440542161465" lon="-121.54618190601468">
        <time>2005-07-25T06:35:22-07:00</time>
      </trkpt>
      <trkpt lat="40.944418078288436" lon="-121.54617729596794">
        <time>2005-07-25T06:35:26-07:00</time>
      </trkpt>
      <trkpt lat="40.94448865391314" lon="-121.5461581852287">
        <time>2005-07-25T06:35:27-07:00</time>
      </trkpt>
      <trkpt lat="40.94449887983501" lon="-121.54615784995258">
        <time>2005-07-25T06:35:28-07:00</time>
      </trkpt>
      <trkpt lat="40.94456057064235" lon="-121.54615248553455">
        <time>2005-07-25T06:35:34-07:00</time>
      </trkpt>
      <trkpt lat="40.94460088759661" lon="-121.546148378402">
        <time>2005-07-25T06:35:35-07:00</time>
      </trkpt>
      <trkpt lat="40.944624776020646" lon="-121.54614611528814">
        <time>2005-07-25T06:35:40-07:00</time>
      </trkpt>
      <trkpt lat="40.944675486534834" lon="-121.54617796652019">
        <time>2005-07-25T06:35:43-07:00</time>
      </trkpt>
      <trkpt lat="40.944728376343846" lon="-121.54623563401401">
        <time>2005-07-25T06:35:45-07:00</time>
      </trkpt>
      <trkpt lat="40.94475947320461" lon="-121.54625918716192">
        <time>2005-07-25T06:35:50-07:00</time>
      </trkpt>
      <trkpt lat="40.94483667053282" lon="-121.54630478471518">
        <time>2005-07-25T06:35:55-07:00</time>
      </trkpt>
      <trkpt lat="40.94490020535886" lon="-121.54633521102369">
        <time>2005-07-25T06:35:58-07:00</time>
      </trkpt>
      <trkpt lat="40.94492116011679" lon="-121.54634946025908">
        <time>2005-07-25T06:36:05-07:00</time>
      </trkpt>
      <trkpt lat="40.94498737715185" lon="-121.54639966785908">
        <time>2005-07-25T06:36:10-07:00</time>
      </trkpt>
      <trkpt lat="40.945021491497755" lon="-121.54641886241734">
        <time>2005-07-25T06:36:12-07:00</time>
      </trkpt>
      <trkpt lat="40.94506147317588" lon="-121.54645088128746">
        <time>2005-07-25T06:36:18-07:00</time>
      </trkpt>
      <trkpt lat="40.945092318579555" lon="-121.54647326096892">
        <time>2005-07-25T06:36:21-07:00</time>
      </trkpt>
      <trkpt lat="40.94511712901294" lon="-121.54650192707777">
        <time>2005-07-25T06:36:25-07:00</time>
      </trkpt>
      <trkpt lat="40.94511101022363" lon="-121.54651466757059">
        <time>2005-07-25T06:36:29-07:00</time>
      </trkpt>
      <trkpt lat="40.94509265385568" lon="-121.54652170836926">
        <time>2005-07-25T06:36:32-07:00</time>
      </trkpt>
      <trkpt lat="40.94508376903832" lon="-121.54652296565473">
        <time>2005-07-25T06:36:33-07:00</time>
      </trkpt>
      <trkpt lat="40.945022497326136" lon="-121.54654635116458">
        <time>2005-07-25T06:36:35-07:00</time>
      </trkpt>
      <trkpt lat="40.94500841572881" lon="-121.54655188322067">
        <time>2005-07-25T06:36:36-07:00</time>
      </trkpt>
      <trkpt lat="40.94493557699025" lon="-121.5466024260968">
        <time>2005-07-25T06:36:41-07:00</time>
      </trkpt>
      <trkpt lat="40.944910012185574" lon="-121.54662447050214">
        <time>2005-07-25T06:36:42-07:00</time>
      </trkpt>
      <trkpt lat="40.94486592337489" lon="-121.5466647874564">
        <time>2005-07-25T06:36:49-07:00</time>
      </trkpt>
      <trkpt lat="40.94483365304768" lon="-121.54669093899429">
        <time>2005-07-25T06:36:52-07:00</time>
      </trkpt>
      <trkpt lat="40.94479501247406" lon="-121.54671717435122">
        <time>2005-07-25T06:36:57-07:00</time>
      </trkpt>
      <trkpt lat="40.94475503079593" lon="-121.54676545411348">
        <time>2005-07-25T06:37:00-07:00</time>
      </trkpt>
      <trkpt lat="40.94472108408809" lon="-121.54678406193852">
        <time>2005-07-25T06:37:04-07:00</time>
      </trkpt>
      <trkpt lat="40.94466073438525" lon="-121.54682161286473">
        <time>2005-07-25T06:37:08-07:00</time>
      </trkpt>
      <trkpt lat="40.94463751651347" lon="-121.54683778993785">
        <time>2005-07-25T06:37:11-07:00</time>
      </trkpt>
      <trkpt lat="40.94453861005604" lon="-121.54686436057091">
        <time>2005-07-25T06:37:17-07:00</time>
      </trkpt>
      <trkpt lat="40.94444850459695" lon="-121.54694792814553">
        <time>2005-07-25T06:37:19-07:00</time>
      </trkpt>
      <trkpt lat="40.94442545436323" lon="-121.54698170721531">
        <time>2005-07-25T06:37:27-07:00</time>
      </trkpt>
      <trkpt lat="40.94436694867909" lon="-121.54704691842198">
        <time>2005-07-25T06:37:36-07:00</time>
      </trkpt>
      <trkpt lat="40.94431942328811" lon="-121.54711984097958">
        <time>2005-07-25T06:37:39-07:00</time>
      </trkpt>
      <trkpt lat="40.94429913908243" lon="-121.54716216959059">
        <time>2005-07-25T06:37:44-07:00</time>
      </trkpt>
      <trkpt lat="40.94425865449011" lon="-121.54722469858825">
        <time>2005-07-25T06:37:49-07:00</time>
      </trkpt>
      <trkpt lat="40.94423267059028" lon="-121.54726074077189">
        <time>2005-07-25T06:37:52-07:00</time>
      </trkpt>
      <trkpt lat="40.94418372027576" lon="-121.54735478572547">
        <time>2005-07-25T06:37:57-07:00</time>
      </trkpt>
      <trkpt lat="40.94417969696224" lon="-121.54736945405602">
        <time>2005-07-25T06:38:00-07:00</time>
      </trkpt>
      <trkpt lat="40.94417005777359" lon="-121.54746676795185">
        <time>2005-07-25T06:38:06-07:00</time>
      </trkpt>
      <trkpt lat="40.94417290762067" lon="-121.54748160392046">
        <time>2005-07-25T06:38:07-07:00</time>
      </trkpt>
      <trkpt lat="40.944211380556226" lon="-121.54758864082396">
        <time>2005-07-25T06:38:13-07:00</time>
      </trkpt>
      <trkpt lat="40.944240633398294" lon="-121.54771990142763">
        <time>2005-07-25T06:38:14-07:00</time>
      </trkpt>
      <trkpt lat="40.9442646894604" lon="-121.54779659584165">
        <time>2005-07-25T06:38:22-07:00</time>
      </trkpt>
      <trkpt lat="40.94427944160998" lon="-121.54784261249006">
        <time>2005-07-25T06:38:30-07:00</time>
      </trkpt>
      <trkpt lat="40.94433769583702" lon="-121.54794881120324">
        <time>2005-07-25T06:38:35-07:00</time>
      </trkpt>
      <trkpt lat="40.944359404966235" lon="-121.54796205461025">
        <time>2005-07-25T06:38:38-07:00</time>
      </trkpt>
      <trkpt lat="40.94442713074386" lon="-121.5479978453368">
        <time>2005-07-25T06:38:46-07:00</time>
      </trkpt>
      <trkpt lat="40.9444647654891" lon="-121.54802366159856">
        <time>2005-07-25T06:38:48-07:00</time>
      </trkpt>
      <trkpt lat="40.944502986967564" lon="-121.54805668629706">
        <time>2005-07-25T06:38:54-07:00</time>
      </trkpt>
      <trkpt lat="40.944584626704454" lon="-121.54812851920724">
        <time>2005-07-25T06:38:58-07:00</time>
      </trkpt>
      <trkpt lat="40.944593427702785" lon="-121.54813790693879">
        <time>2005-07-25T06:39:02-07:00</time>
      </trkpt>
      <trkpt lat="40.944679006934166" lon="-121.5482357237488">
        <time>2005-07-25T06:39:10-07:00</time>
      </trkpt>
      <trkpt lat="40.944691160693765" lon="-121.54824536293745">
        <time>2005-07-25T06:39:11-07:00</time>
      </trkpt>
      <trkpt lat="40.94476165249944" lon="-121.54834334738553">
        <time>2005-07-25T06:39:20-07:00</time>
      </trkpt>
      <trkpt lat="40.94479735940695" lon="-121.54837821610272">
        <time>2005-07-25T06:39:21-07:00</time>
      </trkpt>
      <trkpt lat="40.944853434339166" lon="-121.54842264018953">
        <time>2005-07-25T06:39:30-07:00</time>
      </trkpt>
      <trkpt lat="40.9449050668627" lon="-121.54847762547433">
        <time>2005-07-25T06:39:34-07:00</time>
      </trkpt>
      <trkpt lat="40.94493390060961" lon="-121.54851433821023">
        <time>2005-07-25T06:39:39-07:00</time>
      </trkpt>
      <trkpt lat="40.94503154978156" lon="-121.54858558438718">
        <time>2005-07-25T06:39:44-07:00</time>
      </trkpt>
      <trkpt lat="40.94511494971812" lon="-121.54860444366932">
        <time>2005-07-25T06:39:47-07:00</time>
      </trkpt>
      <trkpt lat="40.94513791613281" lon="-121.5486107300967">
        <time>2005-07-25T06:39:55-07:00</time>
      </trkpt>
      <trkpt lat="40.945216873660684" lon="-121.54863302595913">
        <time>2005-07-25T06:40:02-07:00</time>
      </trkpt>
      <trkpt lat="40.945237493142486" lon="-121.54864216223359">
        <time>2005-07-25T06:40:04-07:00</time>
      </trkpt>
      <trkpt lat="40.945312846452" lon="-121.54865649528801">
        <time>2005-07-25T06:40:11-07:00</time>
      </trkpt>
      <trkpt lat="40.94532231800258" lon="-121.54865616001189">
        <time>2005-07-25T06:40:13-07:00</time>
      </trkpt>
      <trkpt lat="40.94543899409473" lon="-121.54867594130337">
        <time>2005-07-25T06:40:20-07:00</time>
      </trkpt>
      <trkpt lat="40.945531195029616" lon="-121.54866378754377">
        <time>2005-07-25T06:40:21-07:00</time>
      </trkpt>
      <trkpt lat="40.945708053186536" lon="-121.54864802956581">
        <time>2005-07-25T06:40:30-07:00</time>
      </trkpt>
      <trkpt lat="40.94580612145364" lon="-121.54870762489736">
        <time>2005-07-25T06:40:37-07:00</time>
      </trkpt>
      <trkpt lat="40.945876529440284" lon="-121.54875171370804">
        <time>2005-07-25T06:40:50-07:00</time>
      </trkpt>
      <trkpt lat="40.9459103923291" lon="-121.5487782843411">
        <time>2005-07-25T06:40:59-07:00</time>
      </trkpt>
      <trkpt lat="40.946006532758474" lon="-121.54881684109569">
        <time>2005-07-25T06:41:05-07:00</time>
      </trkpt>
      <trkpt lat="40.946019692346454" lon="-121.54882078059018">
        <time>2005-07-25T06:41:08-07:00</time>
      </trkpt>
      <trkpt lat="40.94611625187099" lon="-121.54878406785429">
        <time>2005-07-25T06:41:16-07:00</time>
      </trkpt>
      <trkpt lat="40.94613938592374" lon="-121.54876948334277">
        <time>2005-07-25T06:41:17-07:00</time>
      </trkpt>
      <trkpt lat="40.94620484858751" lon="-121.54876478947699">
        <time>2005-07-25T06:41:25-07:00</time>
      </trkpt>
      <trkpt lat="40.94623896293342" lon="-121.54876135289669">
        <time>2005-07-25T06:41:27-07:00</time>
      </trkpt>
      <trkpt lat="40.946270395070314" lon="-121.54873101040721">
        <time>2005-07-25T06:41:33-07:00</time>
      </trkpt>
      <trkpt lat="40.946347173303366" lon="-121.54870863072574">
        <time>2005-07-25T06:41:36-07:00</time>
      </trkpt>
      <trkpt lat="40.946374498307705" lon="-121.54871449805796">
        <time>2005-07-25T06:41:40-07:00</time>
      </trkpt>
      <trkpt lat="40.94644415192306" lon="-121.54874333180487">
        <time>2005-07-25T06:41:46-07:00</time>
      </trkpt>
      <trkpt lat="40.94646384939551" lon="-121.54875515028834">
        <time>2005-07-25T06:41:48-07:00</time>
      </trkpt>
      <trkpt lat="40.94655839726329" lon="-121.54881717637181">
        <time>2005-07-25T06:41:54-07:00</time>
      </trkpt>
      <trkpt lat="40.94663240946829" lon="-121.54889940284193">
        <time>2005-07-25T06:41:56-07:00</time>
      </trkpt>
      <trkpt lat="40.94669141806662" lon="-121.54899512417614">
        <time>2005-07-25T06:42:05-07:00</time>
      </trkpt>
      <trkpt lat="40.946700470522046" lon="-121.54902613721788">
        <time>2005-07-25T06:42:12-07:00</time>
      </trkpt>
      <trkpt lat="40.946746822446585" lon="-121.54916301369667">
        <time>2005-07-25T06:42:19-07:00</time>
      </trkpt>
      <trkpt lat="40.946801556274295" lon="-121.5492706373334">
        <time>2005-07-25T06:42:21-07:00</time>
      </trkpt>
      <trkpt lat="40.94685327261686" lon="-121.54941983520985">
        <time>2005-07-25T06:42:30-07:00</time>
      </trkpt>
      <trkpt lat="40.946865091100335" lon="-121.54956433922052">
        <time>2005-07-25T06:42:37-07:00</time>
      </trkpt>
      <trkpt lat="40.94689124263823" lon="-121.5496261138469">
        <time>2005-07-25T06:42:47-07:00</time>
      </trkpt>
      <trkpt lat="40.94690943136811" lon="-121.54965477995574">
        <time>2005-07-25T06:42:55-07:00</time>
      </trkpt>
      <trkpt lat="40.94692845828831" lon="-121.54968026094139">
        <time>2005-07-25T06:42:59-07:00</time>
      </trkpt>
      <trkpt lat="40.9469392709434" lon="-121.54969249852002">
        <time>2005-07-25T06:43:01-07:00</time>
      </trkpt>
      <trkpt lat="40.946961902081966" lon="-121.5497090946883">
        <time>2005-07-25T06:43:03-07:00</time>
      </trkpt>
      <trkpt lat="40.947067346423864" lon="-121.54973415657878">
        <time>2005-07-25T06:43:04-07:00</time>
      </trkpt>
      <trkpt lat="40.94715409912169" lon="-121.54968906193972">
        <time>2005-07-25T06:43:06-07:00</time>
      </trkpt>
      <trkpt lat="40.94722693786025" lon="-121.54965955764055">
        <time>2005-07-25T06:43:13-07:00</time>
      </trkpt>
      <trkpt lat="40.94723431393504" lon="-121.54965075664222">
        <time>2005-07-25T06:43:20-07:00</time>
      </trkpt>
      <trkpt lat="40.94731880351901" lon="-121.54958185739815">
        <time>2005-07-25T06:43:27-07:00</time>
      </trkpt>
      <trkpt lat="40.94735350459814" lon="-121.54956249520183">
        <time>2005-07-25T06:43:28-07:00</time>
      </trkpt>
      <trkpt lat="40.947389379143715" lon="-121.54955654405057">
        <time>2005-07-25T06:43:35-07:00</time>
      </trkpt>
      <trkpt lat="40.947404969483614" lon="-121.54955218546093">
        <time>2005-07-25T06:43:39-07:00</time>
      </trkpt>
      <trkpt lat="40.94746347516775" lon="-121.54952360317111">
        <time>2005-07-25T06:43:42-07:00</time>
      </trkpt>
      <trkpt lat="40.94747403636575" lon="-121.54951731674373">
        <time>2005-07-25T06:43:43-07:00</time>
      </trkpt>
      <trkpt lat="40.947558023035526" lon="-121.54949963092804">
        <time>2005-07-25T06:43:47-07:00</time>
      </trkpt>
      <trkpt lat="40.947635136544704" lon="-121.54946434311569">
        <time>2005-07-25T06:43:48-07:00</time>
      </trkpt>
      <trkpt lat="40.947669837623835" lon="-121.54944238252938">
        <time>2005-07-25T06:43:55-07:00</time>
      </trkpt>
      <trkpt lat="40.947764217853546" lon="-121.54939980246127">
        <time>2005-07-25T06:44:01-07:00</time>
      </trkpt>
      <trkpt lat="40.947875026613474" lon="-121.54938354156911">
        <time>2005-07-25T06:44:04-07:00</time>
      </trkpt>
      <trkpt lat="40.94793168827891" lon="-121.5493631735444">
        <time>2005-07-25T06:44:12-07:00</time>
      </trkpt>
      <trkpt lat="40.94803470186889" lon="-121.54933308251202">
        <time>2005-07-25T06:44:21-07:00</time>
      </trkpt>
      <trkpt lat="40.948121286928654" lon="-121.54929016716778">
        <time>2005-07-25T06:44:27-07:00</time>
      </trkpt>
      <trkpt lat="40.94818029552698" lon="-121.5492460783571">
        <time>2005-07-25T06:44:35-07:00</time>
      </trkpt>
      <trkpt lat="40.948209296911955" lon="-121.54921799898148">
        <time>2005-07-25T06:44:42-07:00</time>
      </trkpt>
      <trkpt lat="40.94832764938474" lon="-121.54912387020886">
        <time>2005-07-25T06:44:47-07:00</time>
      </trkpt>
      <trkpt lat="40.94838690944016" lon="-121.5490782726556">
        <time>2005-07-25T06:44:50-07:00</time>
      </trkpt>
      <trkpt lat="40.94841130077839" lon="-121.54907634481788">
        <time>2005-07-25T06:45:01-07:00</time>
      </trkpt>
      <trkpt lat="40.948479445651174" lon="-121.54904541559517">
        <time>2005-07-25T06:45:07-07:00</time>
      </trkpt>
      <trkpt lat="40.94848908483982" lon="-121.54903711751103">
        <time>2005-07-25T06:45:09-07:00</time>
      </trkpt>
      <trkpt lat="40.948508279398084" lon="-121.54902521520853">
        <time>2005-07-25T06:45:14-07:00</time>
      </trkpt>
      <trkpt lat="40.94856971874833" lon="-121.54901247471571">
        <time>2005-07-25T06:45:15-07:00</time>
      </trkpt>
      <trkpt lat="40.94858204014599" lon="-121.54900895431638">
        <time>2005-07-25T06:45:17-07:00</time>
      </trkpt>
      <trkpt lat="40.94863769598305" lon="-121.54899084940553">
        <time>2005-07-25T06:45:23-07:00</time>
      </trkpt>
      <trkpt lat="40.948677426204085" lon="-121.5489701461047">
        <time>2005-07-25T06:45:24-07:00</time>
      </trkpt>
      <trkpt lat="40.94875294715166" lon="-121.54894223436713">
        <time>2005-07-25T06:45:29-07:00</time>
      </trkpt>
      <trkpt lat="40.94876568764448" lon="-121.54893569648266">
        <time>2005-07-25T06:45:32-07:00</time>
      </trkpt>
      <trkpt lat="40.94881597906351" lon="-121.54892882332206">
        <time>2005-07-25T06:45:39-07:00</time>
      </trkpt>
      <trkpt lat="40.948826875537634" lon="-121.548923375085">
        <time>2005-07-25T06:45:40-07:00</time>
      </trkpt>
      <trkpt lat="40.94888445921242" lon="-121.54890166595578">
        <time>2005-07-25T06:45:45-07:00</time>
      </trkpt>
      <trkpt lat="40.94890440814197" lon="-121.54888590797782">
        <time>2005-07-25T06:45:46-07:00</time>
      </trkpt>
      <trkpt lat="40.94895503483713" lon="-121.54882974922657">
        <time>2005-07-25T06:45:51-07:00</time>
      </trkpt>
      <trkpt lat="40.949018485844135" lon="-121.54875892214477">
        <time>2005-07-25T06:45:53-07:00</time>
      </trkpt>
      <trkpt lat="40.949067352339625" lon="-121.5487227961421">
        <time>2005-07-25T06:45:59-07:00</time>
      </trkpt>
      <trkpt lat="40.94907967373729" lon="-121.54872036539018">
        <time>2005-07-25T06:46:06-07:00</time>
      </trkpt>
      <trkpt lat="40.94914237037301" lon="-121.54870276339352">
        <time>2005-07-25T06:46:11-07:00</time>
      </trkpt>
      <trkpt lat="40.94915024936199" lon="-121.54870142228901">
        <time>2005-07-25T06:46:12-07:00</time>
      </trkpt>
      <trkpt lat="40.94920649193227" lon="-121.5486556570977">
        <time>2005-07-25T06:46:17-07:00</time>
      </trkpt>
      <trkpt lat="40.94923582859337" lon="-121.54862782917917">
        <time>2005-07-25T06:46:18-07:00</time>
      </trkpt>
      <trkpt lat="40.94927815720439" lon="-121.54860192909837">
        <time>2005-07-25T06:46:24-07:00</time>
      </trkpt>
      <trkpt lat="40.94931830652058" lon="-121.54858281835914">
        <time>2005-07-25T06:46:27-07:00</time>
      </trkpt>
      <trkpt lat="40.94936415553093" lon="-121.54857175424695">
        <time>2005-07-25T06:46:32-07:00</time>
      </trkpt>
      <trkpt lat="40.94940220937133" lon="-121.54857711866498">
        <time>2005-07-25T06:46:35-07:00</time>
      </trkpt>
      <trkpt lat="40.94944663345814" lon="-121.5485676471144">
        <time>2005-07-25T06:46:39-07:00</time>
      </trkpt>
      <trkpt lat="40.9494951646775" lon="-121.54851132072508">
        <time>2005-07-25T06:46:42-07:00</time>
      </trkpt>
      <trkpt lat="40.94950480386615" lon="-121.54850352555513">
        <time>2005-07-25T06:46:46-07:00</time>
      </trkpt>
      <trkpt lat="40.94960764981806" lon="-121.54845784418285">
        <time>2005-07-25T06:46:51-07:00</time>
      </trkpt>
      <trkpt lat="40.949713848531246" lon="-121.5484466124326">
        <time>2005-07-25T06:46:52-07:00</time>
      </trkpt>
      <trkpt lat="40.94980487599969" lon="-121.54841844923794">
        <time>2005-07-25T06:47:00-07:00</time>
      </trkpt>
      <trkpt lat="40.94985173083842" lon="-121.54842875897884">
        <time>2005-07-25T06:47:09-07:00</time>
      </trkpt>
      <trkpt lat="40.94991769641638" lon="-121.54842473566532">
        <time>2005-07-25T06:47:17-07:00</time>
      </trkpt>
      <trkpt lat="40.94998190179467" lon="-121.54844518750906">
        <time>2005-07-25T06:47:21-07:00</time>
      </trkpt>
      <trkpt lat="40.95001207664609" lon="-121.54844828881323">
        <time>2005-07-25T06:47:25-07:00</time>
      </trkpt>
      <trkpt lat="40.950087094679475" lon="-121.54844166710973">
        <time>2005-07-25T06:47:30-07:00</time>
      </trkpt>
      <trkpt lat="40.95016798004508" lon="-121.54840688221157">
        <time>2005-07-25T06:47:32-07:00</time>
      </trkpt>
      <trkpt lat="40.950260516256094" lon="-121.54839715920389">
        <time>2005-07-25T06:47:39-07:00</time>
      </trkpt>
      <trkpt lat="40.95034341327846" lon="-121.54835818335414">
        <time>2005-07-25T06:47:45-07:00</time>
      </trkpt>
      <trkpt lat="40.950416419655085" lon="-121.54828316532075">
        <time>2005-07-25T06:47:52-07:00</time>
      </trkpt>
      <trkpt lat="40.95047140493989" lon="-121.54815056361258">
        <time>2005-07-25T06:47:59-07:00</time>
      </trkpt>
      <trkpt lat="40.950485402718186" lon="-121.5481236577034">
        <time>2005-07-25T06:48:06-07:00</time>
      </trkpt>
      <trkpt lat="40.95051717013121" lon="-121.54805216006935">
        <time>2005-07-25T06:48:14-07:00</time>
      </trkpt>
      <trkpt lat="40.95056360587478" lon="-121.54797253198922">
        <time>2005-07-25T06:48:16-07:00</time>
      </trkpt>
      <trkpt lat="40.950582548975945" lon="-121.54795543290675">
        <time>2005-07-25T06:48:21-07:00</time>
      </trkpt>
      <trkpt lat="40.95067433081567" lon="-121.54788142070174">
        <time>2005-07-25T06:48:26-07:00</time>
      </trkpt>
      <trkpt lat="40.950776087120175" lon="-121.54783817008138">
        <time>2005-07-25T06:48:28-07:00</time>
      </trkpt>
      <trkpt lat="40.95086175017059" lon="-121.54788175597787">
        <time>2005-07-25T06:48:36-07:00</time>
      </trkpt>
      <trkpt lat="40.950980354100466" lon="-121.54795149341226">
        <time>2005-07-25T06:48:44-07:00</time>
      </trkpt>
      <trkpt lat="40.951037267223" lon="-121.5480028744787">
        <time>2005-07-25T06:48:51-07:00</time>
      </trkpt>
      <trkpt lat="40.95104816369712" lon="-121.54800924472511">
        <time>2005-07-25T06:49:01-07:00</time>
      </trkpt>
      <trkpt lat="40.95106492750347" lon="-121.54803958721459">
        <time>2005-07-25T06:49:07-07:00</time>
      </trkpt>
      <trkpt lat="40.95109887421131" lon="-121.54807948507369">
        <time>2005-07-25T06:49:08-07:00</time>
      </trkpt>
      <trkpt lat="40.95111354254186" lon="-121.54810245148838">
        <time>2005-07-25T06:49:10-07:00</time>
      </trkpt>
      <trkpt lat="40.95111915841699" lon="-121.54811426997185">
        <time>2005-07-25T06:49:14-07:00</time>
      </trkpt>
      <trkpt lat="40.95115444622934" lon="-121.54818803071976">
        <time>2005-07-25T06:49:16-07:00</time>
      </trkpt>
      <trkpt lat="40.951211443170905" lon="-121.54823773540556">
        <time>2005-07-25T06:49:17-07:00</time>
      </trkpt>
      <trkpt lat="40.951252514496446" lon="-121.54831669293344">
        <time>2005-07-25T06:49:23-07:00</time>
      </trkpt>
      <trkpt lat="40.95125561580062" lon="-121.54832800850272">
        <time>2005-07-25T06:49:29-07:00</time>
      </trkpt>
      <trkpt lat="40.95130389556289" lon="-121.5483808144927">
        <time>2005-07-25T06:49:35-07:00</time>
      </trkpt>
      <trkpt lat="40.951384361833334" lon="-121.5484658908099">
        <time>2005-07-25T06:49:36-07:00</time>
      </trkpt>
      <trkpt lat="40.95140900462866" lon="-121.54850243590772">
        <time>2005-07-25T06:49:41-07:00</time>
      </trkpt>
      <trkpt lat="40.95144714228809" lon="-121.54854744672775">
        <time>2005-07-25T06:49:49-07:00</time>
      </trkpt>
      <trkpt lat="40.951521238312125" lon="-121.54860461130738">
        <time>2005-07-25T06:49:52-07:00</time>
      </trkpt>
      <trkpt lat="40.95155124552548" lon="-121.54862875118852">
        <time>2005-07-25T06:49:56-07:00</time>
      </trkpt>
      <trkpt lat="40.951589215546846" lon="-121.548664374277">
        <time>2005-07-25T06:50:03-07:00</time>
      </trkpt>
      <trkpt lat="40.95160505734384" lon="-121.5486902743578">
        <time>2005-07-25T06:50:06-07:00</time>
      </trkpt>
      <trkpt lat="40.95167387276888" lon="-121.54875707812607">
        <time>2005-07-25T06:50:11-07:00</time>
      </trkpt>
      <trkpt lat="40.95176783390343" lon="-121.54883318580687">
        <time>2005-07-25T06:50:13-07:00</time>
      </trkpt>
      <trkpt lat="40.951814269647" lon="-121.54886897653341">
        <time>2005-07-25T06:50:19-07:00</time>
      </trkpt>
      <trkpt lat="40.951873948797584" lon="-121.5488988161087">
        <time>2005-07-25T06:50:27-07:00</time>
      </trkpt>
      <trkpt lat="40.951980063691735" lon="-121.54897106811404">
        <time>2005-07-25T06:50:31-07:00</time>
      </trkpt>
      <trkpt lat="40.95199003815651" lon="-121.54897970147431">
        <time>2005-07-25T06:50:36-07:00</time>
      </trkpt>
      <trkpt lat="40.95209212973714" lon="-121.54903678223491">
        <time>2005-07-25T06:50:45-07:00</time>
      </trkpt>
      <trkpt lat="40.952161867171526" lon="-121.54909109696746">
        <time>2005-07-25T06:50:46-07:00</time>
      </trkpt>
      <trkpt lat="40.95218466594815" lon="-121.54910014942288">
        <time>2005-07-25T06:50:54-07:00</time>
      </trkpt>
      <trkpt lat="40.95224115997553" lon="-121.54911951161921">
        <time>2005-07-25T06:51:02-07:00</time>
      </trkpt>
      <trkpt lat="40.952265467494726" lon="-121.54912881553173">
        <time>2005-07-25T06:51:04-07:00</time>
      </trkpt>
      <trkpt lat="40.95231391489506" lon="-121.54915890656412">
        <time>2005-07-25T06:51:08-07:00</time>
      </trkpt>
      <trkpt lat="40.95237258821726" lon="-121.54919352382421">
        <time>2005-07-25T06:51:10-07:00</time>
      </trkpt>
      <trkpt lat="40.95240963622928" lon="-121.54920567758381">
        <time>2005-07-25T06:51:14-07:00</time>
      </trkpt>
      <trkpt lat="40.95246839337051" lon="-121.54921481385827">
        <time>2005-07-25T06:51:19-07:00</time>
      </trkpt>
      <trkpt lat="40.9525362867862" lon="-121.54921565204859">
        <time>2005-07-25T06:51:22-07:00</time>
      </trkpt>
      <trkpt lat="40.95259554684162" lon="-121.54923870228231">
        <time>2005-07-25T06:51:27-07:00</time>
      </trkpt>
      <trkpt lat="40.95266042277217" lon="-121.54925286769867">
        <time>2005-07-25T06:51:33-07:00</time>
      </trkpt>
      <trkpt lat="40.95276603475213" lon="-121.54930735006928">
        <time>2005-07-25T06:51:39-07:00</time>
      </trkpt>
      <trkpt lat="40.95278849825263" lon="-121.54932226985693">
        <time>2005-07-25T06:51:44-07:00</time>
      </trkpt>
      <trkpt lat="40.952840968966484" lon="-121.54937893152237">
        <time>2005-07-25T06:51:52-07:00</time>
      </trkpt>
      <trkpt lat="40.95287851989269" lon="-121.54940181411803">
        <time>2005-07-25T06:51:54-07:00</time>
      </trkpt>
      <trkpt lat="40.952927470207214" lon="-121.54943006113172">
        <time>2005-07-25T06:52:00-07:00</time>
      </trkpt>
      <trkpt lat="40.952988071367145" lon="-121.54943835921586">
        <time>2005-07-25T06:52:03-07:00</time>
      </trkpt>
      <trkpt lat="40.95303953625262" lon="-121.54946216382086">
        <time>2005-07-25T06:52:08-07:00</time>
      </trkpt>
      <trkpt lat="40.95306493341923" lon="-121.54946710914373">
        <time>2005-07-25T06:52:13-07:00</time>
      </trkpt>
      <trkpt lat="40.95317305997014" lon="-121.54948202893138">
        <time>2005-07-25T06:52:18-07:00</time>
      </trkpt>
      <trkpt lat="40.95323273912072" lon="-121.54949049465358">
        <time>2005-07-25T06:52:20-07:00</time>
      </trkpt>
      <trkpt lat="40.95330289565027" lon="-121.54949946328998">
        <time>2005-07-25T06:52:29-07:00</time>
      </trkpt>
      <trkpt lat="40.953448908403516" lon="-121.54953584074974">
        <time>2005-07-25T06:52:34-07:00</time>
      </trkpt>
      <trkpt lat="40.95352040603757" lon="-121.5495830308646">
        <time>2005-07-25T06:52:39-07:00</time>
      </trkpt>
      <trkpt lat="40.953549072146416" lon="-121.54960096813738">
        <time>2005-07-25T06:52:50-07:00</time>
      </trkpt>
      <trkpt lat="40.953626269474626" lon="-121.54967464506626">
        <time>2005-07-25T06:52:56-07:00</time>
      </trkpt>
      <trkpt lat="40.953660467639565" lon="-121.54970599338412">
        <time>2005-07-25T06:52:58-07:00</time>
      </trkpt>
      <trkpt lat="40.95373883843422" lon="-121.54977849684656">
        <time>2005-07-25T06:53:05-07:00</time>
      </trkpt>
      <trkpt lat="40.953806480392814" lon="-121.54978989623487">
        <time>2005-07-25T06:53:08-07:00</time>
      </trkpt>
      <trkpt lat="40.953879402950406" lon="-121.54986022040248">
        <time>2005-07-25T06:53:15-07:00</time>
      </trkpt>
      <trkpt lat="40.95399096608162" lon="-121.54991696588695">
        <time>2005-07-25T06:53:21-07:00</time>
      </trkpt>
      <trkpt lat="40.95408299937844" lon="-121.54994211159647">
        <time>2005-07-25T06:53:28-07:00</time>
      </trkpt>
      <trkpt lat="40.95422767102718" lon="-121.54994655400515">
        <time>2005-07-25T06:53:37-07:00</time>
      </trkpt>
      <trkpt lat="40.95433403737843" lon="-121.54997119680047">
        <time>2005-07-25T06:53:45-07:00</time>
      </trkpt>
      <trkpt lat="40.95444291830063" lon="-121.55004344880581">
        <time>2005-07-25T06:53:55-07:00</time>
      </trkpt>
      <trkpt lat="40.954532185569406" lon="-121.55011368915439">
        <time>2005-07-25T06:54:03-07:00</time>
      </trkpt>
      <trkpt lat="40.95457258634269" lon="-121.55012961477041">
        <time>2005-07-25T06:54:12-07:00</time>
      </trkpt>
      <trkpt lat="40.95463000237942" lon="-121.55014285817742">
        <time>2005-07-25T06:54:20-07:00</time>
      </trkpt>
      <trkpt lat="40.95474684610963" lon="-121.550168171525">
        <time>2005-07-25T06:54:23-07:00</time>
      </trkpt>
      <trkpt lat="40.95486528240144" lon="-121.55017814598978">
        <time>2005-07-25T06:54:27-07:00</time>
      </trkpt>
      <trkpt lat="40.954954884946346" lon="-121.55019172467291">
        <time>2005-07-25T06:54:35-07:00</time>
      </trkpt>
      <trkpt lat="40.9549814555794" lon="-121.55020111240447">
        <time>2005-07-25T06:54:44-07:00</time>
      </trkpt>
      <trkpt lat="40.95505999401212" lon="-121.55026297084987">
        <time>2005-07-25T06:54:50-07:00</time>
      </trkpt>
      <trkpt lat="40.95514724962413" lon="-121.5503407549113">
        <time>2005-07-25T06:54:52-07:00</time>
      </trkpt>
      <trkpt lat="40.955268032848835" lon="-121.55040764249861">
        <time>2005-07-25T06:54:59-07:00</time>
      </trkpt>
      <trkpt lat="40.95536685548723" lon="-121.55048576183617">
        <time>2005-07-25T06:55:07-07:00</time>
      </trkpt>
      <trkpt lat="40.95548680052161" lon="-121.55060118064284">
        <time>2005-07-25T06:55:16-07:00</time>
      </trkpt>
      <trkpt lat="40.95549887046218" lon="-121.55061090365052">
        <time>2005-07-25T06:55:25-07:00</time>
      </trkpt>
      <trkpt lat="40.95560657791793" lon="-121.55072162859142">
        <time>2005-07-25T06:55:35-07:00</time>
      </trkpt>
      <trkpt lat="40.95564664341509" lon="-121.55086755752563">
        <time>2005-07-25T06:55:36-07:00</time>
      </trkpt>
      <trkpt lat="40.95564588904381" lon="-121.55095950700343">
        <time>2005-07-25T06:55:47-07:00</time>
      </trkpt>
      <trkpt lat="40.95564262010157" lon="-121.5510020032525">
        <time>2005-07-25T06:55:56-07:00</time>
      </trkpt>
      <trkpt lat="40.95564446412027" lon="-121.55106134712696">
        <time>2005-07-25T06:56:02-07:00</time>
      </trkpt>
      <trkpt lat="40.955633483827114" lon="-121.55112748034298">
        <time>2005-07-25T06:56:04-07:00</time>
      </trkpt>
      <trkpt lat="40.95562661066651" lon="-121.55123108066618">
        <time>2005-07-25T06:56:07-07:00</time>
      </trkpt>
      <trkpt lat="40.95562837086618" lon="-121.55123451724648">
        <time>2005-07-25T06:56:10-07:00</time>
      </trkpt>
      <trkpt lat="40.95563197508454" lon="-121.55122655443847">
        <time>2005-07-25T06:56:19-07:00</time>
      </trkpt>
      <trkpt lat="40.95563222654164" lon="-121.55123543925583">
        <time>2005-07-25T06:56:26-07:00</time>
      </trkpt>
      <trkpt lat="40.95564094372094" lon="-121.55125471763313">
        <time>2005-07-25T06:56:32-07:00</time>
      </trkpt>
      <trkpt lat="40.95564831979573" lon="-121.55126787722111">
        <time>2005-07-25T06:56:33-07:00</time>
      </trkpt>
      <trkpt lat="40.955728869885206" lon="-121.55137449502945">
        <time>2005-07-25T06:56:35-07:00</time>
      </trkpt>
      <trkpt lat="40.955732725560665" lon="-121.55138027854264">
        <time>2005-07-25T06:56:36-07:00</time>
      </trkpt>
      <trkpt lat="40.955785447731614" lon="-121.55148488469422">
        <time>2005-07-25T06:56:46-07:00</time>
      </trkpt>
      <trkpt lat="40.955825010314584" lon="-121.55158756300807">
        <time>2005-07-25T06:56:47-07:00</time>
      </trkpt>
      <trkpt lat="40.955883180722594" lon="-121.55169485136867">
        <time>2005-07-25T06:56:55-07:00</time>
      </trkpt>
      <trkpt lat="40.95591134391725" lon="-121.55174480751157">
        <time>2005-07-25T06:57:02-07:00</time>
      </trkpt>
      <trkpt lat="40.95593539997935" lon="-121.55182502232492">
        <time>2005-07-25T06:57:10-07:00</time>
      </trkpt>
      <trkpt lat="40.95596180297434" lon="-121.55197036452591">
        <time>2005-07-25T06:57:14-07:00</time>
      </trkpt>
      <trkpt lat="40.955975046381354" lon="-121.55201881192625">
        <time>2005-07-25T06:57:20-07:00</time>
      </trkpt>
      <trkpt lat="40.95603254623711" lon="-121.55209475196898">
        <time>2005-07-25T06:57:28-07:00</time>
      </trkpt>
      <trkpt lat="40.956042520701885" lon="-121.55210497789085">
        <time>2005-07-25T06:57:31-07:00</time>
      </trkpt>
      <trkpt lat="40.956104127690196" lon="-121.55218292959034">
        <time>2005-07-25T06:57:38-07:00</time>
      </trkpt>
      <trkpt lat="40.95618383958936" lon="-121.5522716101259">
        <time>2005-07-25T06:57:39-07:00</time>
      </trkpt>
      <trkpt lat="40.95627034083009" lon="-121.55237613245845">
        <time>2005-07-25T06:57:46-07:00</time>
      </trkpt>
      <trkpt lat="40.956355752423406" lon="-121.55245902948081">
        <time>2005-07-25T06:57:54-07:00</time>
      </trkpt>
      <trkpt lat="40.95638517290354" lon="-121.5524944011122">
        <time>2005-07-25T06:58:03-07:00</time>
      </trkpt>
      <trkpt lat="40.956437392160296" lon="-121.55260571278632">
        <time>2005-07-25T06:58:11-07:00</time>
      </trkpt>
      <trkpt lat="40.956477457657456" lon="-121.55266949906945">
        <time>2005-07-25T06:58:14-07:00</time>
      </trkpt>
      <trkpt lat="40.95648240298033" lon="-121.55268173664808">
        <time>2005-07-25T06:58:20-07:00</time>
      </trkpt>
      <trkpt lat="40.95654744654894" lon="-121.5527985803783">
        <time>2005-07-25T06:58:26-07:00</time>
      </trkpt>
      <trkpt lat="40.956588350236416" lon="-121.55290746130049">
        <time>2005-07-25T06:58:27-07:00</time>
      </trkpt>
      <trkpt lat="40.95662388950586" lon="-121.55296697281301">
        <time>2005-07-25T06:58:35-07:00</time>
      </trkpt>
      <trkpt lat="40.95664702355862" lon="-121.55300787650049">
        <time>2005-07-25T06:58:42-07:00</time>
      </trkpt>
      <trkpt lat="40.95670519396663" lon="-121.55308012850583">
        <time>2005-07-25T06:58:46-07:00</time>
      </trkpt>
      <trkpt lat="40.956754479557276" lon="-121.5531300008297">
        <time>2005-07-25T06:58:49-07:00</time>
      </trkpt>
      <trkpt lat="40.95679781399667" lon="-121.55317828059196">
        <time>2005-07-25T06:58:55-07:00</time>
      </trkpt>
      <trkpt lat="40.95684106461704" lon="-121.55325321480632">
        <time>2005-07-25T06:59:00-07:00</time>
      </trkpt>
      <trkpt lat="40.95691641792655" lon="-121.55335497111082">
        <time>2005-07-25T06:59:05-07:00</time>
      </trkpt>
      <trkpt lat="40.95701398327947" lon="-121.55344231054187">
        <time>2005-07-25T06:59:11-07:00</time>
      </trkpt>
      <trkpt lat="40.95713929273188" lon="-121.55350710265338">
        <time>2005-07-25T06:59:20-07:00</time>
      </trkpt>
      <trkpt lat="40.957214226946235" lon="-121.55363651923835">
        <time>2005-07-25T06:59:28-07:00</time>
      </trkpt>
      <trkpt lat="40.95727013424039" lon="-121.55375277623534">
        <time>2005-07-25T06:59:38-07:00</time>
      </trkpt>
      <trkpt lat="40.95733752474189" lon="-121.55387892387807">
        <time>2005-07-25T06:59:47-07:00</time>
      </trkpt>
      <trkpt lat="40.957382787019014" lon="-121.55398545786738">
        <time>2005-07-25T06:59:55-07:00</time>
      </trkpt>
      <trkpt lat="40.95743592828512" lon="-121.55407807789743">
        <time>2005-07-25T07:00:04-07:00</time>
      </trkpt>
      <trkpt lat="40.957438945770264" lon="-121.55409475788474">
        <time>2005-07-25T07:00:11-07:00</time>
      </trkpt>
      <trkpt lat="40.9574821125716" lon="-121.55422266572714">
        <time>2005-07-25T07:00:17-07:00</time>
      </trkpt>
      <trkpt lat="40.95748563297093" lon="-121.55423616059124">
        <time>2005-07-25T07:00:18-07:00</time>
      </trkpt>
      <trkpt lat="40.95749317668378" lon="-121.55437706038356">
        <time>2005-07-25T07:00:26-07:00</time>
      </trkpt>
      <trkpt lat="40.95755277201533" lon="-121.55449013225734">
        <time>2005-07-25T07:00:27-07:00</time>
      </trkpt>
      <trkpt lat="40.95755754970014" lon="-121.55451561324298">
        <time>2005-07-25T07:00:35-07:00</time>
      </trkpt>
      <trkpt lat="40.95755989663303" lon="-121.55453279614449">
        <time>2005-07-25T07:00:43-07:00</time>
      </trkpt>
      <trkpt lat="40.95755905844271" lon="-121.55461535789073">
        <time>2005-07-25T07:00:45-07:00</time>
      </trkpt>
      <trkpt lat="40.95755687914789" lon="-121.55471594072878">
        <time>2005-07-25T07:00:46-07:00</time>
      </trkpt>
      <trkpt lat="40.95755511894822" lon="-121.55488768592477">
        <time>2005-07-25T07:00:51-07:00</time>
      </trkpt>
      <trkpt lat="40.957625191658735" lon="-121.55496739782393">
        <time>2005-07-25T07:00:58-07:00</time>
      </trkpt>
      <trkpt lat="40.95773113891482" lon="-121.55509916134179">
        <time>2005-07-25T07:01:08-07:00</time>
      </trkpt>
      <trkpt lat="40.95775058493018" lon="-121.55511919409037">
        <time>2005-07-25T07:01:15-07:00</time>
      </trkpt>
      <trkpt lat="40.957816718146205" lon="-121.55520007945597">
        <time>2005-07-25T07:01:26-07:00</time>
      </trkpt>
      <trkpt lat="40.957851922139525" lon="-121.55525104142725">
        <time>2005-07-25T07:01:28-07:00</time>
      </trkpt>
      <trkpt lat="40.957885114476085" lon="-121.55529035255313">
        <time>2005-07-25T07:01:35-07:00</time>
      </trkpt>
      <trkpt lat="40.95796415582299" lon="-121.55541063286364">
        <time>2005-07-25T07:01:39-07:00</time>
      </trkpt>
      <trkpt lat="40.95802844502032" lon="-121.55550895258784">
        <time>2005-07-25T07:01:42-07:00</time>
      </trkpt>
      <trkpt lat="40.958036072552204" lon="-121.55552169308066">
        <time>2005-07-25T07:01:51-07:00</time>
      </trkpt>
      <trkpt lat="40.95807404257357" lon="-121.55565094202757">
        <time>2005-07-25T07:01:58-07:00</time>
      </trkpt>
      <trkpt lat="40.958116203546524" lon="-121.55578773468733">
        <time>2005-07-25T07:01:59-07:00</time>
      </trkpt>
      <trkpt lat="40.95807923935354" lon="-121.55594405718148">
        <time>2005-07-25T07:02:07-07:00</time>
      </trkpt>
      <trkpt lat="40.95802157185972" lon="-121.55604933388531">
        <time>2005-07-25T07:02:15-07:00</time>
      </trkpt>
      <trkpt lat="40.9579861164093" lon="-121.55617095530033">
        <time>2005-07-25T07:02:24-07:00</time>
      </trkpt>
      <trkpt lat="40.957946218550205" lon="-121.55632677488029">
        <time>2005-07-25T07:02:31-07:00</time>
      </trkpt>
      <trkpt lat="40.95786231569946" lon="-121.55645996332169">
        <time>2005-07-25T07:02:38-07:00</time>
      </trkpt>
      <trkpt lat="40.95778872258961" lon="-121.55657001771033">
        <time>2005-07-25T07:02:47-07:00</time>
      </trkpt>
      <trkpt lat="40.957696940749884" lon="-121.55669172294438">
        <time>2005-07-25T07:02:57-07:00</time>
      </trkpt>
      <trkpt lat="40.9576790034771" lon="-121.55671703629196">
        <time>2005-07-25T07:03:06-07:00</time>
      </trkpt>
      <trkpt lat="40.9576182346791" lon="-121.55679699964821">
        <time>2005-07-25T07:03:16-07:00</time>
      </trkpt>
      <trkpt lat="40.95753315836191" lon="-121.55688853003085">
        <time>2005-07-25T07:03:18-07:00</time>
      </trkpt>
      <trkpt lat="40.95745344646275" lon="-121.5570189524442">
        <time>2005-07-25T07:03:25-07:00</time>
      </trkpt>
      <trkpt lat="40.95743098296225" lon="-121.55706429854035">
        <time>2005-07-25T07:03:34-07:00</time>
      </trkpt>
      <trkpt lat="40.957371639087796" lon="-121.55722045339644">
        <time>2005-07-25T07:03:43-07:00</time>
      </trkpt>
      <trkpt lat="40.9573248680681" lon="-121.5573191922158">
        <time>2005-07-25T07:03:46-07:00</time>
      </trkpt>
      <trkpt lat="40.957300812006" lon="-121.55736546032131">
        <time>2005-07-25T07:03:56-07:00</time>
      </trkpt>
      <trkpt lat="40.95718698576093" lon="-121.5574885904789">
        <time>2005-07-25T07:04:03-07:00</time>
      </trkpt>
      <trkpt lat="40.95706041902304" lon="-121.55750158242881">
        <time>2005-07-25T07:04:06-07:00</time>
      </trkpt>
      <trkpt lat="40.956910382956266" lon="-121.55747400596738">
        <time>2005-07-25T07:04:17-07:00</time>
      </trkpt>
      <trkpt lat="40.95679085701704" lon="-121.55746839009225">
        <time>2005-07-25T07:04:27-07:00</time>
      </trkpt>
      <trkpt lat="40.95672053284943" lon="-121.55747769400477">
        <time>2005-07-25T07:04:38-07:00</time>
      </trkpt>
      <trkpt lat="40.95664719119668" lon="-121.5574973076582">
        <time>2005-07-25T07:04:47-07:00</time>
      </trkpt>
      <trkpt lat="40.95651567913592" lon="-121.5575610101223">
        <time>2005-07-25T07:04:52-07:00</time>
      </trkpt>
      <trkpt lat="40.95641476102173" lon="-121.55765606090426">
        <time>2005-07-25T07:04:58-07:00</time>
      </trkpt>
      <trkpt lat="40.95636220648885" lon="-121.55775496736169">
        <time>2005-07-25T07:05:08-07:00</time>
      </trkpt>
      <trkpt lat="40.95634879544377" lon="-121.55780643224716">
        <time>2005-07-25T07:05:17-07:00</time>
      </trkpt>
      <trkpt lat="40.95630872994661" lon="-121.55791615135968">
        <time>2005-07-25T07:05:24-07:00</time>
      </trkpt>
      <trkpt lat="40.95622407272458" lon="-121.55808068811893">
        <time>2005-07-25T07:05:27-07:00</time>
      </trkpt>
      <trkpt lat="40.95615475438535" lon="-121.55822795815766">
        <time>2005-07-25T07:05:34-07:00</time>
      </trkpt>
      <trkpt lat="40.956143690273166" lon="-121.55826366506517">
        <time>2005-07-25T07:05:45-07:00</time>
      </trkpt>
      <trkpt lat="40.95610823482275" lon="-121.5583829395473">
        <time>2005-07-25T07:05:55-07:00</time>
      </trkpt>
      <trkpt lat="40.95606280490756" lon="-121.55846323817968">
        <time>2005-07-25T07:05:57-07:00</time>
      </trkpt>
      <trkpt lat="40.956001533195376" lon="-121.55852652154863">
        <time>2005-07-25T07:06:04-07:00</time>
      </trkpt>
      <trkpt lat="40.955913020297885" lon="-121.5586435329169">
        <time>2005-07-25T07:06:10-07:00</time>
      </trkpt>
      <trkpt lat="40.955834398046136" lon="-121.5587333869189">
        <time>2005-07-25T07:06:16-07:00</time>
      </trkpt>
      <trkpt lat="40.9557756409049" lon="-121.55878778547049">
        <time>2005-07-25T07:06:25-07:00</time>
      </trkpt>
      <trkpt lat="40.95574513077736" lon="-121.55881913378835">
        <time>2005-07-25T07:06:32-07:00</time>
      </trkpt>
      <trkpt lat="40.955717638134956" lon="-121.55885500833392">
        <time>2005-07-25T07:06:39-07:00</time>
      </trkpt>
      <trkpt lat="40.95566784963012" lon="-121.5589302778244">
        <time>2005-07-25T07:06:42-07:00</time>
      </trkpt>
      <trkpt lat="40.95563633367419" lon="-121.55905743129551">
        <time>2005-07-25T07:06:45-07:00</time>
      </trkpt>
      <trkpt lat="40.955593502148986" lon="-121.55921651981771">
        <time>2005-07-25T07:06:50-07:00</time>
      </trkpt>
      <trkpt lat="40.9555391035974" lon="-121.5593105647713">
        <time>2005-07-25T07:06:57-07:00</time>
      </trkpt>
      <trkpt lat="40.95553357154131" lon="-121.5593274962157">
        <time>2005-07-25T07:07:06-07:00</time>
      </trkpt>
      <trkpt lat="40.95549493096769" lon="-121.55942162498832">
        <time>2005-07-25T07:07:13-07:00</time>
      </trkpt>
      <trkpt lat="40.95546802505851" lon="-121.55948071740568">
        <time>2005-07-25T07:07:14-07:00</time>
      </trkpt>
      <trkpt lat="40.95538571476936" lon="-121.55961290001869">
        <time>2005-07-25T07:07:20-07:00</time>
      </trkpt>
      <trkpt lat="40.95526526682079" lon="-121.55974131077528">
        <time>2005-07-25T07:07:24-07:00</time>
      </trkpt>
      <trkpt lat="40.95515923574567" lon="-121.55977458693087">
        <time>2005-07-25T07:07:34-07:00</time>
      </trkpt>
      <trkpt lat="40.955062760040164" lon="-121.55980803072453">
        <time>2005-07-25T07:07:46-07:00</time>
      </trkpt>
      <trkpt lat="40.95491993241012" lon="-121.55986066907644">
        <time>2005-07-25T07:07:54-07:00</time>
      </trkpt>
      <trkpt lat="40.95480057410896" lon="-121.55990492552519">
        <time>2005-07-25T07:08:01-07:00</time>
      </trkpt>
      <trkpt lat="40.95467736013234" lon="-121.55998304486275">
        <time>2005-07-25T07:08:12-07:00</time>
      </trkpt>
      <trkpt lat="40.954629918560386" lon="-121.5600318275392">
        <time>2005-07-25T07:08:21-07:00</time>
      </trkpt>
      <trkpt lat="40.95461851917207" lon="-121.56004381366074">
        <time>2005-07-25T07:08:32-07:00</time>
      </trkpt>
      <trkpt lat="40.95455942675471" lon="-121.56008136458695">
        <time>2005-07-25T07:08:36-07:00</time>
      </trkpt>
      <trkpt lat="40.95449706539512" lon="-121.56014858745039">
        <time>2005-07-25T07:08:37-07:00</time>
      </trkpt>
      <trkpt lat="40.95439899712801" lon="-121.56017314642668">
        <time>2005-07-25T07:08:43-07:00</time>
      </trkpt>
      <trkpt lat="40.95431073568761" lon="-121.560168704018">
        <time>2005-07-25T07:08:49-07:00</time>
      </trkpt>
      <trkpt lat="40.95432071015239" lon="-121.5601615794003">
        <time>2005-07-25T07:08:57-07:00</time>
      </trkpt>
      <trkpt lat="40.95432439818978" lon="-121.56016929075122">
        <time>2005-07-25T07:09:07-07:00</time>
      </trkpt>
      <trkpt lat="40.954317189753056" lon="-121.56019292771816">
        <time>2005-07-25T07:09:23-07:00</time>
      </trkpt>
      <trkpt lat="40.954309394583106" lon="-121.56022301875055">
        <time>2005-07-25T07:09:40-07:00</time>
      </trkpt>
      <trkpt lat="40.954309394583106" lon="-121.56022687442601">
        <time>2005-07-25T07:09:46-07:00</time>
      </trkpt>
      <trkpt lat="40.95432087779045" lon="-121.5602096915245">
        <time>2005-07-25T07:09:52-07:00</time>
      </trkpt>
      <trkpt lat="40.9542871825397" lon="-121.56019762158394">
        <time>2005-07-25T07:10:02-07:00</time>
      </trkpt>
      <trkpt lat="40.95427913591266" lon="-121.56020298600197">
        <time>2005-07-25T07:10:11-07:00</time>
      </trkpt>
      <trkpt lat="40.95428802073002" lon="-121.56019913032651">
        <time>2005-07-25T07:10:15-07:00</time>
      </trkpt>
      <trkpt lat="40.954306880012155" lon="-121.56019443646073">
        <time>2005-07-25T07:10:16-07:00</time>
      </trkpt>
      <trkpt lat="40.954315261915326" lon="-121.56021270900965">
        <time>2005-07-25T07:10:21-07:00</time>
      </trkpt>
      <trkpt lat="40.954299503937364" lon="-121.5602115355432">
        <time>2005-07-25T07:10:23-07:00</time>
      </trkpt>
      <trkpt lat="40.95429397188127" lon="-121.56021581031382">
        <time>2005-07-25T07:10:30-07:00</time>
      </trkpt>
      <trkpt lat="40.95429296605289" lon="-121.56021614558995">
        <time>2005-07-25T07:10:41-07:00</time>
      </trkpt>
      <trkpt lat="40.95428793691099" lon="-121.56021614558995">
        <time>2005-07-25T07:10:48-07:00</time>
      </trkpt>
      <trkpt lat="40.954298079013824" lon="-121.56022301875055">
        <time>2005-07-25T07:10:57-07:00</time>
      </trkpt>
      <trkpt lat="40.95429397188127" lon="-121.5602273773402">
        <time>2005-07-25T07:11:06-07:00</time>
      </trkpt>
      <trkpt lat="40.954301012679935" lon="-121.56022729352117">
        <time>2005-07-25T07:11:17-07:00</time>
      </trkpt>
      <trkpt lat="40.954291289672256" lon="-121.56022880226374">
        <time>2005-07-25T07:11:29-07:00</time>
      </trkpt>
      <trkpt lat="40.95429489389062" lon="-121.56022645533085">
        <time>2005-07-25T07:11:39-07:00</time>
      </trkpt>
      <trkpt lat="40.95429791137576" lon="-121.56021882779896">
        <time>2005-07-25T07:11:49-07:00</time>
      </trkpt>
      <trkpt lat="40.95429447479546" lon="-121.56021220609546">
        <time>2005-07-25T07:11:53-07:00</time>
      </trkpt>
      <trkpt lat="40.95429363660514" lon="-121.56020508147776">
        <time>2005-07-25T07:11:57-07:00</time>
      </trkpt>
      <trkpt lat="40.95430679619312" lon="-121.56021270900965">
        <time>2005-07-25T07:11:59-07:00</time>
      </trkpt>
      <trkpt lat="40.95431366935372" lon="-121.56022134236991">
        <time>2005-07-25T07:12:08-07:00</time>
      </trkpt>
      <trkpt lat="40.95431928522885" lon="-121.56022670678794">
        <time>2005-07-25T07:12:14-07:00</time>
      </trkpt>
      <trkpt lat="40.9543183632195" lon="-121.56021874397993">
        <time>2005-07-25T07:12:18-07:00</time>
      </trkpt>
      <trkpt lat="40.954310819506645" lon="-121.5602012258023">
        <time>2005-07-25T07:12:25-07:00</time>
      </trkpt>
      <trkpt lat="40.95429288223386" lon="-121.56021103262901">
        <time>2005-07-25T07:12:34-07:00</time>
      </trkpt>
      <trkpt lat="40.954286931082606" lon="-121.56021321192384">
        <time>2005-07-25T07:12:40-07:00</time>
      </trkpt>
      <trkpt lat="40.95428307540715" lon="-121.56021187081933">
        <time>2005-07-25T07:12:46-07:00</time>
      </trkpt>
      <trkpt lat="40.95427603460848" lon="-121.56022276729345">
        <time>2005-07-25T07:12:49-07:00</time>
      </trkpt>
      <trkpt lat="40.95428156666458" lon="-121.56023223884404">
        <time>2005-07-25T07:12:57-07:00</time>
      </trkpt>
      <trkpt lat="40.954285925254226" lon="-121.56023324467242">
        <time>2005-07-25T07:13:08-07:00</time>
      </trkpt>
      <trkpt lat="40.95430067740381" lon="-121.56022804789245">
        <time>2005-07-25T07:13:15-07:00</time>
      </trkpt>
      <trkpt lat="40.95429556444287" lon="-121.56023014336824">
        <time>2005-07-25T07:13:17-07:00</time>
      </trkpt>
      <trkpt lat="40.95428969711065" lon="-121.56023475341499">
        <time>2005-07-25T07:13:25-07:00</time>
      </trkpt>
      <trkpt lat="40.95428919419646" lon="-121.5602252818644">
        <time>2005-07-25T07:13:34-07:00</time>
      </trkpt>
      <trkpt lat="40.95425725914538" lon="-121.56020885333419">
        <time>2005-07-25T07:13:43-07:00</time>
      </trkpt>
      <trkpt lat="40.95425575040281" lon="-121.56017884612083">
        <time>2005-07-25T07:13:53-07:00</time>
      </trkpt>
      <trkpt lat="40.95424510538578" lon="-121.56015889719129">
        <time>2005-07-25T07:14:01-07:00</time>
      </trkpt>
      <trkpt lat="40.95424166880548" lon="-121.56015194021165">
        <time>2005-07-25T07:14:07-07:00</time>
      </trkpt>
      <trkpt lat="40.954251140356064" lon="-121.5601549576968">
        <time>2005-07-25T07:14:12-07:00</time>
      </trkpt>
      <trkpt lat="40.954251140356064" lon="-121.5601858869195">
        <time>2005-07-25T07:14:15-07:00</time>
      </trkpt>
      <trkpt lat="40.954248206689954" lon="-121.5601996332407">
        <time>2005-07-25T07:14:26-07:00</time>
      </trkpt>
      <trkpt lat="40.954248290508986" lon="-121.5602062549442">
        <time>2005-07-25T07:14:34-07:00</time>
      </trkpt>
      <trkpt lat="40.95424745231867" lon="-121.5602067578584">
        <time>2005-07-25T07:14:42-07:00</time>
      </trkpt>
      <trkpt lat="40.95425868406892" lon="-121.56019653193653">
        <time>2005-07-25T07:14:43-07:00</time>
      </trkpt>
      <trkpt lat="40.9542612824589" lon="-121.5601893234998">
        <time>2005-07-25T07:14:46-07:00</time>
      </trkpt>
      <trkpt lat="40.95426253974438" lon="-121.56018714420497">
        <time>2005-07-25T07:14:54-07:00</time>
      </trkpt>
      <trkpt lat="40.95426270738244" lon="-121.5601895749569">
        <time>2005-07-25T07:15:03-07:00</time>
      </trkpt>
      <trkpt lat="40.95425331965089" lon="-121.56020256690681">
        <time>2005-07-25T07:15:04-07:00</time>
      </trkpt>
      <trkpt lat="40.95426077954471" lon="-121.56020432710648">
        <time>2005-07-25T07:15:06-07:00</time>
      </trkpt>
      <trkpt lat="40.954257594421506" lon="-121.5602051652968">
        <time>2005-07-25T07:15:16-07:00</time>
      </trkpt>
      <trkpt lat="40.954259019345045" lon="-121.56020742841065">
        <time>2005-07-25T07:15:20-07:00</time>
      </trkpt>
      <trkpt lat="40.9542596898973" lon="-121.56021120026708">
        <time>2005-07-25T07:15:28-07:00</time>
      </trkpt>
      <trkpt lat="40.954261533916" lon="-121.560213631019">
        <time>2005-07-25T07:15:38-07:00</time>
      </trkpt>
      <trkpt lat="40.95426547341049" lon="-121.56023022718728">
        <time>2005-07-25T07:15:39-07:00</time>
      </trkpt>
      <trkpt lat="40.95426321029663" lon="-121.56025478616357">
        <time>2005-07-25T07:15:40-07:00</time>
      </trkpt>
      <trkpt lat="40.95425834879279" lon="-121.56023349612951">
        <time>2005-07-25T07:15:45-07:00</time>
      </trkpt>
      <trkpt lat="40.95422247424722" lon="-121.56021606177092">
        <time>2005-07-25T07:15:49-07:00</time>
      </trkpt>
      <trkpt lat="40.95421560108662" lon="-121.56022075563669">
        <time>2005-07-25T07:15:57-07:00</time>
      </trkpt>
      <trkpt lat="40.9542285092175" lon="-121.56022544950247">
        <time>2005-07-25T07:16:03-07:00</time>
      </trkpt>
      <trkpt lat="40.95424426719546" lon="-121.5602345019579">
        <time>2005-07-25T07:16:06-07:00</time>
      </trkpt>
      <trkpt lat="40.95425868406892" lon="-121.56025202013552">
        <time>2005-07-25T07:16:15-07:00</time>
      </trkpt>
      <trkpt lat="40.954271256923676" lon="-121.56027087941766">
        <time>2005-07-25T07:16:18-07:00</time>
      </trkpt>
      <trkpt lat="40.954271759837866" lon="-121.56026124022901">
        <time>2005-07-25T07:16:24-07:00</time>
      </trkpt>
      <trkpt lat="40.954268826171756" lon="-121.56025788746774">
        <time>2005-07-25T07:16:32-07:00</time>
      </trkpt>
      <trkpt lat="40.95426321029663" lon="-121.56026031821966">
        <time>2005-07-25T07:16:36-07:00</time>
      </trkpt>
      <trkpt lat="40.95425583422184" lon="-121.56026559881866">
        <time>2005-07-25T07:16:41-07:00</time>
      </trkpt>
      <trkpt lat="40.954259438440204" lon="-121.5602688677609">
        <time>2005-07-25T07:16:46-07:00</time>
      </trkpt>
      <trkpt lat="40.954248206689954" lon="-121.56026652082801">
        <time>2005-07-25T07:16:49-07:00</time>
      </trkpt>
      <trkpt lat="40.95424611121416" lon="-121.5602651797235">
        <time>2005-07-25T07:16:50-07:00</time>
      </trkpt>
      <trkpt lat="40.95424007624388" lon="-121.56025403179228">
        <time>2005-07-25T07:16:57-07:00</time>
      </trkpt>
      <trkpt lat="40.95424200408161" lon="-121.56025319360197">
        <time>2005-07-25T07:16:58-07:00</time>
      </trkpt>
      <trkpt lat="40.95426212064922" lon="-121.5602498408407">
        <time>2005-07-25T07:17:06-07:00</time>
      </trkpt>
      <trkpt lat="40.95427494496107" lon="-121.56026090495288">
        <time>2005-07-25T07:17:08-07:00</time>
      </trkpt>
      <trkpt lat="40.954280057922006" lon="-121.56025981530547">
        <time>2005-07-25T07:17:17-07:00</time>
      </trkpt>
      <trkpt lat="40.95427963882685" lon="-121.5602604020387">
        <time>2005-07-25T07:17:28-07:00</time>
      </trkpt>
      <trkpt lat="40.95427863299847" lon="-121.56026115640998">
        <time>2005-07-25T07:17:43-07:00</time>
      </trkpt>
      <trkpt lat="40.95427536405623" lon="-121.5602580551058">
        <time>2005-07-25T07:17:45-07:00</time>
      </trkpt>
      <trkpt lat="40.95427209511399" lon="-121.56025621108711">
        <time>2005-07-25T07:17:47-07:00</time>
      </trkpt>
      <trkpt lat="40.95427083782852" lon="-121.56025570817292">
        <time>2005-07-25T07:17:52-07:00</time>
      </trkpt>
      <trkpt lat="40.95426455140114" lon="-121.56025369651616">
        <time>2005-07-25T07:17:57-07:00</time>
      </trkpt>
      <trkpt lat="40.95426404848695" lon="-121.56025176867843">
        <time>2005-07-25T07:17:59-07:00</time>
      </trkpt>
      <trkpt lat="40.95426119863987" lon="-121.56025344505906">
        <time>2005-07-25T07:18:05-07:00</time>
      </trkpt>
      <trkpt lat="40.95425474457443" lon="-121.56025679782033">
        <time>2005-07-25T07:18:07-07:00</time>
      </trkpt>
      <trkpt lat="40.954257091507316" lon="-121.56025579199195">
        <time>2005-07-25T07:18:11-07:00</time>
      </trkpt>
      <trkpt lat="40.9542631264776" lon="-121.56025788746774">
        <time>2005-07-25T07:18:15-07:00</time>
      </trkpt>
      <trkpt lat="40.95425868406892" lon="-121.5602569654584">
        <time>2005-07-25T07:18:29-07:00</time>
      </trkpt>
      <trkpt lat="40.954265892505646" lon="-121.56023969873786">
        <time>2005-07-25T07:18:39-07:00</time>
      </trkpt>
      <trkpt lat="40.954265892505646" lon="-121.56023835763335">
        <time>2005-07-25T07:18:44-07:00</time>
      </trkpt>
      <trkpt lat="40.954268323257565" lon="-121.5602360945195">
        <time>2005-07-25T07:18:54-07:00</time>
      </trkpt>
      <trkpt lat="40.95426228828728" lon="-121.56023877672851">
        <time>2005-07-25T07:18:57-07:00</time>
      </trkpt>
      <trkpt lat="40.954260528087616" lon="-121.560237435624">
        <time>2005-07-25T07:19:12-07:00</time>
      </trkpt>
      <trkpt lat="40.95424468629062" lon="-121.56023508869112">
        <time>2005-07-25T07:19:20-07:00</time>
      </trkpt>
      <trkpt lat="40.954240914434195" lon="-121.56022779643536">
        <time>2005-07-25T07:19:28-07:00</time>
      </trkpt>
      <trkpt lat="40.95423781313002" lon="-121.56023014336824">
        <time>2005-07-25T07:19:43-07:00</time>
      </trkpt>
      <trkpt lat="40.9542388189584" lon="-121.56023165211082">
        <time>2005-07-25T07:19:48-07:00</time>
      </trkpt>
      <trkpt lat="40.954245775938034" lon="-121.56023802235723">
        <time>2005-07-25T07:19:57-07:00</time>
      </trkpt>
      <trkpt lat="40.95425139181316" lon="-121.56024908646941">
        <time>2005-07-25T07:20:01-07:00</time>
      </trkpt>
      <trkpt lat="40.95424300990999" lon="-121.56026048585773">
        <time>2005-07-25T07:20:06-07:00</time>
      </trkpt>
      <trkpt lat="40.95424275845289" lon="-121.5602619946003">
        <time>2005-07-25T07:20:14-07:00</time>
      </trkpt>
      <trkpt lat="40.95424032770097" lon="-121.56026434153318">
        <time>2005-07-25T07:20:25-07:00</time>
      </trkpt>
      <trkpt lat="40.95423814840615" lon="-121.56026258133352">
        <time>2005-07-25T07:20:26-07:00</time>
      </trkpt>
      <trkpt lat="40.954257510602474" lon="-121.56026157550514">
        <time>2005-07-25T07:20:35-07:00</time>
      </trkpt>
      <trkpt lat="40.954258516430855" lon="-121.56026006676257">
        <time>2005-07-25T07:20:42-07:00</time>
      </trkpt>
      <trkpt lat="40.95425390638411" lon="-121.56024891883135">
        <time>2005-07-25T07:20:55-07:00</time>
      </trkpt>
      <trkpt lat="40.954250218346715" lon="-121.56025101430714">
        <time>2005-07-25T07:20:57-07:00</time>
      </trkpt>
      <trkpt lat="40.954266311600804" lon="-121.5602580551058">
        <time>2005-07-25T07:21:12-07:00</time>
      </trkpt>
      <trkpt lat="40.95427636988461" lon="-121.56026551499963">
        <time>2005-07-25T07:21:18-07:00</time>
      </trkpt>
      <trkpt lat="40.9542649704963" lon="-121.56025704927742">
        <time>2005-07-25T07:21:30-07:00</time>
      </trkpt>
      <trkpt lat="40.954277627170086" lon="-121.56025428324938">
        <time>2005-07-25T07:21:39-07:00</time>
      </trkpt>
      <trkpt lat="40.95427100546658" lon="-121.5602546185255">
        <time>2005-07-25T07:21:51-07:00</time>
      </trkpt>
      <trkpt lat="40.95426966436207" lon="-121.56025285832584">
        <time>2005-07-25T07:22:02-07:00</time>
      </trkpt>
      <trkpt lat="40.954266395419836" lon="-121.56025428324938">
        <time>2005-07-25T07:22:08-07:00</time>
      </trkpt>
      <trkpt lat="40.954266395419836" lon="-121.56025428324938">
        <time>2005-07-25T07:22:11-07:00</time>
      </trkpt>
      <trkpt lat="40.95425239764154" lon="-121.5602514334023">
        <time>2005-07-25T07:22:24-07:00</time>
      </trkpt>
      <trkpt lat="40.95424711704254" lon="-121.56025202013552">
        <time>2005-07-25T07:22:35-07:00</time>
      </trkpt>
      <trkpt lat="40.954253654927015" lon="-121.56025394797325">
        <time>2005-07-25T07:22:39-07:00</time>
      </trkpt>
      <trkpt lat="40.95426849089563" lon="-121.56025746837258">
        <time>2005-07-25T07:22:43-07:00</time>
      </trkpt>
      <trkpt lat="40.954271256923676" lon="-121.56026224605739">
        <time>2005-07-25T07:22:52-07:00</time>
      </trkpt>
      <trkpt lat="40.95426136627793" lon="-121.56025243923068">
        <time>2005-07-25T07:23:03-07:00</time>
      </trkpt>
      <trkpt lat="40.95425105653703" lon="-121.56025403179228">
        <time>2005-07-25T07:23:23-07:00</time>
      </trkpt>
      <trkpt lat="40.95423731021583" lon="-121.56025336124003">
        <time>2005-07-25T07:23:28-07:00</time>
      </trkpt>
      <trkpt lat="40.95423471182585" lon="-121.56025059521198">
        <time>2005-07-25T07:23:31-07:00</time>
      </trkpt>
      <trkpt lat="40.95422901213169" lon="-121.56024313531816">
        <time>2005-07-25T07:23:38-07:00</time>
      </trkpt>
      <trkpt lat="40.95424259081483" lon="-121.5602411236614">
        <time>2005-07-25T07:23:40-07:00</time>
      </trkpt>
      <trkpt lat="40.95425834879279" lon="-121.56025210395455">
        <time>2005-07-25T07:23:51-07:00</time>
      </trkpt>
      <trkpt lat="40.954266814514995" lon="-121.56025269068778">
        <time>2005-07-25T07:23:54-07:00</time>
      </trkpt>
      <trkpt lat="40.954266395419836" lon="-121.56025428324938">
        <time>2005-07-25T07:24:02-07:00</time>
      </trkpt>
      <trkpt lat="40.954266395419836" lon="-121.56025428324938">
        <time>2005-07-25T07:24:05-07:00</time>
      </trkpt>
      <trkpt lat="40.954266395419836" lon="-121.56025428324938">
        <time>2005-07-25T07:24:16-07:00</time>
      </trkpt>
      <trkpt lat="40.954266395419836" lon="-121.56025428324938">
        <time>2005-07-25T07:24:18-07:00</time>
      </trkpt>
      <trkpt lat="40.954266395419836" lon="-121.56025428324938">
        <time>2005-07-25T07:24:21-07:00</time>
      </trkpt>
      <trkpt lat="40.954266395419836" lon="-121.56025428324938">
        <time>2005-07-25T07:24:23-07:00</time>
      </trkpt>
      <trkpt lat="40.954260947182775" lon="-121.56026585027575">
        <time>2005-07-25T07:24:38-07:00</time>
      </trkpt>
      <trkpt lat="40.954259522259235" lon="-121.56026400625706">
        <time>2005-07-25T07:24:45-07:00</time>
      </trkpt>
      <trkpt lat="40.95425424166024" lon="-121.56025981530547">
        <time>2005-07-25T07:24:55-07:00</time>
      </trkpt>
      <trkpt lat="40.954255582764745" lon="-121.56025336124003">
        <time>2005-07-25T07:24:57-07:00</time>
      </trkpt>
      <trkpt lat="40.95425541512668" lon="-121.56025688163936">
        <time>2005-07-25T07:25:00-07:00</time>
      </trkpt>
      <trkpt lat="40.9542560018599" lon="-121.56025797128677">
        <time>2005-07-25T07:25:09-07:00</time>
      </trkpt>
      <trkpt lat="40.95426019281149" lon="-121.560271801427">
        <time>2005-07-25T07:25:11-07:00</time>
      </trkpt>
      <trkpt lat="40.95425776205957" lon="-121.56028001569211">
        <time>2005-07-25T07:25:14-07:00</time>
      </trkpt>
      <trkpt lat="40.95425432547927" lon="-121.56027146615088">
        <time>2005-07-25T07:25:21-07:00</time>
      </trkpt>
      <trkpt lat="40.95425667241216" lon="-121.56026794575155">
        <time>2005-07-25T07:25:26-07:00</time>
      </trkpt>
      <trkpt lat="40.95425642095506" lon="-121.56026978977025">
        <time>2005-07-25T07:25:28-07:00</time>
      </trkpt>
      <trkpt lat="40.95425935462117" lon="-121.56025344505906">
        <time>2005-07-25T07:25:34-07:00</time>
      </trkpt>
      <trkpt lat="40.95424736849964" lon="-121.56024523079395">
        <time>2005-07-25T07:25:36-07:00</time>
      </trkpt>
      <trkpt lat="40.95424510538578" lon="-121.56024673953652">
        <time>2005-07-25T07:25:46-07:00</time>
      </trkpt>
      <trkpt lat="40.95425030216575" lon="-121.56024623662233">
        <time>2005-07-25T07:25:54-07:00</time>
      </trkpt>
      <trkpt lat="40.95425080507994" lon="-121.56025478616357">
        <time>2005-07-25T07:25:55-07:00</time>
      </trkpt>
      <trkpt lat="40.95424644649029" lon="-121.56025570817292">
        <time>2005-07-25T07:26:06-07:00</time>
      </trkpt>
      <trkpt lat="40.95426899380982" lon="-121.56026509590447">
        <time>2005-07-25T07:26:16-07:00</time>
      </trkpt>
      <trkpt lat="40.95425927080214" lon="-121.5602604020387">
        <time>2005-07-25T07:26:19-07:00</time>
      </trkpt>
      <trkpt lat="40.95425080507994" lon="-121.56025394797325">
        <time>2005-07-25T07:26:26-07:00</time>
      </trkpt>
      <trkpt lat="40.9542459435761" lon="-121.56025998294353">
        <time>2005-07-25T07:26:33-07:00</time>
      </trkpt>
      <trkpt lat="40.95425893552601" lon="-121.56025713309646">
        <time>2005-07-25T07:26:38-07:00</time>
      </trkpt>
      <trkpt lat="40.95426086336374" lon="-121.56025403179228">
        <time>2005-07-25T07:26:50-07:00</time>
      </trkpt>
      <trkpt lat="40.95426262356341" lon="-121.5602530259639">
        <time>2005-07-25T07:26:56-07:00</time>
      </trkpt>
      <trkpt lat="40.954256085678935" lon="-121.56025763601065">
        <time>2005-07-25T07:26:58-07:00</time>
      </trkpt>
      <trkpt lat="40.95425583422184" lon="-121.56025780364871">
        <time>2005-07-25T07:27:02-07:00</time>
      </trkpt>
      <trkpt lat="40.954255582764745" lon="-121.56025746837258">
        <time>2005-07-25T07:27:09-07:00</time>
      </trkpt>
      <trkpt lat="40.95425323583186" lon="-121.56025738455355">
        <time>2005-07-25T07:27:10-07:00</time>
      </trkpt>
      <trkpt lat="40.95426069572568" lon="-121.56025160104036">
        <time>2005-07-25T07:27:15-07:00</time>
      </trkpt>
      <trkpt lat="40.95426161773503" lon="-121.56025101430714">
        <time>2005-07-25T07:27:26-07:00</time>
      </trkpt>
      <trkpt lat="40.954262372106314" lon="-121.5602511819452">
        <time>2005-07-25T07:27:33-07:00</time>
      </trkpt>
      <trkpt lat="40.954261953011155" lon="-121.5602530259639">
        <time>2005-07-25T07:27:34-07:00</time>
      </trkpt>
      <trkpt lat="40.9542647190392" lon="-121.56025713309646">
        <time>2005-07-25T07:27:35-07:00</time>
      </trkpt>
      <trkpt lat="40.954239489510655" lon="-121.560237435624">
        <time>2005-07-25T07:27:41-07:00</time>
      </trkpt>
      <trkpt lat="40.95424552448094" lon="-121.56024506315589">
        <time>2005-07-25T07:27:44-07:00</time>
      </trkpt>
      <trkpt lat="40.95424611121416" lon="-121.56024564988911">
        <time>2005-07-25T07:27:54-07:00</time>
      </trkpt>
      <trkpt lat="40.95423446036875" lon="-121.5602583065629">
        <time>2005-07-25T07:28:00-07:00</time>
      </trkpt>
      <trkpt lat="40.95423085615039" lon="-121.56026266515255">
        <time>2005-07-25T07:28:08-07:00</time>
      </trkpt>
      <trkpt lat="40.95422180369496" lon="-121.56027004122734">
        <time>2005-07-25T07:28:20-07:00</time>
      </trkpt>
      <trkpt lat="40.95422063022852" lon="-121.56025394797325">
        <time>2005-07-25T07:28:23-07:00</time>
      </trkpt>
      <trkpt lat="40.95422314479947" lon="-121.56025009229779">
        <time>2005-07-25T07:28:28-07:00</time>
      </trkpt>
      <trkpt lat="40.95422247424722" lon="-121.5602424647659">
        <time>2005-07-25T07:28:34-07:00</time>
      </trkpt>
      <trkpt lat="40.954236555844545" lon="-121.56025436706841">
        <time>2005-07-25T07:28:36-07:00</time>
      </trkpt>
      <trkpt lat="40.95425239764154" lon="-121.56024321913719">
        <time>2005-07-25T07:28:38-07:00</time>
      </trkpt>
      <trkpt lat="40.95423923805356" lon="-121.56023642979562">
        <time>2005-07-25T07:28:48-07:00</time>
      </trkpt>
      <trkpt lat="40.954244853928685" lon="-121.560237435624">
        <time>2005-07-25T07:28:59-07:00</time>
      </trkpt>
      <trkpt lat="40.954239992424846" lon="-121.5602493379265">
        <time>2005-07-25T07:29:10-07:00</time>
      </trkpt>
      <trkpt lat="40.954236472025514" lon="-121.56025101430714">
        <time>2005-07-25T07:29:19-07:00</time>
      </trkpt>
      <trkpt lat="40.95423814840615" lon="-121.56025126576424">
        <time>2005-07-25T07:29:27-07:00</time>
      </trkpt>
      <trkpt lat="40.954235130921006" lon="-121.56023936346173">
        <time>2005-07-25T07:29:37-07:00</time>
      </trkpt>
      <trkpt lat="40.954237561672926" lon="-121.56026132404804">
        <time>2005-07-25T07:29:47-07:00</time>
      </trkpt>
      <trkpt lat="40.954234544187784" lon="-121.5602511819452">
        <time>2005-07-25T07:29:58-07:00</time>
      </trkpt>
      <trkpt lat="40.95425885170698" lon="-121.56025319360197">
        <time>2005-07-25T07:30:11-07:00</time>
      </trkpt>
      <trkpt lat="40.954255079850554" lon="-121.5602477453649">
        <time>2005-07-25T07:30:21-07:00</time>
      </trkpt>
      <trkpt lat="40.95425323583186" lon="-121.56024204567075">
        <time>2005-07-25T07:30:30-07:00</time>
      </trkpt>
      <trkpt lat="40.95425323583186" lon="-121.56024204567075">
        <time>2005-07-25T07:30:40-07:00</time>
      </trkpt>
      <trkpt lat="40.95425323583186" lon="-121.56024204567075">
        <time>2005-07-25T07:30:50-07:00</time>
      </trkpt>
      <trkpt lat="40.95425323583186" lon="-121.56024204567075">
        <time>2005-07-25T07:31:04-07:00</time>
      </trkpt>
      <trkpt lat="40.95425323583186" lon="-121.56024204567075">
        <time>2005-07-25T07:31:09-07:00</time>
      </trkpt>
      <trkpt lat="40.95425323583186" lon="-121.56024204567075">
        <time>2005-07-25T07:31:11-07:00</time>
      </trkpt>
      <trkpt lat="40.954240495339036" lon="-121.56025235541165">
        <time>2005-07-25T07:31:37-07:00</time>
      </trkpt>
      <trkpt lat="40.95423831604421" lon="-121.56025185249746">
        <time>2005-07-25T07:31:49-07:00</time>
      </trkpt>
      <trkpt lat="40.95425323583186" lon="-121.56024204567075">
        <time>2005-07-25T07:31:54-07:00</time>
      </trkpt>
      <trkpt lat="40.95425491221249" lon="-121.56024766154587">
        <time>2005-07-25T07:32:02-07:00</time>
      </trkpt>
      <trkpt lat="40.954255163669586" lon="-121.56024791300297">
        <time>2005-07-25T07:32:14-07:00</time>
      </trkpt>
      <trkpt lat="40.9542560018599" lon="-121.56025822274387">
        <time>2005-07-25T07:32:23-07:00</time>
      </trkpt>
      <trkpt lat="40.95425323583186" lon="-121.56024204567075">
        <time>2005-07-25T07:32:27-07:00</time>
      </trkpt>
      <trkpt lat="40.95425860024989" lon="-121.56025797128677">
        <time>2005-07-25T07:32:30-07:00</time>
      </trkpt>
      <trkpt lat="40.954259438440204" lon="-121.56025964766741">
        <time>2005-07-25T07:32:40-07:00</time>
      </trkpt>
      <trkpt lat="40.954257091507316" lon="-121.56027029268444">
        <time>2005-07-25T07:32:44-07:00</time>
      </trkpt>
      <trkpt lat="40.95425147563219" lon="-121.56026719138026">
        <time>2005-07-25T07:32:49-07:00</time>
      </trkpt>
      <trkpt lat="40.954247284680605" lon="-121.56026995740831">
        <time>2005-07-25T07:32:55-07:00</time>
      </trkpt>
      <trkpt lat="40.95424996688962" lon="-121.5602757409215">
        <time>2005-07-25T07:33:01-07:00</time>
      </trkpt>
      <trkpt lat="40.95425323583186" lon="-121.5602738969028">
        <time>2005-07-25T07:33:05-07:00</time>
      </trkpt>
      <trkpt lat="40.954251643270254" lon="-121.56027079559863">
        <time>2005-07-25T07:33:09-07:00</time>
      </trkpt>
      <trkpt lat="40.9542440995574" lon="-121.56026266515255">
        <time>2005-07-25T07:33:13-07:00</time>
      </trkpt>
      <trkpt lat="40.95423739403486" lon="-121.5602495893836">
        <time>2005-07-25T07:33:16-07:00</time>
      </trkpt>
      <trkpt lat="40.95424083061516" lon="-121.5602516848594">
        <time>2005-07-25T07:33:26-07:00</time>
      </trkpt>
      <trkpt lat="40.954256504774094" lon="-121.56026953831315">
        <time>2005-07-25T07:33:37-07:00</time>
      </trkpt>
      <trkpt lat="40.95425692386925" lon="-121.56027113087475">
        <time>2005-07-25T07:33:39-07:00</time>
      </trkpt>
      <trkpt lat="40.95425826497376" lon="-121.5602738969028">
        <time>2005-07-25T07:33:51-07:00</time>
      </trkpt>
      <trkpt lat="40.95425893552601" lon="-121.5602791775018">
        <time>2005-07-25T07:33:58-07:00</time>
      </trkpt>
      <trkpt lat="40.954260025173426" lon="-121.5602775849402">
        <time>2005-07-25T07:34:00-07:00</time>
      </trkpt>
      <trkpt lat="40.95424988307059" lon="-121.5602775849402">
        <time>2005-07-25T07:34:04-07:00</time>
      </trkpt>
      <trkpt lat="40.95422901213169" lon="-121.56025746837258">
        <time>2005-07-25T07:34:18-07:00</time>
      </trkpt>
      <trkpt lat="40.95424795523286" lon="-121.56024397350848">
        <time>2005-07-25T07:34:22-07:00</time>
      </trkpt>
      <trkpt lat="40.95425290055573" lon="-121.56024321913719">
        <time>2005-07-25T07:34:35-07:00</time>
      </trkpt>
      <trkpt lat="40.95424426719546" lon="-121.56024657189846">
        <time>2005-07-25T07:34:46-07:00</time>
      </trkpt>
      <trkpt lat="40.954242423176765" lon="-121.56025227159262">
        <time>2005-07-25T07:34:52-07:00</time>
      </trkpt>
      <trkpt lat="40.95423865132034" lon="-121.56026241369545">
        <time>2005-07-25T07:35:00-07:00</time>
      </trkpt>
      <trkpt lat="40.95423446036875" lon="-121.56026266515255">
        <time>2005-07-25T07:35:02-07:00</time>
      </trkpt>
      <trkpt lat="40.954233119264245" lon="-121.56025914475322">
        <time>2005-07-25T07:35:04-07:00</time>
      </trkpt>
      <trkpt lat="40.95423270016909" lon="-121.56024145893753">
        <time>2005-07-25T07:35:09-07:00</time>
      </trkpt>
      <trkpt lat="40.954256085678935" lon="-121.56026065349579">
        <time>2005-07-25T07:35:11-07:00</time>
      </trkpt>
      <trkpt lat="40.954275112599134" lon="-121.56027934513986">
        <time>2005-07-25T07:35:19-07:00</time>
      </trkpt>
      <trkpt lat="40.95427377149463" lon="-121.56027716584504">
        <time>2005-07-25T07:35:28-07:00</time>
      </trkpt>
      <trkpt lat="40.954266395419836" lon="-121.56027490273118">
        <time>2005-07-25T07:35:34-07:00</time>
      </trkpt>
      <trkpt lat="40.954265305772424" lon="-121.56028135679662">
        <time>2005-07-25T07:35:40-07:00</time>
      </trkpt>
      <trkpt lat="40.954265305772424" lon="-121.56028177589178">
        <time>2005-07-25T07:35:43-07:00</time>
      </trkpt>
      <trkpt lat="40.95426371321082" lon="-121.56027993187308">
        <time>2005-07-25T07:35:47-07:00</time>
      </trkpt>
      <trkpt lat="40.954263461753726" lon="-121.56028118915856">
        <time>2005-07-25T07:35:53-07:00</time>
      </trkpt>
      <trkpt lat="40.95424988307059" lon="-121.5602775849402">
        <time>2005-07-25T07:35:59-07:00</time>
      </trkpt>
      <trkpt lat="40.95424988307059" lon="-121.5602775849402">
        <time>2005-07-25T07:36:00-07:00</time>
      </trkpt>
      <trkpt lat="40.95425155945122" lon="-121.56026098877192">
        <time>2005-07-25T07:36:08-07:00</time>
      </trkpt>
      <trkpt lat="40.95423496328294" lon="-121.56024095602334">
        <time>2005-07-25T07:36:10-07:00</time>
      </trkpt>
      <trkpt lat="40.954237980768085" lon="-121.56023726798594">
        <time>2005-07-25T07:36:20-07:00</time>
      </trkpt>
      <trkpt lat="40.954237561672926" lon="-121.56024665571749">
        <time>2005-07-25T07:36:28-07:00</time>
      </trkpt>
      <trkpt lat="40.95423496328294" lon="-121.56025746837258">
        <time>2005-07-25T07:36:33-07:00</time>
      </trkpt>
      <trkpt lat="40.95423345454037" lon="-121.56025713309646">
        <time>2005-07-25T07:36:36-07:00</time>
      </trkpt>
      <trkpt lat="40.95423345454037" lon="-121.56025713309646">
        <time>2005-07-25T07:36:44-07:00</time>
      </trkpt>
      <trkpt lat="40.95423345454037" lon="-121.56025713309646">
        <time>2005-07-25T07:36:47-07:00</time>
      </trkpt>
      <trkpt lat="40.95423345454037" lon="-121.56025713309646">
        <time>2005-07-25T07:36:50-07:00</time>
      </trkpt>
      <trkpt lat="40.954233622178435" lon="-121.56025034375489">
        <time>2005-07-25T07:37:13-07:00</time>
      </trkpt>
      <trkpt lat="40.95423982478678" lon="-121.56025084666908">
        <time>2005-07-25T07:37:19-07:00</time>
      </trkpt>
      <trkpt lat="40.954240914434195" lon="-121.56025059521198">
        <time>2005-07-25T07:37:37-07:00</time>
      </trkpt>
      <trkpt lat="40.954245692119" lon="-121.56025336124003">
        <time>2005-07-25T07:37:50-07:00</time>
      </trkpt>
      <trkpt lat="40.9542493801564" lon="-121.56025629490614">
        <time>2005-07-25T07:37:52-07:00</time>
      </trkpt>
      <trkpt lat="40.954250972718" lon="-121.56025101430714">
        <time>2005-07-25T07:38:01-07:00</time>
      </trkpt>
      <trkpt lat="40.95425524748862" lon="-121.56025109812617">
        <time>2005-07-25T07:38:14-07:00</time>
      </trkpt>
      <trkpt lat="40.95425927080214" lon="-121.56025361269712">
        <time>2005-07-25T07:38:16-07:00</time>
      </trkpt>
      <trkpt lat="40.95425591804087" lon="-121.56025872565806">
        <time>2005-07-25T07:38:18-07:00</time>
      </trkpt>
      <trkpt lat="40.95424803905189" lon="-121.56024472787976">
        <time>2005-07-25T07:38:20-07:00</time>
      </trkpt>
      <trkpt lat="40.95425030216575" lon="-121.56024841591716">
        <time>2005-07-25T07:38:25-07:00</time>
      </trkpt>
      <trkpt lat="40.95424946397543" lon="-121.56024975702167">
        <time>2005-07-25T07:38:34-07:00</time>
      </trkpt>
      <trkpt lat="40.95424787141383" lon="-121.56024975702167">
        <time>2005-07-25T07:38:39-07:00</time>
      </trkpt>
      <trkpt lat="40.954246278852224" lon="-121.5602498408407">
        <time>2005-07-25T07:38:40-07:00</time>
      </trkpt>
      <trkpt lat="40.9542440995574" lon="-121.560247996822">
        <time>2005-07-25T07:38:41-07:00</time>
      </trkpt>
      <trkpt lat="40.954243345186114" lon="-121.56024741008878">
        <time>2005-07-25T07:38:42-07:00</time>
      </trkpt>
      <trkpt lat="40.95424275845289" lon="-121.56024011783302">
        <time>2005-07-25T07:38:44-07:00</time>
      </trkpt>
      <trkpt lat="40.95424275845289" lon="-121.56024011783302">
        <time>2005-07-25T07:38:45-07:00</time>
      </trkpt>
      <trkpt lat="40.95424166880548" lon="-121.56023894436657">
        <time>2005-07-25T07:38:50-07:00</time>
      </trkpt>
      <trkpt lat="40.954234628006816" lon="-121.56023140065372">
        <time>2005-07-25T07:38:53-07:00</time>
      </trkpt>
      <trkpt lat="40.95422473736107" lon="-121.56023282557726">
        <time>2005-07-25T07:38:58-07:00</time>
      </trkpt>
      <trkpt lat="40.95422440208495" lon="-121.56023282557726">
        <time>2005-07-25T07:39:06-07:00</time>
      </trkpt>
      <trkpt lat="40.95421870239079" lon="-121.56024053692818">
        <time>2005-07-25T07:39:15-07:00</time>
      </trkpt>
      <trkpt lat="40.95422909595072" lon="-121.56023978255689">
        <time>2005-07-25T07:39:18-07:00</time>
      </trkpt>
      <trkpt lat="40.95423186197877" lon="-121.56023642979562">
        <time>2005-07-25T07:39:30-07:00</time>
      </trkpt>
      <trkpt lat="40.954227754846215" lon="-121.560247996822">
        <time>2005-07-25T07:39:40-07:00</time>
      </trkpt>
      <trkpt lat="40.954249296337366" lon="-121.56024606898427">
        <time>2005-07-25T07:39:43-07:00</time>
      </trkpt>
      <trkpt lat="40.954262455925345" lon="-121.56024003401399">
        <time>2005-07-25T07:39:56-07:00</time>
      </trkpt>
      <trkpt lat="40.95426061190665" lon="-121.56024372205138">
        <time>2005-07-25T07:40:01-07:00</time>
      </trkpt>
      <trkpt lat="40.954261533916" lon="-121.56024338677526">
        <time>2005-07-25T07:40:08-07:00</time>
      </trkpt>
      <trkpt lat="40.95426111482084" lon="-121.56024355441332">
        <time>2005-07-25T07:40:15-07:00</time>
      </trkpt>
      <trkpt lat="40.95426061190665" lon="-121.56024388968945">
        <time>2005-07-25T07:40:16-07:00</time>
      </trkpt>
      <trkpt lat="40.95426228828728" lon="-121.56024212948978">
        <time>2005-07-25T07:40:17-07:00</time>
      </trkpt>
      <trkpt lat="40.95426228828728" lon="-121.560242716223">
        <time>2005-07-25T07:40:18-07:00</time>
      </trkpt>
      <trkpt lat="40.95425927080214" lon="-121.5602464042604">
        <time>2005-07-25T07:40:19-07:00</time>
      </trkpt>
      <trkpt lat="40.9542491286993" lon="-121.56025160104036">
        <time>2005-07-25T07:40:20-07:00</time>
      </trkpt>
      <trkpt lat="40.9542475361377" lon="-121.56025235541165">
        <time>2005-07-25T07:40:23-07:00</time>
      </trkpt>
      <trkpt lat="40.95424368046224" lon="-121.56025059521198">
        <time>2005-07-25T07:40:31-07:00</time>
      </trkpt>
      <trkpt lat="40.95424854196608" lon="-121.56025042757392">
        <time>2005-07-25T07:40:32-07:00</time>
      </trkpt>
      <trkpt lat="40.95424837432802" lon="-121.5602548699826">
        <time>2005-07-25T07:40:36-07:00</time>
      </trkpt>
      <trkpt lat="40.95424845814705" lon="-121.56025478616357">
        <time>2005-07-25T07:40:44-07:00</time>
      </trkpt>
      <trkpt lat="40.95424518920481" lon="-121.56025688163936">
        <time>2005-07-25T07:40:49-07:00</time>
      </trkpt>
      <trkpt lat="40.95424946397543" lon="-121.56025679782033">
        <time>2005-07-25T07:40:50-07:00</time>
      </trkpt>
      <trkpt lat="40.954248793423176" lon="-121.5602614916861">
        <time>2005-07-25T07:40:55-07:00</time>
      </trkpt>
      <trkpt lat="40.95425139181316" lon="-121.56026107259095">
        <time>2005-07-25T07:40:58-07:00</time>
      </trkpt>
      <trkpt lat="40.954265808686614" lon="-121.560263838619">
        <time>2005-07-25T07:41:05-07:00</time>
      </trkpt>
      <trkpt lat="40.9542631264776" lon="-121.56026693992317">
        <time>2005-07-25T07:41:07-07:00</time>
      </trkpt>
      <trkpt lat="40.95426572486758" lon="-121.56025839038193">
        <time>2005-07-25T07:41:15-07:00</time>
      </trkpt>
      <trkpt lat="40.954268826171756" lon="-121.56024514697492">
        <time>2005-07-25T07:41:18-07:00</time>
      </trkpt>
      <trkpt lat="40.954265305772424" lon="-121.56024975702167">
        <time>2005-07-25T07:41:22-07:00</time>
      </trkpt>
      <trkpt lat="40.954265389591455" lon="-121.56025134958327">
        <time>2005-07-25T07:41:30-07:00</time>
      </trkpt>
      <trkpt lat="40.954265389591455" lon="-121.56025134958327">
        <time>2005-07-25T07:41:36-07:00</time>
      </trkpt>
      <trkpt lat="40.954265389591455" lon="-121.56025134958327">
        <time>2005-07-25T07:41:41-07:00</time>
      </trkpt>
      <trkpt lat="40.954265389591455" lon="-121.56025134958327">
        <time>2005-07-25T07:41:46-07:00</time>
      </trkpt>
      <trkpt lat="40.954268826171756" lon="-121.5602514334023">
        <time>2005-07-25T07:41:49-07:00</time>
      </trkpt>
      <trkpt lat="40.954270251095295" lon="-121.56024833209813">
        <time>2005-07-25T07:41:55-07:00</time>
      </trkpt>
      <trkpt lat="40.95427435822785" lon="-121.56024179421365">
        <time>2005-07-25T07:41:56-07:00</time>
      </trkpt>
      <trkpt lat="40.954265389591455" lon="-121.56025134958327">
        <time>2005-07-25T07:41:57-07:00</time>
      </trkpt>
      <trkpt lat="40.954265389591455" lon="-121.56025134958327">
        <time>2005-07-25T07:42:01-07:00</time>
      </trkpt>
      <trkpt lat="40.954265389591455" lon="-121.56025134958327">
        <time>2005-07-25T07:42:06-07:00</time>
      </trkpt>
      <trkpt lat="40.954265389591455" lon="-121.56025134958327">
        <time>2005-07-25T07:42:11-07:00</time>
      </trkpt>
      <trkpt lat="40.954258013516665" lon="-121.56025948002934">
        <time>2005-07-25T07:42:23-07:00</time>
      </trkpt>
      <trkpt lat="40.95424401573837" lon="-121.56024841591716">
        <time>2005-07-25T07:42:33-07:00</time>
      </trkpt>
      <trkpt lat="40.954245356842875" lon="-121.56024749390781">
        <time>2005-07-25T07:42:53-07:00</time>
      </trkpt>
      <trkpt lat="40.954261533916" lon="-121.56025612726808">
        <time>2005-07-25T07:43:05-07:00</time>
      </trkpt>
      <trkpt lat="40.95428617671132" lon="-121.5602477453649">
        <time>2005-07-25T07:43:06-07:00</time>
      </trkpt>
      <trkpt lat="40.95426186919212" lon="-121.56021455302835">
        <time>2005-07-25T07:43:21-07:00</time>
      </trkpt>
      <trkpt lat="40.95425675623119" lon="-121.56018312089145">
        <time>2005-07-25T07:43:26-07:00</time>
      </trkpt>
      <trkpt lat="40.95424703322351" lon="-121.56016015447676">
        <time>2005-07-25T07:43:31-07:00</time>
      </trkpt>
      <trkpt lat="40.95424359664321" lon="-121.56015118584037">
        <time>2005-07-25T07:43:35-07:00</time>
      </trkpt>
      <trkpt lat="40.95424016006291" lon="-121.56014204956591">
        <time>2005-07-25T07:43:37-07:00</time>
      </trkpt>
      <trkpt lat="40.954238986596465" lon="-121.56014733016491">
        <time>2005-07-25T07:43:38-07:00</time>
      </trkpt>
      <trkpt lat="40.95424845814705" lon="-121.56017180532217">
        <time>2005-07-25T07:43:39-07:00</time>
      </trkpt>
      <trkpt lat="40.954252146184444" lon="-121.56017306260765">
        <time>2005-07-25T07:43:47-07:00</time>
      </trkpt>
      <trkpt lat="40.95425248146057" lon="-121.5601790137589">
        <time>2005-07-25T07:43:55-07:00</time>
      </trkpt>
      <trkpt lat="40.95425231382251" lon="-121.5601837914437">
        <time>2005-07-25T07:44:04-07:00</time>
      </trkpt>
      <trkpt lat="40.954261533916" lon="-121.56019443646073">
        <time>2005-07-25T07:44:05-07:00</time>
      </trkpt>
      <trkpt lat="40.95425684005022" lon="-121.56018840149045">
        <time>2005-07-25T07:44:07-07:00</time>
      </trkpt>
      <trkpt lat="40.954254074022174" lon="-121.56017431989312">
        <time>2005-07-25T07:44:15-07:00</time>
      </trkpt>
      <trkpt lat="40.95425088889897" lon="-121.56016987748444">
        <time>2005-07-25T07:44:19-07:00</time>
      </trkpt>
      <trkpt lat="40.95425449311733" lon="-121.56017675064504">
        <time>2005-07-25T07:44:26-07:00</time>
      </trkpt>
      <trkpt lat="40.95425231382251" lon="-121.5601840429008">
        <time>2005-07-25T07:44:28-07:00</time>
      </trkpt>
      <trkpt lat="40.95425055362284" lon="-121.5601700451225">
        <time>2005-07-25T07:44:33-07:00</time>
      </trkpt>
      <trkpt lat="40.95424770377576" lon="-121.56015353277326">
        <time>2005-07-25T07:44:37-07:00</time>
      </trkpt>
      <trkpt lat="40.954249799251556" lon="-121.5601666085422">
        <time>2005-07-25T07:44:45-07:00</time>
      </trkpt>
      <trkpt lat="40.95424904488027" lon="-121.56016912311316">
        <time>2005-07-25T07:44:54-07:00</time>
      </trkpt>
      <trkpt lat="40.95424711704254" lon="-121.56017323024571">
        <time>2005-07-25T07:44:58-07:00</time>
      </trkpt>
      <trkpt lat="40.95423102378845" lon="-121.56017725355923">
        <time>2005-07-25T07:45:01-07:00</time>
      </trkpt>
      <trkpt lat="40.95423546619713" lon="-121.56015068292618">
        <time>2005-07-25T07:45:03-07:00</time>
      </trkpt>
      <trkpt lat="40.9542301017791" lon="-121.56013651750982">
        <time>2005-07-25T07:45:16-07:00</time>
      </trkpt>
      <trkpt lat="40.95423663966358" lon="-121.56013106927276">
        <time>2005-07-25T07:45:26-07:00</time>
      </trkpt>
      <trkpt lat="40.954240495339036" lon="-121.56013014726341">
        <time>2005-07-25T07:45:38-07:00</time>
      </trkpt>
      <trkpt lat="40.954229263588786" lon="-121.5601322427392">
        <time>2005-07-25T07:45:47-07:00</time>
      </trkpt>
      <trkpt lat="40.95422708429396" lon="-121.56013031490147">
        <time>2005-07-25T07:45:52-07:00</time>
      </trkpt>
      <trkpt lat="40.954223312437534" lon="-121.56012821942568">
        <time>2005-07-25T07:45:59-07:00</time>
      </trkpt>
      <trkpt lat="40.95422591082752" lon="-121.56012645922601">
        <time>2005-07-25T07:46:04-07:00</time>
      </trkpt>
      <trkpt lat="40.954226749017835" lon="-121.56012587249279">
        <time>2005-07-25T07:46:11-07:00</time>
      </trkpt>
      <trkpt lat="40.95422364771366" lon="-121.56013341620564">
        <time>2005-07-25T07:46:13-07:00</time>
      </trkpt>
      <trkpt lat="40.95422356389463" lon="-121.5601324941963">
        <time>2005-07-25T07:46:17-07:00</time>
      </trkpt>
      <trkpt lat="40.95422398298979" lon="-121.56012956053019">
        <time>2005-07-25T07:46:22-07:00</time>
      </trkpt>
      <trkpt lat="40.95422398298979" lon="-121.56012629158795">
        <time>2005-07-25T07:46:31-07:00</time>
      </trkpt>
      <trkpt lat="40.95422398298979" lon="-121.56012629158795">
        <time>2005-07-25T07:46:34-07:00</time>
      </trkpt>
      <trkpt lat="40.95422398298979" lon="-121.56012629158795">
        <time>2005-07-25T07:46:48-07:00</time>
      </trkpt>
      <trkpt lat="40.95423093996942" lon="-121.56014163047075">
        <time>2005-07-25T07:46:51-07:00</time>
      </trkpt>
      <trkpt lat="40.95423102378845" lon="-121.56014003790915">
        <time>2005-07-25T07:46:56-07:00</time>
      </trkpt>
      <trkpt lat="40.95423077233136" lon="-121.56013844534755">
        <time>2005-07-25T07:47:12-07:00</time>
      </trkpt>
      <trkpt lat="40.95422398298979" lon="-121.56012629158795">
        <time>2005-07-25T07:47:14-07:00</time>
      </trkpt>
      <trkpt lat="40.95422146841884" lon="-121.56010491773486">
        <time>2005-07-25T07:47:15-07:00</time>
      </trkpt>
      <trkpt lat="40.9542234800756" lon="-121.56010583974421">
        <time>2005-07-25T07:47:19-07:00</time>
      </trkpt>
      <trkpt lat="40.95422113314271" lon="-121.56010651029646">
        <time>2005-07-25T07:47:29-07:00</time>
      </trkpt>
      <trkpt lat="40.95421174541116" lon="-121.56009745784104">
        <time>2005-07-25T07:47:33-07:00</time>
      </trkpt>
      <trkpt lat="40.95421149395406" lon="-121.5601129643619">
        <time>2005-07-25T07:47:35-07:00</time>
      </trkpt>
      <trkpt lat="40.95421786420047" lon="-121.56011246144772">
        <time>2005-07-25T07:47:39-07:00</time>
      </trkpt>
      <trkpt lat="40.954220881685615" lon="-121.5601081866771">
        <time>2005-07-25T07:47:47-07:00</time>
      </trkpt>
      <trkpt lat="40.954228173941374" lon="-121.56010466627777">
        <time>2005-07-25T07:47:53-07:00</time>
      </trkpt>
      <trkpt lat="40.95422985032201" lon="-121.56010391190648">
        <time>2005-07-25T07:47:57-07:00</time>
      </trkpt>
      <trkpt lat="40.95423370599747" lon="-121.56011036597192">
        <time>2005-07-25T07:47:59-07:00</time>
      </trkpt>
      <trkpt lat="40.954234628006816" lon="-121.56011053360999">
        <time>2005-07-25T07:48:05-07:00</time>
      </trkpt>
      <trkpt lat="40.95423622056842" lon="-121.56011237762868">
        <time>2005-07-25T07:48:08-07:00</time>
      </trkpt>
      <trkpt lat="40.9542356338352" lon="-121.56011933460832">
        <time>2005-07-25T07:48:09-07:00</time>
      </trkpt>
      <trkpt lat="40.95423487946391" lon="-121.56011790968478">
        <time>2005-07-25T07:48:10-07:00</time>
      </trkpt>
      <trkpt lat="40.95423387363553" lon="-121.56011723913252">
        <time>2005-07-25T07:48:15-07:00</time>
      </trkpt>
      <trkpt lat="40.954235130921006" lon="-121.56011614948511">
        <time>2005-07-25T07:48:21-07:00</time>
      </trkpt>
      <trkpt lat="40.95423370599747" lon="-121.56011749058962">
        <time>2005-07-25T07:48:22-07:00</time>
      </trkpt>
      <trkpt lat="40.95423387363553" lon="-121.56011790968478">
        <time>2005-07-25T07:48:23-07:00</time>
      </trkpt>
      <trkpt lat="40.954235047101974" lon="-121.56011581420898">
        <time>2005-07-25T07:48:26-07:00</time>
      </trkpt>
      <trkpt lat="40.954238483682275" lon="-121.56011715531349">
        <time>2005-07-25T07:48:28-07:00</time>
      </trkpt>
      <trkpt lat="40.954239908605814" lon="-121.5601187478751">
        <time>2005-07-25T07:48:29-07:00</time>
      </trkpt>
      <trkpt lat="40.95424007624388" lon="-121.560113215819">
        <time>2005-07-25T07:48:33-07:00</time>
      </trkpt>
      <trkpt lat="40.95423622056842" lon="-121.56011992134154">
        <time>2005-07-25T07:48:36-07:00</time>
      </trkpt>
      <trkpt lat="40.954236555844545" lon="-121.5601060912013">
        <time>2005-07-25T07:48:42-07:00</time>
      </trkpt>
      <trkpt lat="40.95423479564488" lon="-121.5600976254791">
        <time>2005-07-25T07:48:47-07:00</time>
      </trkpt>
      <trkpt lat="40.95423714257777" lon="-121.56009544618428">
        <time>2005-07-25T07:48:58-07:00</time>
      </trkpt>
      <trkpt lat="40.954229766502976" lon="-121.56009930185974">
        <time>2005-07-25T07:49:03-07:00</time>
      </trkpt>
      <trkpt lat="40.9542422555387" lon="-121.56009117141366">
        <time>2005-07-25T07:49:09-07:00</time>
      </trkpt>
      <trkpt lat="40.95424217171967" lon="-121.56008949503303">
        <time>2005-07-25T07:49:19-07:00</time>
      </trkpt>
      <trkpt lat="40.954242842271924" lon="-121.560089411214">
        <time>2005-07-25T07:49:27-07:00</time>
      </trkpt>
      <trkpt lat="40.954242339357734" lon="-121.56008932739496">
        <time>2005-07-25T07:49:29-07:00</time>
      </trkpt>
      <trkpt lat="40.954246362671256" lon="-121.56009024940431">
        <time>2005-07-25T07:49:30-07:00</time>
      </trkpt>
      <trkpt lat="40.95424510538578" lon="-121.56009502708912">
        <time>2005-07-25T07:49:34-07:00</time>
      </trkpt>
      <trkpt lat="40.9542356338352" lon="-121.56011329963803">
        <time>2005-07-25T07:49:41-07:00</time>
      </trkpt>
      <trkpt lat="40.9542319457978" lon="-121.56012427993119">
        <time>2005-07-25T07:49:51-07:00</time>
      </trkpt>
      <trkpt lat="40.95422993414104" lon="-121.56011623330414">
        <time>2005-07-25T07:50:00-07:00</time>
      </trkpt>
      <trkpt lat="40.954229179769754" lon="-121.560118496418">
        <time>2005-07-25T07:50:08-07:00</time>
      </trkpt>
      <trkpt lat="40.954226749017835" lon="-121.56011950224638">
        <time>2005-07-25T07:50:12-07:00</time>
      </trkpt>
      <trkpt lat="40.95422934740782" lon="-121.56011841259897">
        <time>2005-07-25T07:50:14-07:00</time>
      </trkpt>
      <trkpt lat="40.95422456972301" lon="-121.5601324941963">
        <time>2005-07-25T07:50:16-07:00</time>
      </trkpt>
      <trkpt lat="40.954218953847885" lon="-121.56012436375022">
        <time>2005-07-25T07:50:18-07:00</time>
      </trkpt>
      <trkpt lat="40.954214008525014" lon="-121.56011966988444">
        <time>2005-07-25T07:50:25-07:00</time>
      </trkpt>
      <trkpt lat="40.954208727926016" lon="-121.56012788414955">
        <time>2005-07-25T07:50:33-07:00</time>
      </trkpt>
      <trkpt lat="40.95421006903052" lon="-121.56010709702969">
        <time>2005-07-25T07:50:40-07:00</time>
      </trkpt>
      <trkpt lat="40.95420856028795" lon="-121.56010768376291">
        <time>2005-07-25T07:50:48-07:00</time>
      </trkpt>
      <trkpt lat="40.95421275123954" lon="-121.5601084381342">
        <time>2005-07-25T07:50:55-07:00</time>
      </trkpt>
      <trkpt lat="40.95421283505857" lon="-121.56010667793453">
        <time>2005-07-25T07:50:57-07:00</time>
      </trkpt>
      <trkpt lat="40.95421266742051" lon="-121.56010785140097">
        <time>2005-07-25T07:51:05-07:00</time>
      </trkpt>
      <trkpt lat="40.954214092344046" lon="-121.56010919250548">
        <time>2005-07-25T07:51:07-07:00</time>
      </trkpt>
      <trkpt lat="40.95422146841884" lon="-121.560097374022">
        <time>2005-07-25T07:51:12-07:00</time>
      </trkpt>
      <trkpt lat="40.95422180369496" lon="-121.56010248698294">
        <time>2005-07-25T07:51:16-07:00</time>
      </trkpt>
      <trkpt lat="40.954228257760406" lon="-121.56010525301099">
        <time>2005-07-25T07:51:26-07:00</time>
      </trkpt>
      <trkpt lat="40.95423588529229" lon="-121.560123777017">
        <time>2005-07-25T07:51:29-07:00</time>
      </trkpt>
      <trkpt lat="40.954251727089286" lon="-121.5601671114564">
        <time>2005-07-25T07:51:35-07:00</time>
      </trkpt>
      <trkpt lat="40.95427234657109" lon="-121.56023886054754">
        <time>2005-07-25T07:51:38-07:00</time>
      </trkpt>
      <trkpt lat="40.95427142456174" lon="-121.56026157550514">
        <time>2005-07-25T07:51:42-07:00</time>
      </trkpt>
      <trkpt lat="40.95427243039012" lon="-121.56026375479996">
        <time>2005-07-25T07:51:50-07:00</time>
      </trkpt>
      <trkpt lat="40.95427603460848" lon="-121.56026476062834">
        <time>2005-07-25T07:51:55-07:00</time>
      </trkpt>
      <trkpt lat="40.9542665630579" lon="-121.56022251583636">
        <time>2005-07-25T07:51:57-07:00</time>
      </trkpt>
      <trkpt lat="40.95426463522017" lon="-121.56020608730614">
        <time>2005-07-25T07:51:59-07:00</time>
      </trkpt>
      <trkpt lat="40.954263377934694" lon="-121.56020558439195">
        <time>2005-07-25T07:52:05-07:00</time>
      </trkpt>
      <trkpt lat="40.95426321029663" lon="-121.56020558439195">
        <time>2005-07-25T07:52:12-07:00</time>
      </trkpt>
      <trkpt lat="40.95426321029663" lon="-121.56020558439195">
        <time>2005-07-25T07:52:13-07:00</time>
      </trkpt>
      <trkpt lat="40.95426321029663" lon="-121.56020558439195">
        <time>2005-07-25T07:52:19-07:00</time>
      </trkpt>
      <trkpt lat="40.95426321029663" lon="-121.56020558439195">
        <time>2005-07-25T07:52:21-07:00</time>
      </trkpt>
      <trkpt lat="40.954270754009485" lon="-121.56025336124003">
        <time>2005-07-25T07:52:30-07:00</time>
      </trkpt>
      <trkpt lat="40.95426119863987" lon="-121.56026266515255">
        <time>2005-07-25T07:52:33-07:00</time>
      </trkpt>
      <trkpt lat="40.954263880848885" lon="-121.56025813892484">
        <time>2005-07-25T07:52:39-07:00</time>
      </trkpt>
      <trkpt lat="40.95426304265857" lon="-121.56026350334287">
        <time>2005-07-25T07:52:47-07:00</time>
      </trkpt>
      <trkpt lat="40.95426253974438" lon="-121.56026316806674">
        <time>2005-07-25T07:52:57-07:00</time>
      </trkpt>
      <trkpt lat="40.95425960607827" lon="-121.56025813892484">
        <time>2005-07-25T07:53:03-07:00</time>
      </trkpt>
      <trkpt lat="40.954256588593125" lon="-121.56025235541165">
        <time>2005-07-25T07:53:04-07:00</time>
      </trkpt>
      <trkpt lat="40.95425667241216" lon="-121.56025185249746">
        <time>2005-07-25T07:53:06-07:00</time>
      </trkpt>
      <trkpt lat="40.95425977371633" lon="-121.56025453470647">
        <time>2005-07-25T07:53:08-07:00</time>
      </trkpt>
      <trkpt lat="40.954262958839536" lon="-121.56025160104036">
        <time>2005-07-25T07:53:10-07:00</time>
      </trkpt>
      <trkpt lat="40.954262958839536" lon="-121.56024179421365">
        <time>2005-07-25T07:53:21-07:00</time>
      </trkpt>
      <trkpt lat="40.95425977371633" lon="-121.56025453470647">
        <time>2005-07-25T07:53:24-07:00</time>
      </trkpt>
      <trkpt lat="40.95425977371633" lon="-121.56025269068778">
        <time>2005-07-25T07:53:27-07:00</time>
      </trkpt>
      <trkpt lat="40.954269748181105" lon="-121.56024321913719">
        <time>2005-07-25T07:53:41-07:00</time>
      </trkpt>
      <trkpt lat="40.95425977371633" lon="-121.56025453470647">
        <time>2005-07-25T07:53:50-07:00</time>
      </trkpt>
      <trkpt lat="40.95426890999079" lon="-121.56023617833853">
        <time>2005-07-25T07:54:00-07:00</time>
      </trkpt>
      <trkpt lat="40.95425692386925" lon="-121.56025352887809">
        <time>2005-07-25T07:54:04-07:00</time>
      </trkpt>
      <trkpt lat="40.954245356842875" lon="-121.56025713309646">
        <time>2005-07-25T07:54:33-07:00</time>
      </trkpt>
      <trkpt lat="40.954251140356064" lon="-121.56025445088744">
        <time>2005-07-25T07:54:48-07:00</time>
      </trkpt>
      <trkpt lat="40.954252230003476" lon="-121.56025352887809">
        <time>2005-07-25T07:55:00-07:00</time>
      </trkpt>
      <trkpt lat="40.954252230003476" lon="-121.56025352887809">
        <time>2005-07-25T07:55:04-07:00</time>
      </trkpt>
      <trkpt lat="40.954252230003476" lon="-121.56025352887809">
        <time>2005-07-25T07:55:16-07:00</time>
      </trkpt>
      <trkpt lat="40.954252230003476" lon="-121.56025352887809">
        <time>2005-07-25T07:55:40-07:00</time>
      </trkpt>
      <trkpt lat="40.95424803905189" lon="-121.5602395310998">
        <time>2005-07-25T07:56:02-07:00</time>
      </trkpt>
      <trkpt lat="40.95424653030932" lon="-121.56025411561131">
        <time>2005-07-25T07:56:05-07:00</time>
      </trkpt>
      <trkpt lat="40.95423823222518" lon="-121.56024330295622">
        <time>2005-07-25T07:56:12-07:00</time>
      </trkpt>
      <trkpt lat="40.9542406629771" lon="-121.56024757772684">
        <time>2005-07-25T07:56:16-07:00</time>
      </trkpt>
      <trkpt lat="40.95425181090832" lon="-121.56025554053485">
        <time>2005-07-25T07:56:28-07:00</time>
      </trkpt>
      <trkpt lat="40.95425147563219" lon="-121.56025059521198">
        <time>2005-07-25T07:56:32-07:00</time>
      </trkpt>
      <trkpt lat="40.95425549894571" lon="-121.56023869290948">
        <time>2005-07-25T07:56:38-07:00</time>
      </trkpt>
      <trkpt lat="40.95425323583186" lon="-121.56023777090013">
        <time>2005-07-25T07:56:45-07:00</time>
      </trkpt>
      <trkpt lat="40.95425684005022" lon="-121.56024129129946">
        <time>2005-07-25T07:56:48-07:00</time>
      </trkpt>
      <trkpt lat="40.954250218346715" lon="-121.56023684889078">
        <time>2005-07-25T07:56:51-07:00</time>
      </trkpt>
      <trkpt lat="40.95424326136708" lon="-121.5602390281856">
        <time>2005-07-25T07:56:56-07:00</time>
      </trkpt>
      <trkpt lat="40.954236052930355" lon="-121.56024280004203">
        <time>2005-07-25T07:57:04-07:00</time>
      </trkpt>
      <trkpt lat="40.954246781766415" lon="-121.56023492105305">
        <time>2005-07-25T07:57:16-07:00</time>
      </trkpt>
      <trkpt lat="40.954246781766415" lon="-121.56023492105305">
        <time>2005-07-25T07:57:21-07:00</time>
      </trkpt>
      <trkpt lat="40.954246781766415" lon="-121.56023492105305">
        <time>2005-07-25T07:57:39-07:00</time>
      </trkpt>
      <trkpt lat="40.954246781766415" lon="-121.56023492105305">
        <time>2005-07-25T07:57:45-07:00</time>
      </trkpt>
      <trkpt lat="40.954246781766415" lon="-121.56023492105305">
        <time>2005-07-25T07:57:53-07:00</time>
      </trkpt>
      <trkpt lat="40.954246781766415" lon="-121.56023492105305">
        <time>2005-07-25T07:58:05-07:00</time>
      </trkpt>
      <trkpt lat="40.954246781766415" lon="-121.56023492105305">
        <time>2005-07-25T07:58:14-07:00</time>
      </trkpt>
      <trkpt lat="40.95425206236541" lon="-121.56025093048811">
        <time>2005-07-25T07:58:27-07:00</time>
      </trkpt>
      <trkpt lat="40.95424761995673" lon="-121.56024414114654">
        <time>2005-07-25T07:58:37-07:00</time>
      </trkpt>
      <trkpt lat="40.95424795523286" lon="-121.56024187803268">
        <time>2005-07-25T07:58:53-07:00</time>
      </trkpt>
      <trkpt lat="40.95425013452768" lon="-121.560237435624">
        <time>2005-07-25T07:59:07-07:00</time>
      </trkpt>
      <trkpt lat="40.95425826497376" lon="-121.56024288386106">
        <time>2005-07-25T07:59:09-07:00</time>
      </trkpt>
      <trkpt lat="40.95425063744187" lon="-121.56024338677526">
        <time>2005-07-25T07:59:14-07:00</time>
      </trkpt>
      <trkpt lat="40.95425030216575" lon="-121.56024305149913">
        <time>2005-07-25T07:59:20-07:00</time>
      </trkpt>
      <trkpt lat="40.9542493801564" lon="-121.56024397350848">
        <time>2005-07-25T07:59:30-07:00</time>
      </trkpt>
      <trkpt lat="40.954246781766415" lon="-121.56023492105305">
        <time>2005-07-25T07:59:31-07:00</time>
      </trkpt>
      <trkpt lat="40.954246781766415" lon="-121.56023492105305">
        <time>2005-07-25T07:59:33-07:00</time>
      </trkpt>
      <trkpt lat="40.954246781766415" lon="-121.56023492105305">
        <time>2005-07-25T07:59:36-07:00</time>
      </trkpt>
      <trkpt lat="40.954235047101974" lon="-121.56025386415422">
        <time>2005-07-25T07:59:58-07:00</time>
      </trkpt>
      <trkpt lat="40.954243931919336" lon="-121.56026534736156">
        <time>2005-07-25T08:00:01-07:00</time>
      </trkpt>
      <trkpt lat="40.954243931919336" lon="-121.56026534736156">
        <time>2005-07-25T08:00:25-07:00</time>
      </trkpt>
      <trkpt lat="40.954243931919336" lon="-121.56026534736156">
        <time>2005-07-25T08:00:36-07:00</time>
      </trkpt>
      <trkpt lat="40.954243931919336" lon="-121.56026534736156">
        <time>2005-07-25T08:00:48-07:00</time>
      </trkpt>
      <trkpt lat="40.954243931919336" lon="-121.56026534736156">
        <time>2005-07-25T08:00:54-07:00</time>
      </trkpt>
      <trkpt lat="40.954243931919336" lon="-121.56026534736156">
        <time>2005-07-25T08:00:58-07:00</time>
      </trkpt>
      <trkpt lat="40.954243931919336" lon="-121.56026534736156">
        <time>2005-07-25T08:00:59-07:00</time>
      </trkpt>
      <trkpt lat="40.954243931919336" lon="-121.56026534736156">
        <time>2005-07-25T08:01:00-07:00</time>
      </trkpt>
      <trkpt lat="40.9542528167367" lon="-121.56025009229779">
        <time>2005-07-25T08:01:06-07:00</time>
      </trkpt>
      <trkpt lat="40.9542491286993" lon="-121.56024321913719">
        <time>2005-07-25T08:01:19-07:00</time>
      </trkpt>
      <trkpt lat="40.95425474457443" lon="-121.56024665571749">
        <time>2005-07-25T08:01:38-07:00</time>
      </trkpt>
      <trkpt lat="40.95428366214037" lon="-121.56026157550514">
        <time>2005-07-25T08:01:51-07:00</time>
      </trkpt>
      <trkpt lat="40.954291792586446" lon="-121.56027356162667">
        <time>2005-07-25T08:01:58-07:00</time>
      </trkpt>
      <trkpt lat="40.95428600907326" lon="-121.5602707117796">
        <time>2005-07-25T08:02:10-07:00</time>
      </trkpt>
      <trkpt lat="40.95428173430264" lon="-121.56026870012283">
        <time>2005-07-25T08:02:14-07:00</time>
      </trkpt>
      <trkpt lat="40.95428994856775" lon="-121.56027439981699">
        <time>2005-07-25T08:02:16-07:00</time>
      </trkpt>
      <trkpt lat="40.954292295500636" lon="-121.56030197627842">
        <time>2005-07-25T08:02:17-07:00</time>
      </trkpt>
      <trkpt lat="40.95429883338511" lon="-121.56028898432851">
        <time>2005-07-25T08:02:24-07:00</time>
      </trkpt>
      <trkpt lat="40.95430067740381" lon="-121.56028253026307">
        <time>2005-07-25T08:02:29-07:00</time>
      </trkpt>
      <trkpt lat="40.954297576099634" lon="-121.56029812060297">
        <time>2005-07-25T08:02:35-07:00</time>
      </trkpt>
      <trkpt lat="40.95428206957877" lon="-121.56026618555188">
        <time>2005-07-25T08:02:43-07:00</time>
      </trkpt>
      <trkpt lat="40.95428517088294" lon="-121.56027833931148">
        <time>2005-07-25T08:02:49-07:00</time>
      </trkpt>
      <trkpt lat="40.954292798414826" lon="-121.56029510311782">
        <time>2005-07-25T08:02:55-07:00</time>
      </trkpt>
      <trkpt lat="40.95429740846157" lon="-121.56028487719595">
        <time>2005-07-25T08:03:01-07:00</time>
      </trkpt>
      <trkpt lat="40.954299503937364" lon="-121.5602839551866">
        <time>2005-07-25T08:03:03-07:00</time>
      </trkpt>
      <trkpt lat="40.954305874183774" lon="-121.56028672121465">
        <time>2005-07-25T08:03:08-07:00</time>
      </trkpt>
      <trkpt lat="40.95430377870798" lon="-121.56029845587909">
        <time>2005-07-25T08:03:13-07:00</time>
      </trkpt>
      <trkpt lat="40.95430185087025" lon="-121.56029250472784">
        <time>2005-07-25T08:03:18-07:00</time>
      </trkpt>
      <trkpt lat="40.9542974922806" lon="-121.56028177589178">
        <time>2005-07-25T08:03:25-07:00</time>
      </trkpt>
      <trkpt lat="40.954294139519334" lon="-121.56027783639729">
        <time>2005-07-25T08:03:26-07:00</time>
      </trkpt>
      <trkpt lat="40.95427863299847" lon="-121.56029895879328">
        <time>2005-07-25T08:03:31-07:00</time>
      </trkpt>
      <trkpt lat="40.95426597632468" lon="-121.56026526354253">
        <time>2005-07-25T08:03:36-07:00</time>
      </trkpt>
      <trkpt lat="40.95426086336374" lon="-121.56024858355522">
        <time>2005-07-25T08:03:43-07:00</time>
      </trkpt>
      <trkpt lat="40.954259438440204" lon="-121.56024648807943">
        <time>2005-07-25T08:03:51-07:00</time>
      </trkpt>
      <trkpt lat="40.954260025173426" lon="-121.56024548225105">
        <time>2005-07-25T08:04:00-07:00</time>
      </trkpt>
      <trkpt lat="40.9542560018599" lon="-121.56024154275656">
        <time>2005-07-25T08:04:01-07:00</time>
      </trkpt>
      <trkpt lat="40.9542528167367" lon="-121.5602395310998">
        <time>2005-07-25T08:04:09-07:00</time>
      </trkpt>
      <trkpt lat="40.954248709604144" lon="-121.56024866737425">
        <time>2005-07-25T08:04:10-07:00</time>
      </trkpt>
      <trkpt lat="40.95424694940448" lon="-121.56025352887809">
        <time>2005-07-25T08:04:19-07:00</time>
      </trkpt>
      <trkpt lat="40.95424560829997" lon="-121.56025084666908">
        <time>2005-07-25T08:04:26-07:00</time>
      </trkpt>
      <trkpt lat="40.954248709604144" lon="-121.56025084666908">
        <time>2005-07-25T08:04:32-07:00</time>
      </trkpt>
      <trkpt lat="40.95425038598478" lon="-121.56024950556457">
        <time>2005-07-25T08:04:34-07:00</time>
      </trkpt>
      <trkpt lat="40.954252146184444" lon="-121.56024447642267">
        <time>2005-07-25T08:04:36-07:00</time>
      </trkpt>
      <trkpt lat="40.95426061190665" lon="-121.56024548225105">
        <time>2005-07-25T08:04:38-07:00</time>
      </trkpt>
      <trkpt lat="40.95425130799413" lon="-121.56023844145238">
        <time>2005-07-25T08:04:42-07:00</time>
      </trkpt>
      <trkpt lat="40.95425139181316" lon="-121.56024682335556">
        <time>2005-07-25T08:04:51-07:00</time>
      </trkpt>
      <trkpt lat="40.95425491221249" lon="-121.56024715863168">
        <time>2005-07-25T08:05:02-07:00</time>
      </trkpt>
      <trkpt lat="40.95426178537309" lon="-121.56027004122734">
        <time>2005-07-25T08:05:05-07:00</time>
      </trkpt>
      <trkpt lat="40.954259438440204" lon="-121.56025914475322">
        <time>2005-07-25T08:05:11-07:00</time>
      </trkpt>
      <trkpt lat="40.95426212064922" lon="-121.56026895157993">
        <time>2005-07-25T08:05:18-07:00</time>
      </trkpt>
      <trkpt lat="40.954258013516665" lon="-121.56026978977025">
        <time>2005-07-25T08:05:26-07:00</time>
      </trkpt>
      <trkpt lat="40.95426362939179" lon="-121.56027322635055">
        <time>2005-07-25T08:05:32-07:00</time>
      </trkpt>
      <trkpt lat="40.95426270738244" lon="-121.5602754894644">
        <time>2005-07-25T08:05:36-07:00</time>
      </trkpt>
      <trkpt lat="40.95426086336374" lon="-121.56027297489345">
        <time>2005-07-25T08:05:47-07:00</time>
      </trkpt>
      <trkpt lat="40.954264383763075" lon="-121.56026987358928">
        <time>2005-07-25T08:05:49-07:00</time>
      </trkpt>
      <trkpt lat="40.95426371321082" lon="-121.56027582474053">
        <time>2005-07-25T08:05:50-07:00</time>
      </trkpt>
      <trkpt lat="40.95426036044955" lon="-121.56027909368277">
        <time>2005-07-25T08:05:52-07:00</time>
      </trkpt>
      <trkpt lat="40.95425491221249" lon="-121.56028278172016">
        <time>2005-07-25T08:05:55-07:00</time>
      </trkpt>
      <trkpt lat="40.95425390638411" lon="-121.56028437428176">
        <time>2005-07-25T08:06:02-07:00</time>
      </trkpt>
      <trkpt lat="40.95425206236541" lon="-121.56027775257826">
        <time>2005-07-25T08:06:10-07:00</time>
      </trkpt>
      <trkpt lat="40.95425231382251" lon="-121.56027926132083">
        <time>2005-07-25T08:06:19-07:00</time>
      </trkpt>
      <trkpt lat="40.95425231382251" lon="-121.56026819720864">
        <time>2005-07-25T08:06:24-07:00</time>
      </trkpt>
      <trkpt lat="40.954253152012825" lon="-121.56026232987642">
        <time>2005-07-25T08:06:25-07:00</time>
      </trkpt>
      <trkpt lat="40.954248793423176" lon="-121.5602548699826">
        <time>2005-07-25T08:06:32-07:00</time>
      </trkpt>
      <trkpt lat="40.95424761995673" lon="-121.5602464042604">
        <time>2005-07-25T08:06:39-07:00</time>
      </trkpt>
      <trkpt lat="40.95424787141383" lon="-121.56025939621031">
        <time>2005-07-25T08:06:45-07:00</time>
      </trkpt>
      <trkpt lat="40.95424544066191" lon="-121.56024841591716">
        <time>2005-07-25T08:06:47-07:00</time>
      </trkpt>
      <trkpt lat="40.9542459435761" lon="-121.56024196185172">
        <time>2005-07-25T08:06:53-07:00</time>
      </trkpt>
      <trkpt lat="40.95425331965089" lon="-121.56023944728076">
        <time>2005-07-25T08:06:58-07:00</time>
      </trkpt>
      <trkpt lat="40.954254576936364" lon="-121.56024028547108">
        <time>2005-07-25T08:07:01-07:00</time>
      </trkpt>
      <trkpt lat="40.9542493801564" lon="-121.56024405732751">
        <time>2005-07-25T08:07:09-07:00</time>
      </trkpt>
      <trkpt lat="40.954252146184444" lon="-121.56025554053485">
        <time>2005-07-25T08:07:11-07:00</time>
      </trkpt>
      <trkpt lat="40.95425340346992" lon="-121.5602601505816">
        <time>2005-07-25T08:07:15-07:00</time>
      </trkpt>
      <trkpt lat="40.95425189472735" lon="-121.56027297489345">
        <time>2005-07-25T08:07:17-07:00</time>
      </trkpt>
      <trkpt lat="40.954251140356064" lon="-121.5602723043412">
        <time>2005-07-25T08:07:18-07:00</time>
      </trkpt>
      <trkpt lat="40.95425616949797" lon="-121.56028001569211">
        <time>2005-07-25T08:07:21-07:00</time>
      </trkpt>
      <trkpt lat="40.95425390638411" lon="-121.56026551499963">
        <time>2005-07-25T08:07:22-07:00</time>
      </trkpt>
      <trkpt lat="40.95424745231867" lon="-121.56025595963001">
        <time>2005-07-25T08:07:27-07:00</time>
      </trkpt>
      <trkpt lat="40.95424074679613" lon="-121.56025872565806">
        <time>2005-07-25T08:07:35-07:00</time>
      </trkpt>
      <trkpt lat="40.95424502156675" lon="-121.56026777811348">
        <time>2005-07-25T08:07:43-07:00</time>
      </trkpt>
      <trkpt lat="40.95424183644354" lon="-121.56026056967676">
        <time>2005-07-25T08:07:52-07:00</time>
      </trkpt>
      <trkpt lat="40.95425885170698" lon="-121.56027942895889">
        <time>2005-07-25T08:07:57-07:00</time>
      </trkpt>
      <trkpt lat="40.9542544092983" lon="-121.56027532182634">
        <time>2005-07-25T08:08:00-07:00</time>
      </trkpt>
      <trkpt lat="40.9542525652796" lon="-121.56027507036924">
        <time>2005-07-25T08:08:12-07:00</time>
      </trkpt>
      <trkpt lat="40.954253654927015" lon="-121.56027121469378">
        <time>2005-07-25T08:08:19-07:00</time>
      </trkpt>
      <trkpt lat="40.9542525652796" lon="-121.56026870012283">
        <time>2005-07-25T08:08:24-07:00</time>
      </trkpt>
      <trkpt lat="40.95425290055573" lon="-121.56027238816023">
        <time>2005-07-25T08:08:28-07:00</time>
      </trkpt>
      <trkpt lat="40.954249799251556" lon="-121.56025922857225">
        <time>2005-07-25T08:08:29-07:00</time>
      </trkpt>
      <trkpt lat="40.95424803905189" lon="-121.56024883501232">
        <time>2005-07-25T08:08:36-07:00</time>
      </trkpt>
      <trkpt lat="40.954254576936364" lon="-121.56025839038193">
        <time>2005-07-25T08:08:45-07:00</time>
      </trkpt>
      <trkpt lat="40.95426119863987" lon="-121.56025503762066">
        <time>2005-07-25T08:08:52-07:00</time>
      </trkpt>
      <trkpt lat="40.954259438440204" lon="-121.56024632044137">
        <time>2005-07-25T08:09:00-07:00</time>
      </trkpt>
      <trkpt lat="40.95426203683019" lon="-121.5602477453649">
        <time>2005-07-25T08:09:10-07:00</time>
      </trkpt>
      <trkpt lat="40.95425399020314" lon="-121.56024875119328">
        <time>2005-07-25T08:09:16-07:00</time>
      </trkpt>
      <trkpt lat="40.95425290055573" lon="-121.56025269068778">
        <time>2005-07-25T08:09:17-07:00</time>
      </trkpt>
      <trkpt lat="40.954253571107984" lon="-121.5602516848594">
        <time>2005-07-25T08:09:25-07:00</time>
      </trkpt>
      <trkpt lat="40.95425742678344" lon="-121.5602583065629">
        <time>2005-07-25T08:09:36-07:00</time>
      </trkpt>
      <trkpt lat="40.954256504774094" lon="-121.56026191078126">
        <time>2005-07-25T08:09:38-07:00</time>
      </trkpt>
      <trkpt lat="40.95425373874605" lon="-121.56025948002934">
        <time>2005-07-25T08:09:43-07:00</time>
      </trkpt>
      <trkpt lat="40.954252649098635" lon="-121.56025755219162">
        <time>2005-07-25T08:09:46-07:00</time>
      </trkpt>
      <trkpt lat="40.954258516430855" lon="-121.56025310978293">
        <time>2005-07-25T08:09:55-07:00</time>
      </trkpt>
      <trkpt lat="40.95425868406892" lon="-121.56025126576424">
        <time>2005-07-25T08:09:58-07:00</time>
      </trkpt>
      <trkpt lat="40.95426027663052" lon="-121.56025051139295">
        <time>2005-07-25T08:10:07-07:00</time>
      </trkpt>
      <trkpt lat="40.95426622778177" lon="-121.56025788746774">
        <time>2005-07-25T08:10:08-07:00</time>
      </trkpt>
      <trkpt lat="40.95426413230598" lon="-121.56026191078126">
        <time>2005-07-25T08:10:10-07:00</time>
      </trkpt>
      <trkpt lat="40.95426212064922" lon="-121.56026182696223">
        <time>2005-07-25T08:10:15-07:00</time>
      </trkpt>
      <trkpt lat="40.95425935462117" lon="-121.5602567140013">
        <time>2005-07-25T08:10:17-07:00</time>
      </trkpt>
      <trkpt lat="40.954255163669586" lon="-121.56025269068778">
        <time>2005-07-25T08:10:18-07:00</time>
      </trkpt>
      <trkpt lat="40.954255582764745" lon="-121.56025579199195">
        <time>2005-07-25T08:10:25-07:00</time>
      </trkpt>
      <trkpt lat="40.95426253974438" lon="-121.56026182696223">
        <time>2005-07-25T08:10:27-07:00</time>
      </trkpt>
      <trkpt lat="40.9542649704963" lon="-121.56026409007609">
        <time>2005-07-25T08:10:32-07:00</time>
      </trkpt>
      <trkpt lat="40.95426262356341" lon="-121.56026325188577">
        <time>2005-07-25T08:10:37-07:00</time>
      </trkpt>
      <trkpt lat="40.95426597632468" lon="-121.5602604020387">
        <time>2005-07-25T08:10:45-07:00</time>
      </trkpt>
      <trkpt lat="40.95426371321082" lon="-121.56026350334287">
        <time>2005-07-25T08:10:49-07:00</time>
      </trkpt>
      <trkpt lat="40.954265305772424" lon="-121.56026601791382">
        <time>2005-07-25T08:10:53-07:00</time>
      </trkpt>
      <trkpt lat="40.954267820343375" lon="-121.56027012504637">
        <time>2005-07-25T08:10:59-07:00</time>
      </trkpt>
      <trkpt lat="40.954269832000136" lon="-121.56027724966407">
        <time>2005-07-25T08:11:01-07:00</time>
      </trkpt>
      <trkpt lat="40.95427033491433" lon="-121.56027607619762">
        <time>2005-07-25T08:11:03-07:00</time>
      </trkpt>
      <trkpt lat="40.95427108928561" lon="-121.56027423217893">
        <time>2005-07-25T08:11:08-07:00</time>
      </trkpt>
      <trkpt lat="40.9542715921998" lon="-121.56029141508043">
        <time>2005-07-25T08:11:10-07:00</time>
      </trkpt>
      <trkpt lat="40.95426170155406" lon="-121.56028227880597">
        <time>2005-07-25T08:11:11-07:00</time>
      </trkpt>
      <trkpt lat="40.954263880848885" lon="-121.56027448363602">
        <time>2005-07-25T08:11:20-07:00</time>
      </trkpt>
      <trkpt lat="40.95427142456174" lon="-121.5602757409215">
        <time>2005-07-25T08:11:30-07:00</time>
      </trkpt>
      <trkpt lat="40.95427108928561" lon="-121.56027263961732">
        <time>2005-07-25T08:11:39-07:00</time>
      </trkpt>
      <trkpt lat="40.954255582764745" lon="-121.56026073731482">
        <time>2005-07-25T08:11:50-07:00</time>
      </trkpt>
      <trkpt lat="40.95425399020314" lon="-121.56025587581098">
        <time>2005-07-25T08:12:01-07:00</time>
      </trkpt>
      <trkpt lat="40.954257510602474" lon="-121.56023978255689">
        <time>2005-07-25T08:12:12-07:00</time>
      </trkpt>
      <trkpt lat="40.954258013516665" lon="-121.56023802235723">
        <time>2005-07-25T08:12:13-07:00</time>
      </trkpt>
      <trkpt lat="40.954258013516665" lon="-121.56023802235723">
        <time>2005-07-25T08:12:18-07:00</time>
      </trkpt>
      <trkpt lat="40.954258013516665" lon="-121.56023802235723">
        <time>2005-07-25T08:12:26-07:00</time>
      </trkpt>
      <trkpt lat="40.954258013516665" lon="-121.56023802235723">
        <time>2005-07-25T08:12:30-07:00</time>
      </trkpt>
      <trkpt lat="40.954258013516665" lon="-121.56023802235723">
        <time>2005-07-25T08:12:31-07:00</time>
      </trkpt>
      <trkpt lat="40.954258013516665" lon="-121.56023802235723">
        <time>2005-07-25T08:12:40-07:00</time>
      </trkpt>
      <trkpt lat="40.954258013516665" lon="-121.56023802235723">
        <time>2005-07-25T08:12:47-07:00</time>
      </trkpt>
      <trkpt lat="40.954258013516665" lon="-121.56023802235723">
        <time>2005-07-25T08:12:54-07:00</time>
      </trkpt>
      <trkpt lat="40.954255079850554" lon="-121.56025042757392">
        <time>2005-07-25T08:12:56-07:00</time>
      </trkpt>
      <trkpt lat="40.95425189472735" lon="-121.56024732626975">
        <time>2005-07-25T08:13:01-07:00</time>
      </trkpt>
      <trkpt lat="40.95425449311733" lon="-121.5602548699826">
        <time>2005-07-25T08:13:14-07:00</time>
      </trkpt>
      <trkpt lat="40.95425549894571" lon="-121.56026895157993">
        <time>2005-07-25T08:13:20-07:00</time>
      </trkpt>
      <trkpt lat="40.95425734296441" lon="-121.56027607619762">
        <time>2005-07-25T08:13:25-07:00</time>
      </trkpt>
      <trkpt lat="40.954260528087616" lon="-121.56027968041599">
        <time>2005-07-25T08:13:40-07:00</time>
      </trkpt>
      <trkpt lat="40.954259522259235" lon="-121.56028144061565">
        <time>2005-07-25T08:13:51-07:00</time>
      </trkpt>
      <trkpt lat="40.95425290055573" lon="-121.56026970595121">
        <time>2005-07-25T08:13:54-07:00</time>
      </trkpt>
      <trkpt lat="40.954254660755396" lon="-121.56026534736156">
        <time>2005-07-25T08:14:05-07:00</time>
      </trkpt>
      <trkpt lat="40.95425373874605" lon="-121.56025252304971">
        <time>2005-07-25T08:14:13-07:00</time>
      </trkpt>
      <trkpt lat="40.95425038598478" lon="-121.56025411561131">
        <time>2005-07-25T08:14:18-07:00</time>
      </trkpt>
      <trkpt lat="40.95425734296441" lon="-121.56026056967676">
        <time>2005-07-25T08:14:33-07:00</time>
      </trkpt>
      <trkpt lat="40.95426010899246" lon="-121.56026467680931">
        <time>2005-07-25T08:14:44-07:00</time>
      </trkpt>
      <trkpt lat="40.954260947182775" lon="-121.56026559881866">
        <time>2005-07-25T08:14:51-07:00</time>
      </trkpt>
      <trkpt lat="40.954259522259235" lon="-121.56027507036924">
        <time>2005-07-25T08:14:54-07:00</time>
      </trkpt>
      <trkpt lat="40.95425985753536" lon="-121.5602757409215">
        <time>2005-07-25T08:14:55-07:00</time>
      </trkpt>
      <trkpt lat="40.954257594421506" lon="-121.56027062796056">
        <time>2005-07-25T08:15:04-07:00</time>
      </trkpt>
      <trkpt lat="40.954258097335696" lon="-121.56026484444737">
        <time>2005-07-25T08:15:07-07:00</time>
      </trkpt>
      <trkpt lat="40.95425776205957" lon="-121.5602614916861">
        <time>2005-07-25T08:15:18-07:00</time>
      </trkpt>
      <trkpt lat="40.954255079850554" lon="-121.56026140786707">
        <time>2005-07-25T08:15:26-07:00</time>
      </trkpt>
      <trkpt lat="40.95425373874605" lon="-121.56026023440063">
        <time>2005-07-25T08:15:29-07:00</time>
      </trkpt>
      <trkpt lat="40.95424795523286" lon="-121.56025788746774">
        <time>2005-07-25T08:15:30-07:00</time>
      </trkpt>
      <trkpt lat="40.95424795523286" lon="-121.56025788746774">
        <time>2005-07-25T08:15:31-07:00</time>
      </trkpt>
      <trkpt lat="40.95424795523286" lon="-121.56025788746774">
        <time>2005-07-25T08:15:35-07:00</time>
      </trkpt>
      <trkpt lat="40.954240411520004" lon="-121.56023249030113">
        <time>2005-07-25T08:15:41-07:00</time>
      </trkpt>
      <trkpt lat="40.954240998253226" lon="-121.56023282557726">
        <time>2005-07-25T08:15:42-07:00</time>
      </trkpt>
    </trkseg>
  </trk>
</gpx>
