<?xml version="1.0" encoding="UTF-8"?>
<gpx version="1.1" creator="GarminFitSummaryExtractor" xmlns="http://www.topografix.com/GPX/1/1" xmlns:xsi="http://www.w3.org/2001/XMLSchema-instance" xsi:schemaLocation="http://www.topografix.com/GPX/1/1 http://www.topografix.com/GPX/1/1/gpx.xsd">
  <metadata>
    <name>2025-08-03-15-15-31</name>
    <time>2005-08-04T15:15:31-07:00</time>
  </metadata>
  <trk>
    <name>2025-08-03-15-15-31</name>
    <type>HIKING</type>
    <trkseg>
      <trkpt lat="41.842421907931566" lon="-123.19685222581029">
        <time>2005-08-04T15:15:31-07:00</time>
      </trkpt>
      <trkpt lat="41.842430122196674" lon="-123.19692539982498">
        <time>2005-08-04T15:15:36-07:00</time>
      </trkpt>
      <trkpt lat="41.84245124459267" lon="-123.19703159853816">
        <time>2005-08-04T15:15:41-07:00</time>
      </trkpt>
      <trkpt lat="41.842477982863784" lon="-123.1971144117415">
        <time>2005-08-04T15:15:46-07:00</time>
      </trkpt>
      <trkpt lat="41.84250958263874" lon="-123.19717895239592">
        <time>2005-08-04T15:15:50-07:00</time>
      </trkpt>
      <trkpt lat="41.84257454238832" lon="-123.19724005647004">
        <time>2005-08-04T15:15:57-07:00</time>
      </trkpt>
      <trkpt lat="41.84258686378598" lon="-123.19725271314383">
        <time>2005-08-04T15:15:59-07:00</time>
      </trkpt>
      <trkpt lat="41.84262768365443" lon="-123.19732169620693">
        <time>2005-08-04T15:16:06-07:00</time>
      </trkpt>
      <trkpt lat="41.8426566850394" lon="-123.19738657213748">
        <time>2005-08-04T15:16:11-07:00</time>
      </trkpt>
      <trkpt lat="41.842674957588315" lon="-123.19745597429574">
        <time>2005-08-04T15:16:15-07:00</time>
      </trkpt>
      <trkpt lat="41.84267956763506" lon="-123.19753333926201">
        <time>2005-08-04T15:16:20-07:00</time>
      </trkpt>
      <trkpt lat="41.842716531828046" lon="-123.19761238060892">
        <time>2005-08-04T15:16:25-07:00</time>
      </trkpt>
      <trkpt lat="41.8427325412631" lon="-123.1976374424994">
        <time>2005-08-04T15:16:27-07:00</time>
      </trkpt>
      <trkpt lat="41.84278157539666" lon="-123.19775420241058">
        <time>2005-08-04T15:16:36-07:00</time>
      </trkpt>
      <trkpt lat="41.842785933986306" lon="-123.19776987656951">
        <time>2005-08-04T15:16:37-07:00</time>
      </trkpt>
      <trkpt lat="41.842831782996655" lon="-123.19786534644663">
        <time>2005-08-04T15:16:44-07:00</time>
      </trkpt>
      <trkpt lat="41.84285751543939" lon="-123.19789845496416">
        <time>2005-08-04T15:16:47-07:00</time>
      </trkpt>
      <trkpt lat="41.84296547435224" lon="-123.19795360788703">
        <time>2005-08-04T15:16:56-07:00</time>
      </trkpt>
      <trkpt lat="41.84305432252586" lon="-123.19790616631508">
        <time>2005-08-04T15:17:05-07:00</time>
      </trkpt>
      <trkpt lat="41.843107882887125" lon="-123.19782117381692">
        <time>2005-08-04T15:17:12-07:00</time>
      </trkpt>
      <trkpt lat="41.8431247305125" lon="-123.1977857183665">
        <time>2005-08-04T15:17:15-07:00</time>
      </trkpt>
      <trkpt lat="41.84315733611584" lon="-123.19770533591509">
        <time>2005-08-04T15:17:22-07:00</time>
      </trkpt>
      <trkpt lat="41.84319178573787" lon="-123.19762017577887">
        <time>2005-08-04T15:17:29-07:00</time>
      </trkpt>
      <trkpt lat="41.843203101307154" lon="-123.19759796373546">
        <time>2005-08-04T15:17:31-07:00</time>
      </trkpt>
      <trkpt lat="41.843269569799304" lon="-123.19747257046402">
        <time>2005-08-04T15:17:41-07:00</time>
      </trkpt>
      <trkpt lat="41.84333100914955" lon="-123.19735396653414">
        <time>2005-08-04T15:17:50-07:00</time>
      </trkpt>
      <trkpt lat="41.843424048274755" lon="-123.19718222133815">
        <time>2005-08-04T15:18:03-07:00</time>
      </trkpt>
      <trkpt lat="41.843476770445704" lon="-123.1970795430243">
        <time>2005-08-04T15:18:11-07:00</time>
      </trkpt>
      <trkpt lat="41.843498228117824" lon="-123.19703687913716">
        <time>2005-08-04T15:18:14-07:00</time>
      </trkpt>
      <trkpt lat="41.843562265858054" lon="-123.19688692688942">
        <time>2005-08-04T15:18:24-07:00</time>
      </trkpt>
      <trkpt lat="41.843586238101125" lon="-123.19682749919593">
        <time>2005-08-04T15:18:28-07:00</time>
      </trkpt>
      <trkpt lat="41.84363963082433" lon="-123.19670621305704">
        <time>2005-08-04T15:18:36-07:00</time>
      </trkpt>
      <trkpt lat="41.8436461687088" lon="-123.19669649004936">
        <time>2005-08-04T15:18:37-07:00</time>
      </trkpt>
      <trkpt lat="41.843680534511805" lon="-123.19664795883">
        <time>2005-08-04T15:18:41-07:00</time>
      </trkpt>
      <trkpt lat="41.843699058517814" lon="-123.19659464992583">
        <time>2005-08-04T15:18:45-07:00</time>
      </trkpt>
      <trkpt lat="41.84371942654252" lon="-123.19651938043535">
        <time>2005-08-04T15:18:50-07:00</time>
      </trkpt>
      <trkpt lat="41.8437532056123" lon="-123.19643053226173">
        <time>2005-08-04T15:18:56-07:00</time>
      </trkpt>
      <trkpt lat="41.843814980238676" lon="-123.19632642902434">
        <time>2005-08-04T15:19:02-07:00</time>
      </trkpt>
      <trkpt lat="41.843829564750195" lon="-123.1962954159826">
        <time>2005-08-04T15:19:04-07:00</time>
      </trkpt>
      <trkpt lat="41.84389980509877" lon="-123.1961645744741">
        <time>2005-08-04T15:19:15-07:00</time>
      </trkpt>
      <trkpt lat="41.84394867159426" lon="-123.19607011042535">
        <time>2005-08-04T15:19:23-07:00</time>
      </trkpt>
      <trkpt lat="41.843966357409954" lon="-123.19602392613888">
        <time>2005-08-04T15:19:26-07:00</time>
      </trkpt>
      <trkpt lat="41.84398555196822" lon="-123.1959880515933">
        <time>2005-08-04T15:19:29-07:00</time>
      </trkpt>
      <trkpt lat="41.84405998326838" lon="-123.19589786231518">
        <time>2005-08-04T15:19:38-07:00</time>
      </trkpt>
      <trkpt lat="41.844154028221965" lon="-123.19580256007612">
        <time>2005-08-04T15:19:47-07:00</time>
      </trkpt>
      <trkpt lat="41.844176072627306" lon="-123.19573508575559">
        <time>2005-08-04T15:19:52-07:00</time>
      </trkpt>
      <trkpt lat="41.84418898075819" lon="-123.19571295753121">
        <time>2005-08-04T15:19:54-07:00</time>
      </trkpt>
      <trkpt lat="41.84422904625535" lon="-123.1956011429429">
        <time>2005-08-04T15:20:03-07:00</time>
      </trkpt>
      <trkpt lat="41.8442973587662" lon="-123.19547323510051">
        <time>2005-08-04T15:20:12-07:00</time>
      </trkpt>
      <trkpt lat="41.84433264657855" lon="-123.1953997258097">
        <time>2005-08-04T15:20:17-07:00</time>
      </trkpt>
      <trkpt lat="41.84436307288706" lon="-123.19533417932689">
        <time>2005-08-04T15:20:22-07:00</time>
      </trkpt>
      <trkpt lat="41.84442803263664" lon="-123.19520518183708">
        <time>2005-08-04T15:20:31-07:00</time>
      </trkpt>
      <trkpt lat="41.84447329491377" lon="-123.19512605667114">
        <time>2005-08-04T15:20:37-07:00</time>
      </trkpt>
      <trkpt lat="41.84454990550876" lon="-123.19496755488217">
        <time>2005-08-04T15:20:48-07:00</time>
      </trkpt>
      <trkpt lat="41.84463917277753" lon="-123.19479220546782">
        <time>2005-08-04T15:21:01-07:00</time>
      </trkpt>
      <trkpt lat="41.844711508601904" lon="-123.19464619271457">
        <time>2005-08-04T15:21:12-07:00</time>
      </trkpt>
      <trkpt lat="41.84476263821125" lon="-123.19452683441341">
        <time>2005-08-04T15:21:21-07:00</time>
      </trkpt>
      <trkpt lat="41.84483447112143" lon="-123.19433648139238">
        <time>2005-08-04T15:21:34-07:00</time>
      </trkpt>
      <trkpt lat="41.84489130042493" lon="-123.19417957216501">
        <time>2005-08-04T15:21:45-07:00</time>
      </trkpt>
      <trkpt lat="41.84495525434613" lon="-123.1940492335707">
        <time>2005-08-04T15:21:55-07:00</time>
      </trkpt>
      <trkpt lat="41.84501267038286" lon="-123.19389240816236">
        <time>2005-08-04T15:22:06-07:00</time>
      </trkpt>
      <trkpt lat="41.845058435574174" lon="-123.19374279119074">
        <time>2005-08-04T15:22:16-07:00</time>
      </trkpt>
      <trkpt lat="41.845086347311735" lon="-123.19364296272397">
        <time>2005-08-04T15:22:23-07:00</time>
      </trkpt>
      <trkpt lat="41.84510922990739" lon="-123.1935674417764">
        <time>2005-08-04T15:22:28-07:00</time>
      </trkpt>
      <trkpt lat="41.84516957961023" lon="-123.1933996360749">
        <time>2005-08-04T15:22:39-07:00</time>
      </trkpt>
      <trkpt lat="41.84520243667066" lon="-123.19329670630395">
        <time>2005-08-04T15:22:46-07:00</time>
      </trkpt>
      <trkpt lat="41.84522582218051" lon="-123.19320475682616">
        <time>2005-08-04T15:22:52-07:00</time>
      </trkpt>
      <trkpt lat="41.845238730311394" lon="-123.19316066801548">
        <time>2005-08-04T15:22:55-07:00</time>
      </trkpt>
      <trkpt lat="41.84525071643293" lon="-123.19313066080213">
        <time>2005-08-04T15:22:57-07:00</time>
      </trkpt>
      <trkpt lat="41.8452762812376" lon="-123.19309076294303">
        <time>2005-08-04T15:23:04-07:00</time>
      </trkpt>
      <trkpt lat="41.84527661651373" lon="-123.19309034384787">
        <time>2005-08-04T15:23:05-07:00</time>
      </trkpt>
      <trkpt lat="41.84528692625463" lon="-123.19307810626924">
        <time>2005-08-04T15:26:05-07:00</time>
      </trkpt>
      <trkpt lat="41.84530494734645" lon="-123.19300007075071">
        <time>2005-08-04T15:26:10-07:00</time>
      </trkpt>
      <trkpt lat="41.845349706709385" lon="-123.19288708269596">
        <time>2005-08-04T15:26:17-07:00</time>
      </trkpt>
      <trkpt lat="41.845355574041605" lon="-123.19287409074605">
        <time>2005-08-04T15:26:18-07:00</time>
      </trkpt>
      <trkpt lat="41.84536864981055" lon="-123.19284617900848">
        <time>2005-08-04T15:26:20-07:00</time>
      </trkpt>
      <trkpt lat="41.845397651195526" lon="-123.19275942631066">
        <time>2005-08-04T15:26:26-07:00</time>
      </trkpt>
      <trkpt lat="41.845440566539764" lon="-123.19263604469597">
        <time>2005-08-04T15:26:33-07:00</time>
      </trkpt>
      <trkpt lat="41.84545800089836" lon="-123.19257569499314">
        <time>2005-08-04T15:26:37-07:00</time>
      </trkpt>
      <trkpt lat="41.84550351463258" lon="-123.1924358010292">
        <time>2005-08-04T15:26:46-07:00</time>
      </trkpt>
      <trkpt lat="41.84550695121288" lon="-123.19241870194674">
        <time>2005-08-04T15:26:47-07:00</time>
      </trkpt>
      <trkpt lat="41.84552690014243" lon="-123.19235801696777">
        <time>2005-08-04T15:26:51-07:00</time>
      </trkpt>
      <trkpt lat="41.84556679800153" lon="-123.1922354735434">
        <time>2005-08-04T15:26:59-07:00</time>
      </trkpt>
      <trkpt lat="41.845614071935415" lon="-123.19210714660585">
        <time>2005-08-04T15:27:08-07:00</time>
      </trkpt>
      <trkpt lat="41.84565933421254" lon="-123.19195509888232">
        <time>2005-08-04T15:27:18-07:00</time>
      </trkpt>
      <trkpt lat="41.84565003030002" lon="-123.19196130149066">
        <time>2005-08-04T15:27:23-07:00</time>
      </trkpt>
      <trkpt lat="41.84564156457782" lon="-123.19200740195811">
        <time>2005-08-04T15:27:26-07:00</time>
      </trkpt>
      <trkpt lat="41.845643324777484" lon="-123.19203522987664">
        <time>2005-08-04T15:27:28-07:00</time>
      </trkpt>
      <trkpt lat="41.845644330605865" lon="-123.19203615188599">
        <time>2005-08-04T15:27:30-07:00</time>
      </trkpt>
      <trkpt lat="41.84564558789134" lon="-123.19201880134642">
        <time>2005-08-04T15:27:33-07:00</time>
      </trkpt>
      <trkpt lat="41.84565958566964" lon="-123.19196230731905">
        <time>2005-08-04T15:27:37-07:00</time>
      </trkpt>
      <trkpt lat="41.84570618905127" lon="-123.19181495346129">
        <time>2005-08-04T15:27:46-07:00</time>
      </trkpt>
      <trkpt lat="41.84575296007097" lon="-123.19167950190604">
        <time>2005-08-04T15:27:55-07:00</time>
      </trkpt>
      <trkpt lat="41.845764024183154" lon="-123.19164941087365">
        <time>2005-08-04T15:27:57-07:00</time>
      </trkpt>
      <trkpt lat="41.84578858315945" lon="-123.19156123325229">
        <time>2005-08-04T15:28:03-07:00</time>
      </trkpt>
      <trkpt lat="41.84584692120552" lon="-123.19141522049904">
        <time>2005-08-04T15:28:13-07:00</time>
      </trkpt>
      <trkpt lat="41.8458962906152" lon="-123.19125370122492">
        <time>2005-08-04T15:28:23-07:00</time>
      </trkpt>
      <trkpt lat="41.845901822671294" lon="-123.19123626686633">
        <time>2005-08-04T15:28:24-07:00</time>
      </trkpt>
      <trkpt lat="41.84595571830869" lon="-123.19109176285565">
        <time>2005-08-04T15:28:34-07:00</time>
      </trkpt>
      <trkpt lat="41.846004500985146" lon="-123.19092085584998">
        <time>2005-08-04T15:28:45-07:00</time>
      </trkpt>
      <trkpt lat="41.84607859700918" lon="-123.19073955528438">
        <time>2005-08-04T15:28:57-07:00</time>
      </trkpt>
      <trkpt lat="41.84611262753606" lon="-123.19062053225935">
        <time>2005-08-04T15:29:05-07:00</time>
      </trkpt>
      <trkpt lat="41.84612084180117" lon="-123.19059287197888">
        <time>2005-08-04T15:29:07-07:00</time>
      </trkpt>
      <trkpt lat="41.84613232500851" lon="-123.19056261330843">
        <time>2005-08-04T15:29:09-07:00</time>
      </trkpt>
      <trkpt lat="41.846174569800496" lon="-123.19043294526637">
        <time>2005-08-04T15:29:17-07:00</time>
      </trkpt>
      <trkpt lat="41.846184795722365" lon="-123.19040302187204">
        <time>2005-08-04T15:29:19-07:00</time>
      </trkpt>
      <trkpt lat="41.84624455869198" lon="-123.1902239844203">
        <time>2005-08-04T15:29:31-07:00</time>
      </trkpt>
      <trkpt lat="41.84626710601151" lon="-123.19014594890177">
        <time>2005-08-04T15:29:36-07:00</time>
      </trkpt>
      <trkpt lat="41.84628864750266" lon="-123.1900844257325">
        <time>2005-08-04T15:29:40-07:00</time>
      </trkpt>
      <trkpt lat="41.846349416300654" lon="-123.18990547209978">
        <time>2005-08-04T15:29:52-07:00</time>
      </trkpt>
      <trkpt lat="41.84636190533638" lon="-123.18986624479294">
        <time>2005-08-04T15:29:55-07:00</time>
      </trkpt>
      <trkpt lat="41.846418818458915" lon="-123.18973573856056">
        <time>2005-08-04T15:30:04-07:00</time>
      </trkpt>
      <trkpt lat="41.84646835550666" lon="-123.18959324620664">
        <time>2005-08-04T15:30:13-07:00</time>
      </trkpt>
      <trkpt lat="41.84647774323821" lon="-123.18956868723035">
        <time>2005-08-04T15:30:15-07:00</time>
      </trkpt>
      <trkpt lat="41.84652568772435" lon="-123.18941747769713">
        <time>2005-08-04T15:30:25-07:00</time>
      </trkpt>
      <trkpt lat="41.846569776535034" lon="-123.18925914354622">
        <time>2005-08-04T15:30:35-07:00</time>
      </trkpt>
      <trkpt lat="41.84662853367627" lon="-123.18910726346076">
        <time>2005-08-04T15:30:45-07:00</time>
      </trkpt>
      <trkpt lat="41.846654769033194" lon="-123.1890320777893">
        <time>2005-08-04T15:30:50-07:00</time>
      </trkpt>
      <trkpt lat="41.84667446650565" lon="-123.18896845914423">
        <time>2005-08-04T15:30:54-07:00</time>
      </trkpt>
      <trkpt lat="41.84671914204955" lon="-123.18881808780134">
        <time>2005-08-04T15:31:04-07:00</time>
      </trkpt>
      <trkpt lat="41.84679131023586" lon="-123.18864642642438">
        <time>2005-08-04T15:31:16-07:00</time>
      </trkpt>
      <trkpt lat="41.84686088003218" lon="-123.18846051581204">
        <time>2005-08-04T15:31:28-07:00</time>
      </trkpt>
      <trkpt lat="41.846901113167405" lon="-123.18831416778266">
        <time>2005-08-04T15:31:37-07:00</time>
      </trkpt>
      <trkpt lat="41.84691100381315" lon="-123.18828156217933">
        <time>2005-08-04T15:31:39-07:00</time>
      </trkpt>
      <trkpt lat="41.84697009623051" lon="-123.18811501376331">
        <time>2005-08-04T15:31:50-07:00</time>
      </trkpt>
      <trkpt lat="41.84702156111598" lon="-123.18794838152826">
        <time>2005-08-04T15:32:01-07:00</time>
      </trkpt>
      <trkpt lat="41.84702491387725" lon="-123.18793890997767">
        <time>2005-08-04T15:32:02-07:00</time>
      </trkpt>
      <trkpt lat="41.84705249033868" lon="-123.1878115888685">
        <time>2005-08-04T15:32:10-07:00</time>
      </trkpt>
      <trkpt lat="41.84710663743317" lon="-123.18766926415265">
        <time>2005-08-04T15:32:19-07:00</time>
      </trkpt>
      <trkpt lat="41.84711870737374" lon="-123.18764260970056">
        <time>2005-08-04T15:32:21-07:00</time>
      </trkpt>
      <trkpt lat="41.84715298935771" lon="-123.18750455975533">
        <time>2005-08-04T15:32:29-07:00</time>
      </trkpt>
      <trkpt lat="41.84720235876739" lon="-123.18736114539206">
        <time>2005-08-04T15:32:39-07:00</time>
      </trkpt>
      <trkpt lat="41.84726480394602" lon="-123.1871934235096">
        <time>2005-08-04T15:32:50-07:00</time>
      </trkpt>
      <trkpt lat="41.84731802903116" lon="-123.18706006743014">
        <time>2005-08-04T15:32:59-07:00</time>
      </trkpt>
      <trkpt lat="41.84735004790127" lon="-123.1869479175657">
        <time>2005-08-04T15:33:06-07:00</time>
      </trkpt>
      <trkpt lat="41.8473675660789" lon="-123.18690340965986">
        <time>2005-08-04T15:33:09-07:00</time>
      </trkpt>
      <trkpt lat="41.847424898296595" lon="-123.18676586262882">
        <time>2005-08-04T15:33:18-07:00</time>
      </trkpt>
      <trkpt lat="41.847450295463204" lon="-123.18659872747958">
        <time>2005-08-04T15:33:29-07:00</time>
      </trkpt>
      <trkpt lat="41.847486756742" lon="-123.18646159954369">
        <time>2005-08-04T15:33:38-07:00</time>
      </trkpt>
      <trkpt lat="41.84752623550594" lon="-123.18632011301816">
        <time>2005-08-04T15:33:47-07:00</time>
      </trkpt>
      <trkpt lat="41.847546519711614" lon="-123.18621785379946">
        <time>2005-08-04T15:33:53-07:00</time>
      </trkpt>
      <trkpt lat="41.84756839647889" lon="-123.18614166229963">
        <time>2005-08-04T15:33:58-07:00</time>
      </trkpt>
      <trkpt lat="41.84761525131762" lon="-123.18597008474171">
        <time>2005-08-04T15:34:09-07:00</time>
      </trkpt>
      <trkpt lat="41.84763754718006" lon="-123.18589615635574">
        <time>2005-08-04T15:34:14-07:00</time>
      </trkpt>
      <trkpt lat="41.84766654856503" lon="-123.1857980042696">
        <time>2005-08-04T15:34:20-07:00</time>
      </trkpt>
      <trkpt lat="41.84770460240543" lon="-123.18568627350032">
        <time>2005-08-04T15:34:27-07:00</time>
      </trkpt>
      <trkpt lat="41.847714660689235" lon="-123.18563539534807">
        <time>2005-08-04T15:34:30-07:00</time>
      </trkpt>
      <trkpt lat="41.84774684719741" lon="-123.18550631403923">
        <time>2005-08-04T15:34:39-07:00</time>
      </trkpt>
      <trkpt lat="41.847753217443824" lon="-123.18547119386494">
        <time>2005-08-04T15:34:41-07:00</time>
      </trkpt>
      <trkpt lat="41.847793282940984" lon="-123.18531562574208">
        <time>2005-08-04T15:34:50-07:00</time>
      </trkpt>
      <trkpt lat="41.84781691990793" lon="-123.1852593831718">
        <time>2005-08-04T15:34:54-07:00</time>
      </trkpt>
      <trkpt lat="41.84784231707454" lon="-123.18518545478582">
        <time>2005-08-04T15:34:59-07:00</time>
      </trkpt>
      <trkpt lat="41.847874503582716" lon="-123.18505763076246">
        <time>2005-08-04T15:35:08-07:00</time>
      </trkpt>
      <trkpt lat="41.847908617928624" lon="-123.18494388833642">
        <time>2005-08-04T15:35:15-07:00</time>
      </trkpt>
      <trkpt lat="41.84794549830258" lon="-123.18481841124594">
        <time>2005-08-04T15:35:23-07:00</time>
      </trkpt>
      <trkpt lat="41.847992269322276" lon="-123.18469519726932">
        <time>2005-08-04T15:35:31-07:00</time>
      </trkpt>
      <trkpt lat="41.84799746610224" lon="-123.18464473821223">
        <time>2005-08-04T15:35:34-07:00</time>
      </trkpt>
      <trkpt lat="41.847986904904246" lon="-123.18458581343293">
        <time>2005-08-04T15:35:38-07:00</time>
      </trkpt>
      <trkpt lat="41.84798363596201" lon="-123.1844633538276">
        <time>2005-08-04T15:35:45-07:00</time>
      </trkpt>
      <trkpt lat="41.84800081886351" lon="-123.18433946929872">
        <time>2005-08-04T15:35:53-07:00</time>
      </trkpt>
      <trkpt lat="41.84801037423313" lon="-123.18432161584496">
        <time>2005-08-04T15:35:54-07:00</time>
      </trkpt>
      <trkpt lat="41.848054714500904" lon="-123.18419245071709">
        <time>2005-08-04T15:36:03-07:00</time>
      </trkpt>
      <trkpt lat="41.84808572754264" lon="-123.18408390507102">
        <time>2005-08-04T15:36:09-07:00</time>
      </trkpt>
      <trkpt lat="41.848090924322605" lon="-123.18403688259423">
        <time>2005-08-04T15:36:12-07:00</time>
      </trkpt>
      <trkpt lat="41.848112884908915" lon="-123.18388567306101">
        <time>2005-08-04T15:36:21-07:00</time>
      </trkpt>
      <trkpt lat="41.848148088902235" lon="-123.18372448906302">
        <time>2005-08-04T15:36:31-07:00</time>
      </trkpt>
      <trkpt lat="41.848192010074854" lon="-123.18360211327672">
        <time>2005-08-04T15:36:40-07:00</time>
      </trkpt>
      <trkpt lat="41.84819578193128" lon="-123.18354059010744">
        <time>2005-08-04T15:36:43-07:00</time>
      </trkpt>
      <trkpt lat="41.84821053408086" lon="-123.18345651961863">
        <time>2005-08-04T15:36:48-07:00</time>
      </trkpt>
      <trkpt lat="41.84824347496033" lon="-123.18332232534885">
        <time>2005-08-04T15:36:57-07:00</time>
      </trkpt>
      <trkpt lat="41.848286390304565" lon="-123.1831646617502">
        <time>2005-08-04T15:37:06-07:00</time>
      </trkpt>
      <trkpt lat="41.84830675832927" lon="-123.18309626542032">
        <time>2005-08-04T15:37:11-07:00</time>
      </trkpt>
      <trkpt lat="41.84831346385181" lon="-123.18308386020362">
        <time>2005-08-04T15:37:12-07:00</time>
      </trkpt>
      <trkpt lat="41.848353613168" lon="-123.18299727514386">
        <time>2005-08-04T15:37:18-07:00</time>
      </trkpt>
      <trkpt lat="41.848362162709236" lon="-123.1829675193876">
        <time>2005-08-04T15:37:20-07:00</time>
      </trkpt>
      <trkpt lat="41.848396863788366" lon="-123.18286366760731">
        <time>2005-08-04T15:37:27-07:00</time>
      </trkpt>
      <trkpt lat="41.84842938557267" lon="-123.18279971368611">
        <time>2005-08-04T15:37:32-07:00</time>
      </trkpt>
      <trkpt lat="41.84845025651157" lon="-123.18276115693152">
        <time>2005-08-04T15:37:35-07:00</time>
      </trkpt>
      <trkpt lat="41.848472971469164" lon="-123.18276140838861">
        <time>2005-08-04T15:37:38-07:00</time>
      </trkpt>
      <trkpt lat="41.8485211674124" lon="-123.1827394478023">
        <time>2005-08-04T15:37:42-07:00</time>
      </trkpt>
      <trkpt lat="41.848579589277506" lon="-123.18262645974755">
        <time>2005-08-04T15:37:50-07:00</time>
      </trkpt>
      <trkpt lat="41.848629377782345" lon="-123.18250752054155">
        <time>2005-08-04T15:37:58-07:00</time>
      </trkpt>
      <trkpt lat="41.84863608330488" lon="-123.18249461241066">
        <time>2005-08-04T15:37:59-07:00</time>
      </trkpt>
      <trkpt lat="41.84869693592191" lon="-123.18240811116993">
        <time>2005-08-04T15:38:06-07:00</time>
      </trkpt>
      <trkpt lat="41.84876415878534" lon="-123.18230903707445">
        <time>2005-08-04T15:38:14-07:00</time>
      </trkpt>
      <trkpt lat="41.84877363033593" lon="-123.18229394964874">
        <time>2005-08-04T15:38:15-07:00</time>
      </trkpt>
      <trkpt lat="41.848826771602035" lon="-123.1822045147419">
        <time>2005-08-04T15:38:22-07:00</time>
      </trkpt>
      <trkpt lat="41.848854180425406" lon="-123.18217023275793">
        <time>2005-08-04T15:38:25-07:00</time>
      </trkpt>
      <trkpt lat="41.84891168028116" lon="-123.18207442760468">
        <time>2005-08-04T15:38:33-07:00</time>
      </trkpt>
      <trkpt lat="41.84894336387515" lon="-123.18201072514057">
        <time>2005-08-04T15:38:38-07:00</time>
      </trkpt>
      <trkpt lat="41.84896591119468" lon="-123.1819558236748">
        <time>2005-08-04T15:38:42-07:00</time>
      </trkpt>
      <trkpt lat="41.849020812660456" lon="-123.18187301047146">
        <time>2005-08-04T15:38:49-07:00</time>
      </trkpt>
      <trkpt lat="41.84905945323408" lon="-123.18182758055627">
        <time>2005-08-04T15:38:53-07:00</time>
      </trkpt>
      <trkpt lat="41.84911418706179" lon="-123.18175516091287">
        <time>2005-08-04T15:38:59-07:00</time>
      </trkpt>
      <trkpt lat="41.849184008315206" lon="-123.18165063858032">
        <time>2005-08-04T15:39:08-07:00</time>
      </trkpt>
      <trkpt lat="41.849224073812366" lon="-123.18160613067448">
        <time>2005-08-04T15:39:12-07:00</time>
      </trkpt>
      <trkpt lat="41.84924368746579" lon="-123.18156153894961">
        <time>2005-08-04T15:39:15-07:00</time>
      </trkpt>
      <trkpt lat="41.849299259483814" lon="-123.18147637881339">
        <time>2005-08-04T15:39:22-07:00</time>
      </trkpt>
      <trkpt lat="41.849367236718535" lon="-123.18137646652758">
        <time>2005-08-04T15:39:30-07:00</time>
      </trkpt>
      <trkpt lat="41.849407218396664" lon="-123.18133547902107">
        <time>2005-08-04T15:39:34-07:00</time>
      </trkpt>
      <trkpt lat="41.84943378902972" lon="-123.18129700608552">
        <time>2005-08-04T15:39:37-07:00</time>
      </trkpt>
      <trkpt lat="41.84950327500701" lon="-123.18120648153126">
        <time>2005-08-04T15:39:45-07:00</time>
      </trkpt>
      <trkpt lat="41.849520709365606" lon="-123.18119114264846">
        <time>2005-08-04T15:39:47-07:00</time>
      </trkpt>
      <trkpt lat="41.8496023491025" lon="-123.18114847876132">
        <time>2005-08-04T15:39:54-07:00</time>
      </trkpt>
      <trkpt lat="41.84963864274323" lon="-123.18112785927951">
        <time>2005-08-04T15:39:58-07:00</time>
      </trkpt>
      <trkpt lat="41.84967149980366" lon="-123.18111235275865">
        <time>2005-08-04T15:40:01-07:00</time>
      </trkpt>
      <trkpt lat="41.84975104406476" lon="-123.18108988925815">
        <time>2005-08-04T15:40:07-07:00</time>
      </trkpt>
      <trkpt lat="41.84977551922202" lon="-123.18108519539237">
        <time>2005-08-04T15:40:09-07:00</time>
      </trkpt>
      <trkpt lat="41.84984081424773" lon="-123.18106030113995">
        <time>2005-08-04T15:40:15-07:00</time>
      </trkpt>
      <trkpt lat="41.84993175789714" lon="-123.18102065473795">
        <time>2005-08-04T15:40:23-07:00</time>
      </trkpt>
      <trkpt lat="41.849982468411326" lon="-123.18099500611424">
        <time>2005-08-04T15:40:28-07:00</time>
      </trkpt>
      <trkpt lat="41.85002320446074" lon="-123.18096273578703">
        <time>2005-08-04T15:40:32-07:00</time>
      </trkpt>
      <trkpt lat="41.850122110918164" lon="-123.18088989704847">
        <time>2005-08-04T15:40:41-07:00</time>
      </trkpt>
      <trkpt lat="41.85021221637726" lon="-123.18080523982644">
        <time>2005-08-04T15:40:49-07:00</time>
      </trkpt>
      <trkpt lat="41.850228141993284" lon="-123.18078093230724">
        <time>2005-08-04T15:40:51-07:00</time>
      </trkpt>
      <trkpt lat="41.850290251895785" lon="-123.18067875690758">
        <time>2005-08-04T15:40:59-07:00</time>
      </trkpt>
      <trkpt lat="41.85032679699361" lon="-123.18057490512729">
        <time>2005-08-04T15:41:07-07:00</time>
      </trkpt>
      <trkpt lat="41.85033291578293" lon="-123.18055948242545">
        <time>2005-08-04T15:41:08-07:00</time>
      </trkpt>
      <trkpt lat="41.85040147975087" lon="-123.18036661483347">
        <time>2005-08-04T15:41:19-07:00</time>
      </trkpt>
      <trkpt lat="41.8504277151078" lon="-123.18022613413632">
        <time>2005-08-04T15:41:28-07:00</time>
      </trkpt>
      <trkpt lat="41.85043333098292" lon="-123.18017257377505">
        <time>2005-08-04T15:41:31-07:00</time>
      </trkpt>
      <trkpt lat="41.85045110061765" lon="-123.1800714880228">
        <time>2005-08-04T15:41:37-07:00</time>
      </trkpt>
      <trkpt lat="41.85046786442399" lon="-123.17992991767824">
        <time>2005-08-04T15:41:46-07:00</time>
      </trkpt>
      <trkpt lat="41.850480269640684" lon="-123.17977141588926">
        <time>2005-08-04T15:41:55-07:00</time>
      </trkpt>
      <trkpt lat="41.85049242340028" lon="-123.17962733097374">
        <time>2005-08-04T15:42:04-07:00</time>
      </trkpt>
      <trkpt lat="41.850495943799615" lon="-123.17955625243485">
        <time>2005-08-04T15:42:08-07:00</time>
      </trkpt>
      <trkpt lat="41.85051077976823" lon="-123.17948391661048">
        <time>2005-08-04T15:42:13-07:00</time>
      </trkpt>
      <trkpt lat="41.850520754233" lon="-123.1793616246432">
        <time>2005-08-04T15:42:21-07:00</time>
      </trkpt>
      <trkpt lat="41.85054405592382" lon="-123.17918552085757">
        <time>2005-08-04T15:42:32-07:00</time>
      </trkpt>
      <trkpt lat="41.850550174713135" lon="-123.1791427731514">
        <time>2005-08-04T15:42:35-07:00</time>
      </trkpt>
      <trkpt lat="41.85055713169277" lon="-123.17905685864389">
        <time>2005-08-04T15:42:40-07:00</time>
      </trkpt>
      <trkpt lat="41.85057154856622" lon="-123.17897438071668">
        <time>2005-08-04T15:42:45-07:00</time>
      </trkpt>
      <trkpt lat="41.85058018192649" lon="-123.17891537211835">
        <time>2005-08-04T15:42:48-07:00</time>
      </trkpt>
      <trkpt lat="41.85059543699026" lon="-123.1788230035454">
        <time>2005-08-04T15:42:54-07:00</time>
      </trkpt>
      <trkpt lat="41.85060013085604" lon="-123.1788079161197">
        <time>2005-08-04T15:42:55-07:00</time>
      </trkpt>
      <trkpt lat="41.85063659213483" lon="-123.17870574072003">
        <time>2005-08-04T15:43:02-07:00</time>
      </trkpt>
      <trkpt lat="41.85067053884268" lon="-123.17860063165426">
        <time>2005-08-04T15:43:09-07:00</time>
      </trkpt>
      <trkpt lat="41.850698702037334" lon="-123.17851102910936">
        <time>2005-08-04T15:43:15-07:00</time>
      </trkpt>
      <trkpt lat="41.850763242691755" lon="-123.17841153591871">
        <time>2005-08-04T15:43:23-07:00</time>
      </trkpt>
      <trkpt lat="41.85079819522798" lon="-123.17835822701454">
        <time>2005-08-04T15:43:28-07:00</time>
      </trkpt>
      <trkpt lat="41.850801799446344" lon="-123.17834598943591">
        <time>2005-08-04T15:43:29-07:00</time>
      </trkpt>
      <trkpt lat="41.850859969854355" lon="-123.17822487093508">
        <time>2005-08-04T15:43:37-07:00</time>
      </trkpt>
      <trkpt lat="41.85090037062764" lon="-123.17810920067132">
        <time>2005-08-04T15:43:45-07:00</time>
      </trkpt>
      <trkpt lat="41.85091939754784" lon="-123.17801767028868">
        <time>2005-08-04T15:43:52-07:00</time>
      </trkpt>
      <trkpt lat="41.850925935432315" lon="-123.17799068056047">
        <time>2005-08-04T15:43:54-07:00</time>
      </trkpt>
      <trkpt lat="41.85092945583165" lon="-123.17792790010571">
        <time>2005-08-04T15:43:57-07:00</time>
      </trkpt>
      <trkpt lat="41.85092870146036" lon="-123.1778993178159">
        <time>2005-08-04T15:43:59-07:00</time>
      </trkpt>
      <trkpt lat="41.85092182829976" lon="-123.17773913964629">
        <time>2005-08-04T15:44:08-07:00</time>
      </trkpt>
      <trkpt lat="41.850924510508776" lon="-123.17762522958219">
        <time>2005-08-04T15:44:15-07:00</time>
      </trkpt>
      <trkpt lat="41.85090531595051" lon="-123.17758197896183">
        <time>2005-08-04T15:44:19-07:00</time>
      </trkpt>
      <trkpt lat="41.85088561847806" lon="-123.1775383092463">
        <time>2005-08-04T15:44:22-07:00</time>
      </trkpt>
      <trkpt lat="41.850881930440664" lon="-123.17741073668003">
        <time>2005-08-04T15:44:29-07:00</time>
      </trkpt>
      <trkpt lat="41.850892240181565" lon="-123.17730822600424">
        <time>2005-08-04T15:44:35-07:00</time>
      </trkpt>
      <trkpt lat="41.85089844278991" lon="-123.1772880256176">
        <time>2005-08-04T15:44:36-07:00</time>
      </trkpt>
      <trkpt lat="41.850906908512115" lon="-123.177225664258">
        <time>2005-08-04T15:44:40-07:00</time>
      </trkpt>
      <trkpt lat="41.850913697853684" lon="-123.17719372920692">
        <time>2005-08-04T15:44:42-07:00</time>
      </trkpt>
      <trkpt lat="41.85091353021562" lon="-123.17707118578255">
        <time>2005-08-04T15:44:49-07:00</time>
      </trkpt>
      <trkpt lat="41.85091210529208" lon="-123.17693699151278">
        <time>2005-08-04T15:44:57-07:00</time>
      </trkpt>
      <trkpt lat="41.850909339264035" lon="-123.17677924409509">
        <time>2005-08-04T15:45:06-07:00</time>
      </trkpt>
      <trkpt lat="41.850909758359194" lon="-123.17668536677957">
        <time>2005-08-04T15:45:12-07:00</time>
      </trkpt>
      <trkpt lat="41.850908836349845" lon="-123.17666793242097">
        <time>2005-08-04T15:45:13-07:00</time>
      </trkpt>
      <trkpt lat="41.85090556740761" lon="-123.17656542174518">
        <time>2005-08-04T15:45:20-07:00</time>
      </trkpt>
      <trkpt lat="41.85091889463365" lon="-123.17646333016455">
        <time>2005-08-04T15:45:26-07:00</time>
      </trkpt>
      <trkpt lat="41.850922582671046" lon="-123.17642477340996">
        <time>2005-08-04T15:45:28-07:00</time>
      </trkpt>
      <trkpt lat="41.85093934647739" lon="-123.17631145007908">
        <time>2005-08-04T15:45:35-07:00</time>
      </trkpt>
      <trkpt lat="41.85095652937889" lon="-123.17624137736857">
        <time>2005-08-04T15:45:40-07:00</time>
      </trkpt>
      <trkpt lat="41.85096222907305" lon="-123.1761724781245">
        <time>2005-08-04T15:45:44-07:00</time>
      </trkpt>
      <trkpt lat="41.850974801927805" lon="-123.17607885226607">
        <time>2005-08-04T15:45:50-07:00</time>
      </trkpt>
      <trkpt lat="41.85099801979959" lon="-123.17596494220197">
        <time>2005-08-04T15:45:58-07:00</time>
      </trkpt>
      <trkpt lat="41.85100321657956" lon="-123.17594893276691">
        <time>2005-08-04T15:45:59-07:00</time>
      </trkpt>
      <trkpt lat="41.851035822182894" lon="-123.17583837546408">
        <time>2005-08-04T15:46:07-07:00</time>
      </trkpt>
      <trkpt lat="41.851051999256015" lon="-123.17580124363303">
        <time>2005-08-04T15:46:10-07:00</time>
      </trkpt>
      <trkpt lat="41.8510667514056" lon="-123.17578020505607">
        <time>2005-08-04T15:46:12-07:00</time>
      </trkpt>
      <trkpt lat="41.8510908074677" lon="-123.17572681233287">
        <time>2005-08-04T15:46:16-07:00</time>
      </trkpt>
      <trkpt lat="41.85112458653748" lon="-123.17565229721367">
        <time>2005-08-04T15:46:22-07:00</time>
      </trkpt>
      <trkpt lat="41.85113925486803" lon="-123.17560091614723">
        <time>2005-08-04T15:46:26-07:00</time>
      </trkpt>
      <trkpt lat="41.85114411637187" lon="-123.17558951675892">
        <time>2005-08-04T15:46:27-07:00</time>
      </trkpt>
      <trkpt lat="41.85119398869574" lon="-123.17548801191151">
        <time>2005-08-04T15:46:35-07:00</time>
      </trkpt>
      <trkpt lat="41.851203041151166" lon="-123.17546479403973">
        <time>2005-08-04T15:46:42-07:00</time>
      </trkpt>
      <trkpt lat="41.85123355127871" lon="-123.1754250638187">
        <time>2005-08-04T15:46:46-07:00</time>
      </trkpt>
      <trkpt lat="41.85127646662295" lon="-123.17534996196628">
        <time>2005-08-04T15:46:52-07:00</time>
      </trkpt>
      <trkpt lat="41.85132977552712" lon="-123.17526337690651">
        <time>2005-08-04T15:46:59-07:00</time>
      </trkpt>
      <trkpt lat="41.85135190375149" lon="-123.17521518096328">
        <time>2005-08-04T15:47:03-07:00</time>
      </trkpt>
      <trkpt lat="41.85137143358588" lon="-123.17517033778131">
        <time>2005-08-04T15:47:07-07:00</time>
      </trkpt>
      <trkpt lat="41.85142004862428" lon="-123.17505843937397">
        <time>2005-08-04T15:47:16-07:00</time>
      </trkpt>
      <trkpt lat="41.85148257762194" lon="-123.17496011964977">
        <time>2005-08-04T15:47:24-07:00</time>
      </trkpt>
      <trkpt lat="41.85149607248604" lon="-123.17493354901671">
        <time>2005-08-04T15:47:26-07:00</time>
      </trkpt>
      <trkpt lat="41.85153949074447" lon="-123.1748341396451">
        <time>2005-08-04T15:47:34-07:00</time>
      </trkpt>
      <trkpt lat="41.8515984993428" lon="-123.1747371610254">
        <time>2005-08-04T15:47:42-07:00</time>
      </trkpt>
      <trkpt lat="41.85167443938553" lon="-123.17460028454661">
        <time>2005-08-04T15:47:52-07:00</time>
      </trkpt>
      <trkpt lat="41.85175406746566" lon="-123.1745111849159">
        <time>2005-08-04T15:48:00-07:00</time>
      </trkpt>
      <trkpt lat="41.85178432613611" lon="-123.17442870698869">
        <time>2005-08-04T15:48:06-07:00</time>
      </trkpt>
      <trkpt lat="41.851798575371504" lon="-123.17438042722642">
        <time>2005-08-04T15:48:09-07:00</time>
      </trkpt>
      <trkpt lat="41.85183210298419" lon="-123.17427657544613">
        <time>2005-08-04T15:48:16-07:00</time>
      </trkpt>
      <trkpt lat="41.85185699723661" lon="-123.17427531816065">
        <time>2005-08-04T15:48:19-07:00</time>
      </trkpt>
      <trkpt lat="41.85187719762325" lon="-123.17426173947752">
        <time>2005-08-04T15:48:21-07:00</time>
      </trkpt>
      <trkpt lat="41.85195833444595" lon="-123.17419275641441">
        <time>2005-08-04T15:48:28-07:00</time>
      </trkpt>
      <trkpt lat="41.851978870108724" lon="-123.17416409030557">
        <time>2005-08-04T15:48:30-07:00</time>
      </trkpt>
      <trkpt lat="41.85201005078852" lon="-123.17411245778203">
        <time>2005-08-04T15:48:34-07:00</time>
      </trkpt>
      <trkpt lat="41.85204818844795" lon="-123.1740312371403">
        <time>2005-08-04T15:48:40-07:00</time>
      </trkpt>
      <trkpt lat="41.85205866582692" lon="-123.17399972118437">
        <time>2005-08-04T15:48:42-07:00</time>
      </trkpt>
      <trkpt lat="41.852092361077666" lon="-123.17393484525383">
        <time>2005-08-04T15:48:48-07:00</time>
      </trkpt>
      <trkpt lat="41.852151369675994" lon="-123.17385060712695">
        <time>2005-08-04T15:48:55-07:00</time>
      </trkpt>
      <trkpt lat="41.852166121825576" lon="-123.1738134752959">
        <time>2005-08-04T15:48:58-07:00</time>
      </trkpt>
      <trkpt lat="41.8522182572633" lon="-123.17373041063547">
        <time>2005-08-04T15:49:05-07:00</time>
      </trkpt>
      <trkpt lat="41.85227248817682" lon="-123.17362044006586">
        <time>2005-08-04T15:49:13-07:00</time>
      </trkpt>
      <trkpt lat="41.85234306380153" lon="-123.17350351251662">
        <time>2005-08-04T15:49:22-07:00</time>
      </trkpt>
      <trkpt lat="41.852378686890006" lon="-123.17344123497605">
        <time>2005-08-04T15:49:27-07:00</time>
      </trkpt>
      <trkpt lat="41.85240768827498" lon="-123.17341139540076">
        <time>2005-08-04T15:49:30-07:00</time>
      </trkpt>
      <trkpt lat="41.85244783759117" lon="-123.1733417417854">
        <time>2005-08-04T15:49:36-07:00</time>
      </trkpt>
      <trkpt lat="41.85248161666095" lon="-123.17327435128391">
        <time>2005-08-04T15:49:41-07:00</time>
      </trkpt>
      <trkpt lat="41.85249427333474" lon="-123.17325113341212">
        <time>2005-08-04T15:49:43-07:00</time>
      </trkpt>
      <trkpt lat="41.852529561147094" lon="-123.17319497466087">
        <time>2005-08-04T15:49:47-07:00</time>
      </trkpt>
      <trkpt lat="41.85255579650402" lon="-123.17314744926989">
        <time>2005-08-04T15:49:51-07:00</time>
      </trkpt>
      <trkpt lat="41.852606758475304" lon="-123.17307343706489">
        <time>2005-08-04T15:49:57-07:00</time>
      </trkpt>
      <trkpt lat="41.85264020226896" lon="-123.17301325500011">
        <time>2005-08-04T15:50:02-07:00</time>
      </trkpt>
      <trkpt lat="41.85266761109233" lon="-123.17297285422683">
        <time>2005-08-04T15:50:05-07:00</time>
      </trkpt>
      <trkpt lat="41.85273181647062" lon="-123.17286791279912">
        <time>2005-08-04T15:50:13-07:00</time>
      </trkpt>
      <trkpt lat="41.85280499048531" lon="-123.17277118563652">
        <time>2005-08-04T15:50:22-07:00</time>
      </trkpt>
      <trkpt lat="41.85286718420684" lon="-123.17269331775606">
        <time>2005-08-04T15:50:29-07:00</time>
      </trkpt>
      <trkpt lat="41.85293692164123" lon="-123.17259256727993">
        <time>2005-08-04T15:50:37-07:00</time>
      </trkpt>
      <trkpt lat="41.85299173928797" lon="-123.17250933498144">
        <time>2005-08-04T15:50:44-07:00</time>
      </trkpt>
      <trkpt lat="41.85306306928396" lon="-123.17238318733871">
        <time>2005-08-04T15:50:54-07:00</time>
      </trkpt>
      <trkpt lat="41.85312098823488" lon="-123.17228134721518">
        <time>2005-08-04T15:51:02-07:00</time>
      </trkpt>
      <trkpt lat="41.85319298878312" lon="-123.17219903692603">
        <time>2005-08-04T15:51:09-07:00</time>
      </trkpt>
      <trkpt lat="41.853258116170764" lon="-123.17210574634373">
        <time>2005-08-04T15:51:17-07:00</time>
      </trkpt>
      <trkpt lat="41.853308491408825" lon="-123.17202025093138">
        <time>2005-08-04T15:51:24-07:00</time>
      </trkpt>
      <trkpt lat="41.85339080169797" lon="-123.17192913964391">
        <time>2005-08-04T15:51:33-07:00</time>
      </trkpt>
      <trkpt lat="41.853423323482275" lon="-123.17188295535743">
        <time>2005-08-04T15:51:37-07:00</time>
      </trkpt>
      <trkpt lat="41.8534598685801" lon="-123.17184615880251">
        <time>2005-08-04T15:51:40-07:00</time>
      </trkpt>
      <trkpt lat="41.853521978482604" lon="-123.1717863958329">
        <time>2005-08-04T15:51:46-07:00</time>
      </trkpt>
      <trkpt lat="41.853549890220165" lon="-123.17176016047597">
        <time>2005-08-04T15:51:49-07:00</time>
      </trkpt>
      <trkpt lat="41.853625578805804" lon="-123.17167583853006">
        <time>2005-08-04T15:51:58-07:00</time>
      </trkpt>
      <trkpt lat="41.85364091768861" lon="-123.17166603170335">
        <time>2005-08-04T15:51:59-07:00</time>
      </trkpt>
      <trkpt lat="41.853709146380424" lon="-123.1716135609895">
        <time>2005-08-04T15:52:05-07:00</time>
      </trkpt>
      <trkpt lat="41.85376966372132" lon="-123.17156209610403">
        <time>2005-08-04T15:52:12-07:00</time>
      </trkpt>
      <trkpt lat="41.85386178083718" lon="-123.17150241695344">
        <time>2005-08-04T15:52:20-07:00</time>
      </trkpt>
      <trkpt lat="41.85393461957574" lon="-123.17144650965929">
        <time>2005-08-04T15:52:27-07:00</time>
      </trkpt>
      <trkpt lat="41.85395264066756" lon="-123.1714304164052">
        <time>2005-08-04T15:52:29-07:00</time>
      </trkpt>
      <trkpt lat="41.85401039198041" lon="-123.17138926126063">
        <time>2005-08-04T15:52:35-07:00</time>
      </trkpt>
      <trkpt lat="41.854093875736" lon="-123.1713424064219">
        <time>2005-08-04T15:52:42-07:00</time>
      </trkpt>
      <trkpt lat="41.85416713356972" lon="-123.17129387520254">
        <time>2005-08-04T15:52:48-07:00</time>
      </trkpt>
      <trkpt lat="41.85417652130127" lon="-123.17128666676581">
        <time>2005-08-04T15:52:49-07:00</time>
      </trkpt>
      <trkpt lat="41.85426075942814" lon="-123.17123025655746">
        <time>2005-08-04T15:52:57-07:00</time>
      </trkpt>
      <trkpt lat="41.85437014326453" lon="-123.17118667066097">
        <time>2005-08-04T15:53:06-07:00</time>
      </trkpt>
      <trkpt lat="41.85444490984082" lon="-123.17113663069904">
        <time>2005-08-04T15:53:12-07:00</time>
      </trkpt>
      <trkpt lat="41.85450282879174" lon="-123.17108667455614">
        <time>2005-08-04T15:53:18-07:00</time>
      </trkpt>
      <trkpt lat="41.85451162979007" lon="-123.17108005285263">
        <time>2005-08-04T15:53:19-07:00</time>
      </trkpt>
      <trkpt lat="41.85455714352429" lon="-123.17105105146766">
        <time>2005-08-04T15:53:24-07:00</time>
      </trkpt>
      <trkpt lat="41.85465303249657" lon="-123.17098793573678">
        <time>2005-08-04T15:53:32-07:00</time>
      </trkpt>
      <trkpt lat="41.8546689581126" lon="-123.1709813978523">
        <time>2005-08-04T15:53:33-07:00</time>
      </trkpt>
      <trkpt lat="41.85473307967186" lon="-123.17094300873578">
        <time>2005-08-04T15:53:39-07:00</time>
      </trkpt>
      <trkpt lat="41.85482050292194" lon="-123.17087905481458">
        <time>2005-08-04T15:53:47-07:00</time>
      </trkpt>
      <trkpt lat="41.85485268943012" lon="-123.17085726186633">
        <time>2005-08-04T15:53:50-07:00</time>
      </trkpt>
      <trkpt lat="41.85490574687719" lon="-123.17083010450006">
        <time>2005-08-04T15:53:55-07:00</time>
      </trkpt>
      <trkpt lat="41.85499685816467" lon="-123.1707842554897">
        <time>2005-08-04T15:54:02-07:00</time>
      </trkpt>
      <trkpt lat="41.85507380403578" lon="-123.17074159160256">
        <time>2005-08-04T15:54:10-07:00</time>
      </trkpt>
      <trkpt lat="41.85517220757902" lon="-123.17067503929138">
        <time>2005-08-04T15:54:19-07:00</time>
      </trkpt>
      <trkpt lat="41.85526080429554" lon="-123.1706068944186">
        <time>2005-08-04T15:54:28-07:00</time>
      </trkpt>
      <trkpt lat="41.855285530909896" lon="-123.17058702930808">
        <time>2005-08-04T15:54:33-07:00</time>
      </trkpt>
      <trkpt lat="41.85529307462275" lon="-123.17058853805065">
        <time>2005-08-04T15:54:39-07:00</time>
      </trkpt>
      <trkpt lat="41.855330374091864" lon="-123.17056490108371">
        <time>2005-08-04T15:54:43-07:00</time>
      </trkpt>
      <trkpt lat="41.855345042422414" lon="-123.17055031657219">
        <time>2005-08-04T15:54:45-07:00</time>
      </trkpt>
      <trkpt lat="41.855357866734266" lon="-123.17054218612611">
        <time>2005-08-04T15:54:52-07:00</time>
      </trkpt>
      <trkpt lat="41.85538452118635" lon="-123.17052299156785">
        <time>2005-08-04T15:54:55-07:00</time>
      </trkpt>
      <trkpt lat="41.85544176958501" lon="-123.17047965712845">
        <time>2005-08-04T15:55:01-07:00</time>
      </trkpt>
      <trkpt lat="41.855459874495864" lon="-123.17047320306301">
        <time>2005-08-04T15:55:03-07:00</time>
      </trkpt>
      <trkpt lat="41.8555392511189" lon="-123.17040606401861">
        <time>2005-08-04T15:55:12-07:00</time>
      </trkpt>
      <trkpt lat="41.85554704628885" lon="-123.17039726302028">
        <time>2005-08-04T15:55:13-07:00</time>
      </trkpt>
      <trkpt lat="41.855649054050446" lon="-123.17031478509307">
        <time>2005-08-04T15:55:24-07:00</time>
      </trkpt>
      <trkpt lat="41.85575089417398" lon="-123.17022074013948">
        <time>2005-08-04T15:55:35-07:00</time>
      </trkpt>
      <trkpt lat="41.85576028190553" lon="-123.17021193914115">
        <time>2005-08-04T15:55:36-07:00</time>
      </trkpt>
      <trkpt lat="41.85584527440369" lon="-123.1701166369021">
        <time>2005-08-04T15:55:44-07:00</time>
      </trkpt>
      <trkpt lat="41.85591358691454" lon="-123.16999895498157">
        <time>2005-08-04T15:55:54-07:00</time>
      </trkpt>
      <trkpt lat="41.85594828799367" lon="-123.16993550397456">
        <time>2005-08-04T15:55:59-07:00</time>
      </trkpt>
      <trkpt lat="41.855961699038744" lon="-123.16991044208407">
        <time>2005-08-04T15:56:01-07:00</time>
      </trkpt>
      <trkpt lat="41.85600344091654" lon="-123.16981363110244">
        <time>2005-08-04T15:56:08-07:00</time>
      </trkpt>
      <trkpt lat="41.856045266613364" lon="-123.16972754895687">
        <time>2005-08-04T15:56:14-07:00</time>
      </trkpt>
      <trkpt lat="41.856077536940575" lon="-123.16964683122933">
        <time>2005-08-04T15:56:20-07:00</time>
      </trkpt>
      <trkpt lat="41.85608860105276" lon="-123.16962688229978">
        <time>2005-08-04T15:56:22-07:00</time>
      </trkpt>
      <trkpt lat="41.85612455941737" lon="-123.16953518427908">
        <time>2005-08-04T15:56:28-07:00</time>
      </trkpt>
      <trkpt lat="41.85616487637162" lon="-123.16942890174687">
        <time>2005-08-04T15:56:35-07:00</time>
      </trkpt>
      <trkpt lat="41.856208965182304" lon="-123.16931901499629">
        <time>2005-08-04T15:56:43-07:00</time>
      </trkpt>
      <trkpt lat="41.856293957680464" lon="-123.16915950737894">
        <time>2005-08-04T15:56:55-07:00</time>
      </trkpt>
      <trkpt lat="41.85634206980467" lon="-123.16906278021634">
        <time>2005-08-04T15:57:02-07:00</time>
      </trkpt>
      <trkpt lat="41.856401497498155" lon="-123.1689302623272">
        <time>2005-08-04T15:57:11-07:00</time>
      </trkpt>
      <trkpt lat="41.856429409235716" lon="-123.16882573999465">
        <time>2005-08-04T15:57:19-07:00</time>
      </trkpt>
      <trkpt lat="41.85646570287645" lon="-123.16867176443338">
        <time>2005-08-04T15:57:28-07:00</time>
      </trkpt>
      <trkpt lat="41.856487579643726" lon="-123.16857570782304">
        <time>2005-08-04T15:57:34-07:00</time>
      </trkpt>
      <trkpt lat="41.85649369843304" lon="-123.16852558404207">
        <time>2005-08-04T15:57:37-07:00</time>
      </trkpt>
      <trkpt lat="41.85651792213321" lon="-123.16841368563473">
        <time>2005-08-04T15:57:44-07:00</time>
      </trkpt>
      <trkpt lat="41.85654264874756" lon="-123.16832282580435">
        <time>2005-08-04T15:57:51-07:00</time>
      </trkpt>
      <trkpt lat="41.856589168310165" lon="-123.16818217746913">
        <time>2005-08-04T15:58:00-07:00</time>
      </trkpt>
      <trkpt lat="41.85664817690849" lon="-123.1680613104254">
        <time>2005-08-04T15:58:09-07:00</time>
      </trkpt>
      <trkpt lat="41.856695702299476" lon="-123.16796081140637">
        <time>2005-08-04T15:58:16-07:00</time>
      </trkpt>
      <trkpt lat="41.85670115053654" lon="-123.16795016638935">
        <time>2005-08-04T15:58:17-07:00</time>
      </trkpt>
      <trkpt lat="41.85674314387143" lon="-123.16787171177566">
        <time>2005-08-04T15:58:24-07:00</time>
      </trkpt>
      <trkpt lat="41.85682453215122" lon="-123.1677573826164">
        <time>2005-08-04T15:58:33-07:00</time>
      </trkpt>
      <trkpt lat="41.856905249878764" lon="-123.16765671595931">
        <time>2005-08-04T15:58:42-07:00</time>
      </trkpt>
      <trkpt lat="41.8569568824023" lon="-123.16760097630322">
        <time>2005-08-04T15:58:48-07:00</time>
      </trkpt>
      <trkpt lat="41.85702921822667" lon="-123.16752310842276">
        <time>2005-08-04T15:58:56-07:00</time>
      </trkpt>
      <trkpt lat="41.857088981196284" lon="-123.167460327968">
        <time>2005-08-04T15:59:03-07:00</time>
      </trkpt>
      <trkpt lat="41.85710624791682" lon="-123.16744431853294">
        <time>2005-08-04T15:59:05-07:00</time>
      </trkpt>
      <trkpt lat="41.857140781357884" lon="-123.16742378287017">
        <time>2005-08-04T15:59:08-07:00</time>
      </trkpt>
      <trkpt lat="41.857170118018985" lon="-123.16740433685482">
        <time>2005-08-04T15:59:12-07:00</time>
      </trkpt>
      <trkpt lat="41.85721864923835" lon="-123.167330827564">
        <time>2005-08-04T15:59:20-07:00</time>
      </trkpt>
      <trkpt lat="41.85728126205504" lon="-123.16726980730891">
        <time>2005-08-04T15:59:28-07:00</time>
      </trkpt>
      <trkpt lat="41.857336247339845" lon="-123.16722806543112">
        <time>2005-08-04T15:59:34-07:00</time>
      </trkpt>
      <trkpt lat="41.85734974220395" lon="-123.16722454503179">
        <time>2005-08-04T15:59:35-07:00</time>
      </trkpt>
      <trkpt lat="41.85741126537323" lon="-123.16719353199005">
        <time>2005-08-04T15:59:40-07:00</time>
      </trkpt>
      <trkpt lat="41.857454935088754" lon="-123.16717215813696">
        <time>2005-08-04T15:59:43-07:00</time>
      </trkpt>
      <trkpt lat="41.85751729644835" lon="-123.16712723113596">
        <time>2005-08-04T15:59:49-07:00</time>
      </trkpt>
      <trkpt lat="41.8576146941632" lon="-123.16707124002278">
        <time>2005-08-04T15:59:57-07:00</time>
      </trkpt>
      <trkpt lat="41.85766247101128" lon="-123.16704240627587">
        <time>2005-08-04T16:00:02-07:00</time>
      </trkpt>
      <trkpt lat="41.85768744908273" lon="-123.16702572628856">
        <time>2005-08-04T16:00:04-07:00</time>
      </trkpt>
      <trkpt lat="41.85776992700994" lon="-123.16696914844215">
        <time>2005-08-04T16:00:11-07:00</time>
      </trkpt>
      <trkpt lat="41.857826840132475" lon="-123.16691131331027">
        <time>2005-08-04T16:00:17-07:00</time>
      </trkpt>
      <trkpt lat="41.85790873132646" lon="-123.16684962250292">
        <time>2005-08-04T16:00:24-07:00</time>
      </trkpt>
      <trkpt lat="41.857968075200915" lon="-123.16677879542112">
        <time>2005-08-04T16:00:31-07:00</time>
      </trkpt>
      <trkpt lat="41.85804896056652" lon="-123.16670319065452">
        <time>2005-08-04T16:00:39-07:00</time>
      </trkpt>
      <trkpt lat="41.85805826447904" lon="-123.16669489257038">
        <time>2005-08-04T16:00:40-07:00</time>
      </trkpt>
      <trkpt lat="41.85807486064732" lon="-123.16666320897639">
        <time>2005-08-04T16:00:46-07:00</time>
      </trkpt>
      <trkpt lat="41.85811442323029" lon="-123.16662951372564">
        <time>2005-08-04T16:00:53-07:00</time>
      </trkpt>
      <trkpt lat="41.85818583704531" lon="-123.16656463779509">
        <time>2005-08-04T16:01:00-07:00</time>
      </trkpt>
      <trkpt lat="41.8582677282393" lon="-123.16645600832999">
        <time>2005-08-04T16:01:10-07:00</time>
      </trkpt>
      <trkpt lat="41.8583454284817" lon="-123.16637537442148">
        <time>2005-08-04T16:01:18-07:00</time>
      </trkpt>
      <trkpt lat="41.85842136852443" lon="-123.16628401167691">
        <time>2005-08-04T16:01:26-07:00</time>
      </trkpt>
      <trkpt lat="41.85848347842693" lon="-123.16617781296372">
        <time>2005-08-04T16:01:34-07:00</time>
      </trkpt>
      <trkpt lat="41.858562687411904" lon="-123.16607069224119">
        <time>2005-08-04T16:01:43-07:00</time>
      </trkpt>
      <trkpt lat="41.858630664646626" lon="-123.16597823984921">
        <time>2005-08-04T16:01:50-07:00</time>
      </trkpt>
      <trkpt lat="41.85865187086165" lon="-123.16594211384654">
        <time>2005-08-04T16:01:53-07:00</time>
      </trkpt>
      <trkpt lat="41.858671735972166" lon="-123.16590271890163">
        <time>2005-08-04T16:01:56-07:00</time>
      </trkpt>
      <trkpt lat="41.85872043482959" lon="-123.16578922793269">
        <time>2005-08-04T16:02:04-07:00</time>
      </trkpt>
      <trkpt lat="41.858728900551796" lon="-123.16577732563019">
        <time>2005-08-04T16:02:05-07:00</time>
      </trkpt>
      <trkpt lat="41.858737198635936" lon="-123.16576399840415">
        <time>2005-08-04T16:02:06-07:00</time>
      </trkpt>
      <trkpt lat="41.8587460834533" lon="-123.16574891097844">
        <time>2005-08-04T16:02:07-07:00</time>
      </trkpt>
      <trkpt lat="41.85878975316882" lon="-123.16564606502652">
        <time>2005-08-04T16:02:14-07:00</time>
      </trkpt>
      <trkpt lat="41.85883124358952" lon="-123.16549301147461">
        <time>2005-08-04T16:02:23-07:00</time>
      </trkpt>
      <trkpt lat="41.85886938124895" lon="-123.16536250524223">
        <time>2005-08-04T16:02:31-07:00</time>
      </trkpt>
      <trkpt lat="41.85892227105796" lon="-123.1652173306793">
        <time>2005-08-04T16:02:40-07:00</time>
      </trkpt>
      <trkpt lat="41.85894758440554" lon="-123.16517550498247">
        <time>2005-08-04T16:02:43-07:00</time>
      </trkpt>
      <trkpt lat="41.858997624367476" lon="-123.1650878302753">
        <time>2005-08-04T16:02:49-07:00</time>
      </trkpt>
      <trkpt lat="41.85903157107532" lon="-123.1650325935334">
        <time>2005-08-04T16:02:54-07:00</time>
      </trkpt>
      <trkpt lat="41.859057219699025" lon="-123.16499747335911">
        <time>2005-08-04T16:02:57-07:00</time>
      </trkpt>
      <trkpt lat="41.859152941033244" lon="-123.16490552388132">
        <time>2005-08-04T16:03:07-07:00</time>
      </trkpt>
      <trkpt lat="41.859239023178816" lon="-123.1648251414299">
        <time>2005-08-04T16:03:15-07:00</time>
      </trkpt>
      <trkpt lat="41.85931680724025" lon="-123.16473319195211">
        <time>2005-08-04T16:03:23-07:00</time>
      </trkpt>
      <trkpt lat="41.85937355272472" lon="-123.1646216288209">
        <time>2005-08-04T16:03:31-07:00</time>
      </trkpt>
      <trkpt lat="41.859381180256605" lon="-123.16450755111873">
        <time>2005-08-04T16:03:38-07:00</time>
      </trkpt>
      <trkpt lat="41.85936332680285" lon="-123.16438592970371">
        <time>2005-08-04T16:03:46-07:00</time>
      </trkpt>
      <trkpt lat="41.859316136687994" lon="-123.16423798911273">
        <time>2005-08-04T16:03:56-07:00</time>
      </trkpt>
      <trkpt lat="41.85926886275411" lon="-123.16411242820323">
        <time>2005-08-04T16:04:04-07:00</time>
      </trkpt>
      <trkpt lat="41.85919225215912" lon="-123.16403338685632">
        <time>2005-08-04T16:04:12-07:00</time>
      </trkpt>
      <trkpt lat="41.859120670706034" lon="-123.16400212235749">
        <time>2005-08-04T16:04:19-07:00</time>
      </trkpt>
      <trkpt lat="41.85910918749869" lon="-123.16399181261659">
        <time>2005-08-04T16:04:20-07:00</time>
      </trkpt>
      <trkpt lat="41.859071804210544" lon="-123.16393037326634">
        <time>2005-08-04T16:04:25-07:00</time>
      </trkpt>
      <trkpt lat="41.85904003679752" lon="-123.16390011459589">
        <time>2005-08-04T16:04:28-07:00</time>
      </trkpt>
      <trkpt lat="41.85897583141923" lon="-123.16381285898387">
        <time>2005-08-04T16:04:36-07:00</time>
      </trkpt>
      <trkpt lat="41.858915481716394" lon="-123.16372434608638">
        <time>2005-08-04T16:04:43-07:00</time>
      </trkpt>
      <trkpt lat="41.858863765373826" lon="-123.16363264806569">
        <time>2005-08-04T16:04:50-07:00</time>
      </trkpt>
      <trkpt lat="41.85882244259119" lon="-123.16353256814182">
        <time>2005-08-04T16:04:57-07:00</time>
      </trkpt>
      <trkpt lat="41.85881070792675" lon="-123.16350356675684">
        <time>2005-08-04T16:04:59-07:00</time>
      </trkpt>
      <trkpt lat="41.858768966048956" lon="-123.1633644271642">
        <time>2005-08-04T16:05:08-07:00</time>
      </trkpt>
      <trkpt lat="41.85874717310071" lon="-123.1632640119642">
        <time>2005-08-04T16:05:16-07:00</time>
      </trkpt>
      <trkpt lat="41.85871280729771" lon="-123.16313845105469">
        <time>2005-08-04T16:05:24-07:00</time>
      </trkpt>
      <trkpt lat="41.85868523083627" lon="-123.16300987266004">
        <time>2005-08-04T16:05:32-07:00</time>
      </trkpt>
      <trkpt lat="41.85867726802826" lon="-123.16297341138124">
        <time>2005-08-04T16:05:34-07:00</time>
      </trkpt>
      <trkpt lat="41.85865958221257" lon="-123.16284106113017">
        <time>2005-08-04T16:05:42-07:00</time>
      </trkpt>
      <trkpt lat="41.85864977538586" lon="-123.16273737698793">
        <time>2005-08-04T16:05:49-07:00</time>
      </trkpt>
      <trkpt lat="41.858649188652635" lon="-123.16270535811782">
        <time>2005-08-04T16:05:51-07:00</time>
      </trkpt>
      <trkpt lat="41.858679447323084" lon="-123.16251995041966">
        <time>2005-08-04T16:06:02-07:00</time>
      </trkpt>
      <trkpt lat="41.85867768712342" lon="-123.16237779334188">
        <time>2005-08-04T16:06:12-07:00</time>
      </trkpt>
      <trkpt lat="41.85867793858051" lon="-123.16234786994755">
        <time>2005-08-04T16:06:14-07:00</time>
      </trkpt>
      <trkpt lat="41.85869160108268" lon="-123.16222951747477">
        <time>2005-08-04T16:06:21-07:00</time>
      </trkpt>
      <trkpt lat="41.85870870016515" lon="-123.16217084415257">
        <time>2005-08-04T16:06:25-07:00</time>
      </trkpt>
      <trkpt lat="41.858724877238274" lon="-123.16212591715157">
        <time>2005-08-04T16:06:28-07:00</time>
      </trkpt>
      <trkpt lat="41.85875882394612" lon="-123.16204955801368">
        <time>2005-08-04T16:06:34-07:00</time>
      </trkpt>
      <trkpt lat="41.85879327356815" lon="-123.161973785609">
        <time>2005-08-04T16:06:39-07:00</time>
      </trkpt>
      <trkpt lat="41.858798721805215" lon="-123.16195911727846">
        <time>2005-08-04T16:06:40-07:00</time>
      </trkpt>
      <trkpt lat="41.858830070123076" lon="-123.16188368014991">
        <time>2005-08-04T16:06:46-07:00</time>
      </trkpt>
      <trkpt lat="41.85884976759553" lon="-123.16184193827212">
        <time>2005-08-04T16:06:49-07:00</time>
      </trkpt>
      <trkpt lat="41.858863765373826" lon="-123.16178594715893">
        <time>2005-08-04T16:06:53-07:00</time>
      </trkpt>
      <trkpt lat="41.85887340456247" lon="-123.1617216579616">
        <time>2005-08-04T16:06:57-07:00</time>
      </trkpt>
      <trkpt lat="41.858887150883675" lon="-123.16169198602438">
        <time>2005-08-04T16:07:00-07:00</time>
      </trkpt>
      <trkpt lat="41.8589358497411" lon="-123.16162367351353">
        <time>2005-08-04T16:07:05-07:00</time>
      </trkpt>
      <trkpt lat="41.85898127965629" lon="-123.16152426414192">
        <time>2005-08-04T16:07:11-07:00</time>
      </trkpt>
      <trkpt lat="41.85901212505996" lon="-123.16146567463875">
        <time>2005-08-04T16:07:15-07:00</time>
      </trkpt>
      <trkpt lat="41.85903240926564" lon="-123.16141965799034">
        <time>2005-08-04T16:07:18-07:00</time>
      </trkpt>
      <trkpt lat="41.859038611873984" lon="-123.16140297800303">
        <time>2005-08-04T16:07:19-07:00</time>
      </trkpt>
      <trkpt lat="41.85908689163625" lon="-123.16128496080637">
        <time>2005-08-04T16:07:27-07:00</time>
      </trkpt>
      <trkpt lat="41.85912569984794" lon="-123.16115847788751">
        <time>2005-08-04T16:07:35-07:00</time>
      </trkpt>
      <trkpt lat="41.859151516109705" lon="-123.16103006713092">
        <time>2005-08-04T16:07:42-07:00</time>
      </trkpt>
      <trkpt lat="41.85914849862456" lon="-123.16093551926315">
        <time>2005-08-04T16:07:48-07:00</time>
      </trkpt>
      <trkpt lat="41.85915034264326" lon="-123.1609015725553">
        <time>2005-08-04T16:07:50-07:00</time>
      </trkpt>
      <trkpt lat="41.85915277339518" lon="-123.16077785566449">
        <time>2005-08-04T16:07:57-07:00</time>
      </trkpt>
      <trkpt lat="41.85915813781321" lon="-123.16064114682376">
        <time>2005-08-04T16:08:05-07:00</time>
      </trkpt>
      <trkpt lat="41.85915813781321" lon="-123.1606050208211">
        <time>2005-08-04T16:08:07-07:00</time>
      </trkpt>
      <trkpt lat="41.85916827991605" lon="-123.16051625646651">
        <time>2005-08-04T16:08:12-07:00</time>
      </trkpt>
      <trkpt lat="41.859181271865964" lon="-123.16038834862411">
        <time>2005-08-04T16:08:20-07:00</time>
      </trkpt>
      <trkpt lat="41.85917758382857" lon="-123.1603597663343">
        <time>2005-08-04T16:08:22-07:00</time>
      </trkpt>
      <trkpt lat="41.85917758382857" lon="-123.16027116961777">
        <time>2005-08-04T16:08:27-07:00</time>
      </trkpt>
      <trkpt lat="41.8591811042279" lon="-123.16020369529724">
        <time>2005-08-04T16:08:31-07:00</time>
      </trkpt>
      <trkpt lat="41.85920247808099" lon="-123.16009347327054">
        <time>2005-08-04T16:08:37-07:00</time>
      </trkpt>
      <trkpt lat="41.85922058299184" lon="-123.16001988016069">
        <time>2005-08-04T16:08:41-07:00</time>
      </trkpt>
      <trkpt lat="41.859274143353105" lon="-123.15983690321445">
        <time>2005-08-04T16:08:51-07:00</time>
      </trkpt>
      <trkpt lat="41.8593021389097" lon="-123.15966784022748">
        <time>2005-08-04T16:09:02-07:00</time>
      </trkpt>
      <trkpt lat="41.859331810846925" lon="-123.15949207171798">
        <time>2005-08-04T16:09:12-07:00</time>
      </trkpt>
      <trkpt lat="41.85936525464058" lon="-123.15937011502683">
        <time>2005-08-04T16:09:20-07:00</time>
      </trkpt>
      <trkpt lat="41.85936860740185" lon="-123.15935477614403">
        <time>2005-08-04T16:09:21-07:00</time>
      </trkpt>
      <trkpt lat="41.859405068680644" lon="-123.1591990403831">
        <time>2005-08-04T16:09:31-07:00</time>
      </trkpt>
      <trkpt lat="41.859437841922045" lon="-123.15906006842852">
        <time>2005-08-04T16:09:40-07:00</time>
      </trkpt>
      <trkpt lat="41.85947589576244" lon="-123.15891690552235">
        <time>2005-08-04T16:09:49-07:00</time>
      </trkpt>
      <trkpt lat="41.859512189403176" lon="-123.1587777659297">
        <time>2005-08-04T16:09:58-07:00</time>
      </trkpt>
      <trkpt lat="41.85955963097513" lon="-123.15863720141351">
        <time>2005-08-04T16:10:08-07:00</time>
      </trkpt>
      <trkpt lat="41.85960673727095" lon="-123.15848330967128">
        <time>2005-08-04T16:10:18-07:00</time>
      </trkpt>
      <trkpt lat="41.85962710529566" lon="-123.15835012122989">
        <time>2005-08-04T16:10:26-07:00</time>
      </trkpt>
      <trkpt lat="41.85963314026594" lon="-123.15828734077513">
        <time>2005-08-04T16:10:30-07:00</time>
      </trkpt>
      <trkpt lat="41.85965275391936" lon="-123.15820896998048">
        <time>2005-08-04T16:10:35-07:00</time>
      </trkpt>
      <trkpt lat="41.859693909063935" lon="-123.158043846488">
        <time>2005-08-04T16:10:46-07:00</time>
      </trkpt>
      <trkpt lat="41.859734980389476" lon="-123.15792675130069">
        <time>2005-08-04T16:10:54-07:00</time>
      </trkpt>
      <trkpt lat="41.85976247303188" lon="-123.15780496224761">
        <time>2005-08-04T16:11:02-07:00</time>
      </trkpt>
      <trkpt lat="41.85980027541518" lon="-123.15764771774411">
        <time>2005-08-04T16:11:12-07:00</time>
      </trkpt>
      <trkpt lat="41.859825756400824" lon="-123.15751813352108">
        <time>2005-08-04T16:11:20-07:00</time>
      </trkpt>
      <trkpt lat="41.85983288101852" lon="-123.15748494118452">
        <time>2005-08-04T16:11:22-07:00</time>
      </trkpt>
      <trkpt lat="41.8598581943661" lon="-123.15735636278987">
        <time>2005-08-04T16:11:31-07:00</time>
      </trkpt>
      <trkpt lat="41.85989700257778" lon="-123.15719618462026">
        <time>2005-08-04T16:11:40-07:00</time>
      </trkpt>
      <trkpt lat="41.85990865342319" lon="-123.15715905278921">
        <time>2005-08-04T16:11:42-07:00</time>
      </trkpt>
      <trkpt lat="41.859929943457246" lon="-123.1570733897388">
        <time>2005-08-04T16:11:47-07:00</time>
      </trkpt>
      <trkpt lat="41.85994771309197" lon="-123.15698185935616">
        <time>2005-08-04T16:11:52-07:00</time>
      </trkpt>
      <trkpt lat="41.859958358109" lon="-123.15695160068572">
        <time>2005-08-04T16:11:54-07:00</time>
      </trkpt>
      <trkpt lat="41.85998593457043" lon="-123.15683710388839">
        <time>2005-08-04T16:12:01-07:00</time>
      </trkpt>
      <trkpt lat="41.86001451686025" lon="-123.15672595985234">
        <time>2005-08-04T16:12:08-07:00</time>
      </trkpt>
      <trkpt lat="41.86004309915006" lon="-123.15659092739224">
        <time>2005-08-04T16:12:16-07:00</time>
      </trkpt>
      <trkpt lat="41.86005223542452" lon="-123.15652839839458">
        <time>2005-08-04T16:12:19-07:00</time>
      </trkpt>
      <trkpt lat="41.86005382798612" lon="-123.15649772062898">
        <time>2005-08-04T16:12:21-07:00</time>
      </trkpt>
      <trkpt lat="41.860076459124684" lon="-123.15639546141028">
        <time>2005-08-04T16:12:27-07:00</time>
      </trkpt>
      <trkpt lat="41.860108310356736" lon="-123.15629437565804">
        <time>2005-08-04T16:12:33-07:00</time>
      </trkpt>
      <trkpt lat="41.860135132446885" lon="-123.15620343200862">
        <time>2005-08-04T16:12:38-07:00</time>
      </trkpt>
      <trkpt lat="41.860161032527685" lon="-123.15612095408142">
        <time>2005-08-04T16:12:44-07:00</time>
      </trkpt>
      <trkpt lat="41.86019397340715" lon="-123.15599698573351">
        <time>2005-08-04T16:12:50-07:00</time>
      </trkpt>
      <trkpt lat="41.860219202935696" lon="-123.15590813755989">
        <time>2005-08-04T16:12:56-07:00</time>
      </trkpt>
      <trkpt lat="41.860233787447214" lon="-123.15579255111516">
        <time>2005-08-04T16:13:04-07:00</time>
      </trkpt>
      <trkpt lat="41.860247030854225" lon="-123.15572507679462">
        <time>2005-08-04T16:13:10-07:00</time>
      </trkpt>
      <trkpt lat="41.86027703806758" lon="-123.15558820031583">
        <time>2005-08-04T16:13:18-07:00</time>
      </trkpt>
      <trkpt lat="41.86029514297843" lon="-123.1555310357362">
        <time>2005-08-04T16:13:21-07:00</time>
      </trkpt>
      <trkpt lat="41.86032741330564" lon="-123.15542642958462">
        <time>2005-08-04T16:13:27-07:00</time>
      </trkpt>
      <trkpt lat="41.86033043079078" lon="-123.15541335381567">
        <time>2005-08-04T16:13:28-07:00</time>
      </trkpt>
      <trkpt lat="41.86034099198878" lon="-123.15538200549781">
        <time>2005-08-04T16:13:30-07:00</time>
      </trkpt>
      <trkpt lat="41.86037384904921" lon="-123.15527480095625">
        <time>2005-08-04T16:13:36-07:00</time>
      </trkpt>
      <trkpt lat="41.860399497672915" lon="-123.15512283705175">
        <time>2005-08-04T16:13:45-07:00</time>
      </trkpt>
      <trkpt lat="41.86044216156006" lon="-123.15499174408615">
        <time>2005-08-04T16:13:53-07:00</time>
      </trkpt>
      <trkpt lat="41.86047024093568" lon="-123.15487490035594">
        <time>2005-08-04T16:14:00-07:00</time>
      </trkpt>
      <trkpt lat="41.86050024814904" lon="-123.15474431030452">
        <time>2005-08-04T16:14:08-07:00</time>
      </trkpt>
      <trkpt lat="41.860540648922324" lon="-123.15461715683341">
        <time>2005-08-04T16:14:15-07:00</time>
      </trkpt>
      <trkpt lat="41.86056386679411" lon="-123.15450701862574">
        <time>2005-08-04T16:14:22-07:00</time>
      </trkpt>
      <trkpt lat="41.8605937063694" lon="-123.15436645410955">
        <time>2005-08-04T16:14:30-07:00</time>
      </trkpt>
      <trkpt lat="41.86063284985721" lon="-123.15421071834862">
        <time>2005-08-04T16:14:39-07:00</time>
      </trkpt>
      <trkpt lat="41.86064659617841" lon="-123.15416076220572">
        <time>2005-08-04T16:14:42-07:00</time>
      </trkpt>
      <trkpt lat="41.8606542237103" lon="-123.1541461776942">
        <time>2005-08-04T16:14:43-07:00</time>
      </trkpt>
      <trkpt lat="41.8606732506305" lon="-123.15407233312726">
        <time>2005-08-04T16:14:47-07:00</time>
      </trkpt>
      <trkpt lat="41.86070568859577" lon="-123.15394182689488">
        <time>2005-08-04T16:14:55-07:00</time>
      </trkpt>
      <trkpt lat="41.86074022203684" lon="-123.15383705310524">
        <time>2005-08-04T16:15:02-07:00</time>
      </trkpt>
      <trkpt lat="41.860776264220476" lon="-123.15367930568755">
        <time>2005-08-04T16:15:11-07:00</time>
      </trkpt>
      <trkpt lat="41.86080836690962" lon="-123.15360998734832">
        <time>2005-08-04T16:15:16-07:00</time>
      </trkpt>
      <trkpt lat="41.86081599444151" lon="-123.15358375199139">
        <time>2005-08-04T16:15:18-07:00</time>
      </trkpt>
      <trkpt lat="41.860872488468885" lon="-123.1534275971353">
        <time>2005-08-04T16:15:28-07:00</time>
      </trkpt>
      <trkpt lat="41.8609079439193" lon="-123.15329315140843">
        <time>2005-08-04T16:15:36-07:00</time>
      </trkpt>
      <trkpt lat="41.86095337383449" lon="-123.15316532738507">
        <time>2005-08-04T16:15:44-07:00</time>
      </trkpt>
      <trkpt lat="41.86098271049559" lon="-123.15304680727422">
        <time>2005-08-04T16:15:51-07:00</time>
      </trkpt>
      <trkpt lat="41.861023027449846" lon="-123.15294387750328">
        <time>2005-08-04T16:15:58-07:00</time>
      </trkpt>
      <trkpt lat="41.86107340268791" lon="-123.15282904542983">
        <time>2005-08-04T16:16:06-07:00</time>
      </trkpt>
      <trkpt lat="41.86111497692764" lon="-123.15273324027658">
        <time>2005-08-04T16:16:12-07:00</time>
      </trkpt>
      <trkpt lat="41.861163759604096" lon="-123.15262922085822">
        <time>2005-08-04T16:16:19-07:00</time>
      </trkpt>
      <trkpt lat="41.861193431541324" lon="-123.15256392583251">
        <time>2005-08-04T16:16:23-07:00</time>
      </trkpt>
      <trkpt lat="41.86122176237404" lon="-123.1525226868689">
        <time>2005-08-04T16:16:26-07:00</time>
      </trkpt>
      <trkpt lat="41.861260486766696" lon="-123.15242503769696">
        <time>2005-08-04T16:16:33-07:00</time>
      </trkpt>
      <trkpt lat="41.861271131783724" lon="-123.15239285118878">
        <time>2005-08-04T16:16:35-07:00</time>
      </trkpt>
      <trkpt lat="41.86134288087487" lon="-123.1522240396589">
        <time>2005-08-04T16:16:45-07:00</time>
      </trkpt>
      <trkpt lat="41.86139711178839" lon="-123.15207660198212">
        <time>2005-08-04T16:16:55-07:00</time>
      </trkpt>
      <trkpt lat="41.86144388280809" lon="-123.15192111767828">
        <time>2005-08-04T16:17:04-07:00</time>
      </trkpt>
      <trkpt lat="41.861491575837135" lon="-123.1517768651247">
        <time>2005-08-04T16:17:13-07:00</time>
      </trkpt>
      <trkpt lat="41.861494928598404" lon="-123.15176295116544">
        <time>2005-08-04T16:17:14-07:00</time>
      </trkpt>
      <trkpt lat="41.8615348264575" lon="-123.15167276188731">
        <time>2005-08-04T16:17:20-07:00</time>
      </trkpt>
      <trkpt lat="41.8615781608969" lon="-123.1515868473798">
        <time>2005-08-04T16:17:27-07:00</time>
      </trkpt>
      <trkpt lat="41.861595092341304" lon="-123.15156295895576">
        <time>2005-08-04T16:17:29-07:00</time>
      </trkpt>
      <trkpt lat="41.86165787279606" lon="-123.15146681852639">
        <time>2005-08-04T16:17:37-07:00</time>
      </trkpt>
      <trkpt lat="41.861668014898896" lon="-123.15145650878549">
        <time>2005-08-04T16:17:38-07:00</time>
      </trkpt>
      <trkpt lat="41.861709421500564" lon="-123.1513801496476">
        <time>2005-08-04T16:17:44-07:00</time>
      </trkpt>
      <trkpt lat="41.86178293079138" lon="-123.15125559456646">
        <time>2005-08-04T16:17:53-07:00</time>
      </trkpt>
      <trkpt lat="41.86178301461041" lon="-123.15124025568366">
        <time>2005-08-04T16:17:54-07:00</time>
      </trkpt>
      <trkpt lat="41.86180170625448" lon="-123.15113162621856">
        <time>2005-08-04T16:18:01-07:00</time>
      </trkpt>
      <trkpt lat="41.86180983670056" lon="-123.1511053070426">
        <time>2005-08-04T16:18:03-07:00</time>
      </trkpt>
      <trkpt lat="41.861853590235114" lon="-123.15099583938718">
        <time>2005-08-04T16:18:10-07:00</time>
      </trkpt>
      <trkpt lat="41.8618646543473" lon="-123.15096608363092">
        <time>2005-08-04T16:18:12-07:00</time>
      </trkpt>
      <trkpt lat="41.86189357191324" lon="-123.15088788047433">
        <time>2005-08-04T16:18:17-07:00</time>
      </trkpt>
      <trkpt lat="41.86191603541374" lon="-123.15077011473477">
        <time>2005-08-04T16:18:24-07:00</time>
      </trkpt>
      <trkpt lat="41.861919136717916" lon="-123.15075159072876">
        <time>2005-08-04T16:18:25-07:00</time>
      </trkpt>
      <trkpt lat="41.861927350983024" lon="-123.15072082914412">
        <time>2005-08-04T16:18:27-07:00</time>
      </trkpt>
      <trkpt lat="41.86195216141641" lon="-123.15062653273344">
        <time>2005-08-04T16:18:33-07:00</time>
      </trkpt>
      <trkpt lat="41.86198979616165" lon="-123.15054036676884">
        <time>2005-08-04T16:18:39-07:00</time>
      </trkpt>
      <trkpt lat="41.86201854608953" lon="-123.15048797987401">
        <time>2005-08-04T16:18:43-07:00</time>
      </trkpt>
      <trkpt lat="41.86204771511257" lon="-123.1504371855408">
        <time>2005-08-04T16:18:47-07:00</time>
      </trkpt>
      <trkpt lat="41.86210513114929" lon="-123.15037566237152">
        <time>2005-08-04T16:18:53-07:00</time>
      </trkpt>
      <trkpt lat="41.86211619526148" lon="-123.1503645144403">
        <time>2005-08-04T16:18:54-07:00</time>
      </trkpt>
      <trkpt lat="41.86215475201607" lon="-123.1502920947969">
        <time>2005-08-04T16:18:59-07:00</time>
      </trkpt>
      <trkpt lat="41.86217377893627" lon="-123.15024775452912">
        <time>2005-08-04T16:19:02-07:00</time>
      </trkpt>
      <trkpt lat="41.86221971176565" lon="-123.15014566294849">
        <time>2005-08-04T16:19:09-07:00</time>
      </trkpt>
      <trkpt lat="41.862267069518566" lon="-123.15004105679691">
        <time>2005-08-04T16:19:16-07:00</time>
      </trkpt>
      <trkpt lat="41.862310571596026" lon="-123.14995966851711">
        <time>2005-08-04T16:19:22-07:00</time>
      </trkpt>
      <trkpt lat="41.86234409920871" lon="-123.14990585669875">
        <time>2005-08-04T16:19:26-07:00</time>
      </trkpt>
      <trkpt lat="41.86240419745445" lon="-123.14979697577655">
        <time>2005-08-04T16:19:34-07:00</time>
      </trkpt>
      <trkpt lat="41.86244945973158" lon="-123.14969421364367">
        <time>2005-08-04T16:19:41-07:00</time>
      </trkpt>
      <trkpt lat="41.86249002814293" lon="-123.1496250629425">
        <time>2005-08-04T16:19:46-07:00</time>
      </trkpt>
      <trkpt lat="41.86250654049218" lon="-123.14959103241563">
        <time>2005-08-04T16:19:48-07:00</time>
      </trkpt>
      <trkpt lat="41.86254886910319" lon="-123.14947527833283">
        <time>2005-08-04T16:19:56-07:00</time>
      </trkpt>
      <trkpt lat="41.86259572394192" lon="-123.14938575960696">
        <time>2005-08-04T16:20:03-07:00</time>
      </trkpt>
      <trkpt lat="41.86266110278666" lon="-123.1492452789098">
        <time>2005-08-04T16:20:12-07:00</time>
      </trkpt>
      <trkpt lat="41.86271809972823" lon="-123.1491416785866">
        <time>2005-08-04T16:20:20-07:00</time>
      </trkpt>
      <trkpt lat="41.86276026070118" lon="-123.14903774298728">
        <time>2005-08-04T16:20:27-07:00</time>
      </trkpt>
      <trkpt lat="41.86276503838599" lon="-123.1490280199796">
        <time>2005-08-04T16:20:28-07:00</time>
      </trkpt>
      <trkpt lat="41.8628298304975" lon="-123.14889449626207">
        <time>2005-08-04T16:20:37-07:00</time>
      </trkpt>
      <trkpt lat="41.86286880634725" lon="-123.14879081211984">
        <time>2005-08-04T16:20:43-07:00</time>
      </trkpt>
      <trkpt lat="41.86288816854358" lon="-123.14875694923103">
        <time>2005-08-04T16:20:46-07:00</time>
      </trkpt>
      <trkpt lat="41.862940387800336" lon="-123.14864253625274">
        <time>2005-08-04T16:20:55-07:00</time>
      </trkpt>
      <trkpt lat="41.86302806250751" lon="-123.14848118461668">
        <time>2005-08-04T16:21:06-07:00</time>
      </trkpt>
      <trkpt lat="41.86311892233789" lon="-123.14834514632821">
        <time>2005-08-04T16:21:16-07:00</time>
      </trkpt>
      <trkpt lat="41.863138284534216" lon="-123.14831731840968">
        <time>2005-08-04T16:21:18-07:00</time>
      </trkpt>
      <trkpt lat="41.863177847117186" lon="-123.14821061678231">
        <time>2005-08-04T16:21:26-07:00</time>
      </trkpt>
      <trkpt lat="41.86323341913521" lon="-123.14812109805644">
        <time>2005-08-04T16:21:33-07:00</time>
      </trkpt>
      <trkpt lat="41.86328354291618" lon="-123.1480179168284">
        <time>2005-08-04T16:21:40-07:00</time>
      </trkpt>
      <trkpt lat="41.86332075856626" lon="-123.14794616773725">
        <time>2005-08-04T16:21:45-07:00</time>
      </trkpt>
      <trkpt lat="41.86334665864706" lon="-123.147890008986">
        <time>2005-08-04T16:21:49-07:00</time>
      </trkpt>
      <trkpt lat="41.86339854262769" lon="-123.14778858795762">
        <time>2005-08-04T16:21:56-07:00</time>
      </trkpt>
      <trkpt lat="41.86347314156592" lon="-123.1476685591042">
        <time>2005-08-04T16:22:05-07:00</time>
      </trkpt>
      <trkpt lat="41.86350918374956" lon="-123.14759287051857">
        <time>2005-08-04T16:22:10-07:00</time>
      </trkpt>
      <trkpt lat="41.863526199012995" lon="-123.14754308201373">
        <time>2005-08-04T16:22:13-07:00</time>
      </trkpt>
      <trkpt lat="41.863566348329186" lon="-123.1474595144391">
        <time>2005-08-04T16:22:19-07:00</time>
      </trkpt>
      <trkpt lat="41.863575065508485" lon="-123.1474462710321">
        <time>2005-08-04T16:22:20-07:00</time>
      </trkpt>
      <trkpt lat="41.86364237219095" lon="-123.14727159217">
        <time>2005-08-04T16:22:31-07:00</time>
      </trkpt>
      <trkpt lat="41.86369048431516" lon="-123.14713287167251">
        <time>2005-08-04T16:22:40-07:00</time>
      </trkpt>
      <trkpt lat="41.863695764914155" lon="-123.14710043370724">
        <time>2005-08-04T16:22:42-07:00</time>
      </trkpt>
      <trkpt lat="41.86369651928544" lon="-123.14699264243245">
        <time>2005-08-04T16:22:48-07:00</time>
      </trkpt>
      <trkpt lat="41.86370808631182" lon="-123.14685987308621">
        <time>2005-08-04T16:22:56-07:00</time>
      </trkpt>
      <trkpt lat="41.86373356729746" lon="-123.14671972766519">
        <time>2005-08-04T16:23:04-07:00</time>
      </trkpt>
      <trkpt lat="41.86374940909445" lon="-123.14664185978472">
        <time>2005-08-04T16:23:08-07:00</time>
      </trkpt>
      <trkpt lat="41.86375661753118" lon="-123.14660816453397">
        <time>2005-08-04T16:23:10-07:00</time>
      </trkpt>
      <trkpt lat="41.863774638623" lon="-123.14651898108423">
        <time>2005-08-04T16:23:16-07:00</time>
      </trkpt>
      <trkpt lat="41.86377673409879" lon="-123.14649953506887">
        <time>2005-08-04T16:23:17-07:00</time>
      </trkpt>
      <trkpt lat="41.863806154578924" lon="-123.1463664304465">
        <time>2005-08-04T16:23:25-07:00</time>
      </trkpt>
      <trkpt lat="41.8638211581856" lon="-123.1462633330375">
        <time>2005-08-04T16:23:32-07:00</time>
      </trkpt>
      <trkpt lat="41.863820822909474" lon="-123.14610131084919">
        <time>2005-08-04T16:23:41-07:00</time>
      </trkpt>
      <trkpt lat="41.863822331652045" lon="-123.14608697779477">
        <time>2005-08-04T16:23:42-07:00</time>
      </trkpt>
      <trkpt lat="41.863837419077754" lon="-123.14594088122249">
        <time>2005-08-04T16:23:50-07:00</time>
      </trkpt>
      <trkpt lat="41.863849237561226" lon="-123.1458745803684">
        <time>2005-08-04T16:23:54-07:00</time>
      </trkpt>
      <trkpt lat="41.863844795152545" lon="-123.14580257982016">
        <time>2005-08-04T16:23:58-07:00</time>
      </trkpt>
      <trkpt lat="41.86385661363602" lon="-123.14567827619612">
        <time>2005-08-04T16:24:06-07:00</time>
      </trkpt>
      <trkpt lat="41.863883351907134" lon="-123.1455392204225">
        <time>2005-08-04T16:24:14-07:00</time>
      </trkpt>
      <trkpt lat="41.86388662084937" lon="-123.1455201935023">
        <time>2005-08-04T16:24:15-07:00</time>
      </trkpt>
      <trkpt lat="41.86389676295221" lon="-123.14540619961917">
        <time>2005-08-04T16:24:22-07:00</time>
      </trkpt>
      <trkpt lat="41.86393381096423" lon="-123.1452601030469">
        <time>2005-08-04T16:24:30-07:00</time>
      </trkpt>
      <trkpt lat="41.863971780985594" lon="-123.14509539864957">
        <time>2005-08-04T16:24:40-07:00</time>
      </trkpt>
      <trkpt lat="41.86399390920997" lon="-123.14492692239583">
        <time>2005-08-04T16:24:50-07:00</time>
      </trkpt>
      <trkpt lat="41.86400287784636" lon="-123.14483346417546">
        <time>2005-08-04T16:24:56-07:00</time>
      </trkpt>
      <trkpt lat="41.864035818725824" lon="-123.14474822022021">
        <time>2005-08-04T16:25:01-07:00</time>
      </trkpt>
      <trkpt lat="41.864093989133835" lon="-123.14461327157915">
        <time>2005-08-04T16:25:10-07:00</time>
      </trkpt>
      <trkpt lat="41.86416263692081" lon="-123.14444487914443">
        <time>2005-08-04T16:25:20-07:00</time>
      </trkpt>
      <trkpt lat="41.86419784091413" lon="-123.14428419806063">
        <time>2005-08-04T16:25:30-07:00</time>
      </trkpt>
      <trkpt lat="41.864243941381574" lon="-123.14416609704494">
        <time>2005-08-04T16:25:38-07:00</time>
      </trkpt>
      <trkpt lat="41.86427168548107" lon="-123.14411169849336">
        <time>2005-08-04T16:25:41-07:00</time>
      </trkpt>
      <trkpt lat="41.86430722475052" lon="-123.1440219283104">
        <time>2005-08-04T16:25:47-07:00</time>
      </trkpt>
      <trkpt lat="41.86435768380761" lon="-123.14390215091407">
        <time>2005-08-04T16:25:55-07:00</time>
      </trkpt>
      <trkpt lat="41.86441585421562" lon="-123.14376410096884">
        <time>2005-08-04T16:26:04-07:00</time>
      </trkpt>
      <trkpt lat="41.864423817023635" lon="-123.14374809153378">
        <time>2005-08-04T16:26:05-07:00</time>
      </trkpt>
      <trkpt lat="41.864481484517455" lon="-123.14366460777819">
        <time>2005-08-04T16:26:11-07:00</time>
      </trkpt>
      <trkpt lat="41.86454082839191" lon="-123.14354843460023">
        <time>2005-08-04T16:26:19-07:00</time>
      </trkpt>
      <trkpt lat="41.86455734074116" lon="-123.14350971020758">
        <time>2005-08-04T16:26:22-07:00</time>
      </trkpt>
      <trkpt lat="41.864587515592575" lon="-123.14343553036451">
        <time>2005-08-04T16:26:27-07:00</time>
      </trkpt>
      <trkpt lat="41.86466630548239" lon="-123.14328121952713">
        <time>2005-08-04T16:26:37-07:00</time>
      </trkpt>
      <trkpt lat="41.86472942121327" lon="-123.14317870885134">
        <time>2005-08-04T16:26:45-07:00</time>
      </trkpt>
      <trkpt lat="41.86479496769607" lon="-123.14304761588573">
        <time>2005-08-04T16:26:54-07:00</time>
      </trkpt>
      <trkpt lat="41.86485565267503" lon="-123.1429111585021">
        <time>2005-08-04T16:27:03-07:00</time>
      </trkpt>
      <trkpt lat="41.86492052860558" lon="-123.14276346936822">
        <time>2005-08-04T16:27:13-07:00</time>
      </trkpt>
      <trkpt lat="41.864974927157164" lon="-123.14267084933817">
        <time>2005-08-04T16:27:20-07:00</time>
      </trkpt>
      <trkpt lat="41.86498272232711" lon="-123.142651906237">
        <time>2005-08-04T16:27:21-07:00</time>
      </trkpt>
      <trkpt lat="41.86501717194915" lon="-123.1425712723285">
        <time>2005-08-04T16:27:27-07:00</time>
      </trkpt>
      <trkpt lat="41.86506452970207" lon="-123.1424777302891">
        <time>2005-08-04T16:27:34-07:00</time>
      </trkpt>
      <trkpt lat="41.86511389911175" lon="-123.14237345941365">
        <time>2005-08-04T16:27:41-07:00</time>
      </trkpt>
      <trkpt lat="41.86514683999121" lon="-123.14229181967676">
        <time>2005-08-04T16:27:47-07:00</time>
      </trkpt>
      <trkpt lat="41.865185061469674" lon="-123.14221085049212">
        <time>2005-08-04T16:27:53-07:00</time>
      </trkpt>
      <trkpt lat="41.865231078118086" lon="-123.14214010722935">
        <time>2005-08-04T16:27:58-07:00</time>
      </trkpt>
      <trkpt lat="41.86529126018286" lon="-123.14203499816358">
        <time>2005-08-04T16:28:05-07:00</time>
      </trkpt>
      <trkpt lat="41.86530014500022" lon="-123.1420239340514">
        <time>2005-08-04T16:28:06-07:00</time>
      </trkpt>
      <trkpt lat="41.8653685413301" lon="-123.1419253628701">
        <time>2005-08-04T16:28:14-07:00</time>
      </trkpt>
      <trkpt lat="41.865386394783854" lon="-123.14190566539764">
        <time>2005-08-04T16:28:16-07:00</time>
      </trkpt>
      <trkpt lat="41.865451354533434" lon="-123.14183307811618">
        <time>2005-08-04T16:28:23-07:00</time>
      </trkpt>
      <trkpt lat="41.865523187443614" lon="-123.14177080057561">
        <time>2005-08-04T16:28:30-07:00</time>
      </trkpt>
      <trkpt lat="41.86564212664962" lon="-123.14171673730016">
        <time>2005-08-04T16:28:39-07:00</time>
      </trkpt>
      <trkpt lat="41.86569702811539" lon="-123.14169234596193">
        <time>2005-08-04T16:28:44-07:00</time>
      </trkpt>
      <trkpt lat="41.86573709361255" lon="-123.1416906695813">
        <time>2005-08-04T16:28:48-07:00</time>
      </trkpt>
      <trkpt lat="41.865808591246605" lon="-123.14168413169682">
        <time>2005-08-04T16:28:54-07:00</time>
      </trkpt>
      <trkpt lat="41.86589450575411" lon="-123.14167038537562">
        <time>2005-08-04T16:29:01-07:00</time>
      </trkpt>
      <trkpt lat="41.86590749770403" lon="-123.14166644588113">
        <time>2005-08-04T16:29:02-07:00</time>
      </trkpt>
      <trkpt lat="41.86599458567798" lon="-123.14163794741035">
        <time>2005-08-04T16:29:09-07:00</time>
      </trkpt>
      <trkpt lat="41.866052420809865" lon="-123.1415765080601">
        <time>2005-08-04T16:29:15-07:00</time>
      </trkpt>
      <trkpt lat="41.8661111779511" lon="-123.14153619110584">
        <time>2005-08-04T16:29:20-07:00</time>
      </trkpt>
      <trkpt lat="41.86612509191036" lon="-123.14151909202337">
        <time>2005-08-04T16:29:22-07:00</time>
      </trkpt>
      <trkpt lat="41.86619566753507" lon="-123.14142781309783">
        <time>2005-08-04T16:29:30-07:00</time>
      </trkpt>
      <trkpt lat="41.866265404969454" lon="-123.14132312312722">
        <time>2005-08-04T16:29:38-07:00</time>
      </trkpt>
      <trkpt lat="41.8662975076586" lon="-123.14127995632589">
        <time>2005-08-04T16:29:42-07:00</time>
      </trkpt>
      <trkpt lat="41.86633841134608" lon="-123.14123494550586">
        <time>2005-08-04T16:29:46-07:00</time>
      </trkpt>
      <trkpt lat="41.8663889542222" lon="-123.14114794135094">
        <time>2005-08-04T16:29:53-07:00</time>
      </trkpt>
      <trkpt lat="41.86645533889532" lon="-123.14106093719602">
        <time>2005-08-04T16:30:00-07:00</time>
      </trkpt>
      <trkpt lat="41.86651057563722" lon="-123.14097720198333">
        <time>2005-08-04T16:30:07-07:00</time>
      </trkpt>
      <trkpt lat="41.8665218912065" lon="-123.14096370711923">
        <time>2005-08-04T16:30:08-07:00</time>
      </trkpt>
      <trkpt lat="41.86659883707762" lon="-123.1408716738224">
        <time>2005-08-04T16:30:16-07:00</time>
      </trkpt>
      <trkpt lat="41.86669455841184" lon="-123.14077938906848">
        <time>2005-08-04T16:30:25-07:00</time>
      </trkpt>
      <trkpt lat="41.866776030510664" lon="-123.14068727195263">
        <time>2005-08-04T16:30:33-07:00</time>
      </trkpt>
      <trkpt lat="41.86684761196375" lon="-123.14062943682075">
        <time>2005-08-04T16:30:40-07:00</time>
      </trkpt>
      <trkpt lat="41.866903183981776" lon="-123.14060311764479">
        <time>2005-08-04T16:30:46-07:00</time>
      </trkpt>
      <trkpt lat="41.86697426252067" lon="-123.14056380651891">
        <time>2005-08-04T16:30:51-07:00</time>
      </trkpt>
      <trkpt lat="41.86705967411399" lon="-123.14050798304379">
        <time>2005-08-04T16:30:58-07:00</time>
      </trkpt>
      <trkpt lat="41.86712463386357" lon="-123.14046774990857">
        <time>2005-08-04T16:31:04-07:00</time>
      </trkpt>
      <trkpt lat="41.867135278880596" lon="-123.14046179875731">
        <time>2005-08-04T16:31:05-07:00</time>
      </trkpt>
      <trkpt lat="41.86721909791231" lon="-123.14040865749121">
        <time>2005-08-04T16:31:12-07:00</time>
      </trkpt>
      <trkpt lat="41.86725086532533" lon="-123.14036565832794">
        <time>2005-08-04T16:31:16-07:00</time>
      </trkpt>
      <trkpt lat="41.86728891916573" lon="-123.14034772105515">
        <time>2005-08-04T16:31:19-07:00</time>
      </trkpt>
      <trkpt lat="41.86736267991364" lon="-123.14030832611024">
        <time>2005-08-04T16:31:24-07:00</time>
      </trkpt>
      <trkpt lat="41.867372151464224" lon="-123.14030262641609">
        <time>2005-08-04T16:31:25-07:00</time>
      </trkpt>
      <trkpt lat="41.86740878038108" lon="-123.1402794085443">
        <time>2005-08-04T16:31:28-07:00</time>
      </trkpt>
      <trkpt lat="41.86746544204652" lon="-123.14024009741843">
        <time>2005-08-04T16:31:34-07:00</time>
      </trkpt>
      <trkpt lat="41.86750718392432" lon="-123.14019860699773">
        <time>2005-08-04T16:31:39-07:00</time>
      </trkpt>
      <trkpt lat="41.86754448339343" lon="-123.14017731696367">
        <time>2005-08-04T16:31:42-07:00</time>
      </trkpt>
      <trkpt lat="41.86760667711496" lon="-123.1401256006211">
        <time>2005-08-04T16:31:48-07:00</time>
      </trkpt>
      <trkpt lat="41.86761765740812" lon="-123.14011956565082">
        <time>2005-08-04T16:31:49-07:00</time>
      </trkpt>
      <trkpt lat="41.86771555803716" lon="-123.14006474800408">
        <time>2005-08-04T16:31:58-07:00</time>
      </trkpt>
      <trkpt lat="41.86772712506354" lon="-123.14005929976702">
        <time>2005-08-04T16:31:59-07:00</time>
      </trkpt>
      <trkpt lat="41.8678171467036" lon="-123.14000498503447">
        <time>2005-08-04T16:32:08-07:00</time>
      </trkpt>
      <trkpt lat="41.86787095852196" lon="-123.13995636999607">
        <time>2005-08-04T16:32:14-07:00</time>
      </trkpt>
      <trkpt lat="41.867892080917954" lon="-123.13994077965617">
        <time>2005-08-04T16:32:16-07:00</time>
      </trkpt>
      <trkpt lat="41.86796265654266" lon="-123.13989233225584">
        <time>2005-08-04T16:32:24-07:00</time>
      </trkpt>
      <trkpt lat="41.867968272417784" lon="-123.1398895662278">
        <time>2005-08-04T16:32:25-07:00</time>
      </trkpt>
      <trkpt lat="41.86804781667888" lon="-123.13985570333898">
        <time>2005-08-04T16:32:33-07:00</time>
      </trkpt>
      <trkpt lat="41.86805360019207" lon="-123.13985042273998">
        <time>2005-08-04T16:32:41-07:00</time>
      </trkpt>
      <trkpt lat="41.86807329766452" lon="-123.13983349129558">
        <time>2005-08-04T16:32:43-07:00</time>
      </trkpt>
      <trkpt lat="41.86813130043447" lon="-123.13981077633798">
        <time>2005-08-04T16:32:50-07:00</time>
      </trkpt>
      <trkpt lat="41.86817052774131" lon="-123.13979552127421">
        <time>2005-08-04T16:32:54-07:00</time>
      </trkpt>
      <trkpt lat="41.86822216026485" lon="-123.13977750018239">
        <time>2005-08-04T16:32:59-07:00</time>
      </trkpt>
      <trkpt lat="41.86830882914364" lon="-123.13976040109992">
        <time>2005-08-04T16:33:06-07:00</time>
      </trkpt>
      <trkpt lat="41.86832291074097" lon="-123.13975805416703">
        <time>2005-08-04T16:33:07-07:00</time>
      </trkpt>
      <trkpt lat="41.86835467815399" lon="-123.13975486904383">
        <time>2005-08-04T16:33:10-07:00</time>
      </trkpt>
      <trkpt lat="41.868409495800734" lon="-123.13974045217037">
        <time>2005-08-04T16:33:15-07:00</time>
      </trkpt>
      <trkpt lat="41.86848912388086" lon="-123.13973626121879">
        <time>2005-08-04T16:33:22-07:00</time>
      </trkpt>
      <trkpt lat="41.86857738532126" lon="-123.13971010968089">
        <time>2005-08-04T16:33:29-07:00</time>
      </trkpt>
      <trkpt lat="41.86860512942076" lon="-123.13968680799007">
        <time>2005-08-04T16:33:31-07:00</time>
      </trkpt>
      <trkpt lat="41.86865550465882" lon="-123.13963844440877">
        <time>2005-08-04T16:33:36-07:00</time>
      </trkpt>
      <trkpt lat="41.86872557736933" lon="-123.13955512829125">
        <time>2005-08-04T16:33:44-07:00</time>
      </trkpt>
      <trkpt lat="41.868768660351634" lon="-123.139488408342">
        <time>2005-08-04T16:33:49-07:00</time>
      </trkpt>
      <trkpt lat="41.86879229731858" lon="-123.13943652436137">
        <time>2005-08-04T16:33:53-07:00</time>
      </trkpt>
      <trkpt lat="41.86881300061941" lon="-123.1393869034946">
        <time>2005-08-04T16:33:56-07:00</time>
      </trkpt>
      <trkpt lat="41.86883353628218" lon="-123.13934784382582">
        <time>2005-08-04T16:33:59-07:00</time>
      </trkpt>
      <trkpt lat="41.86887594871223" lon="-123.13926695846021">
        <time>2005-08-04T16:34:05-07:00</time>
      </trkpt>
      <trkpt lat="41.86892917379737" lon="-123.13914307393134">
        <time>2005-08-04T16:34:14-07:00</time>
      </trkpt>
      <trkpt lat="41.868962198495865" lon="-123.1390829756856">
        <time>2005-08-04T16:34:18-07:00</time>
      </trkpt>
      <trkpt lat="41.868977369740605" lon="-123.13905397430062">
        <time>2005-08-04T16:34:20-07:00</time>
      </trkpt>
      <trkpt lat="41.86902984045446" lon="-123.1389373820275">
        <time>2005-08-04T16:34:27-07:00</time>
      </trkpt>
      <trkpt lat="41.86904735863209" lon="-123.13890628516674">
        <time>2005-08-04T16:34:30-07:00</time>
      </trkpt>
      <trkpt lat="41.86905272305012" lon="-123.13889681361616">
        <time>2005-08-04T16:34:31-07:00</time>
      </trkpt>
      <trkpt lat="41.86907451599836" lon="-123.1388530600816">
        <time>2005-08-04T16:34:34-07:00</time>
      </trkpt>
      <trkpt lat="41.8691279925406" lon="-123.13872314058244">
        <time>2005-08-04T16:34:42-07:00</time>
      </trkpt>
      <trkpt lat="41.869159173220396" lon="-123.1386355496943">
        <time>2005-08-04T16:34:48-07:00</time>
      </trkpt>
      <trkpt lat="41.869182642549276" lon="-123.1385855935514">
        <time>2005-08-04T16:34:51-07:00</time>
      </trkpt>
      <trkpt lat="41.86920426785946" lon="-123.13852733932436">
        <time>2005-08-04T16:34:55-07:00</time>
      </trkpt>
      <trkpt lat="41.86923217959702" lon="-123.13844293355942">
        <time>2005-08-04T16:35:01-07:00</time>
      </trkpt>
      <trkpt lat="41.869256906211376" lon="-123.13835333101451">
        <time>2005-08-04T16:35:06-07:00</time>
      </trkpt>
      <trkpt lat="41.869261767715216" lon="-123.13833815976977">
        <time>2005-08-04T16:35:07-07:00</time>
      </trkpt>
      <trkpt lat="41.86929387040436" lon="-123.13824168406427">
        <time>2005-08-04T16:35:13-07:00</time>
      </trkpt>
      <trkpt lat="41.86932018958032" lon="-123.13814948312938">
        <time>2005-08-04T16:35:19-07:00</time>
      </trkpt>
      <trkpt lat="41.86934500001371" lon="-123.13805166631937">
        <time>2005-08-04T16:35:25-07:00</time>
      </trkpt>
      <trkpt lat="41.869364865124226" lon="-123.13795493915677">
        <time>2005-08-04T16:35:31-07:00</time>
      </trkpt>
      <trkpt lat="41.8693851493299" lon="-123.13786340877414">
        <time>2005-08-04T16:35:37-07:00</time>
      </trkpt>
      <trkpt lat="41.86941574327648" lon="-123.13775704242289">
        <time>2005-08-04T16:35:44-07:00</time>
      </trkpt>
      <trkpt lat="41.86946226283908" lon="-123.13765469938517">
        <time>2005-08-04T16:35:51-07:00</time>
      </trkpt>
      <trkpt lat="41.86952990479767" lon="-123.13754171133041">
        <time>2005-08-04T16:36:00-07:00</time>
      </trkpt>
      <trkpt lat="41.86961615458131" lon="-123.13743978738785">
        <time>2005-08-04T16:36:08-07:00</time>
      </trkpt>
      <trkpt lat="41.869704416021705" lon="-123.1373247038573">
        <time>2005-08-04T16:36:17-07:00</time>
      </trkpt>
      <trkpt lat="41.86977448873222" lon="-123.13722512684762">
        <time>2005-08-04T16:36:24-07:00</time>
      </trkpt>
      <trkpt lat="41.86983332969248" lon="-123.1371346861124">
        <time>2005-08-04T16:36:31-07:00</time>
      </trkpt>
      <trkpt lat="41.86985428445041" lon="-123.1371138151735">
        <time>2005-08-04T16:36:33-07:00</time>
      </trkpt>
      <trkpt lat="41.86993869021535" lon="-123.13701147213578">
        <time>2005-08-04T16:36:41-07:00</time>
      </trkpt>
      <trkpt lat="41.869982527568936" lon="-123.13692254014313">
        <time>2005-08-04T16:36:49-07:00</time>
      </trkpt>
      <trkpt lat="41.87003826722503" lon="-123.13683159649372">
        <time>2005-08-04T16:36:57-07:00</time>
      </trkpt>
      <trkpt lat="41.87004472129047" lon="-123.13682019710541">
        <time>2005-08-04T16:36:58-07:00</time>
      </trkpt>
      <trkpt lat="41.8700950127095" lon="-123.13674886710942">
        <time>2005-08-04T16:37:05-07:00</time>
      </trkpt>
      <trkpt lat="41.870155446231365" lon="-123.13668214716017">
        <time>2005-08-04T16:37:13-07:00</time>
      </trkpt>
      <trkpt lat="41.870212610810995" lon="-123.13660570420325">
        <time>2005-08-04T16:37:19-07:00</time>
      </trkpt>
      <trkpt lat="41.870225267484784" lon="-123.13658374361694">
        <time>2005-08-04T16:37:24-07:00</time>
      </trkpt>
      <trkpt lat="41.870227279141545" lon="-123.1365667283535">
        <time>2005-08-04T16:37:31-07:00</time>
      </trkpt>
      <trkpt lat="41.870227195322514" lon="-123.13657393679023">
        <time>2005-08-04T16:37:37-07:00</time>
      </trkpt>
      <trkpt lat="41.87024571932852" lon="-123.13654216937721">
        <time>2005-08-04T16:37:40-07:00</time>
      </trkpt>
      <trkpt lat="41.87025301158428" lon="-123.13653621822596">
        <time>2005-08-04T16:37:41-07:00</time>
      </trkpt>
      <trkpt lat="41.870309337973595" lon="-123.13648969866335">
        <time>2005-08-04T16:37:47-07:00</time>
      </trkpt>
      <trkpt lat="41.87036633491516" lon="-123.1364335399121">
        <time>2005-08-04T16:37:52-07:00</time>
      </trkpt>
      <trkpt lat="41.870378321036696" lon="-123.13641518354416">
        <time>2005-08-04T16:37:54-07:00</time>
      </trkpt>
      <trkpt lat="41.870414447039366" lon="-123.1363595277071">
        <time>2005-08-04T16:38:00-07:00</time>
      </trkpt>
      <trkpt lat="41.870455518364906" lon="-123.13631233759224">
        <time>2005-08-04T16:38:05-07:00</time>
      </trkpt>
      <trkpt lat="41.87051938846707" lon="-123.13625073060393">
        <time>2005-08-04T16:38:12-07:00</time>
      </trkpt>
      <trkpt lat="41.8705369066447" lon="-123.13623790629208">
        <time>2005-08-04T16:38:14-07:00</time>
      </trkpt>
      <trkpt lat="41.870546294376254" lon="-123.13623170368373">
        <time>2005-08-04T16:38:15-07:00</time>
      </trkpt>
      <trkpt lat="41.8706111703068" lon="-123.1361882854253">
        <time>2005-08-04T16:38:20-07:00</time>
      </trkpt>
      <trkpt lat="41.87069473788142" lon="-123.13614101149142">
        <time>2005-08-04T16:38:27-07:00</time>
      </trkpt>
      <trkpt lat="41.87075952999294" lon="-123.1360939051956">
        <time>2005-08-04T16:38:33-07:00</time>
      </trkpt>
      <trkpt lat="41.87083689495921" lon="-123.13604068011045">
        <time>2005-08-04T16:38:38-07:00</time>
      </trkpt>
      <trkpt lat="41.87092976644635" lon="-123.13594822771847">
        <time>2005-08-04T16:38:46-07:00</time>
      </trkpt>
      <trkpt lat="41.870983159169555" lon="-123.13588796183467">
        <time>2005-08-04T16:38:52-07:00</time>
      </trkpt>
      <trkpt lat="41.87104543671012" lon="-123.1358002871275">
        <time>2005-08-04T16:38:59-07:00</time>
      </trkpt>
      <trkpt lat="41.871053567156196" lon="-123.13578955829144">
        <time>2005-08-04T16:39:00-07:00</time>
      </trkpt>
      <trkpt lat="41.871114168316126" lon="-123.13569291494787">
        <time>2005-08-04T16:39:07-07:00</time>
      </trkpt>
      <trkpt lat="41.87115306034684" lon="-123.13563818112016">
        <time>2005-08-04T16:39:12-07:00</time>
      </trkpt>
      <trkpt lat="41.871201088652015" lon="-123.13556383363903">
        <time>2005-08-04T16:39:18-07:00</time>
      </trkpt>
      <trkpt lat="41.871249452233315" lon="-123.13547934405506">
        <time>2005-08-04T16:39:23-07:00</time>
      </trkpt>
      <trkpt lat="41.871299324557185" lon="-123.13540885224938">
        <time>2005-08-04T16:39:29-07:00</time>
      </trkpt>
      <trkpt lat="41.871306700631976" lon="-123.13539477065206">
        <time>2005-08-04T16:39:30-07:00</time>
      </trkpt>
      <trkpt lat="41.87135087326169" lon="-123.13531673513353">
        <time>2005-08-04T16:39:36-07:00</time>
      </trkpt>
      <trkpt lat="41.871418599039316" lon="-123.13522445037961">
        <time>2005-08-04T16:39:44-07:00</time>
      </trkpt>
      <trkpt lat="41.87142605893314" lon="-123.13521112315357">
        <time>2005-08-04T16:39:45-07:00</time>
      </trkpt>
      <trkpt lat="41.8714764341712" lon="-123.13512864522636">
        <time>2005-08-04T16:39:51-07:00</time>
      </trkpt>
      <trkpt lat="41.87152689322829" lon="-123.13503937795758">
        <time>2005-08-04T16:39:58-07:00</time>
      </trkpt>
      <trkpt lat="41.8715541344136" lon="-123.13499621115625">
        <time>2005-08-04T16:40:01-07:00</time>
      </trkpt>
      <trkpt lat="41.87157986685634" lon="-123.13495513983071">
        <time>2005-08-04T16:40:04-07:00</time>
      </trkpt>
      <trkpt lat="41.87162705697119" lon="-123.13488414511085">
        <time>2005-08-04T16:40:10-07:00</time>
      </trkpt>
      <trkpt lat="41.871644239872694" lon="-123.13485656864941">
        <time>2005-08-04T16:40:12-07:00</time>
      </trkpt>
      <trkpt lat="41.87168799340725" lon="-123.1347965542227">
        <time>2005-08-04T16:40:17-07:00</time>
      </trkpt>
      <trkpt lat="41.87172420322895" lon="-123.13473737798631">
        <time>2005-08-04T16:40:22-07:00</time>
      </trkpt>
      <trkpt lat="41.87175353989005" lon="-123.13468490727246">
        <time>2005-08-04T16:40:26-07:00</time>
      </trkpt>
      <trkpt lat="41.87178187072277" lon="-123.1346398126334">
        <time>2005-08-04T16:40:30-07:00</time>
      </trkpt>
      <trkpt lat="41.87183643691242" lon="-123.13455121591687">
        <time>2005-08-04T16:40:37-07:00</time>
      </trkpt>
      <trkpt lat="41.8718633428216" lon="-123.13450561836362">
        <time>2005-08-04T16:40:41-07:00</time>
      </trkpt>
      <trkpt lat="41.87187507748604" lon="-123.13448558561504">
        <time>2005-08-04T16:40:43-07:00</time>
      </trkpt>
      <trkpt lat="41.87193542718887" lon="-123.13440553843975">
        <time>2005-08-04T16:40:50-07:00</time>
      </trkpt>
      <trkpt lat="41.871958477422595" lon="-123.13437569886446">
        <time>2005-08-04T16:40:53-07:00</time>
      </trkpt>
      <trkpt lat="41.871986389160156" lon="-123.13432155176997">
        <time>2005-08-04T16:40:57-07:00</time>
      </trkpt>
      <trkpt lat="41.87205889262259" lon="-123.13423630781472">
        <time>2005-08-04T16:41:04-07:00</time>
      </trkpt>
      <trkpt lat="41.872118739411235" lon="-123.1341717671603">
        <time>2005-08-04T16:41:10-07:00</time>
      </trkpt>
      <trkpt lat="41.87218638136983" lon="-123.13411292620003">
        <time>2005-08-04T16:41:17-07:00</time>
      </trkpt>
      <trkpt lat="41.87224715016782" lon="-123.13405836001039">
        <time>2005-08-04T16:41:22-07:00</time>
      </trkpt>
      <trkpt lat="41.87227833084762" lon="-123.13403715379536">
        <time>2005-08-04T16:41:25-07:00</time>
      </trkpt>
      <trkpt lat="41.872318647801876" lon="-123.13401435501873">
        <time>2005-08-04T16:41:28-07:00</time>
      </trkpt>
      <trkpt lat="41.872402634471655" lon="-123.13398384489119">
        <time>2005-08-04T16:41:35-07:00</time>
      </trkpt>
      <trkpt lat="41.87243272550404" lon="-123.13397026620805">
        <time>2005-08-04T16:41:37-07:00</time>
      </trkpt>
      <trkpt lat="41.872493997216225" lon="-123.13396515324712">
        <time>2005-08-04T16:41:42-07:00</time>
      </trkpt>
      <trkpt lat="41.87256893143058" lon="-123.13394495286047">
        <time>2005-08-04T16:41:47-07:00</time>
      </trkpt>
      <trkpt lat="41.87264579348266" lon="-123.13390899449587">
        <time>2005-08-04T16:41:54-07:00</time>
      </trkpt>
      <trkpt lat="41.87270740047097" lon="-123.13386063091457">
        <time>2005-08-04T16:42:00-07:00</time>
      </trkpt>
      <trkpt lat="41.87277026474476" lon="-123.1338276900351">
        <time>2005-08-04T16:42:04-07:00</time>
      </trkpt>
      <trkpt lat="41.87280756421387" lon="-123.13380212523043">
        <time>2005-08-04T16:42:07-07:00</time>
      </trkpt>
      <trkpt lat="41.87289381399751" lon="-123.1337333098054">
        <time>2005-08-04T16:42:14-07:00</time>
      </trkpt>
      <trkpt lat="41.87290529720485" lon="-123.13372819684446">
        <time>2005-08-04T16:42:15-07:00</time>
      </trkpt>
      <trkpt lat="41.87293547205627" lon="-123.13369877636433">
        <time>2005-08-04T16:42:19-07:00</time>
      </trkpt>
      <trkpt lat="41.87298769131303" lon="-123.13364856876433">
        <time>2005-08-04T16:42:25-07:00</time>
      </trkpt>
      <trkpt lat="41.872997246682644" lon="-123.13363901339471">
        <time>2005-08-04T16:42:26-07:00</time>
      </trkpt>
      <trkpt lat="41.873065643012524" lon="-123.1335639115423">
        <time>2005-08-04T16:42:32-07:00</time>
      </trkpt>
      <trkpt lat="41.87311249785125" lon="-123.1335121113807">
        <time>2005-08-04T16:42:37-07:00</time>
      </trkpt>
      <trkpt lat="41.87313672155142" lon="-123.13348545692861">
        <time>2005-08-04T16:42:39-07:00</time>
      </trkpt>
      <trkpt lat="41.87318910844624" lon="-123.13342485576868">
        <time>2005-08-04T16:42:45-07:00</time>
      </trkpt>
      <trkpt lat="41.873199585825205" lon="-123.13340976834297">
        <time>2005-08-04T16:42:46-07:00</time>
      </trkpt>
      <trkpt lat="41.873245518654585" lon="-123.13334623351693">
        <time>2005-08-04T16:42:50-07:00</time>
      </trkpt>
      <trkpt lat="41.8732550740242" lon="-123.13333986327052">
        <time>2005-08-04T16:42:51-07:00</time>
      </trkpt>
      <trkpt lat="41.873334953561425" lon="-123.1332599837333">
        <time>2005-08-04T16:42:58-07:00</time>
      </trkpt>
      <trkpt lat="41.87336144037545" lon="-123.13322318717837">
        <time>2005-08-04T16:43:02-07:00</time>
      </trkpt>
      <trkpt lat="41.87340100295842" lon="-123.13314967788756">
        <time>2005-08-04T16:43:07-07:00</time>
      </trkpt>
      <trkpt lat="41.873468812555075" lon="-123.13303291797638">
        <time>2005-08-04T16:43:16-07:00</time>
      </trkpt>
      <trkpt lat="41.87348725274205" lon="-123.13300827518106">
        <time>2005-08-04T16:43:18-07:00</time>
      </trkpt>
      <trkpt lat="41.8735140748322" lon="-123.1329489313066">
        <time>2005-08-04T16:43:22-07:00</time>
      </trkpt>
      <trkpt lat="41.8735711555928" lon="-123.1328606698662">
        <time>2005-08-04T16:43:29-07:00</time>
      </trkpt>
      <trkpt lat="41.873593954369426" lon="-123.13282186165452">
        <time>2005-08-04T16:43:32-07:00</time>
      </trkpt>
      <trkpt lat="41.87363016419113" lon="-123.13276092521846">
        <time>2005-08-04T16:43:37-07:00</time>
      </trkpt>
      <trkpt lat="41.87369587831199" lon="-123.1326695624739">
        <time>2005-08-04T16:43:44-07:00</time>
      </trkpt>
      <trkpt lat="41.873736614361405" lon="-123.13260653056204">
        <time>2005-08-04T16:43:48-07:00</time>
      </trkpt>
      <trkpt lat="41.87375145033002" lon="-123.13258440233767">
        <time>2005-08-04T16:43:50-07:00</time>
      </trkpt>
      <trkpt lat="41.8738076929003" lon="-123.1324962247163">
        <time>2005-08-04T16:43:56-07:00</time>
      </trkpt>
      <trkpt lat="41.87387365847826" lon="-123.13237711787224">
        <time>2005-08-04T16:44:06-07:00</time>
      </trkpt>
      <trkpt lat="41.87391263432801" lon="-123.1322842463851">
        <time>2005-08-04T16:44:11-07:00</time>
      </trkpt>
      <trkpt lat="41.87393685802817" lon="-123.13219556584954">
        <time>2005-08-04T16:44:17-07:00</time>
      </trkpt>
      <trkpt lat="41.87395370565355" lon="-123.13208542764187">
        <time>2005-08-04T16:44:24-07:00</time>
      </trkpt>
      <trkpt lat="41.87395630404353" lon="-123.1319874431938">
        <time>2005-08-04T16:44:31-07:00</time>
      </trkpt>
      <trkpt lat="41.87395982444286" lon="-123.13197336159647">
        <time>2005-08-04T16:44:32-07:00</time>
      </trkpt>
      <trkpt lat="41.87397734262049" lon="-123.13192281872034">
        <time>2005-08-04T16:44:35-07:00</time>
      </trkpt>
      <trkpt lat="41.873983293771744" lon="-123.13190722838044">
        <time>2005-08-04T16:44:36-07:00</time>
      </trkpt>
      <trkpt lat="41.8739958666265" lon="-123.13185593113303">
        <time>2005-08-04T16:44:40-07:00</time>
      </trkpt>
      <trkpt lat="41.87400525435805" lon="-123.13182977959514">
        <time>2005-08-04T16:44:42-07:00</time>
      </trkpt>
      <trkpt lat="41.874030232429504" lon="-123.13173238188028">
        <time>2005-08-04T16:44:48-07:00</time>
      </trkpt>
      <trkpt lat="41.8740389496088" lon="-123.13170840963721">
        <time>2005-08-04T16:44:50-07:00</time>
      </trkpt>
      <trkpt lat="41.87406845390797" lon="-123.13164780847728">
        <time>2005-08-04T16:44:54-07:00</time>
      </trkpt>
      <trkpt lat="41.87411120161414" lon="-123.13157589174807">
        <time>2005-08-04T16:44:59-07:00</time>
      </trkpt>
      <trkpt lat="41.87412578612566" lon="-123.13154336996377">
        <time>2005-08-04T16:45:02-07:00</time>
      </trkpt>
      <trkpt lat="41.87417071312666" lon="-123.13146156258881">
        <time>2005-08-04T16:45:11-07:00</time>
      </trkpt>
      <trkpt lat="41.87417943030596" lon="-123.13144790008664">
        <time>2005-08-04T16:45:12-07:00</time>
      </trkpt>
      <trkpt lat="41.87421228736639" lon="-123.13136642798781">
        <time>2005-08-04T16:45:18-07:00</time>
      </trkpt>
      <trkpt lat="41.874229554086924" lon="-123.13133633695543">
        <time>2005-08-04T16:45:24-07:00</time>
      </trkpt>
      <trkpt lat="41.874228212982416" lon="-123.13134907744825">
        <time>2005-08-04T16:45:26-07:00</time>
      </trkpt>
      <trkpt lat="41.874203737825155" lon="-123.1314121093601">
        <time>2005-08-04T16:45:31-07:00</time>
      </trkpt>
      <trkpt lat="41.87414682470262" lon="-123.1314895581454">
        <time>2005-08-04T16:45:38-07:00</time>
      </trkpt>
      <trkpt lat="41.87409393489361" lon="-123.13156340271235">
        <time>2005-08-04T16:45:44-07:00</time>
      </trkpt>
      <trkpt lat="41.87408815138042" lon="-123.13157379627228">
        <time>2005-08-04T16:45:45-07:00</time>
      </trkpt>
      <trkpt lat="41.87405697070062" lon="-123.13164453953505">
        <time>2005-08-04T16:45:50-07:00</time>
      </trkpt>
      <trkpt lat="41.87405018135905" lon="-123.1316552683711">
        <time>2005-08-04T16:45:51-07:00</time>
      </trkpt>
      <trkpt lat="41.87403534539044" lon="-123.13168946653605">
        <time>2005-08-04T16:45:54-07:00</time>
      </trkpt>
      <trkpt lat="41.87401053495705" lon="-123.13175534829497">
        <time>2005-08-04T16:45:59-07:00</time>
      </trkpt>
      <trkpt lat="41.87398597598076" lon="-123.13183212652802">
        <time>2005-08-04T16:46:04-07:00</time>
      </trkpt>
      <trkpt lat="41.87395915389061" lon="-123.1318939011544">
        <time>2005-08-04T16:46:09-07:00</time>
      </trkpt>
      <trkpt lat="41.873944820836186" lon="-123.13192868605256">
        <time>2005-08-04T16:46:11-07:00</time>
      </trkpt>
      <trkpt lat="41.87393518164754" lon="-123.13196187838912">
        <time>2005-08-04T16:46:13-07:00</time>
      </trkpt>
      <trkpt lat="41.873922776430845" lon="-123.13204527832568">
        <time>2005-08-04T16:46:18-07:00</time>
      </trkpt>
      <trkpt lat="41.87391514889896" lon="-123.13212272711098">
        <time>2005-08-04T16:46:24-07:00</time>
      </trkpt>
      <trkpt lat="41.87392579391599" lon="-123.1321840826422">
        <time>2005-08-04T16:46:28-07:00</time>
      </trkpt>
      <trkpt lat="41.87393425963819" lon="-123.13218659721315">
        <time>2005-08-04T16:46:29-07:00</time>
      </trkpt>
      <trkpt lat="41.87394239008427" lon="-123.13218919560313">
        <time>2005-08-04T16:46:30-07:00</time>
      </trkpt>
      <trkpt lat="41.873950101435184" lon="-123.13219187781215">
        <time>2005-08-04T16:46:31-07:00</time>
      </trkpt>
      <trkpt lat="41.874004919081926" lon="-123.13216798938811">
        <time>2005-08-04T16:46:36-07:00</time>
      </trkpt>
      <trkpt lat="41.8740304838866" lon="-123.13214535824955">
        <time>2005-08-04T16:46:39-07:00</time>
      </trkpt>
      <trkpt lat="41.87407457269728" lon="-123.13209573738277">
        <time>2005-08-04T16:46:45-07:00</time>
      </trkpt>
      <trkpt lat="41.87412771396339" lon="-123.13202281482518">
        <time>2005-08-04T16:46:52-07:00</time>
      </trkpt>
      <trkpt lat="41.87417021021247" lon="-123.13198367133737">
        <time>2005-08-04T16:46:56-07:00</time>
      </trkpt>
      <trkpt lat="41.8742083478719" lon="-123.13194301910698">
        <time>2005-08-04T16:47:00-07:00</time>
      </trkpt>
      <trkpt lat="41.874250089749694" lon="-123.13189373351634">
        <time>2005-08-04T16:47:05-07:00</time>
      </trkpt>
      <trkpt lat="41.87425922602415" lon="-123.13188602216542">
        <time>2005-08-04T16:47:06-07:00</time>
      </trkpt>
      <trkpt lat="41.87429334037006" lon="-123.13185601495206">
        <time>2005-08-04T16:47:09-07:00</time>
      </trkpt>
      <trkpt lat="41.874313708394766" lon="-123.13183874823153">
        <time>2005-08-04T16:47:12-07:00</time>
      </trkpt>
      <trkpt lat="41.8743793386966" lon="-123.13179440796375">
        <time>2005-08-04T16:47:17-07:00</time>
      </trkpt>
      <trkpt lat="41.87441001646221" lon="-123.13178049400449">
        <time>2005-08-04T16:47:21-07:00</time>
      </trkpt>
      <trkpt lat="41.87444337643683" lon="-123.13176129944623">
        <time>2005-08-04T16:47:24-07:00</time>
      </trkpt>
      <trkpt lat="41.87451261095703" lon="-123.13173280097544">
        <time>2005-08-04T16:47:30-07:00</time>
      </trkpt>
      <trkpt lat="41.87452652491629" lon="-123.13172810710967">
        <time>2005-08-04T16:47:31-07:00</time>
      </trkpt>
      <trkpt lat="41.874609757214785" lon="-123.13167396001518">
        <time>2005-08-04T16:47:38-07:00</time>
      </trkpt>
      <trkpt lat="41.87469416297972" lon="-123.13164554536343">
        <time>2005-08-04T16:47:44-07:00</time>
      </trkpt>
      <trkpt lat="41.87473154626787" lon="-123.13162819482386">
        <time>2005-08-04T16:47:48-07:00</time>
      </trkpt>
      <trkpt lat="41.87476876191795" lon="-123.13162014819682">
        <time>2005-08-04T16:47:51-07:00</time>
      </trkpt>
      <trkpt lat="41.87483665533364" lon="-123.13157480210066">
        <time>2005-08-04T16:47:57-07:00</time>
      </trkpt>
      <trkpt lat="41.874852664768696" lon="-123.13157111406326">
        <time>2005-08-04T16:47:59-07:00</time>
      </trkpt>
      <trkpt lat="41.8748767208308" lon="-123.13156172633171">
        <time>2005-08-04T16:48:01-07:00</time>
      </trkpt>
      <trkpt lat="41.87492952682078" lon="-123.13154152594507">
        <time>2005-08-04T16:48:05-07:00</time>
      </trkpt>
      <trkpt lat="41.87501661479473" lon="-123.13152358867228">
        <time>2005-08-04T16:48:11-07:00</time>
      </trkpt>
      <trkpt lat="41.87506430782378" lon="-123.13151126727462">
        <time>2005-08-04T16:48:15-07:00</time>
      </trkpt>
      <trkpt lat="41.875103283673525" lon="-123.13148905523121">
        <time>2005-08-04T16:48:18-07:00</time>
      </trkpt>
      <trkpt lat="41.8751684948802" lon="-123.13146583735943">
        <time>2005-08-04T16:48:24-07:00</time>
      </trkpt>
      <trkpt lat="41.87523999251425" lon="-123.13144312240183">
        <time>2005-08-04T16:48:30-07:00</time>
      </trkpt>
      <trkpt lat="41.87525239773095" lon="-123.13143792562187">
        <time>2005-08-04T16:48:31-07:00</time>
      </trkpt>
      <trkpt lat="41.875319201499224" lon="-123.13140875659883">
        <time>2005-08-04T16:48:36-07:00</time>
      </trkpt>
      <trkpt lat="41.8753931298852" lon="-123.13137095421553">
        <time>2005-08-04T16:48:42-07:00</time>
      </trkpt>
      <trkpt lat="41.87545834109187" lon="-123.13133860006928">
        <time>2005-08-04T16:48:49-07:00</time>
      </trkpt>
      <trkpt lat="41.875485833734274" lon="-123.13133147545159">
        <time>2005-08-04T16:48:52-07:00</time>
      </trkpt>
      <trkpt lat="41.875545512884855" lon="-123.13130867667496">
        <time>2005-08-04T16:48:56-07:00</time>
      </trkpt>
      <trkpt lat="41.87563260085881" lon="-123.13126693479717">
        <time>2005-08-04T16:49:03-07:00</time>
      </trkpt>
      <trkpt lat="41.87572605907917" lon="-123.13121194951236">
        <time>2005-08-04T16:49:10-07:00</time>
      </trkpt>
      <trkpt lat="41.87580141238868" lon="-123.13116358593106">
        <time>2005-08-04T16:49:19-07:00</time>
      </trkpt>
      <trkpt lat="41.87582027167082" lon="-123.13114883378148">
        <time>2005-08-04T16:49:21-07:00</time>
      </trkpt>
      <trkpt lat="41.87591574154794" lon="-123.1311044935137">
        <time>2005-08-04T16:49:29-07:00</time>
      </trkpt>
      <trkpt lat="41.875977516174316" lon="-123.13106819987297">
        <time>2005-08-04T16:49:36-07:00</time>
      </trkpt>
      <trkpt lat="41.87599788419902" lon="-123.13104690983891">
        <time>2005-08-04T16:49:39-07:00</time>
      </trkpt>
      <trkpt lat="41.87601741403341" lon="-123.13101933337748">
        <time>2005-08-04T16:49:42-07:00</time>
      </trkpt>
      <trkpt lat="41.87602763995528" lon="-123.13100692816079">
        <time>2005-08-04T16:49:43-07:00</time>
      </trkpt>
      <trkpt lat="41.87605747953057" lon="-123.13097884878516">
        <time>2005-08-04T16:49:47-07:00</time>
      </trkpt>
      <trkpt lat="41.87608773820102" lon="-123.13095722347498">
        <time>2005-08-04T16:49:50-07:00</time>
      </trkpt>
      <trkpt lat="41.87616577371955" lon="-123.13090324401855">
        <time>2005-08-04T16:49:57-07:00</time>
      </trkpt>
      <trkpt lat="41.8762150593102" lon="-123.13085521571338">
        <time>2005-08-04T16:50:03-07:00</time>
      </trkpt>
      <trkpt lat="41.87628798186779" lon="-123.13080458901823">
        <time>2005-08-04T16:50:10-07:00</time>
      </trkpt>
      <trkpt lat="41.87633148394525" lon="-123.13078765757382">
        <time>2005-08-04T16:50:14-07:00</time>
      </trkpt>
      <trkpt lat="41.87636274844408" lon="-123.13074943609536">
        <time>2005-08-04T16:50:17-07:00</time>
      </trkpt>
      <trkpt lat="41.87641253694892" lon="-123.13070140779018">
        <time>2005-08-04T16:50:22-07:00</time>
      </trkpt>
      <trkpt lat="41.87643650919199" lon="-123.13068699091673">
        <time>2005-08-04T16:50:24-07:00</time>
      </trkpt>
      <trkpt lat="41.8764774966985" lon="-123.13066964037716">
        <time>2005-08-04T16:50:28-07:00</time>
      </trkpt>
      <trkpt lat="41.87650649808347" lon="-123.13065279275179">
        <time>2005-08-04T16:50:30-07:00</time>
      </trkpt>
      <trkpt lat="41.876563830301166" lon="-123.13063845969737">
        <time>2005-08-04T16:50:35-07:00</time>
      </trkpt>
      <trkpt lat="41.87660004012287" lon="-123.13061004504561">
        <time>2005-08-04T16:50:38-07:00</time>
      </trkpt>
      <trkpt lat="41.876642536371946" lon="-123.1305828038603">
        <time>2005-08-04T16:50:42-07:00</time>
      </trkpt>
      <trkpt lat="41.87672182917595" lon="-123.13055355101824">
        <time>2005-08-04T16:50:48-07:00</time>
      </trkpt>
      <trkpt lat="41.876805145293474" lon="-123.13053251244128">
        <time>2005-08-04T16:50:54-07:00</time>
      </trkpt>
      <trkpt lat="41.87682065181434" lon="-123.13052848912776">
        <time>2005-08-04T16:50:55-07:00</time>
      </trkpt>
      <trkpt lat="41.876889215782285" lon="-123.13050359487534">
        <time>2005-08-04T16:51:01-07:00</time>
      </trkpt>
      <trkpt lat="41.87691930681467" lon="-123.13049588352442">
        <time>2005-08-04T16:51:03-07:00</time>
      </trkpt>
      <trkpt lat="41.876986529678106" lon="-123.13049194402993">
        <time>2005-08-04T16:51:08-07:00</time>
      </trkpt>
      <trkpt lat="41.87706733122468" lon="-123.13048959709704">
        <time>2005-08-04T16:51:15-07:00</time>
      </trkpt>
      <trkpt lat="41.87714067287743" lon="-123.13048440031707">
        <time>2005-08-04T16:51:21-07:00</time>
      </trkpt>
      <trkpt lat="41.877166740596294" lon="-123.13048230484128">
        <time>2005-08-04T16:51:23-07:00</time>
      </trkpt>
      <trkpt lat="41.877249386161566" lon="-123.1304585840553">
        <time>2005-08-04T16:51:30-07:00</time>
      </trkpt>
      <trkpt lat="41.87731862068176" lon="-123.13044969923794">
        <time>2005-08-04T16:51:36-07:00</time>
      </trkpt>
      <trkpt lat="41.87734569422901" lon="-123.13043897040188">
        <time>2005-08-04T16:51:38-07:00</time>
      </trkpt>
      <trkpt lat="41.877400847151875" lon="-123.13042664900422">
        <time>2005-08-04T16:51:43-07:00</time>
      </trkpt>
      <trkpt lat="41.87748013995588" lon="-123.13041927292943">
        <time>2005-08-04T16:51:49-07:00</time>
      </trkpt>
      <trkpt lat="41.877529760822654" lon="-123.13040921464562">
        <time>2005-08-04T16:51:53-07:00</time>
      </trkpt>
      <trkpt lat="41.877566473558545" lon="-123.1304051913321">
        <time>2005-08-04T16:51:56-07:00</time>
      </trkpt>
      <trkpt lat="41.8776345346123" lon="-123.1303964741528">
        <time>2005-08-04T16:52:02-07:00</time>
      </trkpt>
      <trkpt lat="41.87766085378826" lon="-123.1303901039064">
        <time>2005-08-04T16:52:04-07:00</time>
      </trkpt>
      <trkpt lat="41.87776135280728" lon="-123.13038951717317">
        <time>2005-08-04T16:52:11-07:00</time>
      </trkpt>
      <trkpt lat="41.877816589549184" lon="-123.13039421103895">
        <time>2005-08-04T16:52:15-07:00</time>
      </trkpt>
      <trkpt lat="41.877868473529816" lon="-123.13038700260222">
        <time>2005-08-04T16:52:19-07:00</time>
      </trkpt>
      <trkpt lat="41.87799487262964" lon="-123.13037568703294">
        <time>2005-08-04T16:52:28-07:00</time>
      </trkpt>
      <trkpt lat="41.87805044464767" lon="-123.13037627376616">
        <time>2005-08-04T16:52:33-07:00</time>
      </trkpt>
      <trkpt lat="41.87807835638523" lon="-123.13037199899554">
        <time>2005-08-04T16:52:35-07:00</time>
      </trkpt>
      <trkpt lat="41.87815748155117" lon="-123.1303602643311">
        <time>2005-08-04T16:52:42-07:00</time>
      </trkpt>
      <trkpt lat="41.87824733555317" lon="-123.13033872283995">
        <time>2005-08-04T16:52:49-07:00</time>
      </trkpt>
      <trkpt lat="41.87832612544298" lon="-123.13032346777618">
        <time>2005-08-04T16:52:55-07:00</time>
      </trkpt>
      <trkpt lat="41.87836300581694" lon="-123.13032279722393">
        <time>2005-08-04T16:52:58-07:00</time>
      </trkpt>
      <trkpt lat="41.87847934663296" lon="-123.13031114637852">
        <time>2005-08-04T16:53:06-07:00</time>
      </trkpt>
      <trkpt lat="41.8784908298403" lon="-123.13030980527401">
        <time>2005-08-04T16:53:07-07:00</time>
      </trkpt>
      <trkpt lat="41.87860406935215" lon="-123.13029580749571">
        <time>2005-08-04T16:53:16-07:00</time>
      </trkpt>
      <trkpt lat="41.87865100800991" lon="-123.13029069453478">
        <time>2005-08-04T16:53:20-07:00</time>
      </trkpt>
      <trkpt lat="41.87870507128537" lon="-123.13028507865965">
        <time>2005-08-04T16:53:24-07:00</time>
      </trkpt>
      <trkpt lat="41.878731809556484" lon="-123.13028390519321">
        <time>2005-08-04T16:53:26-07:00</time>
      </trkpt>
      <trkpt lat="41.878790985792875" lon="-123.13027619384229">
        <time>2005-08-04T16:53:30-07:00</time>
      </trkpt>
      <trkpt lat="41.87883507460356" lon="-123.13026797957718">
        <time>2005-08-04T16:53:33-07:00</time>
      </trkpt>
      <trkpt lat="41.878938507288694" lon="-123.13025398179889">
        <time>2005-08-04T16:53:41-07:00</time>
      </trkpt>
      <trkpt lat="41.87899994663894" lon="-123.1302529759705">
        <time>2005-08-04T16:53:47-07:00</time>
      </trkpt>
      <trkpt lat="41.87902039848268" lon="-123.13024878501892">
        <time>2005-08-04T16:53:48-07:00</time>
      </trkpt>
      <trkpt lat="41.87906633131206" lon="-123.1302429176867">
        <time>2005-08-04T16:53:52-07:00</time>
      </trkpt>
      <trkpt lat="41.87915559858084" lon="-123.13021710142493">
        <time>2005-08-04T16:53:59-07:00</time>
      </trkpt>
      <trkpt lat="41.879246793687344" lon="-123.1302000861615">
        <time>2005-08-04T16:54:07-07:00</time>
      </trkpt>
      <trkpt lat="41.87932977452874" lon="-123.13020528294146">
        <time>2005-08-04T16:54:14-07:00</time>
      </trkpt>
      <trkpt lat="41.87937797047198" lon="-123.13021374866366">
        <time>2005-08-04T16:54:18-07:00</time>
      </trkpt>
      <trkpt lat="41.87942440621555" lon="-123.13021190464497">
        <time>2005-08-04T16:54:21-07:00</time>
      </trkpt>
      <trkpt lat="41.879514595493674" lon="-123.13023478724062">
        <time>2005-08-04T16:54:28-07:00</time>
      </trkpt>
      <trkpt lat="41.879566898569465" lon="-123.13025766983628">
        <time>2005-08-04T16:54:33-07:00</time>
      </trkpt>
      <trkpt lat="41.87963931821287" lon="-123.13026756048203">
        <time>2005-08-04T16:54:38-07:00</time>
      </trkpt>
      <trkpt lat="41.87971584498882" lon="-123.1302997469902">
        <time>2005-08-04T16:54:44-07:00</time>
      </trkpt>
      <trkpt lat="41.87974710948765" lon="-123.1303139962256">
        <time>2005-08-04T16:54:46-07:00</time>
      </trkpt>
      <trkpt lat="41.879837131127715" lon="-123.13036118634045">
        <time>2005-08-04T16:54:54-07:00</time>
      </trkpt>
      <trkpt lat="41.879916759207845" lon="-123.13041650690138">
        <time>2005-08-04T16:55:01-07:00</time>
      </trkpt>
      <trkpt lat="41.879976857453585" lon="-123.13044047914445">
        <time>2005-08-04T16:55:07-07:00</time>
      </trkpt>
      <trkpt lat="41.88000535592437" lon="-123.13044777140021">
        <time>2005-08-04T16:55:09-07:00</time>
      </trkpt>
      <trkpt lat="41.88009629957378" lon="-123.1304844841361">
        <time>2005-08-04T16:55:17-07:00</time>
      </trkpt>
      <trkpt lat="41.88017098233104" lon="-123.1305294111371">
        <time>2005-08-04T16:55:24-07:00</time>
      </trkpt>
      <trkpt lat="41.88024926930666" lon="-123.13057526014745">
        <time>2005-08-04T16:55:30-07:00</time>
      </trkpt>
      <trkpt lat="41.88034255988896" lon="-123.13063661567867">
        <time>2005-08-04T16:55:37-07:00</time>
      </trkpt>
      <trkpt lat="41.88036108389497" lon="-123.13064642250538">
        <time>2005-08-04T16:55:39-07:00</time>
      </trkpt>
      <trkpt lat="41.8804216850549" lon="-123.13067534007132">
        <time>2005-08-04T16:55:44-07:00</time>
      </trkpt>
      <trkpt lat="41.880475329235196" lon="-123.13071020878851">
        <time>2005-08-04T16:55:49-07:00</time>
      </trkpt>
      <trkpt lat="41.88049544580281" lon="-123.13072035089135">
        <time>2005-08-04T16:55:51-07:00</time>
      </trkpt>
      <trkpt lat="41.880582282319665" lon="-123.13072596676648">
        <time>2005-08-04T16:55:58-07:00</time>
      </trkpt>
      <trkpt lat="41.8806476611644" lon="-123.13069000840187">
        <time>2005-08-04T16:56:03-07:00</time>
      </trkpt>
      <trkpt lat="41.880713710561395" lon="-123.13069545663893">
        <time>2005-08-04T16:56:08-07:00</time>
      </trkpt>
      <trkpt lat="41.880732737481594" lon="-123.13068942166865">
        <time>2005-08-04T16:56:09-07:00</time>
      </trkpt>
      <trkpt lat="41.88078822568059" lon="-123.13063435256481">
        <time>2005-08-04T16:56:15-07:00</time>
      </trkpt>
      <trkpt lat="41.88077959232032" lon="-123.13062932342291">
        <time>2005-08-04T16:56:20-07:00</time>
      </trkpt>
      <trkpt lat="41.880778251215816" lon="-123.13062882050872">
        <time>2005-08-04T16:56:21-07:00</time>
      </trkpt>
      <trkpt lat="41.88078277744353" lon="-123.13063024543226">
        <time>2005-08-04T16:56:24-07:00</time>
      </trkpt>
      <trkpt lat="41.880782106891274" lon="-123.13062630593777">
        <time>2005-08-04T16:56:27-07:00</time>
      </trkpt>
      <trkpt lat="41.88079308718443" lon="-123.1306195165962">
        <time>2005-08-04T16:56:29-07:00</time>
      </trkpt>
      <trkpt lat="41.88078571110964" lon="-123.13061649911106">
        <time>2005-08-04T16:56:32-07:00</time>
      </trkpt>
      <trkpt lat="41.880763079971075" lon="-123.13062840141356">
        <time>2005-08-04T16:56:35-07:00</time>
      </trkpt>
      <trkpt lat="41.880763079971075" lon="-123.13071062788367">
        <time>2005-08-04T16:56:41-07:00</time>
      </trkpt>
      <trkpt lat="41.88082351349294" lon="-123.13076217658818">
        <time>2005-08-04T16:56:47-07:00</time>
      </trkpt>
      <trkpt lat="41.88088553957641" lon="-123.13078028149903">
        <time>2005-08-04T16:56:53-07:00</time>
      </trkpt>
      <trkpt lat="41.88089199364185" lon="-123.1307836342603">
        <time>2005-08-04T16:56:54-07:00</time>
      </trkpt>
      <trkpt lat="41.8809032253921" lon="-123.13079813495278">
        <time>2005-08-04T16:56:56-07:00</time>
      </trkpt>
      <trkpt lat="41.88094915822148" lon="-123.13082680106163">
        <time>2005-08-04T16:57:00-07:00</time>
      </trkpt>
      <trkpt lat="41.880979584529996" lon="-123.13085722737014">
        <time>2005-08-04T16:57:04-07:00</time>
      </trkpt>
      <trkpt lat="41.88062829896808" lon="-123.13076796010137">
        <time>2005-08-04T16:58:21-07:00</time>
      </trkpt>
      <trkpt lat="41.88062469474971" lon="-123.13078287988901">
        <time>2005-08-04T16:58:22-07:00</time>
      </trkpt>
      <trkpt lat="41.880627712234855" lon="-123.13079562038183">
        <time>2005-08-04T16:58:23-07:00</time>
      </trkpt>
      <trkpt lat="41.88063684850931" lon="-123.13081783242524">
        <time>2005-08-04T16:58:25-07:00</time>
      </trkpt>
      <trkpt lat="41.88064523041248" lon="-123.13082956708968">
        <time>2005-08-04T16:58:26-07:00</time>
      </trkpt>
      <trkpt lat="41.880671633407474" lon="-123.13085731118917">
        <time>2005-08-04T16:58:28-07:00</time>
      </trkpt>
      <trkpt lat="41.88074380159378" lon="-123.1309236958623">
        <time>2005-08-04T16:58:35-07:00</time>
      </trkpt>
      <trkpt lat="41.88076660037041" lon="-123.1309459079057">
        <time>2005-08-04T16:58:37-07:00</time>
      </trkpt>
      <trkpt lat="41.88083516433835" lon="-123.13100072555244">
        <time>2005-08-04T16:58:43-07:00</time>
      </trkpt>
      <trkpt lat="41.880896436050534" lon="-123.13105420209467">
        <time>2005-08-04T16:58:49-07:00</time>
      </trkpt>
      <trkpt lat="41.88096089288592" lon="-123.13110332004726">
        <time>2005-08-04T16:58:54-07:00</time>
      </trkpt>
      <trkpt lat="41.88097740523517" lon="-123.13112226314843">
        <time>2005-08-04T16:58:56-07:00</time>
      </trkpt>
      <trkpt lat="41.881017219275236" lon="-123.13115914352238">
        <time>2005-08-04T16:59:00-07:00</time>
      </trkpt>
      <trkpt lat="41.88109466806054" lon="-123.13121882267296">
        <time>2005-08-04T16:59:07-07:00</time>
      </trkpt>
      <trkpt lat="41.88116692006588" lon="-123.13125603832304">
        <time>2005-08-04T16:59:13-07:00</time>
      </trkpt>
      <trkpt lat="41.881241016089916" lon="-123.13131630420685">
        <time>2005-08-04T16:59:19-07:00</time>
      </trkpt>
      <trkpt lat="41.88128904439509" lon="-123.13135217875242">
        <time>2005-08-04T16:59:24-07:00</time>
      </trkpt>
      <trkpt lat="41.881363559514284" lon="-123.13141269609332">
        <time>2005-08-04T16:59:31-07:00</time>
      </trkpt>
      <trkpt lat="41.88143421895802" lon="-123.13145787455142">
        <time>2005-08-04T16:59:38-07:00</time>
      </trkpt>
      <trkpt lat="41.88147621229291" lon="-123.13148737885058">
        <time>2005-08-04T16:59:41-07:00</time>
      </trkpt>
      <trkpt lat="41.88151049427688" lon="-123.13151696696877">
        <time>2005-08-04T16:59:45-07:00</time>
      </trkpt>
      <trkpt lat="41.881570341065526" lon="-123.13154085539281">
        <time>2005-08-04T16:59:51-07:00</time>
      </trkpt>
      <trkpt lat="41.881592720746994" lon="-123.1315088365227">
        <time>2005-08-04T16:59:56-07:00</time>
      </trkpt>
      <trkpt lat="41.88185163773596" lon="-123.13119543716311">
        <time>2005-08-04T17:42:19-07:00</time>
      </trkpt>
      <trkpt lat="41.88183529302478" lon="-123.13112284988165">
        <time>2005-08-04T17:42:20-07:00</time>
      </trkpt>
      <trkpt lat="41.881815092638135" lon="-123.1311306450516">
        <time>2005-08-04T17:42:27-07:00</time>
      </trkpt>
      <trkpt lat="41.881730100139976" lon="-123.13108982518315">
        <time>2005-08-04T17:42:28-07:00</time>
      </trkpt>
      <trkpt lat="41.881690453737974" lon="-123.13111446797848">
        <time>2005-08-04T17:42:29-07:00</time>
      </trkpt>
      <trkpt lat="41.881626415997744" lon="-123.13114740885794">
        <time>2005-08-04T17:42:32-07:00</time>
      </trkpt>
      <trkpt lat="41.88161116093397" lon="-123.13122041523457">
        <time>2005-08-04T17:42:34-07:00</time>
      </trkpt>
      <trkpt lat="41.88160520978272" lon="-123.13127053901553">
        <time>2005-08-04T17:42:40-07:00</time>
      </trkpt>
      <trkpt lat="41.88159045763314" lon="-123.13131244853139">
        <time>2005-08-04T17:42:46-07:00</time>
      </trkpt>
      <trkpt lat="41.881601018831134" lon="-123.13133642077446">
        <time>2005-08-04T17:42:48-07:00</time>
      </trkpt>
      <trkpt lat="41.881609316915274" lon="-123.13134186901152">
        <time>2005-08-04T17:42:52-07:00</time>
      </trkpt>
      <trkpt lat="41.88161442987621" lon="-123.13135167583823">
        <time>2005-08-04T17:42:55-07:00</time>
      </trkpt>
      <trkpt lat="41.881624571979046" lon="-123.1313806772232">
        <time>2005-08-04T17:42:56-07:00</time>
      </trkpt>
      <trkpt lat="41.88163345679641" lon="-123.13140724785626">
        <time>2005-08-04T17:42:57-07:00</time>
      </trkpt>
      <trkpt lat="41.881637228652835" lon="-123.1314205750823">
        <time>2005-08-04T17:42:59-07:00</time>
      </trkpt>
      <trkpt lat="41.88165131025016" lon="-123.13143976964056">
        <time>2005-08-04T17:43:02-07:00</time>
      </trkpt>
      <trkpt lat="41.881652902811766" lon="-123.13144538551569">
        <time>2005-08-04T17:43:03-07:00</time>
      </trkpt>
      <trkpt lat="41.88166446983814" lon="-123.1314618140459">
        <time>2005-08-04T17:43:05-07:00</time>
      </trkpt>
      <trkpt lat="41.881668493151665" lon="-123.13146483153105">
        <time>2005-08-04T17:43:06-07:00</time>
      </trkpt>
      <trkpt lat="41.88166782259941" lon="-123.13148260116577">
        <time>2005-08-04T17:43:10-07:00</time>
      </trkpt>
      <trkpt lat="41.88167612068355" lon="-123.13150942325592">
        <time>2005-08-04T17:43:11-07:00</time>
      </trkpt>
      <trkpt lat="41.881675282493234" lon="-123.13152375631034">
        <time>2005-08-04T17:43:14-07:00</time>
      </trkpt>
      <trkpt lat="41.88167913816869" lon="-123.1315521709621">
        <time>2005-08-04T17:43:17-07:00</time>
      </trkpt>
      <trkpt lat="41.88168349675834" lon="-123.13166624866426">
        <time>2005-08-04T17:43:20-07:00</time>
      </trkpt>
      <trkpt lat="41.88169648870826" lon="-123.13176766969264">
        <time>2005-08-04T17:43:23-07:00</time>
      </trkpt>
      <trkpt lat="41.88169816508889" lon="-123.13179021701217">
        <time>2005-08-04T17:43:32-07:00</time>
      </trkpt>
      <trkpt lat="41.8817341234535" lon="-123.13187822699547">
        <time>2005-08-04T17:43:39-07:00</time>
      </trkpt>
      <trkpt lat="41.881748205050826" lon="-123.13188954256475">
        <time>2005-08-04T17:43:42-07:00</time>
      </trkpt>
      <trkpt lat="41.88178173266351" lon="-123.1319026183337">
        <time>2005-08-04T17:43:45-07:00</time>
      </trkpt>
      <trkpt lat="41.88178743235767" lon="-123.13190555199981">
        <time>2005-08-04T17:43:46-07:00</time>
      </trkpt>
      <trkpt lat="41.8818290065974" lon="-123.13191703520715">
        <time>2005-08-04T17:43:50-07:00</time>
      </trkpt>
      <trkpt lat="41.88189396634698" lon="-123.13194863498211">
        <time>2005-08-04T17:43:52-07:00</time>
      </trkpt>
      <trkpt lat="41.881954316049814" lon="-123.1319821625948">
        <time>2005-08-04T17:43:57-07:00</time>
      </trkpt>
      <trkpt lat="41.881969571113586" lon="-123.1319874431938">
        <time>2005-08-04T17:44:03-07:00</time>
      </trkpt>
      <trkpt lat="41.881980719044805" lon="-123.13199079595506">
        <time>2005-08-04T17:44:08-07:00</time>
      </trkpt>
      <trkpt lat="41.882017347961664" lon="-123.13201434910297">
        <time>2005-08-04T17:44:09-07:00</time>
      </trkpt>
      <trkpt lat="41.88206663355231" lon="-123.13205927610397">
        <time>2005-08-04T17:44:10-07:00</time>
      </trkpt>
      <trkpt lat="41.882134107872844" lon="-123.13210193999112">
        <time>2005-08-04T17:44:13-07:00</time>
      </trkpt>
      <trkpt lat="41.88214626163244" lon="-123.13211032189429">
        <time>2005-08-04T17:44:18-07:00</time>
      </trkpt>
      <trkpt lat="41.88222245313227" lon="-123.1321732699871">
        <time>2005-08-04T17:44:25-07:00</time>
      </trkpt>
      <trkpt lat="41.88228791579604" lon="-123.1322358828038">
        <time>2005-08-04T17:44:26-07:00</time>
      </trkpt>
      <trkpt lat="41.88235220499337" lon="-123.13228458166122">
        <time>2005-08-04T17:44:33-07:00</time>
      </trkpt>
      <trkpt lat="41.88236687332392" lon="-123.13229229301214">
        <time>2005-08-04T17:44:40-07:00</time>
      </trkpt>
      <trkpt lat="41.88242319971323" lon="-123.1323307659477">
        <time>2005-08-04T17:44:46-07:00</time>
      </trkpt>
      <trkpt lat="41.88248815946281" lon="-123.13237971626222">
        <time>2005-08-04T17:44:47-07:00</time>
      </trkpt>
      <trkpt lat="41.882498636841774" lon="-123.13238818198442">
        <time>2005-08-04T17:44:53-07:00</time>
      </trkpt>
      <trkpt lat="41.88256887719035" lon="-123.1324549857527">
        <time>2005-08-04T17:44:59-07:00</time>
      </trkpt>
      <trkpt lat="41.88264255411923" lon="-123.13250728882849">
        <time>2005-08-04T17:45:00-07:00</time>
      </trkpt>
      <trkpt lat="41.88265127129853" lon="-123.13251240178943">
        <time>2005-08-04T17:45:06-07:00</time>
      </trkpt>
      <trkpt lat="41.88270407728851" lon="-123.13256034627557">
        <time>2005-08-04T17:45:13-07:00</time>
      </trkpt>
      <trkpt lat="41.882749423384666" lon="-123.13261474482715">
        <time>2005-08-04T17:45:14-07:00</time>
      </trkpt>
      <trkpt lat="41.88275897875428" lon="-123.13262949697673">
        <time>2005-08-04T17:45:20-07:00</time>
      </trkpt>
      <trkpt lat="41.88278144225478" lon="-123.13265137374401">
        <time>2005-08-04T17:45:25-07:00</time>
      </trkpt>
      <trkpt lat="41.88279175199568" lon="-123.13265908509493">
        <time>2005-08-04T17:45:26-07:00</time>
      </trkpt>
      <trkpt lat="41.88281312584877" lon="-123.1326846498996">
        <time>2005-08-04T17:45:28-07:00</time>
      </trkpt>
      <trkpt lat="41.882866602391005" lon="-123.13273837789893">
        <time>2005-08-04T17:45:29-07:00</time>
      </trkpt>
      <trkpt lat="41.88287850469351" lon="-123.13275220803916">
        <time>2005-08-04T17:45:32-07:00</time>
      </trkpt>
      <trkpt lat="41.882926784455776" lon="-123.13279177062213">
        <time>2005-08-04T17:45:38-07:00</time>
      </trkpt>
      <trkpt lat="41.882999539375305" lon="-123.13284650444984">
        <time>2005-08-04T17:45:39-07:00</time>
      </trkpt>
      <trkpt lat="41.883063996210694" lon="-123.13289788551629">
        <time>2005-08-04T17:45:44-07:00</time>
      </trkpt>
      <trkpt lat="41.88307313248515" lon="-123.1329037528485">
        <time>2005-08-04T17:45:50-07:00</time>
      </trkpt>
      <trkpt lat="41.88309450633824" lon="-123.1329227797687">
        <time>2005-08-04T17:45:56-07:00</time>
      </trkpt>
      <trkpt lat="41.88315267674625" lon="-123.13296753913164">
        <time>2005-08-04T17:45:57-07:00</time>
      </trkpt>
      <trkpt lat="41.88323079608381" lon="-123.13302738592029">
        <time>2005-08-04T17:45:59-07:00</time>
      </trkpt>
      <trkpt lat="41.883301539346576" lon="-123.13307600095868">
        <time>2005-08-04T17:46:04-07:00</time>
      </trkpt>
      <trkpt lat="41.883326852694154" lon="-123.1331008952111">
        <time>2005-08-04T17:46:12-07:00</time>
      </trkpt>
      <trkpt lat="41.883369851857424" lon="-123.13312763348222">
        <time>2005-08-04T17:46:18-07:00</time>
      </trkpt>
      <trkpt lat="41.88344973139465" lon="-123.13317222520709">
        <time>2005-08-04T17:46:20-07:00</time>
      </trkpt>
      <trkpt lat="41.88352064229548" lon="-123.13319670036435">
        <time>2005-08-04T17:46:24-07:00</time>
      </trkpt>
      <trkpt lat="41.88353078439832" lon="-123.13319837674499">
        <time>2005-08-04T17:46:31-07:00</time>
      </trkpt>
      <trkpt lat="41.88363111577928" lon="-123.13326283358037">
        <time>2005-08-04T17:46:36-07:00</time>
      </trkpt>
      <trkpt lat="41.883667912334204" lon="-123.13329057767987">
        <time>2005-08-04T17:46:37-07:00</time>
      </trkpt>
      <trkpt lat="41.88370889984071" lon="-123.13331077806652">
        <time>2005-08-04T17:46:47-07:00</time>
      </trkpt>
      <trkpt lat="41.88375676050782" lon="-123.13333801925182">
        <time>2005-08-04T17:46:50-07:00</time>
      </trkpt>
      <trkpt lat="41.88378358259797" lon="-123.13334967009723">
        <time>2005-08-04T17:46:53-07:00</time>
      </trkpt>
      <trkpt lat="41.88380939885974" lon="-123.13336106948555">
        <time>2005-08-04T17:46:59-07:00</time>
      </trkpt>
      <trkpt lat="41.8838563375175" lon="-123.13337976112962">
        <time>2005-08-04T17:47:01-07:00</time>
      </trkpt>
      <trkpt lat="41.883935295045376" lon="-123.13341152854264">
        <time>2005-08-04T17:47:03-07:00</time>
      </trkpt>
      <trkpt lat="41.8840307649225" lon="-123.13346391543746">
        <time>2005-08-04T17:47:07-07:00</time>
      </trkpt>
      <trkpt lat="41.88405867666006" lon="-123.13348403200507">
        <time>2005-08-04T17:47:14-07:00</time>
      </trkpt>
      <trkpt lat="41.88410938717425" lon="-123.13351856544614">
        <time>2005-08-04T17:47:22-07:00</time>
      </trkpt>
      <trkpt lat="41.88416303135455" lon="-123.13353901728988">
        <time>2005-08-04T17:47:25-07:00</time>
      </trkpt>
      <trkpt lat="41.88418633304536" lon="-123.13355452381074">
        <time>2005-08-04T17:47:30-07:00</time>
      </trkpt>
      <trkpt lat="41.884266044944525" lon="-123.13360037282109">
        <time>2005-08-04T17:47:34-07:00</time>
      </trkpt>
      <trkpt lat="41.88432681374252" lon="-123.13362803310156">
        <time>2005-08-04T17:47:36-07:00</time>
      </trkpt>
      <trkpt lat="41.88433662056923" lon="-123.13363348133862">
        <time>2005-08-04T17:47:43-07:00</time>
      </trkpt>
      <trkpt lat="41.884398898109794" lon="-123.13368301838636">
        <time>2005-08-04T17:47:48-07:00</time>
      </trkpt>
      <trkpt lat="41.88443376682699" lon="-123.1337055657059">
        <time>2005-08-04T17:47:49-07:00</time>
      </trkpt>
      <trkpt lat="41.88444709405303" lon="-123.13371688127518">
        <time>2005-08-04T17:47:55-07:00</time>
      </trkpt>
      <trkpt lat="41.88446796499193" lon="-123.13373590819538">
        <time>2005-08-04T17:47:58-07:00</time>
      </trkpt>
      <trkpt lat="41.884528482332826" lon="-123.13376792706549">
        <time>2005-08-04T17:48:00-07:00</time>
      </trkpt>
      <trkpt lat="41.88454273156822" lon="-123.13377739861608">
        <time>2005-08-04T17:48:02-07:00</time>
      </trkpt>
      <trkpt lat="41.88463283702731" lon="-123.13383213244379">
        <time>2005-08-04T17:48:08-07:00</time>
      </trkpt>
      <trkpt lat="41.884692097082734" lon="-123.13388301059604">
        <time>2005-08-04T17:48:09-07:00</time>
      </trkpt>
      <trkpt lat="41.88473400659859" lon="-123.13390455208719">
        <time>2005-08-04T17:48:17-07:00</time>
      </trkpt>
      <trkpt lat="41.88480047509074" lon="-123.13393078744411">
        <time>2005-08-04T17:48:23-07:00</time>
      </trkpt>
      <trkpt lat="41.88489158637822" lon="-123.13397051766515">
        <time>2005-08-04T17:48:27-07:00</time>
      </trkpt>
      <trkpt lat="41.88494791276753" lon="-123.1339934002608">
        <time>2005-08-04T17:48:32-07:00</time>
      </trkpt>
      <trkpt lat="41.88496006652713" lon="-123.13400010578334">
        <time>2005-08-04T17:48:40-07:00</time>
      </trkpt>
      <trkpt lat="41.88503298908472" lon="-123.13401703722775">
        <time>2005-08-04T17:48:45-07:00</time>
      </trkpt>
      <trkpt lat="41.885065007954836" lon="-123.1340301129967">
        <time>2005-08-04T17:48:46-07:00</time>
      </trkpt>
      <trkpt lat="41.88510515727103" lon="-123.13403681851923">
        <time>2005-08-04T17:48:52-07:00</time>
      </trkpt>
      <trkpt lat="41.885172463953495" lon="-123.13406523317099">
        <time>2005-08-04T17:48:55-07:00</time>
      </trkpt>
      <trkpt lat="41.885209176689386" lon="-123.13407721929252">
        <time>2005-08-04T17:48:58-07:00</time>
      </trkpt>
      <trkpt lat="41.88523859716952" lon="-123.13408476300538">
        <time>2005-08-04T17:49:04-07:00</time>
      </trkpt>
      <trkpt lat="41.88532216474414" lon="-123.13412021845579">
        <time>2005-08-04T17:49:08-07:00</time>
      </trkpt>
      <trkpt lat="41.88536315225065" lon="-123.13412918709219">
        <time>2005-08-04T17:49:10-07:00</time>
      </trkpt>
      <trkpt lat="41.885415790602565" lon="-123.13414863310754">
        <time>2005-08-04T17:49:17-07:00</time>
      </trkpt>
      <trkpt lat="41.885497346520424" lon="-123.13418434001505">
        <time>2005-08-04T17:49:20-07:00</time>
      </trkpt>
      <trkpt lat="41.885602958500385" lon="-123.13422465696931">
        <time>2005-08-04T17:49:24-07:00</time>
      </trkpt>
      <trkpt lat="41.885699685662985" lon="-123.13422616571188">
        <time>2005-08-04T17:49:30-07:00</time>
      </trkpt>
      <trkpt lat="41.8857110850513" lon="-123.134226500988">
        <time>2005-08-04T17:49:39-07:00</time>
      </trkpt>
      <trkpt lat="41.88578702509403" lon="-123.13423857092857">
        <time>2005-08-04T17:49:47-07:00</time>
      </trkpt>
      <trkpt lat="41.88583153299987" lon="-123.13424326479435">
        <time>2005-08-04T17:49:48-07:00</time>
      </trkpt>
      <trkpt lat="41.88588802702725" lon="-123.13424619846046">
        <time>2005-08-04T17:49:54-07:00</time>
      </trkpt>
      <trkpt lat="41.88596279360354" lon="-123.13424644991755">
        <time>2005-08-04T17:49:57-07:00</time>
      </trkpt>
      <trkpt lat="41.88603077083826" lon="-123.13428400084376">
        <time>2005-08-04T17:50:01-07:00</time>
      </trkpt>
      <trkpt lat="41.886042170226574" lon="-123.13428802415729">
        <time>2005-08-04T17:50:08-07:00</time>
      </trkpt>
      <trkpt lat="41.88615842722356" lon="-123.134326916188">
        <time>2005-08-04T17:50:14-07:00</time>
      </trkpt>
      <trkpt lat="41.886233696714044" lon="-123.13436421565711">
        <time>2005-08-04T17:50:15-07:00</time>
      </trkpt>
      <trkpt lat="41.886243587359786" lon="-123.13437066972256">
        <time>2005-08-04T17:50:24-07:00</time>
      </trkpt>
      <trkpt lat="41.88626102171838" lon="-123.13438206911087">
        <time>2005-08-04T17:50:31-07:00</time>
      </trkpt>
      <trkpt lat="41.88634098507464" lon="-123.13445708714426">
        <time>2005-08-04T17:50:32-07:00</time>
      </trkpt>
      <trkpt lat="41.8864328507334" lon="-123.13453688286245">
        <time>2005-08-04T17:50:34-07:00</time>
      </trkpt>
      <trkpt lat="41.88644508831203" lon="-123.13454459421337">
        <time>2005-08-04T17:50:44-07:00</time>
      </trkpt>
      <trkpt lat="41.886518094688654" lon="-123.13459320925176">
        <time>2005-08-04T17:50:52-07:00</time>
      </trkpt>
      <trkpt lat="41.88658146187663" lon="-123.13465096056461">
        <time>2005-08-04T17:50:53-07:00</time>
      </trkpt>
      <trkpt lat="41.886592442169785" lon="-123.13466068357229">
        <time>2005-08-04T17:51:00-07:00</time>
      </trkpt>
      <trkpt lat="41.88665019348264" lon="-123.1347087956965">
        <time>2005-08-04T17:51:06-07:00</time>
      </trkpt>
      <trkpt lat="41.88672713935375" lon="-123.13477165997028">
        <time>2005-08-04T17:51:07-07:00</time>
      </trkpt>
      <trkpt lat="41.88674113713205" lon="-123.13478188589215">
        <time>2005-08-04T17:51:13-07:00</time>
      </trkpt>
      <trkpt lat="41.88680953346193" lon="-123.13484064303339">
        <time>2005-08-04T17:51:20-07:00</time>
      </trkpt>
      <trkpt lat="41.88685563392937" lon="-123.13488028943539">
        <time>2005-08-04T17:51:21-07:00</time>
      </trkpt>
      <trkpt lat="41.88687742687762" lon="-123.1348969694227">
        <time>2005-08-04T17:51:27-07:00</time>
      </trkpt>
      <trkpt lat="41.88693568110466" lon="-123.13495052978396">
        <time>2005-08-04T17:51:32-07:00</time>
      </trkpt>
      <trkpt lat="41.88696317374706" lon="-123.1349725741893">
        <time>2005-08-04T17:51:34-07:00</time>
      </trkpt>
      <trkpt lat="41.88699536025524" lon="-123.13499864190817">
        <time>2005-08-04T17:51:40-07:00</time>
      </trkpt>
      <trkpt lat="41.88706794753671" lon="-123.13506192527711">
        <time>2005-08-04T17:51:42-07:00</time>
      </trkpt>
      <trkpt lat="41.88707968220115" lon="-123.13507340848446">
        <time>2005-08-04T17:51:45-07:00</time>
      </trkpt>
      <trkpt lat="41.88715159893036" lon="-123.13513803295791">
        <time>2005-08-04T17:51:53-07:00</time>
      </trkpt>
      <trkpt lat="41.887202644720674" lon="-123.13516980037093">
        <time>2005-08-04T17:51:54-07:00</time>
      </trkpt>
      <trkpt lat="41.88723851926625" lon="-123.13519980758429">
        <time>2005-08-04T17:52:00-07:00</time>
      </trkpt>
      <trkpt lat="41.887358631938696" lon="-123.13524607568979">
        <time>2005-08-04T17:52:05-07:00</time>
      </trkpt>
      <trkpt lat="41.8874688539654" lon="-123.13523970544338">
        <time>2005-08-04T17:52:09-07:00</time>
      </trkpt>
      <trkpt lat="41.887527192011476" lon="-123.13522629439831">
        <time>2005-08-04T17:52:18-07:00</time>
      </trkpt>
      <trkpt lat="41.88757278956473" lon="-123.13521590083838">
        <time>2005-08-04T17:52:25-07:00</time>
      </trkpt>
      <trkpt lat="41.887679658830166" lon="-123.1351924315095">
        <time>2005-08-04T17:52:29-07:00</time>
      </trkpt>
      <trkpt lat="41.88778543844819" lon="-123.13514121808112">
        <time>2005-08-04T17:52:33-07:00</time>
      </trkpt>
      <trkpt lat="41.887828186154366" lon="-123.13512076623738">
        <time>2005-08-04T17:52:41-07:00</time>
      </trkpt>
      <trkpt lat="41.88791435211897" lon="-123.1350883282721">
        <time>2005-08-04T17:52:49-07:00</time>
      </trkpt>
      <trkpt lat="41.88805575482547" lon="-123.13502940349281">
        <time>2005-08-04T17:52:52-07:00</time>
      </trkpt>
      <trkpt lat="41.88808785751462" lon="-123.13501398079097">
        <time>2005-08-04T17:52:59-07:00</time>
      </trkpt>
      <trkpt lat="41.888155499473214" lon="-123.13498447649181">
        <time>2005-08-04T17:53:09-07:00</time>
      </trkpt>
      <trkpt lat="41.88824845477939" lon="-123.13496377319098">
        <time>2005-08-04T17:53:11-07:00</time>
      </trkpt>
      <trkpt lat="41.888315761461854" lon="-123.13495446927845">
        <time>2005-08-04T17:53:17-07:00</time>
      </trkpt>
      <trkpt lat="41.88839949667454" lon="-123.13493426889181">
        <time>2005-08-04T17:53:25-07:00</time>
      </trkpt>
      <trkpt lat="41.88844551332295" lon="-123.13492144457996">
        <time>2005-08-04T17:53:31-07:00</time>
      </trkpt>
      <trkpt lat="41.888477364555" lon="-123.13491557724774">
        <time>2005-08-04T17:53:38-07:00</time>
      </trkpt>
      <trkpt lat="41.88858247362077" lon="-123.1348985619843">
        <time>2005-08-04T17:53:42-07:00</time>
      </trkpt>
      <trkpt lat="41.88866352662444" lon="-123.13488347455859">
        <time>2005-08-04T17:53:45-07:00</time>
      </trkpt>
      <trkpt lat="41.88870593905449" lon="-123.13487827777863">
        <time>2005-08-04T17:53:53-07:00</time>
      </trkpt>
      <trkpt lat="41.88874592073262" lon="-123.13488330692053">
        <time>2005-08-04T17:54:00-07:00</time>
      </trkpt>
      <trkpt lat="41.888851281255484" lon="-123.13489101827145">
        <time>2005-08-04T17:54:03-07:00</time>
      </trkpt>
      <trkpt lat="41.88898899592459" lon="-123.13489789143205">
        <time>2005-08-04T17:54:07-07:00</time>
      </trkpt>
      <trkpt lat="41.88907591626048" lon="-123.13490635715425">
        <time>2005-08-04T17:54:16-07:00</time>
      </trkpt>
      <trkpt lat="41.88913928344846" lon="-123.13491800799966">
        <time>2005-08-04T17:54:25-07:00</time>
      </trkpt>
      <trkpt lat="41.889159735292196" lon="-123.13491608016193">
        <time>2005-08-04T17:54:33-07:00</time>
      </trkpt>
      <trkpt lat="41.88929049298167" lon="-123.13492991030216">
        <time>2005-08-04T17:54:38-07:00</time>
      </trkpt>
      <trkpt lat="41.88939342275262" lon="-123.13495673239231">
        <time>2005-08-04T17:54:40-07:00</time>
      </trkpt>
      <trkpt lat="41.889497861266136" lon="-123.13495463691652">
        <time>2005-08-04T17:54:49-07:00</time>
      </trkpt>
      <trkpt lat="41.889588134363294" lon="-123.13496846705675">
        <time>2005-08-04T17:54:57-07:00</time>
      </trkpt>
      <trkpt lat="41.8895981926471" lon="-123.1349712330848">
        <time>2005-08-04T17:55:04-07:00</time>
      </trkpt>
      <trkpt lat="41.88968561589718" lon="-123.13501473516226">
        <time>2005-08-04T17:55:11-07:00</time>
      </trkpt>
      <trkpt lat="41.88976096920669" lon="-123.13505874015391">
        <time>2005-08-04T17:55:12-07:00</time>
      </trkpt>
      <trkpt lat="41.88978209160268" lon="-123.13507349230349">
        <time>2005-08-04T17:55:20-07:00</time>
      </trkpt>
      <trkpt lat="41.88988342881203" lon="-123.13513241708279">
        <time>2005-08-04T17:55:27-07:00</time>
      </trkpt>
      <trkpt lat="41.88993581570685" lon="-123.13516091555357">
        <time>2005-08-04T17:55:29-07:00</time>
      </trkpt>
      <trkpt lat="41.89000220037997" lon="-123.13519234769046">
        <time>2005-08-04T17:55:37-07:00</time>
      </trkpt>
      <trkpt lat="41.89009599387646" lon="-123.13523928634822">
        <time>2005-08-04T17:55:42-07:00</time>
      </trkpt>
      <trkpt lat="41.89020998775959" lon="-123.13527901656926">
        <time>2005-08-04T17:55:47-07:00</time>
      </trkpt>
      <trkpt lat="41.8903112411499" lon="-123.13531246036291">
        <time>2005-08-04T17:55:55-07:00</time>
      </trkpt>
      <trkpt lat="41.890351390466094" lon="-123.13532411120832">
        <time>2005-08-04T17:56:03-07:00</time>
      </trkpt>
      <trkpt lat="41.89041769132018" lon="-123.13534489832819">
        <time>2005-08-04T17:56:12-07:00</time>
      </trkpt>
      <trkpt lat="41.890481393784285" lon="-123.13536384142935">
        <time>2005-08-04T17:56:15-07:00</time>
      </trkpt>
      <trkpt lat="41.89050645567477" lon="-123.1353668589145">
        <time>2005-08-04T17:56:20-07:00</time>
      </trkpt>
      <trkpt lat="41.890542916953564" lon="-123.13537230715156">
        <time>2005-08-04T17:56:26-07:00</time>
      </trkpt>
      <trkpt lat="41.89059756696224" lon="-123.13538270071149">
        <time>2005-08-04T17:56:28-07:00</time>
      </trkpt>
      <trkpt lat="41.890696389600635" lon="-123.13539946451783">
        <time>2005-08-04T17:56:31-07:00</time>
      </trkpt>
      <trkpt lat="41.89072270877659" lon="-123.13540725968778">
        <time>2005-08-04T17:56:35-07:00</time>
      </trkpt>
      <trkpt lat="41.89080761745572" lon="-123.13541044481099">
        <time>2005-08-04T17:56:42-07:00</time>
      </trkpt>
      <trkpt lat="41.890873750671744" lon="-123.13543165102601">
        <time>2005-08-04T17:56:44-07:00</time>
      </trkpt>
      <trkpt lat="41.89094055444002" lon="-123.13543994911015">
        <time>2005-08-04T17:56:50-07:00</time>
      </trkpt>
      <trkpt lat="41.89095304347575" lon="-123.13543885946274">
        <time>2005-08-04T17:56:56-07:00</time>
      </trkpt>
      <trkpt lat="41.89105077646673" lon="-123.13542821444571">
        <time>2005-08-04T17:57:01-07:00</time>
      </trkpt>
      <trkpt lat="41.89117876812816" lon="-123.13541404902935">
        <time>2005-08-04T17:57:02-07:00</time>
      </trkpt>
      <trkpt lat="41.89119343645871" lon="-123.13540935516357">
        <time>2005-08-04T17:57:09-07:00</time>
      </trkpt>
      <trkpt lat="41.89128605648875" lon="-123.13539016060531">
        <time>2005-08-04T17:57:17-07:00</time>
      </trkpt>
      <trkpt lat="41.89132561907172" lon="-123.13537758775055">
        <time>2005-08-04T17:57:18-07:00</time>
      </trkpt>
      <trkpt lat="41.891376581043005" lon="-123.13536266796291">
        <time>2005-08-04T17:57:26-07:00</time>
      </trkpt>
      <trkpt lat="41.8914682790637" lon="-123.13534556888044">
        <time>2005-08-04T17:57:30-07:00</time>
      </trkpt>
      <trkpt lat="41.891522174701095" lon="-123.13534338958561">
        <time>2005-08-04T17:57:35-07:00</time>
      </trkpt>
      <trkpt lat="41.89161831513047" lon="-123.13532469794154">
        <time>2005-08-04T17:57:43-07:00</time>
      </trkpt>
      <trkpt lat="41.89171789214015" lon="-123.13530399464071">
        <time>2005-08-04T17:57:47-07:00</time>
      </trkpt>
      <trkpt lat="41.89184797927737" lon="-123.1352989654988">
        <time>2005-08-04T17:57:54-07:00</time>
      </trkpt>
      <trkpt lat="41.89186147414148" lon="-123.13530122861266">
        <time>2005-08-04T17:58:03-07:00</time>
      </trkpt>
      <trkpt lat="41.89190564677119" lon="-123.13528949394822">
        <time>2005-08-04T17:58:13-07:00</time>
      </trkpt>
      <trkpt lat="41.89194755628705" lon="-123.13527231104672">
        <time>2005-08-04T17:58:14-07:00</time>
      </trkpt>
      <trkpt lat="41.891977647319436" lon="-123.13525378704071">
        <time>2005-08-04T17:58:17-07:00</time>
      </trkpt>
      <trkpt lat="41.8920985981822" lon="-123.13518379814923">
        <time>2005-08-04T17:58:20-07:00</time>
      </trkpt>
      <trkpt lat="41.892194487154484" lon="-123.13513149507344">
        <time>2005-08-04T17:58:23-07:00</time>
      </trkpt>
      <trkpt lat="41.89228610135615" lon="-123.13505438156426">
        <time>2005-08-04T17:58:32-07:00</time>
      </trkpt>
      <trkpt lat="41.89229842275381" lon="-123.13504113815725">
        <time>2005-08-04T17:58:40-07:00</time>
      </trkpt>
      <trkpt lat="41.89237033948302" lon="-123.13498925417662">
        <time>2005-08-04T17:58:48-07:00</time>
      </trkpt>
      <trkpt lat="41.89246438443661" lon="-123.13492043875158">
        <time>2005-08-04T17:58:49-07:00</time>
      </trkpt>
      <trkpt lat="41.89247326925397" lon="-123.13491675071418">
        <time>2005-08-04T17:58:55-07:00</time>
      </trkpt>
      <trkpt lat="41.892556585371494" lon="-123.13484231941402">
        <time>2005-08-04T17:59:04-07:00</time>
      </trkpt>
      <trkpt lat="41.89264291897416" lon="-123.13477526418865">
        <time>2005-08-04T17:59:05-07:00</time>
      </trkpt>
      <trkpt lat="41.892733527347445" lon="-123.1346932053566">
        <time>2005-08-04T17:59:13-07:00</time>
      </trkpt>
      <trkpt lat="41.89279085956514" lon="-123.13465121202171">
        <time>2005-08-04T17:59:21-07:00</time>
      </trkpt>
      <trkpt lat="41.89283972606063" lon="-123.13462883234024">
        <time>2005-08-04T17:59:30-07:00</time>
      </trkpt>
      <trkpt lat="41.89285439439118" lon="-123.13461936078966">
        <time>2005-08-04T17:59:35-07:00</time>
      </trkpt>
      <trkpt lat="41.892956318333745" lon="-123.1345547363162">
        <time>2005-08-04T17:59:38-07:00</time>
      </trkpt>
      <trkpt lat="41.893010046333075" lon="-123.1345031876117">
        <time>2005-08-04T17:59:39-07:00</time>
      </trkpt>
      <trkpt lat="41.893027145415545" lon="-123.13448298722506">
        <time>2005-08-04T17:59:46-07:00</time>
      </trkpt>
      <trkpt lat="41.893113227561116" lon="-123.13442381098866">
        <time>2005-08-04T17:59:52-07:00</time>
      </trkpt>
      <trkpt lat="41.89318413846195" lon="-123.1343784648925">
        <time>2005-08-04T17:59:55-07:00</time>
      </trkpt>
      <trkpt lat="41.89320660196245" lon="-123.13436438329518">
        <time>2005-08-04T18:00:04-07:00</time>
      </trkpt>
      <trkpt lat="41.89329620450735" lon="-123.13434644602239">
        <time>2005-08-04T18:00:10-07:00</time>
      </trkpt>
      <trkpt lat="41.89341581426561" lon="-123.13433437608182">
        <time>2005-08-04T18:00:12-07:00</time>
      </trkpt>
      <trkpt lat="41.89345747232437" lon="-123.13433647155762">
        <time>2005-08-04T18:00:20-07:00</time>
      </trkpt>
      <trkpt lat="41.8935127928853" lon="-123.13435767777264">
        <time>2005-08-04T18:00:30-07:00</time>
      </trkpt>
      <trkpt lat="41.893622260540724" lon="-123.13438257202506">
        <time>2005-08-04T18:00:33-07:00</time>
      </trkpt>
      <trkpt lat="41.89363391138613" lon="-123.13438818790019">
        <time>2005-08-04T18:00:38-07:00</time>
      </trkpt>
      <trkpt lat="41.89370859414339" lon="-123.13442775048316">
        <time>2005-08-04T18:00:48-07:00</time>
      </trkpt>
      <trkpt lat="41.89380540512502" lon="-123.13446412794292">
        <time>2005-08-04T18:00:49-07:00</time>
      </trkpt>
      <trkpt lat="41.89381739124656" lon="-123.1344688218087">
        <time>2005-08-04T18:00:55-07:00</time>
      </trkpt>
      <trkpt lat="41.89392493106425" lon="-123.1345155928284">
        <time>2005-08-04T18:01:03-07:00</time>
      </trkpt>
      <trkpt lat="41.893998607993126" lon="-123.1345460191369">
        <time>2005-08-04T18:01:04-07:00</time>
      </trkpt>
      <trkpt lat="41.89403314143419" lon="-123.13456663861871">
        <time>2005-08-04T18:01:12-07:00</time>
      </trkpt>
      <trkpt lat="41.894076224416494" lon="-123.1346046924591">
        <time>2005-08-04T18:01:19-07:00</time>
      </trkpt>
      <trkpt lat="41.8941520806402" lon="-123.13470812514424">
        <time>2005-08-04T18:01:22-07:00</time>
      </trkpt>
      <trkpt lat="41.894172951579094" lon="-123.13472849316895">
        <time>2005-08-04T18:01:27-07:00</time>
      </trkpt>
      <trkpt lat="41.89421268180013" lon="-123.13478716649115">
        <time>2005-08-04T18:01:35-07:00</time>
      </trkpt>
      <trkpt lat="41.894254172220826" lon="-123.13484382815659">
        <time>2005-08-04T18:01:37-07:00</time>
      </trkpt>
      <trkpt lat="41.89429817721248" lon="-123.13487383536994">
        <time>2005-08-04T18:01:42-07:00</time>
      </trkpt>
      <trkpt lat="41.89432910643518" lon="-123.13492253422737">
        <time>2005-08-04T18:01:47-07:00</time>
      </trkpt>
      <trkpt lat="41.89439758658409" lon="-123.1349847279489">
        <time>2005-08-04T18:01:51-07:00</time>
      </trkpt>
      <trkpt lat="41.89443178474903" lon="-123.13501054421067">
        <time>2005-08-04T18:01:56-07:00</time>
      </trkpt>
      <trkpt lat="41.89446296542883" lon="-123.1350330915302">
        <time>2005-08-04T18:02:04-07:00</time>
      </trkpt>
      <trkpt lat="41.894485680386424" lon="-123.13504398800433">
        <time>2005-08-04T18:02:07-07:00</time>
      </trkpt>
      <trkpt lat="41.894601015374064" lon="-123.1350830476731">
        <time>2005-08-04T18:02:10-07:00</time>
      </trkpt>
      <trkpt lat="41.894646026194096" lon="-123.13510190695524">
        <time>2005-08-04T18:02:12-07:00</time>
      </trkpt>
      <trkpt lat="41.894683158025146" lon="-123.13511598855257">
        <time>2005-08-04T18:02:20-07:00</time>
      </trkpt>
      <trkpt lat="41.89477041363716" lon="-123.13513040542603">
        <time>2005-08-04T18:02:24-07:00</time>
      </trkpt>
      <trkpt lat="41.89477946609259" lon="-123.1351332552731">
        <time>2005-08-04T18:02:28-07:00</time>
      </trkpt>
      <trkpt lat="41.89485305920243" lon="-123.13515236601233">
        <time>2005-08-04T18:02:34-07:00</time>
      </trkpt>
      <trkpt lat="41.894911816343665" lon="-123.1351763382554">
        <time>2005-08-04T18:02:35-07:00</time>
      </trkpt>
      <trkpt lat="41.8949288316071" lon="-123.13517793081701">
        <time>2005-08-04T18:02:40-07:00</time>
      </trkpt>
      <trkpt lat="41.89501273445785" lon="-123.13518882729113">
        <time>2005-08-04T18:02:45-07:00</time>
      </trkpt>
      <trkpt lat="41.89505766145885" lon="-123.13520005904138">
        <time>2005-08-04T18:02:46-07:00</time>
      </trkpt>
      <trkpt lat="41.89510250464082" lon="-123.13521355390549">
        <time>2005-08-04T18:02:52-07:00</time>
      </trkpt>
      <trkpt lat="41.895183054730296" lon="-123.13522621057928">
        <time>2005-08-04T18:02:55-07:00</time>
      </trkpt>
      <trkpt lat="41.89521255902946" lon="-123.13522939570248">
        <time>2005-08-04T18:02:59-07:00</time>
      </trkpt>
      <trkpt lat="41.895243152976036" lon="-123.13522554002702">
        <time>2005-08-04T18:03:05-07:00</time>
      </trkpt>
      <trkpt lat="41.89530895091593" lon="-123.13522394746542">
        <time>2005-08-04T18:03:08-07:00</time>
      </trkpt>
      <trkpt lat="41.89538438804448" lon="-123.13520735129714">
        <time>2005-08-04T18:03:10-07:00</time>
      </trkpt>
      <trkpt lat="41.89546485431492" lon="-123.1351578142494">
        <time>2005-08-04T18:03:15-07:00</time>
      </trkpt>
      <trkpt lat="41.89557381905615" lon="-123.13508137129247">
        <time>2005-08-04T18:03:21-07:00</time>
      </trkpt>
      <trkpt lat="41.895677922293544" lon="-123.13500962220132">
        <time>2005-08-04T18:03:27-07:00</time>
      </trkpt>
      <trkpt lat="41.89571589231491" lon="-123.13498036935925">
        <time>2005-08-04T18:03:36-07:00</time>
      </trkpt>
      <trkpt lat="41.89577699638903" lon="-123.1349231209606">
        <time>2005-08-04T18:03:45-07:00</time>
      </trkpt>
      <trkpt lat="41.89583323895931" lon="-123.13487467356026">
        <time>2005-08-04T18:03:48-07:00</time>
      </trkpt>
      <trkpt lat="41.89586106687784" lon="-123.13485816121101">
        <time>2005-08-04T18:03:54-07:00</time>
      </trkpt>
      <trkpt lat="41.895921751856804" lon="-123.13482555560768">
        <time>2005-08-04T18:04:00-07:00</time>
      </trkpt>
      <trkpt lat="41.89599090255797" lon="-123.13481130637228">
        <time>2005-08-04T18:04:02-07:00</time>
      </trkpt>
      <trkpt lat="41.89602266997099" lon="-123.13480200245976">
        <time>2005-08-04T18:04:07-07:00</time>
      </trkpt>
      <trkpt lat="41.896074805408716" lon="-123.1347880885005">
        <time>2005-08-04T18:04:12-07:00</time>
      </trkpt>
      <trkpt lat="41.89608922228217" lon="-123.13478205353022">
        <time>2005-08-04T18:04:14-07:00</time>
      </trkpt>
      <trkpt lat="41.896151499822736" lon="-123.13476076349616">
        <time>2005-08-04T18:04:19-07:00</time>
      </trkpt>
      <trkpt lat="41.89616407267749" lon="-123.13475841656327">
        <time>2005-08-04T18:04:20-07:00</time>
      </trkpt>
      <trkpt lat="41.89623515121639" lon="-123.13475724309683">
        <time>2005-08-04T18:04:25-07:00</time>
      </trkpt>
      <trkpt lat="41.89624453894794" lon="-123.1347600929439">
        <time>2005-08-04T18:04:26-07:00</time>
      </trkpt>
      <trkpt lat="41.89627714455128" lon="-123.1347621884197">
        <time>2005-08-04T18:04:32-07:00</time>
      </trkpt>
      <trkpt lat="41.89631838351488" lon="-123.13476084731519">
        <time>2005-08-04T18:04:33-07:00</time>
      </trkpt>
      <trkpt lat="41.89642340876162" lon="-123.1347640324384">
        <time>2005-08-04T18:04:36-07:00</time>
      </trkpt>
      <trkpt lat="41.89645911566913" lon="-123.13477786257863">
        <time>2005-08-04T18:04:39-07:00</time>
      </trkpt>
      <trkpt lat="41.896513598039746" lon="-123.13480166718364">
        <time>2005-08-04T18:04:46-07:00</time>
      </trkpt>
      <trkpt lat="41.896548718214035" lon="-123.13482387922704">
        <time>2005-08-04T18:04:49-07:00</time>
      </trkpt>
      <trkpt lat="41.896567745134234" lon="-123.1348367035389">
        <time>2005-08-04T18:04:54-07:00</time>
      </trkpt>
      <trkpt lat="41.89660454168916" lon="-123.13488121144474">
        <time>2005-08-04T18:04:58-07:00</time>
      </trkpt>
      <trkpt lat="41.896616108715534" lon="-123.13489126972854">
        <time>2005-08-04T18:05:00-07:00</time>
      </trkpt>
      <trkpt lat="41.89669590443373" lon="-123.13496234826744">
        <time>2005-08-04T18:05:04-07:00</time>
      </trkpt>
      <trkpt lat="41.89670713618398" lon="-123.1349730771035">
        <time>2005-08-04T18:05:05-07:00</time>
      </trkpt>
      <trkpt lat="41.89676932990551" lon="-123.13502957113087">
        <time>2005-08-04T18:05:13-07:00</time>
      </trkpt>
      <trkpt lat="41.896777879446745" lon="-123.1350349355489">
        <time>2005-08-04T18:05:14-07:00</time>
      </trkpt>
      <trkpt lat="41.89684954471886" lon="-123.13508363440633">
        <time>2005-08-04T18:05:20-07:00</time>
      </trkpt>
      <trkpt lat="41.89687720499933" lon="-123.13509654253721">
        <time>2005-08-04T18:05:21-07:00</time>
      </trkpt>
      <trkpt lat="41.896947948262095" lon="-123.13515085726976">
        <time>2005-08-04T18:05:28-07:00</time>
      </trkpt>
      <trkpt lat="41.89699706621468" lon="-123.1351747456938">
        <time>2005-08-04T18:05:30-07:00</time>
      </trkpt>
      <trkpt lat="41.89704006537795" lon="-123.13519167713821">
        <time>2005-08-04T18:05:36-07:00</time>
      </trkpt>
      <trkpt lat="41.89711466431618" lon="-123.13522101379931">
        <time>2005-08-04T18:05:40-07:00</time>
      </trkpt>
      <trkpt lat="41.8971271533519" lon="-123.13522461801767">
        <time>2005-08-04T18:05:44-07:00</time>
      </trkpt>
      <trkpt lat="41.89720074646175" lon="-123.13523626886308">
        <time>2005-08-04T18:05:50-07:00</time>
      </trkpt>
      <trkpt lat="41.89722505398095" lon="-123.13523610122502">
        <time>2005-08-04T18:05:51-07:00</time>
      </trkpt>
      <trkpt lat="41.89726176671684" lon="-123.13524859026074">
        <time>2005-08-04T18:05:57-07:00</time>
      </trkpt>
      <trkpt lat="41.89730099402368" lon="-123.13526024110615">
        <time>2005-08-04T18:05:59-07:00</time>
      </trkpt>
      <trkpt lat="41.89736260101199" lon="-123.1352767534554">
        <time>2005-08-04T18:06:03-07:00</time>
      </trkpt>
      <trkpt lat="41.89739118330181" lon="-123.13528211787343">
        <time>2005-08-04T18:06:06-07:00</time>
      </trkpt>
      <trkpt lat="41.89743543975055" lon="-123.13530399464071">
        <time>2005-08-04T18:06:11-07:00</time>
      </trkpt>
      <trkpt lat="41.89746268093586" lon="-123.1353132147342">
        <time>2005-08-04T18:06:13-07:00</time>
      </trkpt>
      <trkpt lat="41.89752629958093" lon="-123.13534305430949">
        <time>2005-08-04T18:06:17-07:00</time>
      </trkpt>
      <trkpt lat="41.897563599050045" lon="-123.13535696826875">
        <time>2005-08-04T18:06:19-07:00</time>
      </trkpt>
      <trkpt lat="41.89762017689645" lon="-123.1353666074574">
        <time>2005-08-04T18:06:24-07:00</time>
      </trkpt>
      <trkpt lat="41.897659907117486" lon="-123.1353700440377">
        <time>2005-08-04T18:06:27-07:00</time>
      </trkpt>
      <trkpt lat="41.89773006364703" lon="-123.13536761328578">
        <time>2005-08-04T18:06:32-07:00</time>
      </trkpt>
      <trkpt lat="41.897813715040684" lon="-123.13536602072418">
        <time>2005-08-04T18:06:36-07:00</time>
      </trkpt>
      <trkpt lat="41.89783156849444" lon="-123.13537088222802">
        <time>2005-08-04T18:06:41-07:00</time>
      </trkpt>
      <trkpt lat="41.89790843054652" lon="-123.13537825830281">
        <time>2005-08-04T18:06:49-07:00</time>
      </trkpt>
      <trkpt lat="41.897923182696104" lon="-123.13538320362568">
        <time>2005-08-04T18:06:50-07:00</time>
      </trkpt>
      <trkpt lat="41.89796945080161" lon="-123.13538772985339">
        <time>2005-08-04T18:06:56-07:00</time>
      </trkpt>
      <trkpt lat="41.89802904613316" lon="-123.1353819463402">
        <time>2005-08-04T18:06:57-07:00</time>
      </trkpt>
      <trkpt lat="41.898044468834996" lon="-123.13538865186274">
        <time>2005-08-04T18:07:02-07:00</time>
      </trkpt>
      <trkpt lat="41.89814186654985" lon="-123.13540088944137">
        <time>2005-08-04T18:07:06-07:00</time>
      </trkpt>
      <trkpt lat="41.89814681187272" lon="-123.13540114089847">
        <time>2005-08-04T18:07:08-07:00</time>
      </trkpt>
      <trkpt lat="41.89821629785001" lon="-123.13539577648044">
        <time>2005-08-04T18:07:16-07:00</time>
      </trkpt>
      <trkpt lat="41.89829567447305" lon="-123.13538798131049">
        <time>2005-08-04T18:07:17-07:00</time>
      </trkpt>
      <trkpt lat="41.898307241499424" lon="-123.13538471236825">
        <time>2005-08-04T18:07:22-07:00</time>
      </trkpt>
      <trkpt lat="41.89836893230677" lon="-123.13536032103002">
        <time>2005-08-04T18:07:28-07:00</time>
      </trkpt>
      <trkpt lat="41.89841151237488" lon="-123.13532922416925">
        <time>2005-08-04T18:07:29-07:00</time>
      </trkpt>
      <trkpt lat="41.89847320318222" lon="-123.13529351726174">
        <time>2005-08-04T18:07:35-07:00</time>
      </trkpt>
      <trkpt lat="41.89850706607103" lon="-123.13527080230415">
        <time>2005-08-04T18:07:39-07:00</time>
      </trkpt>
      <trkpt lat="41.898521818220615" lon="-123.13525923527777">
        <time>2005-08-04T18:07:44-07:00</time>
      </trkpt>
      <trkpt lat="41.89857127144933" lon="-123.13522646203637">
        <time>2005-08-04T18:07:46-07:00</time>
      </trkpt>
      <trkpt lat="41.89859088510275" lon="-123.13522327691317">
        <time>2005-08-04T18:07:47-07:00</time>
      </trkpt>
      <trkpt lat="41.89865056425333" lon="-123.13520198687911">
        <time>2005-08-04T18:07:52-07:00</time>
      </trkpt>
      <trkpt lat="41.8986850976944" lon="-123.13520676456392">
        <time>2005-08-04T18:07:54-07:00</time>
      </trkpt>
      <trkpt lat="41.89869792200625" lon="-123.1352109555155">
        <time>2005-08-04T18:07:59-07:00</time>
      </trkpt>
      <trkpt lat="41.89877914264798" lon="-123.13527214340866">
        <time>2005-08-04T18:08:04-07:00</time>
      </trkpt>
      <trkpt lat="41.89878936856985" lon="-123.13528111204505">
        <time>2005-08-04T18:08:05-07:00</time>
      </trkpt>
      <trkpt lat="41.89885726198554" lon="-123.13533433713019">
        <time>2005-08-04T18:08:12-07:00</time>
      </trkpt>
      <trkpt lat="41.8988732714206" lon="-123.1353542022407">
        <time>2005-08-04T18:08:13-07:00</time>
      </trkpt>
      <trkpt lat="41.898921970278025" lon="-123.13540047034621">
        <time>2005-08-04T18:08:19-07:00</time>
      </trkpt>
      <trkpt lat="41.89895457588136" lon="-123.13542360439897">
        <time>2005-08-04T18:08:21-07:00</time>
      </trkpt>
      <trkpt lat="41.89896949566901" lon="-123.13543726690114">
        <time>2005-08-04T18:08:26-07:00</time>
      </trkpt>
      <trkpt lat="41.89901324920356" lon="-123.13549409620464">
        <time>2005-08-04T18:08:29-07:00</time>
      </trkpt>
      <trkpt lat="41.89902280457318" lon="-123.13550381921232">
        <time>2005-08-04T18:08:31-07:00</time>
      </trkpt>
      <trkpt lat="41.89905943349004" lon="-123.13555830158293">
        <time>2005-08-04T18:08:36-07:00</time>
      </trkpt>
      <trkpt lat="41.899075191468" lon="-123.13558545894921">
        <time>2005-08-04T18:08:37-07:00</time>
      </trkpt>
      <trkpt lat="41.89910888671875" lon="-123.13564245589077">
        <time>2005-08-04T18:08:42-07:00</time>
      </trkpt>
      <trkpt lat="41.89913193695247" lon="-123.13568369485438">
        <time>2005-08-04T18:08:44-07:00</time>
      </trkpt>
      <trkpt lat="41.89919454976916" lon="-123.13577027991414">
        <time>2005-08-04T18:08:49-07:00</time>
      </trkpt>
      <trkpt lat="41.899234699085355" lon="-123.13584621995687">
        <time>2005-08-04T18:08:52-07:00</time>
      </trkpt>
      <trkpt lat="41.899238554760814" lon="-123.13585778698325">
        <time>2005-08-04T18:08:59-07:00</time>
      </trkpt>
      <trkpt lat="41.89925892278552" lon="-123.13598074950278">
        <time>2005-08-04T18:09:04-07:00</time>
      </trkpt>
      <trkpt lat="41.89928038045764" lon="-123.13606498762965">
        <time>2005-08-04T18:09:05-07:00</time>
      </trkpt>
      <trkpt lat="41.89929404295981" lon="-123.13616062514484">
        <time>2005-08-04T18:09:12-07:00</time>
      </trkpt>
      <trkpt lat="41.89930980093777" lon="-123.13622038811445">
        <time>2005-08-04T18:09:19-07:00</time>
      </trkpt>
      <trkpt lat="41.899330001324415" lon="-123.1363132596016">
        <time>2005-08-04T18:09:24-07:00</time>
      </trkpt>
      <trkpt lat="41.89934081397951" lon="-123.13638148829341">
        <time>2005-08-04T18:09:28-07:00</time>
      </trkpt>
      <trkpt lat="41.89938532188535" lon="-123.13650310970843">
        <time>2005-08-04T18:09:33-07:00</time>
      </trkpt>
      <trkpt lat="41.89939881674945" lon="-123.13652766868472">
        <time>2005-08-04T18:09:37-07:00</time>
      </trkpt>
      <trkpt lat="41.89945723861456" lon="-123.13660805113614">
        <time>2005-08-04T18:09:44-07:00</time>
      </trkpt>
      <trkpt lat="41.899492274969816" lon="-123.13664157874882">
        <time>2005-08-04T18:09:46-07:00</time>
      </trkpt>
      <trkpt lat="41.8995310831815" lon="-123.13668491318822">
        <time>2005-08-04T18:09:53-07:00</time>
      </trkpt>
      <trkpt lat="41.89961599186063" lon="-123.13674970529974">
        <time>2005-08-04T18:09:56-07:00</time>
      </trkpt>
      <trkpt lat="41.89968883059919" lon="-123.1368154194206">
        <time>2005-08-04T18:10:00-07:00</time>
      </trkpt>
      <trkpt lat="41.89973778091371" lon="-123.13684894703329">
        <time>2005-08-04T18:10:08-07:00</time>
      </trkpt>
      <trkpt lat="41.89976267516613" lon="-123.1368862465024">
        <time>2005-08-04T18:10:15-07:00</time>
      </trkpt>
      <trkpt lat="41.89984339289367" lon="-123.1370054371655">
        <time>2005-08-04T18:10:19-07:00</time>
      </trkpt>
      <trkpt lat="41.8999008089304" lon="-123.1371259689331">
        <time>2005-08-04T18:10:22-07:00</time>
      </trkpt>
      <trkpt lat="41.89992444589734" lon="-123.13718665391207">
        <time>2005-08-04T18:10:31-07:00</time>
      </trkpt>
      <trkpt lat="41.899926541373134" lon="-123.13721389509737">
        <time>2005-08-04T18:10:39-07:00</time>
      </trkpt>
      <trkpt lat="41.899929977953434" lon="-123.13733920454979">
        <time>2005-08-04T18:10:43-07:00</time>
      </trkpt>
      <trkpt lat="41.89992863684893" lon="-123.13740651123226">
        <time>2005-08-04T18:10:45-07:00</time>
      </trkpt>
      <trkpt lat="41.89993031322956" lon="-123.1374457385391">
        <time>2005-08-04T18:10:52-07:00</time>
      </trkpt>
      <trkpt lat="41.8999264575541" lon="-123.13758705742657">
        <time>2005-08-04T18:10:56-07:00</time>
      </trkpt>
      <trkpt lat="41.89990692771971" lon="-123.13769141212106">
        <time>2005-08-04T18:10:59-07:00</time>
      </trkpt>
      <trkpt lat="41.89989561215043" lon="-123.13772678375244">
        <time>2005-08-04T18:11:07-07:00</time>
      </trkpt>
      <trkpt lat="41.89984850585461" lon="-123.1378408614546">
        <time>2005-08-04T18:11:14-07:00</time>
      </trkpt>
      <trkpt lat="41.899837609380484" lon="-123.13787640072405">
        <time>2005-08-04T18:11:16-07:00</time>
      </trkpt>
      <trkpt lat="41.89981833100319" lon="-123.1379758939147">
        <time>2005-08-04T18:11:23-07:00</time>
      </trkpt>
      <trkpt lat="41.89976694993675" lon="-123.13812651671469">
        <time>2005-08-04T18:11:25-07:00</time>
      </trkpt>
      <trkpt lat="41.89977147616446" lon="-123.13818611204624">
        <time>2005-08-04T18:11:31-07:00</time>
      </trkpt>
      <trkpt lat="41.899772146716714" lon="-123.13823238015175">
        <time>2005-08-04T18:11:41-07:00</time>
      </trkpt>
      <trkpt lat="41.89976116642356" lon="-123.1384492199868">
        <time>2005-08-04T18:11:45-07:00</time>
      </trkpt>
      <trkpt lat="41.89975932240486" lon="-123.13848844729364">
        <time>2005-08-04T18:11:48-07:00</time>
      </trkpt>
      <trkpt lat="41.89976694993675" lon="-123.13864015974104">
        <time>2005-08-04T18:12:01-07:00</time>
      </trkpt>
      <trkpt lat="41.89979896880686" lon="-123.1387597694993">
        <time>2005-08-04T18:12:03-07:00</time>
      </trkpt>
      <trkpt lat="41.899810871109366" lon="-123.13880687579513">
        <time>2005-08-04T18:12:12-07:00</time>
      </trkpt>
      <trkpt lat="41.899837609380484" lon="-123.13891843892634">
        <time>2005-08-04T18:12:19-07:00</time>
      </trkpt>
      <trkpt lat="41.8998696282506" lon="-123.13900946639478">
        <time>2005-08-04T18:12:21-07:00</time>
      </trkpt>
      <trkpt lat="41.899902401492" lon="-123.13913460820913">
        <time>2005-08-04T18:12:28-07:00</time>
      </trkpt>
      <trkpt lat="41.89991807565093" lon="-123.13918163068593">
        <time>2005-08-04T18:12:34-07:00</time>
      </trkpt>
      <trkpt lat="41.899940790608525" lon="-123.13924097456038">
        <time>2005-08-04T18:12:43-07:00</time>
      </trkpt>
      <trkpt lat="41.899978844448924" lon="-123.13933552242815">
        <time>2005-08-04T18:12:46-07:00</time>
      </trkpt>
      <trkpt lat="41.90004103817046" lon="-123.1394297350198">
        <time>2005-08-04T18:12:50-07:00</time>
      </trkpt>
      <trkpt lat="41.90010583028197" lon="-123.13950441777706">
        <time>2005-08-04T18:12:56-07:00</time>
      </trkpt>
      <trkpt lat="41.900203227996826" lon="-123.13957566395402">
        <time>2005-08-04T18:13:03-07:00</time>
      </trkpt>
      <trkpt lat="41.90021328628063" lon="-123.13958186656237">
        <time>2005-08-04T18:13:10-07:00</time>
      </trkpt>
      <trkpt lat="41.90029970370233" lon="-123.13962645828724">
        <time>2005-08-04T18:13:19-07:00</time>
      </trkpt>
      <trkpt lat="41.90038729459047" lon="-123.13968303613365">
        <time>2005-08-04T18:13:20-07:00</time>
      </trkpt>
      <trkpt lat="41.90048502758145" lon="-123.13972025178373">
        <time>2005-08-04T18:13:27-07:00</time>
      </trkpt>
      <trkpt lat="41.900575552135706" lon="-123.1397529412061">
        <time>2005-08-04T18:13:34-07:00</time>
      </trkpt>
      <trkpt lat="41.90068258903921" lon="-123.13977247104049">
        <time>2005-08-04T18:13:42-07:00</time>
      </trkpt>
      <trkpt lat="41.900695245712996" lon="-123.13977322541177">
        <time>2005-08-04T18:13:49-07:00</time>
      </trkpt>
      <trkpt lat="41.90076498314738" lon="-123.13978739082813">
        <time>2005-08-04T18:13:58-07:00</time>
      </trkpt>
      <trkpt lat="41.90081954933703" lon="-123.13978990539908">
        <time>2005-08-04T18:13:59-07:00</time>
      </trkpt>
      <trkpt lat="41.90085366368294" lon="-123.13980767503381">
        <time>2005-08-04T18:14:05-07:00</time>
      </trkpt>
      <trkpt lat="41.900916527956724" lon="-123.13981957733631">
        <time>2005-08-04T18:14:09-07:00</time>
      </trkpt>
      <trkpt lat="41.90092365257442" lon="-123.13982795923948">
        <time>2005-08-04T18:14:12-07:00</time>
      </trkpt>
      <trkpt lat="41.90093329176307" lon="-123.13983650878072">
        <time>2005-08-04T18:14:17-07:00</time>
      </trkpt>
      <trkpt lat="41.90100026316941" lon="-123.1398787535727">
        <time>2005-08-04T18:14:18-07:00</time>
      </trkpt>
      <trkpt lat="41.901059271767735" lon="-123.13990917988122">
        <time>2005-08-04T18:14:19-07:00</time>
      </trkpt>
      <trkpt lat="41.901126243174076" lon="-123.13995653763413">
        <time>2005-08-04T18:14:24-07:00</time>
      </trkpt>
      <trkpt lat="41.90114392898977" lon="-123.13997556455433">
        <time>2005-08-04T18:14:29-07:00</time>
      </trkpt>
      <trkpt lat="41.901214169338346" lon="-123.1400309689343">
        <time>2005-08-04T18:14:35-07:00</time>
      </trkpt>
      <trkpt lat="41.90125037916005" lon="-123.14006474800408">
        <time>2005-08-04T18:14:37-07:00</time>
      </trkpt>
      <trkpt lat="41.901264041662216" lon="-123.14008813351393">
        <time>2005-08-04T18:14:44-07:00</time>
      </trkpt>
      <trkpt lat="41.90131760202348" lon="-123.14014286734164">
        <time>2005-08-04T18:14:47-07:00</time>
      </trkpt>
      <trkpt lat="41.90140309743583" lon="-123.14020598307252">
        <time>2005-08-04T18:14:49-07:00</time>
      </trkpt>
      <trkpt lat="41.90143100917339" lon="-123.14022928476334">
        <time>2005-08-04T18:14:54-07:00</time>
      </trkpt>
      <trkpt lat="41.901495633646846" lon="-123.14030430279672">
        <time>2005-08-04T18:15:03-07:00</time>
      </trkpt>
      <trkpt lat="41.90154039300978" lon="-123.14035316929221">
        <time>2005-08-04T18:15:06-07:00</time>
      </trkpt>
      <trkpt lat="41.90157635137439" lon="-123.1403798237443">
        <time>2005-08-04T18:15:13-07:00</time>
      </trkpt>
      <trkpt lat="41.90159730613232" lon="-123.14041620120406">
        <time>2005-08-04T18:15:17-07:00</time>
      </trkpt>
      <trkpt lat="41.90163351595402" lon="-123.14045635052025">
        <time>2005-08-04T18:15:21-07:00</time>
      </trkpt>
      <trkpt lat="41.90170794725418" lon="-123.14055383205414">
        <time>2005-08-04T18:15:24-07:00</time>
      </trkpt>
      <trkpt lat="41.90171465277672" lon="-123.14055944792926">
        <time>2005-08-04T18:15:28-07:00</time>
      </trkpt>
      <trkpt lat="41.90176611766219" lon="-123.14060705713928">
        <time>2005-08-04T18:15:37-07:00</time>
      </trkpt>
      <trkpt lat="41.90180760808289" lon="-123.14065273851156">
        <time>2005-08-04T18:15:38-07:00</time>
      </trkpt>
      <trkpt lat="41.901821019127965" lon="-123.14067411236465">
        <time>2005-08-04T18:15:44-07:00</time>
      </trkpt>
      <trkpt lat="41.90190374851227" lon="-123.14075969159603">
        <time>2005-08-04T18:15:49-07:00</time>
      </trkpt>
      <trkpt lat="41.901913303881884" lon="-123.14076664857566">
        <time>2005-08-04T18:15:51-07:00</time>
      </trkpt>
      <trkpt lat="41.90199762582779" lon="-123.14081341959536">
        <time>2005-08-04T18:16:00-07:00</time>
      </trkpt>
      <trkpt lat="41.90202763304114" lon="-123.14084040932357">
        <time>2005-08-04T18:16:01-07:00</time>
      </trkpt>
      <trkpt lat="41.902074068784714" lon="-123.1408957298845">
        <time>2005-08-04T18:16:08-07:00</time>
      </trkpt>
      <trkpt lat="41.90213726833463" lon="-123.14095264300704">
        <time>2005-08-04T18:16:11-07:00</time>
      </trkpt>
      <trkpt lat="41.90214615315199" lon="-123.14096027053893">
        <time>2005-08-04T18:16:15-07:00</time>
      </trkpt>
      <trkpt lat="41.90221941098571" lon="-123.14102799631655">
        <time>2005-08-04T18:16:21-07:00</time>
      </trkpt>
      <trkpt lat="41.90226886421442" lon="-123.14107133075595">
        <time>2005-08-04T18:16:22-07:00</time>
      </trkpt>
      <trkpt lat="41.90229861997068" lon="-123.14108876511455">
        <time>2005-08-04T18:16:29-07:00</time>
      </trkpt>
      <trkpt lat="41.90233415924013" lon="-123.14111491665244">
        <time>2005-08-04T18:16:34-07:00</time>
      </trkpt>
      <trkpt lat="41.9024046510458" lon="-123.14116856083274">
        <time>2005-08-04T18:16:36-07:00</time>
      </trkpt>
      <trkpt lat="41.90246181562543" lon="-123.14121440984309">
        <time>2005-08-04T18:16:40-07:00</time>
      </trkpt>
      <trkpt lat="41.902470365166664" lon="-123.14122220501304">
        <time>2005-08-04T18:16:46-07:00</time>
      </trkpt>
      <trkpt lat="41.90255083143711" lon="-123.1412947922945">
        <time>2005-08-04T18:16:51-07:00</time>
      </trkpt>
      <trkpt lat="41.9025687687099" lon="-123.1413087900728">
        <time>2005-08-04T18:16:52-07:00</time>
      </trkpt>
      <trkpt lat="41.90261922776699" lon="-123.14135589636862">
        <time>2005-08-04T18:17:00-07:00</time>
      </trkpt>
      <trkpt lat="41.902644289657474" lon="-123.14138213172555">
        <time>2005-08-04T18:17:02-07:00</time>
      </trkpt>
      <trkpt lat="41.90265937708318" lon="-123.14139788970351">
        <time>2005-08-04T18:17:06-07:00</time>
      </trkpt>
      <trkpt lat="41.902737244963646" lon="-123.14147332683206">
        <time>2005-08-04T18:17:09-07:00</time>
      </trkpt>
      <trkpt lat="41.90281419083476" lon="-123.1415387056768">
        <time>2005-08-04T18:17:11-07:00</time>
      </trkpt>
      <trkpt lat="41.90289465710521" lon="-123.14160517416894">
        <time>2005-08-04T18:17:18-07:00</time>
      </trkpt>
      <trkpt lat="41.90294159576297" lon="-123.14162411727011">
        <time>2005-08-04T18:17:25-07:00</time>
      </trkpt>
      <trkpt lat="41.902980068698525" lon="-123.14163752831519">
        <time>2005-08-04T18:17:33-07:00</time>
      </trkpt>
      <trkpt lat="41.90305693075061" lon="-123.14168413169682">
        <time>2005-08-04T18:17:36-07:00</time>
      </trkpt>
      <trkpt lat="41.90314527601004" lon="-123.14172176644206">
        <time>2005-08-04T18:17:39-07:00</time>
      </trkpt>
      <trkpt lat="41.903196573257446" lon="-123.1417435593903">
        <time>2005-08-04T18:17:46-07:00</time>
      </trkpt>
      <trkpt lat="41.90326019190252" lon="-123.14177239313722">
        <time>2005-08-04T18:17:53-07:00</time>
      </trkpt>
      <trkpt lat="41.90324661321938" lon="-123.14176702871919">
        <time>2005-08-04T18:17:57-07:00</time>
      </trkpt>
      <trkpt lat="41.90323303453624" lon="-123.14178303815424">
        <time>2005-08-04T18:18:03-07:00</time>
      </trkpt>
      <trkpt lat="41.9032506365329" lon="-123.14178697764874">
        <time>2005-08-04T18:18:10-07:00</time>
      </trkpt>
      <trkpt lat="41.903309812769294" lon="-123.1417818646878">
        <time>2005-08-04T18:18:18-07:00</time>
      </trkpt>
      <trkpt lat="41.9032974075526" lon="-123.14179150387645">
        <time>2005-08-04T18:18:20-07:00</time>
      </trkpt>
      <trkpt lat="41.90327737480402" lon="-123.14179611392319">
        <time>2005-08-04T18:18:27-07:00</time>
      </trkpt>
      <trkpt lat="41.90334644168615" lon="-123.1418077647686">
        <time>2005-08-04T18:18:37-07:00</time>
      </trkpt>
      <trkpt lat="41.90345875918865" lon="-123.14182343892753">
        <time>2005-08-04T18:18:43-07:00</time>
      </trkpt>
      <trkpt lat="41.90350175835192" lon="-123.14183969981968">
        <time>2005-08-04T18:18:48-07:00</time>
      </trkpt>
      <trkpt lat="41.903562527149916" lon="-123.14186207950115">
        <time>2005-08-04T18:18:57-07:00</time>
      </trkpt>
      <trkpt lat="41.90361114218831" lon="-123.14186434261501">
        <time>2005-08-04T18:19:01-07:00</time>
      </trkpt>
      <trkpt lat="41.90362078137696" lon="-123.14186333678663">
        <time>2005-08-04T18:19:07-07:00</time>
      </trkpt>
      <trkpt lat="41.90362815745175" lon="-123.14186576753855">
        <time>2005-08-04T18:19:11-07:00</time>
      </trkpt>
      <trkpt lat="41.903667971491814" lon="-123.14186610281467">
        <time>2005-08-04T18:19:12-07:00</time>
      </trkpt>
      <trkpt lat="41.90369320102036" lon="-123.14186937175691">
        <time>2005-08-04T18:19:13-07:00</time>
      </trkpt>
      <trkpt lat="41.90370770171285" lon="-123.14187289215624">
        <time>2005-08-04T18:19:16-07:00</time>
      </trkpt>
      <trkpt lat="41.903734523802996" lon="-123.14187758602202">
        <time>2005-08-04T18:19:18-07:00</time>
      </trkpt>
      <trkpt lat="41.90378129482269" lon="-123.14187389798462">
        <time>2005-08-04T18:19:19-07:00</time>
      </trkpt>
      <trkpt lat="41.90381046384573" lon="-123.1418767478317">
        <time>2005-08-04T18:19:21-07:00</time>
      </trkpt>
      <trkpt lat="41.90385203808546" lon="-123.14188077114522">
        <time>2005-08-04T18:19:25-07:00</time>
      </trkpt>
      <trkpt lat="41.90395840443671" lon="-123.14186895266175">
        <time>2005-08-04T18:19:28-07:00</time>
      </trkpt>
      <trkpt lat="41.90397801809013" lon="-123.14186794683337">
        <time>2005-08-04T18:19:32-07:00</time>
      </trkpt>
      <trkpt lat="41.90405781380832" lon="-123.14186107367277">
        <time>2005-08-04T18:19:40-07:00</time>
      </trkpt>
      <trkpt lat="41.904107267037034" lon="-123.14186015166342">
        <time>2005-08-04T18:19:42-07:00</time>
      </trkpt>
      <trkpt lat="41.904135178774595" lon="-123.14185948111117">
        <time>2005-08-04T18:19:48-07:00</time>
      </trkpt>
      <trkpt lat="41.90417792648077" lon="-123.14186769537628">
        <time>2005-08-04T18:19:52-07:00</time>
      </trkpt>
      <trkpt lat="41.90420592203736" lon="-123.1418666895479">
        <time>2005-08-04T18:19:54-07:00</time>
      </trkpt>
      <trkpt lat="41.90425319597125" lon="-123.14186761155725">
        <time>2005-08-04T18:19:58-07:00</time>
      </trkpt>
      <trkpt lat="41.90432460978627" lon="-123.14187096431851">
        <time>2005-08-04T18:20:00-07:00</time>
      </trkpt>
      <trkpt lat="41.90434439107776" lon="-123.1418733112514">
        <time>2005-08-04T18:20:03-07:00</time>
      </trkpt>
      <trkpt lat="41.904411278665066" lon="-123.14187163487077">
        <time>2005-08-04T18:20:10-07:00</time>
      </trkpt>
      <trkpt lat="41.90443458035588" lon="-123.14187406562269">
        <time>2005-08-04T18:20:12-07:00</time>
      </trkpt>
      <trkpt lat="41.90444564446807" lon="-123.14187741838396">
        <time>2005-08-04T18:20:19-07:00</time>
      </trkpt>
      <trkpt lat="41.904528960585594" lon="-123.14189108088613">
        <time>2005-08-04T18:20:21-07:00</time>
      </trkpt>
      <trkpt lat="41.90456106327474" lon="-123.14189493656158">
        <time>2005-08-04T18:20:22-07:00</time>
      </trkpt>
      <trkpt lat="41.90462644211948" lon="-123.1419184897095">
        <time>2005-08-04T18:20:30-07:00</time>
      </trkpt>
      <trkpt lat="41.904720487073064" lon="-123.14195553772151">
        <time>2005-08-04T18:20:33-07:00</time>
      </trkpt>
      <trkpt lat="41.904804557561874" lon="-123.14200675114989">
        <time>2005-08-04T18:20:40-07:00</time>
      </trkpt>
      <trkpt lat="41.904830541461706" lon="-123.14201689325273">
        <time>2005-08-04T18:20:48-07:00</time>
      </trkpt>
      <trkpt lat="41.904901787638664" lon="-123.14204530790448">
        <time>2005-08-04T18:20:56-07:00</time>
      </trkpt>
      <trkpt lat="41.9049880374223" lon="-123.14206953160465">
        <time>2005-08-04T18:20:58-07:00</time>
      </trkpt>
      <trkpt lat="41.90506137907505" lon="-123.14210012555122">
        <time>2005-08-04T18:21:04-07:00</time>
      </trkpt>
      <trkpt lat="41.90518777817488" lon="-123.14208772033453">
        <time>2005-08-04T18:21:11-07:00</time>
      </trkpt>
      <trkpt lat="41.90528970211744" lon="-123.1419980339706">
        <time>2005-08-04T18:21:18-07:00</time>
      </trkpt>
      <trkpt lat="41.905337646603584" lon="-123.14190943725407">
        <time>2005-08-04T18:21:28-07:00</time>
      </trkpt>
      <trkpt lat="41.905371425673366" lon="-123.1417747400701">
        <time>2005-08-04T18:21:36-07:00</time>
      </trkpt>
      <trkpt lat="41.905331360176206" lon="-123.1416420545429">
        <time>2005-08-04T18:21:42-07:00</time>
      </trkpt>
      <trkpt lat="41.90530663356185" lon="-123.14160349778831">
        <time>2005-08-04T18:21:49-07:00</time>
      </trkpt>
      <trkpt lat="41.905247708782554" lon="-123.14151087775826">
        <time>2005-08-04T18:21:58-07:00</time>
      </trkpt>
      <trkpt lat="41.905217533931136" lon="-123.14145371317863">
        <time>2005-08-04T18:22:01-07:00</time>
      </trkpt>
      <trkpt lat="41.905189622193575" lon="-123.14138866961002">
        <time>2005-08-04T18:22:09-07:00</time>
      </trkpt>
      <trkpt lat="41.9051555916667" lon="-123.14131859689951">
        <time>2005-08-04T18:22:13-07:00</time>
      </trkpt>
      <trkpt lat="41.90512407571077" lon="-123.14128037542105">
        <time>2005-08-04T18:22:18-07:00</time>
      </trkpt>
      <trkpt lat="41.90505148842931" lon="-123.14118758775294">
        <time>2005-08-04T18:22:23-07:00</time>
      </trkpt>
      <trkpt lat="41.90502651035786" lon="-123.14116763882339">
        <time>2005-08-04T18:22:26-07:00</time>
      </trkpt>
      <trkpt lat="41.904974207282066" lon="-123.14113394357264">
        <time>2005-08-04T18:22:33-07:00</time>
      </trkpt>
      <trkpt lat="41.90487337298691" lon="-123.14108289778233">
        <time>2005-08-04T18:22:36-07:00</time>
      </trkpt>
      <trkpt lat="41.90483842045069" lon="-123.14106286503375">
        <time>2005-08-04T18:22:41-07:00</time>
      </trkpt>
      <trkpt lat="41.90478343516588" lon="-123.14102816395462">
        <time>2005-08-04T18:22:49-07:00</time>
      </trkpt>
      <trkpt lat="41.90469844266772" lon="-123.14097946509719">
        <time>2005-08-04T18:22:52-07:00</time>
      </trkpt>
      <trkpt lat="41.904624346643686" lon="-123.14094317145646">
        <time>2005-08-04T18:22:57-07:00</time>
      </trkpt>
      <trkpt lat="41.90460942685604" lon="-123.14093311317265">
        <time>2005-08-04T18:23:04-07:00</time>
      </trkpt>
      <trkpt lat="41.904526529833674" lon="-123.14091945067048">
        <time>2005-08-04T18:23:10-07:00</time>
      </trkpt>
      <trkpt lat="41.90445310436189" lon="-123.1409046985209">
        <time>2005-08-04T18:23:11-07:00</time>
      </trkpt>
      <trkpt lat="41.90440130420029" lon="-123.14090679399669">
        <time>2005-08-04T18:23:17-07:00</time>
      </trkpt>
      <trkpt lat="41.90437045879662" lon="-123.14091090112925">
        <time>2005-08-04T18:23:23-07:00</time>
      </trkpt>
      <trkpt lat="41.90425822511315" lon="-123.14091584645212">
        <time>2005-08-04T18:23:27-07:00</time>
      </trkpt>
      <trkpt lat="41.90415403805673" lon="-123.14093369990587">
        <time>2005-08-04T18:23:30-07:00</time>
      </trkpt>
      <trkpt lat="41.90412579104304" lon="-123.14093864522874">
        <time>2005-08-04T18:23:38-07:00</time>
      </trkpt>
      <trkpt lat="41.90406217239797" lon="-123.14093872904778">
        <time>2005-08-04T18:23:47-07:00</time>
      </trkpt>
      <trkpt lat="41.90397818572819" lon="-123.14095582813025">
        <time>2005-08-04T18:23:49-07:00</time>
      </trkpt>
      <trkpt lat="41.903857653960586" lon="-123.14097192138433">
        <time>2005-08-04T18:23:54-07:00</time>
      </trkpt>
      <trkpt lat="41.903754556551576" lon="-123.1409147568047">
        <time>2005-08-04T18:24:00-07:00</time>
      </trkpt>
      <trkpt lat="41.90368926152587" lon="-123.14081626944244">
        <time>2005-08-04T18:24:09-07:00</time>
      </trkpt>
      <trkpt lat="41.903642155230045" lon="-123.14069255255163">
        <time>2005-08-04T18:24:18-07:00</time>
      </trkpt>
      <trkpt lat="41.903586918488145" lon="-123.14054972492158">
        <time>2005-08-04T18:24:26-07:00</time>
      </trkpt>
      <trkpt lat="41.90354802645743" lon="-123.14044872298837">
        <time>2005-08-04T18:24:34-07:00</time>
      </trkpt>
      <trkpt lat="41.90349790267646" lon="-123.14033363945782">
        <time>2005-08-04T18:24:43-07:00</time>
      </trkpt>
      <trkpt lat="41.903424225747585" lon="-123.14021277241409">
        <time>2005-08-04T18:24:50-07:00</time>
      </trkpt>
      <trkpt lat="41.903365552425385" lon="-123.14010439440608">
        <time>2005-08-04T18:24:58-07:00</time>
      </trkpt>
      <trkpt lat="41.903341161087155" lon="-123.14006357453763">
        <time>2005-08-04T18:25:08-07:00</time>
      </trkpt>
      <trkpt lat="41.90330419689417" lon="-123.1400034762919">
        <time>2005-08-04T18:25:16-07:00</time>
      </trkpt>
      <trkpt lat="41.90325340256095" lon="-123.13988755457103">
        <time>2005-08-04T18:25:19-07:00</time>
      </trkpt>
      <trkpt lat="41.90324116498232" lon="-123.13979317434132">
        <time>2005-08-04T18:25:24-07:00</time>
      </trkpt>
      <trkpt lat="41.90324468538165" lon="-123.1397563777864">
        <time>2005-08-04T18:25:32-07:00</time>
      </trkpt>
      <trkpt lat="41.90328123047948" lon="-123.13966317102313">
        <time>2005-08-04T18:25:38-07:00</time>
      </trkpt>
      <trkpt lat="41.90333797596395" lon="-123.13957407139242">
        <time>2005-08-04T18:25:40-07:00</time>
      </trkpt>
      <trkpt lat="41.90340645611286" lon="-123.13943057321012">
        <time>2005-08-04T18:25:46-07:00</time>
      </trkpt>
      <trkpt lat="41.903428165242076" lon="-123.13928724266589">
        <time>2005-08-04T18:25:52-07:00</time>
      </trkpt>
      <trkpt lat="41.903425315395" lon="-123.1392695568502">
        <time>2005-08-04T18:26:02-07:00</time>
      </trkpt>
      <trkpt lat="41.903341580182314" lon="-123.13916143029928">
        <time>2005-08-04T18:26:09-07:00</time>
      </trkpt>
      <trkpt lat="41.90324133262038" lon="-123.1391326803714">
        <time>2005-08-04T18:26:10-07:00</time>
      </trkpt>
      <trkpt lat="41.90319129265845" lon="-123.13912555575371">
        <time>2005-08-04T18:26:18-07:00</time>
      </trkpt>
      <trkpt lat="41.90312549471855" lon="-123.13912320882082">
        <time>2005-08-04T18:26:26-07:00</time>
      </trkpt>
      <trkpt lat="41.90299624577165" lon="-123.13915656879544">
        <time>2005-08-04T18:26:30-07:00</time>
      </trkpt>
      <trkpt lat="41.90294218249619" lon="-123.13916972838342">
        <time>2005-08-04T18:26:35-07:00</time>
      </trkpt>
      <trkpt lat="41.90289532765746" lon="-123.13918766565621">
        <time>2005-08-04T18:26:44-07:00</time>
      </trkpt>
      <trkpt lat="41.902798768132925" lon="-123.13922890461981">
        <time>2005-08-04T18:26:48-07:00</time>
      </trkpt>
      <trkpt lat="41.90270405262709" lon="-123.13926050439477">
        <time>2005-08-04T18:26:52-07:00</time>
      </trkpt>
      <trkpt lat="41.90261570736766" lon="-123.1392729934305">
        <time>2005-08-04T18:27:00-07:00</time>
      </trkpt>
      <trkpt lat="41.90253322944045" lon="-123.13927358016372">
        <time>2005-08-04T18:27:07-07:00</time>
      </trkpt>
      <trkpt lat="41.902504563331604" lon="-123.13926863484085">
        <time>2005-08-04T18:27:14-07:00</time>
      </trkpt>
      <trkpt lat="41.90243340097368" lon="-123.13924583606422">
        <time>2005-08-04T18:27:20-07:00</time>
      </trkpt>
      <trkpt lat="41.90236081369221" lon="-123.13919973559678">
        <time>2005-08-04T18:27:22-07:00</time>
      </trkpt>
      <trkpt lat="41.9022801797837" lon="-123.13913888297975">
        <time>2005-08-04T18:27:28-07:00</time>
      </trkpt>
      <trkpt lat="41.902209520339966" lon="-123.1390552315861">
        <time>2005-08-04T18:27:34-07:00</time>
      </trkpt>
      <trkpt lat="41.90214372240007" lon="-123.1389688141644">
        <time>2005-08-04T18:27:41-07:00</time>
      </trkpt>
      <trkpt lat="41.9020764157176" lon="-123.13888315111399">
        <time>2005-08-04T18:27:49-07:00</time>
      </trkpt>
      <trkpt lat="41.90205822698772" lon="-123.13886286690831">
        <time>2005-08-04T18:27:56-07:00</time>
      </trkpt>
      <trkpt lat="41.90202109515667" lon="-123.13882892020047">
        <time>2005-08-04T18:28:04-07:00</time>
      </trkpt>
      <trkpt lat="41.90200852230191" lon="-123.13882330432534">
        <time>2005-08-04T18:28:06-07:00</time>
      </trkpt>
      <trkpt lat="41.901985639706254" lon="-123.13881039619446">
        <time>2005-08-04T18:28:10-07:00</time>
      </trkpt>
      <trkpt lat="41.901949597522616" lon="-123.13878960907459">
        <time>2005-08-04T18:28:11-07:00</time>
      </trkpt>
      <trkpt lat="41.901914896443486" lon="-123.13875733874738">
        <time>2005-08-04T18:28:13-07:00</time>
      </trkpt>
      <trkpt lat="41.90190534107387" lon="-123.13874518498778">
        <time>2005-08-04T18:28:17-07:00</time>
      </trkpt>
      <trkpt lat="41.901846416294575" lon="-123.13865264877677">
        <time>2005-08-04T18:28:20-07:00</time>
      </trkpt>
      <trkpt lat="41.90183996222913" lon="-123.13863948918879">
        <time>2005-08-04T18:28:21-07:00</time>
      </trkpt>
      <trkpt lat="41.90181598998606" lon="-123.138547539711">
        <time>2005-08-04T18:28:28-07:00</time>
      </trkpt>
      <trkpt lat="41.901824874803424" lon="-123.13840261660516">
        <time>2005-08-04T18:28:29-07:00</time>
      </trkpt>
      <trkpt lat="41.90183501690626" lon="-123.1383939832449">
        <time>2005-08-04T18:28:35-07:00</time>
      </trkpt>
      <trkpt lat="41.90184666775167" lon="-123.13838082365692">
        <time>2005-08-04T18:28:44-07:00</time>
      </trkpt>
      <trkpt lat="41.90189310349524" lon="-123.1383762974292">
        <time>2005-08-04T18:28:45-07:00</time>
      </trkpt>
      <trkpt lat="41.90190391615033" lon="-123.1383802369237">
        <time>2005-08-04T18:28:46-07:00</time>
      </trkpt>
      <trkpt lat="41.90194968134165" lon="-123.13841627910733">
        <time>2005-08-04T18:28:50-07:00</time>
      </trkpt>
      <trkpt lat="41.90199460834265" lon="-123.13844645395875">
        <time>2005-08-04T18:28:51-07:00</time>
      </trkpt>
      <trkpt lat="41.902042888104916" lon="-123.13848559744656">
        <time>2005-08-04T18:28:56-07:00</time>
      </trkpt>
      <trkpt lat="41.90205034799874" lon="-123.13849900849164">
        <time>2005-08-04T18:29:00-07:00</time>
      </trkpt>
      <trkpt lat="41.90209720283747" lon="-123.1385668180883">
        <time>2005-08-04T18:29:05-07:00</time>
      </trkpt>
      <trkpt lat="41.902128802612424" lon="-123.13862096518278">
        <time>2005-08-04T18:29:06-07:00</time>
      </trkpt>
      <trkpt lat="41.90215193666518" lon="-123.13864736817777">
        <time>2005-08-04T18:29:12-07:00</time>
      </trkpt>
      <trkpt lat="41.90221672877669" lon="-123.13872766681015">
        <time>2005-08-04T18:29:16-07:00</time>
      </trkpt>
      <trkpt lat="41.90227900631726" lon="-123.1388097256422">
        <time>2005-08-04T18:29:18-07:00</time>
      </trkpt>
      <trkpt lat="41.90228738822043" lon="-123.13882137648761">
        <time>2005-08-04T18:29:25-07:00</time>
      </trkpt>
      <trkpt lat="41.90236961469054" lon="-123.13888524658978">
        <time>2005-08-04T18:29:32-07:00</time>
      </trkpt>
      <trkpt lat="41.90245066769421" lon="-123.13892841339111">
        <time>2005-08-04T18:29:33-07:00</time>
      </trkpt>
      <trkpt lat="41.90255569294095" lon="-123.13894903287292">
        <time>2005-08-04T18:29:41-07:00</time>
      </trkpt>
      <trkpt lat="41.90263666212559" lon="-123.13894031569362">
        <time>2005-08-04T18:29:48-07:00</time>
      </trkpt>
      <trkpt lat="41.902645295485854" lon="-123.13893905840814">
        <time>2005-08-04T18:29:56-07:00</time>
      </trkpt>
      <trkpt lat="41.902717715129256" lon="-123.13890938647091">
        <time>2005-08-04T18:30:03-07:00</time>
      </trkpt>
      <trkpt lat="41.902750404551625" lon="-123.13889144919813">
        <time>2005-08-04T18:30:04-07:00</time>
      </trkpt>
      <trkpt lat="41.90278007648885" lon="-123.13886873424053">
        <time>2005-08-04T18:30:10-07:00</time>
      </trkpt>
      <trkpt lat="41.90281888470054" lon="-123.13885322771966">
        <time>2005-08-04T18:30:13-07:00</time>
      </trkpt>
      <trkpt lat="41.90285417251289" lon="-123.13883487135172">
        <time>2005-08-04T18:30:17-07:00</time>
      </trkpt>
      <trkpt lat="41.9029089063406" lon="-123.13881115056574">
        <time>2005-08-04T18:30:21-07:00</time>
      </trkpt>
      <trkpt lat="41.9029244966805" lon="-123.13880025409162">
        <time>2005-08-04T18:30:24-07:00</time>
      </trkpt>
      <trkpt lat="41.90298710949719" lon="-123.13876429572701">
        <time>2005-08-04T18:30:30-07:00</time>
      </trkpt>
      <trkpt lat="41.903052320703864" lon="-123.13871475867927">
        <time>2005-08-04T18:30:31-07:00</time>
      </trkpt>
      <trkpt lat="41.90307662822306" lon="-123.13869430683553">
        <time>2005-08-04T18:30:36-07:00</time>
      </trkpt>
      <trkpt lat="41.9031541608274" lon="-123.13864099793136">
        <time>2005-08-04T18:30:42-07:00</time>
      </trkpt>
      <trkpt lat="41.90316799096763" lon="-123.13863521441817">
        <time>2005-08-04T18:30:45-07:00</time>
      </trkpt>
      <trkpt lat="41.903252732008696" lon="-123.13859003596008">
        <time>2005-08-04T18:30:51-07:00</time>
      </trkpt>
      <trkpt lat="41.90326262265444" lon="-123.13858701847494">
        <time>2005-08-04T18:30:52-07:00</time>
      </trkpt>
      <trkpt lat="41.903334790840745" lon="-123.13857545144856">
        <time>2005-08-04T18:30:59-07:00</time>
      </trkpt>
      <trkpt lat="41.903388518840075" lon="-123.13856245949864">
        <time>2005-08-04T18:31:00-07:00</time>
      </trkpt>
      <trkpt lat="41.90343185327947" lon="-123.13856162130833">
        <time>2005-08-04T18:31:06-07:00</time>
      </trkpt>
      <trkpt lat="41.903485329821706" lon="-123.13855349086225">
        <time>2005-08-04T18:31:10-07:00</time>
      </trkpt>
      <trkpt lat="41.903567388653755" lon="-123.13855214975774">
        <time>2005-08-04T18:31:13-07:00</time>
      </trkpt>
      <trkpt lat="41.90361248329282" lon="-123.13853689469397">
        <time>2005-08-04T18:31:17-07:00</time>
      </trkpt>
      <trkpt lat="41.903679789975286" lon="-123.13849448226392">
        <time>2005-08-04T18:31:23-07:00</time>
      </trkpt>
      <trkpt lat="41.9037395529449" lon="-123.13844293355942">
        <time>2005-08-04T18:31:26-07:00</time>
      </trkpt>
      <trkpt lat="41.903771655634046" lon="-123.13841770403087">
        <time>2005-08-04T18:31:32-07:00</time>
      </trkpt>
      <trkpt lat="41.90387198701501" lon="-123.13832365907729">
        <time>2005-08-04T18:31:37-07:00</time>
      </trkpt>
      <trkpt lat="41.903881123289466" lon="-123.13831184059381">
        <time>2005-08-04T18:31:40-07:00</time>
      </trkpt>
      <trkpt lat="41.9039536267519" lon="-123.13822341151536">
        <time>2005-08-04T18:31:50-07:00</time>
      </trkpt>
      <trkpt lat="41.90396376885474" lon="-123.13821326941252">
        <time>2005-08-04T18:31:51-07:00</time>
      </trkpt>
      <trkpt lat="41.90400785766542" lon="-123.13816507346928">
        <time>2005-08-04T18:31:59-07:00</time>
      </trkpt>
      <trkpt lat="41.904039876535535" lon="-123.13813070766628">
        <time>2005-08-04T18:32:00-07:00</time>
      </trkpt>
      <trkpt lat="41.90411212854087" lon="-123.13806340098381">
        <time>2005-08-04T18:32:05-07:00</time>
      </trkpt>
      <trkpt lat="41.904220171272755" lon="-123.1380221620202">
        <time>2005-08-04T18:32:08-07:00</time>
      </trkpt>
      <trkpt lat="41.904303738847375" lon="-123.13807915896177">
        <time>2005-08-04T18:32:16-07:00</time>
      </trkpt>
      <trkpt lat="41.904333997517824" lon="-123.13815409317613">
        <time>2005-08-04T18:32:26-07:00</time>
      </trkpt>
      <trkpt lat="41.90433952957392" lon="-123.138169599697">
        <time>2005-08-04T18:32:33-07:00</time>
      </trkpt>
      <trkpt lat="41.90435344353318" lon="-123.13825375400484">
        <time>2005-08-04T18:32:39-07:00</time>
      </trkpt>
      <trkpt lat="41.904352186247706" lon="-123.13830689527094">
        <time>2005-08-04T18:32:40-07:00</time>
      </trkpt>
      <trkpt lat="41.90434958785772" lon="-123.13837260939181">
        <time>2005-08-04T18:32:45-07:00</time>
      </trkpt>
      <trkpt lat="41.90434506163001" lon="-123.13840395770967">
        <time>2005-08-04T18:32:48-07:00</time>
      </trkpt>
      <trkpt lat="41.904328716918826" lon="-123.13849632628262">
        <time>2005-08-04T18:32:52-07:00</time>
      </trkpt>
      <trkpt lat="41.904306672513485" lon="-123.1386009324342">
        <time>2005-08-04T18:32:54-07:00</time>
      </trkpt>
      <trkpt lat="41.90429133363068" lon="-123.13869145698845">
        <time>2005-08-04T18:33:00-07:00</time>
      </trkpt>
      <trkpt lat="41.90428286790848" lon="-123.13872733153403">
        <time>2005-08-04T18:33:07-07:00</time>
      </trkpt>
      <trkpt lat="41.90426878631115" lon="-123.13878734596074">
        <time>2005-08-04T18:33:13-07:00</time>
      </trkpt>
      <trkpt lat="41.90425696782768" lon="-123.13887837342918">
        <time>2005-08-04T18:33:15-07:00</time>
      </trkpt>
      <trkpt lat="41.9042541179806" lon="-123.13889245502651">
        <time>2005-08-04T18:33:19-07:00</time>
      </trkpt>
      <trkpt lat="41.90422494895756" lon="-123.13898851163685">
        <time>2005-08-04T18:33:25-07:00</time>
      </trkpt>
      <trkpt lat="41.90420122817159" lon="-123.1390552315861">
        <time>2005-08-04T18:33:26-07:00</time>
      </trkpt>
      <trkpt lat="41.90418136306107" lon="-123.13911717385054">
        <time>2005-08-04T18:33:32-07:00</time>
      </trkpt>
      <trkpt lat="41.90415336750448" lon="-123.139224126935">
        <time>2005-08-04T18:33:36-07:00</time>
      </trkpt>
      <trkpt lat="41.904133670032024" lon="-123.1392729934305">
        <time>2005-08-04T18:33:40-07:00</time>
      </trkpt>
      <trkpt lat="41.90409402363002" lon="-123.13937483355403">
        <time>2005-08-04T18:33:47-07:00</time>
      </trkpt>
      <trkpt lat="41.90407684072852" lon="-123.13942202366889">
        <time>2005-08-04T18:33:50-07:00</time>
      </trkpt>
      <trkpt lat="41.904066782444715" lon="-123.13944775611162">
        <time>2005-08-04T18:33:55-07:00</time>
      </trkpt>
      <trkpt lat="41.904055466875434" lon="-123.13950181938708">
        <time>2005-08-04T18:33:58-07:00</time>
      </trkpt>
      <trkpt lat="41.9040434807539" lon="-123.13956904225051">
        <time>2005-08-04T18:34:00-07:00</time>
      </trkpt>
      <trkpt lat="41.904033506289124" lon="-123.13966224901378">
        <time>2005-08-04T18:34:03-07:00</time>
      </trkpt>
      <trkpt lat="41.90403048880398" lon="-123.13969594426453">
        <time>2005-08-04T18:34:07-07:00</time>
      </trkpt>
      <trkpt lat="41.90405278466642" lon="-123.1398459803313">
        <time>2005-08-04T18:34:13-07:00</time>
      </trkpt>
      <trkpt lat="41.90406787209213" lon="-123.13987280242145">
        <time>2005-08-04T18:34:15-07:00</time>
      </trkpt>
      <trkpt lat="41.904137106612325" lon="-123.13994522206485">
        <time>2005-08-04T18:34:23-07:00</time>
      </trkpt>
      <trkpt lat="41.90418320707977" lon="-123.13998201861978">
        <time>2005-08-04T18:34:25-07:00</time>
      </trkpt>
      <trkpt lat="41.904229475185275" lon="-123.14000045880675">
        <time>2005-08-04T18:34:31-07:00</time>
      </trkpt>
      <trkpt lat="41.904345313087106" lon="-123.139993166551">
        <time>2005-08-04T18:34:35-07:00</time>
      </trkpt>
      <trkpt lat="41.904352605342865" lon="-123.13999174162745">
        <time>2005-08-04T18:34:39-07:00</time>
      </trkpt>
      <trkpt lat="41.90442234277725" lon="-123.13995268195868">
        <time>2005-08-04T18:34:48-07:00</time>
      </trkpt>
      <trkpt lat="41.90448093228042" lon="-123.13992770388722">
        <time>2005-08-04T18:34:49-07:00</time>
      </trkpt>
      <trkpt lat="41.904491325840354" lon="-123.13992401584983">
        <time>2005-08-04T18:34:55-07:00</time>
      </trkpt>
      <trkpt lat="41.904534408822656" lon="-123.13990943133831">
        <time>2005-08-04T18:35:00-07:00</time>
      </trkpt>
      <trkpt lat="41.90463222563267" lon="-123.13988462090492">
        <time>2005-08-04T18:35:01-07:00</time>
      </trkpt>
      <trkpt lat="41.90466659143567" lon="-123.13987070694566">
        <time>2005-08-04T18:35:04-07:00</time>
      </trkpt>
      <trkpt lat="41.904688719660044" lon="-123.13985821790993">
        <time>2005-08-04T18:35:11-07:00</time>
      </trkpt>
      <trkpt lat="41.904773376882076" lon="-123.139863666147">
        <time>2005-08-04T18:35:14-07:00</time>
      </trkpt>
      <trkpt lat="41.90481268800795" lon="-123.13986601307988">
        <time>2005-08-04T18:35:16-07:00</time>
      </trkpt>
      <trkpt lat="41.904852921143174" lon="-123.13986618071795">
        <time>2005-08-04T18:35:23-07:00</time>
      </trkpt>
      <trkpt lat="41.90491276793182" lon="-123.13986752182245">
        <time>2005-08-04T18:35:26-07:00</time>
      </trkpt>
      <trkpt lat="41.90492366440594" lon="-123.13986618071795">
        <time>2005-08-04T18:35:29-07:00</time>
      </trkpt>
      <trkpt lat="41.90495241433382" lon="-123.13987313769758">
        <time>2005-08-04T18:35:33-07:00</time>
      </trkpt>
      <trkpt lat="41.90500991418958" lon="-123.13988101668656">
        <time>2005-08-04T18:35:34-07:00</time>
      </trkpt>
      <trkpt lat="41.905030366033316" lon="-123.13989023678005">
        <time>2005-08-04T18:35:37-07:00</time>
      </trkpt>
      <trkpt lat="41.90508543513715" lon="-123.13991211354733">
        <time>2005-08-04T18:35:41-07:00</time>
      </trkpt>
      <trkpt lat="41.90509742125869" lon="-123.13991596922278">
        <time>2005-08-04T18:35:43-07:00</time>
      </trkpt>
      <trkpt lat="41.90515961498022" lon="-123.13993323594332">
        <time>2005-08-04T18:35:48-07:00</time>
      </trkpt>
      <trkpt lat="41.90520018339157" lon="-123.13994782045484">
        <time>2005-08-04T18:35:49-07:00</time>
      </trkpt>
      <trkpt lat="41.90522373653948" lon="-123.13996969722211">
        <time>2005-08-04T18:35:54-07:00</time>
      </trkpt>
      <trkpt lat="41.905277632176876" lon="-123.13997606746852">
        <time>2005-08-04T18:35:57-07:00</time>
      </trkpt>
      <trkpt lat="41.905315183103085" lon="-123.13998294062912">
        <time>2005-08-04T18:36:00-07:00</time>
      </trkpt>
      <trkpt lat="41.90539447590709" lon="-123.14000833779573">
        <time>2005-08-04T18:36:05-07:00</time>
      </trkpt>
      <trkpt lat="41.905406042933464" lon="-123.14001319929957">
        <time>2005-08-04T18:36:08-07:00</time>
      </trkpt>
      <trkpt lat="41.90547066740692" lon="-123.14003214240074">
        <time>2005-08-04T18:36:13-07:00</time>
      </trkpt>
      <trkpt lat="41.90549832768738" lon="-123.14004010520875">
        <time>2005-08-04T18:36:14-07:00</time>
      </trkpt>
      <trkpt lat="41.9055491220206" lon="-123.14006969332695">
        <time>2005-08-04T18:36:20-07:00</time>
      </trkpt>
      <trkpt lat="41.905564377084374" lon="-123.14007572829723">
        <time>2005-08-04T18:36:22-07:00</time>
      </trkpt>
      <trkpt lat="41.9056080467999" lon="-123.14009383320808">
        <time>2005-08-04T18:36:27-07:00</time>
      </trkpt>
      <trkpt lat="41.90564023330808" lon="-123.14010892063379">
        <time>2005-08-04T18:36:28-07:00</time>
      </trkpt>
      <trkpt lat="41.90571416169405" lon="-123.14019701443613">
        <time>2005-08-04T18:36:32-07:00</time>
      </trkpt>
      <trkpt lat="41.905725225806236" lon="-123.14020648598671">
        <time>2005-08-04T18:36:35-07:00</time>
      </trkpt>
      <trkpt lat="41.90573369152844" lon="-123.1402188912034">
        <time>2005-08-04T18:36:43-07:00</time>
      </trkpt>
      <trkpt lat="41.9057890959084" lon="-123.1402878742665">
        <time>2005-08-04T18:36:44-07:00</time>
      </trkpt>
      <trkpt lat="41.905810721218586" lon="-123.14033380709589">
        <time>2005-08-04T18:36:45-07:00</time>
      </trkpt>
      <trkpt lat="41.905871238559484" lon="-123.1404208112508">
        <time>2005-08-04T18:36:51-07:00</time>
      </trkpt>
      <trkpt lat="41.9058945402503" lon="-123.14046087674797">
        <time>2005-08-04T18:36:54-07:00</time>
      </trkpt>
      <trkpt lat="41.90591775812209" lon="-123.14051862806082">
        <time>2005-08-04T18:37:01-07:00</time>
      </trkpt>
      <trkpt lat="41.90597718581557" lon="-123.14060362055898">
        <time>2005-08-04T18:37:04-07:00</time>
      </trkpt>
      <trkpt lat="41.90607592463493" lon="-123.14070126973093">
        <time>2005-08-04T18:37:08-07:00</time>
      </trkpt>
      <trkpt lat="41.90610568039119" lon="-123.14073747955263">
        <time>2005-08-04T18:37:15-07:00</time>
      </trkpt>
      <trkpt lat="41.90614189021289" lon="-123.14078332856297">
        <time>2005-08-04T18:37:25-07:00</time>
      </trkpt>
      <trkpt lat="41.90621707588434" lon="-123.1409015133977">
        <time>2005-08-04T18:37:28-07:00</time>
      </trkpt>
      <trkpt lat="41.906226547434926" lon="-123.14091333188117">
        <time>2005-08-04T18:37:32-07:00</time>
      </trkpt>
      <trkpt lat="41.90630290657282" lon="-123.14102556556463">
        <time>2005-08-04T18:37:41-07:00</time>
      </trkpt>
      <trkpt lat="41.90637725405395" lon="-123.14112497493625">
        <time>2005-08-04T18:37:42-07:00</time>
      </trkpt>
      <trkpt lat="41.90647339448333" lon="-123.14121566712856">
        <time>2005-08-04T18:37:51-07:00</time>
      </trkpt>
      <trkpt lat="41.906568026170135" lon="-123.14127869904041">
        <time>2005-08-04T18:38:00-07:00</time>
      </trkpt>
      <trkpt lat="41.906599290668964" lon="-123.14128959551454">
        <time>2005-08-04T18:38:09-07:00</time>
      </trkpt>
      <trkpt lat="41.906684786081314" lon="-123.1413349416107">
        <time>2005-08-04T18:38:17-07:00</time>
      </trkpt>
      <trkpt lat="41.906711189076304" lon="-123.14135639928281">
        <time>2005-08-04T18:38:20-07:00</time>
      </trkpt>
      <trkpt lat="41.90678168088198" lon="-123.1414158269763">
        <time>2005-08-04T18:38:28-07:00</time>
      </trkpt>
      <trkpt lat="41.90680188126862" lon="-123.14143225550652">
        <time>2005-08-04T18:38:30-07:00</time>
      </trkpt>
      <trkpt lat="41.90691512078047" lon="-123.14149310812354">
        <time>2005-08-04T18:38:37-07:00</time>
      </trkpt>
      <trkpt lat="41.90698712132871" lon="-123.1415281444788">
        <time>2005-08-04T18:38:39-07:00</time>
      </trkpt>
      <trkpt lat="41.90702182240784" lon="-123.14154574647546">
        <time>2005-08-04T18:38:48-07:00</time>
      </trkpt>
      <trkpt lat="41.90713447518647" lon="-123.14158572815359">
        <time>2005-08-04T18:38:54-07:00</time>
      </trkpt>
      <trkpt lat="41.90715651959181" lon="-123.14159243367612">
        <time>2005-08-04T18:38:57-07:00</time>
      </trkpt>
      <trkpt lat="41.90722826868296" lon="-123.14161263406277">
        <time>2005-08-04T18:39:06-07:00</time>
      </trkpt>
      <trkpt lat="41.907319128513336" lon="-123.1416076887399">
        <time>2005-08-04T18:39:08-07:00</time>
      </trkpt>
      <trkpt lat="41.90733312629163" lon="-123.1416090298444">
        <time>2005-08-04T18:39:14-07:00</time>
      </trkpt>
      <trkpt lat="41.90739766694605" lon="-123.1415849737823">
        <time>2005-08-04T18:39:20-07:00</time>
      </trkpt>
      <trkpt lat="41.907450053840876" lon="-123.14156502485275">
        <time>2005-08-04T18:39:21-07:00</time>
      </trkpt>
      <trkpt lat="41.90751861780882" lon="-123.14154122024775">
        <time>2005-08-04T18:39:26-07:00</time>
      </trkpt>
      <trkpt lat="41.90759338438511" lon="-123.14152713865042">
        <time>2005-08-04T18:39:31-07:00</time>
      </trkpt>
      <trkpt lat="41.907631857320666" lon="-123.14152361825109">
        <time>2005-08-04T18:39:36-07:00</time>
      </trkpt>
      <trkpt lat="41.90767200663686" lon="-123.14152881503105">
        <time>2005-08-04T18:39:42-07:00</time>
      </trkpt>
      <trkpt lat="41.90771953202784" lon="-123.14151314087212">
        <time>2005-08-04T18:39:45-07:00</time>
      </trkpt>
      <trkpt lat="41.90775942988694" lon="-123.14150584861636">
        <time>2005-08-04T18:39:49-07:00</time>
      </trkpt>
      <trkpt lat="41.907831681892276" lon="-123.14150115475059">
        <time>2005-08-04T18:39:53-07:00</time>
      </trkpt>
      <trkpt lat="41.9078666344285" lon="-123.14149981364608">
        <time>2005-08-04T18:39:56-07:00</time>
      </trkpt>
      <trkpt lat="41.90794567577541" lon="-123.1414932757616">
        <time>2005-08-04T18:40:01-07:00</time>
      </trkpt>
      <trkpt lat="41.90797258168459" lon="-123.1414869055152">
        <time>2005-08-04T18:40:04-07:00</time>
      </trkpt>
      <trkpt lat="41.908028572797775" lon="-123.14147693105042">
        <time>2005-08-04T18:40:11-07:00</time>
      </trkpt>
      <trkpt lat="41.90805044956505" lon="-123.1414779368788">
        <time>2005-08-04T18:40:13-07:00</time>
      </trkpt>
      <trkpt lat="41.9080809596926" lon="-123.14147307537496">
        <time>2005-08-04T18:40:18-07:00</time>
      </trkpt>
      <trkpt lat="41.90818179398775" lon="-123.14146452583373">
        <time>2005-08-04T18:40:20-07:00</time>
      </trkpt>
      <trkpt lat="41.90820869989693" lon="-123.14145958051085">
        <time>2005-08-04T18:40:22-07:00</time>
      </trkpt>
      <trkpt lat="41.90827885642648" lon="-123.14145153388381">
        <time>2005-08-04T18:40:30-07:00</time>
      </trkpt>
      <trkpt lat="41.90830945037305" lon="-123.14143720082939">
        <time>2005-08-04T18:40:32-07:00</time>
      </trkpt>
      <trkpt lat="41.90835680812597" lon="-123.14138984307647">
        <time>2005-08-04T18:40:38-07:00</time>
      </trkpt>
      <trkpt lat="41.908374996855855" lon="-123.14136042259634">
        <time>2005-08-04T18:40:41-07:00</time>
      </trkpt>
      <trkpt lat="41.908421432599425" lon="-123.14127643592656">
        <time>2005-08-04T18:40:46-07:00</time>
      </trkpt>
      <trkpt lat="41.908426797017455" lon="-123.14125916920602">
        <time>2005-08-04T18:40:48-07:00</time>
      </trkpt>
      <trkpt lat="41.90846661105752" lon="-123.14110678620636">
        <time>2005-08-04T18:40:55-07:00</time>
      </trkpt>
      <trkpt lat="41.908471304923296" lon="-123.14101416617632">
        <time>2005-08-04T18:40:56-07:00</time>
      </trkpt>
      <trkpt lat="41.908471221104264" lon="-123.14096588641405">
        <time>2005-08-04T18:41:05-07:00</time>
      </trkpt>
      <trkpt lat="41.90846954472363" lon="-123.14091919921339">
        <time>2005-08-04T18:41:11-07:00</time>
      </trkpt>
      <trkpt lat="41.90846501849592" lon="-123.1408859230578">
        <time>2005-08-04T18:41:14-07:00</time>
      </trkpt>
      <trkpt lat="41.90842964686453" lon="-123.14077444374561">
        <time>2005-08-04T18:41:17-07:00</time>
      </trkpt>
      <trkpt lat="41.908360328525305" lon="-123.14069473184645">
        <time>2005-08-04T18:41:19-07:00</time>
      </trkpt>
      <trkpt lat="41.908240634948015" lon="-123.14058140851557">
        <time>2005-08-04T18:41:26-07:00</time>
      </trkpt>
      <trkpt lat="41.90821649506688" lon="-123.14056003466249">
        <time>2005-08-04T18:41:34-07:00</time>
      </trkpt>
      <trkpt lat="41.90816268324852" lon="-123.14048895612359">
        <time>2005-08-04T18:41:46-07:00</time>
      </trkpt>
      <trkpt lat="41.90813158638775" lon="-123.1404538359493">
        <time>2005-08-04T18:41:48-07:00</time>
      </trkpt>
      <trkpt lat="41.90810744650662" lon="-123.14038074575365">
        <time>2005-08-04T18:41:53-07:00</time>
      </trkpt>
      <trkpt lat="41.90810292027891" lon="-123.14033523201942">
        <time>2005-08-04T18:41:56-07:00</time>
      </trkpt>
      <trkpt lat="41.9081050157547" lon="-123.14027270302176">
        <time>2005-08-04T18:42:01-07:00</time>
      </trkpt>
      <trkpt lat="41.90811297856271" lon="-123.14022484235466">
        <time>2005-08-04T18:42:04-07:00</time>
      </trkpt>
      <trkpt lat="41.90814399160445" lon="-123.14015594311059">
        <time>2005-08-04T18:42:08-07:00</time>
      </trkpt>
      <trkpt lat="41.90815974958241" lon="-123.14012970775366">
        <time>2005-08-04T18:42:11-07:00</time>
      </trkpt>
      <trkpt lat="41.908198138698936" lon="-123.1400690227747">
        <time>2005-08-04T18:42:15-07:00</time>
      </trkpt>
      <trkpt lat="41.9082120526582" lon="-123.14004513435066">
        <time>2005-08-04T18:42:17-07:00</time>
      </trkpt>
      <trkpt lat="41.90824834629893" lon="-123.13997690565884">
        <time>2005-08-04T18:42:22-07:00</time>
      </trkpt>
      <trkpt lat="41.90826443955302" lon="-123.13995268195868">
        <time>2005-08-04T18:42:24-07:00</time>
      </trkpt>
      <trkpt lat="41.90830383449793" lon="-123.13988797366619">
        <time>2005-08-04T18:42:29-07:00</time>
      </trkpt>
      <trkpt lat="41.90833962522447" lon="-123.13983122818172">
        <time>2005-08-04T18:42:31-07:00</time>
      </trkpt>
      <trkpt lat="41.90835823304951" lon="-123.13979024067521">
        <time>2005-08-04T18:42:36-07:00</time>
      </trkpt>
      <trkpt lat="41.908412128686905" lon="-123.13969091512263">
        <time>2005-08-04T18:42:40-07:00</time>
      </trkpt>
      <trkpt lat="41.90842025913298" lon="-123.13967423513532">
        <time>2005-08-04T18:42:43-07:00</time>
      </trkpt>
      <trkpt lat="41.90847884863615" lon="-123.13958019018173">
        <time>2005-08-04T18:42:50-07:00</time>
      </trkpt>
      <trkpt lat="41.90849410369992" lon="-123.13955529592931">
        <time>2005-08-04T18:42:51-07:00</time>
      </trkpt>
      <trkpt lat="41.9085384439677" lon="-123.13948949798942">
        <time>2005-08-04T18:42:58-07:00</time>
      </trkpt>
      <trkpt lat="41.90857456997037" lon="-123.13942420296371">
        <time>2005-08-04T18:43:00-07:00</time>
      </trkpt>
      <trkpt lat="41.90858982503414" lon="-123.139403834939">
        <time>2005-08-04T18:43:05-07:00</time>
      </trkpt>
      <trkpt lat="41.90866023302078" lon="-123.13932219520211">
        <time>2005-08-04T18:43:10-07:00</time>
      </trkpt>
      <trkpt lat="41.90869350917637" lon="-123.13928715884686">
        <time>2005-08-04T18:43:12-07:00</time>
      </trkpt>
      <trkpt lat="41.90869099460542" lon="-123.13926997594535">
        <time>2005-08-04T18:43:19-07:00</time>
      </trkpt>
      <trkpt lat="41.90869049169123" lon="-123.13927039504051">
        <time>2005-08-04T18:43:22-07:00</time>
      </trkpt>
      <trkpt lat="41.90869376063347" lon="-123.13926871865988">
        <time>2005-08-04T18:43:38-07:00</time>
      </trkpt>
      <trkpt lat="41.9087387714535" lon="-123.13922563567758">
        <time>2005-08-04T18:43:39-07:00</time>
      </trkpt>
      <trkpt lat="41.908746901899576" lon="-123.13921390101314">
        <time>2005-08-04T18:43:40-07:00</time>
      </trkpt>
      <trkpt lat="41.90880239009857" lon="-123.13915271311998">
        <time>2005-08-04T18:43:45-07:00</time>
      </trkpt>
      <trkpt lat="41.908863577991724" lon="-123.13909873366356">
        <time>2005-08-04T18:43:46-07:00</time>
      </trkpt>
      <trkpt lat="41.90887363627553" lon="-123.1390930339694">
        <time>2005-08-04T18:43:52-07:00</time>
      </trkpt>
      <trkpt lat="41.90888553857803" lon="-123.13908163458109">
        <time>2005-08-04T18:43:57-07:00</time>
      </trkpt>
      <trkpt lat="41.90894119441509" lon="-123.13902136869729">
        <time>2005-08-04T18:43:58-07:00</time>
      </trkpt>
      <trkpt lat="41.908971620723605" lon="-123.13898733817041">
        <time>2005-08-04T18:43:59-07:00</time>
      </trkpt>
      <trkpt lat="41.90899576060474" lon="-123.13895473256707">
        <time>2005-08-04T18:44:05-07:00</time>
      </trkpt>
      <trkpt lat="41.90901629626751" lon="-123.13892304897308">
        <time>2005-08-04T18:44:08-07:00</time>
      </trkpt>
      <trkpt lat="41.909029791131616" lon="-123.13890050165355">
        <time>2005-08-04T18:44:11-07:00</time>
      </trkpt>
      <trkpt lat="41.909092823043466" lon="-123.13883797265589">
        <time>2005-08-04T18:44:15-07:00</time>
      </trkpt>
      <trkpt lat="41.909116208553314" lon="-123.13882305286825">
        <time>2005-08-04T18:44:17-07:00</time>
      </trkpt>
      <trkpt lat="41.90915074199438" lon="-123.13879002816975">
        <time>2005-08-04T18:44:22-07:00</time>
      </trkpt>
      <trkpt lat="41.9091861974448" lon="-123.13875926658511">
        <time>2005-08-04T18:44:24-07:00</time>
      </trkpt>
      <trkpt lat="41.909208660945296" lon="-123.13875348307192">
        <time>2005-08-04T18:44:27-07:00</time>
      </trkpt>
      <trkpt lat="41.90924889408052" lon="-123.13872892409563">
        <time>2005-08-04T18:44:30-07:00</time>
      </trkpt>
      <trkpt lat="41.909317122772336" lon="-123.13870704732835">
        <time>2005-08-04T18:44:32-07:00</time>
      </trkpt>
      <trkpt lat="41.90934654325247" lon="-123.1387013476342">
        <time>2005-08-04T18:44:36-07:00</time>
      </trkpt>
      <trkpt lat="41.90940169617534" lon="-123.13869145698845">
        <time>2005-08-04T18:44:41-07:00</time>
      </trkpt>
      <trkpt lat="41.909446623176336" lon="-123.13869548030198">
        <time>2005-08-04T18:44:43-07:00</time>
      </trkpt>
      <trkpt lat="41.90952784381807" lon="-123.1386910378933">
        <time>2005-08-04T18:44:47-07:00</time>
      </trkpt>
      <trkpt lat="41.90954175777733" lon="-123.13869472593069">
        <time>2005-08-04T18:44:52-07:00</time>
      </trkpt>
      <trkpt lat="41.90959573723376" lon="-123.138706125319">
        <time>2005-08-04T18:44:59-07:00</time>
      </trkpt>
      <trkpt lat="41.909661032259464" lon="-123.13871308229864">
        <time>2005-08-04T18:45:00-07:00</time>
      </trkpt>
      <trkpt lat="41.909690368920565" lon="-123.13871459104121">
        <time>2005-08-04T18:45:04-07:00</time>
      </trkpt>
      <trkpt lat="41.90976798534393" lon="-123.1386889424175">
        <time>2005-08-04T18:45:09-07:00</time>
      </trkpt>
      <trkpt lat="41.9097956456244" lon="-123.13867913559079">
        <time>2005-08-04T18:45:12-07:00</time>
      </trkpt>
      <trkpt lat="41.909832525998354" lon="-123.1386582646519">
        <time>2005-08-04T18:45:18-07:00</time>
      </trkpt>
      <trkpt lat="41.90984459593892" lon="-123.13864912837744">
        <time>2005-08-04T18:45:20-07:00</time>
      </trkpt>
      <trkpt lat="41.9098802190274" lon="-123.13862490467727">
        <time>2005-08-04T18:45:23-07:00</time>
      </trkpt>
      <trkpt lat="41.90995490178466" lon="-123.13856765627861">
        <time>2005-08-04T18:45:24-07:00</time>
      </trkpt>
      <trkpt lat="41.90998029895127" lon="-123.13854963518679">
        <time>2005-08-04T18:45:27-07:00</time>
      </trkpt>
      <trkpt lat="41.91009169444442" lon="-123.13852516002953">
        <time>2005-08-04T18:45:34-07:00</time>
      </trkpt>
      <trkpt lat="41.910161431878805" lon="-123.1385166104883">
        <time>2005-08-04T18:45:36-07:00</time>
      </trkpt>
      <trkpt lat="41.910174172371626" lon="-123.13851644285023">
        <time>2005-08-04T18:45:45-07:00</time>
      </trkpt>
      <trkpt lat="41.910276766866446" lon="-123.13852616585791">
        <time>2005-08-04T18:45:51-07:00</time>
      </trkpt>
      <trkpt lat="41.91028825007379" lon="-123.13852650113404">
        <time>2005-08-04T18:45:52-07:00</time>
      </trkpt>
      <trkpt lat="41.91039168275893" lon="-123.13850705511868">
        <time>2005-08-04T18:46:00-07:00</time>
      </trkpt>
      <trkpt lat="41.91040266305208" lon="-123.13850093632936">
        <time>2005-08-04T18:46:01-07:00</time>
      </trkpt>
      <trkpt lat="41.91048354841769" lon="-123.1384251639247">
        <time>2005-08-04T18:46:10-07:00</time>
      </trkpt>
      <trkpt lat="41.910541132092476" lon="-123.13835986889899">
        <time>2005-08-04T18:46:11-07:00</time>
      </trkpt>
      <trkpt lat="41.91056778654456" lon="-123.13833572901785">
        <time>2005-08-04T18:46:20-07:00</time>
      </trkpt>
      <trkpt lat="41.91057843156159" lon="-123.13832558691502">
        <time>2005-08-04T18:46:26-07:00</time>
      </trkpt>
      <trkpt lat="41.91063115373254" lon="-123.13827596604824">
        <time>2005-08-04T18:46:29-07:00</time>
      </trkpt>
      <trkpt lat="41.91065655089915" lon="-123.13825945369899">
        <time>2005-08-04T18:46:30-07:00</time>
      </trkpt>
      <trkpt lat="41.910668201744556" lon="-123.13824369572103">
        <time>2005-08-04T18:46:36-07:00</time>
      </trkpt>
      <trkpt lat="41.91071815788746" lon="-123.13819424249232">
        <time>2005-08-04T18:46:38-07:00</time>
      </trkpt>
      <trkpt lat="41.91072897054255" lon="-123.13818594440818">
        <time>2005-08-04T18:46:39-07:00</time>
      </trkpt>
      <trkpt lat="41.910790242254734" lon="-123.13811905682087">
        <time>2005-08-04T18:46:44-07:00</time>
      </trkpt>
      <trkpt lat="41.910796696320176" lon="-123.138108830899">
        <time>2005-08-04T18:46:45-07:00</time>
      </trkpt>
      <trkpt lat="41.910838689655066" lon="-123.13805610872805">
        <time>2005-08-04T18:46:50-07:00</time>
      </trkpt>
      <trkpt lat="41.91084640100598" lon="-123.13804537989199">
        <time>2005-08-04T18:46:51-07:00</time>
      </trkpt>
      <trkpt lat="41.9108990393579" lon="-123.13798033632338">
        <time>2005-08-04T18:46:57-07:00</time>
      </trkpt>
      <trkpt lat="41.91090733744204" lon="-123.13796709291637">
        <time>2005-08-04T18:46:58-07:00</time>
      </trkpt>
      <trkpt lat="41.91095804795623" lon="-123.13790230080485">
        <time>2005-08-04T18:47:04-07:00</time>
      </trkpt>
      <trkpt lat="41.91099249757826" lon="-123.13787288032472">
        <time>2005-08-04T18:47:05-07:00</time>
      </trkpt>
      <trkpt lat="41.91101236268878" lon="-123.13784991391003">
        <time>2005-08-04T18:47:11-07:00</time>
      </trkpt>
      <trkpt lat="41.91108235158026" lon="-123.13775461167097">
        <time>2005-08-04T18:47:14-07:00</time>
      </trkpt>
      <trkpt lat="41.91115074791014" lon="-123.13768168911338">
        <time>2005-08-04T18:47:16-07:00</time>
      </trkpt>
      <trkpt lat="41.911171451210976" lon="-123.13766148872674">
        <time>2005-08-04T18:47:23-07:00</time>
      </trkpt>
      <trkpt lat="41.91122249700129" lon="-123.13763676211238">
        <time>2005-08-04T18:47:30-07:00</time>
      </trkpt>
      <trkpt lat="41.91123582422733" lon="-123.1376169808209">
        <time>2005-08-04T18:47:32-07:00</time>
      </trkpt>
      <trkpt lat="41.91128301434219" lon="-123.13758722506464">
        <time>2005-08-04T18:47:37-07:00</time>
      </trkpt>
      <trkpt lat="41.91136700101197" lon="-123.13754833303392">
        <time>2005-08-04T18:47:39-07:00</time>
      </trkpt>
      <trkpt lat="41.91137680783868" lon="-123.13754422590137">
        <time>2005-08-04T18:47:43-07:00</time>
      </trkpt>
      <trkpt lat="41.91145249642432" lon="-123.13750583678484">
        <time>2005-08-04T18:47:49-07:00</time>
      </trkpt>
      <trkpt lat="41.91148568876088" lon="-123.1374938506633">
        <time>2005-08-04T18:47:50-07:00</time>
      </trkpt>
      <trkpt lat="41.91154628992081" lon="-123.13747725449502">
        <time>2005-08-04T18:47:56-07:00</time>
      </trkpt>
      <trkpt lat="41.911560790613294" lon="-123.13747708685696">
        <time>2005-08-04T18:47:59-07:00</time>
      </trkpt>
      <trkpt lat="41.911638993769884" lon="-123.13746862113476">
        <time>2005-08-04T18:48:04-07:00</time>
      </trkpt>
      <trkpt lat="41.911681070923805" lon="-123.13745713792741">
        <time>2005-08-04T18:48:05-07:00</time>
      </trkpt>
      <trkpt lat="41.91171904094517" lon="-123.13744280487299">
        <time>2005-08-04T18:48:11-07:00</time>
      </trkpt>
      <trkpt lat="41.91175994463265" lon="-123.13742411322892">
        <time>2005-08-04T18:48:14-07:00</time>
      </trkpt>
      <trkpt lat="41.91178936511278" lon="-123.13740567304194">
        <time>2005-08-04T18:48:17-07:00</time>
      </trkpt>
      <trkpt lat="41.91184602677822" lon="-123.13736225478351">
        <time>2005-08-04T18:48:21-07:00</time>
      </trkpt>
      <trkpt lat="41.91185432486236" lon="-123.13736175186932">
        <time>2005-08-04T18:48:24-07:00</time>
      </trkpt>
      <trkpt lat="41.91190511919558" lon="-123.13731858506799">
        <time>2005-08-04T18:48:29-07:00</time>
      </trkpt>
      <trkpt lat="41.91194359213114" lon="-123.13728271052241">
        <time>2005-08-04T18:48:30-07:00</time>
      </trkpt>
      <trkpt lat="41.911974186077714" lon="-123.13724784180522">
        <time>2005-08-04T18:48:35-07:00</time>
      </trkpt>
      <trkpt lat="41.9120388943702" lon="-123.13716628588736">
        <time>2005-08-04T18:48:39-07:00</time>
      </trkpt>
      <trkpt lat="41.91205088049173" lon="-123.13715321011841">
        <time>2005-08-04T18:48:42-07:00</time>
      </trkpt>
      <trkpt lat="41.91212204284966" lon="-123.13708196394145">
        <time>2005-08-04T18:48:49-07:00</time>
      </trkpt>
      <trkpt lat="41.91214366815984" lon="-123.13704122789204">
        <time>2005-08-04T18:48:50-07:00</time>
      </trkpt>
      <trkpt lat="41.912179961800575" lon="-123.13697274774313">
        <time>2005-08-04T18:48:57-07:00</time>
      </trkpt>
      <trkpt lat="41.91222597844899" lon="-123.13689546659589">
        <time>2005-08-04T18:49:00-07:00</time>
      </trkpt>
      <trkpt lat="41.912252716720104" lon="-123.13684877939522">
        <time>2005-08-04T18:49:05-07:00</time>
      </trkpt>
      <trkpt lat="41.912327064201236" lon="-123.13675221987069">
        <time>2005-08-04T18:49:11-07:00</time>
      </trkpt>
      <trkpt lat="41.91235078498721" lon="-123.13673168420792">
        <time>2005-08-04T18:49:14-07:00</time>
      </trkpt>
      <trkpt lat="41.9124239590019" lon="-123.1366774532944">
        <time>2005-08-04T18:49:22-07:00</time>
      </trkpt>
      <trkpt lat="41.912433514371514" lon="-123.13667326234281">
        <time>2005-08-04T18:49:25-07:00</time>
      </trkpt>
      <trkpt lat="41.91251398064196" lon="-123.13666538335383">
        <time>2005-08-04T18:49:31-07:00</time>
      </trkpt>
      <trkpt lat="41.912522530183196" lon="-123.13666362315416">
        <time>2005-08-04T18:49:32-07:00</time>
      </trkpt>
      <trkpt lat="41.91263719461858" lon="-123.13658843748271">
        <time>2005-08-04T18:49:39-07:00</time>
      </trkpt>
      <trkpt lat="41.912646582350135" lon="-123.13657594844699">
        <time>2005-08-04T18:49:40-07:00</time>
      </trkpt>
      <trkpt lat="41.91267667338252" lon="-123.13646136783063">
        <time>2005-08-04T18:49:50-07:00</time>
      </trkpt>
      <trkpt lat="41.912665190175176" lon="-123.13636464066803">
        <time>2005-08-04T18:49:51-07:00</time>
      </trkpt>
      <trkpt lat="41.912659825757146" lon="-123.13633320853114">
        <time>2005-08-04T18:49:58-07:00</time>
      </trkpt>
      <trkpt lat="41.912642223760486" lon="-123.13623488880694">
        <time>2005-08-04T18:50:04-07:00</time>
      </trkpt>
      <trkpt lat="41.912629483267665" lon="-123.13616657629609">
        <time>2005-08-04T18:50:06-07:00</time>
      </trkpt>
      <trkpt lat="41.91261598840356" lon="-123.13610279001296">
        <time>2005-08-04T18:50:13-07:00</time>
      </trkpt>
      <trkpt lat="41.91262126900256" lon="-123.1360466312617">
        <time>2005-08-04T18:50:17-07:00</time>
      </trkpt>
      <trkpt lat="41.91262353211641" lon="-123.13601285219193">
        <time>2005-08-04T18:50:21-07:00</time>
      </trkpt>
      <trkpt lat="41.912643229588866" lon="-123.13594277948141">
        <time>2005-08-04T18:50:25-07:00</time>
      </trkpt>
      <trkpt lat="41.912650438025594" lon="-123.1359141971916">
        <time>2005-08-04T18:50:27-07:00</time>
      </trkpt>
      <trkpt lat="41.912666615098715" lon="-123.13579760491848">
        <time>2005-08-04T18:50:32-07:00</time>
      </trkpt>
      <trkpt lat="41.91266871057451" lon="-123.13578017055988">
        <time>2005-08-04T18:50:34-07:00</time>
      </trkpt>
      <trkpt lat="41.91268254071474" lon="-123.13568226993084">
        <time>2005-08-04T18:50:41-07:00</time>
      </trkpt>
      <trkpt lat="41.91268648020923" lon="-123.135666847229">
        <time>2005-08-04T18:50:42-07:00</time>
      </trkpt>
      <trkpt lat="41.91271380521357" lon="-123.13561563380063">
        <time>2005-08-04T18:50:49-07:00</time>
      </trkpt>
      <trkpt lat="41.91272830590606" lon="-123.13558562658727">
        <time>2005-08-04T18:50:50-07:00</time>
      </trkpt>
      <trkpt lat="41.91278890706599" lon="-123.1354770809412">
        <time>2005-08-04T18:50:55-07:00</time>
      </trkpt>
      <trkpt lat="41.91281380131841" lon="-123.13543114811182">
        <time>2005-08-04T18:50:57-07:00</time>
      </trkpt>
      <trkpt lat="41.91284188069403" lon="-123.13538303598762">
        <time>2005-08-04T18:51:04-07:00</time>
      </trkpt>
      <trkpt lat="41.912867026403546" lon="-123.13532545231283">
        <time>2005-08-04T18:51:07-07:00</time>
      </trkpt>
      <trkpt lat="41.912908935919404" lon="-123.13524247147143">
        <time>2005-08-04T18:51:11-07:00</time>
      </trkpt>
      <trkpt lat="41.9129247777164" lon="-123.13520760275424">
        <time>2005-08-04T18:51:15-07:00</time>
      </trkpt>
      <trkpt lat="41.91295579075813" lon="-123.13511456362903">
        <time>2005-08-04T18:51:21-07:00</time>
      </trkpt>
      <trkpt lat="41.91296090371907" lon="-123.13510215841234">
        <time>2005-08-04T18:51:23-07:00</time>
      </trkpt>
      <trkpt lat="41.91301949322224" lon="-123.13501599244773">
        <time>2005-08-04T18:51:30-07:00</time>
      </trkpt>
      <trkpt lat="41.9130455609411" lon="-123.13492454588413">
        <time>2005-08-04T18:51:31-07:00</time>
      </trkpt>
      <trkpt lat="41.91306701861322" lon="-123.13487492501736">
        <time>2005-08-04T18:51:38-07:00</time>
      </trkpt>
      <trkpt lat="41.91308210603893" lon="-123.13485128805041">
        <time>2005-08-04T18:51:44-07:00</time>
      </trkpt>
      <trkpt lat="41.91313968971372" lon="-123.13475036993623">
        <time>2005-08-04T18:51:48-07:00</time>
      </trkpt>
      <trkpt lat="41.91319836303592" lon="-123.13466160558164">
        <time>2005-08-04T18:51:50-07:00</time>
      </trkpt>
      <trkpt lat="41.91320716403425" lon="-123.13465121202171">
        <time>2005-08-04T18:51:58-07:00</time>
      </trkpt>
      <trkpt lat="41.91325577907264" lon="-123.1345552392304">
        <time>2005-08-04T18:52:06-07:00</time>
      </trkpt>
      <trkpt lat="41.913280338048935" lon="-123.13445742242038">
        <time>2005-08-04T18:52:07-07:00</time>
      </trkpt>
      <trkpt lat="41.913281343877316" lon="-123.134411489591">
        <time>2005-08-04T18:52:14-07:00</time>
      </trkpt>
      <trkpt lat="41.91328754648566" lon="-123.13433513045311">
        <time>2005-08-04T18:52:20-07:00</time>
      </trkpt>
      <trkpt lat="41.91328796558082" lon="-123.13421996310353">
        <time>2005-08-04T18:52:23-07:00</time>
      </trkpt>
      <trkpt lat="41.91328905522823" lon="-123.13418241217732">
        <time>2005-08-04T18:52:27-07:00</time>
      </trkpt>
      <trkpt lat="41.91328645683825" lon="-123.13406154513359">
        <time>2005-08-04T18:52:34-07:00</time>
      </trkpt>
      <trkpt lat="41.91329031251371" lon="-123.13401686958969">
        <time>2005-08-04T18:52:36-07:00</time>
      </trkpt>
      <trkpt lat="41.91328788176179" lon="-123.13394428230822">
        <time>2005-08-04T18:52:43-07:00</time>
      </trkpt>
      <trkpt lat="41.913284780457616" lon="-123.13386691734195">
        <time>2005-08-04T18:52:45-07:00</time>
      </trkpt>
      <trkpt lat="41.913285283371806" lon="-123.13383582048118">
        <time>2005-08-04T18:52:50-07:00</time>
      </trkpt>
      <trkpt lat="41.91330255009234" lon="-123.13375652767718">
        <time>2005-08-04T18:52:55-07:00</time>
      </trkpt>
      <trkpt lat="41.91330833360553" lon="-123.13372819684446">
        <time>2005-08-04T18:52:57-07:00</time>
      </trkpt>
      <trkpt lat="41.91331780515611" lon="-123.13366927206516">
        <time>2005-08-04T18:53:02-07:00</time>
      </trkpt>
      <trkpt lat="41.91332308575511" lon="-123.13358863815665">
        <time>2005-08-04T18:53:04-07:00</time>
      </trkpt>
      <trkpt lat="41.91331956535578" lon="-123.13354773446918">
        <time>2005-08-04T18:53:08-07:00</time>
      </trkpt>
      <trkpt lat="41.913311183452606" lon="-123.13346492126584">
        <time>2005-08-04T18:53:13-07:00</time>
      </trkpt>
      <trkpt lat="41.913313614204526" lon="-123.13345142640173">
        <time>2005-08-04T18:53:16-07:00</time>
      </trkpt>
      <trkpt lat="41.913298945873976" lon="-123.13337070867419">
        <time>2005-08-04T18:53:21-07:00</time>
      </trkpt>
      <trkpt lat="41.91329710185528" lon="-123.13335402868688">
        <time>2005-08-04T18:53:22-07:00</time>
      </trkpt>
      <trkpt lat="41.913290144875646" lon="-123.13329468481243">
        <time>2005-08-04T18:53:27-07:00</time>
      </trkpt>
      <trkpt lat="41.91328218206763" lon="-123.13326652161777">
        <time>2005-08-04T18:53:28-07:00</time>
      </trkpt>
      <trkpt lat="41.91325871273875" lon="-123.13315370120108">
        <time>2005-08-04T18:53:32-07:00</time>
      </trkpt>
      <trkpt lat="41.91325427033007" lon="-123.13313517719507">
        <time>2005-08-04T18:53:34-07:00</time>
      </trkpt>
      <trkpt lat="41.91323272883892" lon="-123.13305890187621">
        <time>2005-08-04T18:53:41-07:00</time>
      </trkpt>
      <trkpt lat="41.913223173469305" lon="-123.13300467096269">
        <time>2005-08-04T18:53:42-07:00</time>
      </trkpt>
      <trkpt lat="41.91322535276413" lon="-123.13297332264483">
        <time>2005-08-04T18:53:47-07:00</time>
      </trkpt>
      <trkpt lat="41.913224179297686" lon="-123.13288413919508">
        <time>2005-08-04T18:53:50-07:00</time>
      </trkpt>
      <trkpt lat="41.91322484984994" lon="-123.13286829739809">
        <time>2005-08-04T18:53:52-07:00</time>
      </trkpt>
      <trkpt lat="41.91324035637081" lon="-123.1327850650996">
        <time>2005-08-04T18:53:57-07:00</time>
      </trkpt>
      <trkpt lat="41.91325142048299" lon="-123.13275748863816">
        <time>2005-08-04T18:53:58-07:00</time>
      </trkpt>
      <trkpt lat="41.913267597556114" lon="-123.13270971179008">
        <time>2005-08-04T18:54:03-07:00</time>
      </trkpt>
      <trkpt lat="41.91327815875411" lon="-123.13267123885453">
        <time>2005-08-04T18:54:05-07:00</time>
      </trkpt>
      <trkpt lat="41.91328612156212" lon="-123.13264408148825">
        <time>2005-08-04T18:54:08-07:00</time>
      </trkpt>
      <trkpt lat="41.91331956535578" lon="-123.13256830908358">
        <time>2005-08-04T18:54:11-07:00</time>
      </trkpt>
      <trkpt lat="41.91333984956145" lon="-123.13250351697206">
        <time>2005-08-04T18:54:13-07:00</time>
      </trkpt>
      <trkpt lat="41.913356026634574" lon="-123.13245406374335">
        <time>2005-08-04T18:54:17-07:00</time>
      </trkpt>
      <trkpt lat="41.91338117234409" lon="-123.13238197937608">
        <time>2005-08-04T18:54:21-07:00</time>
      </trkpt>
      <trkpt lat="41.91338762640953" lon="-123.13236647285521">
        <time>2005-08-04T18:54:24-07:00</time>
      </trkpt>
      <trkpt lat="41.9134255964309" lon="-123.13227469101548">
        <time>2005-08-04T18:54:30-07:00</time>
      </trkpt>
      <trkpt lat="41.9134668353945" lon="-123.13219380564988">
        <time>2005-08-04T18:54:31-07:00</time>
      </trkpt>
      <trkpt lat="41.91348443739116" lon="-123.13216916285455">
        <time>2005-08-04T18:54:38-07:00</time>
      </trkpt>
      <trkpt lat="41.913531962782145" lon="-123.13211518339813">
        <time>2005-08-04T18:54:44-07:00</time>
      </trkpt>
      <trkpt lat="41.91355551593006" lon="-123.13209808431566">
        <time>2005-08-04T18:54:46-07:00</time>
      </trkpt>
      <trkpt lat="41.91361343488097" lon="-123.13203128054738">
        <time>2005-08-04T18:54:51-07:00</time>
      </trkpt>
      <trkpt lat="41.91362609155476" lon="-123.13201594166458">
        <time>2005-08-04T18:54:54-07:00</time>
      </trkpt>
      <trkpt lat="41.91367722116411" lon="-123.13191871158779">
        <time>2005-08-04T18:54:59-07:00</time>
      </trkpt>
      <trkpt lat="41.91369105130434" lon="-123.13188761472702">
        <time>2005-08-04T18:55:00-07:00</time>
      </trkpt>
      <trkpt lat="41.9137208070606" lon="-123.13181360252202">
        <time>2005-08-04T18:55:07-07:00</time>
      </trkpt>
      <trkpt lat="41.9137485511601" lon="-123.13175601884723">
        <time>2005-08-04T18:55:09-07:00</time>
      </trkpt>
      <trkpt lat="41.91377813927829" lon="-123.13170472159982">
        <time>2005-08-04T18:55:15-07:00</time>
      </trkpt>
      <trkpt lat="41.91378727555275" lon="-123.13168611377478">
        <time>2005-08-04T18:55:19-07:00</time>
      </trkpt>
      <trkpt lat="41.91383429802954" lon="-123.13162031583488">
        <time>2005-08-04T18:55:24-07:00</time>
      </trkpt>
      <trkpt lat="41.9138658978045" lon="-123.131557200104">
        <time>2005-08-04T18:55:25-07:00</time>
      </trkpt>
      <trkpt lat="41.913880398496985" lon="-123.1315035559237">
        <time>2005-08-04T18:55:31-07:00</time>
      </trkpt>
      <trkpt lat="41.91393253393471" lon="-123.13139752484858">
        <time>2005-08-04T18:55:36-07:00</time>
      </trkpt>
      <trkpt lat="41.91394267603755" lon="-123.13138528726995">
        <time>2005-08-04T18:55:40-07:00</time>
      </trkpt>
      <trkpt lat="41.91396916285157" lon="-123.13134186901152">
        <time>2005-08-04T18:55:48-07:00</time>
      </trkpt>
      <trkpt lat="41.91400520503521" lon="-123.13130071386695">
        <time>2005-08-04T18:55:49-07:00</time>
      </trkpt>
      <trkpt lat="41.91405440680683" lon="-123.13122443854809">
        <time>2005-08-04T18:55:53-07:00</time>
      </trkpt>
      <trkpt lat="41.91406496800482" lon="-123.13121211715043">
        <time>2005-08-04T18:55:57-07:00</time>
      </trkpt>
      <trkpt lat="41.91406052559614" lon="-123.13121764920652">
        <time>2005-08-04T18:56:05-07:00</time>
      </trkpt>
      <trkpt lat="41.91406320780516" lon="-123.13122167252004">
        <time>2005-08-04T18:56:08-07:00</time>
      </trkpt>
      <trkpt lat="41.91408257000148" lon="-123.13121144659817">
        <time>2005-08-04T18:56:10-07:00</time>
      </trkpt>
      <trkpt lat="41.914101177826524" lon="-123.13117917627096">
        <time>2005-08-04T18:56:11-07:00</time>
      </trkpt>
      <trkpt lat="41.914103692397475" lon="-123.13116400502622">
        <time>2005-08-04T18:56:13-07:00</time>
      </trkpt>
      <trkpt lat="41.914150128141046" lon="-123.13108102418482">
        <time>2005-08-04T18:56:15-07:00</time>
      </trkpt>
      <trkpt lat="41.91419287584722" lon="-123.13098379410803">
        <time>2005-08-04T18:56:16-07:00</time>
      </trkpt>
      <trkpt lat="41.91423143260181" lon="-123.13091749325395">
        <time>2005-08-04T18:56:22-07:00</time>
      </trkpt>
      <trkpt lat="41.91423931159079" lon="-123.1309012323618">
        <time>2005-08-04T18:56:28-07:00</time>
      </trkpt>
      <trkpt lat="41.91429295577109" lon="-123.13081934116781">
        <time>2005-08-04T18:56:33-07:00</time>
      </trkpt>
      <trkpt lat="41.914303014054894" lon="-123.13080894760787">
        <time>2005-08-04T18:56:34-07:00</time>
      </trkpt>
      <trkpt lat="41.91438700072467" lon="-123.13071657903492">
        <time>2005-08-04T18:56:41-07:00</time>
      </trkpt>
      <trkpt lat="41.91440887749195" lon="-123.13070140779018">
        <time>2005-08-04T18:56:42-07:00</time>
      </trkpt>
      <trkpt lat="41.914446763694286" lon="-123.1306678801775">
        <time>2005-08-04T18:56:51-07:00</time>
      </trkpt>
      <trkpt lat="41.91450208425522" lon="-123.13062404282391">
        <time>2005-08-04T18:56:53-07:00</time>
      </trkpt>
      <trkpt lat="41.91455086693168" lon="-123.13057425431907">
        <time>2005-08-04T18:56:57-07:00</time>
      </trkpt>
      <trkpt lat="41.91461062990129" lon="-123.13051113858819">
        <time>2005-08-04T18:57:02-07:00</time>
      </trkpt>
      <trkpt lat="41.914634350687265" lon="-123.13049169257283">
        <time>2005-08-04T18:57:08-07:00</time>
      </trkpt>
      <trkpt lat="41.91472646780312" lon="-123.13048456795514">
        <time>2005-08-04T18:57:14-07:00</time>
      </trkpt>
      <trkpt lat="41.91473853774369" lon="-123.13049051910639">
        <time>2005-08-04T18:57:17-07:00</time>
      </trkpt>
      <trkpt lat="41.91481648944318" lon="-123.13055472448468">
        <time>2005-08-04T18:57:25-07:00</time>
      </trkpt>
      <trkpt lat="41.914824368432164" lon="-123.13056671060622">
        <time>2005-08-04T18:57:26-07:00</time>
      </trkpt>
      <trkpt lat="41.914828307926655" lon="-123.13064482994378">
        <time>2005-08-04T18:57:34-07:00</time>
      </trkpt>
      <trkpt lat="41.91482503898442" lon="-123.13065698370337">
        <time>2005-08-04T18:57:35-07:00</time>
      </trkpt>
      <trkpt lat="41.914825374260545" lon="-123.13072705641389">
        <time>2005-08-04T18:57:41-07:00</time>
      </trkpt>
      <trkpt lat="41.91482696682215" lon="-123.1307595781982">
        <time>2005-08-04T18:57:42-07:00</time>
      </trkpt>
      <trkpt lat="41.91484314389527" lon="-123.13082378357649">
        <time>2005-08-04T18:57:46-07:00</time>
      </trkpt>
      <trkpt lat="41.914856219664216" lon="-123.13087541610003">
        <time>2005-08-04T18:57:48-07:00</time>
      </trkpt>
      <trkpt lat="41.914879102259874" lon="-123.13092495314777">
        <time>2005-08-04T18:57:52-07:00</time>
      </trkpt>
      <trkpt lat="41.91489108838141" lon="-123.13097256235778">
        <time>2005-08-04T18:57:55-07:00</time>
      </trkpt>
      <trkpt lat="41.9149106182158" lon="-123.13101908192039">
        <time>2005-08-04T18:57:59-07:00</time>
      </trkpt>
      <trkpt lat="41.91493769176304" lon="-123.13106962479651">
        <time>2005-08-04T18:58:02-07:00</time>
      </trkpt>
      <trkpt lat="41.91496845334768" lon="-123.13111966475844">
        <time>2005-08-04T18:58:05-07:00</time>
      </trkpt>
      <trkpt lat="41.91498974338174" lon="-123.13115989789367">
        <time>2005-08-04T18:58:09-07:00</time>
      </trkpt>
      <trkpt lat="41.91502444446087" lon="-123.13119887374341">
        <time>2005-08-04T18:58:13-07:00</time>
      </trkpt>
      <trkpt lat="41.91506308503449" lon="-123.1312390230596">
        <time>2005-08-04T18:58:16-07:00</time>
      </trkpt>
      <trkpt lat="41.915094181895256" lon="-123.13126425258815">
        <time>2005-08-04T18:58:20-07:00</time>
      </trkpt>
      <trkpt lat="41.915135169401765" lon="-123.13128805719316">
        <time>2005-08-04T18:58:24-07:00</time>
      </trkpt>
      <trkpt lat="41.91518319770694" lon="-123.13131102360785">
        <time>2005-08-04T18:58:27-07:00</time>
      </trkpt>
      <trkpt lat="41.91521228291094" lon="-123.13133206218481">
        <time>2005-08-04T18:58:31-07:00</time>
      </trkpt>
      <trkpt lat="41.91527707502246" lon="-123.13136634416878">
        <time>2005-08-04T18:58:35-07:00</time>
      </trkpt>
      <trkpt lat="41.915288642048836" lon="-123.131372211501">
        <time>2005-08-04T18:58:38-07:00</time>
      </trkpt>
      <trkpt lat="41.91536106169224" lon="-123.1313949264586">
        <time>2005-08-04T18:58:44-07:00</time>
      </trkpt>
      <trkpt lat="41.915372125804424" lon="-123.13139903359115">
        <time>2005-08-04T18:58:45-07:00</time>
      </trkpt>
      <trkpt lat="41.91544722765684" lon="-123.13143717125058">
        <time>2005-08-04T18:58:51-07:00</time>
      </trkpt>
      <trkpt lat="41.915538255125284" lon="-123.13147665001452">
        <time>2005-08-04T18:58:52-07:00</time>
      </trkpt>
      <trkpt lat="41.9155546836555" lon="-123.13149634748697">
        <time>2005-08-04T18:58:59-07:00</time>
      </trkpt>
      <trkpt lat="41.91558100283146" lon="-123.13155569136143">
        <time>2005-08-04T18:59:07-07:00</time>
      </trkpt>
      <trkpt lat="41.91558829508722" lon="-123.13162492588162">
        <time>2005-08-04T18:59:09-07:00</time>
      </trkpt>
      <trkpt lat="41.915587708353996" lon="-123.13165275380015">
        <time>2005-08-04T18:59:14-07:00</time>
      </trkpt>
      <trkpt lat="41.915575889870524" lon="-123.13172022812068">
        <time>2005-08-04T18:59:18-07:00</time>
      </trkpt>
      <trkpt lat="41.91556490957737" lon="-123.1317451223731">
        <time>2005-08-04T18:59:20-07:00</time>
      </trkpt>
      <trkpt lat="41.915542781353" lon="-123.13179306685925">
        <time>2005-08-04T18:59:25-07:00</time>
      </trkpt>
      <trkpt lat="41.91551025956869" lon="-123.13184889033437">
        <time>2005-08-04T18:59:27-07:00</time>
      </trkpt>
      <trkpt lat="41.91548494622111" lon="-123.1318835914135">
        <time>2005-08-04T18:59:31-07:00</time>
      </trkpt>
      <trkpt lat="41.915466506034136" lon="-123.13191183842719">
        <time>2005-08-04T18:59:35-07:00</time>
      </trkpt>
      <trkpt lat="41.91544119268656" lon="-123.13195391558111">
        <time>2005-08-04T18:59:39-07:00</time>
      </trkpt>
      <trkpt lat="41.91539626568556" lon="-123.13203572295606">
        <time>2005-08-04T18:59:42-07:00</time>
      </trkpt>
      <trkpt lat="41.91538453102112" lon="-123.13206346705556">
        <time>2005-08-04T18:59:46-07:00</time>
      </trkpt>
      <trkpt lat="41.91533516161144" lon="-123.13216757029295">
        <time>2005-08-04T18:59:52-07:00</time>
      </trkpt>
      <trkpt lat="41.915311524644494" lon="-123.13222699798644">
        <time>2005-08-04T18:59:54-07:00</time>
      </trkpt>
      <trkpt lat="41.915289144963026" lon="-123.13229028135538">
        <time>2005-08-04T19:00:01-07:00</time>
      </trkpt>
      <trkpt lat="41.91527171060443" lon="-123.1323809735477">
        <time>2005-08-04T19:00:04-07:00</time>
      </trkpt>
      <trkpt lat="41.91526718437672" lon="-123.13239639624953">
        <time>2005-08-04T19:00:08-07:00</time>
      </trkpt>
      <trkpt lat="41.915249079465866" lon="-123.13249781727791">
        <time>2005-08-04T19:00:14-07:00</time>
      </trkpt>
      <trkpt lat="41.9152301363647" lon="-123.13255431130528">
        <time>2005-08-04T19:00:15-07:00</time>
      </trkpt>
      <trkpt lat="41.915228962898254" lon="-123.13261206261814">
        <time>2005-08-04T19:00:21-07:00</time>
      </trkpt>
      <trkpt lat="41.91523709334433" lon="-123.13270669430494">
        <time>2005-08-04T19:00:25-07:00</time>
      </trkpt>
      <trkpt lat="41.9152422901243" lon="-123.13272421248257">
        <time>2005-08-04T19:00:28-07:00</time>
      </trkpt>
      <trkpt lat="41.91527187824249" lon="-123.13279738649726">
        <time>2005-08-04T19:00:34-07:00</time>
      </trkpt>
      <trkpt lat="41.91533465869725" lon="-123.13286972232163">
        <time>2005-08-04T19:00:35-07:00</time>
      </trkpt>
      <trkpt lat="41.91537614911795" lon="-123.13291037455201">
        <time>2005-08-04T19:00:40-07:00</time>
      </trkpt>
      <trkpt lat="41.91538612358272" lon="-123.13292202539742">
        <time>2005-08-04T19:00:46-07:00</time>
      </trkpt>
      <trkpt lat="41.91539333201945" lon="-123.13293384388089">
        <time>2005-08-04T19:00:50-07:00</time>
      </trkpt>
      <trkpt lat="41.91542417742312" lon="-123.13302076421678">
        <time>2005-08-04T19:00:51-07:00</time>
      </trkpt>
      <trkpt lat="41.91542912274599" lon="-123.13307398930192">
        <time>2005-08-04T19:00:52-07:00</time>
      </trkpt>
      <trkpt lat="41.9154304638505" lon="-123.13308983109891">
        <time>2005-08-04T19:00:58-07:00</time>
      </trkpt>
      <trkpt lat="41.91542241722345" lon="-123.13314473256469">
        <time>2005-08-04T19:01:02-07:00</time>
      </trkpt>
      <trkpt lat="41.915415208786726" lon="-123.13317557796836">
        <time>2005-08-04T19:01:03-07:00</time>
      </trkpt>
      <trkpt lat="41.915399534627795" lon="-123.13324330374599">
        <time>2005-08-04T19:01:06-07:00</time>
      </trkpt>
      <trkpt lat="41.91537237726152" lon="-123.13328630290926">
        <time>2005-08-04T19:01:08-07:00</time>
      </trkpt>
      <trkpt lat="41.91534840501845" lon="-123.13333516940475">
        <time>2005-08-04T19:01:12-07:00</time>
      </trkpt>
      <trkpt lat="41.91530691459775" lon="-123.13341940753162">
        <time>2005-08-04T19:01:16-07:00</time>
      </trkpt>
      <trkpt lat="41.91529677249491" lon="-123.13343332149088">
        <time>2005-08-04T19:01:19-07:00</time>
      </trkpt>
      <trkpt lat="41.91526601091027" lon="-123.13350917771459">
        <time>2005-08-04T19:01:25-07:00</time>
      </trkpt>
      <trkpt lat="41.91524153575301" lon="-123.13359073363245">
        <time>2005-08-04T19:01:26-07:00</time>
      </trkpt>
      <trkpt lat="41.91520138643682" lon="-123.13368964008987">
        <time>2005-08-04T19:01:31-07:00</time>
      </trkpt>
      <trkpt lat="41.91518579609692" lon="-123.13378267921507">
        <time>2005-08-04T19:01:36-07:00</time>
      </trkpt>
      <trkpt lat="41.91518277861178" lon="-123.133798353374">
        <time>2005-08-04T19:01:43-07:00</time>
      </trkpt>
      <trkpt lat="41.91516869701445" lon="-123.13390631228685">
        <time>2005-08-04T19:01:49-07:00</time>
      </trkpt>
      <trkpt lat="41.9151661824435" lon="-123.13391930423677">
        <time>2005-08-04T19:01:50-07:00</time>
      </trkpt>
      <trkpt lat="41.915140617638826" lon="-123.13403639942408">
        <time>2005-08-04T19:01:57-07:00</time>
      </trkpt>
      <trkpt lat="41.91513441503048" lon="-123.13406841829419">
        <time>2005-08-04T19:01:58-07:00</time>
      </trkpt>
      <trkpt lat="41.91513692960143" lon="-123.13416665419936">
        <time>2005-08-04T19:02:05-07:00</time>
      </trkpt>
      <trkpt lat="41.915180599316955" lon="-123.13431174494326">
        <time>2005-08-04T19:02:07-07:00</time>
      </trkpt>
      <trkpt lat="41.91524011082947" lon="-123.13441467471421">
        <time>2005-08-04T19:02:13-07:00</time>
      </trkpt>
      <trkpt lat="41.91526693291962" lon="-123.13446002081037">
        <time>2005-08-04T19:02:22-07:00</time>
      </trkpt>
      <trkpt lat="41.91529140807688" lon="-123.13450997695327">
        <time>2005-08-04T19:02:30-07:00</time>
      </trkpt>
      <trkpt lat="41.91530683077872" lon="-123.13453143462539">
        <time>2005-08-04T19:02:33-07:00</time>
      </trkpt>
      <trkpt lat="41.91534781828523" lon="-123.13460770994425">
        <time>2005-08-04T19:02:37-07:00</time>
      </trkpt>
      <trkpt lat="41.91537539474666" lon="-123.13465062528849">
        <time>2005-08-04T19:02:39-07:00</time>
      </trkpt>
      <trkpt lat="41.91542845219374" lon="-123.13470837660134">
        <time>2005-08-04T19:02:45-07:00</time>
      </trkpt>
      <trkpt lat="41.91550833173096" lon="-123.13475045375526">
        <time>2005-08-04T19:02:48-07:00</time>
      </trkpt>
      <trkpt lat="41.91551646217704" lon="-123.13475573435426">
        <time>2005-08-04T19:02:53-07:00</time>
      </trkpt>
      <trkpt lat="41.915609668940306" lon="-123.13476688228548">
        <time>2005-08-04T19:02:59-07:00</time>
      </trkpt>
      <trkpt lat="41.91567865200341" lon="-123.13475984148681">
        <time>2005-08-04T19:03:00-07:00</time>
      </trkpt>
      <trkpt lat="41.91570019349456" lon="-123.13475489616394">
        <time>2005-08-04T19:03:07-07:00</time>
      </trkpt>
      <trkpt lat="41.91574771888554" lon="-123.13473545014858">
        <time>2005-08-04T19:03:12-07:00</time>
      </trkpt>
      <trkpt lat="41.915767919272184" lon="-123.13472673296928">
        <time>2005-08-04T19:03:14-07:00</time>
      </trkpt>
      <trkpt lat="41.91579985432327" lon="-123.13471072353423">
        <time>2005-08-04T19:03:19-07:00</time>
      </trkpt>
      <trkpt lat="41.915877889841795" lon="-123.13467593863606">
        <time>2005-08-04T19:03:21-07:00</time>
      </trkpt>
      <trkpt lat="41.91598065197468" lon="-123.13464534468949">
        <time>2005-08-04T19:03:24-07:00</time>
      </trkpt>
      <trkpt lat="41.916034212335944" lon="-123.134630843997">
        <time>2005-08-04T19:03:30-07:00</time>
      </trkpt>
      <trkpt lat="41.91606229171157" lon="-123.13462916761637">
        <time>2005-08-04T19:03:39-07:00</time>
      </trkpt>
      <trkpt lat="41.91608576104045" lon="-123.13463168218732">
        <time>2005-08-04T19:03:44-07:00</time>
      </trkpt>
      <trkpt lat="41.9161609467119" lon="-123.13463168218732">
        <time>2005-08-04T19:03:48-07:00</time>
      </trkpt>
      <trkpt lat="41.91616773605347" lon="-123.13463008962572">
        <time>2005-08-04T19:03:52-07:00</time>
      </trkpt>
      <trkpt lat="41.91626203246415" lon="-123.13462958671153">
        <time>2005-08-04T19:03:59-07:00</time>
      </trkpt>
      <trkpt lat="41.91628483124077" lon="-123.1346363760531">
        <time>2005-08-04T19:04:00-07:00</time>
      </trkpt>
      <trkpt lat="41.916320621967316" lon="-123.13464878126979">
        <time>2005-08-04T19:04:08-07:00</time>
      </trkpt>
      <trkpt lat="41.91636806353927" lon="-123.13469924032688">
        <time>2005-08-04T19:04:10-07:00</time>
      </trkpt>
      <trkpt lat="41.916377199813724" lon="-123.13470426946878">
        <time>2005-08-04T19:04:15-07:00</time>
      </trkpt>
      <trkpt lat="41.916422713547945" lon="-123.1347658764571">
        <time>2005-08-04T19:04:20-07:00</time>
      </trkpt>
      <trkpt lat="41.91642648540437" lon="-123.13477668911219">
        <time>2005-08-04T19:04:21-07:00</time>
      </trkpt>
      <trkpt lat="41.91643855534494" lon="-123.13486587256193">
        <time>2005-08-04T19:04:27-07:00</time>
      </trkpt>
      <trkpt lat="41.91643419675529" lon="-123.13491616398096">
        <time>2005-08-04T19:04:28-07:00</time>
      </trkpt>
      <trkpt lat="41.91643989644945" lon="-123.134979698807">
        <time>2005-08-04T19:04:33-07:00</time>
      </trkpt>
      <trkpt lat="41.916432436555624" lon="-123.13506184145808">
        <time>2005-08-04T19:04:36-07:00</time>
      </trkpt>
      <trkpt lat="41.91641567274928" lon="-123.13511825166643">
        <time>2005-08-04T19:04:40-07:00</time>
      </trkpt>
      <trkpt lat="41.9164009205997" lon="-123.1351612508297">
        <time>2005-08-04T19:04:45-07:00</time>
      </trkpt>
      <trkpt lat="41.91637602634728" lon="-123.13524976372719">
        <time>2005-08-04T19:04:49-07:00</time>
      </trkpt>
      <trkpt lat="41.916349958628416" lon="-123.135288907215">
        <time>2005-08-04T19:04:52-07:00</time>
      </trkpt>
      <trkpt lat="41.91632674075663" lon="-123.13536727800965">
        <time>2005-08-04T19:04:57-07:00</time>
      </trkpt>
      <trkpt lat="41.91631064750254" lon="-123.13542259857059">
        <time>2005-08-04T19:05:00-07:00</time>
      </trkpt>
      <trkpt lat="41.91629153676331" lon="-123.13551102764904">
        <time>2005-08-04T19:05:05-07:00</time>
      </trkpt>
      <trkpt lat="41.916279550641775" lon="-123.13569752499461">
        <time>2005-08-04T19:05:09-07:00</time>
      </trkpt>
      <trkpt lat="41.91630461253226" lon="-123.13580053858459">
        <time>2005-08-04T19:05:14-07:00</time>
      </trkpt>
      <trkpt lat="41.916320538148284" lon="-123.13592132180929">
        <time>2005-08-04T19:05:25-07:00</time>
      </trkpt>
      <trkpt lat="41.916317185387015" lon="-123.1360386684537">
        <time>2005-08-04T19:05:31-07:00</time>
      </trkpt>
      <trkpt lat="41.916310396045446" lon="-123.13612374477088">
        <time>2005-08-04T19:05:38-07:00</time>
      </trkpt>
      <trkpt lat="41.91630804911256" lon="-123.1361385807395">
        <time>2005-08-04T19:05:45-07:00</time>
      </trkpt>
      <trkpt lat="41.916301092132926" lon="-123.13617370091379">
        <time>2005-08-04T19:05:50-07:00</time>
      </trkpt>
      <trkpt lat="41.916300002485514" lon="-123.13620395958424">
        <time>2005-08-04T19:05:51-07:00</time>
      </trkpt>
      <trkpt lat="41.91630612127483" lon="-123.13625701703131">
        <time>2005-08-04T19:05:53-07:00</time>
      </trkpt>
      <trkpt lat="41.91630846820772" lon="-123.13627302646637">
        <time>2005-08-04T19:05:55-07:00</time>
      </trkpt>
      <trkpt lat="41.916343001648784" lon="-123.13639640808105">
        <time>2005-08-04T19:05:58-07:00</time>
      </trkpt>
      <trkpt lat="41.91635062918067" lon="-123.1364115793258">
        <time>2005-08-04T19:05:59-07:00</time>
      </trkpt>
      <trkpt lat="41.916363034397364" lon="-123.13643991015851">
        <time>2005-08-04T19:06:07-07:00</time>
      </trkpt>
      <trkpt lat="41.91642531193793" lon="-123.13649699091911">
        <time>2005-08-04T19:06:08-07:00</time>
      </trkpt>
      <trkpt lat="41.916504772379994" lon="-123.136544264853">
        <time>2005-08-04T19:06:10-07:00</time>
      </trkpt>
      <trkpt lat="41.91653243266046" lon="-123.13655549660325">
        <time>2005-08-04T19:06:16-07:00</time>
      </trkpt>
      <trkpt lat="41.91661776043475" lon="-123.13660922460258">
        <time>2005-08-04T19:06:23-07:00</time>
      </trkpt>
      <trkpt lat="41.91663226112723" lon="-123.1366148404777">
        <time>2005-08-04T19:06:25-07:00</time>
      </trkpt>
      <trkpt lat="41.91671306267381" lon="-123.13663990236819">
        <time>2005-08-04T19:06:33-07:00</time>
      </trkpt>
      <trkpt lat="41.91675807349384" lon="-123.13665306195617">
        <time>2005-08-04T19:06:34-07:00</time>
      </trkpt>
      <trkpt lat="41.91682462580502" lon="-123.13668265007436">
        <time>2005-08-04T19:06:40-07:00</time>
      </trkpt>
      <trkpt lat="41.91690098494291" lon="-123.1367062870413">
        <time>2005-08-04T19:06:44-07:00</time>
      </trkpt>
      <trkpt lat="41.91692043095827" lon="-123.13671148382127">
        <time>2005-08-04T19:06:50-07:00</time>
      </trkpt>
      <trkpt lat="41.917018415406346" lon="-123.13674098812044">
        <time>2005-08-04T19:06:56-07:00</time>
      </trkpt>
      <trkpt lat="41.91707784309983" lon="-123.13678683713078">
        <time>2005-08-04T19:06:58-07:00</time>
      </trkpt>
      <trkpt lat="41.91710600629449" lon="-123.1367947999388">
        <time>2005-08-04T19:07:06-07:00</time>
      </trkpt>
      <trkpt lat="41.91721262410283" lon="-123.13685674220324">
        <time>2005-08-04T19:07:11-07:00</time>
      </trkpt>
      <trkpt lat="41.91723751835525" lon="-123.13686939887702">
        <time>2005-08-04T19:07:13-07:00</time>
      </trkpt>
      <trkpt lat="41.91731748171151" lon="-123.13693519681692">
        <time>2005-08-04T19:07:22-07:00</time>
      </trkpt>
      <trkpt lat="41.917352601885796" lon="-123.13697459176183">
        <time>2005-08-04T19:07:24-07:00</time>
      </trkpt>
      <trkpt lat="41.917416639626026" lon="-123.13703812658787">
        <time>2005-08-04T19:07:31-07:00</time>
      </trkpt>
      <trkpt lat="41.91745460964739" lon="-123.13709076493979">
        <time>2005-08-04T19:07:35-07:00</time>
      </trkpt>
      <trkpt lat="41.91750867292285" lon="-123.1371542159468">
        <time>2005-08-04T19:07:41-07:00</time>
      </trkpt>
      <trkpt lat="41.917528454214334" lon="-123.13717441633344">
        <time>2005-08-04T19:07:45-07:00</time>
      </trkpt>
      <trkpt lat="41.91762794740498" lon="-123.13725270330906">
        <time>2005-08-04T19:07:51-07:00</time>
      </trkpt>
      <trkpt lat="41.917638843879104" lon="-123.13725798390806">
        <time>2005-08-04T19:07:53-07:00</time>
      </trkpt>
      <trkpt lat="41.91774160601199" lon="-123.13730140216649">
        <time>2005-08-04T19:08:02-07:00</time>
      </trkpt>
      <trkpt lat="41.91782500594854" lon="-123.13731665723026">
        <time>2005-08-04T19:08:03-07:00</time>
      </trkpt>
      <trkpt lat="41.91786389797926" lon="-123.13731933943927">
        <time>2005-08-04T19:08:12-07:00</time>
      </trkpt>
      <trkpt lat="41.91797646693885" lon="-123.13730986788869">
        <time>2005-08-04T19:08:19-07:00</time>
      </trkpt>
      <trkpt lat="41.91798652522266" lon="-123.13730852678418">
        <time>2005-08-04T19:08:22-07:00</time>
      </trkpt>
      <trkpt lat="41.918063974007964" lon="-123.13730894587934">
        <time>2005-08-04T19:08:31-07:00</time>
      </trkpt>
      <trkpt lat="41.91816732287407" lon="-123.13733400776982">
        <time>2005-08-04T19:08:32-07:00</time>
      </trkpt>
      <trkpt lat="41.91817997954786" lon="-123.13733794726431">
        <time>2005-08-04T19:08:38-07:00</time>
      </trkpt>
      <trkpt lat="41.918220380321145" lon="-123.13735471107066">
        <time>2005-08-04T19:08:46-07:00</time>
      </trkpt>
      <trkpt lat="41.918244771659374" lon="-123.13736502081156">
        <time>2005-08-04T19:08:47-07:00</time>
      </trkpt>
      <trkpt lat="41.9182572606951" lon="-123.13737046904862">
        <time>2005-08-04T19:08:50-07:00</time>
      </trkpt>
      <trkpt lat="41.91833286546171" lon="-123.13744188286364">
        <time>2005-08-04T19:08:52-07:00</time>
      </trkpt>
      <trkpt lat="41.918345019221306" lon="-123.13745160587132">
        <time>2005-08-04T19:08:53-07:00</time>
      </trkpt>
      <trkpt lat="41.918406542390585" lon="-123.13751547597349">
        <time>2005-08-04T19:09:00-07:00</time>
      </trkpt>
      <trkpt lat="41.918428000062704" lon="-123.13753408379853">
        <time>2005-08-04T19:09:01-07:00</time>
      </trkpt>
      <trkpt lat="41.918466221541166" lon="-123.13757758587599">
        <time>2005-08-04T19:09:07-07:00</time>
      </trkpt>
      <trkpt lat="41.91850016824901" lon="-123.1376117002219">
        <time>2005-08-04T19:09:09-07:00</time>
      </trkpt>
      <trkpt lat="41.918510645627975" lon="-123.13762092031538">
        <time>2005-08-04T19:09:13-07:00</time>
      </trkpt>
      <trkpt lat="41.91853788681328" lon="-123.13765184953809">
        <time>2005-08-04T19:09:16-07:00</time>
      </trkpt>
      <trkpt lat="41.918574599549174" lon="-123.13767959363759">
        <time>2005-08-04T19:09:17-07:00</time>
      </trkpt>
      <trkpt lat="41.91858943551779" lon="-123.13768244348466">
        <time>2005-08-04T19:09:20-07:00</time>
      </trkpt>
      <trkpt lat="41.91865799948573" lon="-123.13772493973374">
        <time>2005-08-04T19:09:24-07:00</time>
      </trkpt>
      <trkpt lat="41.9187268987298" lon="-123.13775268383324">
        <time>2005-08-04T19:09:25-07:00</time>
      </trkpt>
      <trkpt lat="41.918750032782555" lon="-123.13775947317481">
        <time>2005-08-04T19:09:31-07:00</time>
      </trkpt>
      <trkpt lat="41.91880501806736" lon="-123.13775947317481">
        <time>2005-08-04T19:09:36-07:00</time>
      </trkpt>
      <trkpt lat="41.91882555373013" lon="-123.13776190392673">
        <time>2005-08-04T19:09:38-07:00</time>
      </trkpt>
      <trkpt lat="41.91889545880258" lon="-123.13775427639484">
        <time>2005-08-04T19:09:43-07:00</time>
      </trkpt>
      <trkpt lat="41.918937200680375" lon="-123.13774798996747">
        <time>2005-08-04T19:09:45-07:00</time>
      </trkpt>
      <trkpt lat="41.919037364423275" lon="-123.13771982677281">
        <time>2005-08-04T19:09:50-07:00</time>
      </trkpt>
      <trkpt lat="41.9191172439605" lon="-123.13769744709134">
        <time>2005-08-04T19:09:53-07:00</time>
      </trkpt>
      <trkpt lat="41.91912998445332" lon="-123.13769702799618">
        <time>2005-08-04T19:10:01-07:00</time>
      </trkpt>
      <trkpt lat="41.91920458339155" lon="-123.13771940767765">
        <time>2005-08-04T19:10:08-07:00</time>
      </trkpt>
      <trkpt lat="41.91923400387168" lon="-123.13773700967431">
        <time>2005-08-04T19:10:09-07:00</time>
      </trkpt>
      <trkpt lat="41.91926971077919" lon="-123.13780792057514">
        <time>2005-08-04T19:10:15-07:00</time>
      </trkpt>
      <trkpt lat="41.919276332482696" lon="-123.13782376237214">
        <time>2005-08-04T19:10:17-07:00</time>
      </trkpt>
      <trkpt lat="41.91928060725331" lon="-123.1378913205117">
        <time>2005-08-04T19:10:22-07:00</time>
      </trkpt>
      <trkpt lat="41.91928094252944" lon="-123.13794177956879">
        <time>2005-08-04T19:10:23-07:00</time>
      </trkpt>
      <trkpt lat="41.919281193986535" lon="-123.1379550229758">
        <time>2005-08-04T19:10:27-07:00</time>
      </trkpt>
      <trkpt lat="41.91930055618286" lon="-123.13809215091169">
        <time>2005-08-04T19:10:30-07:00</time>
      </trkpt>
      <trkpt lat="41.919332072138786" lon="-123.13820446841419">
        <time>2005-08-04T19:10:31-07:00</time>
      </trkpt>
      <trkpt lat="41.91934950649738" lon="-123.13825358636677">
        <time>2005-08-04T19:10:39-07:00</time>
      </trkpt>
      <trkpt lat="41.919375993311405" lon="-123.13833053223789">
        <time>2005-08-04T19:10:46-07:00</time>
      </trkpt>
      <trkpt lat="41.91939619369805" lon="-123.13837705180049">
        <time>2005-08-04T19:10:49-07:00</time>
      </trkpt>
      <trkpt lat="41.919408263638616" lon="-123.13841451890767">
        <time>2005-08-04T19:10:54-07:00</time>
      </trkpt>
      <trkpt lat="41.919443886727095" lon="-123.13846992328763">
        <time>2005-08-04T19:10:57-07:00</time>
      </trkpt>
      <trkpt lat="41.91947548650205" lon="-123.13852272927761">
        <time>2005-08-04T19:11:00-07:00</time>
      </trkpt>
      <trkpt lat="41.919523011893034" lon="-123.13860051333904">
        <time>2005-08-04T19:11:04-07:00</time>
      </trkpt>
      <trkpt lat="41.91957573406398" lon="-123.13878843560815">
        <time>2005-08-04T19:11:08-07:00</time>
      </trkpt>
      <trkpt lat="41.919578332453966" lon="-123.1388031039387">
        <time>2005-08-04T19:11:14-07:00</time>
      </trkpt>
      <trkpt lat="41.91959459334612" lon="-123.13890393823385">
        <time>2005-08-04T19:11:26-07:00</time>
      </trkpt>
      <trkpt lat="41.91959945484996" lon="-123.13893721438944">
        <time>2005-08-04T19:11:27-07:00</time>
      </trkpt>
      <trkpt lat="41.919601215049624" lon="-123.1389553193003">
        <time>2005-08-04T19:11:33-07:00</time>
      </trkpt>
      <trkpt lat="41.91961387172341" lon="-123.13901977613568">
        <time>2005-08-04T19:11:35-07:00</time>
      </trkpt>
      <trkpt lat="41.919626109302044" lon="-123.13908733427525">
        <time>2005-08-04T19:11:36-07:00</time>
      </trkpt>
      <trkpt lat="41.91965293139219" lon="-123.13918565399945">
        <time>2005-08-04T19:11:40-07:00</time>
      </trkpt>
      <trkpt lat="41.9196561165154" lon="-123.13921499066055">
        <time>2005-08-04T19:11:44-07:00</time>
      </trkpt>
      <trkpt lat="41.91963138990104" lon="-123.13926000148058">
        <time>2005-08-04T19:11:51-07:00</time>
      </trkpt>
      <trkpt lat="41.91962870769203" lon="-123.13925891183317">
        <time>2005-08-04T19:11:53-07:00</time>
      </trkpt>
      <trkpt lat="41.91963071934879" lon="-123.13927282579243">
        <time>2005-08-04T19:12:01-07:00</time>
      </trkpt>
      <trkpt lat="41.919701462611556" lon="-123.13928883522749">
        <time>2005-08-04T19:12:02-07:00</time>
      </trkpt>
      <trkpt lat="41.91971286199987" lon="-123.13929269090295">
        <time>2005-08-04T19:12:05-07:00</time>
      </trkpt>
      <trkpt lat="41.91981545649469" lon="-123.13934868201613">
        <time>2005-08-04T19:12:45-07:00</time>
      </trkpt>
      <trkpt lat="41.91992157138884" lon="-123.1394175812602">
        <time>2005-08-04T19:12:46-07:00</time>
      </trkpt>
      <trkpt lat="41.92001385614276" lon="-123.13941649161279">
        <time>2005-08-04T19:12:54-07:00</time>
      </trkpt>
      <trkpt lat="41.92007412202656" lon="-123.13941313885152">
        <time>2005-08-04T19:13:03-07:00</time>
      </trkpt>
      <trkpt lat="41.9201619643718" lon="-123.13940961845219">
        <time>2005-08-04T19:13:10-07:00</time>
      </trkpt>
      <trkpt lat="41.92017428576946" lon="-123.13940735533834">
        <time>2005-08-04T19:13:16-07:00</time>
      </trkpt>
      <trkpt lat="41.92027294076979" lon="-123.13935027457774">
        <time>2005-08-04T19:13:22-07:00</time>
      </trkpt>
      <trkpt lat="41.920299511402845" lon="-123.139335103333">
        <time>2005-08-04T19:13:23-07:00</time>
      </trkpt>
      <trkpt lat="41.92034779116511" lon="-123.13929445110261">
        <time>2005-08-04T19:13:31-07:00</time>
      </trkpt>
      <trkpt lat="41.92039171233773" lon="-123.13926947303116">
        <time>2005-08-04T19:13:33-07:00</time>
      </trkpt>
      <trkpt lat="41.920416774228215" lon="-123.13925438560545">
        <time>2005-08-04T19:13:38-07:00</time>
      </trkpt>
      <trkpt lat="41.920441668480635" lon="-123.13924290239811">
        <time>2005-08-04T19:13:41-07:00</time>
      </trkpt>
      <trkpt lat="41.92051224410534" lon="-123.13921398483217">
        <time>2005-08-04T19:13:43-07:00</time>
      </trkpt>
      <trkpt lat="41.920543760061264" lon="-123.13919470645487">
        <time>2005-08-04T19:13:45-07:00</time>
      </trkpt>
      <trkpt lat="41.92061014473438" lon="-123.1391294952482">
        <time>2005-08-04T19:13:51-07:00</time>
      </trkpt>
      <trkpt lat="41.920617101714015" lon="-123.1391152460128">
        <time>2005-08-04T19:13:54-07:00</time>
      </trkpt>
      <trkpt lat="41.92068977281451" lon="-123.13905782997608">
        <time>2005-08-04T19:14:00-07:00</time>
      </trkpt>
      <trkpt lat="41.920701172202826" lon="-123.13904726877809">
        <time>2005-08-04T19:14:01-07:00</time>
      </trkpt>
      <trkpt lat="41.9207716640085" lon="-123.13894911669195">
        <time>2005-08-04T19:14:08-07:00</time>
      </trkpt>
      <trkpt lat="41.92077711224556" lon="-123.1389376334846">
        <time>2005-08-04T19:14:09-07:00</time>
      </trkpt>
      <trkpt lat="41.92082413472235" lon="-123.13886295072734">
        <time>2005-08-04T19:14:18-07:00</time>
      </trkpt>
      <trkpt lat="41.920852130278945" lon="-123.13880528323352">
        <time>2005-08-04T19:14:19-07:00</time>
      </trkpt>
      <trkpt lat="41.92087392322719" lon="-123.13878097571433">
        <time>2005-08-04T19:14:24-07:00</time>
      </trkpt>
      <trkpt lat="41.92092815414071" lon="-123.13870386220515">
        <time>2005-08-04T19:14:28-07:00</time>
      </trkpt>
      <trkpt lat="41.920937122777104" lon="-123.13869430683553">
        <time>2005-08-04T19:14:30-07:00</time>
      </trkpt>
      <trkpt lat="41.920985989272594" lon="-123.13864820636809">
        <time>2005-08-04T19:14:36-07:00</time>
      </trkpt>
      <trkpt lat="41.92101272754371" lon="-123.13862758688629">
        <time>2005-08-04T19:14:37-07:00</time>
      </trkpt>
      <trkpt lat="41.92107316106558" lon="-123.13859330490232">
        <time>2005-08-04T19:14:42-07:00</time>
      </trkpt>
      <trkpt lat="41.92109419964254" lon="-123.13857813365757">
        <time>2005-08-04T19:14:44-07:00</time>
      </trkpt>
      <trkpt lat="41.921127224341035" lon="-123.13855399377644">
        <time>2005-08-04T19:14:49-07:00</time>
      </trkpt>
      <trkpt lat="41.92117776721716" lon="-123.13849934376776">
        <time>2005-08-04T19:14:51-07:00</time>
      </trkpt>
      <trkpt lat="41.92119629122317" lon="-123.13847922720015">
        <time>2005-08-04T19:14:54-07:00</time>
      </trkpt>
      <trkpt lat="41.921232249587774" lon="-123.13842684030533">
        <time>2005-08-04T19:14:59-07:00</time>
      </trkpt>
      <trkpt lat="41.92126485519111" lon="-123.1383815780282">
        <time>2005-08-04T19:15:01-07:00</time>
      </trkpt>
      <trkpt lat="41.92127164453268" lon="-123.13836531713605">
        <time>2005-08-04T19:15:05-07:00</time>
      </trkpt>
      <trkpt lat="41.92130257375538" lon="-123.13830421306193">
        <time>2005-08-04T19:15:09-07:00</time>
      </trkpt>
      <trkpt lat="41.921334844082594" lon="-123.13822818920016">
        <time>2005-08-04T19:15:10-07:00</time>
      </trkpt>
      <trkpt lat="41.92134699784219" lon="-123.13819818198681">
        <time>2005-08-04T19:15:14-07:00</time>
      </trkpt>
      <trkpt lat="41.921394439414144" lon="-123.13812240958214">
        <time>2005-08-04T19:15:19-07:00</time>
      </trkpt>
      <trkpt lat="41.92145328037441" lon="-123.13803884200752">
        <time>2005-08-04T19:15:21-07:00</time>
      </trkpt>
      <trkpt lat="41.92147641442716" lon="-123.13801570795476">
        <time>2005-08-04T19:15:27-07:00</time>
      </trkpt>
      <trkpt lat="41.92152519710362" lon="-123.13795619644225">
        <time>2005-08-04T19:15:33-07:00</time>
      </trkpt>
      <trkpt lat="41.921562664210796" lon="-123.13790515065193">
        <time>2005-08-04T19:15:35-07:00</time>
      </trkpt>
      <trkpt lat="41.92157154902816" lon="-123.13789919950068">
        <time>2005-08-04T19:15:40-07:00</time>
      </trkpt>
      <trkpt lat="41.92158873192966" lon="-123.13788277097046">
        <time>2005-08-04T19:15:45-07:00</time>
      </trkpt>
      <trkpt lat="41.921605579555035" lon="-123.13785955309868">
        <time>2005-08-04T19:15:46-07:00</time>
      </trkpt>
      <trkpt lat="41.92161890678108" lon="-123.13781186006963">
        <time>2005-08-04T19:15:48-07:00</time>
      </trkpt>
      <trkpt lat="41.921640783548355" lon="-123.13772996887565">
        <time>2005-08-04T19:15:50-07:00</time>
      </trkpt>
      <trkpt lat="41.921644639223814" lon="-123.13771203160286">
        <time>2005-08-04T19:15:53-07:00</time>
      </trkpt>
      <trkpt lat="41.92166006192565" lon="-123.13761605881155">
        <time>2005-08-04T19:15:58-07:00</time>
      </trkpt>
      <trkpt lat="41.92166483961046" lon="-123.13757834024727">
        <time>2005-08-04T19:15:59-07:00</time>
      </trkpt>
      <trkpt lat="41.921686213463545" lon="-123.1375110335648">
        <time>2005-08-04T19:16:05-07:00</time>
      </trkpt>
      <trkpt lat="41.921736085787416" lon="-123.13743450678885">
        <time>2005-08-04T19:16:07-07:00</time>
      </trkpt>
      <trkpt lat="41.92179216071963" lon="-123.13740718178451">
        <time>2005-08-04T19:16:11-07:00</time>
      </trkpt>
      <trkpt lat="41.921819569543004" lon="-123.13740232028067">
        <time>2005-08-04T19:16:16-07:00</time>
      </trkpt>
      <trkpt lat="41.9219112675637" lon="-123.13743484206498">
        <time>2005-08-04T19:16:20-07:00</time>
      </trkpt>
      <trkpt lat="41.92192643880844" lon="-123.1374581437558">
        <time>2005-08-04T19:16:22-07:00</time>
      </trkpt>
      <trkpt lat="41.92195627838373" lon="-123.13751002773643">
        <time>2005-08-04T19:16:28-07:00</time>
      </trkpt>
      <trkpt lat="41.92199072800577" lon="-123.13756224699318">
        <time>2005-08-04T19:16:30-07:00</time>
      </trkpt>
      <trkpt lat="41.92203129641712" lon="-123.1376077607274">
        <time>2005-08-04T19:16:34-07:00</time>
      </trkpt>
      <trkpt lat="41.92207672633231" lon="-123.1376531906426">
        <time>2005-08-04T19:16:38-07:00</time>
      </trkpt>
      <trkpt lat="41.922118635848165" lon="-123.13768194057047">
        <time>2005-08-04T19:16:42-07:00</time>
      </trkpt>
      <trkpt lat="41.92220387980342" lon="-123.13772628083825">
        <time>2005-08-04T19:16:46-07:00</time>
      </trkpt>
      <trkpt lat="41.922280406579375" lon="-123.13776835799217">
        <time>2005-08-04T19:16:49-07:00</time>
      </trkpt>
      <trkpt lat="41.92231049761176" lon="-123.1377998739481">
        <time>2005-08-04T19:16:56-07:00</time>
      </trkpt>
      <trkpt lat="41.92235140129924" lon="-123.13783549703658">
        <time>2005-08-04T19:17:03-07:00</time>
      </trkpt>
      <trkpt lat="41.9224052131176" lon="-123.13788997940719">
        <time>2005-08-04T19:17:06-07:00</time>
      </trkpt>
      <trkpt lat="41.92248333245516" lon="-123.13798720948398">
        <time>2005-08-04T19:17:09-07:00</time>
      </trkpt>
      <trkpt lat="41.92250579595566" lon="-123.138013696298">
        <time>2005-08-04T19:17:15-07:00</time>
      </trkpt>
      <trkpt lat="41.92257042042911" lon="-123.13809709623456">
        <time>2005-08-04T19:17:23-07:00</time>
      </trkpt>
      <trkpt lat="41.92258844152093" lon="-123.1381157040596">
        <time>2005-08-04T19:17:25-07:00</time>
      </trkpt>
      <trkpt lat="41.92263202741742" lon="-123.13817798160017">
        <time>2005-08-04T19:17:32-07:00</time>
      </trkpt>
      <trkpt lat="41.92264275625348" lon="-123.13819399103522">
        <time>2005-08-04T19:17:34-07:00</time>
      </trkpt>
      <trkpt lat="41.92266773432493" lon="-123.13823045231402">
        <time>2005-08-04T19:17:39-07:00</time>
      </trkpt>
      <trkpt lat="41.92273227497935" lon="-123.13831024803221">
        <time>2005-08-04T19:17:40-07:00</time>
      </trkpt>
      <trkpt lat="41.92274157889187" lon="-123.13832072541118">
        <time>2005-08-04T19:17:43-07:00</time>
      </trkpt>
      <trkpt lat="41.92280997522175" lon="-123.1384072266519">
        <time>2005-08-04T19:17:50-07:00</time>
      </trkpt>
      <trkpt lat="41.92282891832292" lon="-123.1384301930666">
        <time>2005-08-04T19:17:51-07:00</time>
      </trkpt>
      <trkpt lat="41.92290083505213" lon="-123.13850479200482">
        <time>2005-08-04T19:17:59-07:00</time>
      </trkpt>
      <trkpt lat="41.92293251864612" lon="-123.13852398656309">
        <time>2005-08-04T19:18:01-07:00</time>
      </trkpt>
      <trkpt lat="41.92300871014595" lon="-123.13857167959213">
        <time>2005-08-04T19:18:08-07:00</time>
      </trkpt>
      <trkpt lat="41.92308004014194" lon="-123.13863269984722">
        <time>2005-08-04T19:18:11-07:00</time>
      </trkpt>
      <trkpt lat="41.92308682948351" lon="-123.13863890245557">
        <time>2005-08-04T19:18:18-07:00</time>
      </trkpt>
      <trkpt lat="41.92315237596631" lon="-123.1386754475534">
        <time>2005-08-04T19:18:24-07:00</time>
      </trkpt>
      <trkpt lat="41.923175007104874" lon="-123.13868215307593">
        <time>2005-08-04T19:18:25-07:00</time>
      </trkpt>
      <trkpt lat="41.92325740121305" lon="-123.13871190883219">
        <time>2005-08-04T19:18:31-07:00</time>
      </trkpt>
      <trkpt lat="41.92327005788684" lon="-123.13871417194605">
        <time>2005-08-04T19:18:33-07:00</time>
      </trkpt>
      <trkpt lat="41.92334616556764" lon="-123.13870905898511">
        <time>2005-08-04T19:18:40-07:00</time>
      </trkpt>
      <trkpt lat="41.92337080836296" lon="-123.13871040008962">
        <time>2005-08-04T19:18:41-07:00</time>
      </trkpt>
      <trkpt lat="41.923497626557946" lon="-123.13873009756207">
        <time>2005-08-04T19:18:47-07:00</time>
      </trkpt>
      <trkpt lat="41.92358857020736" lon="-123.13873319886625">
        <time>2005-08-04T19:18:49-07:00</time>
      </trkpt>
      <trkpt lat="41.923601645976305" lon="-123.13873579725623">
        <time>2005-08-04T19:18:59-07:00</time>
      </trkpt>
      <trkpt lat="41.9236658513546" lon="-123.13873982056975">
        <time>2005-08-04T19:19:06-07:00</time>
      </trkpt>
      <trkpt lat="41.923697954043746" lon="-123.13874962739646">
        <time>2005-08-04T19:19:07-07:00</time>
      </trkpt>
      <trkpt lat="41.92373961210251" lon="-123.13876220025122">
        <time>2005-08-04T19:19:12-07:00</time>
      </trkpt>
      <trkpt lat="41.92379451356828" lon="-123.1387751083821">
        <time>2005-08-04T19:19:15-07:00</time>
      </trkpt>
      <trkpt lat="41.923810774460435" lon="-123.13877955079079">
        <time>2005-08-04T19:19:18-07:00</time>
      </trkpt>
      <trkpt lat="41.92386869341135" lon="-123.13878206536174">
        <time>2005-08-04T19:19:23-07:00</time>
      </trkpt>
      <trkpt lat="41.923910435289145" lon="-123.13879229128361">
        <time>2005-08-04T19:19:24-07:00</time>
      </trkpt>
      <trkpt lat="41.923974473029375" lon="-123.1387994159013">
        <time>2005-08-04T19:19:28-07:00</time>
      </trkpt>
      <trkpt lat="41.92399576306343" lon="-123.13880184665322">
        <time>2005-08-04T19:19:31-07:00</time>
      </trkpt>
      <trkpt lat="41.92406214773655" lon="-123.13880989328027">
        <time>2005-08-04T19:19:36-07:00</time>
      </trkpt>
      <trkpt lat="41.92408268339932" lon="-123.13880553469062">
        <time>2005-08-04T19:19:38-07:00</time>
      </trkpt>
      <trkpt lat="41.92412677221" lon="-123.13879949972034">
        <time>2005-08-04T19:19:43-07:00</time>
      </trkpt>
      <trkpt lat="41.92420883104205" lon="-123.13878818415105">
        <time>2005-08-04T19:19:45-07:00</time>
      </trkpt>
      <trkpt lat="41.92422634921968" lon="-123.13878256827593">
        <time>2005-08-04T19:19:49-07:00</time>
      </trkpt>
      <trkpt lat="41.924273455515504" lon="-123.13875222578645">
        <time>2005-08-04T19:19:55-07:00</time>
      </trkpt>
      <trkpt lat="41.924292063340545" lon="-123.13873521052301">
        <time>2005-08-04T19:19:56-07:00</time>
      </trkpt>
      <trkpt lat="41.92435350269079" lon="-123.13868148252368">
        <time>2005-08-04T19:20:00-07:00</time>
      </trkpt>
      <trkpt lat="41.92440915852785" lon="-123.13862406648695">
        <time>2005-08-04T19:20:02-07:00</time>
      </trkpt>
      <trkpt lat="41.924430783838034" lon="-123.1385787203908">
        <time>2005-08-04T19:20:07-07:00</time>
      </trkpt>
      <trkpt lat="41.92448392510414" lon="-123.13852155581117">
        <time>2005-08-04T19:20:12-07:00</time>
      </trkpt>
      <trkpt lat="41.92453362978995" lon="-123.13846648670733">
        <time>2005-08-04T19:20:15-07:00</time>
      </trkpt>
      <trkpt lat="41.92458149045706" lon="-123.13839599490166">
        <time>2005-08-04T19:20:21-07:00</time>
      </trkpt>
      <trkpt lat="41.92459180019796" lon="-123.13838736154139">
        <time>2005-08-04T19:20:26-07:00</time>
      </trkpt>
      <trkpt lat="41.92462306469679" lon="-123.13834042288363">
        <time>2005-08-04T19:20:32-07:00</time>
      </trkpt>
      <trkpt lat="41.92464368417859" lon="-123.13829717226326">
        <time>2005-08-04T19:20:33-07:00</time>
      </trkpt>
      <trkpt lat="41.92466086708009" lon="-123.13827202655375">
        <time>2005-08-04T19:20:37-07:00</time>
      </trkpt>
      <trkpt lat="41.924706967547536" lon="-123.13819298520684">
        <time>2005-08-04T19:20:40-07:00</time>
      </trkpt>
      <trkpt lat="41.924737226217985" lon="-123.13813439570367">
        <time>2005-08-04T19:20:42-07:00</time>
      </trkpt>
      <trkpt lat="41.92475499585271" lon="-123.13809382729232">
        <time>2005-08-04T19:20:49-07:00</time>
      </trkpt>
      <trkpt lat="41.92478525452316" lon="-123.13803733326495">
        <time>2005-08-04T19:20:53-07:00</time>
      </trkpt>
      <trkpt lat="41.92479422315955" lon="-123.13802191056311">
        <time>2005-08-04T19:20:55-07:00</time>
      </trkpt>
      <trkpt lat="41.92484803497791" lon="-123.1379225011915">
        <time>2005-08-04T19:20:59-07:00</time>
      </trkpt>
      <trkpt lat="41.924853986129165" lon="-123.13791579566896">
        <time>2005-08-04T19:21:00-07:00</time>
      </trkpt>
      <trkpt lat="41.92488902248442" lon="-123.13781848177314">
        <time>2005-08-04T19:21:07-07:00</time>
      </trkpt>
      <trkpt lat="41.92493059672415" lon="-123.137709768489">
        <time>2005-08-04T19:21:08-07:00</time>
      </trkpt>
      <trkpt lat="41.924972254782915" lon="-123.13759912736714">
        <time>2005-08-04T19:21:15-07:00</time>
      </trkpt>
      <trkpt lat="41.92499798722565" lon="-123.1375287193805">
        <time>2005-08-04T19:21:22-07:00</time>
      </trkpt>
      <trkpt lat="41.92501734942198" lon="-123.137490414083">
        <time>2005-08-04T19:21:28-07:00</time>
      </trkpt>
      <trkpt lat="41.92505833692849" lon="-123.13743408769369">
        <time>2005-08-04T19:21:32-07:00</time>
      </trkpt>
      <trkpt lat="41.92507954314351" lon="-123.13741547986865">
        <time>2005-08-04T19:21:35-07:00</time>
      </trkpt>
      <trkpt lat="41.925109550356865" lon="-123.13739175908267">
        <time>2005-08-04T19:21:39-07:00</time>
      </trkpt>
      <trkpt lat="41.925150537863374" lon="-123.13733476214111">
        <time>2005-08-04T19:21:41-07:00</time>
      </trkpt>
      <trkpt lat="41.92516738548875" lon="-123.13730953261256">
        <time>2005-08-04T19:21:44-07:00</time>
      </trkpt>
      <trkpt lat="41.92519688978791" lon="-123.13727416098118">
        <time>2005-08-04T19:21:48-07:00</time>
      </trkpt>
      <trkpt lat="41.925254641100764" lon="-123.13718941994011">
        <time>2005-08-04T19:21:50-07:00</time>
      </trkpt>
      <trkpt lat="41.925285486504436" lon="-123.13714935444295">
        <time>2005-08-04T19:21:53-07:00</time>
      </trkpt>
      <trkpt lat="41.92531121894717" lon="-123.13711096532643">
        <time>2005-08-04T19:21:59-07:00</time>
      </trkpt>
      <trkpt lat="41.925363102927804" lon="-123.1370572373271">
        <time>2005-08-04T19:22:03-07:00</time>
      </trkpt>
      <trkpt lat="41.92537701688707" lon="-123.13704675994813">
        <time>2005-08-04T19:22:06-07:00</time>
      </trkpt>
      <trkpt lat="41.92546980455518" lon="-123.1369948759675">
        <time>2005-08-04T19:22:11-07:00</time>
      </trkpt>
      <trkpt lat="41.92549863830209" lon="-123.13699278049171">
        <time>2005-08-04T19:22:12-07:00</time>
      </trkpt>
      <trkpt lat="41.925565442070365" lon="-123.13696227036417">
        <time>2005-08-04T19:22:19-07:00</time>
      </trkpt>
      <trkpt lat="41.92564791999757" lon="-123.13695263117552">
        <time>2005-08-04T19:22:21-07:00</time>
      </trkpt>
      <trkpt lat="41.9256638456136" lon="-123.13695288263261">
        <time>2005-08-04T19:22:26-07:00</time>
      </trkpt>
      <trkpt lat="41.92573903128505" lon="-123.13695665448904">
        <time>2005-08-04T19:22:32-07:00</time>
      </trkpt>
      <trkpt lat="41.92575152032077" lon="-123.13695631921291">
        <time>2005-08-04T19:22:33-07:00</time>
      </trkpt>
      <trkpt lat="41.92583885975182" lon="-123.13693787902594">
        <time>2005-08-04T19:22:39-07:00</time>
      </trkpt>
      <trkpt lat="41.92590834572911" lon="-123.13692639581859">
        <time>2005-08-04T19:22:40-07:00</time>
      </trkpt>
      <trkpt lat="41.92595603875816" lon="-123.13691943883896">
        <time>2005-08-04T19:22:47-07:00</time>
      </trkpt>
      <trkpt lat="41.92596534267068" lon="-123.13691885210574">
        <time>2005-08-04T19:22:53-07:00</time>
      </trkpt>
      <trkpt lat="41.92601077258587" lon="-123.13691114075482">
        <time>2005-08-04T19:22:58-07:00</time>
      </trkpt>
      <trkpt lat="41.92605972290039" lon="-123.13689940609038">
        <time>2005-08-04T19:22:59-07:00</time>
      </trkpt>
      <trkpt lat="41.92612141370773" lon="-123.13688540831208">
        <time>2005-08-04T19:23:03-07:00</time>
      </trkpt>
      <trkpt lat="41.926128370687366" lon="-123.13688104972243">
        <time>2005-08-04T19:23:07-07:00</time>
      </trkpt>
      <trkpt lat="41.92613314837217" lon="-123.13688406720757">
        <time>2005-08-04T19:23:12-07:00</time>
      </trkpt>
      <trkpt lat="41.926180170848966" lon="-123.13686621375382">
        <time>2005-08-04T19:23:14-07:00</time>
      </trkpt>
      <trkpt lat="41.926230043172836" lon="-123.13686311244965">
        <time>2005-08-04T19:24:31-07:00</time>
      </trkpt>
      <trkpt lat="41.92626583389938" lon="-123.13686638139188">
        <time>2005-08-04T19:24:36-07:00</time>
      </trkpt>
      <trkpt lat="41.92628980614245" lon="-123.13686621375382">
        <time>2005-08-04T19:24:40-07:00</time>
      </trkpt>
      <trkpt lat="41.92631436511874" lon="-123.13687258400023">
        <time>2005-08-04T19:24:43-07:00</time>
      </trkpt>
      <trkpt lat="41.92636264488101" lon="-123.13688046298921">
        <time>2005-08-04T19:24:45-07:00</time>
      </trkpt>
      <trkpt lat="41.92637203261256" lon="-123.13688389956951">
        <time>2005-08-04T19:24:47-07:00</time>
      </trkpt>
      <trkpt lat="41.92638502456248" lon="-123.13688725233078">
        <time>2005-08-04T19:24:51-07:00</time>
      </trkpt>
      <trkpt lat="41.92645057104528" lon="-123.1369018368423">
        <time>2005-08-04T19:24:52-07:00</time>
      </trkpt>
      <trkpt lat="41.9264667481184" lon="-123.1369055248797">
        <time>2005-08-04T19:24:53-07:00</time>
      </trkpt>
      <trkpt lat="41.9265547581017" lon="-123.13693243078887">
        <time>2005-08-04T19:24:58-07:00</time>
      </trkpt>
      <trkpt lat="41.92666120827198" lon="-123.13697115518153">
        <time>2005-08-04T19:24:59-07:00</time>
      </trkpt>
      <trkpt lat="41.92667000927031" lon="-123.13697501085699">
        <time>2005-08-04T19:25:07-07:00</time>
      </trkpt>
      <trkpt lat="41.92668518051505" lon="-123.13697668723762">
        <time>2005-08-04T19:25:16-07:00</time>
      </trkpt>
      <trkpt lat="41.92675198428333" lon="-123.13698540441692">
        <time>2005-08-04T19:25:17-07:00</time>
      </trkpt>
      <trkpt lat="41.92680303007364" lon="-123.1370020005852">
        <time>2005-08-04T19:25:18-07:00</time>
      </trkpt>
      <trkpt lat="41.9268433470279" lon="-123.13699588179588">
        <time>2005-08-04T19:25:23-07:00</time>
      </trkpt>
      <trkpt lat="41.926914509385824" lon="-123.13697802834213">
        <time>2005-08-04T19:25:27-07:00</time>
      </trkpt>
      <trkpt lat="41.92694074474275" lon="-123.13697668723762">
        <time>2005-08-04T19:25:30-07:00</time>
      </trkpt>
      <trkpt lat="41.92699313163757" lon="-123.13697232864797">
        <time>2005-08-04T19:25:36-07:00</time>
      </trkpt>
      <trkpt lat="41.9270383939147" lon="-123.13695782795548">
        <time>2005-08-04T19:25:38-07:00</time>
      </trkpt>
      <trkpt lat="41.927055828273296" lon="-123.13694709911942">
        <time>2005-08-04T19:25:42-07:00</time>
      </trkpt>
      <trkpt lat="41.927082566544414" lon="-123.13692329451442">
        <time>2005-08-04T19:25:46-07:00</time>
      </trkpt>
      <trkpt lat="41.927131013944745" lon="-123.13687576912344">
        <time>2005-08-04T19:25:48-07:00</time>
      </trkpt>
      <trkpt lat="41.92721248604357" lon="-123.13679362647235">
        <time>2005-08-04T19:25:51-07:00</time>
      </trkpt>
      <trkpt lat="41.92724299617112" lon="-123.13672975637019">
        <time>2005-08-04T19:25:56-07:00</time>
      </trkpt>
      <trkpt lat="41.927261017262936" lon="-123.13669606111944">
        <time>2005-08-04T19:26:03-07:00</time>
      </trkpt>
      <trkpt lat="41.92732916213572" lon="-123.13656572252512">
        <time>2005-08-04T19:26:08-07:00</time>
      </trkpt>
      <trkpt lat="41.92738339304924" lon="-123.13646170310676">
        <time>2005-08-04T19:26:11-07:00</time>
      </trkpt>
      <trkpt lat="41.927393870428205" lon="-123.1364493817091">
        <time>2005-08-04T19:26:20-07:00</time>
      </trkpt>
      <trkpt lat="41.92740912549198" lon="-123.13642146997154">
        <time>2005-08-04T19:26:27-07:00</time>
      </trkpt>
      <trkpt lat="41.927440892905" lon="-123.1363798957318">
        <time>2005-08-04T19:26:28-07:00</time>
      </trkpt>
      <trkpt lat="41.927508199587464" lon="-123.1362937297672">
        <time>2005-08-04T19:26:30-07:00</time>
      </trkpt>
      <trkpt lat="41.92758237943053" lon="-123.13620421104133">
        <time>2005-08-04T19:26:34-07:00</time>
      </trkpt>
      <trkpt lat="41.92764172330499" lon="-123.13610404729843">
        <time>2005-08-04T19:26:41-07:00</time>
      </trkpt>
      <trkpt lat="41.92765102721751" lon="-123.13609264791012">
        <time>2005-08-04T19:26:49-07:00</time>
      </trkpt>
      <trkpt lat="41.927700228989124" lon="-123.13600128516555">
        <time>2005-08-04T19:26:57-07:00</time>
      </trkpt>
      <trkpt lat="41.92772260867059" lon="-123.13596113584936">
        <time>2005-08-04T19:26:58-07:00</time>
      </trkpt>
      <trkpt lat="41.92774289287627" lon="-123.1359089165926">
        <time>2005-08-04T19:27:05-07:00</time>
      </trkpt>
      <trkpt lat="41.92778362892568" lon="-123.13580824993551">
        <time>2005-08-04T19:27:08-07:00</time>
      </trkpt>
      <trkpt lat="41.9278309866786" lon="-123.1357188988477">
        <time>2005-08-04T19:27:11-07:00</time>
      </trkpt>
      <trkpt lat="41.92791606299579" lon="-123.13563625328243">
        <time>2005-08-04T19:27:18-07:00</time>
      </trkpt>
      <trkpt lat="41.92793391644955" lon="-123.13561823219061">
        <time>2005-08-04T19:27:24-07:00</time>
      </trkpt>
      <trkpt lat="41.927981693297625" lon="-123.13557716086507">
        <time>2005-08-04T19:27:32-07:00</time>
      </trkpt>
      <trkpt lat="41.927998876199126" lon="-123.1355619058013">
        <time>2005-08-04T19:27:34-07:00</time>
      </trkpt>
      <trkpt lat="41.9280416239053" lon="-123.135532066226">
        <time>2005-08-04T19:27:39-07:00</time>
      </trkpt>
      <trkpt lat="41.92806836217642" lon="-123.13551345840096">
        <time>2005-08-04T19:27:41-07:00</time>
      </trkpt>
      <trkpt lat="41.92814044654369" lon="-123.13548009842634">
        <time>2005-08-04T19:27:45-07:00</time>
      </trkpt>
      <trkpt lat="41.928190402686596" lon="-123.13545151613653">
        <time>2005-08-04T19:27:47-07:00</time>
      </trkpt>
      <trkpt lat="41.92821127362549" lon="-123.13543265685439">
        <time>2005-08-04T19:27:53-07:00</time>
      </trkpt>
      <trkpt lat="41.92823608405888" lon="-123.13536870293319">
        <time>2005-08-04T19:27:58-07:00</time>
      </trkpt>
      <trkpt lat="41.92824580706656" lon="-123.13532025553286">
        <time>2005-08-04T19:28:00-07:00</time>
      </trkpt>
      <trkpt lat="41.928268605843186" lon="-123.13520718365908">
        <time>2005-08-04T19:28:04-07:00</time>
      </trkpt>
      <trkpt lat="41.92827086895704" lon="-123.13515085726976">
        <time>2005-08-04T19:28:07-07:00</time>
      </trkpt>
      <trkpt lat="41.92827757447958" lon="-123.1351044215262">
        <time>2005-08-04T19:28:14-07:00</time>
      </trkpt>
      <trkpt lat="41.928287632763386" lon="-123.13506159000099">
        <time>2005-08-04T19:28:17-07:00</time>
      </trkpt>
      <trkpt lat="41.928298780694604" lon="-123.13495187088847">
        <time>2005-08-04T19:28:20-07:00</time>
      </trkpt>
      <trkpt lat="41.928299786522985" lon="-123.13491691835225">
        <time>2005-08-04T19:28:23-07:00</time>
      </trkpt>
      <trkpt lat="41.92830020561814" lon="-123.13484793528914">
        <time>2005-08-04T19:28:30-07:00</time>
      </trkpt>
      <trkpt lat="41.92831973545253" lon="-123.13473276793957">
        <time>2005-08-04T19:28:32-07:00</time>
      </trkpt>
      <trkpt lat="41.928347731009126" lon="-123.13465020619333">
        <time>2005-08-04T19:28:36-07:00</time>
      </trkpt>
      <trkpt lat="41.928351670503616" lon="-123.13463897444308">
        <time>2005-08-04T19:28:43-07:00</time>
      </trkpt>
      <trkpt lat="41.92839181981981" lon="-123.13455482013524">
        <time>2005-08-04T19:28:49-07:00</time>
      </trkpt>
      <trkpt lat="41.928413696587086" lon="-123.134501343593">
        <time>2005-08-04T19:28:50-07:00</time>
      </trkpt>
      <trkpt lat="41.92842224612832" lon="-123.13446454703808">
        <time>2005-08-04T19:28:55-07:00</time>
      </trkpt>
      <trkpt lat="41.92844018340111" lon="-123.1344170216471">
        <time>2005-08-04T19:28:59-07:00</time>
      </trkpt>
      <trkpt lat="41.92848343402147" lon="-123.13430118374527">
        <time>2005-08-04T19:29:01-07:00</time>
      </trkpt>
      <trkpt lat="41.928491313010454" lon="-123.13428760506213">
        <time>2005-08-04T19:29:05-07:00</time>
      </trkpt>
      <trkpt lat="41.928514782339334" lon="-123.13424955122173">
        <time>2005-08-04T19:29:12-07:00</time>
      </trkpt>
      <trkpt lat="41.92854680120945" lon="-123.13417260535061">
        <time>2005-08-04T19:29:13-07:00</time>
      </trkpt>
      <trkpt lat="41.928582675755024" lon="-123.13408224843442">
        <time>2005-08-04T19:29:16-07:00</time>
      </trkpt>
      <trkpt lat="41.928593907505274" lon="-123.13405626453459">
        <time>2005-08-04T19:29:21-07:00</time>
      </trkpt>
      <trkpt lat="41.92865073680878" lon="-123.13392919488251">
        <time>2005-08-04T19:29:27-07:00</time>
      </trkpt>
      <trkpt lat="41.92867102101445" lon="-123.13388745300472">
        <time>2005-08-04T19:29:29-07:00</time>
      </trkpt>
      <trkpt lat="41.928712176159024" lon="-123.13377178274095">
        <time>2005-08-04T19:29:38-07:00</time>
      </trkpt>
      <trkpt lat="41.92872231826186" lon="-123.13374185934663">
        <time>2005-08-04T19:29:41-07:00</time>
      </trkpt>
      <trkpt lat="41.92874821834266" lon="-123.13366089016199">
        <time>2005-08-04T19:29:49-07:00</time>
      </trkpt>
      <trkpt lat="41.92875207401812" lon="-123.13364429399371">
        <time>2005-08-04T19:29:51-07:00</time>
      </trkpt>
      <trkpt lat="41.92876615561545" lon="-123.13356483355165">
        <time>2005-08-04T19:29:56-07:00</time>
      </trkpt>
      <trkpt lat="41.92876028828323" lon="-123.13350616022944">
        <time>2005-08-04T19:29:57-07:00</time>
      </trkpt>
      <trkpt lat="41.92875794135034" lon="-123.1334912404418">
        <time>2005-08-04T19:30:02-07:00</time>
      </trkpt>
      <trkpt lat="41.92873313091695" lon="-123.13341219909489">
        <time>2005-08-04T19:30:06-07:00</time>
      </trkpt>
      <trkpt lat="41.9287115894258" lon="-123.13336635008454">
        <time>2005-08-04T19:30:07-07:00</time>
      </trkpt>
      <trkpt lat="41.928642857819796" lon="-123.13325537368655">
        <time>2005-08-04T19:30:12-07:00</time>
      </trkpt>
      <trkpt lat="41.928603798151016" lon="-123.13318161293864">
        <time>2005-08-04T19:30:15-07:00</time>
      </trkpt>
      <trkpt lat="41.92857471294701" lon="-123.13313107006252">
        <time>2005-08-04T19:30:23-07:00</time>
      </trkpt>
      <trkpt lat="41.928547555580735" lon="-123.13301565125585">
        <time>2005-08-04T19:30:29-07:00</time>
      </trkpt>
      <trkpt lat="41.92851570434868" lon="-123.13284885138273">
        <time>2005-08-04T19:30:32-07:00</time>
      </trkpt>
      <trkpt lat="41.9285046402365" lon="-123.13278489746153">
        <time>2005-08-04T19:30:39-07:00</time>
      </trkpt>
      <trkpt lat="41.928490391001105" lon="-123.13271490857005">
        <time>2005-08-04T19:30:48-07:00</time>
      </trkpt>
      <trkpt lat="41.92848963662982" lon="-123.13268724828959">
        <time>2005-08-04T19:30:52-07:00</time>
      </trkpt>
      <trkpt lat="41.9284837692976" lon="-123.1326124817133">
        <time>2005-08-04T19:30:57-07:00</time>
      </trkpt>
      <trkpt lat="41.92847463302314" lon="-123.13257509842515">
        <time>2005-08-04T19:30:59-07:00</time>
      </trkpt>
      <trkpt lat="41.928453259170055" lon="-123.13247149810195">
        <time>2005-08-04T19:31:04-07:00</time>
      </trkpt>
      <trkpt lat="41.92844990640879" lon="-123.13236203044653">
        <time>2005-08-04T19:31:06-07:00</time>
      </trkpt>
      <trkpt lat="41.92845200188458" lon="-123.13232129439712">
        <time>2005-08-04T19:31:12-07:00</time>
      </trkpt>
      <trkpt lat="41.92846532911062" lon="-123.13225599937141">
        <time>2005-08-04T19:31:18-07:00</time>
      </trkpt>
      <trkpt lat="41.92847563885152" lon="-123.13218357972801">
        <time>2005-08-04T19:31:20-07:00</time>
      </trkpt>
      <trkpt lat="41.92848125472665" lon="-123.13207562081516">
        <time>2005-08-04T19:31:24-07:00</time>
      </trkpt>
      <trkpt lat="41.9284784886986" lon="-123.13205039128661">
        <time>2005-08-04T19:31:28-07:00</time>
      </trkpt>
      <trkpt lat="41.92847304046154" lon="-123.13193237408996">
        <time>2005-08-04T19:31:34-07:00</time>
      </trkpt>
      <trkpt lat="41.92847974598408" lon="-123.13179013319314">
        <time>2005-08-04T19:31:36-07:00</time>
      </trkpt>
      <trkpt lat="41.92847999744117" lon="-123.13176649622619">
        <time>2005-08-04T19:31:43-07:00</time>
      </trkpt>
      <trkpt lat="41.928482512012124" lon="-123.1316195614636">
        <time>2005-08-04T19:31:51-07:00</time>
      </trkpt>
      <trkpt lat="41.92848226055503" lon="-123.13160246238112">
        <time>2005-08-04T19:31:52-07:00</time>
      </trkpt>
      <trkpt lat="41.92847991362214" lon="-123.13147354871035">
        <time>2005-08-04T19:32:01-07:00</time>
      </trkpt>
      <trkpt lat="41.92847882397473" lon="-123.13145443797112">
        <time>2005-08-04T19:32:02-07:00</time>
      </trkpt>
      <trkpt lat="41.92848997190595" lon="-123.13138369470835">
        <time>2005-08-04T19:32:09-07:00</time>
      </trkpt>
      <trkpt lat="41.9284890498966" lon="-123.13136659562588">
        <time>2005-08-04T19:32:10-07:00</time>
      </trkpt>
      <trkpt lat="41.92853079177439" lon="-123.13126249238849">
        <time>2005-08-04T19:32:15-07:00</time>
      </trkpt>
      <trkpt lat="41.92853808403015" lon="-123.13125251792371">
        <time>2005-08-04T19:32:16-07:00</time>
      </trkpt>
      <trkpt lat="41.928556272760034" lon="-123.13123231753707">
        <time>2005-08-04T19:32:23-07:00</time>
      </trkpt>
      <trkpt lat="41.92859759554267" lon="-123.13122200779617">
        <time>2005-08-04T19:32:24-07:00</time>
      </trkpt>
      <trkpt lat="41.92863766103983" lon="-123.13121027313173">
        <time>2005-08-04T19:32:31-07:00</time>
      </trkpt>
      <trkpt lat="41.928649144247174" lon="-123.13121438026428">
        <time>2005-08-04T19:32:35-07:00</time>
      </trkpt>
      <trkpt lat="41.928701950237155" lon="-123.13123684376478">
        <time>2005-08-04T19:32:38-07:00</time>
      </trkpt>
      <trkpt lat="41.92878828383982" lon="-123.13130490481853">
        <time>2005-08-04T19:32:44-07:00</time>
      </trkpt>
      <trkpt lat="41.92885676398873" lon="-123.13135595060885">
        <time>2005-08-04T19:32:49-07:00</time>
      </trkpt>
      <trkpt lat="41.92889808677137" lon="-123.1313909869641">
        <time>2005-08-04T19:32:57-07:00</time>
      </trkpt>
      <trkpt lat="41.92895676009357" lon="-123.13144764862955">
        <time>2005-08-04T19:33:03-07:00</time>
      </trkpt>
      <trkpt lat="41.928989198058844" lon="-123.1314760632813">
        <time>2005-08-04T19:33:06-07:00</time>
      </trkpt>
      <trkpt lat="41.929055666550994" lon="-123.13153507187963">
        <time>2005-08-04T19:33:11-07:00</time>
      </trkpt>
      <trkpt lat="41.92913403734565" lon="-123.13162920065224">
        <time>2005-08-04T19:33:14-07:00</time>
      </trkpt>
      <trkpt lat="41.929155914112926" lon="-123.13165342435241">
        <time>2005-08-04T19:33:20-07:00</time>
      </trkpt>
      <trkpt lat="41.92919187247753" lon="-123.13173028640449">
        <time>2005-08-04T19:33:28-07:00</time>
      </trkpt>
      <trkpt lat="41.92921291105449" lon="-123.13182106241584">
        <time>2005-08-04T19:33:30-07:00</time>
      </trkpt>
      <trkpt lat="41.92922322079539" lon="-123.13185836188495">
        <time>2005-08-04T19:33:35-07:00</time>
      </trkpt>
      <trkpt lat="41.929259011521935" lon="-123.13196405768394">
        <time>2005-08-04T19:33:40-07:00</time>
      </trkpt>
      <trkpt lat="41.929323971271515" lon="-123.13203454948962">
        <time>2005-08-04T19:33:42-07:00</time>
      </trkpt>
      <trkpt lat="41.92939253523946" lon="-123.13207520172">
        <time>2005-08-04T19:33:48-07:00</time>
      </trkpt>
      <trkpt lat="41.929408544674516" lon="-123.13208559527993">
        <time>2005-08-04T19:33:54-07:00</time>
      </trkpt>
      <trkpt lat="41.92945774644613" lon="-123.13212633132935">
        <time>2005-08-04T19:34:00-07:00</time>
      </trkpt>
      <trkpt lat="41.92950611002743" lon="-123.1321840826422">
        <time>2005-08-04T19:34:01-07:00</time>
      </trkpt>
      <trkpt lat="41.92951541393995" lon="-123.13219581730664">
        <time>2005-08-04T19:34:05-07:00</time>
      </trkpt>
      <trkpt lat="41.92955388687551" lon="-123.13222649507225">
        <time>2005-08-04T19:34:10-07:00</time>
      </trkpt>
      <trkpt lat="41.92957651801407" lon="-123.13224870711565">
        <time>2005-08-04T19:34:11-07:00</time>
      </trkpt>
      <trkpt lat="41.9296199362725" lon="-123.13229514285922">
        <time>2005-08-04T19:34:14-07:00</time>
      </trkpt>
      <trkpt lat="41.92964089103043" lon="-123.13231433741748">
        <time>2005-08-04T19:34:16-07:00</time>
      </trkpt>
      <trkpt lat="41.929743150249124" lon="-123.13237368129194">
        <time>2005-08-04T19:34:20-07:00</time>
      </trkpt>
      <trkpt lat="41.92986309528351" lon="-123.13239086419344">
        <time>2005-08-04T19:34:22-07:00</time>
      </trkpt>
      <trkpt lat="41.92987684160471" lon="-123.13238960690796">
        <time>2005-08-04T19:34:31-07:00</time>
      </trkpt>
      <trkpt lat="41.92993878386915" lon="-123.1323706638068">
        <time>2005-08-04T19:34:39-07:00</time>
      </trkpt>
      <trkpt lat="41.929950853809714" lon="-123.13236840069294">
        <time>2005-08-04T19:34:40-07:00</time>
      </trkpt>
      <trkpt lat="41.930009527131915" lon="-123.13235046342015">
        <time>2005-08-04T19:34:46-07:00</time>
      </trkpt>
      <trkpt lat="41.930036181584" lon="-123.13234233297408">
        <time>2005-08-04T19:34:47-07:00</time>
      </trkpt>
      <trkpt lat="41.93005244247615" lon="-123.13234241679311">
        <time>2005-08-04T19:34:52-07:00</time>
      </trkpt>
      <trkpt lat="41.93009393289685" lon="-123.13232154585421">
        <time>2005-08-04T19:34:54-07:00</time>
      </trkpt>
      <trkpt lat="41.93013391457498" lon="-123.13230386003852">
        <time>2005-08-04T19:34:55-07:00</time>
      </trkpt>
      <trkpt lat="41.93015277385712" lon="-123.13229807652533">
        <time>2005-08-04T19:34:58-07:00</time>
      </trkpt>
      <trkpt lat="41.930196695029736" lon="-123.13226010650396">
        <time>2005-08-04T19:35:01-07:00</time>
      </trkpt>
      <trkpt lat="41.93021756596863" lon="-123.13224325887859">
        <time>2005-08-04T19:35:03-07:00</time>
      </trkpt>
      <trkpt lat="41.930272886529565" lon="-123.13220428302884">
        <time>2005-08-04T19:35:08-07:00</time>
      </trkpt>
      <trkpt lat="41.930320328101516" lon="-123.1321803946048">
        <time>2005-08-04T19:35:10-07:00</time>
      </trkpt>
      <trkpt lat="41.93036844022572" lon="-123.13215357251465">
        <time>2005-08-04T19:35:16-07:00</time>
      </trkpt>
      <trkpt lat="41.93039333447814" lon="-123.13214024528861">
        <time>2005-08-04T19:35:20-07:00</time>
      </trkpt>
      <trkpt lat="41.930418564006686" lon="-123.13212792389095">
        <time>2005-08-04T19:35:24-07:00</time>
      </trkpt>
      <trkpt lat="41.93045628257096" lon="-123.13210998661816">
        <time>2005-08-04T19:35:26-07:00</time>
      </trkpt>
      <trkpt lat="41.9304680172354" lon="-123.13210420310497">
        <time>2005-08-04T19:35:28-07:00</time>
      </trkpt>
      <trkpt lat="41.930564660578966" lon="-123.13204921782017">
        <time>2005-08-04T19:35:32-07:00</time>
      </trkpt>
      <trkpt lat="41.93066105246544" lon="-123.1319784745574">
        <time>2005-08-04T19:35:33-07:00</time>
      </trkpt>
      <trkpt lat="41.9306905567646" lon="-123.13197520561516">
        <time>2005-08-04T19:35:42-07:00</time>
      </trkpt>
      <trkpt lat="41.9307460449636" lon="-123.13195793889463">
        <time>2005-08-04T19:35:50-07:00</time>
      </trkpt>
      <trkpt lat="41.93077789619565" lon="-123.1319612916559">
        <time>2005-08-04T19:35:54-07:00</time>
      </trkpt>
      <trkpt lat="41.930818213149905" lon="-123.13194972462952">
        <time>2005-08-04T19:35:58-07:00</time>
      </trkpt>
      <trkpt lat="41.930898344144225" lon="-123.13193706795573">
        <time>2005-08-04T19:36:01-07:00</time>
      </trkpt>
      <trkpt lat="41.930919382721186" lon="-123.13192784786224">
        <time>2005-08-04T19:36:04-07:00</time>
      </trkpt>
      <trkpt lat="41.9309894554317" lon="-123.13190110959113">
        <time>2005-08-04T19:36:10-07:00</time>
      </trkpt>
      <trkpt lat="41.931026419624686" lon="-123.13188040629029">
        <time>2005-08-04T19:36:12-07:00</time>
      </trkpt>
      <trkpt lat="41.93108920007944" lon="-123.13181586563587">
        <time>2005-08-04T19:36:18-07:00</time>
      </trkpt>
      <trkpt lat="41.931098252534866" lon="-123.13180136494339">
        <time>2005-08-04T19:36:21-07:00</time>
      </trkpt>
      <trkpt lat="41.93110780790448" lon="-123.13179088756442">
        <time>2005-08-04T19:36:27-07:00</time>
      </trkpt>
      <trkpt lat="41.931157261133194" lon="-123.13172869384289">
        <time>2005-08-04T19:36:28-07:00</time>
      </trkpt>
      <trkpt lat="41.931209145113826" lon="-123.13163112848997">
        <time>2005-08-04T19:36:29-07:00</time>
      </trkpt>
      <trkpt lat="41.93123772740364" lon="-123.13151797279716">
        <time>2005-08-04T19:36:35-07:00</time>
      </trkpt>
      <trkpt lat="41.9312434270978" lon="-123.13149098306894">
        <time>2005-08-04T19:36:42-07:00</time>
      </trkpt>
      <trkpt lat="41.93125382065773" lon="-123.1313841138035">
        <time>2005-08-04T19:36:49-07:00</time>
      </trkpt>
      <trkpt lat="41.93125382065773" lon="-123.1313674338162">
        <time>2005-08-04T19:36:51-07:00</time>
      </trkpt>
      <trkpt lat="41.93127980455756" lon="-123.13120339997113">
        <time>2005-08-04T19:36:58-07:00</time>
      </trkpt>
      <trkpt lat="41.931298999115825" lon="-123.13113098032773">
        <time>2005-08-04T19:36:59-07:00</time>
      </trkpt>
      <trkpt lat="41.93130084313452" lon="-123.13111580908298">
        <time>2005-08-04T19:37:08-07:00</time>
      </trkpt>
      <trkpt lat="41.9313295930624" lon="-123.13103810884058">
        <time>2005-08-04T19:37:14-07:00</time>
      </trkpt>
      <trkpt lat="41.93136387504637" lon="-123.13094029203057">
        <time>2005-08-04T19:37:15-07:00</time>
      </trkpt>
      <trkpt lat="41.93137007765472" lon="-123.13092805445194">
        <time>2005-08-04T19:37:21-07:00</time>
      </trkpt>
      <trkpt lat="41.93141265772283" lon="-123.13084473833442">
        <time>2005-08-04T19:37:27-07:00</time>
      </trkpt>
      <trkpt lat="41.93146085366607" lon="-123.13074046745896">
        <time>2005-08-04T19:37:28-07:00</time>
      </trkpt>
      <trkpt lat="41.93150888197124" lon="-123.13065027818084">
        <time>2005-08-04T19:37:34-07:00</time>
      </trkpt>
      <trkpt lat="41.93158549256623" lon="-123.13055774196982">
        <time>2005-08-04T19:37:41-07:00</time>
      </trkpt>
      <trkpt lat="41.93167584948242" lon="-123.13053435645998">
        <time>2005-08-04T19:37:48-07:00</time>
      </trkpt>
      <trkpt lat="41.931684063747525" lon="-123.13053846359253">
        <time>2005-08-04T19:37:56-07:00</time>
      </trkpt>
      <trkpt lat="41.931728487834334" lon="-123.13057526014745">
        <time>2005-08-04T19:38:02-07:00</time>
      </trkpt>
      <trkpt lat="41.93178741261363" lon="-123.13066268339753">
        <time>2005-08-04T19:38:03-07:00</time>
      </trkpt>
      <trkpt lat="41.931792022660375" lon="-123.13067835755646">
        <time>2005-08-04T19:38:07-07:00</time>
      </trkpt>
      <trkpt lat="41.931811133399606" lon="-123.13076385296881">
        <time>2005-08-04T19:38:13-07:00</time>
      </trkpt>
      <trkpt lat="41.93182211369276" lon="-123.13081330619752">
        <time>2005-08-04T19:38:14-07:00</time>
      </trkpt>
      <trkpt lat="41.931831082329154" lon="-123.1308608315885">
        <time>2005-08-04T19:38:19-07:00</time>
      </trkpt>
      <trkpt lat="41.931852120906115" lon="-123.13092629425228">
        <time>2005-08-04T19:38:22-07:00</time>
      </trkpt>
      <trkpt lat="41.9318787753582" lon="-123.13097675330937">
        <time>2005-08-04T19:38:25-07:00</time>
      </trkpt>
      <trkpt lat="41.93191104568541" lon="-123.13101111911237">
        <time>2005-08-04T19:38:29-07:00</time>
      </trkpt>
      <trkpt lat="41.93196133710444" lon="-123.13110549934208">
        <time>2005-08-04T19:38:33-07:00</time>
      </trkpt>
      <trkpt lat="41.93199763074517" lon="-123.13116149045527">
        <time>2005-08-04T19:38:36-07:00</time>
      </trkpt>
      <trkpt lat="41.93201707676053" lon="-123.13120566308498">
        <time>2005-08-04T19:38:43-07:00</time>
      </trkpt>
      <trkpt lat="41.93207683973014" lon="-123.13130398280919">
        <time>2005-08-04T19:38:47-07:00</time>
      </trkpt>
      <trkpt lat="41.93213584832847" lon="-123.13138662837446">
        <time>2005-08-04T19:38:50-07:00</time>
      </trkpt>
      <trkpt lat="41.93218991160393" lon="-123.13143080100417">
        <time>2005-08-04T19:38:57-07:00</time>
      </trkpt>
      <trkpt lat="41.93222662433982" lon="-123.1314652506262">
        <time>2005-08-04T19:39:04-07:00</time>
      </trkpt>
      <trkpt lat="41.93225269205868" lon="-123.13149978406727">
        <time>2005-08-04T19:39:08-07:00</time>
      </trkpt>
      <trkpt lat="41.93228580057621" lon="-123.13153339549899">
        <time>2005-08-04T19:39:11-07:00</time>
      </trkpt>
      <trkpt lat="41.93231119774282" lon="-123.1315675098449">
        <time>2005-08-04T19:39:14-07:00</time>
      </trkpt>
      <trkpt lat="41.93235604092479" lon="-123.13159927725792">
        <time>2005-08-04T19:39:17-07:00</time>
      </trkpt>
      <trkpt lat="41.9324054941535" lon="-123.13162291422486">
        <time>2005-08-04T19:39:20-07:00</time>
      </trkpt>
      <trkpt lat="41.93248411640525" lon="-123.13166415318847">
        <time>2005-08-04T19:39:25-07:00</time>
      </trkpt>
      <trkpt lat="41.93250649608672" lon="-123.13168318010867">
        <time>2005-08-04T19:39:29-07:00</time>
      </trkpt>
      <trkpt lat="41.93254656158388" lon="-123.13176909461617">
        <time>2005-08-04T19:39:35-07:00</time>
      </trkpt>
      <trkpt lat="41.93255494348705" lon="-123.13180312514305">
        <time>2005-08-04T19:39:37-07:00</time>
      </trkpt>
      <trkpt lat="41.93257170729339" lon="-123.1319092400372">
        <time>2005-08-04T19:39:44-07:00</time>
      </trkpt>
      <trkpt lat="41.93256282247603" lon="-123.13201879151165">
        <time>2005-08-04T19:39:46-07:00</time>
      </trkpt>
      <trkpt lat="41.93256047554314" lon="-123.13203354366124">
        <time>2005-08-04T19:39:52-07:00</time>
      </trkpt>
      <trkpt lat="41.932540610432625" lon="-123.1321407482028">
        <time>2005-08-04T19:39:59-07:00</time>
      </trkpt>
      <trkpt lat="41.93253105506301" lon="-123.13217025250196">
        <time>2005-08-04T19:40:00-07:00</time>
      </trkpt>
      <trkpt lat="41.93249920383096" lon="-123.13226278871298">
        <time>2005-08-04T19:40:07-07:00</time>
      </trkpt>
      <trkpt lat="41.93248629570007" lon="-123.13229975290596">
        <time>2005-08-04T19:40:09-07:00</time>
      </trkpt>
      <trkpt lat="41.93244312889874" lon="-123.13239832408726">
        <time>2005-08-04T19:40:15-07:00</time>
      </trkpt>
      <trkpt lat="41.93243684247136" lon="-123.13241869211197">
        <time>2005-08-04T19:40:17-07:00</time>
      </trkpt>
      <trkpt lat="41.93241588771343" lon="-123.13250376842916">
        <time>2005-08-04T19:40:24-07:00</time>
      </trkpt>
      <trkpt lat="41.93245159462094" lon="-123.13260586000979">
        <time>2005-08-04T19:40:25-07:00</time>
      </trkpt>
      <trkpt lat="41.93247330375016" lon="-123.13262446783483">
        <time>2005-08-04T19:40:31-07:00</time>
      </trkpt>
      <trkpt lat="41.93252719938755" lon="-123.13268682919443">
        <time>2005-08-04T19:40:38-07:00</time>
      </trkpt>
      <trkpt lat="41.932616299018264" lon="-123.13278246670961">
        <time>2005-08-04T19:40:40-07:00</time>
      </trkpt>
      <trkpt lat="41.932681845501065" lon="-123.13290467485785">
        <time>2005-08-04T19:40:45-07:00</time>
      </trkpt>
      <trkpt lat="41.93267329595983" lon="-123.1329629290849">
        <time>2005-08-04T19:40:53-07:00</time>
      </trkpt>
      <trkpt lat="41.93265720270574" lon="-123.13300928100944">
        <time>2005-08-04T19:41:02-07:00</time>
      </trkpt>
      <trkpt lat="41.93263038061559" lon="-123.13306963071227">
        <time>2005-08-04T19:41:06-07:00</time>
      </trkpt>
      <trkpt lat="41.93262208253145" lon="-123.1330837123096">
        <time>2005-08-04T19:41:09-07:00</time>
      </trkpt>
      <trkpt lat="41.9326039776206" lon="-123.13313970342278">
        <time>2005-08-04T19:41:12-07:00</time>
      </trkpt>
      <trkpt lat="41.932569444179535" lon="-123.13320985995233">
        <time>2005-08-04T19:41:13-07:00</time>
      </trkpt>
      <trkpt lat="41.93255452439189" lon="-123.13324606977403">
        <time>2005-08-04T19:41:17-07:00</time>
      </trkpt>
      <trkpt lat="41.93249342031777" lon="-123.13332502730191">
        <time>2005-08-04T19:41:22-07:00</time>
      </trkpt>
      <trkpt lat="41.93244363181293" lon="-123.1333910766989">
        <time>2005-08-04T19:41:24-07:00</time>
      </trkpt>
      <trkpt lat="41.9324263650924" lon="-123.13342577777803">
        <time>2005-08-04T19:41:31-07:00</time>
      </trkpt>
      <trkpt lat="41.932402811944485" lon="-123.13347137533128">
        <time>2005-08-04T19:41:37-07:00</time>
      </trkpt>
      <trkpt lat="41.932395435869694" lon="-123.13352443277836">
        <time>2005-08-04T19:41:39-07:00</time>
      </trkpt>
      <trkpt lat="41.93238546140492" lon="-123.13354865647852">
        <time>2005-08-04T19:41:42-07:00</time>
      </trkpt>
      <trkpt lat="41.93236542865634" lon="-123.13367463648319">
        <time>2005-08-04T19:41:46-07:00</time>
      </trkpt>
      <trkpt lat="41.93233030848205" lon="-123.13376231119037">
        <time>2005-08-04T19:41:48-07:00</time>
      </trkpt>
      <trkpt lat="41.93232050165534" lon="-123.13377840444446">
        <time>2005-08-04T19:41:56-07:00</time>
      </trkpt>
      <trkpt lat="41.93227934651077" lon="-123.1338213197887">
        <time>2005-08-04T19:42:02-07:00</time>
      </trkpt>
      <trkpt lat="41.93226300179958" lon="-123.13383565284312">
        <time>2005-08-04T19:42:03-07:00</time>
      </trkpt>
      <trkpt lat="41.93220566958189" lon="-123.13388963229954">
        <time>2005-08-04T19:42:07-07:00</time>
      </trkpt>
      <trkpt lat="41.932197622954845" lon="-123.13390111550689">
        <time>2005-08-04T19:42:09-07:00</time>
      </trkpt>
      <trkpt lat="41.93216912448406" lon="-123.13393305055797">
        <time>2005-08-04T19:42:14-07:00</time>
      </trkpt>
      <trkpt lat="41.93215034902096" lon="-123.13395869918168">
        <time>2005-08-04T19:42:15-07:00</time>
      </trkpt>
      <trkpt lat="41.93212637677789" lon="-123.13400614075363">
        <time>2005-08-04T19:42:18-07:00</time>
      </trkpt>
      <trkpt lat="41.93211296573281" lon="-123.13403296284378">
        <time>2005-08-04T19:42:20-07:00</time>
      </trkpt>
      <trkpt lat="41.932100895792246" lon="-123.13411225564778">
        <time>2005-08-04T19:42:23-07:00</time>
      </trkpt>
      <trkpt lat="41.93209419026971" lon="-123.13418249599636">
        <time>2005-08-04T19:42:25-07:00</time>
      </trkpt>
      <trkpt lat="41.93210248835385" lon="-123.13425089232624">
        <time>2005-08-04T19:42:30-07:00</time>
      </trkpt>
      <trkpt lat="41.93214230239391" lon="-123.13440394587815">
        <time>2005-08-04T19:42:34-07:00</time>
      </trkpt>
      <trkpt lat="41.93216359242797" lon="-123.13444568775594">
        <time>2005-08-04T19:42:38-07:00</time>
      </trkpt>
      <trkpt lat="41.932177590206265" lon="-123.13447711989284">
        <time>2005-08-04T19:42:48-07:00</time>
      </trkpt>
      <trkpt lat="41.93221287801862" lon="-123.13454534858465">
        <time>2005-08-04T19:42:51-07:00</time>
      </trkpt>
      <trkpt lat="41.93223995156586" lon="-123.1345840729773">
        <time>2005-08-04T19:42:53-07:00</time>
      </trkpt>
      <trkpt lat="41.93226928822696" lon="-123.1346340291202">
        <time>2005-08-04T19:42:59-07:00</time>
      </trkpt>
      <trkpt lat="41.932343635708094" lon="-123.13475816510618">
        <time>2005-08-04T19:43:02-07:00</time>
      </trkpt>
      <trkpt lat="41.93235855549574" lon="-123.13484609127045">
        <time>2005-08-04T19:43:06-07:00</time>
      </trkpt>
      <trkpt lat="41.93236735649407" lon="-123.13490317203104">
        <time>2005-08-04T19:43:15-07:00</time>
      </trkpt>
      <trkpt lat="41.93237867206335" lon="-123.1350262183696">
        <time>2005-08-04T19:43:20-07:00</time>
      </trkpt>
      <trkpt lat="41.932376492768526" lon="-123.13505521975458">
        <time>2005-08-04T19:43:23-07:00</time>
      </trkpt>
      <trkpt lat="41.93235813640058" lon="-123.13518773764372">
        <time>2005-08-04T19:43:31-07:00</time>
      </trkpt>
      <trkpt lat="41.93235478363931" lon="-123.13520282506943">
        <time>2005-08-04T19:43:33-07:00</time>
      </trkpt>
      <trkpt lat="41.93234975449741" lon="-123.13532251864672">
        <time>2005-08-04T19:43:41-07:00</time>
      </trkpt>
      <trkpt lat="41.93235428072512" lon="-123.13535529188812">
        <time>2005-08-04T19:43:42-07:00</time>
      </trkpt>
      <trkpt lat="41.93236257880926" lon="-123.1354509294033">
        <time>2005-08-04T19:43:49-07:00</time>
      </trkpt>
      <trkpt lat="41.93238101899624" lon="-123.1355153862387">
        <time>2005-08-04T19:43:51-07:00</time>
      </trkpt>
      <trkpt lat="41.932433070614934" lon="-123.13566357828677">
        <time>2005-08-04T19:43:57-07:00</time>
      </trkpt>
      <trkpt lat="41.93243793211877" lon="-123.1356758158654">
        <time>2005-08-04T19:44:01-07:00</time>
      </trkpt>
      <trkpt lat="41.932490235194564" lon="-123.13580447807908">
        <time>2005-08-04T19:44:11-07:00</time>
      </trkpt>
      <trkpt lat="41.93249735981226" lon="-123.13581939786673">
        <time>2005-08-04T19:44:12-07:00</time>
      </trkpt>
      <trkpt lat="41.9325730483979" lon="-123.13593691214919">
        <time>2005-08-04T19:44:20-07:00</time>
      </trkpt>
      <trkpt lat="41.93259936757386" lon="-123.13597152940929">
        <time>2005-08-04T19:44:21-07:00</time>
      </trkpt>
      <trkpt lat="41.932617388665676" lon="-123.13599474728107">
        <time>2005-08-04T19:44:30-07:00</time>
      </trkpt>
      <trkpt lat="41.93268679082394" lon="-123.13606213778257">
        <time>2005-08-04T19:44:33-07:00</time>
      </trkpt>
      <trkpt lat="41.93269517272711" lon="-123.13607295043766">
        <time>2005-08-04T19:44:35-07:00</time>
      </trkpt>
      <trkpt lat="41.932728700339794" lon="-123.13610245473683">
        <time>2005-08-04T19:44:41-07:00</time>
      </trkpt>
      <trkpt lat="41.93276071920991" lon="-123.13612475059927">
        <time>2005-08-04T19:44:42-07:00</time>
      </trkpt>
      <trkpt lat="41.93279039114714" lon="-123.13614076003432">
        <time>2005-08-04T19:44:46-07:00</time>
      </trkpt>
      <trkpt lat="41.932875299826264" lon="-123.13618602231145">
        <time>2005-08-04T19:44:49-07:00</time>
      </trkpt>
      <trkpt lat="41.93293799646199" lon="-123.13621393404901">
        <time>2005-08-04T19:44:51-07:00</time>
      </trkpt>
      <trkpt lat="41.93298652768135" lon="-123.13624360598624">
        <time>2005-08-04T19:44:58-07:00</time>
      </trkpt>
      <trkpt lat="41.93301594816148" lon="-123.13626372255385">
        <time>2005-08-04T19:45:03-07:00</time>
      </trkpt>
      <trkpt lat="41.93306665867567" lon="-123.13629607670009">
        <time>2005-08-04T19:45:08-07:00</time>
      </trkpt>
      <trkpt lat="41.93309163674712" lon="-123.13630906865001">
        <time>2005-08-04T19:45:11-07:00</time>
      </trkpt>
      <trkpt lat="41.93314955569804" lon="-123.1363333761692">
        <time>2005-08-04T19:45:16-07:00</time>
      </trkpt>
      <trkpt lat="41.933181155472994" lon="-123.13634268008173">
        <time>2005-08-04T19:45:18-07:00</time>
      </trkpt>
      <trkpt lat="41.93324494175613" lon="-123.13635701313615">
        <time>2005-08-04T19:45:23-07:00</time>
      </trkpt>
      <trkpt lat="41.93328467197716" lon="-123.13636707141995">
        <time>2005-08-04T19:45:26-07:00</time>
      </trkpt>
      <trkpt lat="41.93329724483192" lon="-123.13637151382864">
        <time>2005-08-04T19:45:31-07:00</time>
      </trkpt>
      <trkpt lat="41.933394810184836" lon="-123.13639272004366">
        <time>2005-08-04T19:45:34-07:00</time>
      </trkpt>
      <trkpt lat="41.93347158841789" lon="-123.13641744665802">
        <time>2005-08-04T19:45:35-07:00</time>
      </trkpt>
      <trkpt lat="41.93351165391505" lon="-123.13642624765635">
        <time>2005-08-04T19:45:42-07:00</time>
      </trkpt>
      <trkpt lat="41.93356395699084" lon="-123.13643362373114">
        <time>2005-08-04T19:45:48-07:00</time>
      </trkpt>
      <trkpt lat="41.93366378545761" lon="-123.13644317910075">
        <time>2005-08-04T19:45:51-07:00</time>
      </trkpt>
      <trkpt lat="41.93374634720385" lon="-123.1364805623889">
        <time>2005-08-04T19:45:55-07:00</time>
      </trkpt>
      <trkpt lat="41.93376864306629" lon="-123.13649397343397">
        <time>2005-08-04T19:46:02-07:00</time>
      </trkpt>
      <trkpt lat="41.93381608463824" lon="-123.1365215498954">
        <time>2005-08-04T19:46:09-07:00</time>
      </trkpt>
      <trkpt lat="41.93386252038181" lon="-123.13654937781394">
        <time>2005-08-04T19:46:11-07:00</time>
      </trkpt>
      <trkpt lat="41.933896131813526" lon="-123.1365754455328">
        <time>2005-08-04T19:46:15-07:00</time>
      </trkpt>
      <trkpt lat="41.93395933136344" lon="-123.13661299645901">
        <time>2005-08-04T19:46:19-07:00</time>
      </trkpt>
      <trkpt lat="41.93404356949031" lon="-123.13665230758488">
        <time>2005-08-04T19:46:22-07:00</time>
      </trkpt>
      <trkpt lat="41.93405496887863" lon="-123.13665322959423">
        <time>2005-08-04T19:46:27-07:00</time>
      </trkpt>
      <trkpt lat="41.93410928361118" lon="-123.13668474555016">
        <time>2005-08-04T19:46:33-07:00</time>
      </trkpt>
      <trkpt lat="41.934179021045566" lon="-123.13671441748738">
        <time>2005-08-04T19:46:34-07:00</time>
      </trkpt>
      <trkpt lat="41.93420894443989" lon="-123.13673302531242">
        <time>2005-08-04T19:46:39-07:00</time>
      </trkpt>
      <trkpt lat="41.93427340127528" lon="-123.1367535609752">
        <time>2005-08-04T19:46:44-07:00</time>
      </trkpt>
      <trkpt lat="41.934297708794475" lon="-123.13676613382995">
        <time>2005-08-04T19:46:47-07:00</time>
      </trkpt>
      <trkpt lat="41.934388065710664" lon="-123.13681215047836">
        <time>2005-08-04T19:46:52-07:00</time>
      </trkpt>
      <trkpt lat="41.934497114270926" lon="-123.13686839304864">
        <time>2005-08-04T19:46:54-07:00</time>
      </trkpt>
      <trkpt lat="41.93457406014204" lon="-123.13691575080156">
        <time>2005-08-04T19:47:01-07:00</time>
      </trkpt>
      <trkpt lat="41.93464723415673" lon="-123.13700443133712">
        <time>2005-08-04T19:47:09-07:00</time>
      </trkpt>
      <trkpt lat="41.93466584198177" lon="-123.13703049905598">
        <time>2005-08-04T19:47:16-07:00</time>
      </trkpt>
      <trkpt lat="41.934728706255555" lon="-123.13709017820656">
        <time>2005-08-04T19:47:24-07:00</time>
      </trkpt>
      <trkpt lat="41.934807831421494" lon="-123.13715857453644">
        <time>2005-08-04T19:47:26-07:00</time>
      </trkpt>
      <trkpt lat="41.93483205512166" lon="-123.1371766794473">
        <time>2005-08-04T19:47:32-07:00</time>
      </trkpt>
      <trkpt lat="41.93484337069094" lon="-123.137186486274">
        <time>2005-08-04T19:47:39-07:00</time>
      </trkpt>
      <trkpt lat="41.934873377904296" lon="-123.13721138052642">
        <time>2005-08-04T19:47:41-07:00</time>
      </trkpt>
      <trkpt lat="41.93489307537675" lon="-123.13723015598953">
        <time>2005-08-04T19:47:42-07:00</time>
      </trkpt>
      <trkpt lat="41.93499877117574" lon="-123.13727642409503">
        <time>2005-08-04T19:47:45-07:00</time>
      </trkpt>
      <trkpt lat="41.93513841368258" lon="-123.13728438690305">
        <time>2005-08-04T19:47:47-07:00</time>
      </trkpt>
      <trkpt lat="41.935202116146684" lon="-123.13727717846632">
        <time>2005-08-04T19:47:55-07:00</time>
      </trkpt>
      <trkpt lat="41.93526204675436" lon="-123.13727558590472">
        <time>2005-08-04T19:48:05-07:00</time>
      </trkpt>
      <trkpt lat="41.93534452468157" lon="-123.13725848682225">
        <time>2005-08-04T19:48:10-07:00</time>
      </trkpt>
      <trkpt lat="41.93539892323315" lon="-123.13724574632943">
        <time>2005-08-04T19:48:15-07:00</time>
      </trkpt>
      <trkpt lat="41.935489447787404" lon="-123.13722889870405">
        <time>2005-08-04T19:48:22-07:00</time>
      </trkpt>
      <trkpt lat="41.935567734763026" lon="-123.1372105423361">
        <time>2005-08-04T19:48:26-07:00</time>
      </trkpt>
      <trkpt lat="41.93559003062546" lon="-123.13720987178385">
        <time>2005-08-04T19:48:33-07:00</time>
      </trkpt>
      <trkpt lat="41.935644429177046" lon="-123.13719696365297">
        <time>2005-08-04T19:48:39-07:00</time>
      </trkpt>
      <trkpt lat="41.93569153547287" lon="-123.13719294033945">
        <time>2005-08-04T19:48:41-07:00</time>
      </trkpt>
      <trkpt lat="41.93571458570659" lon="-123.13718849793077">
        <time>2005-08-04T19:48:45-07:00</time>
      </trkpt>
      <trkpt lat="41.93580192513764" lon="-123.13716142438352">
        <time>2005-08-04T19:48:49-07:00</time>
      </trkpt>
      <trkpt lat="41.93590519018471" lon="-123.13712722621858">
        <time>2005-08-04T19:48:51-07:00</time>
      </trkpt>
      <trkpt lat="41.935938047245145" lon="-123.13711524009705">
        <time>2005-08-04T19:48:58-07:00</time>
      </trkpt>
      <trkpt lat="41.93600811995566" lon="-123.1371106300503">
        <time>2005-08-04T19:49:07-07:00</time>
      </trkpt>
      <trkpt lat="41.936046089977026" lon="-123.13711473718286">
        <time>2005-08-04T19:49:10-07:00</time>
      </trkpt>
      <trkpt lat="41.93609705194831" lon="-123.13712764531374">
        <time>2005-08-04T19:49:16-07:00</time>
      </trkpt>
      <trkpt lat="41.936128148809075" lon="-123.13715178519487">
        <time>2005-08-04T19:49:19-07:00</time>
      </trkpt>
      <trkpt lat="41.93617324344814" lon="-123.13719822093844">
        <time>2005-08-04T19:49:23-07:00</time>
      </trkpt>
      <trkpt lat="41.93620266392827" lon="-123.13723065890372">
        <time>2005-08-04T19:49:26-07:00</time>
      </trkpt>
      <trkpt lat="41.93623526953161" lon="-123.13728069886565">
        <time>2005-08-04T19:49:30-07:00</time>
      </trkpt>
      <trkpt lat="41.9362579844892" lon="-123.13733115792274">
        <time>2005-08-04T19:49:33-07:00</time>
      </trkpt>
      <trkpt lat="41.93627902306616" lon="-123.137360913679">
        <time>2005-08-04T19:49:37-07:00</time>
      </trkpt>
      <trkpt lat="41.9363185018301" lon="-123.13741623423994">
        <time>2005-08-04T19:49:40-07:00</time>
      </trkpt>
      <trkpt lat="41.93635253235698" lon="-123.13744196668267">
        <time>2005-08-04T19:49:42-07:00</time>
      </trkpt>
      <trkpt lat="41.936398297548294" lon="-123.13750893808901">
        <time>2005-08-04T19:49:47-07:00</time>
      </trkpt>
      <trkpt lat="41.93644498474896" lon="-123.13760834746063">
        <time>2005-08-04T19:49:50-07:00</time>
      </trkpt>
      <trkpt lat="41.93645001389086" lon="-123.13762402161956">
        <time>2005-08-04T19:49:55-07:00</time>
      </trkpt>
      <trkpt lat="41.936463844031096" lon="-123.13768789172173">
        <time>2005-08-04T19:50:02-07:00</time>
      </trkpt>
      <trkpt lat="41.93648295477033" lon="-123.13773491419852">
        <time>2005-08-04T19:50:03-07:00</time>
      </trkpt>
      <trkpt lat="41.936494102701545" lon="-123.13776693306863">
        <time>2005-08-04T19:50:07-07:00</time>
      </trkpt>
      <trkpt lat="41.936529809609056" lon="-123.13783826306462">
        <time>2005-08-04T19:50:10-07:00</time>
      </trkpt>
      <trkpt lat="41.936568869277835" lon="-123.13788335770369">
        <time>2005-08-04T19:50:12-07:00</time>
      </trkpt>
      <trkpt lat="41.93659736774862" lon="-123.13791135326028">
        <time>2005-08-04T19:50:17-07:00</time>
      </trkpt>
      <trkpt lat="41.93661857396364" lon="-123.13792811706662">
        <time>2005-08-04T19:50:21-07:00</time>
      </trkpt>
      <trkpt lat="41.93663005717099" lon="-123.13793356530368">
        <time>2005-08-04T19:50:24-07:00</time>
      </trkpt>
      <trkpt lat="41.93673181347549" lon="-123.13797673210502">
        <time>2005-08-04T19:50:26-07:00</time>
      </trkpt>
      <trkpt lat="41.93680037744343" lon="-123.1379795819521">
        <time>2005-08-04T19:50:27-07:00</time>
      </trkpt>
      <trkpt lat="41.93685511127114" lon="-123.13796759583056">
        <time>2005-08-04T19:50:36-07:00</time>
      </trkpt>
      <trkpt lat="41.93686701357365" lon="-123.13796290196478">
        <time>2005-08-04T19:50:42-07:00</time>
      </trkpt>
      <trkpt lat="41.936923591420054" lon="-123.13794161193073">
        <time>2005-08-04T19:50:47-07:00</time>
      </trkpt>
      <trkpt lat="41.93696382455528" lon="-123.13792669214308">
        <time>2005-08-04T19:50:48-07:00</time>
      </trkpt>
      <trkpt lat="41.93700296804309" lon="-123.13790582120419">
        <time>2005-08-04T19:50:53-07:00</time>
      </trkpt>
      <trkpt lat="41.93708209320903" lon="-123.13783985562623">
        <time>2005-08-04T19:50:56-07:00</time>
      </trkpt>
      <trkpt lat="41.93716574460268" lon="-123.13775553368032">
        <time>2005-08-04T19:50:59-07:00</time>
      </trkpt>
      <trkpt lat="41.93719985894859" lon="-123.13773876987398">
        <time>2005-08-04T19:51:06-07:00</time>
      </trkpt>
      <trkpt lat="41.937241684645414" lon="-123.1376946810633">
        <time>2005-08-04T19:51:14-07:00</time>
      </trkpt>
      <trkpt lat="41.93725031800568" lon="-123.13768453896046">
        <time>2005-08-04T19:51:17-07:00</time>
      </trkpt>
      <trkpt lat="41.93730396218598" lon="-123.13761161640286">
        <time>2005-08-04T19:51:21-07:00</time>
      </trkpt>
      <trkpt lat="41.937355091795325" lon="-123.13754883594811">
        <time>2005-08-04T19:51:22-07:00</time>
      </trkpt>
      <trkpt lat="41.93737001158297" lon="-123.1375197507441">
        <time>2005-08-04T19:51:28-07:00</time>
      </trkpt>
      <trkpt lat="41.93740747869015" lon="-123.13741715624928">
        <time>2005-08-04T19:51:34-07:00</time>
      </trkpt>
      <trkpt lat="41.93740990944207" lon="-123.13740131445229">
        <time>2005-08-04T19:51:36-07:00</time>
      </trkpt>
      <trkpt lat="41.93742516450584" lon="-123.13734591007233">
        <time>2005-08-04T19:51:42-07:00</time>
      </trkpt>
      <trkpt lat="41.937428349629045" lon="-123.13733048737049">
        <time>2005-08-04T19:51:43-07:00</time>
      </trkpt>
      <trkpt lat="41.93744536489248" lon="-123.13728212378919">
        <time>2005-08-04T19:51:47-07:00</time>
      </trkpt>
      <trkpt lat="41.93750093691051" lon="-123.13717315904796">
        <time>2005-08-04T19:51:48-07:00</time>
      </trkpt>
      <trkpt lat="41.93751082755625" lon="-123.13716041855514">
        <time>2005-08-04T19:51:51-07:00</time>
      </trkpt>
      <trkpt lat="41.93758408538997" lon="-123.13708866946399">
        <time>2005-08-04T19:51:58-07:00</time>
      </trkpt>
      <trkpt lat="41.937621384859085" lon="-123.13707190565765">
        <time>2005-08-04T19:51:59-07:00</time>
      </trkpt>
      <trkpt lat="41.93765876814723" lon="-123.13706679269671">
        <time>2005-08-04T19:52:07-07:00</time>
      </trkpt>
      <trkpt lat="41.937710819765925" lon="-123.13705581240356">
        <time>2005-08-04T19:52:10-07:00</time>
      </trkpt>
      <trkpt lat="41.93777795881033" lon="-123.13705028034747">
        <time>2005-08-04T19:52:13-07:00</time>
      </trkpt>
      <trkpt lat="41.937793884426355" lon="-123.13704634085298">
        <time>2005-08-04T19:52:17-07:00</time>
      </trkpt>
      <trkpt lat="41.93788876757026" lon="-123.13703225925565">
        <time>2005-08-04T19:52:23-07:00</time>
      </trkpt>
      <trkpt lat="41.937909638509154" lon="-123.1370223686099">
        <time>2005-08-04T19:52:25-07:00</time>
      </trkpt>
      <trkpt lat="41.9379813876003" lon="-123.13700241968036">
        <time>2005-08-04T19:52:33-07:00</time>
      </trkpt>
      <trkpt lat="41.938075767830014" lon="-123.1370487716049">
        <time>2005-08-04T19:52:35-07:00</time>
      </trkpt>
      <trkpt lat="41.93815958686173" lon="-123.1371264718473">
        <time>2005-08-04T19:52:41-07:00</time>
      </trkpt>
      <trkpt lat="41.93817031569779" lon="-123.13715337775648">
        <time>2005-08-04T19:52:49-07:00</time>
      </trkpt>
      <trkpt lat="41.938171153888106" lon="-123.1371846422553">
        <time>2005-08-04T19:52:57-07:00</time>
      </trkpt>
      <trkpt lat="41.93817190825939" lon="-123.1372749991715">
        <time>2005-08-04T19:52:59-07:00</time>
      </trkpt>
      <trkpt lat="41.93818607367575" lon="-123.13744842074811">
        <time>2005-08-04T19:53:01-07:00</time>
      </trkpt>
      <trkpt lat="41.93818909116089" lon="-123.13746702857316">
        <time>2005-08-04T19:53:06-07:00</time>
      </trkpt>
      <trkpt lat="41.93822907283902" lon="-123.13760407269001">
        <time>2005-08-04T19:53:15-07:00</time>
      </trkpt>
      <trkpt lat="41.93829537369311" lon="-123.13775796443224">
        <time>2005-08-04T19:53:16-07:00</time>
      </trkpt>
      <trkpt lat="41.938363602384925" lon="-123.13784228637815">
        <time>2005-08-04T19:53:24-07:00</time>
      </trkpt>
      <trkpt lat="41.9383804500103" lon="-123.13786969520152">
        <time>2005-08-04T19:53:33-07:00</time>
      </trkpt>
      <trkpt lat="41.93842889741063" lon="-123.13794555142522">
        <time>2005-08-04T19:53:40-07:00</time>
      </trkpt>
      <trkpt lat="41.93844792433083" lon="-123.13799240626395">
        <time>2005-08-04T19:53:42-07:00</time>
      </trkpt>
      <trkpt lat="41.938472567126155" lon="-123.13802920281887">
        <time>2005-08-04T19:53:48-07:00</time>
      </trkpt>
      <trkpt lat="41.93850617855787" lon="-123.13811721280217">
        <time>2005-08-04T19:53:51-07:00</time>
      </trkpt>
      <trkpt lat="41.93851321935654" lon="-123.13813623972237">
        <time>2005-08-04T19:53:54-07:00</time>
      </trkpt>
      <trkpt lat="41.938551273196936" lon="-123.13824486918747">
        <time>2005-08-04T19:54:00-07:00</time>
      </trkpt>
      <trkpt lat="41.93857884965837" lon="-123.13831888139248">
        <time>2005-08-04T19:54:01-07:00</time>
      </trkpt>
      <trkpt lat="41.93860131315887" lon="-123.13835928216577">
        <time>2005-08-04T19:54:09-07:00</time>
      </trkpt>
      <trkpt lat="41.93868638947606" lon="-123.138428600505">
        <time>2005-08-04T19:54:14-07:00</time>
      </trkpt>
      <trkpt lat="41.938698291778564" lon="-123.13843170180917">
        <time>2005-08-04T19:54:17-07:00</time>
      </trkpt>
      <trkpt lat="41.93880809471011" lon="-123.13845600932837">
        <time>2005-08-04T19:54:24-07:00</time>
      </trkpt>
      <trkpt lat="41.93890364840627" lon="-123.13847620971501">
        <time>2005-08-04T19:54:25-07:00</time>
      </trkpt>
      <trkpt lat="41.93891169503331" lon="-123.13848802819848">
        <time>2005-08-04T19:54:34-07:00</time>
      </trkpt>
      <trkpt lat="41.93893449380994" lon="-123.13850780948997">
        <time>2005-08-04T19:54:41-07:00</time>
      </trkpt>
      <trkpt lat="41.93897078745067" lon="-123.13854150474072">
        <time>2005-08-04T19:54:42-07:00</time>
      </trkpt>
      <trkpt lat="41.93897816352546" lon="-123.13855248503387">
        <time>2005-08-04T19:54:44-07:00</time>
      </trkpt>
      <trkpt lat="41.93900783546269" lon="-123.13860185444355">
        <time>2005-08-04T19:54:48-07:00</time>
      </trkpt>
      <trkpt lat="41.939019402489066" lon="-123.13866765238345">
        <time>2005-08-04T19:54:49-07:00</time>
      </trkpt>
      <trkpt lat="41.93904630839825" lon="-123.1387513037771">
        <time>2005-08-04T19:54:53-07:00</time>
      </trkpt>
      <trkpt lat="41.93906583823264" lon="-123.1388046965003">
        <time>2005-08-04T19:54:57-07:00</time>
      </trkpt>
      <trkpt lat="41.93909592926502" lon="-123.13890720717609">
        <time>2005-08-04T19:55:02-07:00</time>
      </trkpt>
      <trkpt lat="41.93909777328372" lon="-123.13894048333168">
        <time>2005-08-04T19:55:06-07:00</time>
      </trkpt>
      <trkpt lat="41.93910808302462" lon="-123.13904735259712">
        <time>2005-08-04T19:55:13-07:00</time>
      </trkpt>
      <trkpt lat="41.93910992704332" lon="-123.13908079639077">
        <time>2005-08-04T19:55:15-07:00</time>
      </trkpt>
      <trkpt lat="41.93911981768906" lon="-123.13916679471731">
        <time>2005-08-04T19:55:21-07:00</time>
      </trkpt>
      <trkpt lat="41.93912166170776" lon="-123.13921616412699">
        <time>2005-08-04T19:55:23-07:00</time>
      </trkpt>
      <trkpt lat="41.939136665314436" lon="-123.13930467702448">
        <time>2005-08-04T19:55:28-07:00</time>
      </trkpt>
      <trkpt lat="41.93913876079023" lon="-123.13933426514268">
        <time>2005-08-04T19:55:31-07:00</time>
      </trkpt>
      <trkpt lat="41.93913976661861" lon="-123.13939671032131">
        <time>2005-08-04T19:55:37-07:00</time>
      </trkpt>
      <trkpt lat="41.939142448827624" lon="-123.13945664092898">
        <time>2005-08-04T19:55:39-07:00</time>
      </trkpt>
      <trkpt lat="41.93915141746402" lon="-123.13954842276871">
        <time>2005-08-04T19:55:47-07:00</time>
      </trkpt>
      <trkpt lat="41.93916516378522" lon="-123.13963106833398">
        <time>2005-08-04T19:55:54-07:00</time>
      </trkpt>
      <trkpt lat="41.939184442162514" lon="-123.13970633782446">
        <time>2005-08-04T19:55:59-07:00</time>
      </trkpt>
      <trkpt lat="41.93920070305467" lon="-123.13978630118072">
        <time>2005-08-04T19:56:04-07:00</time>
      </trkpt>
      <trkpt lat="41.939236326143146" lon="-123.13993114046752">
        <time>2005-08-04T19:56:09-07:00</time>
      </trkpt>
      <trkpt lat="41.93923951126635" lon="-123.13994723372161">
        <time>2005-08-04T19:56:14-07:00</time>
      </trkpt>
      <trkpt lat="41.9392663333565" lon="-123.14004169777036">
        <time>2005-08-04T19:56:22-07:00</time>
      </trkpt>
      <trkpt lat="41.939285611733794" lon="-123.14009902998805">
        <time>2005-08-04T19:56:23-07:00</time>
      </trkpt>
      <trkpt lat="41.93931486457586" lon="-123.1401586253196">
        <time>2005-08-04T19:56:29-07:00</time>
      </trkpt>
      <trkpt lat="41.93935585208237" lon="-123.14024269580841">
        <time>2005-08-04T19:56:32-07:00</time>
      </trkpt>
      <trkpt lat="41.939418297261" lon="-123.14033741131425">
        <time>2005-08-04T19:56:36-07:00</time>
      </trkpt>
      <trkpt lat="41.9394735340029" lon="-123.14040823839605">
        <time>2005-08-04T19:56:42-07:00</time>
      </trkpt>
      <trkpt lat="41.93955743685365" lon="-123.14049893058836">
        <time>2005-08-04T19:56:49-07:00</time>
      </trkpt>
      <trkpt lat="41.939597418531775" lon="-123.1405400019139">
        <time>2005-08-04T19:56:55-07:00</time>
      </trkpt>
      <trkpt lat="41.939628683030605" lon="-123.14056464470923">
        <time>2005-08-04T19:57:03-07:00</time>
      </trkpt>
      <trkpt lat="41.939659947529435" lon="-123.14059381373227">
        <time>2005-08-04T19:57:07-07:00</time>
      </trkpt>
      <trkpt lat="41.93970546126366" lon="-123.14061183482409">
        <time>2005-08-04T19:57:10-07:00</time>
      </trkpt>
      <trkpt lat="41.939790369942784" lon="-123.14063237048686">
        <time>2005-08-04T19:57:13-07:00</time>
      </trkpt>
      <trkpt lat="41.93988215178251" lon="-123.14062097109854">
        <time>2005-08-04T19:57:16-07:00</time>
      </trkpt>
      <trkpt lat="41.939936047419906" lon="-123.14061711542308">
        <time>2005-08-04T19:57:23-07:00</time>
      </trkpt>
      <trkpt lat="41.93995884619653" lon="-123.14061208628118">
        <time>2005-08-04T19:57:30-07:00</time>
      </trkpt>
      <trkpt lat="41.94002573378384" lon="-123.14060152508318">
        <time>2005-08-04T19:57:35-07:00</time>
      </trkpt>
      <trkpt lat="41.94006705656648" lon="-123.1405989266932">
        <time>2005-08-04T19:57:37-07:00</time>
      </trkpt>
      <trkpt lat="41.940163783729076" lon="-123.14062440767884">
        <time>2005-08-04T19:57:42-07:00</time>
      </trkpt>
      <trkpt lat="41.94017618894577" lon="-123.14063295722008">
        <time>2005-08-04T19:57:45-07:00</time>
      </trkpt>
      <trkpt lat="41.940236538648605" lon="-123.14069112762809">
        <time>2005-08-04T19:57:53-07:00</time>
      </trkpt>
      <trkpt lat="41.94025665521622" lon="-123.14072599634528">
        <time>2005-08-04T19:57:54-07:00</time>
      </trkpt>
      <trkpt lat="41.94029244594276" lon="-123.14079296775162">
        <time>2005-08-04T19:58:00-07:00</time>
      </trkpt>
      <trkpt lat="41.94030476734042" lon="-123.14081878401339">
        <time>2005-08-04T19:58:03-07:00</time>
      </trkpt>
      <trkpt lat="41.94034416228533" lon="-123.14087955281138">
        <time>2005-08-04T19:58:08-07:00</time>
      </trkpt>
      <trkpt lat="41.94036385975778" lon="-123.1409046985209">
        <time>2005-08-04T19:58:10-07:00</time>
      </trkpt>
      <trkpt lat="41.940414402633905" lon="-123.14096915535629">
        <time>2005-08-04T19:58:15-07:00</time>
      </trkpt>
      <trkpt lat="41.940449606627226" lon="-123.14100285060704">
        <time>2005-08-04T19:58:17-07:00</time>
      </trkpt>
      <trkpt lat="41.94049168378115" lon="-123.14104668796062">
        <time>2005-08-04T19:58:23-07:00</time>
      </trkpt>
      <trkpt lat="41.94055354222655" lon="-123.14110225997865">
        <time>2005-08-04T19:58:26-07:00</time>
      </trkpt>
      <trkpt lat="41.94057038985193" lon="-123.14112639985979">
        <time>2005-08-04T19:58:30-07:00</time>
      </trkpt>
      <trkpt lat="41.94058262743056" lon="-123.14115640707314">
        <time>2005-08-04T19:58:36-07:00</time>
      </trkpt>
      <trkpt lat="41.94062763825059" lon="-123.14128255471587">
        <time>2005-08-04T19:58:38-07:00</time>
      </trkpt>
      <trkpt lat="41.940625458955765" lon="-123.14129856415093">
        <time>2005-08-04T19:58:40-07:00</time>
      </trkpt>
      <trkpt lat="41.94060039706528" lon="-123.14141297712922">
        <time>2005-08-04T19:58:48-07:00</time>
      </trkpt>
      <trkpt lat="41.94058715365827" lon="-123.14157432876527">
        <time>2005-08-04T19:58:49-07:00</time>
      </trkpt>
      <trkpt lat="41.940586902201176" lon="-123.14158891327679">
        <time>2005-08-04T19:58:56-07:00</time>
      </trkpt>
      <trkpt lat="41.940576676279306" lon="-123.1416938547045">
        <time>2005-08-04T19:59:06-07:00</time>
      </trkpt>
      <trkpt lat="41.940566785633564" lon="-123.14173886552453">
        <time>2005-08-04T19:59:07-07:00</time>
      </trkpt>
      <trkpt lat="41.94055580534041" lon="-123.14185545779765">
        <time>2005-08-04T19:59:13-07:00</time>
      </trkpt>
      <trkpt lat="41.94055421277881" lon="-123.14187414944172">
        <time>2005-08-04T19:59:16-07:00</time>
      </trkpt>
      <trkpt lat="41.94054247811437" lon="-123.14203617163002">
        <time>2005-08-04T19:59:23-07:00</time>
      </trkpt>
      <trkpt lat="41.94054130464792" lon="-123.14214136451483">
        <time>2005-08-04T19:59:24-07:00</time>
      </trkpt>
      <trkpt lat="41.94054055027664" lon="-123.14219710417092">
        <time>2005-08-04T19:59:33-07:00</time>
      </trkpt>
      <trkpt lat="41.94053719751537" lon="-123.14228561706841">
        <time>2005-08-04T19:59:40-07:00</time>
      </trkpt>
      <trkpt lat="41.940531162545085" lon="-123.14234705641866">
        <time>2005-08-04T19:59:43-07:00</time>
      </trkpt>
      <trkpt lat="41.94052831269801" lon="-123.14242676831782">
        <time>2005-08-04T19:59:48-07:00</time>
      </trkpt>
      <trkpt lat="41.94052739068866" lon="-123.14244830980897">
        <time>2005-08-04T19:59:52-07:00</time>
      </trkpt>
      <trkpt lat="41.940527306869626" lon="-123.14252994954586">
        <time>2005-08-04T19:59:56-07:00</time>
      </trkpt>
      <trkpt lat="41.94053300656378" lon="-123.1426058895886">
        <time>2005-08-04T19:59:57-07:00</time>
      </trkpt>
      <trkpt lat="41.94053401239216" lon="-123.1426574382931">
        <time>2005-08-04T20:00:02-07:00</time>
      </trkpt>
      <trkpt lat="41.940543400123715" lon="-123.14275039359927">
        <time>2005-08-04T20:00:06-07:00</time>
      </trkpt>
      <trkpt lat="41.94055496715009" lon="-123.14278224483132">
        <time>2005-08-04T20:00:09-07:00</time>
      </trkpt>
      <trkpt lat="41.94061120972037" lon="-123.14287905581295">
        <time>2005-08-04T20:00:14-07:00</time>
      </trkpt>
      <trkpt lat="41.940621519461274" lon="-123.14289347268641">
        <time>2005-08-04T20:00:16-07:00</time>
      </trkpt>
      <trkpt lat="41.94068932905793" lon="-123.14293990842998">
        <time>2005-08-04T20:00:23-07:00</time>
      </trkpt>
      <trkpt lat="41.94070441648364" lon="-123.14294812269509">
        <time>2005-08-04T20:00:24-07:00</time>
      </trkpt>
      <trkpt lat="41.94083383306861" lon="-123.14296916127205">
        <time>2005-08-04T20:00:30-07:00</time>
      </trkpt>
      <trkpt lat="41.940911281853914" lon="-123.14299304969609">
        <time>2005-08-04T20:00:31-07:00</time>
      </trkpt>
      <trkpt lat="41.94093709811568" lon="-123.14300109632313">
        <time>2005-08-04T20:00:40-07:00</time>
      </trkpt>
      <trkpt lat="41.941009601578116" lon="-123.14303604885936">
        <time>2005-08-04T20:00:46-07:00</time>
      </trkpt>
      <trkpt lat="41.94103332236409" lon="-123.14305180683732">
        <time>2005-08-04T20:00:48-07:00</time>
      </trkpt>
      <trkpt lat="41.9410883076489" lon="-123.14308072440326">
        <time>2005-08-04T20:00:54-07:00</time>
      </trkpt>
      <trkpt lat="41.94113533012569" lon="-123.14310444518924">
        <time>2005-08-04T20:00:56-07:00</time>
      </trkpt>
      <trkpt lat="41.9411588832736" lon="-123.14312070608139">
        <time>2005-08-04T20:01:01-07:00</time>
      </trkpt>
      <trkpt lat="41.941219652071595" lon="-123.1431786250323">
        <time>2005-08-04T20:01:05-07:00</time>
      </trkpt>
      <trkpt lat="41.94122853688896" lon="-123.14318968914449">
        <time>2005-08-04T20:01:07-07:00</time>
      </trkpt>
      <trkpt lat="41.941303135827184" lon="-123.1432964745909">
        <time>2005-08-04T20:01:13-07:00</time>
      </trkpt>
      <trkpt lat="41.94131093099713" lon="-123.14330401830375">
        <time>2005-08-04T20:01:14-07:00</time>
      </trkpt>
      <trkpt lat="41.94134261459112" lon="-123.1433657091111">
        <time>2005-08-04T20:01:23-07:00</time>
      </trkpt>
      <trkpt lat="41.941355019807816" lon="-123.1434019189328">
        <time>2005-08-04T20:01:24-07:00</time>
      </trkpt>
      <trkpt lat="41.94139433093369" lon="-123.14352161251009">
        <time>2005-08-04T20:01:29-07:00</time>
      </trkpt>
      <trkpt lat="41.941415620967746" lon="-123.14356905408204">
        <time>2005-08-04T20:01:31-07:00</time>
      </trkpt>
      <trkpt lat="41.941442945972085" lon="-123.14365345984697">
        <time>2005-08-04T20:01:38-07:00</time>
      </trkpt>
      <trkpt lat="41.941462056711316" lon="-123.14370936714113">
        <time>2005-08-04T20:01:41-07:00</time>
      </trkpt>
      <trkpt lat="41.94148602895439" lon="-123.14378907904029">
        <time>2005-08-04T20:01:46-07:00</time>
      </trkpt>
      <trkpt lat="41.941516203805804" lon="-123.143928386271">
        <time>2005-08-04T20:01:49-07:00</time>
      </trkpt>
      <trkpt lat="41.94153305143118" lon="-123.14399519003928">
        <time>2005-08-04T20:01:54-07:00</time>
      </trkpt>
      <trkpt lat="41.94154386408627" lon="-123.14404665492475">
        <time>2005-08-04T20:02:02-07:00</time>
      </trkpt>
      <trkpt lat="41.941566998139024" lon="-123.14418797381222">
        <time>2005-08-04T20:02:06-07:00</time>
      </trkpt>
      <trkpt lat="41.941570015624166" lon="-123.14420524053276">
        <time>2005-08-04T20:02:09-07:00</time>
      </trkpt>
      <trkpt lat="41.941584097221494" lon="-123.1443015486002">
        <time>2005-08-04T20:02:17-07:00</time>
      </trkpt>
      <trkpt lat="41.941589964553714" lon="-123.14432267099619">
        <time>2005-08-04T20:02:18-07:00</time>
      </trkpt>
      <trkpt lat="41.94162449799478" lon="-123.14443222247064">
        <time>2005-08-04T20:02:25-07:00</time>
      </trkpt>
      <trkpt lat="41.94164888933301" lon="-123.14458284527063">
        <time>2005-08-04T20:02:26-07:00</time>
      </trkpt>
      <trkpt lat="41.9416546728462" lon="-123.1446279399097">
        <time>2005-08-04T20:02:33-07:00</time>
      </trkpt>
      <trkpt lat="41.94166741333902" lon="-123.14467437565327">
        <time>2005-08-04T20:02:41-07:00</time>
      </trkpt>
      <trkpt lat="41.94169004447758" lon="-123.14477336592972">
        <time>2005-08-04T20:02:44-07:00</time>
      </trkpt>
      <trkpt lat="41.941694067791104" lon="-123.14480320550501">
        <time>2005-08-04T20:02:47-07:00</time>
      </trkpt>
      <trkpt lat="41.94170605391264" lon="-123.14486472867429">
        <time>2005-08-04T20:02:52-07:00</time>
      </trkpt>
      <trkpt lat="41.94171695038676" lon="-123.14490789547563">
        <time>2005-08-04T20:02:54-07:00</time>
      </trkpt>
      <trkpt lat="41.94175894372165" lon="-123.14502323046327">
        <time>2005-08-04T20:02:59-07:00</time>
      </trkpt>
      <trkpt lat="41.94176665507257" lon="-123.14505181275308">
        <time>2005-08-04T20:03:02-07:00</time>
      </trkpt>
      <trkpt lat="41.94180269725621" lon="-123.1451559998095">
        <time>2005-08-04T20:03:10-07:00</time>
      </trkpt>
      <trkpt lat="41.94180521182716" lon="-123.14520603977144">
        <time>2005-08-04T20:03:12-07:00</time>
      </trkpt>
    </trkseg>
  </trk>
</gpx>
