<?xml version="1.0" encoding="UTF-8"?>
<gpx version="1.1" creator="GarminFitSummaryExtractor" xmlns="http://www.topografix.com/GPX/1/1" xmlns:xsi="http://www.w3.org/2001/XMLSchema-instance" xsi:schemaLocation="http://www.topografix.com/GPX/1/1 http://www.topografix.com/GPX/1/1/gpx.xsd">
  <metadata>
    <name>2025-06-17-17-18-55</name>
    <time>2005-06-18T17:18:55-07:00</time>
  </metadata>
  <trk>
    <name>2025-06-17-17-18-55</name>
    <type>HIKING</type>
    <trkseg>
      <trkpt lat="36.77261335775256" lon="-118.34078690037131">
        <time>2005-06-18T17:18:55-07:00</time>
      </trkpt>
      <trkpt lat="36.772605646401644" lon="-118.34080559201539">
        <time>2005-06-18T17:18:56-07:00</time>
      </trkpt>
      <trkpt lat="36.77259516902268" lon="-118.34089770913124">
        <time>2005-06-18T17:19:01-07:00</time>
      </trkpt>
      <trkpt lat="36.77258435636759" lon="-118.34096996113658">
        <time>2005-06-18T17:19:08-07:00</time>
      </trkpt>
      <trkpt lat="36.77256532944739" lon="-118.341034501791">
        <time>2005-06-18T17:19:09-07:00</time>
      </trkpt>
      <trkpt lat="36.77252040244639" lon="-118.34114899858832">
        <time>2005-06-18T17:19:16-07:00</time>
      </trkpt>
      <trkpt lat="36.772517804056406" lon="-118.34122762084007">
        <time>2005-06-18T17:19:21-07:00</time>
      </trkpt>
      <trkpt lat="36.77247949875891" lon="-118.34129584953189">
        <time>2005-06-18T17:19:26-07:00</time>
      </trkpt>
      <trkpt lat="36.772470781579614" lon="-118.34137598052621">
        <time>2005-06-18T17:19:34-07:00</time>
      </trkpt>
      <trkpt lat="36.77243457175791" lon="-118.34146365523338">
        <time>2005-06-18T17:19:40-07:00</time>
      </trkpt>
      <trkpt lat="36.77242753095925" lon="-118.34150522947311">
        <time>2005-06-18T17:19:47-07:00</time>
      </trkpt>
      <trkpt lat="36.77242216654122" lon="-118.34151780232787">
        <time>2005-06-18T17:19:53-07:00</time>
      </trkpt>
      <trkpt lat="36.77241965197027" lon="-118.34153305739164">
        <time>2005-06-18T17:20:00-07:00</time>
      </trkpt>
      <trkpt lat="36.77241143770516" lon="-118.3415649086237">
        <time>2005-06-18T17:20:03-07:00</time>
      </trkpt>
      <trkpt lat="36.77240900695324" lon="-118.34157513454556">
        <time>2005-06-18T17:20:05-07:00</time>
      </trkpt>
      <trkpt lat="36.772405905649066" lon="-118.34158251062036">
        <time>2005-06-18T17:20:07-07:00</time>
      </trkpt>
      <trkpt lat="36.772393668070436" lon="-118.34163741208613">
        <time>2005-06-18T17:20:11-07:00</time>
      </trkpt>
      <trkpt lat="36.77238838747144" lon="-118.34165534935892">
        <time>2005-06-18T17:20:12-07:00</time>
      </trkpt>
      <trkpt lat="36.77238469943404" lon="-118.34167638793588">
        <time>2005-06-18T17:20:13-07:00</time>
      </trkpt>
      <trkpt lat="36.77238444797695" lon="-118.34170488640666">
        <time>2005-06-18T17:20:17-07:00</time>
      </trkpt>
      <trkpt lat="36.77238553762436" lon="-118.34171058610082">
        <time>2005-06-18T17:20:19-07:00</time>
      </trkpt>
      <trkpt lat="36.77238553762436" lon="-118.34171058610082">
        <time>2005-06-18T17:20:21-07:00</time>
      </trkpt>
      <trkpt lat="36.7723732162267" lon="-118.34173464216292">
        <time>2005-06-18T17:20:23-07:00</time>
      </trkpt>
      <trkpt lat="36.77235678769648" lon="-118.34177403710783">
        <time>2005-06-18T17:20:26-07:00</time>
      </trkpt>
      <trkpt lat="36.77232929505408" lon="-118.3418099116534">
        <time>2005-06-18T17:20:31-07:00</time>
      </trkpt>
      <trkpt lat="36.77226483821869" lon="-118.34185584448278">
        <time>2005-06-18T17:20:35-07:00</time>
      </trkpt>
      <trkpt lat="36.77222887985408" lon="-118.34187721833587">
        <time>2005-06-18T17:20:39-07:00</time>
      </trkpt>
      <trkpt lat="36.772199207916856" lon="-118.34189691580832">
        <time>2005-06-18T17:20:43-07:00</time>
      </trkpt>
      <trkpt lat="36.7721435520798" lon="-118.34192792885005">
        <time>2005-06-18T17:20:49-07:00</time>
      </trkpt>
      <trkpt lat="36.772107761353254" lon="-118.34194460883737">
        <time>2005-06-18T17:20:53-07:00</time>
      </trkpt>
      <trkpt lat="36.77205881103873" lon="-118.34198048338294">
        <time>2005-06-18T17:20:56-07:00</time>
      </trkpt>
      <trkpt lat="36.772019416093826" lon="-118.34201769903302">
        <time>2005-06-18T17:21:01-07:00</time>
      </trkpt>
      <trkpt lat="36.7720053344965" lon="-118.34203479811549">
        <time>2005-06-18T17:21:04-07:00</time>
      </trkpt>
      <trkpt lat="36.7719500977546" lon="-118.34208039566875">
        <time>2005-06-18T17:21:10-07:00</time>
      </trkpt>
      <trkpt lat="36.771932914853096" lon="-118.3420911245048">
        <time>2005-06-18T17:21:15-07:00</time>
      </trkpt>
      <trkpt lat="36.771882958710194" lon="-118.34211903624237">
        <time>2005-06-18T17:21:17-07:00</time>
      </trkpt>
      <trkpt lat="36.771869799122214" lon="-118.34212515503168">
        <time>2005-06-18T17:21:24-07:00</time>
      </trkpt>
      <trkpt lat="36.771801402792335" lon="-118.34216186776757">
        <time>2005-06-18T17:21:26-07:00</time>
      </trkpt>
      <trkpt lat="36.77172948606312" lon="-118.34219422191381">
        <time>2005-06-18T17:21:31-07:00</time>
      </trkpt>
      <trkpt lat="36.77172060124576" lon="-118.34219514392316">
        <time>2005-06-18T17:21:32-07:00</time>
      </trkpt>
      <trkpt lat="36.771646086126566" lon="-118.3422243129462">
        <time>2005-06-18T17:21:40-07:00</time>
      </trkpt>
      <trkpt lat="36.771637201309204" lon="-118.3422330301255">
        <time>2005-06-18T17:21:47-07:00</time>
      </trkpt>
      <trkpt lat="36.77162580192089" lon="-118.34225851111114">
        <time>2005-06-18T17:21:48-07:00</time>
      </trkpt>
      <trkpt lat="36.77163753658533" lon="-118.3422763645649">
        <time>2005-06-18T17:21:55-07:00</time>
      </trkpt>
      <trkpt lat="36.77164625376463" lon="-118.34227862767875">
        <time>2005-06-18T17:21:56-07:00</time>
      </trkpt>
      <trkpt lat="36.77168539725244" lon="-118.34228332154453">
        <time>2005-06-18T17:21:58-07:00</time>
      </trkpt>
      <trkpt lat="36.771719763055444" lon="-118.34228768013418">
        <time>2005-06-18T17:22:00-07:00</time>
      </trkpt>
      <trkpt lat="36.77178807556629" lon="-118.3422985766083">
        <time>2005-06-18T17:22:01-07:00</time>
      </trkpt>
      <trkpt lat="36.77179587073624" lon="-118.34230285137892">
        <time>2005-06-18T17:22:04-07:00</time>
      </trkpt>
      <trkpt lat="36.77185781300068" lon="-118.34231106564403">
        <time>2005-06-18T17:22:07-07:00</time>
      </trkpt>
      <trkpt lat="36.77188077941537" lon="-118.34230905398726">
        <time>2005-06-18T17:22:14-07:00</time>
      </trkpt>
      <trkpt lat="36.77194909192622" lon="-118.34230142645538">
        <time>2005-06-18T17:22:15-07:00</time>
      </trkpt>
      <trkpt lat="36.77199619822204" lon="-118.34229966625571">
        <time>2005-06-18T17:22:20-07:00</time>
      </trkpt>
      <trkpt lat="36.772025702521205" lon="-118.34229505620897">
        <time>2005-06-18T17:22:22-07:00</time>
      </trkpt>
      <trkpt lat="36.7720793467015" lon="-118.34230268374085">
        <time>2005-06-18T17:22:28-07:00</time>
      </trkpt>
      <trkpt lat="36.772107761353254" lon="-118.34229229018092">
        <time>2005-06-18T17:22:33-07:00</time>
      </trkpt>
      <trkpt lat="36.77215738222003" lon="-118.34229103289545">
        <time>2005-06-18T17:22:36-07:00</time>
      </trkpt>
      <trkpt lat="36.772182108834386" lon="-118.34229312837124">
        <time>2005-06-18T17:22:42-07:00</time>
      </trkpt>
      <trkpt lat="36.772205494344234" lon="-118.34229907952249">
        <time>2005-06-18T17:22:45-07:00</time>
      </trkpt>
      <trkpt lat="36.77229031920433" lon="-118.34230100736022">
        <time>2005-06-18T17:22:50-07:00</time>
      </trkpt>
      <trkpt lat="36.77235905081034" lon="-118.34229690022767">
        <time>2005-06-18T17:22:53-07:00</time>
      </trkpt>
      <trkpt lat="36.772371120750904" lon="-118.34229681640863">
        <time>2005-06-18T17:22:55-07:00</time>
      </trkpt>
      <trkpt lat="36.772431721910834" lon="-118.34231634624302">
        <time>2005-06-18T17:23:04-07:00</time>
      </trkpt>
      <trkpt lat="36.772445468232036" lon="-118.34231911227107">
        <time>2005-06-18T17:23:12-07:00</time>
      </trkpt>
      <trkpt lat="36.77250858396292" lon="-118.34233730100095">
        <time>2005-06-18T17:23:13-07:00</time>
      </trkpt>
      <trkpt lat="36.77251654677093" lon="-118.34234040230513">
        <time>2005-06-18T17:23:19-07:00</time>
      </trkpt>
      <trkpt lat="36.77257320843637" lon="-118.34235616028309">
        <time>2005-06-18T17:23:21-07:00</time>
      </trkpt>
      <trkpt lat="36.77257966250181" lon="-118.34236102178693">
        <time>2005-06-18T17:23:27-07:00</time>
      </trkpt>
      <trkpt lat="36.772639425471425" lon="-118.3423746842891">
        <time>2005-06-18T17:23:28-07:00</time>
      </trkpt>
      <trkpt lat="36.77266323007643" lon="-118.34238222800195">
        <time>2005-06-18T17:23:34-07:00</time>
      </trkpt>
      <trkpt lat="36.77269625477493" lon="-118.34238641895354">
        <time>2005-06-18T17:23:35-07:00</time>
      </trkpt>
      <trkpt lat="36.77270656451583" lon="-118.34237644448876">
        <time>2005-06-18T17:23:41-07:00</time>
      </trkpt>
      <trkpt lat="36.77272701635957" lon="-118.3423575013876">
        <time>2005-06-18T17:23:43-07:00</time>
      </trkpt>
      <trkpt lat="36.772772362455726" lon="-118.34231332875788">
        <time>2005-06-18T17:23:47-07:00</time>
      </trkpt>
      <trkpt lat="36.77281100302935" lon="-118.34229178726673">
        <time>2005-06-18T17:23:48-07:00</time>
      </trkpt>
      <trkpt lat="36.772839250043035" lon="-118.34227007813752">
        <time>2005-06-18T17:23:50-07:00</time>
      </trkpt>
      <trkpt lat="36.77289859391749" lon="-118.3422412443906">
        <time>2005-06-18T17:23:55-07:00</time>
      </trkpt>
      <trkpt lat="36.77291275933385" lon="-118.3422261569649">
        <time>2005-06-18T17:23:59-07:00</time>
      </trkpt>
      <trkpt lat="36.77296212874353" lon="-118.34220763295889">
        <time>2005-06-18T17:24:02-07:00</time>
      </trkpt>
      <trkpt lat="36.772973109036684" lon="-118.34220235235989">
        <time>2005-06-18T17:24:08-07:00</time>
      </trkpt>
      <trkpt lat="36.77298702299595" lon="-118.34218240343034">
        <time>2005-06-18T17:24:10-07:00</time>
      </trkpt>
      <trkpt lat="36.77301309071481" lon="-118.34215700626373">
        <time>2005-06-18T17:24:15-07:00</time>
      </trkpt>
      <trkpt lat="36.77302407100797" lon="-118.34215985611081">
        <time>2005-06-18T17:24:16-07:00</time>
      </trkpt>
      <trkpt lat="36.77309900522232" lon="-118.3421759493649">
        <time>2005-06-18T17:24:18-07:00</time>
      </trkpt>
      <trkpt lat="36.7731311917305" lon="-118.34218768402934">
        <time>2005-06-18T17:24:21-07:00</time>
      </trkpt>
      <trkpt lat="36.77318014204502" lon="-118.34217360243201">
        <time>2005-06-18T17:24:22-07:00</time>
      </trkpt>
      <trkpt lat="36.77322741597891" lon="-118.34215725772083">
        <time>2005-06-18T17:24:29-07:00</time>
      </trkpt>
      <trkpt lat="36.77325088530779" lon="-118.34215013310313">
        <time>2005-06-18T17:24:32-07:00</time>
      </trkpt>
      <trkpt lat="36.773300087079406" lon="-118.34213806316257">
        <time>2005-06-18T17:24:37-07:00</time>
      </trkpt>
      <trkpt lat="36.773347444832325" lon="-118.34212901070714">
        <time>2005-06-18T17:24:42-07:00</time>
      </trkpt>
      <trkpt lat="36.77339647896588" lon="-118.34209900349379">
        <time>2005-06-18T17:24:44-07:00</time>
      </trkpt>
      <trkpt lat="36.77341885864735" lon="-118.34208508953452">
        <time>2005-06-18T17:24:48-07:00</time>
      </trkpt>
      <trkpt lat="36.77344241179526" lon="-118.34209003485739">
        <time>2005-06-18T17:24:52-07:00</time>
      </trkpt>
      <trkpt lat="36.7734660487622" lon="-118.34214208647609">
        <time>2005-06-18T17:24:58-07:00</time>
      </trkpt>
      <trkpt lat="36.77351525053382" lon="-118.3422206249088">
        <time>2005-06-18T17:25:01-07:00</time>
      </trkpt>
      <trkpt lat="36.77352463826537" lon="-118.3422140032053">
        <time>2005-06-18T17:25:04-07:00</time>
      </trkpt>
      <trkpt lat="36.773581551387906" lon="-118.34218139760196">
        <time>2005-06-18T17:25:10-07:00</time>
      </trkpt>
      <trkpt lat="36.77361725829542" lon="-118.34217762574553">
        <time>2005-06-18T17:25:17-07:00</time>
      </trkpt>
      <trkpt lat="36.77365246228874" lon="-118.34217159077525">
        <time>2005-06-18T17:25:18-07:00</time>
      </trkpt>
      <trkpt lat="36.773681631311774" lon="-118.34215021692216">
        <time>2005-06-18T17:25:23-07:00</time>
      </trkpt>
      <trkpt lat="36.77372630685568" lon="-118.34213898517191">
        <time>2005-06-18T17:25:27-07:00</time>
      </trkpt>
      <trkpt lat="36.773756984621286" lon="-118.34212800487876">
        <time>2005-06-18T17:25:30-07:00</time>
      </trkpt>
      <trkpt lat="36.77379822358489" lon="-118.34210269153118">
        <time>2005-06-18T17:25:34-07:00</time>
      </trkpt>
      <trkpt lat="36.773842396214604" lon="-118.34207167848945">
        <time>2005-06-18T17:25:38-07:00</time>
      </trkpt>
      <trkpt lat="36.77385832183063" lon="-118.34208349697292">
        <time>2005-06-18T17:25:41-07:00</time>
      </trkpt>
      <trkpt lat="36.77387139759958" lon="-118.34210135042667">
        <time>2005-06-18T17:25:45-07:00</time>
      </trkpt>
      <trkpt lat="36.77389553748071" lon="-118.3421466127038">
        <time>2005-06-18T17:25:49-07:00</time>
      </trkpt>
      <trkpt lat="36.77390953525901" lon="-118.34216614253819">
        <time>2005-06-18T17:25:51-07:00</time>
      </trkpt>
      <trkpt lat="36.773936692625284" lon="-118.34219598211348">
        <time>2005-06-18T17:25:53-07:00</time>
      </trkpt>
      <trkpt lat="36.77396376617253" lon="-118.34225784055889">
        <time>2005-06-18T17:25:58-07:00</time>
      </trkpt>
      <trkpt lat="36.77400425076485" lon="-118.34234819747508">
        <time>2005-06-18T17:26:00-07:00</time>
      </trkpt>
      <trkpt lat="36.774044651538134" lon="-118.34243059158325">
        <time>2005-06-18T17:26:03-07:00</time>
      </trkpt>
      <trkpt lat="36.77405018359423" lon="-118.34244132041931">
        <time>2005-06-18T17:26:09-07:00</time>
      </trkpt>
      <trkpt lat="36.77409343421459" lon="-118.34250695072114">
        <time>2005-06-18T17:26:17-07:00</time>
      </trkpt>
      <trkpt lat="36.774099804461" lon="-118.34251415915787">
        <time>2005-06-18T17:26:25-07:00</time>
      </trkpt>
      <trkpt lat="36.77413475699723" lon="-118.34256495349109">
        <time>2005-06-18T17:26:26-07:00</time>
      </trkpt>
      <trkpt lat="36.7741484194994" lon="-118.34257400594652">
        <time>2005-06-18T17:26:32-07:00</time>
      </trkpt>
      <trkpt lat="36.77416325546801" lon="-118.34258574061096">
        <time>2005-06-18T17:26:33-07:00</time>
      </trkpt>
      <trkpt lat="36.77419552579522" lon="-118.34262396208942">
        <time>2005-06-18T17:26:39-07:00</time>
      </trkpt>
      <trkpt lat="36.77420047111809" lon="-118.34263234399259">
        <time>2005-06-18T17:26:41-07:00</time>
      </trkpt>
      <trkpt lat="36.77422335371375" lon="-118.34267274476588">
        <time>2005-06-18T17:26:44-07:00</time>
      </trkpt>
      <trkpt lat="36.77423056215048" lon="-118.34268238395452">
        <time>2005-06-18T17:26:49-07:00</time>
      </trkpt>
      <trkpt lat="36.774274818599224" lon="-118.34271767176688">
        <time>2005-06-18T17:26:50-07:00</time>
      </trkpt>
      <trkpt lat="36.77429661154747" lon="-118.34274030290544">
        <time>2005-06-18T17:26:57-07:00</time>
      </trkpt>
      <trkpt lat="36.77434405311942" lon="-118.34276678971946">
        <time>2005-06-18T17:26:59-07:00</time>
      </trkpt>
      <trkpt lat="36.77434950135648" lon="-118.34277651272714">
        <time>2005-06-18T17:27:04-07:00</time>
      </trkpt>
      <trkpt lat="36.77440180443227" lon="-118.34283208474517">
        <time>2005-06-18T17:27:06-07:00</time>
      </trkpt>
      <trkpt lat="36.77441236563027" lon="-118.34283099509776">
        <time>2005-06-18T17:27:11-07:00</time>
      </trkpt>
      <trkpt lat="36.77446860820055" lon="-118.34286075085402">
        <time>2005-06-18T17:27:12-07:00</time>
      </trkpt>
      <trkpt lat="36.774484533816576" lon="-118.34287223406136">
        <time>2005-06-18T17:27:19-07:00</time>
      </trkpt>
      <trkpt lat="36.77452719770372" lon="-118.34291028790176">
        <time>2005-06-18T17:27:20-07:00</time>
      </trkpt>
      <trkpt lat="36.77455301396549" lon="-118.34292621351779">
        <time>2005-06-18T17:27:27-07:00</time>
      </trkpt>
      <trkpt lat="36.77457304671407" lon="-118.34293543361127">
        <time>2005-06-18T17:27:29-07:00</time>
      </trkpt>
      <trkpt lat="36.77460188046098" lon="-118.34295202977955">
        <time>2005-06-18T17:27:34-07:00</time>
      </trkpt>
      <trkpt lat="36.77461914718151" lon="-118.34297432564199">
        <time>2005-06-18T17:27:37-07:00</time>
      </trkpt>
      <trkpt lat="36.774661811068654" lon="-118.34301246330142">
        <time>2005-06-18T17:27:40-07:00</time>
      </trkpt>
      <trkpt lat="36.77467538975179" lon="-118.34302981384099">
        <time>2005-06-18T17:27:43-07:00</time>
      </trkpt>
      <trkpt lat="36.774725848808885" lon="-118.3430687058717">
        <time>2005-06-18T17:27:46-07:00</time>
      </trkpt>
      <trkpt lat="36.774777648970485" lon="-118.3431104477495">
        <time>2005-06-18T17:27:51-07:00</time>
      </trkpt>
      <trkpt lat="36.774797178804874" lon="-118.34311262704432">
        <time>2005-06-18T17:27:53-07:00</time>
      </trkpt>
      <trkpt lat="36.77483447827399" lon="-118.34312662482262">
        <time>2005-06-18T17:27:59-07:00</time>
      </trkpt>
      <trkpt lat="36.77486624568701" lon="-118.34315788932145">
        <time>2005-06-18T17:28:06-07:00</time>
      </trkpt>
      <trkpt lat="36.77491586655378" lon="-118.34319996647537">
        <time>2005-06-18T17:28:08-07:00</time>
      </trkpt>
      <trkpt lat="36.77497688680887" lon="-118.34323240444064">
        <time>2005-06-18T17:28:12-07:00</time>
      </trkpt>
      <trkpt lat="36.77498803474009" lon="-118.34323676303029">
        <time>2005-06-18T17:28:16-07:00</time>
      </trkpt>
      <trkpt lat="36.7750446125865" lon="-118.3432568795979">
        <time>2005-06-18T17:28:23-07:00</time>
      </trkpt>
      <trkpt lat="36.77511116489768" lon="-118.34326601587236">
        <time>2005-06-18T17:28:29-07:00</time>
      </trkpt>
      <trkpt lat="36.77517277188599" lon="-118.34326970390975">
        <time>2005-06-18T17:28:30-07:00</time>
      </trkpt>
      <trkpt lat="36.775245275348425" lon="-118.34325092844665">
        <time>2005-06-18T17:28:36-07:00</time>
      </trkpt>
      <trkpt lat="36.77527134306729" lon="-118.34324849769473">
        <time>2005-06-18T17:28:44-07:00</time>
      </trkpt>
      <trkpt lat="36.77530948072672" lon="-118.34323575720191">
        <time>2005-06-18T17:28:51-07:00</time>
      </trkpt>
      <trkpt lat="36.77532842382789" lon="-118.34323525428772">
        <time>2005-06-18T17:28:58-07:00</time>
      </trkpt>
      <trkpt lat="36.77537511102855" lon="-118.34323575720191">
        <time>2005-06-18T17:29:01-07:00</time>
      </trkpt>
      <trkpt lat="36.77537754178047" lon="-118.3432452287525">
        <time>2005-06-18T17:29:05-07:00</time>
      </trkpt>
      <trkpt lat="36.77534217014909" lon="-118.3432793430984">
        <time>2005-06-18T17:29:07-07:00</time>
      </trkpt>
      <trkpt lat="36.77526229061186" lon="-118.34331479854882">
        <time>2005-06-18T17:29:12-07:00</time>
      </trkpt>
      <trkpt lat="36.77519615739584" lon="-118.34335402585566">
        <time>2005-06-18T17:29:13-07:00</time>
      </trkpt>
      <trkpt lat="36.775168580934405" lon="-118.34337539970875">
        <time>2005-06-18T17:29:18-07:00</time>
      </trkpt>
      <trkpt lat="36.77511988207698" lon="-118.3434175606817">
        <time>2005-06-18T17:29:27-07:00</time>
      </trkpt>
      <trkpt lat="36.77510026842356" lon="-118.34342912770808">
        <time>2005-06-18T17:29:34-07:00</time>
      </trkpt>
      <trkpt lat="36.77503488957882" lon="-118.34345921874046">
        <time>2005-06-18T17:29:37-07:00</time>
      </trkpt>
      <trkpt lat="36.774981413036585" lon="-118.34348092786968">
        <time>2005-06-18T17:29:43-07:00</time>
      </trkpt>
      <trkpt lat="36.77496448159218" lon="-118.3434833586216">
        <time>2005-06-18T17:29:45-07:00</time>
      </trkpt>
      <trkpt lat="36.77488409914076" lon="-118.34347665309906">
        <time>2005-06-18T17:29:52-07:00</time>
      </trkpt>
      <trkpt lat="36.77487286739051" lon="-118.34347715601325">
        <time>2005-06-18T17:29:59-07:00</time>
      </trkpt>
      <trkpt lat="36.77478762343526" lon="-118.3434661757201">
        <time>2005-06-18T17:30:01-07:00</time>
      </trkpt>
      <trkpt lat="36.7747787386179" lon="-118.3434691093862">
        <time>2005-06-18T17:30:09-07:00</time>
      </trkpt>
      <trkpt lat="36.77471780218184" lon="-118.34345628507435">
        <time>2005-06-18T17:30:10-07:00</time>
      </trkpt>
      <trkpt lat="36.77461529150605" lon="-118.34343432448804">
        <time>2005-06-18T17:30:18-07:00</time>
      </trkpt>
      <trkpt lat="36.77460690960288" lon="-118.34343097172678">
        <time>2005-06-18T17:30:19-07:00</time>
      </trkpt>
      <trkpt lat="36.774542117491364" lon="-118.34343432448804">
        <time>2005-06-18T17:30:26-07:00</time>
      </trkpt>
      <trkpt lat="36.77450322546065" lon="-118.34348428063095">
        <time>2005-06-18T17:30:35-07:00</time>
      </trkpt>
      <trkpt lat="36.77450004033744" lon="-118.3434989489615">
        <time>2005-06-18T17:30:36-07:00</time>
      </trkpt>
      <trkpt lat="36.77445603534579" lon="-118.34354664199054">
        <time>2005-06-18T17:30:43-07:00</time>
      </trkpt>
      <trkpt lat="36.774446899071336" lon="-118.34355141967535">
        <time>2005-06-18T17:30:50-07:00</time>
      </trkpt>
      <trkpt lat="36.77438646554947" lon="-118.34355619736016">
        <time>2005-06-18T17:30:51-07:00</time>
      </trkpt>
      <trkpt lat="36.77429426461458" lon="-118.34353784099221">
        <time>2005-06-18T17:30:57-07:00</time>
      </trkpt>
      <trkpt lat="36.774285128340125" lon="-118.34353130310774">
        <time>2005-06-18T17:30:58-07:00</time>
      </trkpt>
      <trkpt lat="36.7742070928216" lon="-118.343500290066">
        <time>2005-06-18T17:31:05-07:00</time>
      </trkpt>
      <trkpt lat="36.774199632927775" lon="-118.34349777549505">
        <time>2005-06-18T17:31:14-07:00</time>
      </trkpt>
      <trkpt lat="36.77413743920624" lon="-118.34345025010407">
        <time>2005-06-18T17:31:15-07:00</time>
      </trkpt>
      <trkpt lat="36.774062253534794" lon="-118.34341538138688">
        <time>2005-06-18T17:31:23-07:00</time>
      </trkpt>
      <trkpt lat="36.77405261434615" lon="-118.34341487847269">
        <time>2005-06-18T17:31:24-07:00</time>
      </trkpt>
      <trkpt lat="36.77398530766368" lon="-118.34341152571142">
        <time>2005-06-18T17:31:33-07:00</time>
      </trkpt>
      <trkpt lat="36.77397659048438" lon="-118.34341429173946">
        <time>2005-06-18T17:31:40-07:00</time>
      </trkpt>
      <trkpt lat="36.77394960075617" lon="-118.3434904832393">
        <time>2005-06-18T17:31:41-07:00</time>
      </trkpt>
      <trkpt lat="36.773930909112096" lon="-118.34353582933545">
        <time>2005-06-18T17:31:49-07:00</time>
      </trkpt>
      <trkpt lat="36.77391414530575" lon="-118.34359165281057">
        <time>2005-06-18T17:31:50-07:00</time>
      </trkpt>
      <trkpt lat="36.773913726210594" lon="-118.34363448433578">
        <time>2005-06-18T17:31:56-07:00</time>
      </trkpt>
      <trkpt lat="36.773898135870695" lon="-118.34367111325264">
        <time>2005-06-18T17:32:00-07:00</time>
      </trkpt>
      <trkpt lat="36.77388480864465" lon="-118.34371704608202">
        <time>2005-06-18T17:32:05-07:00</time>
      </trkpt>
      <trkpt lat="36.77386963739991" lon="-118.34376750513911">
        <time>2005-06-18T17:32:09-07:00</time>
      </trkpt>
      <trkpt lat="36.77386066876352" lon="-118.34382290951908">
        <time>2005-06-18T17:32:13-07:00</time>
      </trkpt>
      <trkpt lat="36.773848263546824" lon="-118.34387621842325">
        <time>2005-06-18T17:32:17-07:00</time>
      </trkpt>
      <trkpt lat="36.77384985610843" lon="-118.34391368553042">
        <time>2005-06-18T17:32:21-07:00</time>
      </trkpt>
      <trkpt lat="36.77384172566235" lon="-118.34398266859353">
        <time>2005-06-18T17:32:26-07:00</time>
      </trkpt>
      <trkpt lat="36.77384365350008" lon="-118.3440753724426">
        <time>2005-06-18T17:32:30-07:00</time>
      </trkpt>
      <trkpt lat="36.773844826966524" lon="-118.34410806186497">
        <time>2005-06-18T17:32:33-07:00</time>
      </trkpt>
      <trkpt lat="36.773850275203586" lon="-118.3442342095077">
        <time>2005-06-18T17:32:38-07:00</time>
      </trkpt>
      <trkpt lat="36.77385647781193" lon="-118.34427276626229">
        <time>2005-06-18T17:32:45-07:00</time>
      </trkpt>
      <trkpt lat="36.77385530434549" lon="-118.34435742348433">
        <time>2005-06-18T17:32:47-07:00</time>
      </trkpt>
      <trkpt lat="36.77385488525033" lon="-118.3444104809314">
        <time>2005-06-18T17:32:57-07:00</time>
      </trkpt>
      <trkpt lat="36.77385681308806" lon="-118.34445591084659">
        <time>2005-06-18T17:33:00-07:00</time>
      </trkpt>
      <trkpt lat="36.77386754192412" lon="-118.34455389529467">
        <time>2005-06-18T17:33:07-07:00</time>
      </trkpt>
      <trkpt lat="36.773871229961514" lon="-118.34459303878248">
        <time>2005-06-18T17:33:11-07:00</time>
      </trkpt>
      <trkpt lat="36.77385647781193" lon="-118.34464869461954">
        <time>2005-06-18T17:33:14-07:00</time>
      </trkpt>
      <trkpt lat="36.77383636124432" lon="-118.34465322084725">
        <time>2005-06-18T17:33:21-07:00</time>
      </trkpt>
      <trkpt lat="36.77380082197487" lon="-118.34464391693473">
        <time>2005-06-18T17:33:24-07:00</time>
      </trkpt>
      <trkpt lat="36.77378891967237" lon="-118.34464056417346">
        <time>2005-06-18T17:33:30-07:00</time>
      </trkpt>
      <trkpt lat="36.77372840233147" lon="-118.34466394968331">
        <time>2005-06-18T17:33:32-07:00</time>
      </trkpt>
      <trkpt lat="36.773721277713776" lon="-118.34467593580484">
        <time>2005-06-18T17:33:35-07:00</time>
      </trkpt>
      <trkpt lat="36.773687079548836" lon="-118.34476838819683">
        <time>2005-06-18T17:33:36-07:00</time>
      </trkpt>
      <trkpt lat="36.77364005707204" lon="-118.34487089887261">
        <time>2005-06-18T17:33:44-07:00</time>
      </trkpt>
      <trkpt lat="36.77360828965902" lon="-118.34497902542353">
        <time>2005-06-18T17:33:45-07:00</time>
      </trkpt>
      <trkpt lat="36.773529751226306" lon="-118.3450791053474">
        <time>2005-06-18T17:33:52-07:00</time>
      </trkpt>
      <trkpt lat="36.77344408817589" lon="-118.3451288100332">
        <time>2005-06-18T17:34:00-07:00</time>
      </trkpt>
      <trkpt lat="36.77332322113216" lon="-118.3451013173908">
        <time>2005-06-18T17:34:08-07:00</time>
      </trkpt>
      <trkpt lat="36.77323001436889" lon="-118.3450873196125">
        <time>2005-06-18T17:34:17-07:00</time>
      </trkpt>
      <trkpt lat="36.77317678928375" lon="-118.34513895213604">
        <time>2005-06-18T17:34:25-07:00</time>
      </trkpt>
      <trkpt lat="36.77317033521831" lon="-118.3451412152499">
        <time>2005-06-18T17:34:34-07:00</time>
      </trkpt>
      <trkpt lat="36.77314703352749" lon="-118.34513015113771">
        <time>2005-06-18T17:34:42-07:00</time>
      </trkpt>
      <trkpt lat="36.773121720179915" lon="-118.34510089829564">
        <time>2005-06-18T17:34:50-07:00</time>
      </trkpt>
      <trkpt lat="36.7730688303709" lon="-118.34503560326993">
        <time>2005-06-18T17:34:51-07:00</time>
      </trkpt>
      <trkpt lat="36.77302876487374" lon="-118.34499168209732">
        <time>2005-06-18T17:34:55-07:00</time>
      </trkpt>
      <trkpt lat="36.77302138879895" lon="-118.34497927688062">
        <time>2005-06-18T17:34:58-07:00</time>
      </trkpt>
      <trkpt lat="36.772981993854046" lon="-118.34491599351168">
        <time>2005-06-18T17:35:05-07:00</time>
      </trkpt>
      <trkpt lat="36.77297721616924" lon="-118.34490543231368">
        <time>2005-06-18T17:35:11-07:00</time>
      </trkpt>
      <trkpt lat="36.77292985841632" lon="-118.34485346451402">
        <time>2005-06-18T17:35:12-07:00</time>
      </trkpt>
      <trkpt lat="36.77292206324637" lon="-118.34484525024891">
        <time>2005-06-18T17:35:18-07:00</time>
      </trkpt>
      <trkpt lat="36.7728721909225" lon="-118.3447918575257">
        <time>2005-06-18T17:35:19-07:00</time>
      </trkpt>
      <trkpt lat="36.77285626530647" lon="-118.34477073512971">
        <time>2005-06-18T17:35:25-07:00</time>
      </trkpt>
      <trkpt lat="36.7728063929826" lon="-118.3446887601167">
        <time>2005-06-18T17:35:26-07:00</time>
      </trkpt>
      <trkpt lat="36.77277370356023" lon="-118.34464810788631">
        <time>2005-06-18T17:35:32-07:00</time>
      </trkpt>
      <trkpt lat="36.77274872548878" lon="-118.34462312981486">
        <time>2005-06-18T17:35:34-07:00</time>
      </trkpt>
      <trkpt lat="36.77272827364504" lon="-118.344607623294">
        <time>2005-06-18T17:35:41-07:00</time>
      </trkpt>
      <trkpt lat="36.7726996075362" lon="-118.34456755779684">
        <time>2005-06-18T17:35:45-07:00</time>
      </trkpt>
      <trkpt lat="36.77267337217927" lon="-118.34452657029033">
        <time>2005-06-18T17:35:49-07:00</time>
      </trkpt>
      <trkpt lat="36.772635066881776" lon="-118.34449010901153">
        <time>2005-06-18T17:35:52-07:00</time>
      </trkpt>
      <trkpt lat="36.77262609824538" lon="-118.34448440931737">
        <time>2005-06-18T17:35:56-07:00</time>
      </trkpt>
      <trkpt lat="36.77256776019931" lon="-118.34445130079985">
        <time>2005-06-18T17:36:00-07:00</time>
      </trkpt>
      <trkpt lat="36.77254747599363" lon="-118.34445079788566">
        <time>2005-06-18T17:36:05-07:00</time>
      </trkpt>
      <trkpt lat="36.77251956425607" lon="-118.34444283507764">
        <time>2005-06-18T17:36:06-07:00</time>
      </trkpt>
      <trkpt lat="36.77251034416258" lon="-118.34443939849734">
        <time>2005-06-18T17:36:12-07:00</time>
      </trkpt>
      <trkpt lat="36.77245150320232" lon="-118.34439254365861">
        <time>2005-06-18T17:36:14-07:00</time>
      </trkpt>
      <trkpt lat="36.772430799901485" lon="-118.34437502548099">
        <time>2005-06-18T17:36:18-07:00</time>
      </trkpt>
      <trkpt lat="36.772385369986296" lon="-118.34437527693808">
        <time>2005-06-18T17:36:19-07:00</time>
      </trkpt>
      <trkpt lat="36.77234505303204" lon="-118.34438332356513">
        <time>2005-06-18T17:36:25-07:00</time>
      </trkpt>
      <trkpt lat="36.772291995584965" lon="-118.34441953338683">
        <time>2005-06-18T17:36:27-07:00</time>
      </trkpt>
      <trkpt lat="36.77223206497729" lon="-118.34445557557046">
        <time>2005-06-18T17:36:31-07:00</time>
      </trkpt>
      <trkpt lat="36.77221127785742" lon="-118.34447066299617">
        <time>2005-06-18T17:36:35-07:00</time>
      </trkpt>
      <trkpt lat="36.77215260453522" lon="-118.3444831520319">
        <time>2005-06-18T17:36:41-07:00</time>
      </trkpt>
      <trkpt lat="36.772123938426375" lon="-118.34448608569801">
        <time>2005-06-18T17:36:47-07:00</time>
      </trkpt>
      <trkpt lat="36.77204439416528" lon="-118.34452858194709">
        <time>2005-06-18T17:36:49-07:00</time>
      </trkpt>
      <trkpt lat="36.77203634753823" lon="-118.3445315156132">
        <time>2005-06-18T17:36:55-07:00</time>
      </trkpt>
      <trkpt lat="36.77197272889316" lon="-118.34457250311971">
        <time>2005-06-18T17:36:58-07:00</time>
      </trkpt>
      <trkpt lat="36.77196283824742" lon="-118.34457853808999">
        <time>2005-06-18T17:37:06-07:00</time>
      </trkpt>
      <trkpt lat="36.77190726622939" lon="-118.34461474791169">
        <time>2005-06-18T17:37:07-07:00</time>
      </trkpt>
      <trkpt lat="36.77185395732522" lon="-118.34468021057546">
        <time>2005-06-18T17:37:14-07:00</time>
      </trkpt>
      <trkpt lat="36.771844401955605" lon="-118.34468976594508">
        <time>2005-06-18T17:37:15-07:00</time>
      </trkpt>
      <trkpt lat="36.77180785685778" lon="-118.34473419003189">
        <time>2005-06-18T17:37:21-07:00</time>
      </trkpt>
      <trkpt lat="36.77179176360369" lon="-118.34475313313305">
        <time>2005-06-18T17:37:29-07:00</time>
      </trkpt>
      <trkpt lat="36.77175831981003" lon="-118.34482982754707">
        <time>2005-06-18T17:37:30-07:00</time>
      </trkpt>
      <trkpt lat="36.771747171878815" lon="-118.34485229104757">
        <time>2005-06-18T17:37:36-07:00</time>
      </trkpt>
      <trkpt lat="36.771700317040086" lon="-118.34490668959916">
        <time>2005-06-18T17:37:38-07:00</time>
      </trkpt>
      <trkpt lat="36.771681206300855" lon="-118.34495002403855">
        <time>2005-06-18T17:37:45-07:00</time>
      </trkpt>
      <trkpt lat="36.771686151623726" lon="-118.34499226883054">
        <time>2005-06-18T17:37:47-07:00</time>
      </trkpt>
      <trkpt lat="36.77169260568917" lon="-118.34499000571668">
        <time>2005-06-18T17:37:53-07:00</time>
      </trkpt>
      <trkpt lat="36.77170291543007" lon="-118.34497676230967">
        <time>2005-06-18T17:37:57-07:00</time>
      </trkpt>
      <trkpt lat="36.771777514368296" lon="-118.34492303431034">
        <time>2005-06-18T17:38:01-07:00</time>
      </trkpt>
      <trkpt lat="36.77178489044309" lon="-118.34491993300617">
        <time>2005-06-18T17:38:02-07:00</time>
      </trkpt>
      <trkpt lat="36.77183233201504" lon="-118.34488254971802">
        <time>2005-06-18T17:38:03-07:00</time>
      </trkpt>
      <trkpt lat="36.77184817381203" lon="-118.34487207233906">
        <time>2005-06-18T17:38:11-07:00</time>
      </trkpt>
      <trkpt lat="36.77191983908415" lon="-118.34481909871101">
        <time>2005-06-18T17:38:12-07:00</time>
      </trkpt>
      <trkpt lat="36.7719844635576" lon="-118.3448026701808">
        <time>2005-06-18T17:38:17-07:00</time>
      </trkpt>
      <trkpt lat="36.77200089208782" lon="-118.34480836987495">
        <time>2005-06-18T17:38:19-07:00</time>
      </trkpt>
      <trkpt lat="36.77207683213055" lon="-118.34478121250868">
        <time>2005-06-18T17:38:26-07:00</time>
      </trkpt>
      <trkpt lat="36.772099044173956" lon="-118.34478607401252">
        <time>2005-06-18T17:38:31-07:00</time>
      </trkpt>
      <trkpt lat="36.772126788273454" lon="-118.34478590637445">
        <time>2005-06-18T17:38:33-07:00</time>
      </trkpt>
      <trkpt lat="36.77218328230083" lon="-118.34479965269566">
        <time>2005-06-18T17:38:40-07:00</time>
      </trkpt>
      <trkpt lat="36.77218764089048" lon="-118.34480878897011">
        <time>2005-06-18T17:38:43-07:00</time>
      </trkpt>
      <trkpt lat="36.77223399281502" lon="-118.34487374871969">
        <time>2005-06-18T17:38:46-07:00</time>
      </trkpt>
      <trkpt lat="36.77225109189749" lon="-118.34488984197378">
        <time>2005-06-18T17:38:53-07:00</time>
      </trkpt>
      <trkpt lat="36.772296857088804" lon="-118.34494080394506">
        <time>2005-06-18T17:38:54-07:00</time>
      </trkpt>
      <trkpt lat="36.77232443355024" lon="-118.34494985640049">
        <time>2005-06-18T17:39:01-07:00</time>
      </trkpt>
      <trkpt lat="36.77238252013922" lon="-118.34498179145157">
        <time>2005-06-18T17:39:03-07:00</time>
      </trkpt>
      <trkpt lat="36.77239576354623" lon="-118.34503870457411">
        <time>2005-06-18T17:39:10-07:00</time>
      </trkpt>
      <trkpt lat="36.772390231490135" lon="-118.3450392074883">
        <time>2005-06-18T17:39:13-07:00</time>
      </trkpt>
      <trkpt lat="36.772374138236046" lon="-118.34502931684256">
        <time>2005-06-18T17:39:19-07:00</time>
      </trkpt>
      <trkpt lat="36.772328205406666" lon="-118.34498606622219">
        <time>2005-06-18T17:39:26-07:00</time>
      </trkpt>
      <trkpt lat="36.772263664752245" lon="-118.34498271346092">
        <time>2005-06-18T17:39:27-07:00</time>
      </trkpt>
      <trkpt lat="36.772250924259424" lon="-118.34498346783221">
        <time>2005-06-18T17:39:29-07:00</time>
      </trkpt>
      <trkpt lat="36.772163920104504" lon="-118.34500006400049">
        <time>2005-06-18T17:39:34-07:00</time>
      </trkpt>
      <trkpt lat="36.772144474089146" lon="-118.34500635042787">
        <time>2005-06-18T17:39:39-07:00</time>
      </trkpt>
      <trkpt lat="36.772070210427046" lon="-118.34503535181284">
        <time>2005-06-18T17:39:40-07:00</time>
      </trkpt>
      <trkpt lat="36.77205411717296" lon="-118.34504297934473">
        <time>2005-06-18T17:39:49-07:00</time>
      </trkpt>
      <trkpt lat="36.77200307138264" lon="-118.34507583640516">
        <time>2005-06-18T17:39:51-07:00</time>
      </trkpt>
      <trkpt lat="36.77193987183273" lon="-118.3451391197741">
        <time>2005-06-18T17:39:58-07:00</time>
      </trkpt>
      <trkpt lat="36.77193400450051" lon="-118.34514959715307">
        <time>2005-06-18T17:40:00-07:00</time>
      </trkpt>
      <trkpt lat="36.77190416492522" lon="-118.34524020552635">
        <time>2005-06-18T17:40:06-07:00</time>
      </trkpt>
      <trkpt lat="36.77187122404575" lon="-118.34531321190298">
        <time>2005-06-18T17:40:13-07:00</time>
      </trkpt>
      <trkpt lat="36.771854627877474" lon="-118.34534984081984">
        <time>2005-06-18T17:40:14-07:00</time>
      </trkpt>
      <trkpt lat="36.77184012718499" lon="-118.34538177587092">
        <time>2005-06-18T17:40:22-07:00</time>
      </trkpt>
      <trkpt lat="36.77181146107614" lon="-118.34548277780414">
        <time>2005-06-18T17:40:29-07:00</time>
      </trkpt>
      <trkpt lat="36.771805761381984" lon="-118.34549132734537">
        <time>2005-06-18T17:40:33-07:00</time>
      </trkpt>
      <trkpt lat="36.771783800795674" lon="-118.34556651301682">
        <time>2005-06-18T17:40:36-07:00</time>
      </trkpt>
      <trkpt lat="36.77177533507347" lon="-118.34559962153435">
        <time>2005-06-18T17:40:44-07:00</time>
      </trkpt>
      <trkpt lat="36.77174490876496" lon="-118.34564479999244">
        <time>2005-06-18T17:40:45-07:00</time>
      </trkpt>
      <trkpt lat="36.77173367701471" lon="-118.34566759876907">
        <time>2005-06-18T17:40:51-07:00</time>
      </trkpt>
      <trkpt lat="36.771708615124226" lon="-118.3457284513861">
        <time>2005-06-18T17:40:54-07:00</time>
      </trkpt>
      <trkpt lat="36.77170886658132" lon="-118.3457765635103">
        <time>2005-06-18T17:40:58-07:00</time>
      </trkpt>
      <trkpt lat="36.77170878276229" lon="-118.34580799564719">
        <time>2005-06-18T17:41:00-07:00</time>
      </trkpt>
      <trkpt lat="36.77170551382005" lon="-118.34582643583417">
        <time>2005-06-18T17:41:05-07:00</time>
      </trkpt>
      <trkpt lat="36.77168355323374" lon="-118.3459058124572">
        <time>2005-06-18T17:41:09-07:00</time>
      </trkpt>
      <trkpt lat="36.77168380469084" lon="-118.34594302810729">
        <time>2005-06-18T17:41:12-07:00</time>
      </trkpt>
      <trkpt lat="36.77170014940202" lon="-118.34598770365119">
        <time>2005-06-18T17:41:14-07:00</time>
      </trkpt>
      <trkpt lat="36.77170936949551" lon="-118.34597764536738">
        <time>2005-06-18T17:41:19-07:00</time>
      </trkpt>
      <trkpt lat="36.77171573974192" lon="-118.34596708416939">
        <time>2005-06-18T17:41:22-07:00</time>
      </trkpt>
      <trkpt lat="36.771723702549934" lon="-118.34593213163316">
        <time>2005-06-18T17:41:27-07:00</time>
      </trkpt>
      <trkpt lat="36.77177173085511" lon="-118.34583288989961">
        <time>2005-06-18T17:41:30-07:00</time>
      </trkpt>
      <trkpt lat="36.7718100361526" lon="-118.34579802118242">
        <time>2005-06-18T17:41:31-07:00</time>
      </trkpt>
      <trkpt lat="36.77181833423674" lon="-118.34578796289861">
        <time>2005-06-18T17:41:33-07:00</time>
      </trkpt>
      <trkpt lat="36.77184532396495" lon="-118.34575334563851">
        <time>2005-06-18T17:41:41-07:00</time>
      </trkpt>
      <trkpt lat="36.77185236476362" lon="-118.34574387408793">
        <time>2005-06-18T17:41:46-07:00</time>
      </trkpt>
      <trkpt lat="36.77188019268215" lon="-118.34572711028159">
        <time>2005-06-18T17:41:47-07:00</time>
      </trkpt>
      <trkpt lat="36.77188849076629" lon="-118.34572166204453">
        <time>2005-06-18T17:41:51-07:00</time>
      </trkpt>
      <trkpt lat="36.77192637696862" lon="-118.34567757323384">
        <time>2005-06-18T17:41:52-07:00</time>
      </trkpt>
      <trkpt lat="36.771956803277135" lon="-118.34566349163651">
        <time>2005-06-18T17:41:55-07:00</time>
      </trkpt>
      <trkpt lat="36.77195713855326" lon="-118.34566592238843">
        <time>2005-06-18T17:41:56-07:00</time>
      </trkpt>
      <trkpt lat="36.77193157374859" lon="-118.34569165483117">
        <time>2005-06-18T17:42:01-07:00</time>
      </trkpt>
      <trkpt lat="36.77192151546478" lon="-118.34571956656873">
        <time>2005-06-18T17:42:05-07:00</time>
      </trkpt>
      <trkpt lat="36.771880611777306" lon="-118.34581771865487">
        <time>2005-06-18T17:42:06-07:00</time>
      </trkpt>
      <trkpt lat="36.7718758340925" lon="-118.34590908139944">
        <time>2005-06-18T17:42:09-07:00</time>
      </trkpt>
      <trkpt lat="36.771876253187656" lon="-118.34592115134001">
        <time>2005-06-18T17:42:11-07:00</time>
      </trkpt>
      <trkpt lat="36.7718687094748" lon="-118.34598267450929">
        <time>2005-06-18T17:42:20-07:00</time>
      </trkpt>
      <trkpt lat="36.77186535671353" lon="-118.34600262343884">
        <time>2005-06-18T17:42:27-07:00</time>
      </trkpt>
      <trkpt lat="36.771840043365955" lon="-118.34607210941613">
        <time>2005-06-18T17:42:28-07:00</time>
      </trkpt>
      <trkpt lat="36.771838031709194" lon="-118.34608837030828">
        <time>2005-06-18T17:42:34-07:00</time>
      </trkpt>
      <trkpt lat="36.77181917242706" lon="-118.34614008665085">
        <time>2005-06-18T17:42:36-07:00</time>
      </trkpt>
      <trkpt lat="36.771811209619045" lon="-118.3461856842041">
        <time>2005-06-18T17:42:42-07:00</time>
      </trkpt>
      <trkpt lat="36.77177969366312" lon="-118.34625533781946">
        <time>2005-06-18T17:42:44-07:00</time>
      </trkpt>
      <trkpt lat="36.77177424542606" lon="-118.34626883268356">
        <time>2005-06-18T17:42:48-07:00</time>
      </trkpt>
      <trkpt lat="36.77174205891788" lon="-118.34635516628623">
        <time>2005-06-18T17:42:52-07:00</time>
      </trkpt>
      <trkpt lat="36.77173216827214" lon="-118.34642741829157">
        <time>2005-06-18T17:42:59-07:00</time>
      </trkpt>
      <trkpt lat="36.771728564053774" lon="-118.34643789567053">
        <time>2005-06-18T17:43:00-07:00</time>
      </trkpt>
      <trkpt lat="36.77170886658132" lon="-118.34650939330459">
        <time>2005-06-18T17:43:07-07:00</time>
      </trkpt>
      <trkpt lat="36.771700233221054" lon="-118.34656161256135">
        <time>2005-06-18T17:43:14-07:00</time>
      </trkpt>
      <trkpt lat="36.771698305383325" lon="-118.3465728443116">
        <time>2005-06-18T17:43:15-07:00</time>
      </trkpt>
      <trkpt lat="36.771690929308534" lon="-118.34664694033563">
        <time>2005-06-18T17:43:21-07:00</time>
      </trkpt>
      <trkpt lat="36.77167743444443" lon="-118.34671491757035">
        <time>2005-06-18T17:43:27-07:00</time>
      </trkpt>
      <trkpt lat="36.77167642861605" lon="-118.34672623313963">
        <time>2005-06-18T17:43:28-07:00</time>
      </trkpt>
      <trkpt lat="36.77166402339935" lon="-118.34676143713295">
        <time>2005-06-18T17:43:35-07:00</time>
      </trkpt>
      <trkpt lat="36.77165513858199" lon="-118.34678524173796">
        <time>2005-06-18T17:43:41-07:00</time>
      </trkpt>
      <trkpt lat="36.7716390453279" lon="-118.34683762863278">
        <time>2005-06-18T17:43:42-07:00</time>
      </trkpt>
      <trkpt lat="36.77163410000503" lon="-118.34686394780874">
        <time>2005-06-18T17:43:46-07:00</time>
      </trkpt>
      <trkpt lat="36.77161616273224" lon="-118.3469196036458">
        <time>2005-06-18T17:43:48-07:00</time>
      </trkpt>
      <trkpt lat="36.771610882133245" lon="-118.34692949429154">
        <time>2005-06-18T17:43:53-07:00</time>
      </trkpt>
      <trkpt lat="36.77158338949084" lon="-118.34696469828486">
        <time>2005-06-18T17:43:55-07:00</time>
      </trkpt>
      <trkpt lat="36.77157794125378" lon="-118.34699168801308">
        <time>2005-06-18T17:44:01-07:00</time>
      </trkpt>
      <trkpt lat="36.77156176418066" lon="-118.34705798886716">
        <time>2005-06-18T17:44:02-07:00</time>
      </trkpt>
      <trkpt lat="36.77153351716697" lon="-118.34710367023945">
        <time>2005-06-18T17:44:07-07:00</time>
      </trkpt>
      <trkpt lat="36.77151960320771" lon="-118.34713015705347">
        <time>2005-06-18T17:44:09-07:00</time>
      </trkpt>
      <trkpt lat="36.77150443196297" lon="-118.34716930054128">
        <time>2005-06-18T17:44:15-07:00</time>
      </trkpt>
      <trkpt lat="36.77149320021272" lon="-118.34719670936465">
        <time>2005-06-18T17:44:20-07:00</time>
      </trkpt>
      <trkpt lat="36.77148657850921" lon="-118.34725613705814">
        <time>2005-06-18T17:44:23-07:00</time>
      </trkpt>
      <trkpt lat="36.77147442474961" lon="-118.34731539711356">
        <time>2005-06-18T17:44:28-07:00</time>
      </trkpt>
      <trkpt lat="36.77146922796965" lon="-118.34733107127249">
        <time>2005-06-18T17:44:31-07:00</time>
      </trkpt>
      <trkpt lat="36.771448189392686" lon="-118.34738513454795">
        <time>2005-06-18T17:44:37-07:00</time>
      </trkpt>
      <trkpt lat="36.77142798900604" lon="-118.34742511622608">
        <time>2005-06-18T17:44:42-07:00</time>
      </trkpt>
      <trkpt lat="36.77141700871289" lon="-118.34743835963309">
        <time>2005-06-18T17:44:43-07:00</time>
      </trkpt>
      <trkpt lat="36.771393455564976" lon="-118.34749946370721">
        <time>2005-06-18T17:44:48-07:00</time>
      </trkpt>
      <trkpt lat="36.771387504413724" lon="-118.3475256152451">
        <time>2005-06-18T17:44:52-07:00</time>
      </trkpt>
      <trkpt lat="36.77135556936264" lon="-118.34759384393692">
        <time>2005-06-18T17:44:54-07:00</time>
      </trkpt>
      <trkpt lat="36.77134232595563" lon="-118.34763969294727">
        <time>2005-06-18T17:45:01-07:00</time>
      </trkpt>
      <trkpt lat="36.77133796736598" lon="-118.34765939041972">
        <time>2005-06-18T17:45:03-07:00</time>
      </trkpt>
      <trkpt lat="36.77132589742541" lon="-118.34768906235695">
        <time>2005-06-18T17:45:09-07:00</time>
      </trkpt>
      <trkpt lat="36.77131801843643" lon="-118.34771479479969">
        <time>2005-06-18T17:45:14-07:00</time>
      </trkpt>
      <trkpt lat="36.77130913361907" lon="-118.34775561466813">
        <time>2005-06-18T17:45:16-07:00</time>
      </trkpt>
      <trkpt lat="36.771301086992025" lon="-118.34778813645244">
        <time>2005-06-18T17:45:20-07:00</time>
      </trkpt>
      <trkpt lat="36.771286418661475" lon="-118.34786432795227">
        <time>2005-06-18T17:45:22-07:00</time>
      </trkpt>
      <trkpt lat="36.77128558047116" lon="-118.34787463769317">
        <time>2005-06-18T17:45:25-07:00</time>
      </trkpt>
      <trkpt lat="36.77127719856799" lon="-118.34793783724308">
        <time>2005-06-18T17:45:28-07:00</time>
      </trkpt>
      <trkpt lat="36.77126521244645" lon="-118.34795191884041">
        <time>2005-06-18T17:45:35-07:00</time>
      </trkpt>
      <trkpt lat="36.771266888827085" lon="-118.34797061048448">
        <time>2005-06-18T17:45:36-07:00</time>
      </trkpt>
      <trkpt lat="36.77125289104879" lon="-118.34801930934191">
        <time>2005-06-18T17:45:42-07:00</time>
      </trkpt>
      <trkpt lat="36.77124232985079" lon="-118.34803783334792">
        <time>2005-06-18T17:45:45-07:00</time>
      </trkpt>
      <trkpt lat="36.77121190354228" lon="-118.34810027852654">
        <time>2005-06-18T17:45:47-07:00</time>
      </trkpt>
      <trkpt lat="36.77120687440038" lon="-118.34811243228614">
        <time>2005-06-18T17:45:51-07:00</time>
      </trkpt>
      <trkpt lat="36.77114652469754" lon="-118.34815995767713">
        <time>2005-06-18T17:45:53-07:00</time>
      </trkpt>
      <trkpt lat="36.771140741184354" lon="-118.3481664955616">
        <time>2005-06-18T17:46:00-07:00</time>
      </trkpt>
      <trkpt lat="36.77109162323177" lon="-118.34821100346744">
        <time>2005-06-18T17:46:01-07:00</time>
      </trkpt>
      <trkpt lat="36.77106932736933" lon="-118.3482756279409">
        <time>2005-06-18T17:46:08-07:00</time>
      </trkpt>
      <trkpt lat="36.77107938565314" lon="-118.34828208200634">
        <time>2005-06-18T17:46:09-07:00</time>
      </trkpt>
      <trkpt lat="36.77108810283244" lon="-118.34828115999699">
        <time>2005-06-18T17:46:16-07:00</time>
      </trkpt>
      <trkpt lat="36.77113965153694" lon="-118.34827185608447">
        <time>2005-06-18T17:46:23-07:00</time>
      </trkpt>
      <trkpt lat="36.7711487878114" lon="-118.34826749749482">
        <time>2005-06-18T17:46:24-07:00</time>
      </trkpt>
      <trkpt lat="36.771221878007054" lon="-118.34824645891786">
        <time>2005-06-18T17:46:25-07:00</time>
      </trkpt>
      <trkpt lat="36.771243419498205" lon="-118.34825408644974">
        <time>2005-06-18T17:46:30-07:00</time>
      </trkpt>
      <trkpt lat="36.77123771980405" lon="-118.34826372563839">
        <time>2005-06-18T17:46:31-07:00</time>
      </trkpt>
      <trkpt lat="36.77123277448118" lon="-118.34826950915158">
        <time>2005-06-18T17:46:38-07:00</time>
      </trkpt>
      <trkpt lat="36.771183321252465" lon="-118.34832306951284">
        <time>2005-06-18T17:46:44-07:00</time>
      </trkpt>
      <trkpt lat="36.771175442263484" lon="-118.34832835011184">
        <time>2005-06-18T17:46:45-07:00</time>
      </trkpt>
      <trkpt lat="36.77110671065748" lon="-118.34836606867611">
        <time>2005-06-18T17:46:46-07:00</time>
      </trkpt>
      <trkpt lat="36.77104619331658" lon="-118.34841342642903">
        <time>2005-06-18T17:46:53-07:00</time>
      </trkpt>
      <trkpt lat="36.7710449360311" lon="-118.34842256270349">
        <time>2005-06-18T17:46:54-07:00</time>
      </trkpt>
      <trkpt lat="36.771059688180685" lon="-118.34842960350215">
        <time>2005-06-18T17:47:02-07:00</time>
      </trkpt>
      <trkpt lat="36.77107905037701" lon="-118.34842683747411">
        <time>2005-06-18T17:47:09-07:00</time>
      </trkpt>
      <trkpt lat="36.771138310432434" lon="-118.3484154380858">
        <time>2005-06-18T17:47:10-07:00</time>
      </trkpt>
      <trkpt lat="36.77119430154562" lon="-118.34841669537127">
        <time>2005-06-18T17:47:11-07:00</time>
      </trkpt>
      <trkpt lat="36.771235121414065" lon="-118.34841602481902">
        <time>2005-06-18T17:47:13-07:00</time>
      </trkpt>
      <trkpt lat="36.77127426490188" lon="-118.34840781055391">
        <time>2005-06-18T17:47:18-07:00</time>
      </trkpt>
      <trkpt lat="36.77132003009319" lon="-118.34838476032019">
        <time>2005-06-18T17:47:24-07:00</time>
      </trkpt>
      <trkpt lat="36.771349953487515" lon="-118.34836095571518">
        <time>2005-06-18T17:47:28-07:00</time>
      </trkpt>
      <trkpt lat="36.77140058018267" lon="-118.34828979335725">
        <time>2005-06-18T17:47:32-07:00</time>
      </trkpt>
      <trkpt lat="36.77145623601973" lon="-118.34824712947011">
        <time>2005-06-18T17:47:37-07:00</time>
      </trkpt>
      <trkpt lat="36.771485740318894" lon="-118.34822952747345">
        <time>2005-06-18T17:47:40-07:00</time>
      </trkpt>
      <trkpt lat="36.7714973911643" lon="-118.34823824465275">
        <time>2005-06-18T17:47:49-07:00</time>
      </trkpt>
      <trkpt lat="36.77147132344544" lon="-118.3482698444277">
        <time>2005-06-18T17:47:57-07:00</time>
      </trkpt>
      <trkpt lat="36.77145715802908" lon="-118.34829146973789">
        <time>2005-06-18T17:48:01-07:00</time>
      </trkpt>
      <trkpt lat="36.77144005894661" lon="-118.34835374727845">
        <time>2005-06-18T17:48:05-07:00</time>
      </trkpt>
      <trkpt lat="36.77141474559903" lon="-118.34839666262269">
        <time>2005-06-18T17:48:08-07:00</time>
      </trkpt>
      <trkpt lat="36.77140401676297" lon="-118.34841962903738">
        <time>2005-06-18T17:48:10-07:00</time>
      </trkpt>
      <trkpt lat="36.77138985134661" lon="-118.3484580181539">
        <time>2005-06-18T17:48:16-07:00</time>
      </trkpt>
      <trkpt lat="36.77136437036097" lon="-118.348487354815">
        <time>2005-06-18T17:48:20-07:00</time>
      </trkpt>
      <trkpt lat="36.77132916636765" lon="-118.34852549247444">
        <time>2005-06-18T17:48:23-07:00</time>
      </trkpt>
      <trkpt lat="36.77131357602775" lon="-118.34853990934789">
        <time>2005-06-18T17:48:27-07:00</time>
      </trkpt>
      <trkpt lat="36.77125540561974" lon="-118.34860143251717">
        <time>2005-06-18T17:48:30-07:00</time>
      </trkpt>
      <trkpt lat="36.77117267623544" lon="-118.34863730706275">
        <time>2005-06-18T17:48:35-07:00</time>
      </trkpt>
      <trkpt lat="36.77108030766249" lon="-118.34867829456925">
        <time>2005-06-18T17:48:37-07:00</time>
      </trkpt>
      <trkpt lat="36.77102423273027" lon="-118.34868801757693">
        <time>2005-06-18T17:48:45-07:00</time>
      </trkpt>
      <trkpt lat="36.77097880281508" lon="-118.3486900292337">
        <time>2005-06-18T17:48:54-07:00</time>
      </trkpt>
      <trkpt lat="36.77093647420406" lon="-118.34870159626007">
        <time>2005-06-18T17:49:03-07:00</time>
      </trkpt>
      <trkpt lat="36.7708929721266" lon="-118.34871349856257">
        <time>2005-06-18T17:49:09-07:00</time>
      </trkpt>
      <trkpt lat="36.770877465605736" lon="-118.34871517494321">
        <time>2005-06-18T17:49:13-07:00</time>
      </trkpt>
      <trkpt lat="36.770831532776356" lon="-118.34872741252184">
        <time>2005-06-18T17:49:17-07:00</time>
      </trkpt>
      <trkpt lat="36.770812505856156" lon="-118.34873143583536">
        <time>2005-06-18T17:49:22-07:00</time>
      </trkpt>
      <trkpt lat="36.770766992121935" lon="-118.34874358959496">
        <time>2005-06-18T17:49:24-07:00</time>
      </trkpt>
      <trkpt lat="36.77073564380407" lon="-118.34875339642167">
        <time>2005-06-18T17:49:29-07:00</time>
      </trkpt>
      <trkpt lat="36.77070454694331" lon="-118.34876119159162">
        <time>2005-06-18T17:49:31-07:00</time>
      </trkpt>
      <trkpt lat="36.77067101933062" lon="-118.34876496344805">
        <time>2005-06-18T17:49:36-07:00</time>
      </trkpt>
      <trkpt lat="36.770650651305914" lon="-118.3487690705806">
        <time>2005-06-18T17:49:39-07:00</time>
      </trkpt>
      <trkpt lat="36.77062156610191" lon="-118.3487722557038">
        <time>2005-06-18T17:49:43-07:00</time>
      </trkpt>
      <trkpt lat="36.77061192691326" lon="-118.34877678193152">
        <time>2005-06-18T17:49:47-07:00</time>
      </trkpt>
      <trkpt lat="36.77057035267353" lon="-118.34878231398761">
        <time>2005-06-18T17:49:49-07:00</time>
      </trkpt>
      <trkpt lat="36.77055325359106" lon="-118.34878415800631">
        <time>2005-06-18T17:49:53-07:00</time>
      </trkpt>
      <trkpt lat="36.77051964215934" lon="-118.34878524765372">
        <time>2005-06-18T17:49:55-07:00</time>
      </trkpt>
      <trkpt lat="36.77047689445317" lon="-118.34877912886441">
        <time>2005-06-18T17:49:59-07:00</time>
      </trkpt>
      <trkpt lat="36.770448479801416" lon="-118.3487759437412">
        <time>2005-06-18T17:50:01-07:00</time>
      </trkpt>
      <trkpt lat="36.77041755057871" lon="-118.34876948967576">
        <time>2005-06-18T17:50:05-07:00</time>
      </trkpt>
      <trkpt lat="36.770365415140986" lon="-118.34874677471817">
        <time>2005-06-18T17:50:09-07:00</time>
      </trkpt>
      <trkpt lat="36.770330127328634" lon="-118.34873168729246">
        <time>2005-06-18T17:50:12-07:00</time>
      </trkpt>
      <trkpt lat="36.77027556113899" lon="-118.34870394319296">
        <time>2005-06-18T17:50:15-07:00</time>
      </trkpt>
      <trkpt lat="36.77023960277438" lon="-118.34867611527443">
        <time>2005-06-18T17:50:21-07:00</time>
      </trkpt>
      <trkpt lat="36.77021060138941" lon="-118.34865465760231">
        <time>2005-06-18T17:50:24-07:00</time>
      </trkpt>
      <trkpt lat="36.77015947178006" lon="-118.34863127209246">
        <time>2005-06-18T17:50:30-07:00</time>
      </trkpt>
      <trkpt lat="36.77014178596437" lon="-118.3486258238554">
        <time>2005-06-18T17:50:35-07:00</time>
      </trkpt>
      <trkpt lat="36.770105911418796" lon="-118.34865692071617">
        <time>2005-06-18T17:50:39-07:00</time>
      </trkpt>
      <trkpt lat="36.77010993473232" lon="-118.34867326542735">
        <time>2005-06-18T17:50:44-07:00</time>
      </trkpt>
      <trkpt lat="36.77011379040778" lon="-118.34867913275957">
        <time>2005-06-18T17:50:46-07:00</time>
      </trkpt>
      <trkpt lat="36.77013801410794" lon="-118.3487222995609">
        <time>2005-06-18T17:50:51-07:00</time>
      </trkpt>
      <trkpt lat="36.770175229758024" lon="-118.3487658854574">
        <time>2005-06-18T17:50:53-07:00</time>
      </trkpt>
      <trkpt lat="36.77020976319909" lon="-118.34878273308277">
        <time>2005-06-18T17:50:54-07:00</time>
      </trkpt>
      <trkpt lat="36.770232478156686" lon="-118.34880243055522">
        <time>2005-06-18T17:50:57-07:00</time>
      </trkpt>
      <trkpt lat="36.77027715370059" lon="-118.34886068478227">
        <time>2005-06-18T17:51:01-07:00</time>
      </trkpt>
      <trkpt lat="36.7702819313854" lon="-118.34886906668544">
        <time>2005-06-18T17:51:05-07:00</time>
      </trkpt>
      <trkpt lat="36.77032945677638" lon="-118.34890368394554">
        <time>2005-06-18T17:51:08-07:00</time>
      </trkpt>
      <trkpt lat="36.77038067020476" lon="-118.34892162121832">
        <time>2005-06-18T17:51:14-07:00</time>
      </trkpt>
      <trkpt lat="36.770388800650835" lon="-118.34892279468477">
        <time>2005-06-18T17:51:15-07:00</time>
      </trkpt>
      <trkpt lat="36.770453257486224" lon="-118.34894265979528">
        <time>2005-06-18T17:51:22-07:00</time>
      </trkpt>
      <trkpt lat="36.77052056416869" lon="-118.34896294400096">
        <time>2005-06-18T17:51:28-07:00</time>
      </trkpt>
      <trkpt lat="36.77052257582545" lon="-118.34897803142667">
        <time>2005-06-18T17:51:29-07:00</time>
      </trkpt>
      <trkpt lat="36.77049701102078" lon="-118.34897526539862">
        <time>2005-06-18T17:51:36-07:00</time>
      </trkpt>
      <trkpt lat="36.770486533641815" lon="-118.34897384047508">
        <time>2005-06-18T17:51:43-07:00</time>
      </trkpt>
      <trkpt lat="36.770429369062185" lon="-118.3489725831896">
        <time>2005-06-18T17:51:46-07:00</time>
      </trkpt>
      <trkpt lat="36.77041168324649" lon="-118.34897736087441">
        <time>2005-06-18T17:51:48-07:00</time>
      </trkpt>
      <trkpt lat="36.77034513093531" lon="-118.34898641332984">
        <time>2005-06-18T17:51:49-07:00</time>
      </trkpt>
      <trkpt lat="36.770313112065196" lon="-118.34899010136724">
        <time>2005-06-18T17:51:55-07:00</time>
      </trkpt>
      <trkpt lat="36.77027044817805" lon="-118.34900460205972">
        <time>2005-06-18T17:51:57-07:00</time>
      </trkpt>
      <trkpt lat="36.77025184035301" lon="-118.34900510497391">
        <time>2005-06-18T17:52:03-07:00</time>
      </trkpt>
      <trkpt lat="36.77023868076503" lon="-118.34900233894587">
        <time>2005-06-18T17:52:06-07:00</time>
      </trkpt>
      <trkpt lat="36.77018964663148" lon="-118.34899839945138">
        <time>2005-06-18T17:52:12-07:00</time>
      </trkpt>
      <trkpt lat="36.770179672166705" lon="-118.34899680688977">
        <time>2005-06-18T17:52:15-07:00</time>
      </trkpt>
      <trkpt lat="36.77009820006788" lon="-118.34901030175388">
        <time>2005-06-18T17:52:19-07:00</time>
      </trkpt>
      <trkpt lat="36.77009099163115" lon="-118.34900896064937">
        <time>2005-06-18T17:52:25-07:00</time>
      </trkpt>
      <trkpt lat="36.77001630887389" lon="-118.3490108884871">
        <time>2005-06-18T17:52:26-07:00</time>
      </trkpt>
      <trkpt lat="36.76999216899276" lon="-118.34901918657124">
        <time>2005-06-18T17:52:35-07:00</time>
      </trkpt>
      <trkpt lat="36.7700002156198" lon="-118.34903720766306">
        <time>2005-06-18T17:52:36-07:00</time>
      </trkpt>
      <trkpt lat="36.77000306546688" lon="-118.34906050935388">
        <time>2005-06-18T17:52:46-07:00</time>
      </trkpt>
      <trkpt lat="36.77001706324518" lon="-118.34908280521631">
        <time>2005-06-18T17:52:49-07:00</time>
      </trkpt>
      <trkpt lat="36.77003022283316" lon="-118.34909646771848">
        <time>2005-06-18T17:52:51-07:00</time>
      </trkpt>
      <trkpt lat="36.770040448755026" lon="-118.34908741526306">
        <time>2005-06-18T17:52:53-07:00</time>
      </trkpt>
      <trkpt lat="36.770030139014125" lon="-118.34908607415855">
        <time>2005-06-18T17:52:57-07:00</time>
      </trkpt>
      <trkpt lat="36.7700313962996" lon="-118.34909101948142">
        <time>2005-06-18T17:53:00-07:00</time>
      </trkpt>
      <trkpt lat="36.77002762444317" lon="-118.34907526150346">
        <time>2005-06-18T17:53:09-07:00</time>
      </trkpt>
      <trkpt lat="36.77003189921379" lon="-118.34907425567508">
        <time>2005-06-18T17:53:14-07:00</time>
      </trkpt>
      <trkpt lat="36.77003273740411" lon="-118.3490785304457">
        <time>2005-06-18T17:53:16-07:00</time>
      </trkpt>
      <trkpt lat="36.77003424614668" lon="-118.34908129647374">
        <time>2005-06-18T17:53:27-07:00</time>
      </trkpt>
      <trkpt lat="36.77003223448992" lon="-118.34908188320696">
        <time>2005-06-18T17:53:31-07:00</time>
      </trkpt>
      <trkpt lat="36.770026199519634" lon="-118.34908582270145">
        <time>2005-06-18T17:53:34-07:00</time>
      </trkpt>
      <trkpt lat="36.7700229305774" lon="-118.34909286350012">
        <time>2005-06-18T17:53:38-07:00</time>
      </trkpt>
      <trkpt lat="36.77003391087055" lon="-118.34908892400563">
        <time>2005-06-18T17:53:48-07:00</time>
      </trkpt>
      <trkpt lat="36.77004807628691" lon="-118.34908397868276">
        <time>2005-06-18T17:53:58-07:00</time>
      </trkpt>
      <trkpt lat="36.77004639990628" lon="-118.34908992983401">
        <time>2005-06-18T17:54:06-07:00</time>
      </trkpt>
      <trkpt lat="36.77005369216204" lon="-118.34909093566239">
        <time>2005-06-18T17:54:17-07:00</time>
      </trkpt>
      <trkpt lat="36.770052099600434" lon="-118.34909118711948">
        <time>2005-06-18T17:54:25-07:00</time>
      </trkpt>
      <trkpt lat="36.77003148011863" lon="-118.34907501004636">
        <time>2005-06-18T17:54:29-07:00</time>
      </trkpt>
      <trkpt lat="36.77000993862748" lon="-118.34905975498259">
        <time>2005-06-18T17:54:39-07:00</time>
      </trkpt>
      <trkpt lat="36.77001127973199" lon="-118.34906050935388">
        <time>2005-06-18T17:54:40-07:00</time>
      </trkpt>
      <trkpt lat="36.77002125419676" lon="-118.34906511940062">
        <time>2005-06-18T17:54:49-07:00</time>
      </trkpt>
      <trkpt lat="36.77003315649927" lon="-118.34906386211514">
        <time>2005-06-18T17:54:59-07:00</time>
      </trkpt>
      <trkpt lat="36.7700160574168" lon="-118.34908682852983">
        <time>2005-06-18T17:55:01-07:00</time>
      </trkpt>
      <trkpt lat="36.77003022283316" lon="-118.34908775053918">
        <time>2005-06-18T17:55:04-07:00</time>
      </trkpt>
      <trkpt lat="36.77003717981279" lon="-118.34906964562833">
        <time>2005-06-18T17:55:13-07:00</time>
      </trkpt>
      <trkpt lat="36.7700453940779" lon="-118.34907769225538">
        <time>2005-06-18T17:55:23-07:00</time>
      </trkpt>
      <trkpt lat="36.77005578763783" lon="-118.34910149686038">
        <time>2005-06-18T17:55:32-07:00</time>
      </trkpt>
      <trkpt lat="36.77004732191563" lon="-118.34906713105738">
        <time>2005-06-18T17:55:43-07:00</time>
      </trkpt>
      <trkpt lat="36.77005352452397" lon="-118.34907383657992">
        <time>2005-06-18T17:55:49-07:00</time>
      </trkpt>
      <trkpt lat="36.77002259530127" lon="-118.3490851521492">
        <time>2005-06-18T17:55:57-07:00</time>
      </trkpt>
      <trkpt lat="36.7700488306582" lon="-118.34907157346606">
        <time>2005-06-18T17:56:10-07:00</time>
      </trkpt>
      <trkpt lat="36.77003466524184" lon="-118.34908951073885">
        <time>2005-06-18T17:56:15-07:00</time>
      </trkpt>
      <trkpt lat="36.77002997137606" lon="-118.34908749908209">
        <time>2005-06-18T17:56:30-07:00</time>
      </trkpt>
      <trkpt lat="36.77003340795636" lon="-118.34908238612115">
        <time>2005-06-18T17:56:42-07:00</time>
      </trkpt>
      <trkpt lat="36.77003340795636" lon="-118.34908238612115">
        <time>2005-06-18T17:56:53-07:00</time>
      </trkpt>
      <trkpt lat="36.77003340795636" lon="-118.34908238612115">
        <time>2005-06-18T17:56:55-07:00</time>
      </trkpt>
      <trkpt lat="36.77003273740411" lon="-118.34910007193685">
        <time>2005-06-18T17:57:09-07:00</time>
      </trkpt>
      <trkpt lat="36.77003583870828" lon="-118.34909764118493">
        <time>2005-06-18T17:57:12-07:00</time>
      </trkpt>
      <trkpt lat="36.770045813173056" lon="-118.34909395314753">
        <time>2005-06-18T17:57:30-07:00</time>
      </trkpt>
      <trkpt lat="36.77004321478307" lon="-118.34908121265471">
        <time>2005-06-18T17:57:49-07:00</time>
      </trkpt>
      <trkpt lat="36.77003717981279" lon="-118.34906604140997">
        <time>2005-06-18T17:58:03-07:00</time>
      </trkpt>
      <trkpt lat="36.770040364935994" lon="-118.34904751740396">
        <time>2005-06-18T17:58:07-07:00</time>
      </trkpt>
      <trkpt lat="36.77003516815603" lon="-118.34904458373785">
        <time>2005-06-18T17:58:13-07:00</time>
      </trkpt>
      <trkpt lat="36.77003097720444" lon="-118.34904273971915">
        <time>2005-06-18T17:58:16-07:00</time>
      </trkpt>
      <trkpt lat="36.7700453940779" lon="-118.3490420691669">
        <time>2005-06-18T17:58:22-07:00</time>
      </trkpt>
      <trkpt lat="36.77002469077706" lon="-118.3490507863462">
        <time>2005-06-18T17:58:25-07:00</time>
      </trkpt>
      <trkpt lat="36.770027708262205" lon="-118.34905321709812">
        <time>2005-06-18T17:58:27-07:00</time>
      </trkpt>
      <trkpt lat="36.77003634162247" lon="-118.34904215298593">
        <time>2005-06-18T17:58:43-07:00</time>
      </trkpt>
      <trkpt lat="36.77003466524184" lon="-118.3490404766053">
        <time>2005-06-18T17:59:01-07:00</time>
      </trkpt>
      <trkpt lat="36.77006551064551" lon="-118.34905941970646">
        <time>2005-06-18T17:59:04-07:00</time>
      </trkpt>
      <trkpt lat="36.770055117085576" lon="-118.34908121265471">
        <time>2005-06-18T17:59:17-07:00</time>
      </trkpt>
      <trkpt lat="36.770052686333656" lon="-118.3490885887295">
        <time>2005-06-18T17:59:18-07:00</time>
      </trkpt>
      <trkpt lat="36.77005084231496" lon="-118.3490904327482">
        <time>2005-06-18T17:59:29-07:00</time>
      </trkpt>
      <trkpt lat="36.77004111930728" lon="-118.34908322431147">
        <time>2005-06-18T17:59:37-07:00</time>
      </trkpt>
      <trkpt lat="36.77003868855536" lon="-118.34908213466406">
        <time>2005-06-18T17:59:42-07:00</time>
      </trkpt>
      <trkpt lat="36.77002603188157" lon="-118.34908138029277">
        <time>2005-06-18T17:59:43-07:00</time>
      </trkpt>
      <trkpt lat="36.77002251148224" lon="-118.34908364340663">
        <time>2005-06-18T17:59:48-07:00</time>
      </trkpt>
      <trkpt lat="36.770015973597765" lon="-118.34909780882299">
        <time>2005-06-18T17:59:49-07:00</time>
      </trkpt>
      <trkpt lat="36.77000633440912" lon="-118.34909839555621">
        <time>2005-06-18T17:59:53-07:00</time>
      </trkpt>
      <trkpt lat="36.77001672796905" lon="-118.34907467477024">
        <time>2005-06-18T17:59:54-07:00</time>
      </trkpt>
      <trkpt lat="36.770026199519634" lon="-118.34906947799027">
        <time>2005-06-18T18:00:06-07:00</time>
      </trkpt>
      <trkpt lat="36.77002594806254" lon="-118.34906972944736">
        <time>2005-06-18T18:00:08-07:00</time>
      </trkpt>
      <trkpt lat="36.77002594806254" lon="-118.34906972944736">
        <time>2005-06-18T18:00:15-07:00</time>
      </trkpt>
      <trkpt lat="36.77002594806254" lon="-118.34906972944736">
        <time>2005-06-18T18:00:25-07:00</time>
      </trkpt>
      <trkpt lat="36.77002594806254" lon="-118.34906972944736">
        <time>2005-06-18T18:00:30-07:00</time>
      </trkpt>
      <trkpt lat="36.77002594806254" lon="-118.34906972944736">
        <time>2005-06-18T18:00:31-07:00</time>
      </trkpt>
      <trkpt lat="36.77002594806254" lon="-118.34906972944736">
        <time>2005-06-18T18:00:55-07:00</time>
      </trkpt>
      <trkpt lat="36.77002594806254" lon="-118.34906972944736">
        <time>2005-06-18T18:01:07-07:00</time>
      </trkpt>
      <trkpt lat="36.77004002965987" lon="-118.34906545467675">
        <time>2005-06-18T18:01:11-07:00</time>
      </trkpt>
      <trkpt lat="36.77003818564117" lon="-118.34906092844903">
        <time>2005-06-18T18:01:15-07:00</time>
      </trkpt>
      <trkpt lat="36.77002854645252" lon="-118.3490505348891">
        <time>2005-06-18T18:01:35-07:00</time>
      </trkpt>
      <trkpt lat="36.770016895607114" lon="-118.34904165007174">
        <time>2005-06-18T18:01:46-07:00</time>
      </trkpt>
      <trkpt lat="36.77003902383149" lon="-118.34908029064536">
        <time>2005-06-18T18:01:48-07:00</time>
      </trkpt>
      <trkpt lat="36.770035587251186" lon="-118.34908842109144">
        <time>2005-06-18T18:01:51-07:00</time>
      </trkpt>
      <trkpt lat="36.77002561278641" lon="-118.349087247625">
        <time>2005-06-18T18:01:57-07:00</time>
      </trkpt>
      <trkpt lat="36.770025696605444" lon="-118.34908666089177">
        <time>2005-06-18T18:02:02-07:00</time>
      </trkpt>
      <trkpt lat="36.77002687007189" lon="-118.34908590652049">
        <time>2005-06-18T18:02:10-07:00</time>
      </trkpt>
      <trkpt lat="36.77002712152898" lon="-118.34908531978726">
        <time>2005-06-18T18:02:17-07:00</time>
      </trkpt>
      <trkpt lat="36.7700279597193" lon="-118.34908448159695">
        <time>2005-06-18T18:02:20-07:00</time>
      </trkpt>
      <trkpt lat="36.77003391087055" lon="-118.34908909164369">
        <time>2005-06-18T18:02:23-07:00</time>
      </trkpt>
      <trkpt lat="36.77003474906087" lon="-118.34908624179661">
        <time>2005-06-18T18:02:24-07:00</time>
      </trkpt>
      <trkpt lat="36.77001069299877" lon="-118.34907090291381">
        <time>2005-06-18T18:02:25-07:00</time>
      </trkpt>
      <trkpt lat="36.77001035772264" lon="-118.34906905889511">
        <time>2005-06-18T18:02:34-07:00</time>
      </trkpt>
      <trkpt lat="36.77000700496137" lon="-118.34905229508877">
        <time>2005-06-18T18:02:38-07:00</time>
      </trkpt>
      <trkpt lat="36.77000775933266" lon="-118.34903921931982">
        <time>2005-06-18T18:02:43-07:00</time>
      </trkpt>
      <trkpt lat="36.770011112093925" lon="-118.34903896786273">
        <time>2005-06-18T18:02:44-07:00</time>
      </trkpt>
      <trkpt lat="36.77000901661813" lon="-118.34904165007174">
        <time>2005-06-18T18:02:48-07:00</time>
      </trkpt>
      <trkpt lat="36.77001622505486" lon="-118.34906101226807">
        <time>2005-06-18T18:02:56-07:00</time>
      </trkpt>
      <trkpt lat="36.770017901435494" lon="-118.34906210191548">
        <time>2005-06-18T18:02:58-07:00</time>
      </trkpt>
      <trkpt lat="36.77002586424351" lon="-118.34905883297324">
        <time>2005-06-18T18:02:59-07:00</time>
      </trkpt>
      <trkpt lat="36.77001572214067" lon="-118.34906285628676">
        <time>2005-06-18T18:03:04-07:00</time>
      </trkpt>
      <trkpt lat="36.770022260025144" lon="-118.34906713105738">
        <time>2005-06-18T18:03:07-07:00</time>
      </trkpt>
      <trkpt lat="36.77002368494868" lon="-118.34906537085772">
        <time>2005-06-18T18:03:19-07:00</time>
      </trkpt>
      <trkpt lat="36.77003055810928" lon="-118.34908783435822">
        <time>2005-06-18T18:03:26-07:00</time>
      </trkpt>
      <trkpt lat="36.770045226439834" lon="-118.3490814641118">
        <time>2005-06-18T18:03:32-07:00</time>
      </trkpt>
      <trkpt lat="36.77004748955369" lon="-118.34907777607441">
        <time>2005-06-18T18:03:35-07:00</time>
      </trkpt>
      <trkpt lat="36.77002829499543" lon="-118.34908825345337">
        <time>2005-06-18T18:03:44-07:00</time>
      </trkpt>
      <trkpt lat="36.77003474906087" lon="-118.34908624179661">
        <time>2005-06-18T18:03:55-07:00</time>
      </trkpt>
      <trkpt lat="36.77003474906087" lon="-118.34908624179661">
        <time>2005-06-18T18:03:58-07:00</time>
      </trkpt>
      <trkpt lat="36.77003474906087" lon="-118.34908624179661">
        <time>2005-06-18T18:04:07-07:00</time>
      </trkpt>
      <trkpt lat="36.77003474906087" lon="-118.34908624179661">
        <time>2005-06-18T18:04:16-07:00</time>
      </trkpt>
      <trkpt lat="36.770027708262205" lon="-118.34906964562833">
        <time>2005-06-18T18:04:21-07:00</time>
      </trkpt>
      <trkpt lat="36.77003055810928" lon="-118.34908875636756">
        <time>2005-06-18T18:04:23-07:00</time>
      </trkpt>
      <trkpt lat="36.77003047429025" lon="-118.34909009747207">
        <time>2005-06-18T18:04:33-07:00</time>
      </trkpt>
      <trkpt lat="36.7700348328799" lon="-118.34909906610847">
        <time>2005-06-18T18:04:39-07:00</time>
      </trkpt>
      <trkpt lat="36.77002008073032" lon="-118.34909219294786">
        <time>2005-06-18T18:04:47-07:00</time>
      </trkpt>
      <trkpt lat="36.77002242766321" lon="-118.34909428842366">
        <time>2005-06-18T18:04:53-07:00</time>
      </trkpt>
      <trkpt lat="36.770029636099935" lon="-118.34908565506339">
        <time>2005-06-18T18:04:56-07:00</time>
      </trkpt>
      <trkpt lat="36.770042376592755" lon="-118.34906361065805">
        <time>2005-06-18T18:05:05-07:00</time>
      </trkpt>
      <trkpt lat="36.770042376592755" lon="-118.34906361065805">
        <time>2005-06-18T18:05:14-07:00</time>
      </trkpt>
      <trkpt lat="36.770042376592755" lon="-118.34906361065805">
        <time>2005-06-18T18:05:16-07:00</time>
      </trkpt>
      <trkpt lat="36.770042376592755" lon="-118.34906361065805">
        <time>2005-06-18T18:05:31-07:00</time>
      </trkpt>
      <trkpt lat="36.770042376592755" lon="-118.34906361065805">
        <time>2005-06-18T18:05:33-07:00</time>
      </trkpt>
      <trkpt lat="36.770042376592755" lon="-118.34906361065805">
        <time>2005-06-18T18:05:34-07:00</time>
      </trkpt>
      <trkpt lat="36.770042376592755" lon="-118.34906361065805">
        <time>2005-06-18T18:05:41-07:00</time>
      </trkpt>
      <trkpt lat="36.770042376592755" lon="-118.34906361065805">
        <time>2005-06-18T18:05:50-07:00</time>
      </trkpt>
      <trkpt lat="36.770042376592755" lon="-118.34906361065805">
        <time>2005-06-18T18:05:52-07:00</time>
      </trkpt>
      <trkpt lat="36.770042376592755" lon="-118.34906361065805">
        <time>2005-06-18T18:05:54-07:00</time>
      </trkpt>
      <trkpt lat="36.77004111930728" lon="-118.34906235337257">
        <time>2005-06-18T18:05:57-07:00</time>
      </trkpt>
      <trkpt lat="36.770042376592755" lon="-118.34906361065805">
        <time>2005-06-18T18:06:03-07:00</time>
      </trkpt>
      <trkpt lat="36.770042376592755" lon="-118.34906361065805">
        <time>2005-06-18T18:06:06-07:00</time>
      </trkpt>
      <trkpt lat="36.770042376592755" lon="-118.34906361065805">
        <time>2005-06-18T18:06:14-07:00</time>
      </trkpt>
      <trkpt lat="36.770042376592755" lon="-118.34906361065805">
        <time>2005-06-18T18:06:21-07:00</time>
      </trkpt>
      <trkpt lat="36.770042376592755" lon="-118.34906361065805">
        <time>2005-06-18T18:06:30-07:00</time>
      </trkpt>
      <trkpt lat="36.770042376592755" lon="-118.34906361065805">
        <time>2005-06-18T18:06:48-07:00</time>
      </trkpt>
      <trkpt lat="36.770042376592755" lon="-118.34906361065805">
        <time>2005-06-18T18:06:54-07:00</time>
      </trkpt>
      <trkpt lat="36.770042376592755" lon="-118.34906361065805">
        <time>2005-06-18T18:07:00-07:00</time>
      </trkpt>
      <trkpt lat="36.770042376592755" lon="-118.34906361065805">
        <time>2005-06-18T18:07:09-07:00</time>
      </trkpt>
      <trkpt lat="36.770042376592755" lon="-118.34906361065805">
        <time>2005-06-18T18:07:13-07:00</time>
      </trkpt>
      <trkpt lat="36.770042376592755" lon="-118.34906361065805">
        <time>2005-06-18T18:07:18-07:00</time>
      </trkpt>
      <trkpt lat="36.770042376592755" lon="-118.34906361065805">
        <time>2005-06-18T18:07:19-07:00</time>
      </trkpt>
      <trkpt lat="36.770042376592755" lon="-118.34906361065805">
        <time>2005-06-18T18:07:28-07:00</time>
      </trkpt>
      <trkpt lat="36.770042376592755" lon="-118.34906361065805">
        <time>2005-06-18T18:07:48-07:00</time>
      </trkpt>
      <trkpt lat="36.77004690282047" lon="-118.34907785989344">
        <time>2005-06-18T18:07:56-07:00</time>
      </trkpt>
      <trkpt lat="36.770046819001436" lon="-118.34908297285438">
        <time>2005-06-18T18:07:57-07:00</time>
      </trkpt>
      <trkpt lat="36.77004153840244" lon="-118.34907199256122">
        <time>2005-06-18T18:08:01-07:00</time>
      </trkpt>
      <trkpt lat="36.770041873678565" lon="-118.34907232783735">
        <time>2005-06-18T18:08:07-07:00</time>
      </trkpt>
      <trkpt lat="36.770043885335326" lon="-118.34907475858927">
        <time>2005-06-18T18:08:15-07:00</time>
      </trkpt>
      <trkpt lat="36.770049668848515" lon="-118.34908565506339">
        <time>2005-06-18T18:08:23-07:00</time>
      </trkpt>
      <trkpt lat="36.77004941739142" lon="-118.3490854036063">
        <time>2005-06-18T18:08:25-07:00</time>
      </trkpt>
      <trkpt lat="36.77004002965987" lon="-118.34908045828342">
        <time>2005-06-18T18:08:31-07:00</time>
      </trkpt>
      <trkpt lat="36.77003240212798" lon="-118.34907517768443">
        <time>2005-06-18T18:08:42-07:00</time>
      </trkpt>
      <trkpt lat="36.77003977820277" lon="-118.34906780160964">
        <time>2005-06-18T18:08:44-07:00</time>
      </trkpt>
      <trkpt lat="36.77004346624017" lon="-118.34906922653317">
        <time>2005-06-18T18:09:01-07:00</time>
      </trkpt>
      <trkpt lat="36.7700419574976" lon="-118.34908347576857">
        <time>2005-06-18T18:09:08-07:00</time>
      </trkpt>
      <trkpt lat="36.77004053257406" lon="-118.34910082630813">
        <time>2005-06-18T18:09:13-07:00</time>
      </trkpt>
      <trkpt lat="36.77004053257406" lon="-118.34910677745938">
        <time>2005-06-18T18:09:22-07:00</time>
      </trkpt>
      <trkpt lat="36.77003583870828" lon="-118.34911038167775">
        <time>2005-06-18T18:09:26-07:00</time>
      </trkpt>
      <trkpt lat="36.770026786252856" lon="-118.34910091012716">
        <time>2005-06-18T18:09:38-07:00</time>
      </trkpt>
      <trkpt lat="36.770021840929985" lon="-118.3490986470133">
        <time>2005-06-18T18:09:42-07:00</time>
      </trkpt>
      <trkpt lat="36.770023768767715" lon="-118.34909638389945">
        <time>2005-06-18T18:09:47-07:00</time>
      </trkpt>
      <trkpt lat="36.770030641928315" lon="-118.34909797646105">
        <time>2005-06-18T18:09:59-07:00</time>
      </trkpt>
      <trkpt lat="36.77002703770995" lon="-118.34909613244236">
        <time>2005-06-18T18:10:01-07:00</time>
      </trkpt>
      <trkpt lat="36.770026702433825" lon="-118.3490920253098">
        <time>2005-06-18T18:10:05-07:00</time>
      </trkpt>
      <trkpt lat="36.77003634162247" lon="-118.34908096119761">
        <time>2005-06-18T18:10:07-07:00</time>
      </trkpt>
      <trkpt lat="36.77003365941346" lon="-118.34908163174987">
        <time>2005-06-18T18:10:12-07:00</time>
      </trkpt>
      <trkpt lat="36.770028127357364" lon="-118.34908003918827">
        <time>2005-06-18T18:10:21-07:00</time>
      </trkpt>
      <trkpt lat="36.77003332413733" lon="-118.34909060038626">
        <time>2005-06-18T18:10:28-07:00</time>
      </trkpt>
      <trkpt lat="36.770038018003106" lon="-118.34909680299461">
        <time>2005-06-18T18:10:29-07:00</time>
      </trkpt>
      <trkpt lat="36.77003961056471" lon="-118.34909655153751">
        <time>2005-06-18T18:10:32-07:00</time>
      </trkpt>
      <trkpt lat="36.770038437098265" lon="-118.34909671917558">
        <time>2005-06-18T18:10:37-07:00</time>
      </trkpt>
      <trkpt lat="36.770038437098265" lon="-118.34909663535655">
        <time>2005-06-18T18:10:42-07:00</time>
      </trkpt>
      <trkpt lat="36.770038437098265" lon="-118.34909663535655">
        <time>2005-06-18T18:10:44-07:00</time>
      </trkpt>
      <trkpt lat="36.770038437098265" lon="-118.34909663535655">
        <time>2005-06-18T18:10:49-07:00</time>
      </trkpt>
      <trkpt lat="36.770038437098265" lon="-118.34909663535655">
        <time>2005-06-18T18:10:55-07:00</time>
      </trkpt>
      <trkpt lat="36.77003030665219" lon="-118.34909604862332">
        <time>2005-06-18T18:10:57-07:00</time>
      </trkpt>
      <trkpt lat="36.77003868855536" lon="-118.34907526150346">
        <time>2005-06-18T18:11:08-07:00</time>
      </trkpt>
      <trkpt lat="36.7700417060405" lon="-118.34907936863601">
        <time>2005-06-18T18:11:10-07:00</time>
      </trkpt>
      <trkpt lat="36.7700435500592" lon="-118.34907953627408">
        <time>2005-06-18T18:11:14-07:00</time>
      </trkpt>
      <trkpt lat="36.770043382421136" lon="-118.34907894954085">
        <time>2005-06-18T18:11:23-07:00</time>
      </trkpt>
      <trkpt lat="36.77004346624017" lon="-118.34907920099795">
        <time>2005-06-18T18:11:28-07:00</time>
      </trkpt>
      <trkpt lat="36.7700435500592" lon="-118.34906939417124">
        <time>2005-06-18T18:11:32-07:00</time>
      </trkpt>
      <trkpt lat="36.77004505880177" lon="-118.34907207638025">
        <time>2005-06-18T18:11:36-07:00</time>
      </trkpt>
      <trkpt lat="36.770049165934324" lon="-118.34907568059862">
        <time>2005-06-18T18:11:37-07:00</time>
      </trkpt>
      <trkpt lat="36.77005084231496" lon="-118.34907568059862">
        <time>2005-06-18T18:11:43-07:00</time>
      </trkpt>
      <trkpt lat="36.77004405297339" lon="-118.3490745909512">
        <time>2005-06-18T18:11:46-07:00</time>
      </trkpt>
      <trkpt lat="36.7700295522809" lon="-118.34909512661397">
        <time>2005-06-18T18:11:51-07:00</time>
      </trkpt>
      <trkpt lat="36.77002946846187" lon="-118.34909001365304">
        <time>2005-06-18T18:11:53-07:00</time>
      </trkpt>
      <trkpt lat="36.77004849538207" lon="-118.34908733144403">
        <time>2005-06-18T18:11:58-07:00</time>
      </trkpt>
      <trkpt lat="36.77003952674568" lon="-118.34910334087908">
        <time>2005-06-18T18:12:08-07:00</time>
      </trkpt>
      <trkpt lat="36.770032569766045" lon="-118.34910216741264">
        <time>2005-06-18T18:12:15-07:00</time>
      </trkpt>
      <trkpt lat="36.770033575594425" lon="-118.3491025865078">
        <time>2005-06-18T18:12:25-07:00</time>
      </trkpt>
      <trkpt lat="36.770034581422806" lon="-118.34910300560296">
        <time>2005-06-18T18:12:36-07:00</time>
      </trkpt>
      <trkpt lat="36.770031647756696" lon="-118.34910283796489">
        <time>2005-06-18T18:12:50-07:00</time>
      </trkpt>
      <trkpt lat="36.770038437098265" lon="-118.34909663535655">
        <time>2005-06-18T18:12:52-07:00</time>
      </trkpt>
      <trkpt lat="36.770038437098265" lon="-118.34909663535655">
        <time>2005-06-18T18:12:53-07:00</time>
      </trkpt>
      <trkpt lat="36.770030139014125" lon="-118.34910409525037">
        <time>2005-06-18T18:13:01-07:00</time>
      </trkpt>
      <trkpt lat="36.77002142183483" lon="-118.34910342469811">
        <time>2005-06-18T18:13:12-07:00</time>
      </trkpt>
      <trkpt lat="36.77002142183483" lon="-118.34910342469811">
        <time>2005-06-18T18:13:13-07:00</time>
      </trkpt>
      <trkpt lat="36.77002142183483" lon="-118.34910342469811">
        <time>2005-06-18T18:13:17-07:00</time>
      </trkpt>
      <trkpt lat="36.77002142183483" lon="-118.34910342469811">
        <time>2005-06-18T18:13:28-07:00</time>
      </trkpt>
      <trkpt lat="36.770027708262205" lon="-118.34911180660129">
        <time>2005-06-18T18:13:33-07:00</time>
      </trkpt>
      <trkpt lat="36.770049165934324" lon="-118.34911541081965">
        <time>2005-06-18T18:13:36-07:00</time>
      </trkpt>
      <trkpt lat="36.77005335688591" lon="-118.34911675192416">
        <time>2005-06-18T18:13:38-07:00</time>
      </trkpt>
      <trkpt lat="36.77005033940077" lon="-118.34911591373384">
        <time>2005-06-18T18:13:46-07:00</time>
      </trkpt>
      <trkpt lat="36.77004715427756" lon="-118.34911339916289">
        <time>2005-06-18T18:13:50-07:00</time>
      </trkpt>
      <trkpt lat="36.77004019729793" lon="-118.34911298006773">
        <time>2005-06-18T18:13:55-07:00</time>
      </trkpt>
      <trkpt lat="36.770058888942" lon="-118.34911465644836">
        <time>2005-06-18T18:13:56-07:00</time>
      </trkpt>
      <trkpt lat="36.77005637437105" lon="-118.34911155514419">
        <time>2005-06-18T18:13:59-07:00</time>
      </trkpt>
      <trkpt lat="36.77004111930728" lon="-118.3491073641926">
        <time>2005-06-18T18:14:10-07:00</time>
      </trkpt>
      <trkpt lat="36.770032653585076" lon="-118.34910367615521">
        <time>2005-06-18T18:14:22-07:00</time>
      </trkpt>
      <trkpt lat="36.77003365941346" lon="-118.34910342469811">
        <time>2005-06-18T18:14:27-07:00</time>
      </trkpt>
      <trkpt lat="36.7700366768986" lon="-118.34910493344069">
        <time>2005-06-18T18:14:33-07:00</time>
      </trkpt>
      <trkpt lat="36.77003709599376" lon="-118.34910560399294">
        <time>2005-06-18T18:14:35-07:00</time>
      </trkpt>
      <trkpt lat="36.77003474906087" lon="-118.34910669364035">
        <time>2005-06-18T18:14:36-07:00</time>
      </trkpt>
      <trkpt lat="36.77002142183483" lon="-118.34910342469811">
        <time>2005-06-18T18:14:39-07:00</time>
      </trkpt>
      <trkpt lat="36.77002142183483" lon="-118.34910342469811">
        <time>2005-06-18T18:14:40-07:00</time>
      </trkpt>
      <trkpt lat="36.77002242766321" lon="-118.34910904057324">
        <time>2005-06-18T18:14:44-07:00</time>
      </trkpt>
      <trkpt lat="36.77002762444317" lon="-118.34908867254853">
        <time>2005-06-18T18:14:52-07:00</time>
      </trkpt>
      <trkpt lat="36.77003952674568" lon="-118.34908054210246">
        <time>2005-06-18T18:14:54-07:00</time>
      </trkpt>
      <trkpt lat="36.77004346624017" lon="-118.34908523596823">
        <time>2005-06-18T18:15:02-07:00</time>
      </trkpt>
      <trkpt lat="36.770033575594425" lon="-118.34909236058593">
        <time>2005-06-18T18:15:10-07:00</time>
      </trkpt>
      <trkpt lat="36.77003474906087" lon="-118.34909822791815">
        <time>2005-06-18T18:15:15-07:00</time>
      </trkpt>
      <trkpt lat="36.77003474906087" lon="-118.34909822791815">
        <time>2005-06-18T18:15:22-07:00</time>
      </trkpt>
      <trkpt lat="36.77005142904818" lon="-118.34909713827074">
        <time>2005-06-18T18:15:25-07:00</time>
      </trkpt>
      <trkpt lat="36.77005142904818" lon="-118.34909713827074">
        <time>2005-06-18T18:15:33-07:00</time>
      </trkpt>
      <trkpt lat="36.77005142904818" lon="-118.34909713827074">
        <time>2005-06-18T18:15:37-07:00</time>
      </trkpt>
      <trkpt lat="36.77005092613399" lon="-118.34909856319427">
        <time>2005-06-18T18:15:49-07:00</time>
      </trkpt>
      <trkpt lat="36.77004447206855" lon="-118.34910065867007">
        <time>2005-06-18T18:16:05-07:00</time>
      </trkpt>
      <trkpt lat="36.77003181539476" lon="-118.34910409525037">
        <time>2005-06-18T18:16:09-07:00</time>
      </trkpt>
      <trkpt lat="36.77002930082381" lon="-118.34910124540329">
        <time>2005-06-18T18:16:11-07:00</time>
      </trkpt>
      <trkpt lat="36.770033072680235" lon="-118.34909873083234">
        <time>2005-06-18T18:16:13-07:00</time>
      </trkpt>
      <trkpt lat="36.77003382705152" lon="-118.34909814409912">
        <time>2005-06-18T18:16:17-07:00</time>
      </trkpt>
      <trkpt lat="36.77003382705152" lon="-118.34909814409912">
        <time>2005-06-18T18:16:21-07:00</time>
      </trkpt>
      <trkpt lat="36.77003382705152" lon="-118.34909814409912">
        <time>2005-06-18T18:16:24-07:00</time>
      </trkpt>
      <trkpt lat="36.77003382705152" lon="-118.34909814409912">
        <time>2005-06-18T18:16:27-07:00</time>
      </trkpt>
      <trkpt lat="36.77003382705152" lon="-118.34909814409912">
        <time>2005-06-18T18:16:33-07:00</time>
      </trkpt>
      <trkpt lat="36.77001681178808" lon="-118.34909906610847">
        <time>2005-06-18T18:16:43-07:00</time>
      </trkpt>
      <trkpt lat="36.77001069299877" lon="-118.3490954618901">
        <time>2005-06-18T18:16:45-07:00</time>
      </trkpt>
      <trkpt lat="36.77001723088324" lon="-118.349095210433">
        <time>2005-06-18T18:16:49-07:00</time>
      </trkpt>
      <trkpt lat="36.77000096999109" lon="-118.34908565506339">
        <time>2005-06-18T18:16:58-07:00</time>
      </trkpt>
      <trkpt lat="36.770035587251186" lon="-118.34907685406506">
        <time>2005-06-18T18:17:00-07:00</time>
      </trkpt>
      <trkpt lat="36.77003927528858" lon="-118.34907249547541">
        <time>2005-06-18T18:17:05-07:00</time>
      </trkpt>
      <trkpt lat="36.7700504232198" lon="-118.34907291457057">
        <time>2005-06-18T18:17:09-07:00</time>
      </trkpt>
      <trkpt lat="36.770057547837496" lon="-118.34907174110413">
        <time>2005-06-18T18:17:18-07:00</time>
      </trkpt>
      <trkpt lat="36.77006215788424" lon="-118.34907308220863">
        <time>2005-06-18T18:17:21-07:00</time>
      </trkpt>
      <trkpt lat="36.77007716149092" lon="-118.34907710552216">
        <time>2005-06-18T18:17:29-07:00</time>
      </trkpt>
      <trkpt lat="36.77007255144417" lon="-118.34908322431147">
        <time>2005-06-18T18:17:32-07:00</time>
      </trkpt>
      <trkpt lat="36.77006199024618" lon="-118.34908959455788">
        <time>2005-06-18T18:17:34-07:00</time>
      </trkpt>
      <trkpt lat="36.770061487331986" lon="-118.34908875636756">
        <time>2005-06-18T18:17:40-07:00</time>
      </trkpt>
      <trkpt lat="36.77006157115102" lon="-118.34907945245504">
        <time>2005-06-18T18:17:46-07:00</time>
      </trkpt>
      <trkpt lat="36.77006081677973" lon="-118.34906654432416">
        <time>2005-06-18T18:17:51-07:00</time>
      </trkpt>
      <trkpt lat="36.77003818564117" lon="-118.34902840666473">
        <time>2005-06-18T18:17:52-07:00</time>
      </trkpt>
      <trkpt lat="36.770027708262205" lon="-118.34904802031815">
        <time>2005-06-18T18:17:56-07:00</time>
      </trkpt>
      <trkpt lat="36.770032150670886" lon="-118.3490595035255">
        <time>2005-06-18T18:17:58-07:00</time>
      </trkpt>
      <trkpt lat="36.77003432996571" lon="-118.34906595759094">
        <time>2005-06-18T18:18:13-07:00</time>
      </trkpt>
      <trkpt lat="36.77005662582815" lon="-118.34905774332583">
        <time>2005-06-18T18:18:21-07:00</time>
      </trkpt>
      <trkpt lat="36.77005670964718" lon="-118.3490576595068">
        <time>2005-06-18T18:18:25-07:00</time>
      </trkpt>
      <trkpt lat="36.7700572963804" lon="-118.34905816242099">
        <time>2005-06-18T18:18:29-07:00</time>
      </trkpt>
      <trkpt lat="36.77004799246788" lon="-118.34905539639294">
        <time>2005-06-18T18:18:49-07:00</time>
      </trkpt>
      <trkpt lat="36.77003072574735" lon="-118.349055564031">
        <time>2005-06-18T18:18:50-07:00</time>
      </trkpt>
      <trkpt lat="36.770040867850184" lon="-118.34906310774386">
        <time>2005-06-18T18:18:52-07:00</time>
      </trkpt>
      <trkpt lat="36.77005084231496" lon="-118.34906905889511">
        <time>2005-06-18T18:19:00-07:00</time>
      </trkpt>
      <trkpt lat="36.770074060186744" lon="-118.34908129647374">
        <time>2005-06-18T18:19:05-07:00</time>
      </trkpt>
      <trkpt lat="36.77007003687322" lon="-118.34907794371247">
        <time>2005-06-18T18:19:15-07:00</time>
      </trkpt>
      <trkpt lat="36.77003374323249" lon="-118.34903636947274">
        <time>2005-06-18T18:19:19-07:00</time>
      </trkpt>
      <trkpt lat="36.770029217004776" lon="-118.34902455098927">
        <time>2005-06-18T18:19:27-07:00</time>
      </trkpt>
      <trkpt lat="36.77004505880177" lon="-118.3490473497659">
        <time>2005-06-18T18:19:31-07:00</time>
      </trkpt>
      <trkpt lat="36.770054614171386" lon="-118.3490849006921">
        <time>2005-06-18T18:19:47-07:00</time>
      </trkpt>
      <trkpt lat="36.77006014622748" lon="-118.34907517768443">
        <time>2005-06-18T18:19:51-07:00</time>
      </trkpt>
      <trkpt lat="36.77006559446454" lon="-118.3490613475442">
        <time>2005-06-18T18:20:00-07:00</time>
      </trkpt>
      <trkpt lat="36.77006542682648" lon="-118.3490592520684">
        <time>2005-06-18T18:20:08-07:00</time>
      </trkpt>
      <trkpt lat="36.77006366662681" lon="-118.3490595035255">
        <time>2005-06-18T18:20:13-07:00</time>
      </trkpt>
      <trkpt lat="36.77005344070494" lon="-118.34907425567508">
        <time>2005-06-18T18:20:17-07:00</time>
      </trkpt>
      <trkpt lat="36.77005126141012" lon="-118.34908842109144">
        <time>2005-06-18T18:20:19-07:00</time>
      </trkpt>
      <trkpt lat="36.77003181539476" lon="-118.34909688681364">
        <time>2005-06-18T18:20:20-07:00</time>
      </trkpt>
      <trkpt lat="36.770033575594425" lon="-118.34909579716623">
        <time>2005-06-18T18:20:30-07:00</time>
      </trkpt>
      <trkpt lat="36.77002829499543" lon="-118.34910526871681">
        <time>2005-06-18T18:20:34-07:00</time>
      </trkpt>
      <trkpt lat="36.77002309821546" lon="-118.34910694509745">
        <time>2005-06-18T18:20:46-07:00</time>
      </trkpt>
      <trkpt lat="36.77000725641847" lon="-118.3491131477058">
        <time>2005-06-18T18:20:54-07:00</time>
      </trkpt>
      <trkpt lat="36.77000742405653" lon="-118.34911390207708">
        <time>2005-06-18T18:20:59-07:00</time>
      </trkpt>
      <trkpt lat="36.770009184256196" lon="-118.34911432117224">
        <time>2005-06-18T18:21:01-07:00</time>
      </trkpt>
      <trkpt lat="36.77001714706421" lon="-118.34911507554352">
        <time>2005-06-18T18:21:07-07:00</time>
      </trkpt>
      <trkpt lat="36.77002402022481" lon="-118.34911432117224">
        <time>2005-06-18T18:21:09-07:00</time>
      </trkpt>
      <trkpt lat="36.77002460695803" lon="-118.34911180660129">
        <time>2005-06-18T18:21:10-07:00</time>
      </trkpt>
      <trkpt lat="36.77001823671162" lon="-118.3490885887295">
        <time>2005-06-18T18:21:12-07:00</time>
      </trkpt>
      <trkpt lat="36.770027205348015" lon="-118.34906143136322">
        <time>2005-06-18T18:21:17-07:00</time>
      </trkpt>
      <trkpt lat="36.77003030665219" lon="-118.34904843941331">
        <time>2005-06-18T18:21:20-07:00</time>
      </trkpt>
      <trkpt lat="36.77002703770995" lon="-118.3490331005305">
        <time>2005-06-18T18:21:30-07:00</time>
      </trkpt>
      <trkpt lat="36.770025696605444" lon="-118.34902798756957">
        <time>2005-06-18T18:21:38-07:00</time>
      </trkpt>
      <trkpt lat="36.77000792697072" lon="-118.349071405828">
        <time>2005-06-18T18:21:40-07:00</time>
      </trkpt>
      <trkpt lat="36.76999426446855" lon="-118.34905179217458">
        <time>2005-06-18T18:21:47-07:00</time>
      </trkpt>
      <trkpt lat="36.76999912597239" lon="-118.34905506111681">
        <time>2005-06-18T18:21:48-07:00</time>
      </trkpt>
      <trkpt lat="36.769989151507616" lon="-118.34903905168176">
        <time>2005-06-18T18:21:54-07:00</time>
      </trkpt>
      <trkpt lat="36.77001035772264" lon="-118.34904399700463">
        <time>2005-06-18T18:22:03-07:00</time>
      </trkpt>
      <trkpt lat="36.770012537017465" lon="-118.3490560669452">
        <time>2005-06-18T18:22:06-07:00</time>
      </trkpt>
      <trkpt lat="36.77002049982548" lon="-118.34905623458326">
        <time>2005-06-18T18:22:14-07:00</time>
      </trkpt>
      <trkpt lat="36.77001278847456" lon="-118.34905656985939">
        <time>2005-06-18T18:22:24-07:00</time>
      </trkpt>
      <trkpt lat="36.770028127357364" lon="-118.34907065145671">
        <time>2005-06-18T18:22:34-07:00</time>
      </trkpt>
      <trkpt lat="36.77003592252731" lon="-118.3490761835128">
        <time>2005-06-18T18:22:42-07:00</time>
      </trkpt>
      <trkpt lat="36.770037012174726" lon="-118.34907861426473">
        <time>2005-06-18T18:22:52-07:00</time>
      </trkpt>
      <trkpt lat="36.770029719918966" lon="-118.34907148964703">
        <time>2005-06-18T18:23:03-07:00</time>
      </trkpt>
      <trkpt lat="36.770028127357364" lon="-118.34907148964703">
        <time>2005-06-18T18:23:06-07:00</time>
      </trkpt>
      <trkpt lat="36.770029636099935" lon="-118.34907257929444">
        <time>2005-06-18T18:23:14-07:00</time>
      </trkpt>
      <trkpt lat="36.770027708262205" lon="-118.34907241165638">
        <time>2005-06-18T18:23:26-07:00</time>
      </trkpt>
      <trkpt lat="36.77002787590027" lon="-118.34907090291381">
        <time>2005-06-18T18:23:30-07:00</time>
      </trkpt>
      <trkpt lat="36.77002745680511" lon="-118.3490693103522">
        <time>2005-06-18T18:23:32-07:00</time>
      </trkpt>
      <trkpt lat="36.770028630271554" lon="-118.34906662814319">
        <time>2005-06-18T18:23:35-07:00</time>
      </trkpt>
      <trkpt lat="36.77003441378474" lon="-118.34906746633351">
        <time>2005-06-18T18:23:37-07:00</time>
      </trkpt>
      <trkpt lat="36.77005092613399" lon="-118.34906746633351">
        <time>2005-06-18T18:23:39-07:00</time>
      </trkpt>
      <trkpt lat="36.770055033266544" lon="-118.34908825345337">
        <time>2005-06-18T18:23:42-07:00</time>
      </trkpt>
      <trkpt lat="36.77002158947289" lon="-118.34911557845771">
        <time>2005-06-18T18:23:45-07:00</time>
      </trkpt>
      <trkpt lat="36.77003466524184" lon="-118.34911683574319">
        <time>2005-06-18T18:23:50-07:00</time>
      </trkpt>
      <trkpt lat="36.77003567107022" lon="-118.3491144888103">
        <time>2005-06-18T18:24:00-07:00</time>
      </trkpt>
      <trkpt lat="36.77004153840244" lon="-118.34910459816456">
        <time>2005-06-18T18:24:12-07:00</time>
      </trkpt>
      <trkpt lat="36.77004262804985" lon="-118.34910568781197">
        <time>2005-06-18T18:24:18-07:00</time>
      </trkpt>
      <trkpt lat="36.77002460695803" lon="-118.3491165842861">
        <time>2005-06-18T18:24:21-07:00</time>
      </trkpt>
      <trkpt lat="36.77002301439643" lon="-118.34911406971514">
        <time>2005-06-18T18:24:26-07:00</time>
      </trkpt>
      <trkpt lat="36.77003231830895" lon="-118.34910593926907">
        <time>2005-06-18T18:24:30-07:00</time>
      </trkpt>
      <trkpt lat="36.77003567107022" lon="-118.34910837002099">
        <time>2005-06-18T18:24:37-07:00</time>
      </trkpt>
      <trkpt lat="36.77004271186888" lon="-118.34910350851715">
        <time>2005-06-18T18:24:41-07:00</time>
      </trkpt>
      <trkpt lat="36.77003877237439" lon="-118.34910937584937">
        <time>2005-06-18T18:24:44-07:00</time>
      </trkpt>
      <trkpt lat="36.7700382694602" lon="-118.34909671917558">
        <time>2005-06-18T18:24:47-07:00</time>
      </trkpt>
      <trkpt lat="36.77004061639309" lon="-118.34909537807107">
        <time>2005-06-18T18:24:52-07:00</time>
      </trkpt>
      <trkpt lat="36.77003709599376" lon="-118.3490938693285">
        <time>2005-06-18T18:24:55-07:00</time>
      </trkpt>
      <trkpt lat="36.770022343844175" lon="-118.34910493344069">
        <time>2005-06-18T18:24:59-07:00</time>
      </trkpt>
      <trkpt lat="36.77002502605319" lon="-118.34912513382733">
        <time>2005-06-18T18:25:07-07:00</time>
      </trkpt>
      <trkpt lat="36.77002351731062" lon="-118.34913259372115">
        <time>2005-06-18T18:25:11-07:00</time>
      </trkpt>
      <trkpt lat="36.77002301439643" lon="-118.34912370890379">
        <time>2005-06-18T18:25:16-07:00</time>
      </trkpt>
      <trkpt lat="36.77002653479576" lon="-118.34911859594285">
        <time>2005-06-18T18:25:19-07:00</time>
      </trkpt>
      <trkpt lat="36.77002997137606" lon="-118.34911809302866">
        <time>2005-06-18T18:25:21-07:00</time>
      </trkpt>
      <trkpt lat="36.77003198303282" lon="-118.34911599755287">
        <time>2005-06-18T18:25:26-07:00</time>
      </trkpt>
      <trkpt lat="36.7700194939971" lon="-118.34913242608309">
        <time>2005-06-18T18:25:30-07:00</time>
      </trkpt>
      <trkpt lat="36.770022762939334" lon="-118.34912513382733">
        <time>2005-06-18T18:25:39-07:00</time>
      </trkpt>
      <trkpt lat="36.77002125419676" lon="-118.34913200698793">
        <time>2005-06-18T18:25:41-07:00</time>
      </trkpt>
      <trkpt lat="36.770023768767715" lon="-118.3491263911128">
        <time>2005-06-18T18:25:46-07:00</time>
      </trkpt>
      <trkpt lat="36.770011531189084" lon="-118.34913418628275">
        <time>2005-06-18T18:25:48-07:00</time>
      </trkpt>
      <trkpt lat="36.770015973597765" lon="-118.34912328980863">
        <time>2005-06-18T18:25:52-07:00</time>
      </trkpt>
      <trkpt lat="36.770026786252856" lon="-118.34910711273551">
        <time>2005-06-18T18:25:54-07:00</time>
      </trkpt>
      <trkpt lat="36.770026786252856" lon="-118.34910711273551">
        <time>2005-06-18T18:25:56-07:00</time>
      </trkpt>
      <trkpt lat="36.770026786252856" lon="-118.34910711273551">
        <time>2005-06-18T18:25:59-07:00</time>
      </trkpt>
      <trkpt lat="36.770026786252856" lon="-118.34910711273551">
        <time>2005-06-18T18:26:10-07:00</time>
      </trkpt>
      <trkpt lat="36.770035587251186" lon="-118.34909822791815">
        <time>2005-06-18T18:26:11-07:00</time>
      </trkpt>
      <trkpt lat="36.77005645819008" lon="-118.34908104501665">
        <time>2005-06-18T18:26:12-07:00</time>
      </trkpt>
      <trkpt lat="36.770057547837496" lon="-118.3490801230073">
        <time>2005-06-18T18:26:13-07:00</time>
      </trkpt>
      <trkpt lat="36.770058469846845" lon="-118.34907970391214">
        <time>2005-06-18T18:26:20-07:00</time>
      </trkpt>
      <trkpt lat="36.77005779929459" lon="-118.34909328259528">
        <time>2005-06-18T18:26:32-07:00</time>
      </trkpt>
      <trkpt lat="36.770058553665876" lon="-118.34909697063267">
        <time>2005-06-18T18:26:33-07:00</time>
      </trkpt>
      <trkpt lat="36.770054530352354" lon="-118.34910895675421">
        <time>2005-06-18T18:26:34-07:00</time>
      </trkpt>
      <trkpt lat="36.77007179707289" lon="-118.34909487515688">
        <time>2005-06-18T18:26:40-07:00</time>
      </trkpt>
      <trkpt lat="36.77006559446454" lon="-118.34909722208977">
        <time>2005-06-18T18:26:42-07:00</time>
      </trkpt>
      <trkpt lat="36.7700625769794" lon="-118.34909529425204">
        <time>2005-06-18T18:26:46-07:00</time>
      </trkpt>
      <trkpt lat="36.77005344070494" lon="-118.3490883372724">
        <time>2005-06-18T18:26:58-07:00</time>
      </trkpt>
      <trkpt lat="36.77005344070494" lon="-118.3490883372724">
        <time>2005-06-18T18:27:03-07:00</time>
      </trkpt>
      <trkpt lat="36.77005344070494" lon="-118.3490883372724">
        <time>2005-06-18T18:27:04-07:00</time>
      </trkpt>
      <trkpt lat="36.77005344070494" lon="-118.3490883372724">
        <time>2005-06-18T18:27:12-07:00</time>
      </trkpt>
      <trkpt lat="36.77005344070494" lon="-118.3490883372724">
        <time>2005-06-18T18:27:13-07:00</time>
      </trkpt>
      <trkpt lat="36.77005344070494" lon="-118.3490883372724">
        <time>2005-06-18T18:27:18-07:00</time>
      </trkpt>
      <trkpt lat="36.77005344070494" lon="-118.3490883372724">
        <time>2005-06-18T18:27:20-07:00</time>
      </trkpt>
      <trkpt lat="36.77005344070494" lon="-118.3490883372724">
        <time>2005-06-18T18:27:21-07:00</time>
      </trkpt>
      <trkpt lat="36.77005344070494" lon="-118.3490883372724">
        <time>2005-06-18T18:27:28-07:00</time>
      </trkpt>
      <trkpt lat="36.77005344070494" lon="-118.3490883372724">
        <time>2005-06-18T18:27:36-07:00</time>
      </trkpt>
      <trkpt lat="36.770035503432155" lon="-118.34909956902266">
        <time>2005-06-18T18:27:53-07:00</time>
      </trkpt>
      <trkpt lat="36.77002251148224" lon="-118.34909671917558">
        <time>2005-06-18T18:27:55-07:00</time>
      </trkpt>
      <trkpt lat="36.76999585703015" lon="-118.34910367615521">
        <time>2005-06-18T18:27:59-07:00</time>
      </trkpt>
      <trkpt lat="36.76999434828758" lon="-118.34910216741264">
        <time>2005-06-18T18:28:10-07:00</time>
      </trkpt>
      <trkpt lat="36.76999812014401" lon="-118.34909923374653">
        <time>2005-06-18T18:28:20-07:00</time>
      </trkpt>
      <trkpt lat="36.77000214345753" lon="-118.34909881465137">
        <time>2005-06-18T18:28:29-07:00</time>
      </trkpt>
      <trkpt lat="36.770002311095595" lon="-118.349100491032">
        <time>2005-06-18T18:28:30-07:00</time>
      </trkpt>
      <trkpt lat="36.77000189200044" lon="-118.34910116158426">
        <time>2005-06-18T18:28:34-07:00</time>
      </trkpt>
      <trkpt lat="36.7700020596385" lon="-118.34910325706005">
        <time>2005-06-18T18:28:37-07:00</time>
      </trkpt>
      <trkpt lat="36.77002309821546" lon="-118.34910904057324">
        <time>2005-06-18T18:28:44-07:00</time>
      </trkpt>
      <trkpt lat="36.77002309821546" lon="-118.34910904057324">
        <time>2005-06-18T18:28:45-07:00</time>
      </trkpt>
      <trkpt lat="36.77002309821546" lon="-118.34910904057324">
        <time>2005-06-18T18:28:49-07:00</time>
      </trkpt>
      <trkpt lat="36.77002309821546" lon="-118.34910904057324">
        <time>2005-06-18T18:29:01-07:00</time>
      </trkpt>
      <trkpt lat="36.77002309821546" lon="-118.34910904057324">
        <time>2005-06-18T18:29:04-07:00</time>
      </trkpt>
      <trkpt lat="36.77002309821546" lon="-118.34910904057324">
        <time>2005-06-18T18:29:05-07:00</time>
      </trkpt>
      <trkpt lat="36.77003089338541" lon="-118.3490849006921">
        <time>2005-06-18T18:29:07-07:00</time>
      </trkpt>
      <trkpt lat="36.770030641928315" lon="-118.34907257929444">
        <time>2005-06-18T18:29:13-07:00</time>
      </trkpt>
      <trkpt lat="36.77005277015269" lon="-118.34907769225538">
        <time>2005-06-18T18:29:14-07:00</time>
      </trkpt>
      <trkpt lat="36.770057044923306" lon="-118.34908154793084">
        <time>2005-06-18T18:29:20-07:00</time>
      </trkpt>
      <trkpt lat="36.77005771547556" lon="-118.34909060038626">
        <time>2005-06-18T18:29:27-07:00</time>
      </trkpt>
      <trkpt lat="36.770057464018464" lon="-118.34908984601498">
        <time>2005-06-18T18:29:33-07:00</time>
      </trkpt>
      <trkpt lat="36.77003541961312" lon="-118.34908967837691">
        <time>2005-06-18T18:29:39-07:00</time>
      </trkpt>
      <trkpt lat="36.7700348328799" lon="-118.34908029064536">
        <time>2005-06-18T18:29:44-07:00</time>
      </trkpt>
      <trkpt lat="36.77002754062414" lon="-118.34907576441765">
        <time>2005-06-18T18:29:45-07:00</time>
      </trkpt>
      <trkpt lat="36.77003072574735" lon="-118.34907727316022">
        <time>2005-06-18T18:29:56-07:00</time>
      </trkpt>
      <trkpt lat="36.77003516815603" lon="-118.3490867447108">
        <time>2005-06-18T18:29:58-07:00</time>
      </trkpt>
      <trkpt lat="36.77003181539476" lon="-118.34909127093852">
        <time>2005-06-18T18:30:04-07:00</time>
      </trkpt>
      <trkpt lat="36.77002879790962" lon="-118.34909127093852">
        <time>2005-06-18T18:30:10-07:00</time>
      </trkpt>
      <trkpt lat="36.77002904936671" lon="-118.34908917546272">
        <time>2005-06-18T18:30:14-07:00</time>
      </trkpt>
      <trkpt lat="36.77003080956638" lon="-118.34909504279494">
        <time>2005-06-18T18:30:16-07:00</time>
      </trkpt>
      <trkpt lat="36.77003072574735" lon="-118.34909319877625">
        <time>2005-06-18T18:30:24-07:00</time>
      </trkpt>
      <trkpt lat="36.77002594806254" lon="-118.34908892400563">
        <time>2005-06-18T18:30:25-07:00</time>
      </trkpt>
      <trkpt lat="36.770031563937664" lon="-118.34909554570913">
        <time>2005-06-18T18:30:32-07:00</time>
      </trkpt>
      <trkpt lat="36.77003541961312" lon="-118.34908967837691">
        <time>2005-06-18T18:30:36-07:00</time>
      </trkpt>
      <trkpt lat="36.7700453940779" lon="-118.34908221848309">
        <time>2005-06-18T18:30:40-07:00</time>
      </trkpt>
      <trkpt lat="36.770052602514625" lon="-118.34908104501665">
        <time>2005-06-18T18:30:50-07:00</time>
      </trkpt>
      <trkpt lat="36.77005394361913" lon="-118.34908062592149">
        <time>2005-06-18T18:31:01-07:00</time>
      </trkpt>
      <trkpt lat="36.77006023004651" lon="-118.34908783435822">
        <time>2005-06-18T18:31:15-07:00</time>
      </trkpt>
      <trkpt lat="36.770062325522304" lon="-118.34909345023334">
        <time>2005-06-18T18:31:22-07:00</time>
      </trkpt>
      <trkpt lat="36.770049668848515" lon="-118.34908951073885">
        <time>2005-06-18T18:31:23-07:00</time>
      </trkpt>
      <trkpt lat="36.770045813173056" lon="-118.34908808581531">
        <time>2005-06-18T18:31:26-07:00</time>
      </trkpt>
      <trkpt lat="36.770046232268214" lon="-118.3490838110447">
        <time>2005-06-18T18:31:31-07:00</time>
      </trkpt>
      <trkpt lat="36.77004002965987" lon="-118.34908573888242">
        <time>2005-06-18T18:31:34-07:00</time>
      </trkpt>
      <trkpt lat="36.770041370764375" lon="-118.34908808581531">
        <time>2005-06-18T18:31:36-07:00</time>
      </trkpt>
      <trkpt lat="36.77003541961312" lon="-118.34908967837691">
        <time>2005-06-18T18:31:46-07:00</time>
      </trkpt>
      <trkpt lat="36.77003541961312" lon="-118.34908967837691">
        <time>2005-06-18T18:31:49-07:00</time>
      </trkpt>
      <trkpt lat="36.77003541961312" lon="-118.34908967837691">
        <time>2005-06-18T18:31:56-07:00</time>
      </trkpt>
      <trkpt lat="36.77003541961312" lon="-118.34908967837691">
        <time>2005-06-18T18:32:06-07:00</time>
      </trkpt>
      <trkpt lat="36.77003541961312" lon="-118.34908967837691">
        <time>2005-06-18T18:32:07-07:00</time>
      </trkpt>
      <trkpt lat="36.77003676071763" lon="-118.34908573888242">
        <time>2005-06-18T18:32:10-07:00</time>
      </trkpt>
      <trkpt lat="36.77003382705152" lon="-118.34907526150346">
        <time>2005-06-18T18:32:12-07:00</time>
      </trkpt>
      <trkpt lat="36.77003198303282" lon="-118.34907626733184">
        <time>2005-06-18T18:32:15-07:00</time>
      </trkpt>
      <trkpt lat="36.770022762939334" lon="-118.34906939417124">
        <time>2005-06-18T18:32:28-07:00</time>
      </trkpt>
      <trkpt lat="36.77001756615937" lon="-118.34908188320696">
        <time>2005-06-18T18:32:42-07:00</time>
      </trkpt>
      <trkpt lat="36.77001957781613" lon="-118.34907995536923">
        <time>2005-06-18T18:32:43-07:00</time>
      </trkpt>
      <trkpt lat="36.770019913092256" lon="-118.34907744079828">
        <time>2005-06-18T18:32:50-07:00</time>
      </trkpt>
      <trkpt lat="36.77002066746354" lon="-118.34907609969378">
        <time>2005-06-18T18:32:59-07:00</time>
      </trkpt>
      <trkpt lat="36.77002552896738" lon="-118.34907962009311">
        <time>2005-06-18T18:33:01-07:00</time>
      </trkpt>
      <trkpt lat="36.770026786252856" lon="-118.34908129647374">
        <time>2005-06-18T18:33:02-07:00</time>
      </trkpt>
      <trkpt lat="36.770037934184074" lon="-118.34908808581531">
        <time>2005-06-18T18:33:03-07:00</time>
      </trkpt>
      <trkpt lat="36.770040867850184" lon="-118.34909286350012">
        <time>2005-06-18T18:33:10-07:00</time>
      </trkpt>
      <trkpt lat="36.770038437098265" lon="-118.34909420460463">
        <time>2005-06-18T18:33:11-07:00</time>
      </trkpt>
      <trkpt lat="36.77003877237439" lon="-118.3490941207856">
        <time>2005-06-18T18:33:22-07:00</time>
      </trkpt>
      <trkpt lat="36.7700417060405" lon="-118.34908816963434">
        <time>2005-06-18T18:33:32-07:00</time>
      </trkpt>
      <trkpt lat="36.770040951669216" lon="-118.34908825345337">
        <time>2005-06-18T18:33:43-07:00</time>
      </trkpt>
      <trkpt lat="36.77003609016538" lon="-118.34909051656723">
        <time>2005-06-18T18:33:45-07:00</time>
      </trkpt>
      <trkpt lat="36.77003634162247" lon="-118.34908951073885">
        <time>2005-06-18T18:33:49-07:00</time>
      </trkpt>
      <trkpt lat="36.77004396915436" lon="-118.3490938693285">
        <time>2005-06-18T18:33:50-07:00</time>
      </trkpt>
      <trkpt lat="36.770049249753356" lon="-118.34909403696656">
        <time>2005-06-18T18:33:51-07:00</time>
      </trkpt>
      <trkpt lat="36.77004505880177" lon="-118.34909118711948">
        <time>2005-06-18T18:33:56-07:00</time>
      </trkpt>
      <trkpt lat="36.770042376592755" lon="-118.349087247625">
        <time>2005-06-18T18:34:01-07:00</time>
      </trkpt>
      <trkpt lat="36.77004078403115" lon="-118.34908506833017">
        <time>2005-06-18T18:34:07-07:00</time>
      </trkpt>
      <trkpt lat="36.770046232268214" lon="-118.34908255375922">
        <time>2005-06-18T18:34:11-07:00</time>
      </trkpt>
      <trkpt lat="36.770057547837496" lon="-118.34905690513551">
        <time>2005-06-18T18:34:12-07:00</time>
      </trkpt>
      <trkpt lat="36.77005142904818" lon="-118.3490336034447">
        <time>2005-06-18T18:34:13-07:00</time>
      </trkpt>
      <trkpt lat="36.770062912255526" lon="-118.3490161690861">
        <time>2005-06-18T18:34:15-07:00</time>
      </trkpt>
      <trkpt lat="36.77006559446454" lon="-118.34901105612516">
        <time>2005-06-18T18:34:22-07:00</time>
      </trkpt>
      <trkpt lat="36.770065259188414" lon="-118.34901524707675">
        <time>2005-06-18T18:34:25-07:00</time>
      </trkpt>
      <trkpt lat="36.77005905658007" lon="-118.34904718212783">
        <time>2005-06-18T18:34:31-07:00</time>
      </trkpt>
      <trkpt lat="36.77004363387823" lon="-118.34906746633351">
        <time>2005-06-18T18:34:34-07:00</time>
      </trkpt>
      <trkpt lat="36.77004070021212" lon="-118.34906855598092">
        <time>2005-06-18T18:34:36-07:00</time>
      </trkpt>
      <trkpt lat="36.77004070021212" lon="-118.34906855598092">
        <time>2005-06-18T18:34:41-07:00</time>
      </trkpt>
      <trkpt lat="36.77004070021212" lon="-118.34906855598092">
        <time>2005-06-18T18:34:49-07:00</time>
      </trkpt>
      <trkpt lat="36.77004070021212" lon="-118.34906855598092">
        <time>2005-06-18T18:35:02-07:00</time>
      </trkpt>
      <trkpt lat="36.77004740573466" lon="-118.34905330091715">
        <time>2005-06-18T18:35:06-07:00</time>
      </trkpt>
      <trkpt lat="36.77004748955369" lon="-118.34905187599361">
        <time>2005-06-18T18:35:07-07:00</time>
      </trkpt>
      <trkpt lat="36.77005436271429" lon="-118.34903745912015">
        <time>2005-06-18T18:35:10-07:00</time>
      </trkpt>
      <trkpt lat="36.7700538598001" lon="-118.34902170114219">
        <time>2005-06-18T18:35:30-07:00</time>
      </trkpt>
      <trkpt lat="36.77004111930728" lon="-118.34899362176657">
        <time>2005-06-18T18:35:37-07:00</time>
      </trkpt>
      <trkpt lat="36.770027205348015" lon="-118.34900259040296">
        <time>2005-06-18T18:35:40-07:00</time>
      </trkpt>
      <trkpt lat="36.77001773379743" lon="-118.34903427399695">
        <time>2005-06-18T18:35:42-07:00</time>
      </trkpt>
      <trkpt lat="36.77001907490194" lon="-118.34903988987207">
        <time>2005-06-18T18:35:47-07:00</time>
      </trkpt>
      <trkpt lat="36.77002024836838" lon="-118.34904609248042">
        <time>2005-06-18T18:35:59-07:00</time>
      </trkpt>
      <trkpt lat="36.77002645097673" lon="-118.34907174110413">
        <time>2005-06-18T18:36:07-07:00</time>
      </trkpt>
      <trkpt lat="36.770031563937664" lon="-118.34906964562833">
        <time>2005-06-18T18:36:08-07:00</time>
      </trkpt>
      <trkpt lat="36.77003525197506" lon="-118.34908741526306">
        <time>2005-06-18T18:36:09-07:00</time>
      </trkpt>
      <trkpt lat="36.770035084336996" lon="-118.34908154793084">
        <time>2005-06-18T18:36:19-07:00</time>
      </trkpt>
      <trkpt lat="36.77004111930728" lon="-118.34908372722566">
        <time>2005-06-18T18:36:25-07:00</time>
      </trkpt>
      <trkpt lat="36.77003575488925" lon="-118.34909026511014">
        <time>2005-06-18T18:36:32-07:00</time>
      </trkpt>
      <trkpt lat="36.77003575488925" lon="-118.34909026511014">
        <time>2005-06-18T18:36:37-07:00</time>
      </trkpt>
      <trkpt lat="36.77003575488925" lon="-118.34909026511014">
        <time>2005-06-18T18:36:42-07:00</time>
      </trkpt>
      <trkpt lat="36.77003575488925" lon="-118.34909026511014">
        <time>2005-06-18T18:36:49-07:00</time>
      </trkpt>
      <trkpt lat="36.77003290504217" lon="-118.34908297285438">
        <time>2005-06-18T18:36:56-07:00</time>
      </trkpt>
      <trkpt lat="36.7700522672385" lon="-118.34907811135054">
        <time>2005-06-18T18:36:59-07:00</time>
      </trkpt>
      <trkpt lat="36.77010138519108" lon="-118.34913468919694">
        <time>2005-06-18T18:37:12-07:00</time>
      </trkpt>
      <trkpt lat="36.770114377141" lon="-118.3491419814527">
        <time>2005-06-18T18:37:14-07:00</time>
      </trkpt>
      <trkpt lat="36.77015310153365" lon="-118.34915564395487">
        <time>2005-06-18T18:37:19-07:00</time>
      </trkpt>
      <trkpt lat="36.770173804834485" lon="-118.34916201420128">
        <time>2005-06-18T18:37:26-07:00</time>
      </trkpt>
      <trkpt lat="36.77018973045051" lon="-118.3491765987128">
        <time>2005-06-18T18:37:27-07:00</time>
      </trkpt>
      <trkpt lat="36.770161651074886" lon="-118.34918397478759">
        <time>2005-06-18T18:37:30-07:00</time>
      </trkpt>
      <trkpt lat="36.77011429332197" lon="-118.34919864311814">
        <time>2005-06-18T18:37:33-07:00</time>
      </trkpt>
      <trkpt lat="36.77007833495736" lon="-118.34920568391681">
        <time>2005-06-18T18:37:37-07:00</time>
      </trkpt>
      <trkpt lat="36.77006366662681" lon="-118.34920325316489">
        <time>2005-06-18T18:37:41-07:00</time>
      </trkpt>
      <trkpt lat="36.77005151286721" lon="-118.34920241497457">
        <time>2005-06-18T18:37:46-07:00</time>
      </trkpt>
      <trkpt lat="36.77004103548825" lon="-118.34920383989811">
        <time>2005-06-18T18:37:49-07:00</time>
      </trkpt>
      <trkpt lat="36.7700329888612" lon="-118.34920400753617">
        <time>2005-06-18T18:37:51-07:00</time>
      </trkpt>
      <trkpt lat="36.77002804353833" lon="-118.3492011576891">
        <time>2005-06-18T18:37:52-07:00</time>
      </trkpt>
      <trkpt lat="36.7699555400759" lon="-118.34921381436288">
        <time>2005-06-18T18:37:53-07:00</time>
      </trkpt>
      <trkpt lat="36.76991396583617" lon="-118.34925907664001">
        <time>2005-06-18T18:37:54-07:00</time>
      </trkpt>
      <trkpt lat="36.769910445436835" lon="-118.34926393814385">
        <time>2005-06-18T18:37:55-07:00</time>
      </trkpt>
      <trkpt lat="36.76987113431096" lon="-118.34928053431213">
        <time>2005-06-18T18:38:02-07:00</time>
      </trkpt>
      <trkpt lat="36.769861076027155" lon="-118.34928237833083">
        <time>2005-06-18T18:38:08-07:00</time>
      </trkpt>
      <trkpt lat="36.769846491515636" lon="-118.34928992204368">
        <time>2005-06-18T18:38:09-07:00</time>
      </trkpt>
      <trkpt lat="36.769861076027155" lon="-118.34928564727306">
        <time>2005-06-18T18:38:13-07:00</time>
      </trkpt>
      <trkpt lat="36.76988513208926" lon="-118.34930031560361">
        <time>2005-06-18T18:38:14-07:00</time>
      </trkpt>
      <trkpt lat="36.76990239880979" lon="-118.34928212687373">
        <time>2005-06-18T18:38:16-07:00</time>
      </trkpt>
      <trkpt lat="36.769922096282244" lon="-118.34926779381931">
        <time>2005-06-18T18:38:21-07:00</time>
      </trkpt>
      <trkpt lat="36.7699381057173" lon="-118.34927760064602">
        <time>2005-06-18T18:38:29-07:00</time>
      </trkpt>
      <trkpt lat="36.76996895112097" lon="-118.3492921013385">
        <time>2005-06-18T18:38:33-07:00</time>
      </trkpt>
      <trkpt lat="36.77004715427756" lon="-118.34933208301663">
        <time>2005-06-18T18:38:36-07:00</time>
      </trkpt>
      <trkpt lat="36.77005872130394" lon="-118.3493335917592">
        <time>2005-06-18T18:38:38-07:00</time>
      </trkpt>
      <trkpt lat="36.77011052146554" lon="-118.34935773164034">
        <time>2005-06-18T18:38:42-07:00</time>
      </trkpt>
      <trkpt lat="36.77015729248524" lon="-118.34936812520027">
        <time>2005-06-18T18:38:48-07:00</time>
      </trkpt>
      <trkpt lat="36.77022476680577" lon="-118.34934566169977">
        <time>2005-06-18T18:38:49-07:00</time>
      </trkpt>
      <trkpt lat="36.77028402686119" lon="-118.34934507496655">
        <time>2005-06-18T18:38:55-07:00</time>
      </trkpt>
      <trkpt lat="36.77028243429959" lon="-118.34935454651713">
        <time>2005-06-18T18:39:01-07:00</time>
      </trkpt>
      <trkpt lat="36.77027329802513" lon="-118.34936108440161">
        <time>2005-06-18T18:39:06-07:00</time>
      </trkpt>
      <trkpt lat="36.770247146487236" lon="-118.34936602972448">
        <time>2005-06-18T18:39:13-07:00</time>
      </trkpt>
      <trkpt lat="36.77023650147021" lon="-118.3493737410754">
        <time>2005-06-18T18:39:14-07:00</time>
      </trkpt>
      <trkpt lat="36.77018788643181" lon="-118.34944649599493">
        <time>2005-06-18T18:39:16-07:00</time>
      </trkpt>
      <trkpt lat="36.77018025889993" lon="-118.34945387206972">
        <time>2005-06-18T18:39:18-07:00</time>
      </trkpt>
      <trkpt lat="36.770144468173385" lon="-118.34948957897723">
        <time>2005-06-18T18:39:19-07:00</time>
      </trkpt>
      <trkpt lat="36.770135667175055" lon="-118.34949469193816">
        <time>2005-06-18T18:39:25-07:00</time>
      </trkpt>
      <trkpt lat="36.770085375756025" lon="-118.34952847100794">
        <time>2005-06-18T18:39:26-07:00</time>
      </trkpt>
      <trkpt lat="36.77006710320711" lon="-118.34953878074884">
        <time>2005-06-18T18:39:31-07:00</time>
      </trkpt>
      <trkpt lat="36.770021338015795" lon="-118.34957323037088">
        <time>2005-06-18T18:39:32-07:00</time>
      </trkpt>
      <trkpt lat="36.76996526308358" lon="-118.34962461143732">
        <time>2005-06-18T18:39:37-07:00</time>
      </trkpt>
      <trkpt lat="36.76995461806655" lon="-118.34963106550276">
        <time>2005-06-18T18:39:39-07:00</time>
      </trkpt>
      <trkpt lat="36.769893262535334" lon="-118.34966258145869">
        <time>2005-06-18T18:39:44-07:00</time>
      </trkpt>
      <trkpt lat="36.7698709666729" lon="-118.34967138245702">
        <time>2005-06-18T18:39:50-07:00</time>
      </trkpt>
      <trkpt lat="36.76980961114168" lon="-118.34968730807304">
        <time>2005-06-18T18:39:51-07:00</time>
      </trkpt>
      <trkpt lat="36.76980424672365" lon="-118.34970340132713">
        <time>2005-06-18T18:39:57-07:00</time>
      </trkpt>
      <trkpt lat="36.769806845113635" lon="-118.34971530362964">
        <time>2005-06-18T18:39:59-07:00</time>
      </trkpt>
      <trkpt lat="36.769820591434836" lon="-118.34973709657788">
        <time>2005-06-18T18:40:05-07:00</time>
      </trkpt>
      <trkpt lat="36.76987633109093" lon="-118.34975503385067">
        <time>2005-06-18T18:40:07-07:00</time>
      </trkpt>
      <trkpt lat="36.769902566447854" lon="-118.34975117817521">
        <time>2005-06-18T18:40:08-07:00</time>
      </trkpt>
      <trkpt lat="36.769963251426816" lon="-118.34974313154817">
        <time>2005-06-18T18:40:10-07:00</time>
      </trkpt>
      <trkpt lat="36.76998822949827" lon="-118.34973835386336">
        <time>2005-06-18T18:40:15-07:00</time>
      </trkpt>
      <trkpt lat="36.77008110098541" lon="-118.34973382763565">
        <time>2005-06-18T18:40:17-07:00</time>
      </trkpt>
      <trkpt lat="36.77013893611729" lon="-118.34972653537989">
        <time>2005-06-18T18:40:23-07:00</time>
      </trkpt>
      <trkpt lat="36.77019174210727" lon="-118.34973189979792">
        <time>2005-06-18T18:40:25-07:00</time>
      </trkpt>
      <trkpt lat="36.77020917646587" lon="-118.34972460754216">
        <time>2005-06-18T18:40:33-07:00</time>
      </trkpt>
      <trkpt lat="36.77025167271495" lon="-118.34972670301795">
        <time>2005-06-18T18:40:37-07:00</time>
      </trkpt>
      <trkpt lat="36.77026114426553" lon="-118.34972636774182">
        <time>2005-06-18T18:40:41-07:00</time>
      </trkpt>
      <trkpt lat="36.770299449563026" lon="-118.3497054129839">
        <time>2005-06-18T18:40:43-07:00</time>
      </trkpt>
      <trkpt lat="36.77031344734132" lon="-118.34969904273748">
        <time>2005-06-18T18:40:47-07:00</time>
      </trkpt>
      <trkpt lat="36.77031177096069" lon="-118.34971371106803">
        <time>2005-06-18T18:40:48-07:00</time>
      </trkpt>
      <trkpt lat="36.77030531689525" lon="-118.34972309879959">
        <time>2005-06-18T18:40:54-07:00</time>
      </trkpt>
      <trkpt lat="36.770287128165364" lon="-118.34973734803498">
        <time>2005-06-18T18:40:55-07:00</time>
      </trkpt>
      <trkpt lat="36.7702457215637" lon="-118.34979803301394">
        <time>2005-06-18T18:40:59-07:00</time>
      </trkpt>
      <trkpt lat="36.77023113705218" lon="-118.34983130916953">
        <time>2005-06-18T18:41:00-07:00</time>
      </trkpt>
      <trkpt lat="36.77019945345819" lon="-118.34987372159958">
        <time>2005-06-18T18:41:02-07:00</time>
      </trkpt>
      <trkpt lat="36.77018662914634" lon="-118.34988755173981">
        <time>2005-06-18T18:41:08-07:00</time>
      </trkpt>
      <trkpt lat="36.77015754394233" lon="-118.349922420457">
        <time>2005-06-18T18:41:11-07:00</time>
      </trkpt>
      <trkpt lat="36.77014262415469" lon="-118.34993884898722">
        <time>2005-06-18T18:41:16-07:00</time>
      </trkpt>
      <trkpt lat="36.77012678235769" lon="-118.34995603188872">
        <time>2005-06-18T18:41:18-07:00</time>
      </trkpt>
      <trkpt lat="36.7701178137213" lon="-118.35002711042762">
        <time>2005-06-18T18:41:22-07:00</time>
      </trkpt>
      <trkpt lat="36.77009643986821" lon="-118.35011000744998">
        <time>2005-06-18T18:41:24-07:00</time>
      </trkpt>
      <trkpt lat="36.770079005509615" lon="-118.35011671297252">
        <time>2005-06-18T18:41:26-07:00</time>
      </trkpt>
      <trkpt lat="36.77005939185619" lon="-118.35012534633279">
        <time>2005-06-18T18:41:32-07:00</time>
      </trkpt>
      <trkpt lat="36.76995696499944" lon="-118.35020933300257">
        <time>2005-06-18T18:41:39-07:00</time>
      </trkpt>
      <trkpt lat="36.769925616681576" lon="-118.3502350654453">
        <time>2005-06-18T18:41:42-07:00</time>
      </trkpt>
      <trkpt lat="36.769923688843846" lon="-118.35023447871208">
        <time>2005-06-18T18:41:44-07:00</time>
      </trkpt>
      <trkpt lat="36.769924610853195" lon="-118.35023120976985">
        <time>2005-06-18T18:41:55-07:00</time>
      </trkpt>
      <trkpt lat="36.769926119595766" lon="-118.35022433660924">
        <time>2005-06-18T18:41:59-07:00</time>
      </trkpt>
      <trkpt lat="36.769922683015466" lon="-118.35022601298988">
        <time>2005-06-18T18:42:00-07:00</time>
      </trkpt>
      <trkpt lat="36.76992888562381" lon="-118.35022743791342">
        <time>2005-06-18T18:42:02-07:00</time>
      </trkpt>
      <trkpt lat="36.7699262034148" lon="-118.35022433660924">
        <time>2005-06-18T18:42:08-07:00</time>
      </trkpt>
      <trkpt lat="36.7699262034148" lon="-118.35022433660924">
        <time>2005-06-18T18:42:16-07:00</time>
      </trkpt>
      <trkpt lat="36.7699262034148" lon="-118.35022433660924">
        <time>2005-06-18T18:42:19-07:00</time>
      </trkpt>
      <trkpt lat="36.7699262034148" lon="-118.35022433660924">
        <time>2005-06-18T18:42:26-07:00</time>
      </trkpt>
      <trkpt lat="36.7699262034148" lon="-118.35022433660924">
        <time>2005-06-18T18:42:28-07:00</time>
      </trkpt>
      <trkpt lat="36.7699262034148" lon="-118.35022433660924">
        <time>2005-06-18T18:42:33-07:00</time>
      </trkpt>
      <trkpt lat="36.7699262034148" lon="-118.35022433660924">
        <time>2005-06-18T18:42:36-07:00</time>
      </trkpt>
      <trkpt lat="36.7699262034148" lon="-118.35022433660924">
        <time>2005-06-18T18:42:38-07:00</time>
      </trkpt>
      <trkpt lat="36.76993299275637" lon="-118.35022768937051">
        <time>2005-06-18T18:42:50-07:00</time>
      </trkpt>
      <trkpt lat="36.7699262034148" lon="-118.35022433660924">
        <time>2005-06-18T18:42:53-07:00</time>
      </trkpt>
      <trkpt lat="36.7699262034148" lon="-118.35022433660924">
        <time>2005-06-18T18:43:00-07:00</time>
      </trkpt>
      <trkpt lat="36.7699262034148" lon="-118.35022433660924">
        <time>2005-06-18T18:43:08-07:00</time>
      </trkpt>
      <trkpt lat="36.769942631945014" lon="-118.3502250071615">
        <time>2005-06-18T18:43:10-07:00</time>
      </trkpt>
      <trkpt lat="36.76993500441313" lon="-118.35022877901793">
        <time>2005-06-18T18:43:11-07:00</time>
      </trkpt>
      <trkpt lat="36.76993022672832" lon="-118.35023246705532">
        <time>2005-06-18T18:43:17-07:00</time>
      </trkpt>
      <trkpt lat="36.76992922089994" lon="-118.35023984313011">
        <time>2005-06-18T18:43:29-07:00</time>
      </trkpt>
      <trkpt lat="36.76992041990161" lon="-118.35023791529238">
        <time>2005-06-18T18:43:42-07:00</time>
      </trkpt>
      <trkpt lat="36.769921174272895" lon="-118.35023389197886">
        <time>2005-06-18T18:43:47-07:00</time>
      </trkpt>
      <trkpt lat="36.76991715095937" lon="-118.35023657418787">
        <time>2005-06-18T18:43:59-07:00</time>
      </trkpt>
      <trkpt lat="36.76994129084051" lon="-118.35021117702127">
        <time>2005-06-18T18:44:04-07:00</time>
      </trkpt>
      <trkpt lat="36.769945146515965" lon="-118.3502126019448">
        <time>2005-06-18T18:44:09-07:00</time>
      </trkpt>
      <trkpt lat="36.76994598470628" lon="-118.35021033883095">
        <time>2005-06-18T18:44:11-07:00</time>
      </trkpt>
      <trkpt lat="36.76994531415403" lon="-118.35021109320223">
        <time>2005-06-18T18:44:22-07:00</time>
      </trkpt>
      <trkpt lat="36.76993953064084" lon="-118.35020824335515">
        <time>2005-06-18T18:44:24-07:00</time>
      </trkpt>
      <trkpt lat="36.76994439214468" lon="-118.35020606406033">
        <time>2005-06-18T18:44:30-07:00</time>
      </trkpt>
      <trkpt lat="36.769943218678236" lon="-118.35020631551743">
        <time>2005-06-18T18:44:33-07:00</time>
      </trkpt>
      <trkpt lat="36.769939949736" lon="-118.35020874626935">
        <time>2005-06-18T18:44:42-07:00</time>
      </trkpt>
      <trkpt lat="36.769940285012126" lon="-118.35020581260324">
        <time>2005-06-18T18:44:44-07:00</time>
      </trkpt>
      <trkpt lat="36.76994548179209" lon="-118.35021427832544">
        <time>2005-06-18T18:44:49-07:00</time>
      </trkpt>
      <trkpt lat="36.76994623616338" lon="-118.35022073239088">
        <time>2005-06-18T18:44:54-07:00</time>
      </trkpt>
      <trkpt lat="36.76993106491864" lon="-118.35021687671542">
        <time>2005-06-18T18:44:57-07:00</time>
      </trkpt>
      <trkpt lat="36.76993936300278" lon="-118.35020807571709">
        <time>2005-06-18T18:45:03-07:00</time>
      </trkpt>
      <trkpt lat="36.76993936300278" lon="-118.35020807571709">
        <time>2005-06-18T18:45:14-07:00</time>
      </trkpt>
      <trkpt lat="36.76994011737406" lon="-118.35021369159222">
        <time>2005-06-18T18:45:25-07:00</time>
      </trkpt>
      <trkpt lat="36.76993357948959" lon="-118.35021729581058">
        <time>2005-06-18T18:45:28-07:00</time>
      </trkpt>
      <trkpt lat="36.76993299275637" lon="-118.35022198967636">
        <time>2005-06-18T18:45:34-07:00</time>
      </trkpt>
      <trkpt lat="36.76993408240378" lon="-118.35022366605699">
        <time>2005-06-18T18:45:37-07:00</time>
      </trkpt>
      <trkpt lat="36.76993106491864" lon="-118.35022668354213">
        <time>2005-06-18T18:45:41-07:00</time>
      </trkpt>
      <trkpt lat="36.76993902772665" lon="-118.3502252586186">
        <time>2005-06-18T18:45:45-07:00</time>
      </trkpt>
      <trkpt lat="36.76998194307089" lon="-118.35017429664731">
        <time>2005-06-18T18:45:46-07:00</time>
      </trkpt>
      <trkpt lat="36.77002754062414" lon="-118.35014110431075">
        <time>2005-06-18T18:45:54-07:00</time>
      </trkpt>
      <trkpt lat="36.77004111930728" lon="-118.35012886673212">
        <time>2005-06-18T18:45:55-07:00</time>
      </trkpt>
      <trkpt lat="36.77009887062013" lon="-118.35012769326568">
        <time>2005-06-18T18:46:02-07:00</time>
      </trkpt>
      <trkpt lat="36.770105324685574" lon="-118.35014353506267">
        <time>2005-06-18T18:46:07-07:00</time>
      </trkpt>
      <trkpt lat="36.770101971924305" lon="-118.35018108598888">
        <time>2005-06-18T18:46:08-07:00</time>
      </trkpt>
      <trkpt lat="36.7701006308198" lon="-118.3502213191241">
        <time>2005-06-18T18:46:14-07:00</time>
      </trkpt>
      <trkpt lat="36.77010272629559" lon="-118.35026607848704">
        <time>2005-06-18T18:46:15-07:00</time>
      </trkpt>
      <trkpt lat="36.77015435881913" lon="-118.35033313371241">
        <time>2005-06-18T18:46:18-07:00</time>
      </trkpt>
      <trkpt lat="36.77017196081579" lon="-118.35033196024597">
        <time>2005-06-18T18:46:21-07:00</time>
      </trkpt>
      <trkpt lat="36.77019358612597" lon="-118.35030119866133">
        <time>2005-06-18T18:46:24-07:00</time>
      </trkpt>
      <trkpt lat="36.770232478156686" lon="-118.35027286782861">
        <time>2005-06-18T18:46:30-07:00</time>
      </trkpt>
      <trkpt lat="36.770264664664865" lon="-118.350252751261">
        <time>2005-06-18T18:46:32-07:00</time>
      </trkpt>
      <trkpt lat="36.7702938336879" lon="-118.35023749619722">
        <time>2005-06-18T18:46:35-07:00</time>
      </trkpt>
      <trkpt lat="36.77031076513231" lon="-118.35021687671542">
        <time>2005-06-18T18:46:38-07:00</time>
      </trkpt>
      <trkpt lat="36.77032065577805" lon="-118.35019307211041">
        <time>2005-06-18T18:46:41-07:00</time>
      </trkpt>
      <trkpt lat="36.77035233937204" lon="-118.35014093667269">
        <time>2005-06-18T18:46:44-07:00</time>
      </trkpt>
      <trkpt lat="36.77035879343748" lon="-118.35013825446367">
        <time>2005-06-18T18:46:46-07:00</time>
      </trkpt>
      <trkpt lat="36.77036357112229" lon="-118.35013791918755">
        <time>2005-06-18T18:46:48-07:00</time>
      </trkpt>
      <trkpt lat="36.77036868408322" lon="-118.35015501827002">
        <time>2005-06-18T18:46:53-07:00</time>
      </trkpt>
      <trkpt lat="36.770394165068865" lon="-118.35020086728036">
        <time>2005-06-18T18:46:54-07:00</time>
      </trkpt>
      <trkpt lat="36.77041201852262" lon="-118.35021411068738">
        <time>2005-06-18T18:46:55-07:00</time>
      </trkpt>
      <trkpt lat="36.77041889168322" lon="-118.3502094168216">
        <time>2005-06-18T18:46:56-07:00</time>
      </trkpt>
      <trkpt lat="36.77042559720576" lon="-118.35019240155816">
        <time>2005-06-18T18:46:59-07:00</time>
      </trkpt>
      <trkpt lat="36.770458118990064" lon="-118.35015032440424">
        <time>2005-06-18T18:47:01-07:00</time>
      </trkpt>
      <trkpt lat="36.77046515978873" lon="-118.35014118812978">
        <time>2005-06-18T18:47:02-07:00</time>
      </trkpt>
      <trkpt lat="36.77052584476769" lon="-118.35007706657052">
        <time>2005-06-18T18:47:04-07:00</time>
      </trkpt>
      <trkpt lat="36.77058259025216" lon="-118.35005074739456">
        <time>2005-06-18T18:47:08-07:00</time>
      </trkpt>
      <trkpt lat="36.770671689882874" lon="-118.3500294573605">
        <time>2005-06-18T18:47:09-07:00</time>
      </trkpt>
      <trkpt lat="36.770696081221104" lon="-118.35002216510475">
        <time>2005-06-18T18:47:15-07:00</time>
      </trkpt>
      <trkpt lat="36.770748971030116" lon="-118.35001537576318">
        <time>2005-06-18T18:47:20-07:00</time>
      </trkpt>
      <trkpt lat="36.770784091204405" lon="-118.3500109333545">
        <time>2005-06-18T18:47:27-07:00</time>
      </trkpt>
      <trkpt lat="36.770818792283535" lon="-118.35001302883029">
        <time>2005-06-18T18:47:30-07:00</time>
      </trkpt>
      <trkpt lat="36.770855924114585" lon="-118.35005393251777">
        <time>2005-06-18T18:47:35-07:00</time>
      </trkpt>
      <trkpt lat="36.77086355164647" lon="-118.35007136687636">
        <time>2005-06-18T18:47:38-07:00</time>
      </trkpt>
      <trkpt lat="36.77088056690991" lon="-118.35009165108204">
        <time>2005-06-18T18:47:41-07:00</time>
      </trkpt>
      <trkpt lat="36.77088534459472" lon="-118.35010137408972">
        <time>2005-06-18T18:47:47-07:00</time>
      </trkpt>
      <trkpt lat="36.770938066765666" lon="-118.3501504920423">
        <time>2005-06-18T18:47:49-07:00</time>
      </trkpt>
      <trkpt lat="36.770947370678186" lon="-118.35015376098454">
        <time>2005-06-18T18:47:52-07:00</time>
      </trkpt>
      <trkpt lat="36.7710087262094" lon="-118.35020673461258">
        <time>2005-06-18T18:47:53-07:00</time>
      </trkpt>
      <trkpt lat="36.771066561341286" lon="-118.35024411790073">
        <time>2005-06-18T18:47:59-07:00</time>
      </trkpt>
      <trkpt lat="36.77108223550022" lon="-118.3502683416009">
        <time>2005-06-18T18:48:00-07:00</time>
      </trkpt>
      <trkpt lat="36.77110352553427" lon="-118.35028820671141">
        <time>2005-06-18T18:48:06-07:00</time>
      </trkpt>
      <trkpt lat="36.77112431265414" lon="-118.35031318478286">
        <time>2005-06-18T18:48:11-07:00</time>
      </trkpt>
      <trkpt lat="36.77114828489721" lon="-118.35033355280757">
        <time>2005-06-18T18:48:14-07:00</time>
      </trkpt>
      <trkpt lat="36.77116655744612" lon="-118.3503616321832">
        <time>2005-06-18T18:48:17-07:00</time>
      </trkpt>
      <trkpt lat="36.77115976810455" lon="-118.35036934353411">
        <time>2005-06-18T18:48:21-07:00</time>
      </trkpt>
      <trkpt lat="36.77115079946816" lon="-118.35038116201758">
        <time>2005-06-18T18:48:24-07:00</time>
      </trkpt>
      <trkpt lat="36.77113110199571" lon="-118.35038929246366">
        <time>2005-06-18T18:48:28-07:00</time>
      </trkpt>
      <trkpt lat="36.77111132070422" lon="-118.35039180703461">
        <time>2005-06-18T18:48:29-07:00</time>
      </trkpt>
      <trkpt lat="36.77104778587818" lon="-118.35040136240423">
        <time>2005-06-18T18:48:30-07:00</time>
      </trkpt>
      <trkpt lat="36.771039655432105" lon="-118.35040161386132">
        <time>2005-06-18T18:48:32-07:00</time>
      </trkpt>
      <trkpt lat="36.77097142674029" lon="-118.35040865465999">
        <time>2005-06-18T18:48:34-07:00</time>
      </trkpt>
      <trkpt lat="36.77095474675298" lon="-118.35041183978319">
        <time>2005-06-18T18:48:38-07:00</time>
      </trkpt>
      <trkpt lat="36.770864725112915" lon="-118.35042927414179">
        <time>2005-06-18T18:48:39-07:00</time>
      </trkpt>
      <trkpt lat="36.770823234692216" lon="-118.35045383311808">
        <time>2005-06-18T18:48:45-07:00</time>
      </trkpt>
      <trkpt lat="36.77081812173128" lon="-118.35046917200089">
        <time>2005-06-18T18:48:46-07:00</time>
      </trkpt>
      <trkpt lat="36.770829521119595" lon="-118.35049943067133">
        <time>2005-06-18T18:48:54-07:00</time>
      </trkpt>
      <trkpt lat="36.770872520282865" lon="-118.35056338459253">
        <time>2005-06-18T18:48:57-07:00</time>
      </trkpt>
      <trkpt lat="36.77088844589889" lon="-118.35057671181858">
        <time>2005-06-18T18:48:58-07:00</time>
      </trkpt>
      <trkpt lat="36.770927337929606" lon="-118.35060588084161">
        <time>2005-06-18T18:49:00-07:00</time>
      </trkpt>
      <trkpt lat="36.77094963379204" lon="-118.35063119418919">
        <time>2005-06-18T18:49:06-07:00</time>
      </trkpt>
      <trkpt lat="36.770967403426766" lon="-118.35069732740521">
        <time>2005-06-18T18:49:08-07:00</time>
      </trkpt>
      <trkpt lat="36.77097134292126" lon="-118.35071140900254">
        <time>2005-06-18T18:49:13-07:00</time>
      </trkpt>
      <trkpt lat="36.77100084722042" lon="-118.35078910924494">
        <time>2005-06-18T18:49:16-07:00</time>
      </trkpt>
      <trkpt lat="36.77104929462075" lon="-118.35088164545596">
        <time>2005-06-18T18:49:22-07:00</time>
      </trkpt>
      <trkpt lat="36.7710589338094" lon="-118.35090285167098">
        <time>2005-06-18T18:49:23-07:00</time>
      </trkpt>
      <trkpt lat="36.77110578864813" lon="-118.35095691494644">
        <time>2005-06-18T18:49:30-07:00</time>
      </trkpt>
      <trkpt lat="36.77113898098469" lon="-118.35097217001021">
        <time>2005-06-18T18:49:38-07:00</time>
      </trkpt>
      <trkpt lat="36.7711762804538" lon="-118.35098532959819">
        <time>2005-06-18T18:49:40-07:00</time>
      </trkpt>
      <trkpt lat="36.77121005952358" lon="-118.35099798627198">
        <time>2005-06-18T18:49:45-07:00</time>
      </trkpt>
      <trkpt lat="36.77125733345747" lon="-118.35100301541388">
        <time>2005-06-18T18:49:49-07:00</time>
      </trkpt>
      <trkpt lat="36.771278623491526" lon="-118.35099379532039">
        <time>2005-06-18T18:49:53-07:00</time>
      </trkpt>
      <trkpt lat="36.77133754827082" lon="-118.35098884999752">
        <time>2005-06-18T18:49:56-07:00</time>
      </trkpt>
      <trkpt lat="36.77141013555229" lon="-118.35099396295846">
        <time>2005-06-18T18:50:01-07:00</time>
      </trkpt>
      <trkpt lat="36.77143285050988" lon="-118.35099949501455">
        <time>2005-06-18T18:50:03-07:00</time>
      </trkpt>
      <trkpt lat="36.77145145833492" lon="-118.35104400292039">
        <time>2005-06-18T18:50:08-07:00</time>
      </trkpt>
      <trkpt lat="36.771442238241434" lon="-118.3510538097471">
        <time>2005-06-18T18:50:13-07:00</time>
      </trkpt>
      <trkpt lat="36.77139362320304" lon="-118.35112472064793">
        <time>2005-06-18T18:50:15-07:00</time>
      </trkpt>
      <trkpt lat="36.77134433761239" lon="-118.35118724964559">
        <time>2005-06-18T18:50:20-07:00</time>
      </trkpt>
      <trkpt lat="36.771336207166314" lon="-118.35119797848165">
        <time>2005-06-18T18:50:21-07:00</time>
      </trkpt>
      <trkpt lat="36.77128314971924" lon="-118.35126344114542">
        <time>2005-06-18T18:50:28-07:00</time>
      </trkpt>
      <trkpt lat="36.771263955160975" lon="-118.35127408616245">
        <time>2005-06-18T18:50:35-07:00</time>
      </trkpt>
      <trkpt lat="36.77121056243777" lon="-118.35131289437413">
        <time>2005-06-18T18:50:36-07:00</time>
      </trkpt>
      <trkpt lat="36.771150631830096" lon="-118.3513749204576">
        <time>2005-06-18T18:50:42-07:00</time>
      </trkpt>
      <trkpt lat="36.77112481556833" lon="-118.35139034315944">
        <time>2005-06-18T18:50:44-07:00</time>
      </trkpt>
      <trkpt lat="36.77107896655798" lon="-118.35141808725893">
        <time>2005-06-18T18:50:50-07:00</time>
      </trkpt>
      <trkpt lat="36.7710536532104" lon="-118.35143325850368">
        <time>2005-06-18T18:50:57-07:00</time>
      </trkpt>
      <trkpt lat="36.77102071233094" lon="-118.35143828764558">
        <time>2005-06-18T18:51:00-07:00</time>
      </trkpt>
      <trkpt lat="36.770991291850805" lon="-118.35145136341453">
        <time>2005-06-18T18:51:04-07:00</time>
      </trkpt>
      <trkpt lat="36.77094988524914" lon="-118.35149134509265">
        <time>2005-06-18T18:51:07-07:00</time>
      </trkpt>
      <trkpt lat="36.77093370817602" lon="-118.351518670097">
        <time>2005-06-18T18:51:10-07:00</time>
      </trkpt>
      <trkpt lat="36.77092113532126" lon="-118.3515580650419">
        <time>2005-06-18T18:51:13-07:00</time>
      </trkpt>
      <trkpt lat="36.77089858800173" lon="-118.35158203728497">
        <time>2005-06-18T18:51:18-07:00</time>
      </trkpt>
      <trkpt lat="36.7708601988852" lon="-118.35160500369966">
        <time>2005-06-18T18:51:21-07:00</time>
      </trkpt>
      <trkpt lat="36.77080194465816" lon="-118.35164196789265">
        <time>2005-06-18T18:51:24-07:00</time>
      </trkpt>
      <trkpt lat="36.77079398185015" lon="-118.3516479190439">
        <time>2005-06-18T18:51:27-07:00</time>
      </trkpt>
      <trkpt lat="36.77072164602578" lon="-118.35168060846627">
        <time>2005-06-18T18:51:32-07:00</time>
      </trkpt>
      <trkpt lat="36.77064998075366" lon="-118.35170852020383">
        <time>2005-06-18T18:51:37-07:00</time>
      </trkpt>
      <trkpt lat="36.77063480950892" lon="-118.35172226652503">
        <time>2005-06-18T18:51:38-07:00</time>
      </trkpt>
      <trkpt lat="36.77062986418605" lon="-118.35172360762954">
        <time>2005-06-18T18:51:45-07:00</time>
      </trkpt>
      <trkpt lat="36.7706083226949" lon="-118.35172821767628">
        <time>2005-06-18T18:51:53-07:00</time>
      </trkpt>
      <trkpt lat="36.770576974377036" lon="-118.3517375215888">
        <time>2005-06-18T18:52:01-07:00</time>
      </trkpt>
      <trkpt lat="36.77056507207453" lon="-118.35177482105792">
        <time>2005-06-18T18:52:08-07:00</time>
      </trkpt>
      <trkpt lat="36.7705668322742" lon="-118.35176585242152">
        <time>2005-06-18T18:52:12-07:00</time>
      </trkpt>
      <trkpt lat="36.77103747613728" lon="-118.35198269225657">
        <time>2005-06-18T18:52:17-07:00</time>
      </trkpt>
      <trkpt lat="36.77099405787885" lon="-118.35203440859914">
        <time>2005-06-18T18:52:21-07:00</time>
      </trkpt>
      <trkpt lat="36.770983915776014" lon="-118.35204220376909">
        <time>2005-06-18T18:52:25-07:00</time>
      </trkpt>
      <trkpt lat="36.77092323079705" lon="-118.35211194120347">
        <time>2005-06-18T18:55:17-07:00</time>
      </trkpt>
      <trkpt lat="36.77091526798904" lon="-118.35212158039212">
        <time>2005-06-18T18:55:23-07:00</time>
      </trkpt>
      <trkpt lat="36.77087629213929" lon="-118.35221202112734">
        <time>2005-06-18T18:55:24-07:00</time>
      </trkpt>
      <trkpt lat="36.77086723968387" lon="-118.35223297588527">
        <time>2005-06-18T18:55:31-07:00</time>
      </trkpt>
      <trkpt lat="36.77083211950958" lon="-118.35230614989996">
        <time>2005-06-18T18:55:32-07:00</time>
      </trkpt>
      <trkpt lat="36.7707893718034" lon="-118.35235602222383">
        <time>2005-06-18T18:55:40-07:00</time>
      </trkpt>
      <trkpt lat="36.77076523192227" lon="-118.35238435305655">
        <time>2005-06-18T18:55:42-07:00</time>
      </trkpt>
      <trkpt lat="36.77072281949222" lon="-118.3524193894118">
        <time>2005-06-18T18:55:49-07:00</time>
      </trkpt>
      <trkpt lat="36.77070613950491" lon="-118.35244730114937">
        <time>2005-06-18T18:55:55-07:00</time>
      </trkpt>
      <trkpt lat="36.770693734288216" lon="-118.35249667055905">
        <time>2005-06-18T18:55:59-07:00</time>
      </trkpt>
      <trkpt lat="36.77069549448788" lon="-118.35249541327357">
        <time>2005-06-18T18:56:04-07:00</time>
      </trkpt>
      <trkpt lat="36.7706894595176" lon="-118.35249440744519">
        <time>2005-06-18T18:56:06-07:00</time>
      </trkpt>
      <trkpt lat="36.77066506817937" lon="-118.35252248682082">
        <time>2005-06-18T18:56:11-07:00</time>
      </trkpt>
      <trkpt lat="36.77064998075366" lon="-118.35256380960345">
        <time>2005-06-18T18:56:15-07:00</time>
      </trkpt>
      <trkpt lat="36.77064746618271" lon="-118.35256163030863">
        <time>2005-06-18T18:56:20-07:00</time>
      </trkpt>
      <trkpt lat="36.77064352668822" lon="-118.35256062448025">
        <time>2005-06-18T18:56:26-07:00</time>
      </trkpt>
      <trkpt lat="36.77064411342144" lon="-118.35256095975637">
        <time>2005-06-18T18:56:33-07:00</time>
      </trkpt>
      <trkpt lat="36.77064553834498" lon="-118.35255836136639">
        <time>2005-06-18T18:56:36-07:00</time>
      </trkpt>
      <trkpt lat="36.77064570598304" lon="-118.3525565173477">
        <time>2005-06-18T18:56:43-07:00</time>
      </trkpt>
      <trkpt lat="36.77064352668822" lon="-118.35254486650229">
        <time>2005-06-18T18:56:51-07:00</time>
      </trkpt>
      <trkpt lat="36.77064671181142" lon="-118.35254930891097">
        <time>2005-06-18T18:56:59-07:00</time>
      </trkpt>
      <trkpt lat="36.77064553834498" lon="-118.35252583958209">
        <time>2005-06-18T18:57:01-07:00</time>
      </trkpt>
      <trkpt lat="36.77064570598304" lon="-118.35252592340112">
        <time>2005-06-18T18:57:06-07:00</time>
      </trkpt>
      <trkpt lat="36.770644364878535" lon="-118.35252894088626">
        <time>2005-06-18T18:57:13-07:00</time>
      </trkpt>
      <trkpt lat="36.77064570598304" lon="-118.35252592340112">
        <time>2005-06-18T18:57:18-07:00</time>
      </trkpt>
      <trkpt lat="36.77064570598304" lon="-118.35252592340112">
        <time>2005-06-18T18:57:23-07:00</time>
      </trkpt>
      <trkpt lat="36.77065098658204" lon="-118.35254930891097">
        <time>2005-06-18T18:57:26-07:00</time>
      </trkpt>
      <trkpt lat="36.770647801458836" lon="-118.3525702636689">
        <time>2005-06-18T18:57:39-07:00</time>
      </trkpt>
      <trkpt lat="36.77064931020141" lon="-118.35256255231798">
        <time>2005-06-18T18:57:41-07:00</time>
      </trkpt>
      <trkpt lat="36.77064931020141" lon="-118.35256255231798">
        <time>2005-06-18T18:57:53-07:00</time>
      </trkpt>
      <trkpt lat="36.77064545452595" lon="-118.3525649830699">
        <time>2005-06-18T18:58:03-07:00</time>
      </trkpt>
      <trkpt lat="36.77064914256334" lon="-118.35256204940379">
        <time>2005-06-18T18:58:08-07:00</time>
      </trkpt>
      <trkpt lat="36.77065190859139" lon="-118.35257101804018">
        <time>2005-06-18T18:58:11-07:00</time>
      </trkpt>
      <trkpt lat="36.77064939402044" lon="-118.35255819372833">
        <time>2005-06-18T18:58:24-07:00</time>
      </trkpt>
      <trkpt lat="36.77064989693463" lon="-118.35256263613701">
        <time>2005-06-18T18:58:34-07:00</time>
      </trkpt>
      <trkpt lat="36.770653082057834" lon="-118.35256733000278">
        <time>2005-06-18T18:58:37-07:00</time>
      </trkpt>
      <trkpt lat="36.77065048366785" lon="-118.35256515070796">
        <time>2005-06-18T18:58:46-07:00</time>
      </trkpt>
      <trkpt lat="36.77065157331526" lon="-118.352567916736">
        <time>2005-06-18T18:58:48-07:00</time>
      </trkpt>
      <trkpt lat="36.77065232768655" lon="-118.3525615464896">
        <time>2005-06-18T18:58:52-07:00</time>
      </trkpt>
      <trkpt lat="36.77065199241042" lon="-118.35256330668926">
        <time>2005-06-18T18:58:54-07:00</time>
      </trkpt>
      <trkpt lat="36.770651657134295" lon="-118.35256246849895">
        <time>2005-06-18T18:58:58-07:00</time>
      </trkpt>
      <trkpt lat="36.77065199241042" lon="-118.35256397724152">
        <time>2005-06-18T18:59:01-07:00</time>
      </trkpt>
      <trkpt lat="36.77065517753363" lon="-118.35256330668926">
        <time>2005-06-18T18:59:04-07:00</time>
      </trkpt>
      <trkpt lat="36.77065249532461" lon="-118.3525576069951">
        <time>2005-06-18T18:59:10-07:00</time>
      </trkpt>
      <trkpt lat="36.770650148391724" lon="-118.35254352539778">
        <time>2005-06-18T18:59:11-07:00</time>
      </trkpt>
      <trkpt lat="36.770646795630455" lon="-118.35253438912332">
        <time>2005-06-18T18:59:18-07:00</time>
      </trkpt>
      <trkpt lat="36.77064495161176" lon="-118.35253505967557">
        <time>2005-06-18T18:59:23-07:00</time>
      </trkpt>
      <trkpt lat="36.77064495161176" lon="-118.35253505967557">
        <time>2005-06-18T18:59:28-07:00</time>
      </trkpt>
      <trkpt lat="36.77064503543079" lon="-118.35253631696105">
        <time>2005-06-18T18:59:35-07:00</time>
      </trkpt>
      <trkpt lat="36.77064117975533" lon="-118.35253975354135">
        <time>2005-06-18T18:59:42-07:00</time>
      </trkpt>
      <trkpt lat="36.77064034156501" lon="-118.35255358368158">
        <time>2005-06-18T18:59:47-07:00</time>
      </trkpt>
      <trkpt lat="36.770651740953326" lon="-118.3525530807674">
        <time>2005-06-18T18:59:49-07:00</time>
      </trkpt>
      <trkpt lat="36.770661966875196" lon="-118.35254453122616">
        <time>2005-06-18T18:59:52-07:00</time>
      </trkpt>
      <trkpt lat="36.77066230215132" lon="-118.35254821926355">
        <time>2005-06-18T18:59:57-07:00</time>
      </trkpt>
      <trkpt lat="36.77064377814531" lon="-118.35256020538509">
        <time>2005-06-18T19:00:04-07:00</time>
      </trkpt>
      <trkpt lat="36.770649729296565" lon="-118.35255567915738">
        <time>2005-06-18T19:00:07-07:00</time>
      </trkpt>
      <trkpt lat="36.770650232210755" lon="-118.35255618207157">
        <time>2005-06-18T19:00:08-07:00</time>
      </trkpt>
      <trkpt lat="36.770650232210755" lon="-118.35255676880479">
        <time>2005-06-18T19:00:14-07:00</time>
      </trkpt>
      <trkpt lat="36.77064989693463" lon="-118.35255819372833">
        <time>2005-06-18T19:00:25-07:00</time>
      </trkpt>
      <trkpt lat="36.770645873621106" lon="-118.35256934165955">
        <time>2005-06-18T19:00:26-07:00</time>
      </trkpt>
      <trkpt lat="36.77064260467887" lon="-118.35257378406823">
        <time>2005-06-18T19:00:27-07:00</time>
      </trkpt>
      <trkpt lat="36.77063724026084" lon="-118.35257789120078">
        <time>2005-06-18T19:00:29-07:00</time>
      </trkpt>
      <trkpt lat="36.77064151503146" lon="-118.35257562808692">
        <time>2005-06-18T19:00:38-07:00</time>
      </trkpt>
      <trkpt lat="36.77064411342144" lon="-118.35257302969694">
        <time>2005-06-18T19:00:42-07:00</time>
      </trkpt>
      <trkpt lat="36.770654590800405" lon="-118.35255241021514">
        <time>2005-06-18T19:00:46-07:00</time>
      </trkpt>
      <trkpt lat="36.770653165876865" lon="-118.35255081765354">
        <time>2005-06-18T19:00:49-07:00</time>
      </trkpt>
      <trkpt lat="36.77064855583012" lon="-118.35255249403417">
        <time>2005-06-18T19:00:52-07:00</time>
      </trkpt>
      <trkpt lat="36.770651238039136" lon="-118.35256489925086">
        <time>2005-06-18T19:01:06-07:00</time>
      </trkpt>
      <trkpt lat="36.770642353221774" lon="-118.35257453843951">
        <time>2005-06-18T19:01:11-07:00</time>
      </trkpt>
      <trkpt lat="36.77063271403313" lon="-118.35257604718208">
        <time>2005-06-18T19:01:15-07:00</time>
      </trkpt>
      <trkpt lat="36.77061293274164" lon="-118.35261586122215">
        <time>2005-06-18T19:01:24-07:00</time>
      </trkpt>
      <trkpt lat="36.77060605958104" lon="-118.3526218123734">
        <time>2005-06-18T19:01:35-07:00</time>
      </trkpt>
      <trkpt lat="36.7705892957747" lon="-118.35263463668525">
        <time>2005-06-18T19:01:44-07:00</time>
      </trkpt>
      <trkpt lat="36.77053992636502" lon="-118.35266347043216">
        <time>2005-06-18T19:01:52-07:00</time>
      </trkpt>
      <trkpt lat="36.77049851976335" lon="-118.3526873588562">
        <time>2005-06-18T19:01:53-07:00</time>
      </trkpt>
      <trkpt lat="36.77046122029424" lon="-118.35270470939577">
        <time>2005-06-18T19:01:55-07:00</time>
      </trkpt>
      <trkpt lat="36.77045191638172" lon="-118.35270873270929">
        <time>2005-06-18T19:02:01-07:00</time>
      </trkpt>
      <trkpt lat="36.77042316645384" lon="-118.35275877267122">
        <time>2005-06-18T19:02:06-07:00</time>
      </trkpt>
      <trkpt lat="36.77043104544282" lon="-118.3527648076415">
        <time>2005-06-18T19:02:09-07:00</time>
      </trkpt>
      <trkpt lat="36.77044085226953" lon="-118.35275743156672">
        <time>2005-06-18T19:02:10-07:00</time>
      </trkpt>
      <trkpt lat="36.770478235557675" lon="-118.3527394104749">
        <time>2005-06-18T19:02:16-07:00</time>
      </trkpt>
      <trkpt lat="36.770528024062514" lon="-118.35272918455303">
        <time>2005-06-18T19:02:17-07:00</time>
      </trkpt>
      <trkpt lat="36.77054923027754" lon="-118.3527272567153">
        <time>2005-06-18T19:02:18-07:00</time>
      </trkpt>
      <trkpt lat="36.770621398463845" lon="-118.35271149873734">
        <time>2005-06-18T19:02:22-07:00</time>
      </trkpt>
      <trkpt lat="36.770659536123276" lon="-118.35269800387323">
        <time>2005-06-18T19:02:26-07:00</time>
      </trkpt>
      <trkpt lat="36.770712761208415" lon="-118.35269146598876">
        <time>2005-06-18T19:02:28-07:00</time>
      </trkpt>
      <trkpt lat="36.770773362368345" lon="-118.35266078822315">
        <time>2005-06-18T19:02:35-07:00</time>
      </trkpt>
      <trkpt lat="36.77079012617469" lon="-118.35265098139644">
        <time>2005-06-18T19:02:39-07:00</time>
      </trkpt>
      <trkpt lat="36.77083279006183" lon="-118.35262306965888">
        <time>2005-06-18T19:02:44-07:00</time>
      </trkpt>
      <trkpt lat="36.77085768431425" lon="-118.35261510685086">
        <time>2005-06-18T19:02:51-07:00</time>
      </trkpt>
      <trkpt lat="36.7709051258862" lon="-118.35257789120078">
        <time>2005-06-18T19:02:53-07:00</time>
      </trkpt>
      <trkpt lat="36.77091518417001" lon="-118.35260739549994">
        <time>2005-06-18T19:02:58-07:00</time>
      </trkpt>
      <trkpt lat="36.770902359858155" lon="-118.35260747931898">
        <time>2005-06-18T19:03:01-07:00</time>
      </trkpt>
      <trkpt lat="36.770862713456154" lon="-118.35261871106923">
        <time>2005-06-18T19:03:05-07:00</time>
      </trkpt>
      <trkpt lat="36.77082625217736" lon="-118.35265684872866">
        <time>2005-06-18T19:03:09-07:00</time>
      </trkpt>
      <trkpt lat="36.77081803791225" lon="-118.35266263224185">
        <time>2005-06-18T19:03:11-07:00</time>
      </trkpt>
      <trkpt lat="36.77077319473028" lon="-118.3527425955981">
        <time>2005-06-18T19:03:15-07:00</time>
      </trkpt>
      <trkpt lat="36.770765064284205" lon="-118.35274712182581">
        <time>2005-06-18T19:03:21-07:00</time>
      </trkpt>
      <trkpt lat="36.77074033766985" lon="-118.35276992060244">
        <time>2005-06-18T19:03:22-07:00</time>
      </trkpt>
      <trkpt lat="36.7707047984004" lon="-118.35279976017773">
        <time>2005-06-18T19:03:29-07:00</time>
      </trkpt>
      <trkpt lat="36.77069557830691" lon="-118.3528065495193">
        <time>2005-06-18T19:03:30-07:00</time>
      </trkpt>
      <trkpt lat="36.770636569708586" lon="-118.35288969799876">
        <time>2005-06-18T19:03:33-07:00</time>
      </trkpt>
      <trkpt lat="36.77061712369323" lon="-118.35290411487222">
        <time>2005-06-18T19:03:37-07:00</time>
      </trkpt>
      <trkpt lat="36.77057856693864" lon="-118.35295817814767">
        <time>2005-06-18T19:03:38-07:00</time>
      </trkpt>
      <trkpt lat="36.77055191248655" lon="-118.35297871381044">
        <time>2005-06-18T19:03:46-07:00</time>
      </trkpt>
      <trkpt lat="36.77050933241844" lon="-118.35301098413765">
        <time>2005-06-18T19:03:48-07:00</time>
      </trkpt>
      <trkpt lat="36.77046038210392" lon="-118.3530465234071">
        <time>2005-06-18T19:03:53-07:00</time>
      </trkpt>
      <trkpt lat="36.77045308984816" lon="-118.35305800661445">
        <time>2005-06-18T19:03:56-07:00</time>
      </trkpt>
      <trkpt lat="36.77038771100342" lon="-118.35310259833932">
        <time>2005-06-18T19:04:01-07:00</time>
      </trkpt>
      <trkpt lat="36.77039701491594" lon="-118.3531194459647">
        <time>2005-06-18T19:04:06-07:00</time>
      </trkpt>
      <trkpt lat="36.770415119826794" lon="-118.3531155064702">
        <time>2005-06-18T19:04:07-07:00</time>
      </trkpt>
      <trkpt lat="36.770458202809095" lon="-118.35310511291027">
        <time>2005-06-18T19:04:14-07:00</time>
      </trkpt>
      <trkpt lat="36.770479157567024" lon="-118.35309999994934">
        <time>2005-06-18T19:04:17-07:00</time>
      </trkpt>
      <trkpt lat="36.77055040374398" lon="-118.35308097302914">
        <time>2005-06-18T19:04:19-07:00</time>
      </trkpt>
      <trkpt lat="36.77060069516301" lon="-118.35308533161879">
        <time>2005-06-18T19:04:22-07:00</time>
      </trkpt>
      <trkpt lat="36.77063824608922" lon="-118.35307988338172">
        <time>2005-06-18T19:04:24-07:00</time>
      </trkpt>
      <trkpt lat="36.7706788983196" lon="-118.35306672379375">
        <time>2005-06-18T19:04:30-07:00</time>
      </trkpt>
      <trkpt lat="36.77070613950491" lon="-118.35305356420577">
        <time>2005-06-18T19:04:35-07:00</time>
      </trkpt>
      <trkpt lat="36.77073338069022" lon="-118.35303881205618">
        <time>2005-06-18T19:04:38-07:00</time>
      </trkpt>
      <trkpt lat="36.770790964365005" lon="-118.35304115898907">
        <time>2005-06-18T19:04:42-07:00</time>
      </trkpt>
      <trkpt lat="36.770830526947975" lon="-118.35303495638072">
        <time>2005-06-18T19:04:45-07:00</time>
      </trkpt>
      <trkpt lat="36.77087679505348" lon="-118.35302364081144">
        <time>2005-06-18T19:04:48-07:00</time>
      </trkpt>
      <trkpt lat="36.770895989611745" lon="-118.3530256524682">
        <time>2005-06-18T19:04:54-07:00</time>
      </trkpt>
      <trkpt lat="36.77095281891525" lon="-118.3530380576849">
        <time>2005-06-18T19:04:57-07:00</time>
      </trkpt>
      <trkpt lat="36.77097234874964" lon="-118.3530465234071">
        <time>2005-06-18T19:05:02-07:00</time>
      </trkpt>
      <trkpt lat="36.77103345282376" lon="-118.35305079817772">
        <time>2005-06-18T19:05:04-07:00</time>
      </trkpt>
      <trkpt lat="36.77106195129454" lon="-118.35303587839007">
        <time>2005-06-18T19:05:09-07:00</time>
      </trkpt>
      <trkpt lat="36.77107351832092" lon="-118.35303881205618">
        <time>2005-06-18T19:05:11-07:00</time>
      </trkpt>
      <trkpt lat="36.771072931587696" lon="-118.35304903797805">
        <time>2005-06-18T19:05:16-07:00</time>
      </trkpt>
      <trkpt lat="36.77107988856733" lon="-118.35306446067989">
        <time>2005-06-18T19:05:20-07:00</time>
      </trkpt>
      <trkpt lat="36.77106480114162" lon="-118.35309077985585">
        <time>2005-06-18T19:05:23-07:00</time>
      </trkpt>
      <trkpt lat="36.77102213725448" lon="-118.35313394665718">
        <time>2005-06-18T19:05:24-07:00</time>
      </trkpt>
      <trkpt lat="36.771009815856814" lon="-118.35315096192062">
        <time>2005-06-18T19:05:25-07:00</time>
      </trkpt>
      <trkpt lat="36.770955082029104" lon="-118.3531725872308">
        <time>2005-06-18T19:05:29-07:00</time>
      </trkpt>
      <trkpt lat="36.77092557772994" lon="-118.35317635908723">
        <time>2005-06-18T19:05:35-07:00</time>
      </trkpt>
      <trkpt lat="36.77089381031692" lon="-118.35319563746452">
        <time>2005-06-18T19:05:37-07:00</time>
      </trkpt>
      <trkpt lat="36.77080420777202" lon="-118.35322321392596">
        <time>2005-06-18T19:05:41-07:00</time>
      </trkpt>
      <trkpt lat="36.770794317126274" lon="-118.35323352366686">
        <time>2005-06-18T19:05:43-07:00</time>
      </trkpt>
      <trkpt lat="36.770764058455825" lon="-118.35328725166619">
        <time>2005-06-18T19:05:46-07:00</time>
      </trkpt>
      <trkpt lat="36.7707515694201" lon="-118.3533057756722">
        <time>2005-06-18T19:05:53-07:00</time>
      </trkpt>
      <trkpt lat="36.77072759717703" lon="-118.35333226248622">
        <time>2005-06-18T19:05:54-07:00</time>
      </trkpt>
      <trkpt lat="36.77070018835366" lon="-118.35337216034532">
        <time>2005-06-18T19:05:58-07:00</time>
      </trkpt>
      <trkpt lat="36.77067009732127" lon="-118.35341339930892">
        <time>2005-06-18T19:06:00-07:00</time>
      </trkpt>
      <trkpt lat="36.770661883056164" lon="-118.35343393497169">
        <time>2005-06-18T19:06:03-07:00</time>
      </trkpt>
      <trkpt lat="36.77064134739339" lon="-118.3535042591393">
        <time>2005-06-18T19:06:07-07:00</time>
      </trkpt>
      <trkpt lat="36.77063782699406" lon="-118.35351557470858">
        <time>2005-06-18T19:06:12-07:00</time>
      </trkpt>
      <trkpt lat="36.77060941234231" lon="-118.35355916060507">
        <time>2005-06-18T19:06:14-07:00</time>
      </trkpt>
      <trkpt lat="36.77060656249523" lon="-118.35356720723212">
        <time>2005-06-18T19:06:21-07:00</time>
      </trkpt>
      <trkpt lat="36.770564736798406" lon="-118.35359930992126">
        <time>2005-06-18T19:06:22-07:00</time>
      </trkpt>
      <trkpt lat="36.77055551670492" lon="-118.35360433906317">
        <time>2005-06-18T19:06:27-07:00</time>
      </trkpt>
      <trkpt lat="36.770547553896904" lon="-118.35360861383379">
        <time>2005-06-18T19:06:28-07:00</time>
      </trkpt>
      <trkpt lat="36.77048033103347" lon="-118.35366510786116">
        <time>2005-06-18T19:06:34-07:00</time>
      </trkpt>
      <trkpt lat="36.77046968601644" lon="-118.3536720648408">
        <time>2005-06-18T19:06:35-07:00</time>
      </trkpt>
      <trkpt lat="36.77044965326786" lon="-118.35368480533361">
        <time>2005-06-18T19:06:36-07:00</time>
      </trkpt>
      <trkpt lat="36.77042383700609" lon="-118.35371598601341">
        <time>2005-06-18T19:06:45-07:00</time>
      </trkpt>
      <trkpt lat="36.7704061511904" lon="-118.3537717256695">
        <time>2005-06-18T19:06:46-07:00</time>
      </trkpt>
      <trkpt lat="36.77040380425751" lon="-118.35377985611558">
        <time>2005-06-18T19:06:50-07:00</time>
      </trkpt>
      <trkpt lat="36.770398020744324" lon="-118.35380852222443">
        <time>2005-06-18T19:06:54-07:00</time>
      </trkpt>
      <trkpt lat="36.77038569934666" lon="-118.35384213365614">
        <time>2005-06-18T19:06:59-07:00</time>
      </trkpt>
      <trkpt lat="36.77036667242646" lon="-118.3538684528321">
        <time>2005-06-18T19:07:00-07:00</time>
      </trkpt>
      <trkpt lat="36.770352590829134" lon="-118.35390013642609">
        <time>2005-06-18T19:07:03-07:00</time>
      </trkpt>
      <trkpt lat="36.77031931467354" lon="-118.3539461530745">
        <time>2005-06-18T19:07:07-07:00</time>
      </trkpt>
      <trkpt lat="36.770306741818786" lon="-118.35396392270923">
        <time>2005-06-18T19:07:12-07:00</time>
      </trkpt>
      <trkpt lat="36.77029475569725" lon="-118.35401228629053">
        <time>2005-06-18T19:07:15-07:00</time>
      </trkpt>
      <trkpt lat="36.77028981037438" lon="-118.35404229350388">
        <time>2005-06-18T19:07:20-07:00</time>
      </trkpt>
      <trkpt lat="36.77027472294867" lon="-118.35408546030521">
        <time>2005-06-18T19:07:22-07:00</time>
      </trkpt>
      <trkpt lat="36.770272459834814" lon="-118.354132482782">
        <time>2005-06-18T19:07:27-07:00</time>
      </trkpt>
      <trkpt lat="36.770265670493245" lon="-118.35417682304978">
        <time>2005-06-18T19:07:30-07:00</time>
      </trkpt>
      <trkpt lat="36.77025452256203" lon="-118.35423893295228">
        <time>2005-06-18T19:07:34-07:00</time>
      </trkpt>
      <trkpt lat="36.77023616619408" lon="-118.35429718717933">
        <time>2005-06-18T19:07:38-07:00</time>
      </trkpt>
      <trkpt lat="36.77021403796971" lon="-118.35432660765946">
        <time>2005-06-18T19:07:42-07:00</time>
      </trkpt>
      <trkpt lat="36.77014614455402" lon="-118.35443741641939">
        <time>2005-06-18T19:07:47-07:00</time>
      </trkpt>
      <trkpt lat="36.77011982537806" lon="-118.35449022240937">
        <time>2005-06-18T19:07:52-07:00</time>
      </trkpt>
      <trkpt lat="36.770111694931984" lon="-118.3545267675072">
        <time>2005-06-18T19:07:55-07:00</time>
      </trkpt>
      <trkpt lat="36.770100463181734" lon="-118.35455417633057">
        <time>2005-06-18T19:08:04-07:00</time>
      </trkpt>
      <trkpt lat="36.77008110098541" lon="-118.35460823960602">
        <time>2005-06-18T19:08:09-07:00</time>
      </trkpt>
      <trkpt lat="36.770030139014125" lon="-118.35471242666245">
        <time>2005-06-18T19:08:12-07:00</time>
      </trkpt>
      <trkpt lat="36.770012537017465" lon="-118.35481049492955">
        <time>2005-06-18T19:08:14-07:00</time>
      </trkpt>
      <trkpt lat="36.77001278847456" lon="-118.35482650436461">
        <time>2005-06-18T19:08:18-07:00</time>
      </trkpt>
      <trkpt lat="36.77001731470227" lon="-118.35493739694357">
        <time>2005-06-18T19:08:26-07:00</time>
      </trkpt>
      <trkpt lat="36.77004162222147" lon="-118.3550170250237">
        <time>2005-06-18T19:08:33-07:00</time>
      </trkpt>
      <trkpt lat="36.770067270845175" lon="-118.3550497982651">
        <time>2005-06-18T19:08:34-07:00</time>
      </trkpt>
      <trkpt lat="36.77009048871696" lon="-118.35508299060166">
        <time>2005-06-18T19:08:41-07:00</time>
      </trkpt>
      <trkpt lat="36.770112197846174" lon="-118.35513981990516">
        <time>2005-06-18T19:08:47-07:00</time>
      </trkpt>
      <trkpt lat="36.77015335299075" lon="-118.35527678020298">
        <time>2005-06-18T19:08:50-07:00</time>
      </trkpt>
      <trkpt lat="36.77016466856003" lon="-118.35536143742502">
        <time>2005-06-18T19:08:54-07:00</time>
      </trkpt>
      <trkpt lat="36.77017891779542" lon="-118.35542170330882">
        <time>2005-06-18T19:08:58-07:00</time>
      </trkpt>
      <trkpt lat="36.77014958113432" lon="-118.35550619289279">
        <time>2005-06-18T19:09:07-07:00</time>
      </trkpt>
      <trkpt lat="36.77016072906554" lon="-118.3555955439806">
        <time>2005-06-18T19:09:12-07:00</time>
      </trkpt>
      <trkpt lat="36.7701939214021" lon="-118.35573619231582">
        <time>2005-06-18T19:09:16-07:00</time>
      </trkpt>
      <trkpt lat="36.77022292278707" lon="-118.35581179708242">
        <time>2005-06-18T19:09:23-07:00</time>
      </trkpt>
      <trkpt lat="36.7702576238662" lon="-118.35584884509444">
        <time>2005-06-18T19:09:31-07:00</time>
      </trkpt>
      <trkpt lat="36.77028344012797" lon="-118.35587432608008">
        <time>2005-06-18T19:09:39-07:00</time>
      </trkpt>
      <trkpt lat="36.77031906321645" lon="-118.35594724863768">
        <time>2005-06-18T19:09:44-07:00</time>
      </trkpt>
      <trkpt lat="36.77033431828022" lon="-118.35596937686205">
        <time>2005-06-18T19:09:47-07:00</time>
      </trkpt>
      <trkpt lat="36.77040020003915" lon="-118.35604791529477">
        <time>2005-06-18T19:09:50-07:00</time>
      </trkpt>
      <trkpt lat="36.77043850533664" lon="-118.3560963626951">
        <time>2005-06-18T19:09:56-07:00</time>
      </trkpt>
      <trkpt lat="36.77044118754566" lon="-118.35611974820495">
        <time>2005-06-18T19:09:58-07:00</time>
      </trkpt>
      <trkpt lat="36.77043825387955" lon="-118.35613123141229">
        <time>2005-06-18T19:10:05-07:00</time>
      </trkpt>
      <trkpt lat="36.770458202809095" lon="-118.35620457306504">
        <time>2005-06-18T19:10:10-07:00</time>
      </trkpt>
      <trkpt lat="36.77049214951694" lon="-118.35625285282731">
        <time>2005-06-18T19:10:12-07:00</time>
      </trkpt>
      <trkpt lat="36.770521150901914" lon="-118.3562914095819">
        <time>2005-06-18T19:10:13-07:00</time>
      </trkpt>
      <trkpt lat="36.77060706540942" lon="-118.35635838098824">
        <time>2005-06-18T19:10:19-07:00</time>
      </trkpt>
      <trkpt lat="36.77066766656935" lon="-118.35640389472246">
        <time>2005-06-18T19:10:24-07:00</time>
      </trkpt>
      <trkpt lat="36.7706807423383" lon="-118.35645703598857">
        <time>2005-06-18T19:10:27-07:00</time>
      </trkpt>
      <trkpt lat="36.77069214172661" lon="-118.3565641567111">
        <time>2005-06-18T19:10:35-07:00</time>
      </trkpt>
      <trkpt lat="36.77069163881242" lon="-118.35659416392446">
        <time>2005-06-18T19:10:40-07:00</time>
      </trkpt>
      <trkpt lat="36.77068216726184" lon="-118.35665359161794">
        <time>2005-06-18T19:10:44-07:00</time>
      </trkpt>
      <trkpt lat="36.77065785974264" lon="-118.35673782974482">
        <time>2005-06-18T19:10:51-07:00</time>
      </trkpt>
      <trkpt lat="36.770650148391724" lon="-118.35676280781627">
        <time>2005-06-18T19:10:53-07:00</time>
      </trkpt>
      <trkpt lat="36.770634138956666" lon="-118.35684545338154">
        <time>2005-06-18T19:10:57-07:00</time>
      </trkpt>
      <trkpt lat="36.77061980590224" lon="-118.35688660852611">
        <time>2005-06-18T19:11:03-07:00</time>
      </trkpt>
      <trkpt lat="36.77061192691326" lon="-118.35689775645733">
        <time>2005-06-18T19:11:05-07:00</time>
      </trkpt>
      <trkpt lat="36.77056641317904" lon="-118.35696280002594">
        <time>2005-06-18T19:11:12-07:00</time>
      </trkpt>
      <trkpt lat="36.770518301054835" lon="-118.35700227878988">
        <time>2005-06-18T19:11:18-07:00</time>
      </trkpt>
      <trkpt lat="36.77046331577003" lon="-118.35704544559121">
        <time>2005-06-18T19:11:19-07:00</time>
      </trkpt>
      <trkpt lat="36.77044571377337" lon="-118.35707335732877">
        <time>2005-06-18T19:11:25-07:00</time>
      </trkpt>
      <trkpt lat="36.77042182534933" lon="-118.35711350664496">
        <time>2005-06-18T19:11:31-07:00</time>
      </trkpt>
      <trkpt lat="36.770358961075544" lon="-118.35718559101224">
        <time>2005-06-18T19:11:36-07:00</time>
      </trkpt>
      <trkpt lat="36.77023692056537" lon="-118.35724216885865">
        <time>2005-06-18T19:11:39-07:00</time>
      </trkpt>
      <trkpt lat="36.77012267522514" lon="-118.35726949386299">
        <time>2005-06-18T19:11:42-07:00</time>
      </trkpt>
      <trkpt lat="36.77005134522915" lon="-118.35731299594045">
        <time>2005-06-18T19:11:49-07:00</time>
      </trkpt>
      <trkpt lat="36.77002259530127" lon="-118.35734954103827">
        <time>2005-06-18T19:11:59-07:00</time>
      </trkpt>
      <trkpt lat="36.7699951864779" lon="-118.35739924572408">
        <time>2005-06-18T19:12:08-07:00</time>
      </trkpt>
      <trkpt lat="36.76998940296471" lon="-118.35741441696882">
        <time>2005-06-18T19:12:15-07:00</time>
      </trkpt>
      <trkpt lat="36.76994673907757" lon="-118.35748524405062">
        <time>2005-06-18T19:12:19-07:00</time>
      </trkpt>
      <trkpt lat="36.769938776269555" lon="-118.35749463178217">
        <time>2005-06-18T19:12:23-07:00</time>
      </trkpt>
      <trkpt lat="36.769902566447854" lon="-118.35752891376615">
        <time>2005-06-18T19:12:24-07:00</time>
      </trkpt>
      <trkpt lat="36.76987691782415" lon="-118.35756252519786">
        <time>2005-06-18T19:12:31-07:00</time>
      </trkpt>
      <trkpt lat="36.76985437050462" lon="-118.35760250687599">
        <time>2005-06-18T19:12:32-07:00</time>
      </trkpt>
      <trkpt lat="36.76984045654535" lon="-118.35762555710971">
        <time>2005-06-18T19:12:36-07:00</time>
      </trkpt>
      <trkpt lat="36.76980768330395" lon="-118.35769839584827">
        <time>2005-06-18T19:12:40-07:00</time>
      </trkpt>
      <trkpt lat="36.769785303622484" lon="-118.35773225873709">
        <time>2005-06-18T19:12:43-07:00</time>
      </trkpt>
      <trkpt lat="36.76976560615003" lon="-118.35775329731405">
        <time>2005-06-18T19:12:45-07:00</time>
      </trkpt>
      <trkpt lat="36.76973241381347" lon="-118.35780501365662">
        <time>2005-06-18T19:12:50-07:00</time>
      </trkpt>
      <trkpt lat="36.76969427615404" lon="-118.3578644413501">
        <time>2005-06-18T19:12:53-07:00</time>
      </trkpt>
      <trkpt lat="36.76969067193568" lon="-118.35787056013942">
        <time>2005-06-18T19:12:56-07:00</time>
      </trkpt>
      <trkpt lat="36.76964909769595" lon="-118.35793803445995">
        <time>2005-06-18T19:13:00-07:00</time>
      </trkpt>
      <trkpt lat="36.7696066852659" lon="-118.358004251495">
        <time>2005-06-18T19:13:07-07:00</time>
      </trkpt>
      <trkpt lat="36.76960073411465" lon="-118.35803300142288">
        <time>2005-06-18T19:13:08-07:00</time>
      </trkpt>
      <trkpt lat="36.76957977935672" lon="-118.35810667835176">
        <time>2005-06-18T19:13:14-07:00</time>
      </trkpt>
      <trkpt lat="36.76957349292934" lon="-118.35811304859817">
        <time>2005-06-18T19:13:22-07:00</time>
      </trkpt>
      <trkpt lat="36.76952906884253" lon="-118.358144313097">
        <time>2005-06-18T19:13:25-07:00</time>
      </trkpt>
      <trkpt lat="36.76952010020614" lon="-118.35816451348364">
        <time>2005-06-18T19:13:30-07:00</time>
      </trkpt>
      <trkpt lat="36.76948891952634" lon="-118.35819862782955">
        <time>2005-06-18T19:13:31-07:00</time>
      </trkpt>
      <trkpt lat="36.76944172941148" lon="-118.35825369693339">
        <time>2005-06-18T19:13:36-07:00</time>
      </trkpt>
      <trkpt lat="36.76942823454738" lon="-118.358273813501">
        <time>2005-06-18T19:13:38-07:00</time>
      </trkpt>
      <trkpt lat="36.7694150749594" lon="-118.35829854011536">
        <time>2005-06-18T19:13:43-07:00</time>
      </trkpt>
      <trkpt lat="36.769408117979765" lon="-118.35830491036177">
        <time>2005-06-18T19:13:48-07:00</time>
      </trkpt>
      <trkpt lat="36.769393449649215" lon="-118.35831488482654">
        <time>2005-06-18T19:13:51-07:00</time>
      </trkpt>
      <trkpt lat="36.76938481628895" lon="-118.35832326672971">
        <time>2005-06-18T19:13:53-07:00</time>
      </trkpt>
      <trkpt lat="36.76936453208327" lon="-118.35836291313171">
        <time>2005-06-18T19:13:54-07:00</time>
      </trkpt>
      <trkpt lat="36.76932639442384" lon="-118.35840088315308">
        <time>2005-06-18T19:13:56-07:00</time>
      </trkpt>
      <trkpt lat="36.76931499503553" lon="-118.3584225922823">
        <time>2005-06-18T19:13:57-07:00</time>
      </trkpt>
      <trkpt lat="36.76929605193436" lon="-118.35845972411335">
        <time>2005-06-18T19:14:00-07:00</time>
      </trkpt>
      <trkpt lat="36.76928222179413" lon="-118.35848495364189">
        <time>2005-06-18T19:14:05-07:00</time>
      </trkpt>
      <trkpt lat="36.769282054156065" lon="-118.35851110517979">
        <time>2005-06-18T19:14:07-07:00</time>
      </trkpt>
      <trkpt lat="36.7692734207958" lon="-118.35856894031167">
        <time>2005-06-18T19:14:10-07:00</time>
      </trkpt>
      <trkpt lat="36.76926948130131" lon="-118.35860238410532">
        <time>2005-06-18T19:14:12-07:00</time>
      </trkpt>
      <trkpt lat="36.769262021407485" lon="-118.3586448803544">
        <time>2005-06-18T19:14:14-07:00</time>
      </trkpt>
      <trkpt lat="36.76924894563854" lon="-118.35867857560515">
        <time>2005-06-18T19:14:18-07:00</time>
      </trkpt>
      <trkpt lat="36.76924366503954" lon="-118.35868863388896">
        <time>2005-06-18T19:14:21-07:00</time>
      </trkpt>
      <trkpt lat="36.76922614686191" lon="-118.35877421312034">
        <time>2005-06-18T19:14:25-07:00</time>
      </trkpt>
      <trkpt lat="36.7692353669554" lon="-118.3588124345988">
        <time>2005-06-18T19:14:29-07:00</time>
      </trkpt>
      <trkpt lat="36.76923637278378" lon="-118.35887756198645">
        <time>2005-06-18T19:14:30-07:00</time>
      </trkpt>
      <trkpt lat="36.769234696403146" lon="-118.35889474488795">
        <time>2005-06-18T19:14:36-07:00</time>
      </trkpt>
      <trkpt lat="36.76919379271567" lon="-118.35894922725856">
        <time>2005-06-18T19:14:39-07:00</time>
      </trkpt>
      <trkpt lat="36.76915917545557" lon="-118.35896322503686">
        <time>2005-06-18T19:14:44-07:00</time>
      </trkpt>
      <trkpt lat="36.76913193427026" lon="-118.35898610763252">
        <time>2005-06-18T19:14:45-07:00</time>
      </trkpt>
      <trkpt lat="36.76910301670432" lon="-118.3590510673821">
        <time>2005-06-18T19:14:51-07:00</time>
      </trkpt>
      <trkpt lat="36.76910452544689" lon="-118.35906447842717">
        <time>2005-06-18T19:14:55-07:00</time>
      </trkpt>
      <trkpt lat="36.76911215297878" lon="-118.3591493871063">
        <time>2005-06-18T19:14:58-07:00</time>
      </trkpt>
      <trkpt lat="36.76911575719714" lon="-118.35921023972332">
        <time>2005-06-18T19:15:04-07:00</time>
      </trkpt>
      <trkpt lat="36.769116930663586" lon="-118.35925608873367">
        <time>2005-06-18T19:15:05-07:00</time>
      </trkpt>
      <trkpt lat="36.76912933588028" lon="-118.359354743734">
        <time>2005-06-18T19:15:12-07:00</time>
      </trkpt>
      <trkpt lat="36.769131012260914" lon="-118.35936756804585">
        <time>2005-06-18T19:15:17-07:00</time>
      </trkpt>
      <trkpt lat="36.76915431395173" lon="-118.3594530634582">
        <time>2005-06-18T19:15:20-07:00</time>
      </trkpt>
      <trkpt lat="36.7691595107317" lon="-118.35947695188224">
        <time>2005-06-18T19:15:27-07:00</time>
      </trkpt>
      <trkpt lat="36.769185746088624" lon="-118.35954803042114">
        <time>2005-06-18T19:15:28-07:00</time>
      </trkpt>
      <trkpt lat="36.7691991571337" lon="-118.35963419638574">
        <time>2005-06-18T19:15:34-07:00</time>
      </trkpt>
      <trkpt lat="36.769201923161745" lon="-118.35965640842915">
        <time>2005-06-18T19:15:36-07:00</time>
      </trkpt>
      <trkpt lat="36.76921625621617" lon="-118.35970711894333">
        <time>2005-06-18T19:15:41-07:00</time>
      </trkpt>
      <trkpt lat="36.769232768565416" lon="-118.35971013642848">
        <time>2005-06-18T19:15:47-07:00</time>
      </trkpt>
      <trkpt lat="36.7692543938756" lon="-118.35975782945752">
        <time>2005-06-18T19:15:49-07:00</time>
      </trkpt>
      <trkpt lat="36.76925313659012" lon="-118.35977149195969">
        <time>2005-06-18T19:15:53-07:00</time>
      </trkpt>
      <trkpt lat="36.769249280914664" lon="-118.3598035108298">
        <time>2005-06-18T19:15:55-07:00</time>
      </trkpt>
      <trkpt lat="36.769263530150056" lon="-118.35986176505685">
        <time>2005-06-18T19:16:00-07:00</time>
      </trkpt>
      <trkpt lat="36.76926361396909" lon="-118.35987492464483">
        <time>2005-06-18T19:16:01-07:00</time>
      </trkpt>
      <trkpt lat="36.76927258260548" lon="-118.35989797487855">
        <time>2005-06-18T19:16:03-07:00</time>
      </trkpt>
      <trkpt lat="36.769302589818835" lon="-118.35994491353631">
        <time>2005-06-18T19:16:08-07:00</time>
      </trkpt>
      <trkpt lat="36.769312312826514" lon="-118.35995656438172">
        <time>2005-06-18T19:16:09-07:00</time>
      </trkpt>
      <trkpt lat="36.76936436444521" lon="-118.36001775227487">
        <time>2005-06-18T19:16:11-07:00</time>
      </trkpt>
      <trkpt lat="36.76936721429229" lon="-118.36002613417804">
        <time>2005-06-18T19:16:15-07:00</time>
      </trkpt>
      <trkpt lat="36.76938624121249" lon="-118.36010190658271">
        <time>2005-06-18T19:16:16-07:00</time>
      </trkpt>
      <trkpt lat="36.7693907674402" lon="-118.36010718718171">
        <time>2005-06-18T19:16:23-07:00</time>
      </trkpt>
      <trkpt lat="36.76941373385489" lon="-118.36016410030425">
        <time>2005-06-18T19:16:24-07:00</time>
      </trkpt>
      <trkpt lat="36.76943804137409" lon="-118.36020483635366">
        <time>2005-06-18T19:16:31-07:00</time>
      </trkpt>
      <trkpt lat="36.76947148516774" lon="-118.36028337478638">
        <time>2005-06-18T19:16:32-07:00</time>
      </trkpt>
      <trkpt lat="36.76950258202851" lon="-118.36035772226751">
        <time>2005-06-18T19:16:38-07:00</time>
      </trkpt>
      <trkpt lat="36.76952362060547" lon="-118.36036635562778">
        <time>2005-06-18T19:16:41-07:00</time>
      </trkpt>
      <trkpt lat="36.76953108049929" lon="-118.36036182940006">
        <time>2005-06-18T19:16:48-07:00</time>
      </trkpt>
      <trkpt lat="36.76953795365989" lon="-118.36034850217402">
        <time>2005-06-18T19:16:54-07:00</time>
      </trkpt>
      <trkpt lat="36.769552705809474" lon="-118.36029158905149">
        <time>2005-06-18T19:16:56-07:00</time>
      </trkpt>
      <trkpt lat="36.76956318318844" lon="-118.36025730706751">
        <time>2005-06-18T19:16:57-07:00</time>
      </trkpt>
      <trkpt lat="36.7695926874876" lon="-118.36019360460341">
        <time>2005-06-18T19:16:59-07:00</time>
      </trkpt>
      <trkpt lat="36.76959495060146" lon="-118.36017935536802">
        <time>2005-06-18T19:17:04-07:00</time>
      </trkpt>
      <trkpt lat="36.76961808465421" lon="-118.36006368510425">
        <time>2005-06-18T19:17:07-07:00</time>
      </trkpt>
      <trkpt lat="36.76965253427625" lon="-118.35999310947955">
        <time>2005-06-18T19:17:13-07:00</time>
      </trkpt>
      <trkpt lat="36.76966619677842" lon="-118.35997617803514">
        <time>2005-06-18T19:17:14-07:00</time>
      </trkpt>
      <trkpt lat="36.76969662308693" lon="-118.35993242450058">
        <time>2005-06-18T19:17:21-07:00</time>
      </trkpt>
      <trkpt lat="36.76971824839711" lon="-118.35989478975534">
        <time>2005-06-18T19:17:27-07:00</time>
      </trkpt>
      <trkpt lat="36.76973786205053" lon="-118.35986184887588">
        <time>2005-06-18T19:17:29-07:00</time>
      </trkpt>
      <trkpt lat="36.76976149901748" lon="-118.35985061712563">
        <time>2005-06-18T19:17:34-07:00</time>
      </trkpt>
      <trkpt lat="36.769748255610466" lon="-118.35987978614867">
        <time>2005-06-18T19:17:37-07:00</time>
      </trkpt>
      <trkpt lat="36.76975579932332" lon="-118.35995279252529">
        <time>2005-06-18T19:17:40-07:00</time>
      </trkpt>
      <trkpt lat="36.76978312432766" lon="-118.36001615971327">
        <time>2005-06-18T19:17:47-07:00</time>
      </trkpt>
      <trkpt lat="36.76980458199978" lon="-118.3600561413914">
        <time>2005-06-18T19:17:49-07:00</time>
      </trkpt>
      <trkpt lat="36.76982629112899" lon="-118.36011967621744">
        <time>2005-06-18T19:17:54-07:00</time>
      </trkpt>
      <trkpt lat="36.76983626559377" lon="-118.3601610828191">
        <time>2005-06-18T19:17:59-07:00</time>
      </trkpt>
      <trkpt lat="36.7698397859931" lon="-118.36023635230958">
        <time>2005-06-18T19:18:02-07:00</time>
      </trkpt>
      <trkpt lat="36.769884461537" lon="-118.36029904894531">
        <time>2005-06-18T19:18:07-07:00</time>
      </trkpt>
      <trkpt lat="36.76991689950228" lon="-118.36034699343145">
        <time>2005-06-18T19:18:10-07:00</time>
      </trkpt>
      <trkpt lat="36.7699312325567" lon="-118.36036526598036">
        <time>2005-06-18T19:18:17-07:00</time>
      </trkpt>
      <trkpt lat="36.76995118148625" lon="-118.36042234674096">
        <time>2005-06-18T19:18:24-07:00</time>
      </trkpt>
      <trkpt lat="36.769957300275564" lon="-118.3604684472084">
        <time>2005-06-18T19:18:30-07:00</time>
      </trkpt>
      <trkpt lat="36.769961742684245" lon="-118.36049040779471">
        <time>2005-06-18T19:18:32-07:00</time>
      </trkpt>
      <trkpt lat="36.769985212013125" lon="-118.3605633303523">
        <time>2005-06-18T19:18:36-07:00</time>
      </trkpt>
      <trkpt lat="36.76999828778207" lon="-118.36059409193695">
        <time>2005-06-18T19:18:40-07:00</time>
      </trkpt>
      <trkpt lat="36.77001731470227" lon="-118.3606621529907">
        <time>2005-06-18T19:18:42-07:00</time>
      </trkpt>
      <trkpt lat="36.7700435500592" lon="-118.36073582991958">
        <time>2005-06-18T19:18:48-07:00</time>
      </trkpt>
      <trkpt lat="36.7700607329607" lon="-118.36076902225614">
        <time>2005-06-18T19:18:50-07:00</time>
      </trkpt>
      <trkpt lat="36.770075568929315" lon="-118.36085409857333">
        <time>2005-06-18T19:18:56-07:00</time>
      </trkpt>
      <trkpt lat="36.77008126862347" lon="-118.36086583323777">
        <time>2005-06-18T19:19:01-07:00</time>
      </trkpt>
      <trkpt lat="36.77010088227689" lon="-118.3609486464411">
        <time>2005-06-18T19:19:04-07:00</time>
      </trkpt>
      <trkpt lat="36.77010549232364" lon="-118.36097597144544">
        <time>2005-06-18T19:19:10-07:00</time>
      </trkpt>
      <trkpt lat="36.770124435424805" lon="-118.36105149239302">
        <time>2005-06-18T19:19:11-07:00</time>
      </trkpt>
      <trkpt lat="36.77013491280377" lon="-118.36113262921572">
        <time>2005-06-18T19:19:18-07:00</time>
      </trkpt>
      <trkpt lat="36.77014731802046" lon="-118.36116255261004">
        <time>2005-06-18T19:19:20-07:00</time>
      </trkpt>
      <trkpt lat="36.77014958113432" lon="-118.36124528199434">
        <time>2005-06-18T19:19:25-07:00</time>
      </trkpt>
      <trkpt lat="36.770141031593084" lon="-118.36126615293324">
        <time>2005-06-18T19:19:31-07:00</time>
      </trkpt>
      <trkpt lat="36.77015318535268" lon="-118.36132063530385">
        <time>2005-06-18T19:19:33-07:00</time>
      </trkpt>
      <trkpt lat="36.770162070170045" lon="-118.36131460033357">
        <time>2005-06-18T19:19:40-07:00</time>
      </trkpt>
      <trkpt lat="36.770214289426804" lon="-118.36126112379134">
        <time>2005-06-18T19:19:42-07:00</time>
      </trkpt>
      <trkpt lat="36.77022091113031" lon="-118.36125316098332">
        <time>2005-06-18T19:19:48-07:00</time>
      </trkpt>
      <trkpt lat="36.77026055753231" lon="-118.36121368221939">
        <time>2005-06-18T19:19:49-07:00</time>
      </trkpt>
      <trkpt lat="36.77027924917638" lon="-118.36117068305612">
        <time>2005-06-18T19:19:54-07:00</time>
      </trkpt>
      <trkpt lat="36.77028209902346" lon="-118.36115760728717">
        <time>2005-06-18T19:19:55-07:00</time>
      </trkpt>
      <trkpt lat="36.77028059028089" lon="-118.36113380268216">
        <time>2005-06-18T19:20:01-07:00</time>
      </trkpt>
      <trkpt lat="36.77029517479241" lon="-118.36108921095729">
        <time>2005-06-18T19:20:05-07:00</time>
      </trkpt>
      <trkpt lat="36.77032166160643" lon="-118.36102332919836">
        <time>2005-06-18T19:20:06-07:00</time>
      </trkpt>
      <trkpt lat="36.77032392472029" lon="-118.36100606247783">
        <time>2005-06-18T19:20:08-07:00</time>
      </trkpt>
      <trkpt lat="36.7703421972692" lon="-118.360940432176">
        <time>2005-06-18T19:20:12-07:00</time>
      </trkpt>
      <trkpt lat="36.770348735153675" lon="-118.36091788485646">
        <time>2005-06-18T19:20:18-07:00</time>
      </trkpt>
      <trkpt lat="36.77035393193364" lon="-118.36089927703142">
        <time>2005-06-18T19:20:20-07:00</time>
      </trkpt>
      <trkpt lat="36.770370276644826" lon="-118.36083222180605">
        <time>2005-06-18T19:20:25-07:00</time>
      </trkpt>
      <trkpt lat="36.770372707396746" lon="-118.36079265922308">
        <time>2005-06-18T19:20:28-07:00</time>
      </trkpt>
      <trkpt lat="36.770383436232805" lon="-118.36073935031891">
        <time>2005-06-18T19:20:30-07:00</time>
      </trkpt>
      <trkpt lat="36.77038318477571" lon="-118.36072728037834">
        <time>2005-06-18T19:20:36-07:00</time>
      </trkpt>
      <trkpt lat="36.770384944975376" lon="-118.36065469309688">
        <time>2005-06-18T19:20:39-07:00</time>
      </trkpt>
      <trkpt lat="36.770381927490234" lon="-118.3606169745326">
        <time>2005-06-18T19:20:44-07:00</time>
      </trkpt>
      <trkpt lat="36.77038519643247" lon="-118.3605514280498">
        <time>2005-06-18T19:20:45-07:00</time>
      </trkpt>
      <trkpt lat="36.7703802511096" lon="-118.36047196760774">
        <time>2005-06-18T19:20:50-07:00</time>
      </trkpt>
      <trkpt lat="36.770376060158014" lon="-118.36044891737401">
        <time>2005-06-18T19:20:53-07:00</time>
      </trkpt>
      <trkpt lat="36.77037354558706" lon="-118.36044061928988">
        <time>2005-06-18T19:20:58-07:00</time>
      </trkpt>
      <trkpt lat="36.770371701568365" lon="-118.36039150133729">
        <time>2005-06-18T19:21:03-07:00</time>
      </trkpt>
      <trkpt lat="36.770373377949" lon="-118.36036065593362">
        <time>2005-06-18T19:21:05-07:00</time>
      </trkpt>
      <trkpt lat="36.77037471905351" lon="-118.36034531705081">
        <time>2005-06-18T19:21:06-07:00</time>
      </trkpt>
      <trkpt lat="36.77037538960576" lon="-118.36024607531726">
        <time>2005-06-18T19:21:13-07:00</time>
      </trkpt>
      <trkpt lat="36.77037480287254" lon="-118.36020274087787">
        <time>2005-06-18T19:21:15-07:00</time>
      </trkpt>
      <trkpt lat="36.77038653753698" lon="-118.36018212139606">
        <time>2005-06-18T19:21:16-07:00</time>
      </trkpt>
      <trkpt lat="36.77039676345885" lon="-118.36021414026618">
        <time>2005-06-18T19:21:22-07:00</time>
      </trkpt>
      <trkpt lat="36.77043096162379" lon="-118.36026325821877">
        <time>2005-06-18T19:21:25-07:00</time>
      </trkpt>
      <trkpt lat="36.77050002850592" lon="-118.36034012027085">
        <time>2005-06-18T19:21:31-07:00</time>
      </trkpt>
      <trkpt lat="36.77054294385016" lon="-118.36036803200841">
        <time>2005-06-18T19:21:33-07:00</time>
      </trkpt>
      <trkpt lat="36.770574543625116" lon="-118.36039435118437">
        <time>2005-06-18T19:21:37-07:00</time>
      </trkpt>
      <trkpt lat="36.77058259025216" lon="-118.36040256544948">
        <time>2005-06-18T19:21:46-07:00</time>
      </trkpt>
      <trkpt lat="36.770607149228454" lon="-118.36043014191091">
        <time>2005-06-18T19:21:51-07:00</time>
      </trkpt>
      <trkpt lat="36.77062148228288" lon="-118.36045981384814">
        <time>2005-06-18T19:21:56-07:00</time>
      </trkpt>
      <trkpt lat="36.77065551280975" lon="-118.36047012358904">
        <time>2005-06-18T19:21:57-07:00</time>
      </trkpt>
      <trkpt lat="36.77065970376134" lon="-118.36046115495265">
        <time>2005-06-18T19:22:01-07:00</time>
      </trkpt>
      <trkpt lat="36.77066791802645" lon="-118.3604272082448">
        <time>2005-06-18T19:22:04-07:00</time>
      </trkpt>
      <trkpt lat="36.77067210897803" lon="-118.36039837449789">
        <time>2005-06-18T19:22:09-07:00</time>
      </trkpt>
      <trkpt lat="36.77067437209189" lon="-118.36036057211459">
        <time>2005-06-18T19:22:10-07:00</time>
      </trkpt>
      <trkpt lat="36.770691303536296" lon="-118.36031321436167">
        <time>2005-06-18T19:22:13-07:00</time>
      </trkpt>
      <trkpt lat="36.77070999518037" lon="-118.36024967953563">
        <time>2005-06-18T19:22:16-07:00</time>
      </trkpt>
      <trkpt lat="36.77071494050324" lon="-118.3602369390428">
        <time>2005-06-18T19:22:19-07:00</time>
      </trkpt>
      <trkpt lat="36.77075391635299" lon="-118.36017960682511">
        <time>2005-06-18T19:22:23-07:00</time>
      </trkpt>
      <trkpt lat="36.770755760371685" lon="-118.36016988381743">
        <time>2005-06-18T19:22:28-07:00</time>
      </trkpt>
      <trkpt lat="36.770769422873855" lon="-118.36011573672295">
        <time>2005-06-18T19:22:29-07:00</time>
      </trkpt>
      <trkpt lat="36.770772356539965" lon="-118.36010316386819">
        <time>2005-06-18T19:22:35-07:00</time>
      </trkpt>
      <trkpt lat="36.77080730907619" lon="-118.35998925380409">
        <time>2005-06-18T19:22:36-07:00</time>
      </trkpt>
      <trkpt lat="36.77081468515098" lon="-118.35996821522713">
        <time>2005-06-18T19:22:41-07:00</time>
      </trkpt>
      <trkpt lat="36.77083228714764" lon="-118.35993519052863">
        <time>2005-06-18T19:22:42-07:00</time>
      </trkpt>
      <trkpt lat="36.770851733163" lon="-118.35989638231695">
        <time>2005-06-18T19:22:51-07:00</time>
      </trkpt>
      <trkpt lat="36.77087671123445" lon="-118.35987651720643">
        <time>2005-06-18T19:22:53-07:00</time>
      </trkpt>
      <trkpt lat="36.77088685333729" lon="-118.35987383499742">
        <time>2005-06-18T19:22:57-07:00</time>
      </trkpt>
      <trkpt lat="36.77089121192694" lon="-118.35987727157772">
        <time>2005-06-18T19:23:00-07:00</time>
      </trkpt>
      <trkpt lat="36.77092272788286" lon="-118.35992228239775">
        <time>2005-06-18T19:23:04-07:00</time>
      </trkpt>
      <trkpt lat="36.770922895520926" lon="-118.35994960740209">
        <time>2005-06-18T19:23:05-07:00</time>
      </trkpt>
      <trkpt lat="36.770927757024765" lon="-118.36001037620008">
        <time>2005-06-18T19:23:06-07:00</time>
      </trkpt>
      <trkpt lat="36.77093764767051" lon="-118.3600833825767">
        <time>2005-06-18T19:23:11-07:00</time>
      </trkpt>
      <trkpt lat="36.77094309590757" lon="-118.36010308004916">
        <time>2005-06-18T19:23:13-07:00</time>
      </trkpt>
      <trkpt lat="36.770960949361324" lon="-118.3601507730782">
        <time>2005-06-18T19:23:17-07:00</time>
      </trkpt>
      <trkpt lat="36.77095885388553" lon="-118.36016485467553">
        <time>2005-06-18T19:23:23-07:00</time>
      </trkpt>
      <trkpt lat="36.77096329629421" lon="-118.3602231927216">
        <time>2005-06-18T19:23:25-07:00</time>
      </trkpt>
      <trkpt lat="36.77097796462476" lon="-118.36027063429356">
        <time>2005-06-18T19:23:28-07:00</time>
      </trkpt>
      <trkpt lat="36.77099145948887" lon="-118.36031841114163">
        <time>2005-06-18T19:23:29-07:00</time>
      </trkpt>
      <trkpt lat="36.770992800593376" lon="-118.36034866981208">
        <time>2005-06-18T19:23:33-07:00</time>
      </trkpt>
      <trkpt lat="36.77099824883044" lon="-118.36040038615465">
        <time>2005-06-18T19:23:37-07:00</time>
      </trkpt>
      <trkpt lat="36.77099984139204" lon="-118.36041882634163">
        <time>2005-06-18T19:23:41-07:00</time>
      </trkpt>
      <trkpt lat="36.771003445610404" lon="-118.36048210971057">
        <time>2005-06-18T19:23:44-07:00</time>
      </trkpt>
      <trkpt lat="36.77100285887718" lon="-118.36049233563244">
        <time>2005-06-18T19:23:48-07:00</time>
      </trkpt>
      <trkpt lat="36.77099699154496" lon="-118.36058051325381">
        <time>2005-06-18T19:23:50-07:00</time>
      </trkpt>
      <trkpt lat="36.77098324522376" lon="-118.3606690261513">
        <time>2005-06-18T19:23:56-07:00</time>
      </trkpt>
      <trkpt lat="36.77097628824413" lon="-118.36070029065013">
        <time>2005-06-18T19:23:57-07:00</time>
      </trkpt>
      <trkpt lat="36.77096128463745" lon="-118.3607966825366">
        <time>2005-06-18T19:24:04-07:00</time>
      </trkpt>
      <trkpt lat="36.7709709238261" lon="-118.36091168224812">
        <time>2005-06-18T19:24:10-07:00</time>
      </trkpt>
      <trkpt lat="36.77097310312092" lon="-118.3609190583229">
        <time>2005-06-18T19:24:12-07:00</time>
      </trkpt>
      <trkpt lat="36.77098517306149" lon="-118.36098820902407">
        <time>2005-06-18T19:24:19-07:00</time>
      </trkpt>
      <trkpt lat="36.77098668180406" lon="-118.36099826730788">
        <time>2005-06-18T19:24:27-07:00</time>
      </trkpt>
      <trkpt lat="36.77100168541074" lon="-118.36106859147549">
        <time>2005-06-18T19:24:28-07:00</time>
      </trkpt>
      <trkpt lat="36.77100503817201" lon="-118.36112701334059">
        <time>2005-06-18T19:24:34-07:00</time>
      </trkpt>
      <trkpt lat="36.77100679837167" lon="-118.36114386096597">
        <time>2005-06-18T19:24:35-07:00</time>
      </trkpt>
      <trkpt lat="36.77101459354162" lon="-118.36120689287782">
        <time>2005-06-18T19:24:40-07:00</time>
      </trkpt>
      <trkpt lat="36.771014677360654" lon="-118.36121887899935">
        <time>2005-06-18T19:24:44-07:00</time>
      </trkpt>
      <trkpt lat="36.77101434208453" lon="-118.36125148460269">
        <time>2005-06-18T19:24:46-07:00</time>
      </trkpt>
      <trkpt lat="36.771022053435445" lon="-118.36129624396563">
        <time>2005-06-18T19:24:52-07:00</time>
      </trkpt>
      <trkpt lat="36.771015683189034" lon="-118.36132574826479">
        <time>2005-06-18T19:24:54-07:00</time>
      </trkpt>
      <trkpt lat="36.77101459354162" lon="-118.36133941076696">
        <time>2005-06-18T19:25:02-07:00</time>
      </trkpt>
      <trkpt lat="36.77103705704212" lon="-118.36142465472221">
        <time>2005-06-18T19:25:09-07:00</time>
      </trkpt>
      <trkpt lat="36.77104091271758" lon="-118.3614338748157">
        <time>2005-06-18T19:25:19-07:00</time>
      </trkpt>
      <trkpt lat="36.771055329591036" lon="-118.36151383817196">
        <time>2005-06-18T19:25:20-07:00</time>
      </trkpt>
      <trkpt lat="36.77105499431491" lon="-118.36152431555092">
        <time>2005-06-18T19:25:27-07:00</time>
      </trkpt>
      <trkpt lat="36.7710692435503" lon="-118.3616016805172">
        <time>2005-06-18T19:25:28-07:00</time>
      </trkpt>
      <trkpt lat="36.77107058465481" lon="-118.36163160391152">
        <time>2005-06-18T19:25:34-07:00</time>
      </trkpt>
      <trkpt lat="36.77108106203377" lon="-118.36167963221669">
        <time>2005-06-18T19:25:35-07:00</time>
      </trkpt>
      <trkpt lat="36.77109690383077" lon="-118.36173512041569">
        <time>2005-06-18T19:25:42-07:00</time>
      </trkpt>
      <trkpt lat="36.77109799347818" lon="-118.36175356060266">
        <time>2005-06-18T19:25:44-07:00</time>
      </trkpt>
      <trkpt lat="36.77111039869487" lon="-118.3618207834661">
        <time>2005-06-18T19:25:49-07:00</time>
      </trkpt>
      <trkpt lat="36.77111115306616" lon="-118.36188188754022">
        <time>2005-06-18T19:25:54-07:00</time>
      </trkpt>
      <trkpt lat="36.77111626602709" lon="-118.36190409958363">
        <time>2005-06-18T19:25:56-07:00</time>
      </trkpt>
      <trkpt lat="36.77114753052592" lon="-118.36200996302068">
        <time>2005-06-18T19:26:02-07:00</time>
      </trkpt>
      <trkpt lat="36.77115867845714" lon="-118.36209210567176">
        <time>2005-06-18T19:26:07-07:00</time>
      </trkpt>
      <trkpt lat="36.771164294332266" lon="-118.36210258305073">
        <time>2005-06-18T19:26:09-07:00</time>
      </trkpt>
      <trkpt lat="36.771214585751295" lon="-118.36217441596091">
        <time>2005-06-18T19:26:17-07:00</time>
      </trkpt>
      <trkpt lat="36.77124702371657" lon="-118.36220836266875">
        <time>2005-06-18T19:26:24-07:00</time>
      </trkpt>
      <trkpt lat="36.7712642904371" lon="-118.36223275400698">
        <time>2005-06-18T19:26:25-07:00</time>
      </trkpt>
      <trkpt lat="36.771297650411725" lon="-118.36227742955089">
        <time>2005-06-18T19:26:32-07:00</time>
      </trkpt>
      <trkpt lat="36.77132363431156" lon="-118.36230986751616">
        <time>2005-06-18T19:26:36-07:00</time>
      </trkpt>
      <trkpt lat="36.77134056575596" lon="-118.36232654750347">
        <time>2005-06-18T19:26:39-07:00</time>
      </trkpt>
      <trkpt lat="36.77139186300337" lon="-118.36236862465739">
        <time>2005-06-18T19:26:44-07:00</time>
      </trkpt>
      <trkpt lat="36.771407118067145" lon="-118.36239092051983">
        <time>2005-06-18T19:26:47-07:00</time>
      </trkpt>
      <trkpt lat="36.77144265733659" lon="-118.3624474145472">
        <time>2005-06-18T19:26:49-07:00</time>
      </trkpt>
      <trkpt lat="36.77151474170387" lon="-118.36251254193485">
        <time>2005-06-18T19:26:56-07:00</time>
      </trkpt>
      <trkpt lat="36.77152320742607" lon="-118.36251840926707">
        <time>2005-06-18T19:26:59-07:00</time>
      </trkpt>
      <trkpt lat="36.77161264233291" lon="-118.36257305927575">
        <time>2005-06-18T19:27:04-07:00</time>
      </trkpt>
      <trkpt lat="36.7716408893466" lon="-118.36258328519762">
        <time>2005-06-18T19:27:11-07:00</time>
      </trkpt>
      <trkpt lat="36.7716633528471" lon="-118.36260046809912">
        <time>2005-06-18T19:27:12-07:00</time>
      </trkpt>
      <trkpt lat="36.77171749994159" lon="-118.3626564592123">
        <time>2005-06-18T19:27:21-07:00</time>
      </trkpt>
      <trkpt lat="36.77173459902406" lon="-118.36267095990479">
        <time>2005-06-18T19:27:24-07:00</time>
      </trkpt>
      <trkpt lat="36.7717738263309" lon="-118.36273583583534">
        <time>2005-06-18T19:27:27-07:00</time>
      </trkpt>
      <trkpt lat="36.77177860401571" lon="-118.36274396628141">
        <time>2005-06-18T19:27:35-07:00</time>
      </trkpt>
      <trkpt lat="36.77180006168783" lon="-118.36278637871146">
        <time>2005-06-18T19:27:37-07:00</time>
      </trkpt>
      <trkpt lat="36.77180525846779" lon="-118.36280004121363">
        <time>2005-06-18T19:27:44-07:00</time>
      </trkpt>
      <trkpt lat="36.771817998960614" lon="-118.36284111253917">
        <time>2005-06-18T19:27:45-07:00</time>
      </trkpt>
      <trkpt lat="36.77183501422405" lon="-118.36291453801095">
        <time>2005-06-18T19:27:50-07:00</time>
      </trkpt>
      <trkpt lat="36.77184071391821" lon="-118.36300036869943">
        <time>2005-06-18T19:27:51-07:00</time>
      </trkpt>
      <trkpt lat="36.771839959546924" lon="-118.36300950497389">
        <time>2005-06-18T19:27:54-07:00</time>
      </trkpt>
      <trkpt lat="36.7718499340117" lon="-118.36308242753148">
        <time>2005-06-18T19:28:00-07:00</time>
      </trkpt>
      <trkpt lat="36.77185110747814" lon="-118.36312366649508">
        <time>2005-06-18T19:28:07-07:00</time>
      </trkpt>
      <trkpt lat="36.771853370592" lon="-118.36314545944333">
        <time>2005-06-18T19:28:08-07:00</time>
      </trkpt>
      <trkpt lat="36.771857058629394" lon="-118.36318233981729">
        <time>2005-06-18T19:28:14-07:00</time>
      </trkpt>
      <trkpt lat="36.77186083048582" lon="-118.36320647969842">
        <time>2005-06-18T19:28:19-07:00</time>
      </trkpt>
      <trkpt lat="36.771863428875804" lon="-118.36321603506804">
        <time>2005-06-18T19:28:21-07:00</time>
      </trkpt>
      <trkpt lat="36.77187046967447" lon="-118.36327353492379">
        <time>2005-06-18T19:28:24-07:00</time>
      </trkpt>
      <trkpt lat="36.771875750273466" lon="-118.36329859681427">
        <time>2005-06-18T19:28:26-07:00</time>
      </trkpt>
      <trkpt lat="36.77189729176462" lon="-118.36336112581193">
        <time>2005-06-18T19:28:27-07:00</time>
      </trkpt>
      <trkpt lat="36.77189796231687" lon="-118.3633885346353">
        <time>2005-06-18T19:28:32-07:00</time>
      </trkpt>
      <trkpt lat="36.77191078662872" lon="-118.36345751769841">
        <time>2005-06-18T19:28:34-07:00</time>
      </trkpt>
      <trkpt lat="36.77193568088114" lon="-118.36354904808104">
        <time>2005-06-18T19:28:39-07:00</time>
      </trkpt>
      <trkpt lat="36.771937692537904" lon="-118.36359171196818">
        <time>2005-06-18T19:28:41-07:00</time>
      </trkpt>
      <trkpt lat="36.77193551324308" lon="-118.36363119073212">
        <time>2005-06-18T19:28:48-07:00</time>
      </trkpt>
      <trkpt lat="36.77193459123373" lon="-118.36366237141192">
        <time>2005-06-18T19:28:57-07:00</time>
      </trkpt>
      <trkpt lat="36.77194230258465" lon="-118.36371299810708">
        <time>2005-06-18T19:29:02-07:00</time>
      </trkpt>
      <trkpt lat="36.77193735726178" lon="-118.36375700309873">
        <time>2005-06-18T19:29:05-07:00</time>
      </trkpt>
      <trkpt lat="36.771943140774965" lon="-118.36381131783128">
        <time>2005-06-18T19:29:08-07:00</time>
      </trkpt>
      <trkpt lat="36.77194196730852" lon="-118.36383327841759">
        <time>2005-06-18T19:29:12-07:00</time>
      </trkpt>
      <trkpt lat="36.771935848519206" lon="-118.36387200281024">
        <time>2005-06-18T19:29:15-07:00</time>
      </trkpt>
      <trkpt lat="36.771933333948255" lon="-118.3638840727508">
        <time>2005-06-18T19:29:19-07:00</time>
      </trkpt>
      <trkpt lat="36.77192562259734" lon="-118.36396671831608">
        <time>2005-06-18T19:29:22-07:00</time>
      </trkpt>
      <trkpt lat="36.77191807888448" lon="-118.3639881759882">
        <time>2005-06-18T19:29:25-07:00</time>
      </trkpt>
      <trkpt lat="36.77188966423273" lon="-118.3640397246927">
        <time>2005-06-18T19:29:26-07:00</time>
      </trkpt>
      <trkpt lat="36.77184239029884" lon="-118.36409160867333">
        <time>2005-06-18T19:29:32-07:00</time>
      </trkpt>
      <trkpt lat="36.77183208055794" lon="-118.3641004934907">
        <time>2005-06-18T19:29:34-07:00</time>
      </trkpt>
      <trkpt lat="36.77179427817464" lon="-118.3641848154366">
        <time>2005-06-18T19:29:39-07:00</time>
      </trkpt>
      <trkpt lat="36.77179243415594" lon="-118.3642125595361">
        <time>2005-06-18T19:29:46-07:00</time>
      </trkpt>
      <trkpt lat="36.77180794067681" lon="-118.36425815708935">
        <time>2005-06-18T19:29:47-07:00</time>
      </trkpt>
      <trkpt lat="36.77181640639901" lon="-118.36425757035613">
        <time>2005-06-18T19:29:54-07:00</time>
      </trkpt>
      <trkpt lat="36.771823363378644" lon="-118.36425899527967">
        <time>2005-06-18T19:29:56-07:00</time>
      </trkpt>
      <trkpt lat="36.771892262622714" lon="-118.36428380571306">
        <time>2005-06-18T19:30:01-07:00</time>
      </trkpt>
      <trkpt lat="36.77195940166712" lon="-118.36431138217449">
        <time>2005-06-18T19:30:02-07:00</time>
      </trkpt>
      <trkpt lat="36.77199577912688" lon="-118.36432722397149">
        <time>2005-06-18T19:30:03-07:00</time>
      </trkpt>
      <trkpt lat="36.772017823532224" lon="-118.36433267220855">
        <time>2005-06-18T19:30:10-07:00</time>
      </trkpt>
      <trkpt lat="36.77204799838364" lon="-118.3643330913037">
        <time>2005-06-18T19:30:16-07:00</time>
      </trkpt>
      <trkpt lat="36.772067695856094" lon="-118.36432714015245">
        <time>2005-06-18T19:30:20-07:00</time>
      </trkpt>
      <trkpt lat="36.77208052016795" lon="-118.3643251284957">
        <time>2005-06-18T19:30:22-07:00</time>
      </trkpt>
      <trkpt lat="36.77213869057596" lon="-118.36429587565362">
        <time>2005-06-18T19:30:25-07:00</time>
      </trkpt>
      <trkpt lat="36.77221077494323" lon="-118.36426318623126">
        <time>2005-06-18T19:30:27-07:00</time>
      </trkpt>
      <trkpt lat="36.77225762978196" lon="-118.36426352150738">
        <time>2005-06-18T19:30:28-07:00</time>
      </trkpt>
      <trkpt lat="36.77229065448046" lon="-118.36427374742925">
        <time>2005-06-18T19:30:36-07:00</time>
      </trkpt>
      <trkpt lat="36.77234664559364" lon="-118.36426042020321">
        <time>2005-06-18T19:30:44-07:00</time>
      </trkpt>
      <trkpt lat="36.77235335111618" lon="-118.36426402442157">
        <time>2005-06-18T19:30:49-07:00</time>
      </trkpt>
      <trkpt lat="36.77241110242903" lon="-118.3642847277224">
        <time>2005-06-18T19:30:53-07:00</time>
      </trkpt>
      <trkpt lat="36.772423423826694" lon="-118.36428749375045">
        <time>2005-06-18T19:31:01-07:00</time>
      </trkpt>
      <trkpt lat="36.7724696919322" lon="-118.36426888592541">
        <time>2005-06-18T19:31:02-07:00</time>
      </trkpt>
      <trkpt lat="36.77248997613788" lon="-118.36425438523293">
        <time>2005-06-18T19:31:08-07:00</time>
      </trkpt>
      <trkpt lat="36.77252300083637" lon="-118.36418288759887">
        <time>2005-06-18T19:31:10-07:00</time>
      </trkpt>
      <trkpt lat="36.77253515459597" lon="-118.36411323398352">
        <time>2005-06-18T19:31:14-07:00</time>
      </trkpt>
      <trkpt lat="36.772540686652064" lon="-118.36410518735647">
        <time>2005-06-18T19:31:16-07:00</time>
      </trkpt>
      <trkpt lat="36.7725492361933" lon="-118.3640970569104">
        <time>2005-06-18T19:31:22-07:00</time>
      </trkpt>
      <trkpt lat="36.77255652844906" lon="-118.36410133168101">
        <time>2005-06-18T19:31:27-07:00</time>
      </trkpt>
      <trkpt lat="36.772558791562915" lon="-118.36413477547467">
        <time>2005-06-18T19:31:28-07:00</time>
      </trkpt>
      <trkpt lat="36.772561222314835" lon="-118.36416319012642">
        <time>2005-06-18T19:31:29-07:00</time>
      </trkpt>
      <trkpt lat="36.77256063558161" lon="-118.36425530724227">
        <time>2005-06-18T19:31:31-07:00</time>
      </trkpt>
      <trkpt lat="36.772561222314835" lon="-118.36427324451506">
        <time>2005-06-18T19:31:34-07:00</time>
      </trkpt>
      <trkpt lat="36.77254244685173" lon="-118.36435044184327">
        <time>2005-06-18T19:31:36-07:00</time>
      </trkpt>
      <trkpt lat="36.77252962253988" lon="-118.36441498249769">
        <time>2005-06-18T19:31:42-07:00</time>
      </trkpt>
      <trkpt lat="36.772529454901814" lon="-118.36442126892507">
        <time>2005-06-18T19:31:43-07:00</time>
      </trkpt>
      <trkpt lat="36.77253272384405" lon="-118.364476589486">
        <time>2005-06-18T19:31:49-07:00</time>
      </trkpt>
      <trkpt lat="36.7725302092731" lon="-118.36450944654644">
        <time>2005-06-18T19:31:55-07:00</time>
      </trkpt>
      <trkpt lat="36.77251746878028" lon="-118.36460139602423">
        <time>2005-06-18T19:31:56-07:00</time>
      </trkpt>
      <trkpt lat="36.772514283657074" lon="-118.3646980393678">
        <time>2005-06-18T19:32:01-07:00</time>
      </trkpt>
      <trkpt lat="36.7725043091923" lon="-118.36476434022188">
        <time>2005-06-18T19:32:03-07:00</time>
      </trkpt>
      <trkpt lat="36.77249643020332" lon="-118.36482435464859">
        <time>2005-06-18T19:32:10-07:00</time>
      </trkpt>
      <trkpt lat="36.77249307744205" lon="-118.36489920504391">
        <time>2005-06-18T19:32:18-07:00</time>
      </trkpt>
      <trkpt lat="36.772476229816675" lon="-118.36494698189199">
        <time>2005-06-18T19:32:23-07:00</time>
      </trkpt>
      <trkpt lat="36.77246818318963" lon="-118.36498327553272">
        <time>2005-06-18T19:32:28-07:00</time>
      </trkpt>
      <trkpt lat="36.772482600063086" lon="-118.36508377455175">
        <time>2005-06-18T19:32:35-07:00</time>
      </trkpt>
      <trkpt lat="36.77249550819397" lon="-118.36516600102186">
        <time>2005-06-18T19:32:40-07:00</time>
      </trkpt>
      <trkpt lat="36.772476732730865" lon="-118.36526297964156">
        <time>2005-06-18T19:32:43-07:00</time>
      </trkpt>
      <trkpt lat="36.772451838478446" lon="-118.36535065434873">
        <time>2005-06-18T19:32:50-07:00</time>
      </trkpt>
      <trkpt lat="36.772401463240385" lon="-118.36540656164289">
        <time>2005-06-18T19:32:56-07:00</time>
      </trkpt>
      <trkpt lat="36.772389728575945" lon="-118.36541142314672">
        <time>2005-06-18T19:33:04-07:00</time>
      </trkpt>
      <trkpt lat="36.77232787013054" lon="-118.36543112061918">
        <time>2005-06-18T19:33:13-07:00</time>
      </trkpt>
      <trkpt lat="36.77228797227144" lon="-118.36552625522017">
        <time>2005-06-18T19:33:20-07:00</time>
      </trkpt>
      <trkpt lat="36.772281769663095" lon="-118.36553706787527">
        <time>2005-06-18T19:33:21-07:00</time>
      </trkpt>
      <trkpt lat="36.77222083322704" lon="-118.36559138260782">
        <time>2005-06-18T19:33:27-07:00</time>
      </trkpt>
      <trkpt lat="36.772204572334886" lon="-118.36560051888227">
        <time>2005-06-18T19:33:34-07:00</time>
      </trkpt>
      <trkpt lat="36.7721763253212" lon="-118.3656219765544">
        <time>2005-06-18T19:33:35-07:00</time>
      </trkpt>
      <trkpt lat="36.772161489352584" lon="-118.36563614197075">
        <time>2005-06-18T19:33:42-07:00</time>
      </trkpt>
      <trkpt lat="36.77210499532521" lon="-118.3657197933644">
        <time>2005-06-18T19:33:46-07:00</time>
      </trkpt>
      <trkpt lat="36.77208521403372" lon="-118.36577033624053">
        <time>2005-06-18T19:33:49-07:00</time>
      </trkpt>
      <trkpt lat="36.772070629522204" lon="-118.36579053662717">
        <time>2005-06-18T19:33:51-07:00</time>
      </trkpt>
      <trkpt lat="36.77205436863005" lon="-118.36582607589662">
        <time>2005-06-18T19:33:59-07:00</time>
      </trkpt>
      <trkpt lat="36.77203391678631" lon="-118.36585516110063">
        <time>2005-06-18T19:34:02-07:00</time>
      </trkpt>
      <trkpt lat="36.77201170474291" lon="-118.36589581333101">
        <time>2005-06-18T19:34:05-07:00</time>
      </trkpt>
      <trkpt lat="36.772002233192325" lon="-118.36590025573969">
        <time>2005-06-18T19:34:09-07:00</time>
      </trkpt>
      <trkpt lat="36.77196962758899" lon="-118.36591634899378">
        <time>2005-06-18T19:34:13-07:00</time>
      </trkpt>
      <trkpt lat="36.77193442359567" lon="-118.36592799983919">
        <time>2005-06-18T19:34:18-07:00</time>
      </trkpt>
      <trkpt lat="36.77188723348081" lon="-118.36594845168293">
        <time>2005-06-18T19:34:20-07:00</time>
      </trkpt>
      <trkpt lat="36.771875750273466" lon="-118.3659497089684">
        <time>2005-06-18T19:34:24-07:00</time>
      </trkpt>
      <trkpt lat="36.7718496825546" lon="-118.36596395820379">
        <time>2005-06-18T19:34:28-07:00</time>
      </trkpt>
      <trkpt lat="36.771812131628394" lon="-118.36597326211631">
        <time>2005-06-18T19:34:33-07:00</time>
      </trkpt>
      <trkpt lat="36.77178354933858" lon="-118.36598390713334">
        <time>2005-06-18T19:34:35-07:00</time>
      </trkpt>
      <trkpt lat="36.77172630093992" lon="-118.36600377224386">
        <time>2005-06-18T19:34:39-07:00</time>
      </trkpt>
      <trkpt lat="36.771714482456446" lon="-118.36600402370095">
        <time>2005-06-18T19:34:43-07:00</time>
      </trkpt>
      <trkpt lat="36.77166871726513" lon="-118.36600117385387">
        <time>2005-06-18T19:34:45-07:00</time>
      </trkpt>
      <trkpt lat="36.77165354602039" lon="-118.36600913666189">
        <time>2005-06-18T19:34:51-07:00</time>
      </trkpt>
      <trkpt lat="36.77164826542139" lon="-118.36601014249027">
        <time>2005-06-18T19:34:52-07:00</time>
      </trkpt>
      <trkpt lat="36.771619096398354" lon="-118.36602154187858">
        <time>2005-06-18T19:34:57-07:00</time>
      </trkpt>
      <trkpt lat="36.7715874966234" lon="-118.36604383774102">
        <time>2005-06-18T19:34:59-07:00</time>
      </trkpt>
      <trkpt lat="36.77154810167849" lon="-118.36607275530696">
        <time>2005-06-18T19:35:00-07:00</time>
      </trkpt>
      <trkpt lat="36.771517004817724" lon="-118.36609915830195">
        <time>2005-06-18T19:35:03-07:00</time>
      </trkpt>
      <trkpt lat="36.77148079499602" lon="-118.36611315608025">
        <time>2005-06-18T19:35:06-07:00</time>
      </trkpt>
      <trkpt lat="36.77143268287182" lon="-118.36612690240145">
        <time>2005-06-18T19:35:11-07:00</time>
      </trkpt>
      <trkpt lat="36.77141600288451" lon="-118.3661273214966">
        <time>2005-06-18T19:35:15-07:00</time>
      </trkpt>
      <trkpt lat="36.771366046741605" lon="-118.36613578721881">
        <time>2005-06-18T19:35:19-07:00</time>
      </trkpt>
      <trkpt lat="36.77136772312224" lon="-118.36613452993333">
        <time>2005-06-18T19:35:25-07:00</time>
      </trkpt>
      <trkpt lat="36.77133687771857" lon="-118.36612472310662">
        <time>2005-06-18T19:35:27-07:00</time>
      </trkpt>
      <trkpt lat="36.77132531069219" lon="-118.36612145416439">
        <time>2005-06-18T19:35:35-07:00</time>
      </trkpt>
      <trkpt lat="36.77131223492324" lon="-118.36612606421113">
        <time>2005-06-18T19:35:37-07:00</time>
      </trkpt>
      <trkpt lat="36.771283484995365" lon="-118.36614307947457">
        <time>2005-06-18T19:35:47-07:00</time>
      </trkpt>
      <trkpt lat="36.771279042586684" lon="-118.36615196429193">
        <time>2005-06-18T19:35:52-07:00</time>
      </trkpt>
      <trkpt lat="36.77127778530121" lon="-118.36615632288158">
        <time>2005-06-18T19:35:57-07:00</time>
      </trkpt>
      <trkpt lat="36.77127040922642" lon="-118.36616143584251">
        <time>2005-06-18T19:36:06-07:00</time>
      </trkpt>
      <trkpt lat="36.77122229710221" lon="-118.36617400869727">
        <time>2005-06-18T19:36:11-07:00</time>
      </trkpt>
      <trkpt lat="36.771203856915236" lon="-118.36617887020111">
        <time>2005-06-18T19:36:13-07:00</time>
      </trkpt>
      <trkpt lat="36.77119832485914" lon="-118.3661756850779">
        <time>2005-06-18T19:36:16-07:00</time>
      </trkpt>
      <trkpt lat="36.77117217332125" lon="-118.36615699343383">
        <time>2005-06-18T19:36:21-07:00</time>
      </trkpt>
      <trkpt lat="36.77115180529654" lon="-118.36614517495036">
        <time>2005-06-18T19:36:22-07:00</time>
      </trkpt>
      <trkpt lat="36.77109036594629" lon="-118.36614064872265">
        <time>2005-06-18T19:36:23-07:00</time>
      </trkpt>
      <trkpt lat="36.771080726757646" lon="-118.36614048108459">
        <time>2005-06-18T19:36:26-07:00</time>
      </trkpt>
      <trkpt lat="36.771066980436444" lon="-118.366141570732">
        <time>2005-06-18T19:36:28-07:00</time>
      </trkpt>
      <trkpt lat="36.771045941859484" lon="-118.36614953354001">
        <time>2005-06-18T19:36:33-07:00</time>
      </trkpt>
      <trkpt lat="36.77101308479905" lon="-118.36615883745253">
        <time>2005-06-18T19:36:34-07:00</time>
      </trkpt>
      <trkpt lat="36.77097897045314" lon="-118.36615037173033">
        <time>2005-06-18T19:36:36-07:00</time>
      </trkpt>
      <trkpt lat="36.77093982696533" lon="-118.36613168008626">
        <time>2005-06-18T19:36:38-07:00</time>
      </trkpt>
      <trkpt lat="36.77092465572059" lon="-118.36612656712532">
        <time>2005-06-18T19:36:41-07:00</time>
      </trkpt>
      <trkpt lat="36.77092012949288" lon="-118.366131009534">
        <time>2005-06-18T19:36:45-07:00</time>
      </trkpt>
      <trkpt lat="36.77091032266617" lon="-118.36614014580846">
        <time>2005-06-18T19:36:49-07:00</time>
      </trkpt>
      <trkpt lat="36.7709069699049" lon="-118.36614081636071">
        <time>2005-06-18T19:36:52-07:00</time>
      </trkpt>
      <trkpt lat="36.77088115364313" lon="-118.3661463484168">
        <time>2005-06-18T19:36:53-07:00</time>
      </trkpt>
      <trkpt lat="36.77082675509155" lon="-118.36614458821714">
        <time>2005-06-18T19:36:55-07:00</time>
      </trkpt>
      <trkpt lat="36.77075978368521" lon="-118.36613243445754">
        <time>2005-06-18T19:36:56-07:00</time>
      </trkpt>
      <trkpt lat="36.77072047255933" lon="-118.36613561958075">
        <time>2005-06-18T19:36:59-07:00</time>
      </trkpt>
      <trkpt lat="36.770679485052824" lon="-118.36613528430462">
        <time>2005-06-18T19:37:03-07:00</time>
      </trkpt>
      <trkpt lat="36.77062156610191" lon="-118.36614852771163">
        <time>2005-06-18T19:37:08-07:00</time>
      </trkpt>
      <trkpt lat="36.77064352668822" lon="-118.36615573614836">
        <time>2005-06-18T19:37:12-07:00</time>
      </trkpt>
      <trkpt lat="36.770694740116596" lon="-118.3661828096956">
        <time>2005-06-18T19:37:16-07:00</time>
      </trkpt>
      <trkpt lat="36.770731871947646" lon="-118.36620468646288">
        <time>2005-06-18T19:37:24-07:00</time>
      </trkpt>
      <trkpt lat="36.770768919959664" lon="-118.36622069589794">
        <time>2005-06-18T19:37:26-07:00</time>
      </trkpt>
      <trkpt lat="36.77085617557168" lon="-118.36624290794134">
        <time>2005-06-18T19:37:32-07:00</time>
      </trkpt>
      <trkpt lat="36.77086849696934" lon="-118.36624709889293">
        <time>2005-06-18T19:37:36-07:00</time>
      </trkpt>
      <trkpt lat="36.77086162380874" lon="-118.36626956239343">
        <time>2005-06-18T19:37:40-07:00</time>
      </trkpt>
      <trkpt lat="36.770820720121264" lon="-118.36627207696438">
        <time>2005-06-18T19:37:47-07:00</time>
      </trkpt>
      <trkpt lat="36.77079062908888" lon="-118.3662660419941">
        <time>2005-06-18T19:37:48-07:00</time>
      </trkpt>
      <trkpt lat="36.770722568035126" lon="-118.36626637727022">
        <time>2005-06-18T19:37:53-07:00</time>
      </trkpt>
      <trkpt lat="36.770709827542305" lon="-118.36627090349793">
        <time>2005-06-18T19:37:57-07:00</time>
      </trkpt>
      <trkpt lat="36.77064671181142" lon="-118.36629655212164">
        <time>2005-06-18T19:38:00-07:00</time>
      </trkpt>
      <trkpt lat="36.77060999907553" lon="-118.36632899008691">
        <time>2005-06-18T19:38:06-07:00</time>
      </trkpt>
      <trkpt lat="36.770593067631125" lon="-118.36634843610227">
        <time>2005-06-18T19:38:07-07:00</time>
      </trkpt>
      <trkpt lat="36.77052827551961" lon="-118.36639889515936">
        <time>2005-06-18T19:38:13-07:00</time>
      </trkpt>
      <trkpt lat="36.77048737183213" lon="-118.36647491902113">
        <time>2005-06-18T19:38:18-07:00</time>
      </trkpt>
      <trkpt lat="36.770481588318944" lon="-118.36650878190994">
        <time>2005-06-18T19:38:20-07:00</time>
      </trkpt>
      <trkpt lat="36.77048418670893" lon="-118.36654650047421">
        <time>2005-06-18T19:38:28-07:00</time>
      </trkpt>
      <trkpt lat="36.770485611632466" lon="-118.36659427732229">
        <time>2005-06-18T19:38:35-07:00</time>
      </trkpt>
      <trkpt lat="36.77048712037504" lon="-118.36660534143448">
        <time>2005-06-18T19:38:38-07:00</time>
      </trkpt>
      <trkpt lat="36.770479660481215" lon="-118.36661590263247">
        <time>2005-06-18T19:38:42-07:00</time>
      </trkpt>
      <trkpt lat="36.770476726815104" lon="-118.36664431728423">
        <time>2005-06-18T19:38:48-07:00</time>
      </trkpt>
      <trkpt lat="36.77048485726118" lon="-118.36664507165551">
        <time>2005-06-18T19:38:49-07:00</time>
      </trkpt>
      <trkpt lat="36.77051427774131" lon="-118.36663727648556">
        <time>2005-06-18T19:38:51-07:00</time>
      </trkpt>
      <trkpt lat="36.77051964215934" lon="-118.36662629619241">
        <time>2005-06-18T19:38:54-07:00</time>
      </trkpt>
      <trkpt lat="36.77054529078305" lon="-118.3665641862899">
        <time>2005-06-18T19:38:55-07:00</time>
      </trkpt>
      <trkpt lat="36.77055752836168" lon="-118.3665490988642">
        <time>2005-06-18T19:38:58-07:00</time>
      </trkpt>
      <trkpt lat="36.77057622000575" lon="-118.36651590652764">
        <time>2005-06-18T19:38:59-07:00</time>
      </trkpt>
      <trkpt lat="36.770623326301575" lon="-118.36647869087756">
        <time>2005-06-18T19:39:05-07:00</time>
      </trkpt>
      <trkpt lat="36.7706339713186" lon="-118.3664592448622">
        <time>2005-06-18T19:39:08-07:00</time>
      </trkpt>
      <trkpt lat="36.770663894712925" lon="-118.36643342860043">
        <time>2005-06-18T19:39:11-07:00</time>
      </trkpt>
      <trkpt lat="36.77067378535867" lon="-118.3664399664849">
        <time>2005-06-18T19:39:16-07:00</time>
      </trkpt>
      <trkpt lat="36.77069691941142" lon="-118.36645354516804">
        <time>2005-06-18T19:39:18-07:00</time>
      </trkpt>
      <trkpt lat="36.7707359790802" lon="-118.3664542157203">
        <time>2005-06-18T19:39:22-07:00</time>
      </trkpt>
      <trkpt lat="36.77075508981943" lon="-118.36645505391061">
        <time>2005-06-18T19:39:23-07:00</time>
      </trkpt>
      <trkpt lat="36.77079264074564" lon="-118.36643342860043">
        <time>2005-06-18T19:39:25-07:00</time>
      </trkpt>
      <trkpt lat="36.77081066183746" lon="-118.36645538918674">
        <time>2005-06-18T19:39:28-07:00</time>
      </trkpt>
      <trkpt lat="36.77076573483646" lon="-118.36648464202881">
        <time>2005-06-18T19:39:35-07:00</time>
      </trkpt>
      <trkpt lat="36.7707153595984" lon="-118.36649805307388">
        <time>2005-06-18T19:39:40-07:00</time>
      </trkpt>
      <trkpt lat="36.77070278674364" lon="-118.36650081910193">
        <time>2005-06-18T19:39:46-07:00</time>
      </trkpt>
      <trkpt lat="36.770674623548985" lon="-118.36653811857104">
        <time>2005-06-18T19:39:52-07:00</time>
      </trkpt>
      <trkpt lat="36.77068116143346" lon="-118.36654373444617">
        <time>2005-06-18T19:39:57-07:00</time>
      </trkpt>
      <trkpt lat="36.77070949226618" lon="-118.36653208360076">
        <time>2005-06-18T19:39:59-07:00</time>
      </trkpt>
      <trkpt lat="36.770789036527276" lon="-118.36653660982847">
        <time>2005-06-18T19:40:05-07:00</time>
      </trkpt>
      <trkpt lat="36.77085709758103" lon="-118.36652831174433">
        <time>2005-06-18T19:40:06-07:00</time>
      </trkpt>
      <trkpt lat="36.77085894159973" lon="-118.36650685407221">
        <time>2005-06-18T19:40:10-07:00</time>
      </trkpt>
      <trkpt lat="36.77090118639171" lon="-118.36647072806954">
        <time>2005-06-18T19:40:16-07:00</time>
      </trkpt>
      <trkpt lat="36.77097109146416" lon="-118.36647449992597">
        <time>2005-06-18T19:40:23-07:00</time>
      </trkpt>
      <trkpt lat="36.77105667069554" lon="-118.36647969670594">
        <time>2005-06-18T19:40:25-07:00</time>
      </trkpt>
      <trkpt lat="36.77110780030489" lon="-118.36647307500243">
        <time>2005-06-18T19:40:30-07:00</time>
      </trkpt>
      <trkpt lat="36.77111324854195" lon="-118.3664764277637">
        <time>2005-06-18T19:40:37-07:00</time>
      </trkpt>
      <trkpt lat="36.77110251970589" lon="-118.3664867375046">
        <time>2005-06-18T19:40:45-07:00</time>
      </trkpt>
      <trkpt lat="36.77107360213995" lon="-118.36650383658707">
        <time>2005-06-18T19:40:50-07:00</time>
      </trkpt>
      <trkpt lat="36.77104250527918" lon="-118.36654767394066">
        <time>2005-06-18T19:40:51-07:00</time>
      </trkpt>
      <trkpt lat="36.77102657966316" lon="-118.3665646892041">
        <time>2005-06-18T19:40:53-07:00</time>
      </trkpt>
      <trkpt lat="36.770990369841456" lon="-118.36662939749658">
        <time>2005-06-18T19:40:56-07:00</time>
      </trkpt>
      <trkpt lat="36.77095131017268" lon="-118.36669100448489">
        <time>2005-06-18T19:41:01-07:00</time>
      </trkpt>
      <trkpt lat="36.77094276063144" lon="-118.3666955307126">
        <time>2005-06-18T19:41:03-07:00</time>
      </trkpt>
      <trkpt lat="36.770868580788374" lon="-118.36671212688088">
        <time>2005-06-18T19:41:10-07:00</time>
      </trkpt>
      <trkpt lat="36.77080429159105" lon="-118.36677566170692">
        <time>2005-06-18T19:41:18-07:00</time>
      </trkpt>
      <trkpt lat="36.770783169195056" lon="-118.3667972870171">
        <time>2005-06-18T19:41:19-07:00</time>
      </trkpt>
      <trkpt lat="36.77074511535466" lon="-118.36684187874198">
        <time>2005-06-18T19:41:26-07:00</time>
      </trkpt>
      <trkpt lat="36.77074980922043" lon="-118.36686300113797">
        <time>2005-06-18T19:41:34-07:00</time>
      </trkpt>
      <trkpt lat="36.770763052627444" lon="-118.36687196977437">
        <time>2005-06-18T19:41:37-07:00</time>
      </trkpt>
      <trkpt lat="36.770788030698895" lon="-118.36686593480408">
        <time>2005-06-18T19:41:41-07:00</time>
      </trkpt>
      <trkpt lat="36.77081502042711" lon="-118.36685579270124">
        <time>2005-06-18T19:41:43-07:00</time>
      </trkpt>
      <trkpt lat="36.77084050141275" lon="-118.36685260757804">
        <time>2005-06-18T19:41:45-07:00</time>
      </trkpt>
      <trkpt lat="36.77087428048253" lon="-118.3668337482959">
        <time>2005-06-18T19:41:47-07:00</time>
      </trkpt>
      <trkpt lat="36.770936558023095" lon="-118.36680399253964">
        <time>2005-06-18T19:41:49-07:00</time>
      </trkpt>
      <trkpt lat="36.770986849442124" lon="-118.36678446270525">
        <time>2005-06-18T19:41:53-07:00</time>
      </trkpt>
      <trkpt lat="36.77100378088653" lon="-118.36677708663046">
        <time>2005-06-18T19:42:00-07:00</time>
      </trkpt>
      <trkpt lat="36.77105197682977" lon="-118.3667629212141">
        <time>2005-06-18T19:42:07-07:00</time>
      </trkpt>
      <trkpt lat="36.77109665237367" lon="-118.3667443972081">
        <time>2005-06-18T19:42:13-07:00</time>
      </trkpt>
      <trkpt lat="36.77110587246716" lon="-118.36674003861845">
        <time>2005-06-18T19:42:15-07:00</time>
      </trkpt>
      <trkpt lat="36.771172005683184" lon="-118.3667423017323">
        <time>2005-06-18T19:42:19-07:00</time>
      </trkpt>
      <trkpt lat="36.77124660462141" lon="-118.36675018072128">
        <time>2005-06-18T19:42:24-07:00</time>
      </trkpt>
      <trkpt lat="36.771268397569656" lon="-118.36675437167287">
        <time>2005-06-18T19:42:25-07:00</time>
      </trkpt>
      <trkpt lat="36.77130963653326" lon="-118.36677230894566">
        <time>2005-06-18T19:42:31-07:00</time>
      </trkpt>
      <trkpt lat="36.771327992901206" lon="-118.36678102612495">
        <time>2005-06-18T19:42:38-07:00</time>
      </trkpt>
      <trkpt lat="36.77137266844511" lon="-118.3667874801904">
        <time>2005-06-18T19:42:41-07:00</time>
      </trkpt>
      <trkpt lat="36.771434526890516" lon="-118.36678169667721">
        <time>2005-06-18T19:42:46-07:00</time>
      </trkpt>
      <trkpt lat="36.771438801661134" lon="-118.3667961973697">
        <time>2005-06-18T19:42:48-07:00</time>
      </trkpt>
      <trkpt lat="36.77143519744277" lon="-118.36680189706385">
        <time>2005-06-18T19:42:54-07:00</time>
      </trkpt>
      <trkpt lat="36.77142212167382" lon="-118.36681589484215">
        <time>2005-06-18T19:43:01-07:00</time>
      </trkpt>
      <trkpt lat="36.77140669897199" lon="-118.36681639775634">
        <time>2005-06-18T19:43:03-07:00</time>
      </trkpt>
      <trkpt lat="36.77135372534394" lon="-118.3668231870979">
        <time>2005-06-18T19:43:04-07:00</time>
      </trkpt>
      <trkpt lat="36.771321622654796" lon="-118.36682201363146">
        <time>2005-06-18T19:43:07-07:00</time>
      </trkpt>
      <trkpt lat="36.771295638754964" lon="-118.36683223955333">
        <time>2005-06-18T19:43:09-07:00</time>
      </trkpt>
      <trkpt lat="36.771241491660476" lon="-118.36686761118472">
        <time>2005-06-18T19:43:14-07:00</time>
      </trkpt>
      <trkpt lat="36.77122933790088" lon="-118.36687138304114">
        <time>2005-06-18T19:43:19-07:00</time>
      </trkpt>
      <trkpt lat="36.77115675061941" lon="-118.36691186763346">
        <time>2005-06-18T19:43:22-07:00</time>
      </trkpt>
      <trkpt lat="36.771088941022754" lon="-118.36697422899306">
        <time>2005-06-18T19:43:27-07:00</time>
      </trkpt>
      <trkpt lat="36.77107024937868" lon="-118.36698764003813">
        <time>2005-06-18T19:43:29-07:00</time>
      </trkpt>
      <trkpt lat="36.77102657966316" lon="-118.36704220622778">
        <time>2005-06-18T19:43:36-07:00</time>
      </trkpt>
      <trkpt lat="36.77099355496466" lon="-118.36709283292294">
        <time>2005-06-18T19:43:44-07:00</time>
      </trkpt>
      <trkpt lat="36.77096270956099" lon="-118.36711806245148">
        <time>2005-06-18T19:43:46-07:00</time>
      </trkpt>
      <trkpt lat="36.77096891216934" lon="-118.36715335026383">
        <time>2005-06-18T19:43:52-07:00</time>
      </trkpt>
      <trkpt lat="36.77097771316767" lon="-118.36714739911258">
        <time>2005-06-18T19:43:57-07:00</time>
      </trkpt>
      <trkpt lat="36.771005457267165" lon="-118.36713189259171">
        <time>2005-06-18T19:44:01-07:00</time>
      </trkpt>
      <trkpt lat="36.771049881353974" lon="-118.36709635332227">
        <time>2005-06-18T19:44:05-07:00</time>
      </trkpt>
      <trkpt lat="36.771074356511235" lon="-118.36708537302911">
        <time>2005-06-18T19:44:06-07:00</time>
      </trkpt>
      <trkpt lat="36.77111676894128" lon="-118.36706559173763">
        <time>2005-06-18T19:44:09-07:00</time>
      </trkpt>
      <trkpt lat="36.77113462239504" lon="-118.36705435998738">
        <time>2005-06-18T19:44:14-07:00</time>
      </trkpt>
      <trkpt lat="36.77118206396699" lon="-118.36703466251493">
        <time>2005-06-18T19:44:17-07:00</time>
      </trkpt>
      <trkpt lat="36.77125624381006" lon="-118.36701018735766">
        <time>2005-06-18T19:44:22-07:00</time>
      </trkpt>
      <trkpt lat="36.77125406451523" lon="-118.3670290466398">
        <time>2005-06-18T19:44:24-07:00</time>
      </trkpt>
      <trkpt lat="36.77123101428151" lon="-118.36704757064581">
        <time>2005-06-18T19:44:29-07:00</time>
      </trkpt>
      <trkpt lat="36.771206287667155" lon="-118.3670673519373">
        <time>2005-06-18T19:44:37-07:00</time>
      </trkpt>
      <trkpt lat="36.77116286940873" lon="-118.36710222065449">
        <time>2005-06-18T19:44:39-07:00</time>
      </trkpt>
      <trkpt lat="36.77112984471023" lon="-118.36713147349656">
        <time>2005-06-18T19:44:42-07:00</time>
      </trkpt>
      <trkpt lat="36.77111668512225" lon="-118.36714220233262">
        <time>2005-06-18T19:44:44-07:00</time>
      </trkpt>
      <trkpt lat="36.77109229378402" lon="-118.36716768331826">
        <time>2005-06-18T19:44:50-07:00</time>
      </trkpt>
      <trkpt lat="36.771059185266495" lon="-118.36720992811024">
        <time>2005-06-18T19:44:54-07:00</time>
      </trkpt>
      <trkpt lat="36.77103605121374" lon="-118.36723264306784">
        <time>2005-06-18T19:44:57-07:00</time>
      </trkpt>
      <trkpt lat="36.77099933847785" lon="-118.3672706130892">
        <time>2005-06-18T19:45:01-07:00</time>
      </trkpt>
      <trkpt lat="36.77099741064012" lon="-118.3673155400902">
        <time>2005-06-18T19:45:05-07:00</time>
      </trkpt>
      <trkpt lat="36.771013252437115" lon="-118.36730690672994">
        <time>2005-06-18T19:45:08-07:00</time>
      </trkpt>
      <trkpt lat="36.77107762545347" lon="-118.36726139299572">
        <time>2005-06-18T19:45:12-07:00</time>
      </trkpt>
      <trkpt lat="36.77113872952759" lon="-118.36722644045949">
        <time>2005-06-18T19:45:18-07:00</time>
      </trkpt>
      <trkpt lat="36.77114685997367" lon="-118.3672193158418">
        <time>2005-06-18T19:45:20-07:00</time>
      </trkpt>
      <trkpt lat="36.77119958214462" lon="-118.3672037255019">
        <time>2005-06-18T19:45:27-07:00</time>
      </trkpt>
      <trkpt lat="36.771203773096204" lon="-118.3672032225877">
        <time>2005-06-18T19:45:35-07:00</time>
      </trkpt>
      <trkpt lat="36.771245514974" lon="-118.36716768331826">
        <time>2005-06-18T19:45:36-07:00</time>
      </trkpt>
      <trkpt lat="36.77129069343209" lon="-118.36714387871325">
        <time>2005-06-18T19:45:43-07:00</time>
      </trkpt>
      <trkpt lat="36.77131257019937" lon="-118.36713415570557">
        <time>2005-06-18T19:45:44-07:00</time>
      </trkpt>
      <trkpt lat="36.77135791629553" lon="-118.36711839772761">
        <time>2005-06-18T19:45:48-07:00</time>
      </trkpt>
      <trkpt lat="36.771401250734925" lon="-118.36712284013629">
        <time>2005-06-18T19:45:53-07:00</time>
      </trkpt>
      <trkpt lat="36.77143662236631" lon="-118.3671136200428">
        <time>2005-06-18T19:45:55-07:00</time>
      </trkpt>
      <trkpt lat="36.77147241309285" lon="-118.36710574105382">
        <time>2005-06-18T19:45:59-07:00</time>
      </trkpt>
      <trkpt lat="36.77150116302073" lon="-118.36709182709455">
        <time>2005-06-18T19:46:03-07:00</time>
      </trkpt>
      <trkpt lat="36.771525386720896" lon="-118.36708595976233">
        <time>2005-06-18T19:46:06-07:00</time>
      </trkpt>
      <trkpt lat="36.77161582745612" lon="-118.36711529642344">
        <time>2005-06-18T19:46:10-07:00</time>
      </trkpt>
      <trkpt lat="36.77166301757097" lon="-118.36716449819505">
        <time>2005-06-18T19:46:14-07:00</time>
      </trkpt>
      <trkpt lat="36.77171029150486" lon="-118.36719668470323">
        <time>2005-06-18T19:46:16-07:00</time>
      </trkpt>
      <trkpt lat="36.77174733951688" lon="-118.36722258478403">
        <time>2005-06-18T19:46:24-07:00</time>
      </trkpt>
      <trkpt lat="36.77177231758833" lon="-118.36722535081208">
        <time>2005-06-18T19:46:31-07:00</time>
      </trkpt>
      <trkpt lat="36.7718396242708" lon="-118.36723482236266">
        <time>2005-06-18T19:46:36-07:00</time>
      </trkpt>
      <trkpt lat="36.77191112190485" lon="-118.3672238420695">
        <time>2005-06-18T19:46:40-07:00</time>
      </trkpt>
      <trkpt lat="36.7718998901546" lon="-118.36724353954196">
        <time>2005-06-18T19:46:42-07:00</time>
      </trkpt>
      <trkpt lat="36.77187608554959" lon="-118.36727983318269">
        <time>2005-06-18T19:46:49-07:00</time>
      </trkpt>
      <trkpt lat="36.771870804950595" lon="-118.36730053648353">
        <time>2005-06-18T19:46:57-07:00</time>
      </trkpt>
      <trkpt lat="36.7718948610127" lon="-118.36736222729087">
        <time>2005-06-18T19:47:00-07:00</time>
      </trkpt>
      <trkpt lat="36.77190634422004" lon="-118.36736960336566">
        <time>2005-06-18T19:47:03-07:00</time>
      </trkpt>
      <trkpt lat="36.77192805334926" lon="-118.36738863028586">
        <time>2005-06-18T19:47:04-07:00</time>
      </trkpt>
      <trkpt lat="36.77194347605109" lon="-118.36741696111858">
        <time>2005-06-18T19:47:09-07:00</time>
      </trkpt>
      <trkpt lat="36.77202025428414" lon="-118.3675002772361">
        <time>2005-06-18T19:47:10-07:00</time>
      </trkpt>
      <trkpt lat="36.772082364186645" lon="-118.3675695117563">
        <time>2005-06-18T19:47:12-07:00</time>
      </trkpt>
      <trkpt lat="36.772091668099165" lon="-118.36757680401206">
        <time>2005-06-18T19:47:15-07:00</time>
      </trkpt>
      <trkpt lat="36.772145396098495" lon="-118.36763514205813">
        <time>2005-06-18T19:47:25-07:00</time>
      </trkpt>
      <trkpt lat="36.772153275087476" lon="-118.36764570325613">
        <time>2005-06-18T19:47:32-07:00</time>
      </trkpt>
      <trkpt lat="36.77221219986677" lon="-118.36773061193526">
        <time>2005-06-18T19:47:33-07:00</time>
      </trkpt>
      <trkpt lat="36.77222770638764" lon="-118.36774729192257">
        <time>2005-06-18T19:47:40-07:00</time>
      </trkpt>
      <trkpt lat="36.77226475439966" lon="-118.36777612566948">
        <time>2005-06-18T19:47:41-07:00</time>
      </trkpt>
      <trkpt lat="36.77228822372854" lon="-118.36779682897031">
        <time>2005-06-18T19:47:50-07:00</time>
      </trkpt>
      <trkpt lat="36.772311525419354" lon="-118.3678218908608">
        <time>2005-06-18T19:47:52-07:00</time>
      </trkpt>
      <trkpt lat="36.77232652902603" lon="-118.36784427054226">
        <time>2005-06-18T19:47:57-07:00</time>
      </trkpt>
      <trkpt lat="36.7723470646888" lon="-118.36788483895361">
        <time>2005-06-18T19:48:01-07:00</time>
      </trkpt>
      <trkpt lat="36.77238545380533" lon="-118.36791350506246">
        <time>2005-06-18T19:48:04-07:00</time>
      </trkpt>
      <trkpt lat="36.77240615710616" lon="-118.36793269962072">
        <time>2005-06-18T19:48:06-07:00</time>
      </trkpt>
      <trkpt lat="36.7724525090307" lon="-118.36797536350787">
        <time>2005-06-18T19:48:10-07:00</time>
      </trkpt>
      <trkpt lat="36.77247446961701" lon="-118.36800151504576">
        <time>2005-06-18T19:48:13-07:00</time>
      </trkpt>
      <trkpt lat="36.77249995060265" lon="-118.36803680285811">
        <time>2005-06-18T19:48:15-07:00</time>
      </trkpt>
      <trkpt lat="36.77252501249313" lon="-118.36806253530085">
        <time>2005-06-18T19:48:21-07:00</time>
      </trkpt>
      <trkpt lat="36.772565664723516" lon="-118.36810033768415">
        <time>2005-06-18T19:48:24-07:00</time>
      </trkpt>
      <trkpt lat="36.772586619481444" lon="-118.36815389804542">
        <time>2005-06-18T19:48:28-07:00</time>
      </trkpt>
      <trkpt lat="36.77259357646108" lon="-118.36816940456629">
        <time>2005-06-18T19:48:31-07:00</time>
      </trkpt>
      <trkpt lat="36.7726063169539" lon="-118.36820905096829">
        <time>2005-06-18T19:48:36-07:00</time>
      </trkpt>
      <trkpt lat="36.77262928336859" lon="-118.36825255304575">
        <time>2005-06-18T19:48:41-07:00</time>
      </trkpt>
      <trkpt lat="36.77264512516558" lon="-118.36828063242137">
        <time>2005-06-18T19:48:43-07:00</time>
      </trkpt>
      <trkpt lat="36.77265769802034" lon="-118.3683134894818">
        <time>2005-06-18T19:48:48-07:00</time>
      </trkpt>
      <trkpt lat="36.77268510684371" lon="-118.3683832269162">
        <time>2005-06-18T19:48:52-07:00</time>
      </trkpt>
      <trkpt lat="36.772695668041706" lon="-118.36844734847546">
        <time>2005-06-18T19:48:55-07:00</time>
      </trkpt>
      <trkpt lat="36.77270270884037" lon="-118.36847618222237">
        <time>2005-06-18T19:48:58-07:00</time>
      </trkpt>
      <trkpt lat="36.77272416651249" lon="-118.3685383759439">
        <time>2005-06-18T19:49:05-07:00</time>
      </trkpt>
      <trkpt lat="36.77273849956691" lon="-118.36857341229916">
        <time>2005-06-18T19:49:11-07:00</time>
      </trkpt>
      <trkpt lat="36.77275098860264" lon="-118.36863334290683">
        <time>2005-06-18T19:49:13-07:00</time>
      </trkpt>
      <trkpt lat="36.7727530002594" lon="-118.36864490993321">
        <time>2005-06-18T19:49:18-07:00</time>
      </trkpt>
      <trkpt lat="36.77277345210314" lon="-118.36870802566409">
        <time>2005-06-18T19:49:20-07:00</time>
      </trkpt>
      <trkpt lat="36.772797675803304" lon="-118.36877759546041">
        <time>2005-06-18T19:49:25-07:00</time>
      </trkpt>
      <trkpt lat="36.772800190374255" lon="-118.3687905035913">
        <time>2005-06-18T19:49:26-07:00</time>
      </trkpt>
      <trkpt lat="36.77282156422734" lon="-118.36887038312852">
        <time>2005-06-18T19:49:32-07:00</time>
      </trkpt>
      <trkpt lat="36.77282625809312" lon="-118.36889142170548">
        <time>2005-06-18T19:49:40-07:00</time>
      </trkpt>
      <trkpt lat="36.77285232581198" lon="-118.36895344778895">
        <time>2005-06-18T19:49:41-07:00</time>
      </trkpt>
      <trkpt lat="36.77286674268544" lon="-118.36907657794654">
        <time>2005-06-18T19:49:49-07:00</time>
      </trkpt>
      <trkpt lat="36.77287043072283" lon="-118.36908881552517">
        <time>2005-06-18T19:49:51-07:00</time>
      </trkpt>
      <trkpt lat="36.77290144376457" lon="-118.36910390295088">
        <time>2005-06-18T19:49:57-07:00</time>
      </trkpt>
      <trkpt lat="36.772907646372914" lon="-118.3690941799432">
        <time>2005-06-18T19:50:05-07:00</time>
      </trkpt>
      <trkpt lat="36.77291384898126" lon="-118.36908110417426">
        <time>2005-06-18T19:50:06-07:00</time>
      </trkpt>
      <trkpt lat="36.77291586063802" lon="-118.36906174197793">
        <time>2005-06-18T19:50:10-07:00</time>
      </trkpt>
      <trkpt lat="36.77291586063802" lon="-118.36898504756391">
        <time>2005-06-18T19:50:11-07:00</time>
      </trkpt>
      <trkpt lat="36.77294394001365" lon="-118.36893458850682">
        <time>2005-06-18T19:50:12-07:00</time>
      </trkpt>
      <trkpt lat="36.77295039407909" lon="-118.36892151273787">
        <time>2005-06-18T19:50:13-07:00</time>
      </trkpt>
      <trkpt lat="36.77297973074019" lon="-118.36885856464505">
        <time>2005-06-18T19:50:17-07:00</time>
      </trkpt>
      <trkpt lat="36.77298936992884" lon="-118.36884163320065">
        <time>2005-06-18T19:50:23-07:00</time>
      </trkpt>
      <trkpt lat="36.772999009117484" lon="-118.36879486218095">
        <time>2005-06-18T19:50:24-07:00</time>
      </trkpt>
      <trkpt lat="36.773006888106465" lon="-118.36874683387578">
        <time>2005-06-18T19:50:30-07:00</time>
      </trkpt>
      <trkpt lat="36.77301585674286" lon="-118.3687196765095">
        <time>2005-06-18T19:50:32-07:00</time>
      </trkpt>
      <trkpt lat="36.773022981360555" lon="-118.36869788356125">
        <time>2005-06-18T19:50:36-07:00</time>
      </trkpt>
      <trkpt lat="36.773040164262056" lon="-118.36863392964005">
        <time>2005-06-18T19:50:40-07:00</time>
      </trkpt>
      <trkpt lat="36.77304527722299" lon="-118.36861657910049">
        <time>2005-06-18T19:50:42-07:00</time>
      </trkpt>
      <trkpt lat="36.77306950092316" lon="-118.3685502782464">
        <time>2005-06-18T19:50:44-07:00</time>
      </trkpt>
      <trkpt lat="36.773075703531504" lon="-118.36851423606277">
        <time>2005-06-18T19:50:51-07:00</time>
      </trkpt>
      <trkpt lat="36.77308676764369" lon="-118.36843695491552">
        <time>2005-06-18T19:50:53-07:00</time>
      </trkpt>
      <trkpt lat="36.77308869548142" lon="-118.36838683113456">
        <time>2005-06-18T19:50:59-07:00</time>
      </trkpt>
      <trkpt lat="36.77310730330646" lon="-118.36834643036127">
        <time>2005-06-18T19:51:02-07:00</time>
      </trkpt>
      <trkpt lat="36.77312188781798" lon="-118.36835908703506">
        <time>2005-06-18T19:51:07-07:00</time>
      </trkpt>
      <trkpt lat="36.77312348037958" lon="-118.36838532239199">
        <time>2005-06-18T19:51:10-07:00</time>
      </trkpt>
      <trkpt lat="36.77312674932182" lon="-118.36841792799532">
        <time>2005-06-18T19:51:15-07:00</time>
      </trkpt>
      <trkpt lat="36.773147536441684" lon="-118.3684934489429">
        <time>2005-06-18T19:51:17-07:00</time>
      </trkpt>
      <trkpt lat="36.77315474487841" lon="-118.36851700209081">
        <time>2005-06-18T19:51:19-07:00</time>
      </trkpt>
      <trkpt lat="36.77318098023534" lon="-118.36858975701034">
        <time>2005-06-18T19:51:21-07:00</time>
      </trkpt>
      <trkpt lat="36.773188607767224" lon="-118.36859906092286">
        <time>2005-06-18T19:51:25-07:00</time>
      </trkpt>
      <trkpt lat="36.773237055167556" lon="-118.36866896599531">
        <time>2005-06-18T19:51:27-07:00</time>
      </trkpt>
      <trkpt lat="36.77324082702398" lon="-118.36867877282202">
        <time>2005-06-18T19:51:34-07:00</time>
      </trkpt>
      <trkpt lat="36.773242922499776" lon="-118.36876736953855">
        <time>2005-06-18T19:51:35-07:00</time>
      </trkpt>
      <trkpt lat="36.773246778175235" lon="-118.36878430098295">
        <time>2005-06-18T19:51:42-07:00</time>
      </trkpt>
      <trkpt lat="36.77328625693917" lon="-118.36885504424572">
        <time>2005-06-18T19:51:43-07:00</time>
      </trkpt>
      <trkpt lat="36.77329061552882" lon="-118.36886761710048">
        <time>2005-06-18T19:51:49-07:00</time>
      </trkpt>
      <trkpt lat="36.77332866936922" lon="-118.36893618106842">
        <time>2005-06-18T19:51:50-07:00</time>
      </trkpt>
      <trkpt lat="36.77333143539727" lon="-118.3689422160387">
        <time>2005-06-18T19:51:57-07:00</time>
      </trkpt>
      <trkpt lat="36.77334635518491" lon="-118.36901178583503">
        <time>2005-06-18T19:51:58-07:00</time>
      </trkpt>
      <trkpt lat="36.77336052060127" lon="-118.36903969757259">
        <time>2005-06-18T19:52:06-07:00</time>
      </trkpt>
      <trkpt lat="36.77338038571179" lon="-118.36907104589045">
        <time>2005-06-18T19:52:07-07:00</time>
      </trkpt>
      <trkpt lat="36.77339605987072" lon="-118.36909778416157">
        <time>2005-06-18T19:52:13-07:00</time>
      </trkpt>
      <trkpt lat="36.77340100519359" lon="-118.36915452964604">
        <time>2005-06-18T19:52:16-07:00</time>
      </trkpt>
      <trkpt lat="36.77341902628541" lon="-118.36920892819762">
        <time>2005-06-18T19:52:20-07:00</time>
      </trkpt>
      <trkpt lat="36.77344140596688" lon="-118.36925796233118">
        <time>2005-06-18T19:52:23-07:00</time>
      </trkpt>
      <trkpt lat="36.773462863639" lon="-118.36931051686406">
        <time>2005-06-18T19:52:26-07:00</time>
      </trkpt>
      <trkpt lat="36.77347769960761" lon="-118.36934605613351">
        <time>2005-06-18T19:52:30-07:00</time>
      </trkpt>
      <trkpt lat="36.77350510843098" lon="-118.36939048022032">
        <time>2005-06-18T19:52:35-07:00</time>
      </trkpt>
      <trkpt lat="36.77352740429342" lon="-118.36945937946439">
        <time>2005-06-18T19:52:40-07:00</time>
      </trkpt>
      <trkpt lat="36.773530673235655" lon="-118.3694710303098">
        <time>2005-06-18T19:52:44-07:00</time>
      </trkpt>
      <trkpt lat="36.77355975843966" lon="-118.36952928453684">
        <time>2005-06-18T19:52:49-07:00</time>
      </trkpt>
      <trkpt lat="36.773572666570544" lon="-118.3695622254163">
        <time>2005-06-18T19:52:55-07:00</time>
      </trkpt>
      <trkpt lat="36.77358909510076" lon="-118.36959374137223">
        <time>2005-06-18T19:52:56-07:00</time>
      </trkpt>
      <trkpt lat="36.77360225468874" lon="-118.36963363923132">
        <time>2005-06-18T19:53:02-07:00</time>
      </trkpt>
      <trkpt lat="36.773605439811945" lon="-118.36965241469443">
        <time>2005-06-18T19:53:05-07:00</time>
      </trkpt>
      <trkpt lat="36.773630920797586" lon="-118.36970354430377">
        <time>2005-06-18T19:53:08-07:00</time>
      </trkpt>
      <trkpt lat="36.77363502793014" lon="-118.36971175856888">
        <time>2005-06-18T19:53:12-07:00</time>
      </trkpt>
      <trkpt lat="36.773658664897084" lon="-118.36978451348841">
        <time>2005-06-18T19:53:14-07:00</time>
      </trkpt>
      <trkpt lat="36.773660173639655" lon="-118.3697969187051">
        <time>2005-06-18T19:53:20-07:00</time>
      </trkpt>
      <trkpt lat="36.77367358468473" lon="-118.3698700927198">
        <time>2005-06-18T19:53:21-07:00</time>
      </trkpt>
      <trkpt lat="36.77367450669408" lon="-118.36988995783031">
        <time>2005-06-18T19:53:27-07:00</time>
      </trkpt>
      <trkpt lat="36.77368783392012" lon="-118.36994159035385">
        <time>2005-06-18T19:53:28-07:00</time>
      </trkpt>
      <trkpt lat="36.77369470708072" lon="-118.37002038024366">
        <time>2005-06-18T19:53:36-07:00</time>
      </trkpt>
      <trkpt lat="36.773697808384895" lon="-118.37004309520125">
        <time>2005-06-18T19:53:38-07:00</time>
      </trkpt>
      <trkpt lat="36.77370434626937" lon="-118.37012314237654">
        <time>2005-06-18T19:53:42-07:00</time>
      </trkpt>
      <trkpt lat="36.77370719611645" lon="-118.37013521231711">
        <time>2005-06-18T19:53:49-07:00</time>
      </trkpt>
      <trkpt lat="36.77370334044099" lon="-118.37020930834115">
        <time>2005-06-18T19:53:51-07:00</time>
      </trkpt>
      <trkpt lat="36.77370040677488" lon="-118.37022464722395">
        <time>2005-06-18T19:53:58-07:00</time>
      </trkpt>
      <trkpt lat="36.773685151711106" lon="-118.37030041962862">
        <time>2005-06-18T19:53:59-07:00</time>
      </trkpt>
      <trkpt lat="36.773678697645664" lon="-118.37036948651075">
        <time>2005-06-18T19:54:06-07:00</time>
      </trkpt>
      <trkpt lat="36.77367802709341" lon="-118.37038365192711">
        <time>2005-06-18T19:54:07-07:00</time>
      </trkpt>
      <trkpt lat="36.77367643453181" lon="-118.37043972685933">
        <time>2005-06-18T19:54:14-07:00</time>
      </trkpt>
      <trkpt lat="36.773675763979554" lon="-118.3704829774797">
        <time>2005-06-18T19:54:20-07:00</time>
      </trkpt>
      <trkpt lat="36.77368003875017" lon="-118.37050644680858">
        <time>2005-06-18T19:54:21-07:00</time>
      </trkpt>
      <trkpt lat="36.77369705401361" lon="-118.37057610042393">
        <time>2005-06-18T19:54:28-07:00</time>
      </trkpt>
      <trkpt lat="36.77369663491845" lon="-118.37058557197452">
        <time>2005-06-18T19:54:34-07:00</time>
      </trkpt>
      <trkpt lat="36.773701244965196" lon="-118.37064675986767">
        <time>2005-06-18T19:54:36-07:00</time>
      </trkpt>
      <trkpt lat="36.77370769903064" lon="-118.37068011984229">
        <time>2005-06-18T19:54:43-07:00</time>
      </trkpt>
      <trkpt lat="36.773709543049335" lon="-118.3707174193114">
        <time>2005-06-18T19:54:44-07:00</time>
      </trkpt>
      <trkpt lat="36.77370434626937" lon="-118.37075312621891">
        <time>2005-06-18T19:54:49-07:00</time>
      </trkpt>
      <trkpt lat="36.77370677702129" lon="-118.37079579010606">
        <time>2005-06-18T19:54:52-07:00</time>
      </trkpt>
      <trkpt lat="36.77370199933648" lon="-118.37083384394646">
        <time>2005-06-18T19:54:55-07:00</time>
      </trkpt>
      <trkpt lat="36.773695377632976" lon="-118.37088815867901">
        <time>2005-06-18T19:54:58-07:00</time>
      </trkpt>
      <trkpt lat="36.77366595715284" lon="-118.37095320224762">
        <time>2005-06-18T19:55:01-07:00</time>
      </trkpt>
      <trkpt lat="36.77364952862263" lon="-118.37103500962257">
        <time>2005-06-18T19:55:05-07:00</time>
      </trkpt>
      <trkpt lat="36.77364382892847" lon="-118.3710646815598">
        <time>2005-06-18T19:55:10-07:00</time>
      </trkpt>
      <trkpt lat="36.773623544722795" lon="-118.37112167850137">
        <time>2005-06-18T19:55:17-07:00</time>
      </trkpt>
      <trkpt lat="36.77361700683832" lon="-118.37115738540888">
        <time>2005-06-18T19:55:24-07:00</time>
      </trkpt>
      <trkpt lat="36.77361155860126" lon="-118.37121463380754">
        <time>2005-06-18T19:55:26-07:00</time>
      </trkpt>
      <trkpt lat="36.77360720001161" lon="-118.37126291356981">
        <time>2005-06-18T19:55:31-07:00</time>
      </trkpt>
      <trkpt lat="36.77361088804901" lon="-118.3713184017688">
        <time>2005-06-18T19:55:34-07:00</time>
      </trkpt>
      <trkpt lat="36.7736129835248" lon="-118.3713707048446">
        <time>2005-06-18T19:55:39-07:00</time>
      </trkpt>
      <trkpt lat="36.77360091358423" lon="-118.37142284028232">
        <time>2005-06-18T19:55:43-07:00</time>
      </trkpt>
      <trkpt lat="36.77360996603966" lon="-118.3714550267905">
        <time>2005-06-18T19:55:47-07:00</time>
      </trkpt>
      <trkpt lat="36.77360577508807" lon="-118.37148201651871">
        <time>2005-06-18T19:55:51-07:00</time>
      </trkpt>
      <trkpt lat="36.77359974011779" lon="-118.37155326269567">
        <time>2005-06-18T19:55:55-07:00</time>
      </trkpt>
      <trkpt lat="36.773599572479725" lon="-118.37161495350301">
        <time>2005-06-18T19:55:58-07:00</time>
      </trkpt>
      <trkpt lat="36.77359588444233" lon="-118.37162727490067">
        <time>2005-06-18T19:56:01-07:00</time>
      </trkpt>
      <trkpt lat="36.773586831986904" lon="-118.37164521217346">
        <time>2005-06-18T19:56:07-07:00</time>
      </trkpt>
      <trkpt lat="36.77358188666403" lon="-118.37170539423823">
        <time>2005-06-18T19:56:13-07:00</time>
      </trkpt>
      <trkpt lat="36.773582976311445" lon="-118.3717830106616">
        <time>2005-06-18T19:56:14-07:00</time>
      </trkpt>
      <trkpt lat="36.77359454333782" lon="-118.37186196818948">
        <time>2005-06-18T19:56:16-07:00</time>
      </trkpt>
      <trkpt lat="36.77359119057655" lon="-118.37188233621418">
        <time>2005-06-18T19:56:21-07:00</time>
      </trkpt>
      <trkpt lat="36.773581048473716" lon="-118.37196514941752">
        <time>2005-06-18T19:56:27-07:00</time>
      </trkpt>
      <trkpt lat="36.773571660742164" lon="-118.37204184383154">
        <time>2005-06-18T19:56:34-07:00</time>
      </trkpt>
      <trkpt lat="36.773572247475386" lon="-118.37207201868296">
        <time>2005-06-18T19:56:36-07:00</time>
      </trkpt>
      <trkpt lat="36.773560512810946" lon="-118.37215692736208">
        <time>2005-06-18T19:56:42-07:00</time>
      </trkpt>
      <trkpt lat="36.773560428991914" lon="-118.3721664827317">
        <time>2005-06-18T19:56:48-07:00</time>
      </trkpt>
      <trkpt lat="36.77355422638357" lon="-118.3722441829741">
        <time>2005-06-18T19:56:50-07:00</time>
      </trkpt>
      <trkpt lat="36.77355866879225" lon="-118.37230252102017">
        <time>2005-06-18T19:56:57-07:00</time>
      </trkpt>
      <trkpt lat="36.77355883643031" lon="-118.37231785990298">
        <time>2005-06-18T19:56:58-07:00</time>
      </trkpt>
      <trkpt lat="36.773554645478725" lon="-118.37238022126257">
        <time>2005-06-18T19:57:06-07:00</time>
      </trkpt>
      <trkpt lat="36.77355179563165" lon="-118.37239262647927">
        <time>2005-06-18T19:57:11-07:00</time>
      </trkpt>
      <trkpt lat="36.77355095744133" lon="-118.37248474359512">
        <time>2005-06-18T19:57:13-07:00</time>
      </trkpt>
      <trkpt lat="36.77354961633682" lon="-118.37250745855272">
        <time>2005-06-18T19:57:19-07:00</time>
      </trkpt>
      <trkpt lat="36.77354475483298" lon="-118.3725859131664">
        <time>2005-06-18T19:57:20-07:00</time>
      </trkpt>
      <trkpt lat="36.77353930659592" lon="-118.37262966670096">
        <time>2005-06-18T19:57:28-07:00</time>
      </trkpt>
      <trkpt lat="36.77353628911078" lon="-118.37268113158643">
        <time>2005-06-18T19:57:30-07:00</time>
      </trkpt>
      <trkpt lat="36.77353444509208" lon="-118.37270887568593">
        <time>2005-06-18T19:57:37-07:00</time>
      </trkpt>
      <trkpt lat="36.77353201434016" lon="-118.37275816127658">
        <time>2005-06-18T19:57:40-07:00</time>
      </trkpt>
      <trkpt lat="36.77353142760694" lon="-118.372788336128">
        <time>2005-06-18T19:57:44-07:00</time>
      </trkpt>
      <trkpt lat="36.7735212855041" lon="-118.37282873690128">
        <time>2005-06-18T19:57:48-07:00</time>
      </trkpt>
      <trkpt lat="36.77351173013449" lon="-118.37286335416138">
        <time>2005-06-18T19:57:52-07:00</time>
      </trkpt>
      <trkpt lat="36.77350812591612" lon="-118.37287341244519">
        <time>2005-06-18T19:57:55-07:00</time>
      </trkpt>
      <trkpt lat="36.773504354059696" lon="-118.37294499389827">
        <time>2005-06-18T19:57:59-07:00</time>
      </trkpt>
      <trkpt lat="36.77351776510477" lon="-118.37296368554235">
        <time>2005-06-18T19:58:02-07:00</time>
      </trkpt>
      <trkpt lat="36.7735212855041" lon="-118.37295186705887">
        <time>2005-06-18T19:58:05-07:00</time>
      </trkpt>
      <trkpt lat="36.77352111786604" lon="-118.37294088676572">
        <time>2005-06-18T19:58:12-07:00</time>
      </trkpt>
      <trkpt lat="36.77355472929776" lon="-118.37285027839243">
        <time>2005-06-18T19:58:15-07:00</time>
      </trkpt>
      <trkpt lat="36.77359965629876" lon="-118.37278540246189">
        <time>2005-06-18T19:58:17-07:00</time>
      </trkpt>
      <trkpt lat="36.77360678091645" lon="-118.37276394478977">
        <time>2005-06-18T19:58:18-07:00</time>
      </trkpt>
      <trkpt lat="36.77363167516887" lon="-118.37269898504019">
        <time>2005-06-18T19:58:24-07:00</time>
      </trkpt>
      <trkpt lat="36.773664532229304" lon="-118.37264232337475">
        <time>2005-06-18T19:58:31-07:00</time>
      </trkpt>
      <trkpt lat="36.773669980466366" lon="-118.37263218127191">
        <time>2005-06-18T19:58:34-07:00</time>
      </trkpt>
      <trkpt lat="36.77371088415384" lon="-118.37255531921983">
        <time>2005-06-18T19:58:39-07:00</time>
      </trkpt>
      <trkpt lat="36.773747177794576" lon="-118.37250066921115">
        <time>2005-06-18T19:58:46-07:00</time>
      </trkpt>
      <trkpt lat="36.77375430241227" lon="-118.37248549796641">
        <time>2005-06-18T19:58:47-07:00</time>
      </trkpt>
      <trkpt lat="36.773787243291736" lon="-118.37244886904955">
        <time>2005-06-18T19:58:55-07:00</time>
      </trkpt>
      <trkpt lat="36.77379285916686" lon="-118.37243931367993">
        <time>2005-06-18T19:59:01-07:00</time>
      </trkpt>
      <trkpt lat="36.773848766461015" lon="-118.37233252823353">
        <time>2005-06-18T19:59:03-07:00</time>
      </trkpt>
      <trkpt lat="36.77385429851711" lon="-118.37232305668294">
        <time>2005-06-18T19:59:09-07:00</time>
      </trkpt>
      <trkpt lat="36.773880114778876" lon="-118.37226857431233">
        <time>2005-06-18T19:59:10-07:00</time>
      </trkpt>
      <trkpt lat="36.77388522773981" lon="-118.37225700728595">
        <time>2005-06-18T19:59:18-07:00</time>
      </trkpt>
      <trkpt lat="36.773914732038975" lon="-118.37221702560782">
        <time>2005-06-18T19:59:19-07:00</time>
      </trkpt>
      <trkpt lat="36.77392361685634" lon="-118.37219489738345">
        <time>2005-06-18T19:59:26-07:00</time>
      </trkpt>
      <trkpt lat="36.773938704282045" lon="-118.3721632976085">
        <time>2005-06-18T19:59:27-07:00</time>
      </trkpt>
      <trkpt lat="36.773997293785214" lon="-118.37207545526326">
        <time>2005-06-18T19:59:32-07:00</time>
      </trkpt>
      <trkpt lat="36.77400927990675" lon="-118.3720596972853">
        <time>2005-06-18T19:59:34-07:00</time>
      </trkpt>
      <trkpt lat="36.77402654662728" lon="-118.37202809751034">
        <time>2005-06-18T19:59:38-07:00</time>
      </trkpt>
      <trkpt lat="36.774060828611255" lon="-118.37197713553905">
        <time>2005-06-18T19:59:46-07:00</time>
      </trkpt>
      <trkpt lat="36.774077424779534" lon="-118.37196447886527">
        <time>2005-06-18T19:59:49-07:00</time>
      </trkpt>
      <trkpt lat="36.77409905008972" lon="-118.37190966121852">
        <time>2005-06-18T19:59:53-07:00</time>
      </trkpt>
      <trkpt lat="36.77410500124097" lon="-118.37189314886928">
        <time>2005-06-18T19:59:57-07:00</time>
      </trkpt>
      <trkpt lat="36.774128722026944" lon="-118.3718488086015">
        <time>2005-06-18T19:59:59-07:00</time>
      </trkpt>
      <trkpt lat="36.77416434511542" lon="-118.37180103175342">
        <time>2005-06-18T20:00:04-07:00</time>
      </trkpt>
      <trkpt lat="36.77420281805098" lon="-118.37172945030034">
        <time>2005-06-18T20:00:06-07:00</time>
      </trkpt>
      <trkpt lat="36.774208936840296" lon="-118.37172224186361">
        <time>2005-06-18T20:00:12-07:00</time>
      </trkpt>
      <trkpt lat="36.77425327710807" lon="-118.37167505174875">
        <time>2005-06-18T20:00:18-07:00</time>
      </trkpt>
      <trkpt lat="36.7742744833231" lon="-118.3716537617147">
        <time>2005-06-18T20:00:24-07:00</time>
      </trkpt>
      <trkpt lat="36.774298287928104" lon="-118.37162040174007">
        <time>2005-06-18T20:00:25-07:00</time>
      </trkpt>
      <trkpt lat="36.77432578057051" lon="-118.37159265764058">
        <time>2005-06-18T20:00:31-07:00</time>
      </trkpt>
      <trkpt lat="36.77434698678553" lon="-118.37154814973474">
        <time>2005-06-18T20:00:34-07:00</time>
      </trkpt>
      <trkpt lat="36.774383783340454" lon="-118.3715052343905">
        <time>2005-06-18T20:00:38-07:00</time>
      </trkpt>
      <trkpt lat="36.774418568238616" lon="-118.37145653553307">
        <time>2005-06-18T20:00:42-07:00</time>
      </trkpt>
      <trkpt lat="36.77442359738052" lon="-118.37144597433507">
        <time>2005-06-18T20:00:45-07:00</time>
      </trkpt>
      <trkpt lat="36.77445150911808" lon="-118.37142443284392">
        <time>2005-06-18T20:00:50-07:00</time>
      </trkpt>
      <trkpt lat="36.77445829845965" lon="-118.37142853997648">
        <time>2005-06-18T20:00:56-07:00</time>
      </trkpt>
      <trkpt lat="36.77449048496783" lon="-118.37142501957715">
        <time>2005-06-18T20:00:57-07:00</time>
      </trkpt>
      <trkpt lat="36.77452811971307" lon="-118.37137958966196">
        <time>2005-06-18T20:01:01-07:00</time>
      </trkpt>
      <trkpt lat="36.77454764954746" lon="-118.37135201320052">
        <time>2005-06-18T20:01:03-07:00</time>
      </trkpt>
      <trkpt lat="36.77456474862993" lon="-118.37131605483592">
        <time>2005-06-18T20:01:08-07:00</time>
      </trkpt>
      <trkpt lat="36.77458981052041" lon="-118.37125134654343">
        <time>2005-06-18T20:01:13-07:00</time>
      </trkpt>
      <trkpt lat="36.774596851319075" lon="-118.3712359238416">
        <time>2005-06-18T20:01:16-07:00</time>
      </trkpt>
      <trkpt lat="36.774628367275" lon="-118.37120709009469">
        <time>2005-06-18T20:01:19-07:00</time>
      </trkpt>
      <trkpt lat="36.77463314495981" lon="-118.37120038457215">
        <time>2005-06-18T20:01:25-07:00</time>
      </trkpt>
      <trkpt lat="36.77467337809503" lon="-118.37115746922791">
        <time>2005-06-18T20:01:26-07:00</time>
      </trkpt>
      <trkpt lat="36.77467983216047" lon="-118.37114674039185">
        <time>2005-06-18T20:01:31-07:00</time>
      </trkpt>
      <trkpt lat="36.77472953684628" lon="-118.37109619751573">
        <time>2005-06-18T20:01:32-07:00</time>
      </trkpt>
      <trkpt lat="36.77476222626865" lon="-118.37105956859887">
        <time>2005-06-18T20:01:39-07:00</time>
      </trkpt>
      <trkpt lat="36.77477697841823" lon="-118.37104632519186">
        <time>2005-06-18T20:01:40-07:00</time>
      </trkpt>
      <trkpt lat="36.774778654798865" lon="-118.37105655111372">
        <time>2005-06-18T20:01:46-07:00</time>
      </trkpt>
      <trkpt lat="36.77476272918284" lon="-118.37109309621155">
        <time>2005-06-18T20:01:51-07:00</time>
      </trkpt>
      <trkpt lat="36.77474076859653" lon="-118.37112980894744">
        <time>2005-06-18T20:01:54-07:00</time>
      </trkpt>
      <trkpt lat="36.77472425624728" lon="-118.37117339484394">
        <time>2005-06-18T20:01:56-07:00</time>
      </trkpt>
      <trkpt lat="36.77470900118351" lon="-118.37123760022223">
        <time>2005-06-18T20:02:00-07:00</time>
      </trkpt>
      <trkpt lat="36.77470120601356" lon="-118.37125964462757">
        <time>2005-06-18T20:02:03-07:00</time>
      </trkpt>
      <trkpt lat="36.774690225720406" lon="-118.37136131711304">
        <time>2005-06-18T20:02:07-07:00</time>
      </trkpt>
      <trkpt lat="36.77466885186732" lon="-118.3714259415865">
        <time>2005-06-18T20:02:12-07:00</time>
      </trkpt>
      <trkpt lat="36.77466105669737" lon="-118.37149643339217">
        <time>2005-06-18T20:02:14-07:00</time>
      </trkpt>
      <trkpt lat="36.77465326152742" lon="-118.3715292904526">
        <time>2005-06-18T20:02:22-07:00</time>
      </trkpt>
      <trkpt lat="36.77463121712208" lon="-118.37156491354108">
        <time>2005-06-18T20:02:28-07:00</time>
      </trkpt>
      <trkpt lat="36.77461143583059" lon="-118.37161193601787">
        <time>2005-06-18T20:02:35-07:00</time>
      </trkpt>
      <trkpt lat="36.7745974380523" lon="-118.37163934484124">
        <time>2005-06-18T20:02:39-07:00</time>
      </trkpt>
      <trkpt lat="36.77459760569036" lon="-118.3716675080359">
        <time>2005-06-18T20:02:43-07:00</time>
      </trkpt>
      <trkpt lat="36.774585619568825" lon="-118.37170908227563">
        <time>2005-06-18T20:02:47-07:00</time>
      </trkpt>
      <trkpt lat="36.77457908168435" lon="-118.37172576226294">
        <time>2005-06-18T20:02:50-07:00</time>
      </trkpt>
      <trkpt lat="36.774573884904385" lon="-118.3717621397227">
        <time>2005-06-18T20:02:52-07:00</time>
      </trkpt>
      <trkpt lat="36.77456743083894" lon="-118.3718348108232">
        <time>2005-06-18T20:02:56-07:00</time>
      </trkpt>
      <trkpt lat="36.77456550300121" lon="-118.37184210307896">
        <time>2005-06-18T20:02:58-07:00</time>
      </trkpt>
      <trkpt lat="36.77456047385931" lon="-118.37190270423889">
        <time>2005-06-18T20:03:02-07:00</time>
      </trkpt>
      <trkpt lat="36.77456323988736" lon="-118.371910918504">
        <time>2005-06-18T20:03:09-07:00</time>
      </trkpt>
      <trkpt lat="36.77455888129771" lon="-118.37193447165191">
        <time>2005-06-18T20:03:10-07:00</time>
      </trkpt>
      <trkpt lat="36.77455217577517" lon="-118.37198300287127">
        <time>2005-06-18T20:03:15-07:00</time>
      </trkpt>
      <trkpt lat="36.774549996480346" lon="-118.37201996706426">
        <time>2005-06-18T20:03:16-07:00</time>
      </trkpt>
      <trkpt lat="36.77454957738519" lon="-118.37207453325391">
        <time>2005-06-18T20:03:18-07:00</time>
      </trkpt>
      <trkpt lat="36.77454614080489" lon="-118.37212650105357">
        <time>2005-06-18T20:03:22-07:00</time>
      </trkpt>
      <trkpt lat="36.77453993819654" lon="-118.37215910665691">
        <time>2005-06-18T20:03:24-07:00</time>
      </trkpt>
      <trkpt lat="36.77453448995948" lon="-118.37221719324589">
        <time>2005-06-18T20:03:28-07:00</time>
      </trkpt>
      <trkpt lat="36.774537255987525" lon="-118.37223923765123">
        <time>2005-06-18T20:03:33-07:00</time>
      </trkpt>
      <trkpt lat="36.774527952075005" lon="-118.37232448160648">
        <time>2005-06-18T20:03:36-07:00</time>
      </trkpt>
      <trkpt lat="36.774531891569495" lon="-118.37235013023019">
        <time>2005-06-18T20:03:41-07:00</time>
      </trkpt>
      <trkpt lat="36.77453557960689" lon="-118.37243017740548">
        <time>2005-06-18T20:03:43-07:00</time>
      </trkpt>
      <trkpt lat="36.77453122101724" lon="-118.37245959788561">
        <time>2005-06-18T20:03:49-07:00</time>
      </trkpt>
      <trkpt lat="36.77451638504863" lon="-118.37254165671766">
        <time>2005-06-18T20:03:51-07:00</time>
      </trkpt>
      <trkpt lat="36.77451319992542" lon="-118.3725565765053">
        <time>2005-06-18T20:03:58-07:00</time>
      </trkpt>
      <trkpt lat="36.77449836395681" lon="-118.37261675857008">
        <time>2005-06-18T20:04:00-07:00</time>
      </trkpt>
      <trkpt lat="36.77449844777584" lon="-118.37263503111899">
        <time>2005-06-18T20:04:07-07:00</time>
      </trkpt>
      <trkpt lat="36.77449157461524" lon="-118.37271977216005">
        <time>2005-06-18T20:04:08-07:00</time>
      </trkpt>
      <trkpt lat="36.77447833120823" lon="-118.37274592369795">
        <time>2005-06-18T20:04:14-07:00</time>
      </trkpt>
      <trkpt lat="36.77446852438152" lon="-118.37278288789093">
        <time>2005-06-18T20:04:16-07:00</time>
      </trkpt>
      <trkpt lat="36.77446533925831" lon="-118.3728398848325">
        <time>2005-06-18T20:04:23-07:00</time>
      </trkpt>
      <trkpt lat="36.77445746026933" lon="-118.37285690009594">
        <time>2005-06-18T20:04:26-07:00</time>
      </trkpt>
      <trkpt lat="36.774451257660985" lon="-118.37290392257273">
        <time>2005-06-18T20:04:29-07:00</time>
      </trkpt>
      <trkpt lat="36.77444673143327" lon="-118.37294750846922">
        <time>2005-06-18T20:04:34-07:00</time>
      </trkpt>
      <trkpt lat="36.7744261957705" lon="-118.37302747182548">
        <time>2005-06-18T20:04:36-07:00</time>
      </trkpt>
      <trkpt lat="36.77441680803895" lon="-118.37307658977807">
        <time>2005-06-18T20:04:40-07:00</time>
      </trkpt>
      <trkpt lat="36.77439761348069" lon="-118.37314020842314">
        <time>2005-06-18T20:04:44-07:00</time>
      </trkpt>
      <trkpt lat="36.77439040504396" lon="-118.37316418066621">
        <time>2005-06-18T20:04:50-07:00</time>
      </trkpt>
      <trkpt lat="36.77438747137785" lon="-118.37317591533065">
        <time>2005-06-18T20:04:54-07:00</time>
      </trkpt>
      <trkpt lat="36.77439006976783" lon="-118.37320382706821">
        <time>2005-06-18T20:04:59-07:00</time>
      </trkpt>
      <trkpt lat="36.77438646554947" lon="-118.37323559448123">
        <time>2005-06-18T20:05:01-07:00</time>
      </trkpt>
      <trkpt lat="36.77438537590206" lon="-118.37324649095535">
        <time>2005-06-18T20:05:02-07:00</time>
      </trkpt>
      <trkpt lat="36.77438520826399" lon="-118.37326216511428">
        <time>2005-06-18T20:05:05-07:00</time>
      </trkpt>
      <trkpt lat="36.774376491084695" lon="-118.37332285009325">
        <time>2005-06-18T20:05:08-07:00</time>
      </trkpt>
      <trkpt lat="36.77437238395214" lon="-118.3733338303864">
        <time>2005-06-18T20:05:09-07:00</time>
      </trkpt>
      <trkpt lat="36.77434497512877" lon="-118.37340893223882">
        <time>2005-06-18T20:05:10-07:00</time>
      </trkpt>
      <trkpt lat="36.774332486093044" lon="-118.37344287894666">
        <time>2005-06-18T20:05:16-07:00</time>
      </trkpt>
      <trkpt lat="36.77432192489505" lon="-118.37349878624082">
        <time>2005-06-18T20:05:17-07:00</time>
      </trkpt>
      <trkpt lat="36.774309016764164" lon="-118.37355896830559">
        <time>2005-06-18T20:05:23-07:00</time>
      </trkpt>
      <trkpt lat="36.774302646517754" lon="-118.37356567382812">
        <time>2005-06-18T20:05:26-07:00</time>
      </trkpt>
      <trkpt lat="36.77428504452109" lon="-118.37364722974598">
        <time>2005-06-18T20:05:31-07:00</time>
      </trkpt>
      <trkpt lat="36.77428537979722" lon="-118.3736620657146">
        <time>2005-06-18T20:05:37-07:00</time>
      </trkpt>
      <trkpt lat="36.774286637082696" lon="-118.37371235713363">
        <time>2005-06-18T20:05:38-07:00</time>
      </trkpt>
      <trkpt lat="36.77427808754146" lon="-118.37371168658137">
        <time>2005-06-18T20:05:45-07:00</time>
      </trkpt>
      <trkpt lat="36.77426517941058" lon="-118.37372912093997">
        <time>2005-06-18T20:05:46-07:00</time>
      </trkpt>
      <trkpt lat="36.77425126545131" lon="-118.37383003905416">
        <time>2005-06-18T20:05:51-07:00</time>
      </trkpt>
      <trkpt lat="36.77425302565098" lon="-118.37385166436434">
        <time>2005-06-18T20:05:53-07:00</time>
      </trkpt>
      <trkpt lat="36.774248918518424" lon="-118.37391117587686">
        <time>2005-06-18T20:05:55-07:00</time>
      </trkpt>
      <trkpt lat="36.774246990680695" lon="-118.37392383255064">
        <time>2005-06-18T20:06:02-07:00</time>
      </trkpt>
      <trkpt lat="36.774214301258326" lon="-118.37398518808186">
        <time>2005-06-18T20:06:04-07:00</time>
      </trkpt>
      <trkpt lat="36.77420491352677" lon="-118.37407856248319">
        <time>2005-06-18T20:06:10-07:00</time>
      </trkpt>
      <trkpt lat="36.774173732846975" lon="-118.37415500544012">
        <time>2005-06-18T20:06:11-07:00</time>
      </trkpt>
      <trkpt lat="36.77417197264731" lon="-118.37416757829487">
        <time>2005-06-18T20:06:17-07:00</time>
      </trkpt>
      <trkpt lat="36.77417004480958" lon="-118.37425173260272">
        <time>2005-06-18T20:06:24-07:00</time>
      </trkpt>
      <trkpt lat="36.77416702732444" lon="-118.37425651028752">
        <time>2005-06-18T20:06:31-07:00</time>
      </trkpt>
      <trkpt lat="36.77416157908738" lon="-118.37426631711423">
        <time>2005-06-18T20:06:32-07:00</time>
      </trkpt>
      <trkpt lat="36.77415839396417" lon="-118.37431593798101">
        <time>2005-06-18T20:06:39-07:00</time>
      </trkpt>
      <trkpt lat="36.774155125021935" lon="-118.37432381696999">
        <time>2005-06-18T20:06:40-07:00</time>
      </trkpt>
      <trkpt lat="36.7741484194994" lon="-118.37441048584878">
        <time>2005-06-18T20:06:41-07:00</time>
      </trkpt>
      <trkpt lat="36.77413450554013" lon="-118.37448231875896">
        <time>2005-06-18T20:06:45-07:00</time>
      </trkpt>
      <trkpt lat="36.77412997931242" lon="-118.37449656799436">
        <time>2005-06-18T20:06:46-07:00</time>
      </trkpt>
      <trkpt lat="36.77411246113479" lon="-118.37458248250186">
        <time>2005-06-18T20:06:54-07:00</time>
      </trkpt>
      <trkpt lat="36.77408731542528" lon="-118.37466177530587">
        <time>2005-06-18T20:07:00-07:00</time>
      </trkpt>
      <trkpt lat="36.77408396266401" lon="-118.3746774494648">
        <time>2005-06-18T20:07:01-07:00</time>
      </trkpt>
      <trkpt lat="36.774051524698734" lon="-118.37475263513625">
        <time>2005-06-18T20:07:08-07:00</time>
      </trkpt>
      <trkpt lat="36.77405177615583" lon="-118.37476294487715">
        <time>2005-06-18T20:07:15-07:00</time>
      </trkpt>
      <trkpt lat="36.77405177615583" lon="-118.37484223768115">
        <time>2005-06-18T20:07:16-07:00</time>
      </trkpt>
      <trkpt lat="36.774051021784544" lon="-118.37485573254526">
        <time>2005-06-18T20:07:22-07:00</time>
      </trkpt>
      <trkpt lat="36.774051021784544" lon="-118.37492655962706">
        <time>2005-06-18T20:07:23-07:00</time>
      </trkpt>
      <trkpt lat="36.77405026741326" lon="-118.37493628263474">
        <time>2005-06-18T20:07:30-07:00</time>
      </trkpt>
      <trkpt lat="36.77402595989406" lon="-118.37501113303006">
        <time>2005-06-18T20:07:31-07:00</time>
      </trkpt>
      <trkpt lat="36.77402185276151" lon="-118.37504709139466">
        <time>2005-06-18T20:07:37-07:00</time>
      </trkpt>
      <trkpt lat="36.774007519707084" lon="-118.37508447468281">
        <time>2005-06-18T20:07:38-07:00</time>
      </trkpt>
      <trkpt lat="36.77397164516151" lon="-118.37515362538397">
        <time>2005-06-18T20:07:45-07:00</time>
      </trkpt>
      <trkpt lat="36.773969465866685" lon="-118.3751782681793">
        <time>2005-06-18T20:07:48-07:00</time>
      </trkpt>
      <trkpt lat="36.77394188940525" lon="-118.37522277608514">
        <time>2005-06-18T20:07:51-07:00</time>
      </trkpt>
      <trkpt lat="36.77392294630408" lon="-118.3752607461065">
        <time>2005-06-18T20:07:57-07:00</time>
      </trkpt>
      <trkpt lat="36.77389251999557" lon="-118.37531874887645">
        <time>2005-06-18T20:07:59-07:00</time>
      </trkpt>
      <trkpt lat="36.7738822940737" lon="-118.37534070946276">
        <time>2005-06-18T20:08:04-07:00</time>
      </trkpt>
      <trkpt lat="36.77385748364031" lon="-118.37540667504072">
        <time>2005-06-18T20:08:07-07:00</time>
      </trkpt>
      <trkpt lat="36.77384021691978" lon="-118.37544221431017">
        <time>2005-06-18T20:08:13-07:00</time>
      </trkpt>
      <trkpt lat="36.77383099682629" lon="-118.37546518072486">
        <time>2005-06-18T20:08:16-07:00</time>
      </trkpt>
      <trkpt lat="36.77379763685167" lon="-118.3755165617913">
        <time>2005-06-18T20:08:22-07:00</time>
      </trkpt>
      <trkpt lat="36.773753548040986" lon="-118.37558671832085">
        <time>2005-06-18T20:08:27-07:00</time>
      </trkpt>
      <trkpt lat="36.77371859550476" lon="-118.37563809938729">
        <time>2005-06-18T20:08:29-07:00</time>
      </trkpt>
      <trkpt lat="36.77366562187672" lon="-118.37570624426007">
        <time>2005-06-18T20:08:35-07:00</time>
      </trkpt>
      <trkpt lat="36.7736404761672" lon="-118.37579551152885">
        <time>2005-06-18T20:08:43-07:00</time>
      </trkpt>
      <trkpt lat="36.77363754250109" lon="-118.37581428699195">
        <time>2005-06-18T20:08:49-07:00</time>
      </trkpt>
      <trkpt lat="36.77361340261996" lon="-118.37589181959629">
        <time>2005-06-18T20:08:58-07:00</time>
      </trkpt>
      <trkpt lat="36.77358129993081" lon="-118.37594102136791">
        <time>2005-06-18T20:09:05-07:00</time>
      </trkpt>
      <trkpt lat="36.773532181978226" lon="-118.37600195780396">
        <time>2005-06-18T20:09:06-07:00</time>
      </trkpt>
      <trkpt lat="36.77348096854985" lon="-118.37606674991548">
        <time>2005-06-18T20:09:14-07:00</time>
      </trkpt>
      <trkpt lat="36.77342573180795" lon="-118.37613372132182">
        <time>2005-06-18T20:09:21-07:00</time>
      </trkpt>
      <trkpt lat="36.773417266085744" lon="-118.37614176794887">
        <time>2005-06-18T20:09:27-07:00</time>
      </trkpt>
      <trkpt lat="36.77339882589877" lon="-118.3761762175709">
        <time>2005-06-18T20:09:34-07:00</time>
      </trkpt>
      <trkpt lat="36.77339413203299" lon="-118.37618543766439">
        <time>2005-06-18T20:09:42-07:00</time>
      </trkpt>
      <trkpt lat="36.77337057888508" lon="-118.37624302133918">
        <time>2005-06-18T20:09:43-07:00</time>
      </trkpt>
      <trkpt lat="36.773362616077065" lon="-118.37625307962298">
        <time>2005-06-18T20:09:49-07:00</time>
      </trkpt>
      <trkpt lat="36.7733539827168" lon="-118.37626221589744">
        <time>2005-06-18T20:09:50-07:00</time>
      </trkpt>
      <trkpt lat="36.77332774735987" lon="-118.37629473768175">
        <time>2005-06-18T20:09:56-07:00</time>
      </trkpt>
      <trkpt lat="36.77330209873617" lon="-118.37631862610579">
        <time>2005-06-18T20:09:57-07:00</time>
      </trkpt>
      <trkpt lat="36.77328768186271" lon="-118.3763384912163">
        <time>2005-06-18T20:09:58-07:00</time>
      </trkpt>
      <trkpt lat="36.77324619144201" lon="-118.37638325057924">
        <time>2005-06-18T20:10:03-07:00</time>
      </trkpt>
      <trkpt lat="36.7732313554734" lon="-118.37640185840428">
        <time>2005-06-18T20:10:07-07:00</time>
      </trkpt>
      <trkpt lat="36.77319581620395" lon="-118.376435469836">
        <time>2005-06-18T20:10:10-07:00</time>
      </trkpt>
      <trkpt lat="36.77318391390145" lon="-118.3764558378607">
        <time>2005-06-18T20:10:16-07:00</time>
      </trkpt>
      <trkpt lat="36.773171508684754" lon="-118.37647721171379">
        <time>2005-06-18T20:10:18-07:00</time>
      </trkpt>
      <trkpt lat="36.773158768191934" lon="-118.37649238295853">
        <time>2005-06-18T20:10:25-07:00</time>
      </trkpt>
      <trkpt lat="36.77312666550279" lon="-118.37657435797155">
        <time>2005-06-18T20:10:27-07:00</time>
      </trkpt>
      <trkpt lat="36.77313261665404" lon="-118.37659011594951">
        <time>2005-06-18T20:10:29-07:00</time>
      </trkpt>
      <trkpt lat="36.77311459556222" lon="-118.37660947814584">
        <time>2005-06-18T20:10:31-07:00</time>
      </trkpt>
      <trkpt lat="36.77310571074486" lon="-118.37660914286971">
        <time>2005-06-18T20:10:39-07:00</time>
      </trkpt>
      <trkpt lat="36.77310864441097" lon="-118.37660763412714">
        <time>2005-06-18T20:10:46-07:00</time>
      </trkpt>
      <trkpt lat="36.77310839295387" lon="-118.37660872377455">
        <time>2005-06-18T20:10:52-07:00</time>
      </trkpt>
      <trkpt lat="36.77310286089778" lon="-118.37661291472614">
        <time>2005-06-18T20:10:59-07:00</time>
      </trkpt>
      <trkpt lat="36.77310294471681" lon="-118.37661266326904">
        <time>2005-06-18T20:11:02-07:00</time>
      </trkpt>
      <trkpt lat="36.77310596220195" lon="-118.37662146426737">
        <time>2005-06-18T20:11:03-07:00</time>
      </trkpt>
      <trkpt lat="36.7731068842113" lon="-118.3766202069819">
        <time>2005-06-18T20:11:07-07:00</time>
      </trkpt>
      <trkpt lat="36.7731068842113" lon="-118.3766202069819">
        <time>2005-06-18T20:11:08-07:00</time>
      </trkpt>
      <trkpt lat="36.7731068842113" lon="-118.3766202069819">
        <time>2005-06-18T20:11:13-07:00</time>
      </trkpt>
      <trkpt lat="36.7731068842113" lon="-118.3766202069819">
        <time>2005-06-18T20:11:15-07:00</time>
      </trkpt>
      <trkpt lat="36.77310009486973" lon="-118.37661928497255">
        <time>2005-06-18T20:11:18-07:00</time>
      </trkpt>
      <trkpt lat="36.77308911457658" lon="-118.37662406265736">
        <time>2005-06-18T20:11:29-07:00</time>
      </trkpt>
      <trkpt lat="36.7730587720871" lon="-118.37662531994283">
        <time>2005-06-18T20:11:37-07:00</time>
      </trkpt>
      <trkpt lat="36.773040164262056" lon="-118.37661584839225">
        <time>2005-06-18T20:11:41-07:00</time>
      </trkpt>
      <trkpt lat="36.77301250398159" lon="-118.37659975513816">
        <time>2005-06-18T20:11:43-07:00</time>
      </trkpt>
      <trkpt lat="36.7730101570487" lon="-118.37662573903799">
        <time>2005-06-18T20:11:46-07:00</time>
      </trkpt>
      <trkpt lat="36.77303739823401" lon="-118.37668164633214">
        <time>2005-06-18T20:11:48-07:00</time>
      </trkpt>
      <trkpt lat="36.77307017147541" lon="-118.37671282701194">
        <time>2005-06-18T20:11:53-07:00</time>
      </trkpt>
      <trkpt lat="36.77311224862933" lon="-118.37675389833748">
        <time>2005-06-18T20:11:55-07:00</time>
      </trkpt>
      <trkpt lat="36.77316731773317" lon="-118.37682824581861">
        <time>2005-06-18T20:11:59-07:00</time>
      </trkpt>
      <trkpt lat="36.77317192777991" lon="-118.37683754973114">
        <time>2005-06-18T20:12:02-07:00</time>
      </trkpt>
      <trkpt lat="36.77316346205771" lon="-118.37684383615851">
        <time>2005-06-18T20:12:07-07:00</time>
      </trkpt>
      <trkpt lat="36.77318994887173" lon="-118.37685724720359">
        <time>2005-06-18T20:12:15-07:00</time>
      </trkpt>
      <trkpt lat="36.773198582232" lon="-118.37686772458255">
        <time>2005-06-18T20:12:16-07:00</time>
      </trkpt>
      <trkpt lat="36.773223392665386" lon="-118.37691826745868">
        <time>2005-06-18T20:12:22-07:00</time>
      </trkpt>
      <trkpt lat="36.77325096912682" lon="-118.37696042843163">
        <time>2005-06-18T20:12:33-07:00</time>
      </trkpt>
      <trkpt lat="36.77327619865537" lon="-118.3770071156323">
        <time>2005-06-18T20:12:34-07:00</time>
      </trkpt>
      <trkpt lat="36.773302014917135" lon="-118.3770536351949">
        <time>2005-06-18T20:12:38-07:00</time>
      </trkpt>
      <trkpt lat="36.773314671590924" lon="-118.37707274593413">
        <time>2005-06-18T20:12:42-07:00</time>
      </trkpt>
      <trkpt lat="36.77336370572448" lon="-118.37715673260391">
        <time>2005-06-18T20:12:46-07:00</time>
      </trkpt>
      <trkpt lat="36.77337124943733" lon="-118.37716704234481">
        <time>2005-06-18T20:12:50-07:00</time>
      </trkpt>
      <trkpt lat="36.77340477705002" lon="-118.37721113115549">
        <time>2005-06-18T20:12:52-07:00</time>
      </trkpt>
      <trkpt lat="36.77343109622598" lon="-118.37723476812243">
        <time>2005-06-18T20:12:58-07:00</time>
      </trkpt>
      <trkpt lat="36.77346395328641" lon="-118.37726259604096">
        <time>2005-06-18T20:12:59-07:00</time>
      </trkpt>
      <trkpt lat="36.77349655888975" lon="-118.37729989551008">
        <time>2005-06-18T20:13:03-07:00</time>
      </trkpt>
      <trkpt lat="36.773538049310446" lon="-118.37736343033612">
        <time>2005-06-18T20:13:06-07:00</time>
      </trkpt>
      <trkpt lat="36.7735490296036" lon="-118.37738463655114">
        <time>2005-06-18T20:13:10-07:00</time>
      </trkpt>
      <trkpt lat="36.773576522246" lon="-118.37743543088436">
        <time>2005-06-18T20:13:14-07:00</time>
      </trkpt>
      <trkpt lat="36.77361449226737" lon="-118.37750726379454">
        <time>2005-06-18T20:13:19-07:00</time>
      </trkpt>
      <trkpt lat="36.77365413866937" lon="-118.37756082415581">
        <time>2005-06-18T20:13:21-07:00</time>
      </trkpt>
      <trkpt lat="36.77368490025401" lon="-118.37761689908803">
        <time>2005-06-18T20:13:25-07:00</time>
      </trkpt>
      <trkpt lat="36.77369445562363" lon="-118.37764179334044">
        <time>2005-06-18T20:13:31-07:00</time>
      </trkpt>
      <trkpt lat="36.77372781559825" lon="-118.37772745639086">
        <time>2005-06-18T20:13:35-07:00</time>
      </trkpt>
      <trkpt lat="36.77374348975718" lon="-118.37776777334511">
        <time>2005-06-18T20:13:39-07:00</time>
      </trkpt>
      <trkpt lat="36.77376578561962" lon="-118.37782770395279">
        <time>2005-06-18T20:13:41-07:00</time>
      </trkpt>
      <trkpt lat="36.77379277534783" lon="-118.37788553908467">
        <time>2005-06-18T20:13:47-07:00</time>
      </trkpt>
      <trkpt lat="36.77380224689841" lon="-118.37791571393609">
        <time>2005-06-18T20:13:50-07:00</time>
      </trkpt>
      <trkpt lat="36.773813646286726" lon="-118.3779532648623">
        <time>2005-06-18T20:13:55-07:00</time>
      </trkpt>
      <trkpt lat="36.773827308788896" lon="-118.37799760513008">
        <time>2005-06-18T20:13:59-07:00</time>
      </trkpt>
      <trkpt lat="36.77383133210242" lon="-118.3780098427087">
        <time>2005-06-18T20:14:01-07:00</time>
      </trkpt>
      <trkpt lat="36.773841977119446" lon="-118.37804211303592">
        <time>2005-06-18T20:14:04-07:00</time>
      </trkpt>
      <trkpt lat="36.77383091300726" lon="-118.37805074639618">
        <time>2005-06-18T20:14:08-07:00</time>
      </trkpt>
      <trkpt lat="36.77382747642696" lon="-118.37804554961622">
        <time>2005-06-18T20:14:09-07:00</time>
      </trkpt>
      <trkpt lat="36.77375799044967" lon="-118.37796558625996">
        <time>2005-06-18T20:14:11-07:00</time>
      </trkpt>
      <trkpt lat="36.77369127050042" lon="-118.37787824682891">
        <time>2005-06-18T20:14:14-07:00</time>
      </trkpt>
      <trkpt lat="36.77363008260727" lon="-118.37779551744461">
        <time>2005-06-18T20:14:15-07:00</time>
      </trkpt>
      <trkpt lat="36.77360225468874" lon="-118.37776173837483">
        <time>2005-06-18T20:14:22-07:00</time>
      </trkpt>
      <trkpt lat="36.77357484586537" lon="-118.37771764956415">
        <time>2005-06-18T20:14:29-07:00</time>
      </trkpt>
      <trkpt lat="36.7735006660223" lon="-118.37763324379921">
        <time>2005-06-18T20:14:36-07:00</time>
      </trkpt>
      <trkpt lat="36.77347074262798" lon="-118.37762385606766">
        <time>2005-06-18T20:14:39-07:00</time>
      </trkpt>
      <trkpt lat="36.77346588112414" lon="-118.37763458490372">
        <time>2005-06-18T20:14:43-07:00</time>
      </trkpt>
      <trkpt lat="36.77346705459058" lon="-118.37764623574913">
        <time>2005-06-18T20:14:51-07:00</time>
      </trkpt>
      <trkpt lat="36.77347116172314" lon="-118.37767414748669">
        <time>2005-06-18T20:14:54-07:00</time>
      </trkpt>
      <trkpt lat="36.773494547232985" lon="-118.37773055769503">
        <time>2005-06-18T20:14:55-07:00</time>
      </trkpt>
      <trkpt lat="36.77349966019392" lon="-118.37774489074945">
        <time>2005-06-18T20:14:56-07:00</time>
      </trkpt>
      <trkpt lat="36.77352103404701" lon="-118.37780029512942">
        <time>2005-06-18T20:14:58-07:00</time>
      </trkpt>
      <trkpt lat="36.7735387198627" lon="-118.37783114053309">
        <time>2005-06-18T20:15:02-07:00</time>
      </trkpt>
      <trkpt lat="36.77355338819325" lon="-118.37786064483225">
        <time>2005-06-18T20:15:03-07:00</time>
      </trkpt>
      <trkpt lat="36.77357777953148" lon="-118.37791504338384">
        <time>2005-06-18T20:15:07-07:00</time>
      </trkpt>
      <trkpt lat="36.77358238957822" lon="-118.3779292088002">
        <time>2005-06-18T20:15:10-07:00</time>
      </trkpt>
      <trkpt lat="36.77360334433615" lon="-118.37797681801021">
        <time>2005-06-18T20:15:13-07:00</time>
      </trkpt>
      <trkpt lat="36.773624969646335" lon="-118.37802073918283">
        <time>2005-06-18T20:15:17-07:00</time>
      </trkpt>
      <trkpt lat="36.77363645285368" lon="-118.37804513052106">
        <time>2005-06-18T20:15:18-07:00</time>
      </trkpt>
      <trkpt lat="36.77364198490977" lon="-118.37807815521955">
        <time>2005-06-18T20:15:22-07:00</time>
      </trkpt>
      <trkpt lat="36.77363636903465" lon="-118.378074048087">
        <time>2005-06-18T20:15:25-07:00</time>
      </trkpt>
      <trkpt lat="36.77358674816787" lon="-118.37800699286163">
        <time>2005-06-18T20:15:27-07:00</time>
      </trkpt>
      <trkpt lat="36.77355523221195" lon="-118.37796106003225">
        <time>2005-06-18T20:15:31-07:00</time>
      </trkpt>
      <trkpt lat="36.77352882921696" lon="-118.37790540419519">
        <time>2005-06-18T20:15:32-07:00</time>
      </trkpt>
      <trkpt lat="36.773474011570215" lon="-118.37783558294177">
        <time>2005-06-18T20:15:38-07:00</time>
      </trkpt>
      <trkpt lat="36.77337694913149" lon="-118.37774891406298">
        <time>2005-06-18T20:15:42-07:00</time>
      </trkpt>
      <trkpt lat="36.77332087419927" lon="-118.37768764235079">
        <time>2005-06-18T20:15:46-07:00</time>
      </trkpt>
      <trkpt lat="36.77329748868942" lon="-118.37769853882492">
        <time>2005-06-18T20:15:54-07:00</time>
      </trkpt>
      <trkpt lat="36.77330276928842" lon="-118.3777148835361">
        <time>2005-06-18T20:16:04-07:00</time>
      </trkpt>
      <trkpt lat="36.77335607819259" lon="-118.37778168730438">
        <time>2005-06-18T20:16:10-07:00</time>
      </trkpt>
      <trkpt lat="36.773410057649016" lon="-118.37786424905062">
        <time>2005-06-18T20:16:14-07:00</time>
      </trkpt>
      <trkpt lat="36.7734211217612" lon="-118.37788880802691">
        <time>2005-06-18T20:16:15-07:00</time>
      </trkpt>
      <trkpt lat="36.773448530584574" lon="-118.37796709500253">
        <time>2005-06-18T20:16:20-07:00</time>
      </trkpt>
      <trkpt lat="36.77345221862197" lon="-118.37797882966697">
        <time>2005-06-18T20:16:27-07:00</time>
      </trkpt>
      <trkpt lat="36.773462863639" lon="-118.37800540030003">
        <time>2005-06-18T20:16:29-07:00</time>
      </trkpt>
      <trkpt lat="36.7734922003001" lon="-118.37807463482022">
        <time>2005-06-18T20:16:34-07:00</time>
      </trkpt>
      <trkpt lat="36.77350167185068" lon="-118.37809869088233">
        <time>2005-06-18T20:16:35-07:00</time>
      </trkpt>
      <trkpt lat="36.77353201434016" lon="-118.37816448882222">
        <time>2005-06-18T20:16:37-07:00</time>
      </trkpt>
      <trkpt lat="36.77355498075485" lon="-118.37825132533908">
        <time>2005-06-18T20:16:43-07:00</time>
      </trkpt>
      <trkpt lat="36.773570738732815" lon="-118.37831569835544">
        <time>2005-06-18T20:16:45-07:00</time>
      </trkpt>
      <trkpt lat="36.77357727661729" lon="-118.37834000587463">
        <time>2005-06-18T20:16:51-07:00</time>
      </trkpt>
      <trkpt lat="36.773589262738824" lon="-118.37837143801153">
        <time>2005-06-18T20:16:57-07:00</time>
      </trkpt>
      <trkpt lat="36.77361365407705" lon="-118.37842944078147">
        <time>2005-06-18T20:17:02-07:00</time>
      </trkpt>
      <trkpt lat="36.773623963817954" lon="-118.37845693342388">
        <time>2005-06-18T20:17:04-07:00</time>
      </trkpt>
      <trkpt lat="36.77365170791745" lon="-118.37856405414641">
        <time>2005-06-18T20:17:06-07:00</time>
      </trkpt>
      <trkpt lat="36.77366386167705" lon="-118.37858593091369">
        <time>2005-06-18T20:17:10-07:00</time>
      </trkpt>
      <trkpt lat="36.77368691191077" lon="-118.37866480462253">
        <time>2005-06-18T20:17:12-07:00</time>
      </trkpt>
      <trkpt lat="36.77368875592947" lon="-118.37865902110934">
        <time>2005-06-18T20:17:19-07:00</time>
      </trkpt>
      <trkpt lat="36.773691941052675" lon="-118.37867922149599">
        <time>2005-06-18T20:17:21-07:00</time>
      </trkpt>
      <trkpt lat="36.77369805984199" lon="-118.37871551513672">
        <time>2005-06-18T20:17:27-07:00</time>
      </trkpt>
      <trkpt lat="36.773706106469035" lon="-118.37875792756677">
        <time>2005-06-18T20:17:34-07:00</time>
      </trkpt>
      <trkpt lat="36.773712979629636" lon="-118.37880042381585">
        <time>2005-06-18T20:17:39-07:00</time>
      </trkpt>
      <trkpt lat="36.773718846961856" lon="-118.37883772328496">
        <time>2005-06-18T20:17:42-07:00</time>
      </trkpt>
      <trkpt lat="36.773722283542156" lon="-118.37887619622052">
        <time>2005-06-18T20:17:45-07:00</time>
      </trkpt>
      <trkpt lat="36.7737250495702" lon="-118.37891735136509">
        <time>2005-06-18T20:17:48-07:00</time>
      </trkpt>
      <trkpt lat="36.77372974343598" lon="-118.37894551455975">
        <time>2005-06-18T20:17:51-07:00</time>
      </trkpt>
      <trkpt lat="36.77373577840626" lon="-118.37897485122085">
        <time>2005-06-18T20:17:54-07:00</time>
      </trkpt>
      <trkpt lat="36.773735862225294" lon="-118.37903478182852">
        <time>2005-06-18T20:17:57-07:00</time>
      </trkpt>
      <trkpt lat="36.77373519167304" lon="-118.37905062362552">
        <time>2005-06-18T20:17:59-07:00</time>
      </trkpt>
      <trkpt lat="36.77373611368239" lon="-118.37910250760615">
        <time>2005-06-18T20:18:01-07:00</time>
      </trkpt>
      <trkpt lat="36.77373460493982" lon="-118.3791570737958">
        <time>2005-06-18T20:18:05-07:00</time>
      </trkpt>
      <trkpt lat="36.77373468875885" lon="-118.37919554673135">
        <time>2005-06-18T20:18:06-07:00</time>
      </trkpt>
      <trkpt lat="36.77373871207237" lon="-118.37925388477743">
        <time>2005-06-18T20:18:09-07:00</time>
      </trkpt>
      <trkpt lat="36.77373846061528" lon="-118.37926637381315">
        <time>2005-06-18T20:18:13-07:00</time>
      </trkpt>
      <trkpt lat="36.77374047227204" lon="-118.37930761277676">
        <time>2005-06-18T20:18:16-07:00</time>
      </trkpt>
      <trkpt lat="36.773752458393574" lon="-118.37936494499445">
        <time>2005-06-18T20:18:20-07:00</time>
      </trkpt>
      <trkpt lat="36.773754050955176" lon="-118.37941062636673">
        <time>2005-06-18T20:18:21-07:00</time>
      </trkpt>
      <trkpt lat="36.7737477645278" lon="-118.37945471517742">
        <time>2005-06-18T20:18:24-07:00</time>
      </trkpt>
      <trkpt lat="36.77374608814716" lon="-118.37947416119277">
        <time>2005-06-18T20:18:28-07:00</time>
      </trkpt>
      <trkpt lat="36.77374625578523" lon="-118.37951741181314">
        <time>2005-06-18T20:18:31-07:00</time>
      </trkpt>
      <trkpt lat="36.77374097518623" lon="-118.37957910262048">
        <time>2005-06-18T20:18:34-07:00</time>
      </trkpt>
      <trkpt lat="36.773738879710436" lon="-118.37958932854235">
        <time>2005-06-18T20:18:35-07:00</time>
      </trkpt>
      <trkpt lat="36.77374198101461" lon="-118.37964305654168">
        <time>2005-06-18T20:18:37-07:00</time>
      </trkpt>
      <trkpt lat="36.7737440764904" lon="-118.37967683561146">
        <time>2005-06-18T20:18:41-07:00</time>
      </trkpt>
      <trkpt lat="36.77374156191945" lon="-118.37971187196672">
        <time>2005-06-18T20:18:42-07:00</time>
      </trkpt>
      <trkpt lat="36.77373955026269" lon="-118.37975629605353">
        <time>2005-06-18T20:18:45-07:00</time>
      </trkpt>
      <trkpt lat="36.77373619750142" lon="-118.37978320196271">
        <time>2005-06-18T20:18:47-07:00</time>
      </trkpt>
      <trkpt lat="36.77373334765434" lon="-118.37979476898909">
        <time>2005-06-18T20:18:49-07:00</time>
      </trkpt>
      <trkpt lat="36.773753045126796" lon="-118.37986081838608">
        <time>2005-06-18T20:18:52-07:00</time>
      </trkpt>
      <trkpt lat="36.77377039566636" lon="-118.37990683503449">
        <time>2005-06-18T20:18:54-07:00</time>
      </trkpt>
      <trkpt lat="36.77377391606569" lon="-118.3799322322011">
        <time>2005-06-18T20:18:55-07:00</time>
      </trkpt>
      <trkpt lat="36.773760840296745" lon="-118.37998948059976">
        <time>2005-06-18T20:19:00-07:00</time>
      </trkpt>
      <trkpt lat="36.77376260049641" lon="-118.38000331074">
        <time>2005-06-18T20:19:03-07:00</time>
      </trkpt>
      <trkpt lat="36.77377140149474" lon="-118.38002845644951">
        <time>2005-06-18T20:19:05-07:00</time>
      </trkpt>
      <trkpt lat="36.77377282641828" lon="-118.38006575591862">
        <time>2005-06-18T20:19:09-07:00</time>
      </trkpt>
      <trkpt lat="36.77377148531377" lon="-118.38007950223982">
        <time>2005-06-18T20:19:10-07:00</time>
      </trkpt>
      <trkpt lat="36.77377073094249" lon="-118.38012124411762">
        <time>2005-06-18T20:19:12-07:00</time>
      </trkpt>
      <trkpt lat="36.77376938983798" lon="-118.38016583584249">
        <time>2005-06-18T20:19:16-07:00</time>
      </trkpt>
      <trkpt lat="36.77377047948539" lon="-118.38018184527755">
        <time>2005-06-18T20:19:17-07:00</time>
      </trkpt>
      <trkpt lat="36.77377559244633" lon="-118.3802255988121">
        <time>2005-06-18T20:19:20-07:00</time>
      </trkpt>
      <trkpt lat="36.773773496970534" lon="-118.38027563877404">
        <time>2005-06-18T20:19:24-07:00</time>
      </trkpt>
      <trkpt lat="36.77376938983798" lon="-118.38028913363814">
        <time>2005-06-18T20:19:25-07:00</time>
      </trkpt>
      <trkpt lat="36.77376268431544" lon="-118.38032358326018">
        <time>2005-06-18T20:19:28-07:00</time>
      </trkpt>
      <trkpt lat="36.77375799044967" lon="-118.38037027046084">
        <time>2005-06-18T20:19:32-07:00</time>
      </trkpt>
      <trkpt lat="36.773762768134475" lon="-118.38040539063513">
        <time>2005-06-18T20:19:33-07:00</time>
      </trkpt>
      <trkpt lat="36.77377215586603" lon="-118.38044897653162">
        <time>2005-06-18T20:19:35-07:00</time>
      </trkpt>
      <trkpt lat="36.77377634681761" lon="-118.38048744946718">
        <time>2005-06-18T20:19:38-07:00</time>
      </trkpt>
      <trkpt lat="36.77377567626536" lon="-118.38052726350725">
        <time>2005-06-18T20:19:40-07:00</time>
      </trkpt>
      <trkpt lat="36.77376888692379" lon="-118.3805696759373">
        <time>2005-06-18T20:19:43-07:00</time>
      </trkpt>
      <trkpt lat="36.7737596668303" lon="-118.38059096597135">
        <time>2005-06-18T20:19:46-07:00</time>
      </trkpt>
      <trkpt lat="36.773752961307764" lon="-118.38061217218637">
        <time>2005-06-18T20:19:49-07:00</time>
      </trkpt>
      <trkpt lat="36.773758409544826" lon="-118.38066782802343">
        <time>2005-06-18T20:19:53-07:00</time>
      </trkpt>
      <trkpt lat="36.77375773899257" lon="-118.3807044569403">
        <time>2005-06-18T20:19:55-07:00</time>
      </trkpt>
      <trkpt lat="36.77376167848706" lon="-118.3807161077857">
        <time>2005-06-18T20:19:57-07:00</time>
      </trkpt>
      <trkpt lat="36.77376360632479" lon="-118.38076547719538">
        <time>2005-06-18T20:20:01-07:00</time>
      </trkpt>
      <trkpt lat="36.77376142702997" lon="-118.38077930733562">
        <time>2005-06-18T20:20:03-07:00</time>
      </trkpt>
      <trkpt lat="36.7737475130707" lon="-118.38077545166016">
        <time>2005-06-18T20:20:04-07:00</time>
      </trkpt>
      <trkpt lat="36.77374097518623" lon="-118.38076539337635">
        <time>2005-06-18T20:20:08-07:00</time>
      </trkpt>
      <trkpt lat="36.773730078712106" lon="-118.38074418716133">
        <time>2005-06-18T20:20:09-07:00</time>
      </trkpt>
      <trkpt lat="36.77369059994817" lon="-118.38062868453562">
        <time>2005-06-18T20:20:11-07:00</time>
      </trkpt>
      <trkpt lat="36.773649863898754" lon="-118.38053564541042">
        <time>2005-06-18T20:20:12-07:00</time>
      </trkpt>
      <trkpt lat="36.773604433983564" lon="-118.3804211486131">
        <time>2005-06-18T20:20:14-07:00</time>
      </trkpt>
      <trkpt lat="36.773557998239994" lon="-118.38036138564348">
        <time>2005-06-18T20:20:22-07:00</time>
      </trkpt>
      <trkpt lat="36.77357786335051" lon="-118.3804592024535">
        <time>2005-06-18T20:20:30-07:00</time>
      </trkpt>
      <trkpt lat="36.77358129993081" lon="-118.3804761338979">
        <time>2005-06-18T20:20:38-07:00</time>
      </trkpt>
      <trkpt lat="36.77361893467605" lon="-118.38055525906384">
        <time>2005-06-18T20:20:46-07:00</time>
      </trkpt>
      <trkpt lat="36.77362128160894" lon="-118.38056724518538">
        <time>2005-06-18T20:20:51-07:00</time>
      </trkpt>
      <trkpt lat="36.77363695576787" lon="-118.38066003285348">
        <time>2005-06-18T20:20:52-07:00</time>
      </trkpt>
      <trkpt lat="36.77366595715284" lon="-118.3807866834104">
        <time>2005-06-18T20:20:58-07:00</time>
      </trkpt>
      <trkpt lat="36.773671656847" lon="-118.38079808279872">
        <time>2005-06-18T20:20:59-07:00</time>
      </trkpt>
      <trkpt lat="36.77366905845702" lon="-118.38084694929421">
        <time>2005-06-18T20:21:05-07:00</time>
      </trkpt>
      <trkpt lat="36.77366000600159" lon="-118.38083655573428">
        <time>2005-06-18T20:21:13-07:00</time>
      </trkpt>
      <trkpt lat="36.773607954382896" lon="-118.3807372301817">
        <time>2005-06-18T20:21:14-07:00</time>
      </trkpt>
      <trkpt lat="36.773601500317454" lon="-118.38072423823178">
        <time>2005-06-18T20:21:19-07:00</time>
      </trkpt>
      <trkpt lat="36.77356713451445" lon="-118.38064259849489">
        <time>2005-06-18T20:21:20-07:00</time>
      </trkpt>
      <trkpt lat="36.77355104126036" lon="-118.3805932290852">
        <time>2005-06-18T20:21:27-07:00</time>
      </trkpt>
      <trkpt lat="36.7735281586647" lon="-118.38055425323546">
        <time>2005-06-18T20:21:28-07:00</time>
      </trkpt>
      <trkpt lat="36.77349924109876" lon="-118.380534555763">
        <time>2005-06-18T20:21:34-07:00</time>
      </trkpt>
      <trkpt lat="36.77351399324834" lon="-118.3805799856782">
        <time>2005-06-18T20:21:38-07:00</time>
      </trkpt>
      <trkpt lat="36.77354609593749" lon="-118.38065785355866">
        <time>2005-06-18T20:21:41-07:00</time>
      </trkpt>
      <trkpt lat="36.773552130907774" lon="-118.38067713193595">
        <time>2005-06-18T20:21:47-07:00</time>
      </trkpt>
      <trkpt lat="36.77356855943799" lon="-118.38075751438737">
        <time>2005-06-18T20:21:50-07:00</time>
      </trkpt>
      <trkpt lat="36.773576522246" lon="-118.38080587796867">
        <time>2005-06-18T20:21:55-07:00</time>
      </trkpt>
      <trkpt lat="36.77360275760293" lon="-118.3808942232281">
        <time>2005-06-18T20:21:56-07:00</time>
      </trkpt>
      <trkpt lat="36.773611307144165" lon="-118.38092967867851">
        <time>2005-06-18T20:22:01-07:00</time>
      </trkpt>
      <trkpt lat="36.77363536320627" lon="-118.380994386971">
        <time>2005-06-18T20:22:04-07:00</time>
      </trkpt>
      <trkpt lat="36.7736597545445" lon="-118.38107225485146">
        <time>2005-06-18T20:22:10-07:00</time>
      </trkpt>
      <trkpt lat="36.773679703474045" lon="-118.38113377802074">
        <time>2005-06-18T20:22:12-07:00</time>
      </trkpt>
      <trkpt lat="36.77368917502463" lon="-118.38114542886615">
        <time>2005-06-18T20:22:17-07:00</time>
      </trkpt>
      <trkpt lat="36.77374340593815" lon="-118.38121483102441">
        <time>2005-06-18T20:22:22-07:00</time>
      </trkpt>
      <trkpt lat="36.77380207926035" lon="-118.38130292482674">
        <time>2005-06-18T20:22:26-07:00</time>
      </trkpt>
      <trkpt lat="36.77382110618055" lon="-118.38131558150053">
        <time>2005-06-18T20:22:27-07:00</time>
      </trkpt>
      <trkpt lat="36.773842899128795" lon="-118.38134542107582">
        <time>2005-06-18T20:22:33-07:00</time>
      </trkpt>
      <trkpt lat="36.7738669551909" lon="-118.38137903250754">
        <time>2005-06-18T20:22:41-07:00</time>
      </trkpt>
      <trkpt lat="36.773873744532466" lon="-118.38139177300036">
        <time>2005-06-18T20:22:43-07:00</time>
      </trkpt>
      <trkpt lat="36.77390165627003" lon="-118.3814481832087">
        <time>2005-06-18T20:22:46-07:00</time>
      </trkpt>
      <trkpt lat="36.773919593542814" lon="-118.38148456066847">
        <time>2005-06-18T20:22:49-07:00</time>
      </trkpt>
      <trkpt lat="36.773926969617605" lon="-118.38150409050286">
        <time>2005-06-18T20:22:50-07:00</time>
      </trkpt>
      <trkpt lat="36.77392437122762" lon="-118.38154918514192">
        <time>2005-06-18T20:22:55-07:00</time>
      </trkpt>
      <trkpt lat="36.77392529323697" lon="-118.38156276382506">
        <time>2005-06-18T20:22:58-07:00</time>
      </trkpt>
      <trkpt lat="36.773928394541144" lon="-118.38159444741905">
        <time>2005-06-18T20:23:00-07:00</time>
      </trkpt>
      <trkpt lat="36.7739221919328" lon="-118.3816453255713">
        <time>2005-06-18T20:23:04-07:00</time>
      </trkpt>
      <trkpt lat="36.77391297183931" lon="-118.38167298585176">
        <time>2005-06-18T20:23:05-07:00</time>
      </trkpt>
      <trkpt lat="36.773907942697406" lon="-118.38168648071587">
        <time>2005-06-18T20:23:07-07:00</time>
      </trkpt>
      <trkpt lat="36.77387164905667" lon="-118.38172445073724">
        <time>2005-06-18T20:23:10-07:00</time>
      </trkpt>
      <trkpt lat="36.773849772289395" lon="-118.38172855786979">
        <time>2005-06-18T20:23:12-07:00</time>
      </trkpt>
      <trkpt lat="36.77383979782462" lon="-118.38172210380435">
        <time>2005-06-18T20:23:13-07:00</time>
      </trkpt>
      <trkpt lat="36.77379420027137" lon="-118.38167793117464">
        <time>2005-06-18T20:23:17-07:00</time>
      </trkpt>
      <trkpt lat="36.77378162741661" lon="-118.38167080655694">
        <time>2005-06-18T20:23:20-07:00</time>
      </trkpt>
      <trkpt lat="36.77374843508005" lon="-118.38167407549918">
        <time>2005-06-18T20:23:21-07:00</time>
      </trkpt>
      <trkpt lat="36.773732425644994" lon="-118.38170550763607">
        <time>2005-06-18T20:23:26-07:00</time>
      </trkpt>
      <trkpt lat="36.773729994893074" lon="-118.38171908631921">
        <time>2005-06-18T20:23:27-07:00</time>
      </trkpt>
      <trkpt lat="36.77370929159224" lon="-118.38176485151052">
        <time>2005-06-18T20:23:30-07:00</time>
      </trkpt>
      <trkpt lat="36.7736735008657" lon="-118.38179720565677">
        <time>2005-06-18T20:23:33-07:00</time>
      </trkpt>
      <trkpt lat="36.773667046800256" lon="-118.38180039077997">
        <time>2005-06-18T20:23:34-07:00</time>
      </trkpt>
      <trkpt lat="36.77365321666002" lon="-118.38184112682939">
        <time>2005-06-18T20:23:37-07:00</time>
      </trkpt>
      <trkpt lat="36.77363662049174" lon="-118.38186711072922">
        <time>2005-06-18T20:23:42-07:00</time>
      </trkpt>
      <trkpt lat="36.77361926995218" lon="-118.38189971633255">
        <time>2005-06-18T20:23:43-07:00</time>
      </trkpt>
      <trkpt lat="36.77358959801495" lon="-118.3819505944848">
        <time>2005-06-18T20:23:47-07:00</time>
      </trkpt>
      <trkpt lat="36.773585909977555" lon="-118.38197280652821">
        <time>2005-06-18T20:23:49-07:00</time>
      </trkpt>
      <trkpt lat="36.77357283420861" lon="-118.3819904923439">
        <time>2005-06-18T20:23:51-07:00</time>
      </trkpt>
      <trkpt lat="36.77353176288307" lon="-118.38204698637128">
        <time>2005-06-18T20:23:56-07:00</time>
      </trkpt>
      <trkpt lat="36.77352111786604" lon="-118.38204740546644">
        <time>2005-06-18T20:23:58-07:00</time>
      </trkpt>
      <trkpt lat="36.77350737154484" lon="-118.38203676044941">
        <time>2005-06-18T20:24:00-07:00</time>
      </trkpt>
      <trkpt lat="36.773497480899096" lon="-118.38202997110784">
        <time>2005-06-18T20:24:05-07:00</time>
      </trkpt>
      <trkpt lat="36.7734729219228" lon="-118.3820026461035">
        <time>2005-06-18T20:24:06-07:00</time>
      </trkpt>
      <trkpt lat="36.773460349068046" lon="-118.38196710683405">
        <time>2005-06-18T20:24:08-07:00</time>
      </trkpt>
      <trkpt lat="36.773431934416294" lon="-118.38193039409816">
        <time>2005-06-18T20:24:09-07:00</time>
      </trkpt>
      <trkpt lat="36.77342380397022" lon="-118.38192117400467">
        <time>2005-06-18T20:24:12-07:00</time>
      </trkpt>
      <trkpt lat="36.773383654654026" lon="-118.38187423534691">
        <time>2005-06-18T20:24:14-07:00</time>
      </trkpt>
      <trkpt lat="36.77334224805236" lon="-118.3818112872541">
        <time>2005-06-18T20:24:18-07:00</time>
      </trkpt>
      <trkpt lat="36.77331701852381" lon="-118.38178278878331">
        <time>2005-06-18T20:24:19-07:00</time>
      </trkpt>
      <trkpt lat="36.77327871322632" lon="-118.38173794560134">
        <time>2005-06-18T20:24:23-07:00</time>
      </trkpt>
      <trkpt lat="36.77324200049043" lon="-118.38171003386378">
        <time>2005-06-18T20:24:28-07:00</time>
      </trkpt>
      <trkpt lat="36.77319472655654" lon="-118.38163577020168">
        <time>2005-06-18T20:24:31-07:00</time>
      </trkpt>
      <trkpt lat="36.773156840354204" lon="-118.38159302249551">
        <time>2005-06-18T20:24:35-07:00</time>
      </trkpt>
      <trkpt lat="36.773125659674406" lon="-118.38156226091087">
        <time>2005-06-18T20:24:38-07:00</time>
      </trkpt>
      <trkpt lat="36.773110991343856" lon="-118.38154038414359">
        <time>2005-06-18T20:24:44-07:00</time>
      </trkpt>
      <trkpt lat="36.77307737991214" lon="-118.38149436749518">
        <time>2005-06-18T20:24:48-07:00</time>
      </trkpt>
      <trkpt lat="36.77302239462733" lon="-118.38146855123341">
        <time>2005-06-18T20:24:51-07:00</time>
      </trkpt>
      <trkpt lat="36.77300848066807" lon="-118.38146151043475">
        <time>2005-06-18T20:24:53-07:00</time>
      </trkpt>
      <trkpt lat="36.7729689180851" lon="-118.38146980851889">
        <time>2005-06-18T20:24:57-07:00</time>
      </trkpt>
      <trkpt lat="36.77296958863735" lon="-118.38150316849351">
        <time>2005-06-18T20:25:02-07:00</time>
      </trkpt>
      <trkpt lat="36.77297285757959" lon="-118.381541473791">
        <time>2005-06-18T20:25:03-07:00</time>
      </trkpt>
      <trkpt lat="36.77297880873084" lon="-118.38161556981504">
        <time>2005-06-18T20:25:06-07:00</time>
      </trkpt>
      <trkpt lat="36.772978557273746" lon="-118.38163459673524">
        <time>2005-06-18T20:25:08-07:00</time>
      </trkpt>
      <trkpt lat="36.77296858280897" lon="-118.38167935609818">
        <time>2005-06-18T20:25:10-07:00</time>
      </trkpt>
      <trkpt lat="36.77295207045972" lon="-118.38172042742372">
        <time>2005-06-18T20:25:14-07:00</time>
      </trkpt>
      <trkpt lat="36.772947711870074" lon="-118.38173869997263">
        <time>2005-06-18T20:25:15-07:00</time>
      </trkpt>
      <trkpt lat="36.77293279208243" lon="-118.38180910795927">
        <time>2005-06-18T20:25:18-07:00</time>
      </trkpt>
      <trkpt lat="36.772936563938856" lon="-118.3818371873349">
        <time>2005-06-18T20:25:21-07:00</time>
      </trkpt>
      <trkpt lat="36.77294067107141" lon="-118.38186903856695">
        <time>2005-06-18T20:25:22-07:00</time>
      </trkpt>
      <trkpt lat="36.77294762805104" lon="-118.38194204494357">
        <time>2005-06-18T20:25:27-07:00</time>
      </trkpt>
      <trkpt lat="36.77294553257525" lon="-118.38195537216961">
        <time>2005-06-18T20:25:29-07:00</time>
      </trkpt>
      <trkpt lat="36.77294000051916" lon="-118.38201580569148">
        <time>2005-06-18T20:25:31-07:00</time>
      </trkpt>
      <trkpt lat="36.7729324568063" lon="-118.38204195722938">
        <time>2005-06-18T20:25:35-07:00</time>
      </trkpt>
      <trkpt lat="36.77291963249445" lon="-118.38206836022437">
        <time>2005-06-18T20:25:36-07:00</time>
      </trkpt>
      <trkpt lat="36.77289959974587" lon="-118.38212669827044">
        <time>2005-06-18T20:25:40-07:00</time>
      </trkpt>
      <trkpt lat="36.77289415150881" lon="-118.38214354589581">
        <time>2005-06-18T20:25:42-07:00</time>
      </trkpt>
      <trkpt lat="36.77288677543402" lon="-118.38215662166476">
        <time>2005-06-18T20:25:44-07:00</time>
      </trkpt>
      <trkpt lat="36.772863222286105" lon="-118.38221940211952">
        <time>2005-06-18T20:25:48-07:00</time>
      </trkpt>
      <trkpt lat="36.7728616297245" lon="-118.3822566177696">
        <time>2005-06-18T20:25:49-07:00</time>
      </trkpt>
      <trkpt lat="36.772878812626004" lon="-118.38234580121934">
        <time>2005-06-18T20:25:50-07:00</time>
      </trkpt>
      <trkpt lat="36.77289708517492" lon="-118.38245619088411">
        <time>2005-06-18T20:25:55-07:00</time>
      </trkpt>
      <trkpt lat="36.77287068217993" lon="-118.38248586282134">
        <time>2005-06-18T20:25:57-07:00</time>
      </trkpt>
      <trkpt lat="36.77284620702267" lon="-118.38252701796591">
        <time>2005-06-18T20:26:04-07:00</time>
      </trkpt>
      <trkpt lat="36.77284494973719" lon="-118.38254076428711">
        <time>2005-06-18T20:26:12-07:00</time>
      </trkpt>
      <trkpt lat="36.772817792370915" lon="-118.38263556361198">
        <time>2005-06-18T20:26:15-07:00</time>
      </trkpt>
      <trkpt lat="36.772815361618996" lon="-118.38276196271181">
        <time>2005-06-18T20:26:19-07:00</time>
      </trkpt>
      <trkpt lat="36.77284939214587" lon="-118.38288299739361">
        <time>2005-06-18T20:26:20-07:00</time>
      </trkpt>
      <trkpt lat="36.772850984707475" lon="-118.38290001265705">
        <time>2005-06-18T20:26:27-07:00</time>
      </trkpt>
      <trkpt lat="36.77285123616457" lon="-118.38300419971347">
        <time>2005-06-18T20:26:35-07:00</time>
      </trkpt>
      <trkpt lat="36.77284494973719" lon="-118.38301685638726">
        <time>2005-06-18T20:26:43-07:00</time>
      </trkpt>
      <trkpt lat="36.772840255871415" lon="-118.38302775286138">
        <time>2005-06-18T20:26:44-07:00</time>
      </trkpt>
      <trkpt lat="36.772831957787275" lon="-118.38306840509176">
        <time>2005-06-18T20:26:51-07:00</time>
      </trkpt>
      <trkpt lat="36.77283313125372" lon="-118.38311090134084">
        <time>2005-06-18T20:26:52-07:00</time>
      </trkpt>
      <trkpt lat="36.77284142933786" lon="-118.38316027075052">
        <time>2005-06-18T20:26:53-07:00</time>
      </trkpt>
      <trkpt lat="36.77284989506006" lon="-118.38320896960795">
        <time>2005-06-18T20:26:57-07:00</time>
      </trkpt>
      <trkpt lat="36.772860288619995" lon="-118.38329781778157">
        <time>2005-06-18T20:27:00-07:00</time>
      </trkpt>
      <trkpt lat="36.7728600371629" lon="-118.38338498957455">
        <time>2005-06-18T20:27:03-07:00</time>
      </trkpt>
      <trkpt lat="36.77285852842033" lon="-118.3834168408066">
        <time>2005-06-18T20:27:07-07:00</time>
      </trkpt>
      <trkpt lat="36.77286012098193" lon="-118.38346612639725">
        <time>2005-06-18T20:27:13-07:00</time>
      </trkpt>
      <trkpt lat="36.77285224199295" lon="-118.38349278084934">
        <time>2005-06-18T20:27:19-07:00</time>
      </trkpt>
      <trkpt lat="36.77284696139395" lon="-118.38350962847471">
        <time>2005-06-18T20:27:21-07:00</time>
      </trkpt>
      <trkpt lat="36.77283614873886" lon="-118.38356511667371">
        <time>2005-06-18T20:27:24-07:00</time>
      </trkpt>
      <trkpt lat="36.772831035777926" lon="-118.38360149413347">
        <time>2005-06-18T20:27:27-07:00</time>
      </trkpt>
      <trkpt lat="36.77279440686107" lon="-118.38366016745567">
        <time>2005-06-18T20:27:29-07:00</time>
      </trkpt>
      <trkpt lat="36.77278376184404" lon="-118.3837432321161">
        <time>2005-06-18T20:27:33-07:00</time>
      </trkpt>
      <trkpt lat="36.77276867441833" lon="-118.38377734646201">
        <time>2005-06-18T20:27:35-07:00</time>
      </trkpt>
      <trkpt lat="36.772758616134524" lon="-118.38382260873914">
        <time>2005-06-18T20:27:40-07:00</time>
      </trkpt>
      <trkpt lat="36.77276247180998" lon="-118.38384808972478">
        <time>2005-06-18T20:27:45-07:00</time>
      </trkpt>
      <trkpt lat="36.77275777794421" lon="-118.38389553129673">
        <time>2005-06-18T20:27:48-07:00</time>
      </trkpt>
      <trkpt lat="36.772752748802304" lon="-118.38393551297486">
        <time>2005-06-18T20:27:52-07:00</time>
      </trkpt>
      <trkpt lat="36.77274042740464" lon="-118.3839731477201">
        <time>2005-06-18T20:27:54-07:00</time>
      </trkpt>
      <trkpt lat="36.772723412141204" lon="-118.38400667533278">
        <time>2005-06-18T20:27:57-07:00</time>
      </trkpt>
      <trkpt lat="36.772714611142874" lon="-118.38402017019689">
        <time>2005-06-18T20:28:00-07:00</time>
      </trkpt>
      <trkpt lat="36.772692147642374" lon="-118.38409770280123">
        <time>2005-06-18T20:28:03-07:00</time>
      </trkpt>
      <trkpt lat="36.77269198000431" lon="-118.38416827842593">
        <time>2005-06-18T20:28:06-07:00</time>
      </trkpt>
      <trkpt lat="36.77270572632551" lon="-118.3841906581074">
        <time>2005-06-18T20:28:07-07:00</time>
      </trkpt>
      <trkpt lat="36.77269491367042" lon="-118.3842628262937">
        <time>2005-06-18T20:28:12-07:00</time>
      </trkpt>
      <trkpt lat="36.77267538383603" lon="-118.38432694785297">
        <time>2005-06-18T20:28:17-07:00</time>
      </trkpt>
      <trkpt lat="36.77266884595156" lon="-118.38434153236449">
        <time>2005-06-18T20:28:19-07:00</time>
      </trkpt>
      <trkpt lat="36.77264789119363" lon="-118.38438402861357">
        <time>2005-06-18T20:28:24-07:00</time>
      </trkpt>
      <trkpt lat="36.77264110185206" lon="-118.38441386818886">
        <time>2005-06-18T20:28:30-07:00</time>
      </trkpt>
      <trkpt lat="36.772631546482444" lon="-118.38443331420422">
        <time>2005-06-18T20:28:32-07:00</time>
      </trkpt>
      <trkpt lat="36.772625762969255" lon="-118.3844483178109">
        <time>2005-06-18T20:28:36-07:00</time>
      </trkpt>
      <trkpt lat="36.7726253438741" lon="-118.38445183821023">
        <time>2005-06-18T20:28:39-07:00</time>
      </trkpt>
      <trkpt lat="36.77262241020799" lon="-118.38445871137083">
        <time>2005-06-18T20:28:42-07:00</time>
      </trkpt>
      <trkpt lat="36.7726131901145" lon="-118.38450849987566">
        <time>2005-06-18T20:28:45-07:00</time>
      </trkpt>
      <trkpt lat="36.77260640077293" lon="-118.38453322649002">
        <time>2005-06-18T20:28:47-07:00</time>
      </trkpt>
      <trkpt lat="36.77259659394622" lon="-118.384556947276">
        <time>2005-06-18T20:28:48-07:00</time>
      </trkpt>
      <trkpt lat="36.7725904751569" lon="-118.38457857258618">
        <time>2005-06-18T20:28:53-07:00</time>
      </trkpt>
      <trkpt lat="36.772590558975935" lon="-118.38458460755646">
        <time>2005-06-18T20:28:55-07:00</time>
      </trkpt>
      <trkpt lat="36.77257907576859" lon="-118.38464085012674">
        <time>2005-06-18T20:28:58-07:00</time>
      </trkpt>
      <trkpt lat="36.77256097085774" lon="-118.384665325284">
        <time>2005-06-18T20:29:03-07:00</time>
      </trkpt>
      <trkpt lat="36.77254202775657" lon="-118.38467982597649">
        <time>2005-06-18T20:29:04-07:00</time>
      </trkpt>
      <trkpt lat="36.772517804056406" lon="-118.38472894392908">
        <time>2005-06-18T20:29:08-07:00</time>
      </trkpt>
      <trkpt lat="36.77252593450248" lon="-118.38478929363191">
        <time>2005-06-18T20:29:10-07:00</time>
      </trkpt>
      <trkpt lat="36.772526018321514" lon="-118.38479524478316">
        <time>2005-06-18T20:29:12-07:00</time>
      </trkpt>
      <trkpt lat="36.7725111823529" lon="-118.38481301441789">
        <time>2005-06-18T20:29:16-07:00</time>
      </trkpt>
      <trkpt lat="36.772486958652735" lon="-118.38478124700487">
        <time>2005-06-18T20:29:21-07:00</time>
      </trkpt>
      <trkpt lat="36.77245795726776" lon="-118.38471972383559">
        <time>2005-06-18T20:29:22-07:00</time>
      </trkpt>
      <trkpt lat="36.77244387567043" lon="-118.38467513211071">
        <time>2005-06-18T20:29:25-07:00</time>
      </trkpt>
      <trkpt lat="36.772421998903155" lon="-118.3846069034189">
        <time>2005-06-18T20:29:30-07:00</time>
      </trkpt>
      <trkpt lat="36.77237673662603" lon="-118.38452635332942">
        <time>2005-06-18T20:29:35-07:00</time>
      </trkpt>
      <trkpt lat="36.77234002389014" lon="-118.38445636443794">
        <time>2005-06-18T20:29:38-07:00</time>
      </trkpt>
      <trkpt lat="36.77231068722904" lon="-118.38436433114111">
        <time>2005-06-18T20:29:44-07:00</time>
      </trkpt>
      <trkpt lat="36.77230792120099" lon="-118.38431227952242">
        <time>2005-06-18T20:29:51-07:00</time>
      </trkpt>
      <trkpt lat="36.772303227335215" lon="-118.38429224677384">
        <time>2005-06-18T20:29:56-07:00</time>
      </trkpt>
      <trkpt lat="36.77228537388146" lon="-118.38422284461558">
        <time>2005-06-18T20:30:04-07:00</time>
      </trkpt>
      <trkpt lat="36.772240698337555" lon="-118.3841370139271">
        <time>2005-06-18T20:30:08-07:00</time>
      </trkpt>
      <trkpt lat="36.77218722179532" lon="-118.3840350061655">
        <time>2005-06-18T20:30:11-07:00</time>
      </trkpt>
      <trkpt lat="36.77213726565242" lon="-118.38395244441926">
        <time>2005-06-18T20:30:17-07:00</time>
      </trkpt>
      <trkpt lat="36.77209300920367" lon="-118.38390785269439">
        <time>2005-06-18T20:30:26-07:00</time>
      </trkpt>
      <trkpt lat="36.772069707512856" lon="-118.38384616188705">
        <time>2005-06-18T20:30:34-07:00</time>
      </trkpt>
      <trkpt lat="36.772052608430386" lon="-118.38378924876451">
        <time>2005-06-18T20:30:41-07:00</time>
      </trkpt>
      <trkpt lat="36.77204607054591" lon="-118.38374675251544">
        <time>2005-06-18T20:30:45-07:00</time>
      </trkpt>
      <trkpt lat="36.772041795775294" lon="-118.3837173320353">
        <time>2005-06-18T20:30:50-07:00</time>
      </trkpt>
      <trkpt lat="36.77198488265276" lon="-118.38361943140626">
        <time>2005-06-18T20:30:54-07:00</time>
      </trkpt>
      <trkpt lat="36.771954372525215" lon="-118.38357240892947">
        <time>2005-06-18T20:30:57-07:00</time>
      </trkpt>
      <trkpt lat="36.77194674499333" lon="-118.3835709001869">
        <time>2005-06-18T20:30:59-07:00</time>
      </trkpt>
      <trkpt lat="36.77194230258465" lon="-118.38358414359391">
        <time>2005-06-18T20:31:07-07:00</time>
      </trkpt>
      <trkpt lat="36.77194397896528" lon="-118.38359965011477">
        <time>2005-06-18T20:31:12-07:00</time>
      </trkpt>
      <trkpt lat="36.771944062784314" lon="-118.38360920548439">
        <time>2005-06-18T20:31:13-07:00</time>
      </trkpt>
      <trkpt lat="36.77193568088114" lon="-118.38365002535284">
        <time>2005-06-18T20:31:16-07:00</time>
      </trkpt>
      <trkpt lat="36.77194573916495" lon="-118.38371364399791">
        <time>2005-06-18T20:31:17-07:00</time>
      </trkpt>
      <trkpt lat="36.7719466611743" lon="-118.38372328318655">
        <time>2005-06-18T20:31:18-07:00</time>
      </trkpt>
      <trkpt lat="36.7719395365566" lon="-118.38378136977553">
        <time>2005-06-18T20:31:22-07:00</time>
      </trkpt>
      <trkpt lat="36.77192972972989" lon="-118.38381095789373">
        <time>2005-06-18T20:31:27-07:00</time>
      </trkpt>
      <trkpt lat="36.77191162481904" lon="-118.38382855989039">
        <time>2005-06-18T20:31:28-07:00</time>
      </trkpt>
      <trkpt lat="36.77190827205777" lon="-118.38383501395583">
        <time>2005-06-18T20:31:33-07:00</time>
      </trkpt>
      <trkpt lat="36.771898297593" lon="-118.38387005031109">
        <time>2005-06-18T20:31:36-07:00</time>
      </trkpt>
      <trkpt lat="36.771892346441746" lon="-118.38389846496284">
        <time>2005-06-18T20:31:39-07:00</time>
      </trkpt>
      <trkpt lat="36.77188857458532" lon="-118.38391514495015">
        <time>2005-06-18T20:31:40-07:00</time>
      </trkpt>
      <trkpt lat="36.771892849355936" lon="-118.38397348299623">
        <time>2005-06-18T20:31:43-07:00</time>
      </trkpt>
      <trkpt lat="36.771888406947255" lon="-118.38399686850607">
        <time>2005-06-18T20:31:46-07:00</time>
      </trkpt>
      <trkpt lat="36.77187851630151" lon="-118.38401706889272">
        <time>2005-06-18T20:31:48-07:00</time>
      </trkpt>
      <trkpt lat="36.771872229874134" lon="-118.38404648937285">
        <time>2005-06-18T20:31:53-07:00</time>
      </trkpt>
      <trkpt lat="36.77187256515026" lon="-118.38407884351909">
        <time>2005-06-18T20:31:55-07:00</time>
      </trkpt>
      <trkpt lat="36.77186971530318" lon="-118.384118238464">
        <time>2005-06-18T20:31:57-07:00</time>
      </trkpt>
      <trkpt lat="36.7718687094748" lon="-118.3841303922236">
        <time>2005-06-18T20:32:00-07:00</time>
      </trkpt>
      <trkpt lat="36.77187692373991" lon="-118.38419149629772">
        <time>2005-06-18T20:32:04-07:00</time>
      </trkpt>
      <trkpt lat="36.77186418324709" lon="-118.38423206470907">
        <time>2005-06-18T20:32:08-07:00</time>
      </trkpt>
      <trkpt lat="36.77185940556228" lon="-118.384242458269">
        <time>2005-06-18T20:32:09-07:00</time>
      </trkpt>
      <trkpt lat="36.771849766373634" lon="-118.38433340191841">
        <time>2005-06-18T20:32:15-07:00</time>
      </trkpt>
      <trkpt lat="36.7718652728945" lon="-118.38436064310372">
        <time>2005-06-18T20:32:20-07:00</time>
      </trkpt>
      <trkpt lat="36.77188019268215" lon="-118.38441764004529">
        <time>2005-06-18T20:32:21-07:00</time>
      </trkpt>
      <trkpt lat="36.77187600173056" lon="-118.38443029671907">
        <time>2005-06-18T20:32:28-07:00</time>
      </trkpt>
      <trkpt lat="36.77187248133123" lon="-118.38443968445063">
        <time>2005-06-18T20:32:30-07:00</time>
      </trkpt>
      <trkpt lat="36.771869882941246" lon="-118.3845273591578">
        <time>2005-06-18T20:32:34-07:00</time>
      </trkpt>
      <trkpt lat="36.77187549881637" lon="-118.38454102165997">
        <time>2005-06-18T20:32:35-07:00</time>
      </trkpt>
      <trkpt lat="36.77189678885043" lon="-118.38459340855479">
        <time>2005-06-18T20:32:36-07:00</time>
      </trkpt>
      <trkpt lat="36.771891843527555" lon="-118.38465761393309">
        <time>2005-06-18T20:32:43-07:00</time>
      </trkpt>
      <trkpt lat="36.77187642082572" lon="-118.38465593755245">
        <time>2005-06-18T20:32:44-07:00</time>
      </trkpt>
      <trkpt lat="36.77186720073223" lon="-118.3846552670002">
        <time>2005-06-18T20:32:50-07:00</time>
      </trkpt>
      <trkpt lat="36.771857058629394" lon="-118.38464705273509">
        <time>2005-06-18T20:32:54-07:00</time>
      </trkpt>
      <trkpt lat="36.77183886989951" lon="-118.38464965112507">
        <time>2005-06-18T20:32:56-07:00</time>
      </trkpt>
      <trkpt lat="36.7718602437526" lon="-118.38471352122724">
        <time>2005-06-18T20:32:57-07:00</time>
      </trkpt>
      <trkpt lat="36.771862925961614" lon="-118.38472466915846">
        <time>2005-06-18T20:32:58-07:00</time>
      </trkpt>
      <trkpt lat="36.771880025044084" lon="-118.38476506993175">
        <time>2005-06-18T20:33:03-07:00</time>
      </trkpt>
      <trkpt lat="36.77188077941537" lon="-118.38483422063291">
        <time>2005-06-18T20:33:08-07:00</time>
      </trkpt>
      <trkpt lat="36.77188279107213" lon="-118.38485106825829">
        <time>2005-06-18T20:33:09-07:00</time>
      </trkpt>
      <trkpt lat="36.77189259789884" lon="-118.38491393253207">
        <time>2005-06-18T20:33:13-07:00</time>
      </trkpt>
      <trkpt lat="36.771889412775636" lon="-118.38493631221354">
        <time>2005-06-18T20:33:18-07:00</time>
      </trkpt>
      <trkpt lat="36.77189561538398" lon="-118.38497042655945">
        <time>2005-06-18T20:33:19-07:00</time>
      </trkpt>
      <trkpt lat="36.77189494483173" lon="-118.38499180041254">
        <time>2005-06-18T20:33:24-07:00</time>
      </trkpt>
      <trkpt lat="36.77187994122505" lon="-118.38504385203123">
        <time>2005-06-18T20:33:26-07:00</time>
      </trkpt>
      <trkpt lat="36.771878181025386" lon="-118.38505391031504">
        <time>2005-06-18T20:33:29-07:00</time>
      </trkpt>
      <trkpt lat="36.77188144996762" lon="-118.38506975211203">
        <time>2005-06-18T20:33:31-07:00</time>
      </trkpt>
      <trkpt lat="36.7718618363142" lon="-118.3851333707571">
        <time>2005-06-18T20:33:35-07:00</time>
      </trkpt>
      <trkpt lat="36.77186015993357" lon="-118.38514904491603">
        <time>2005-06-18T20:33:36-07:00</time>
      </trkpt>
      <trkpt lat="36.77185672335327" lon="-118.3852131664753">
        <time>2005-06-18T20:33:37-07:00</time>
      </trkpt>
      <trkpt lat="36.77184599451721" lon="-118.3852834906429">
        <time>2005-06-18T20:33:42-07:00</time>
      </trkpt>
      <trkpt lat="36.7718464974314" lon="-118.38530025444925">
        <time>2005-06-18T20:33:43-07:00</time>
      </trkpt>
      <trkpt lat="36.77184750325978" lon="-118.38531601242721">
        <time>2005-06-18T20:33:48-07:00</time>
      </trkpt>
      <trkpt lat="36.771842809394" lon="-118.38537435047328">
        <time>2005-06-18T20:33:53-07:00</time>
      </trkpt>
      <trkpt lat="36.77184524014592" lon="-118.38545615784824">
        <time>2005-06-18T20:33:54-07:00</time>
      </trkpt>
      <trkpt lat="36.771841049194336" lon="-118.3854774478823">
        <time>2005-06-18T20:33:55-07:00</time>
      </trkpt>
      <trkpt lat="36.77182797342539" lon="-118.38554307818413">
        <time>2005-06-18T20:33:59-07:00</time>
      </trkpt>
      <trkpt lat="36.77183040417731" lon="-118.38557501323521">
        <time>2005-06-18T20:34:04-07:00</time>
      </trkpt>
      <trkpt lat="36.77182554267347" lon="-118.38562781922519">
        <time>2005-06-18T20:34:06-07:00</time>
      </trkpt>
      <trkpt lat="36.77181925624609" lon="-118.38567811064422">
        <time>2005-06-18T20:34:11-07:00</time>
      </trkpt>
      <trkpt lat="36.77179880440235" lon="-118.3857155777514">
        <time>2005-06-18T20:34:13-07:00</time>
      </trkpt>
      <trkpt lat="36.771783800795674" lon="-118.38578900322318">
        <time>2005-06-18T20:34:16-07:00</time>
      </trkpt>
      <trkpt lat="36.77177826873958" lon="-118.38581926189363">
        <time>2005-06-18T20:34:19-07:00</time>
      </trkpt>
      <trkpt lat="36.77175672724843" lon="-118.3858723193407">
        <time>2005-06-18T20:34:22-07:00</time>
      </trkpt>
      <trkpt lat="36.771720768883824" lon="-118.38589729741216">
        <time>2005-06-18T20:34:27-07:00</time>
      </trkpt>
      <trkpt lat="36.77170936949551" lon="-118.3859040029347">
        <time>2005-06-18T20:34:29-07:00</time>
      </trkpt>
      <trkpt lat="36.77166234701872" lon="-118.38592244312167">
        <time>2005-06-18T20:34:32-07:00</time>
      </trkpt>
      <trkpt lat="36.77163066342473" lon="-118.38593870401382">
        <time>2005-06-18T20:34:36-07:00</time>
      </trkpt>
      <trkpt lat="36.77161892876029" lon="-118.3859484270215">
        <time>2005-06-18T20:34:37-07:00</time>
      </trkpt>
      <trkpt lat="36.77159001119435" lon="-118.3859901688993">
        <time>2005-06-18T20:34:41-07:00</time>
      </trkpt>
      <trkpt lat="36.771561009809375" lon="-118.38603367097676">
        <time>2005-06-18T20:34:43-07:00</time>
      </trkpt>
      <trkpt lat="36.771540977060795" lon="-118.3860335033387">
        <time>2005-06-18T20:34:44-07:00</time>
      </trkpt>
      <trkpt lat="36.77153594791889" lon="-118.38602419942617">
        <time>2005-06-18T20:34:48-07:00</time>
      </trkpt>
      <trkpt lat="36.77152429707348" lon="-118.38600961491466">
        <time>2005-06-18T20:34:52-07:00</time>
      </trkpt>
      <trkpt lat="36.77151390351355" lon="-118.38600517250597">
        <time>2005-06-18T20:34:55-07:00</time>
      </trkpt>
      <trkpt lat="36.77151449024677" lon="-118.3860245347023">
        <time>2005-06-18T20:34:56-07:00</time>
      </trkpt>
      <trkpt lat="36.77149730734527" lon="-118.3860433101654">
        <time>2005-06-18T20:34:58-07:00</time>
      </trkpt>
      <trkpt lat="36.77148356102407" lon="-118.38604783639312">
        <time>2005-06-18T20:35:00-07:00</time>
      </trkpt>
      <trkpt lat="36.77145950496197" lon="-118.38604507036507">
        <time>2005-06-18T20:35:03-07:00</time>
      </trkpt>
      <trkpt lat="36.771454978734255" lon="-118.38604582473636">
        <time>2005-06-18T20:35:05-07:00</time>
      </trkpt>
      <trkpt lat="36.77143997512758" lon="-118.38603124022484">
        <time>2005-06-18T20:35:07-07:00</time>
      </trkpt>
      <trkpt lat="36.771404687315226" lon="-118.38603710755706">
        <time>2005-06-18T20:35:12-07:00</time>
      </trkpt>
      <trkpt lat="36.77137015387416" lon="-118.38605781085789">
        <time>2005-06-18T20:35:13-07:00</time>
      </trkpt>
      <trkpt lat="36.771341068670154" lon="-118.38609083555639">
        <time>2005-06-18T20:35:16-07:00</time>
      </trkpt>
      <trkpt lat="36.77132816053927" lon="-118.38610961101949">
        <time>2005-06-18T20:35:20-07:00</time>
      </trkpt>
      <trkpt lat="36.771291280165315" lon="-118.38612905703485">
        <time>2005-06-18T20:35:23-07:00</time>
      </trkpt>
      <trkpt lat="36.771236043423414" lon="-118.38614892214537">
        <time>2005-06-18T20:35:26-07:00</time>
      </trkpt>
      <trkpt lat="36.77122414112091" lon="-118.38615654967725">
        <time>2005-06-18T20:35:28-07:00</time>
      </trkpt>
      <trkpt lat="36.77116001956165" lon="-118.38619971647859">
        <time>2005-06-18T20:35:32-07:00</time>
      </trkpt>
      <trkpt lat="36.771137388423085" lon="-118.38620549999177">
        <time>2005-06-18T20:35:36-07:00</time>
      </trkpt>
      <trkpt lat="36.7711072973907" lon="-118.38621840812266">
        <time>2005-06-18T20:35:37-07:00</time>
      </trkpt>
      <trkpt lat="36.77108441479504" lon="-118.38623207062483">
        <time>2005-06-18T20:35:43-07:00</time>
      </trkpt>
      <trkpt lat="36.77105398848653" lon="-118.38623316027224">
        <time>2005-06-18T20:35:45-07:00</time>
      </trkpt>
      <trkpt lat="36.77101442590356" lon="-118.38623978197575">
        <time>2005-06-18T20:35:48-07:00</time>
      </trkpt>
      <trkpt lat="36.77094066515565" lon="-118.38625377975404">
        <time>2005-06-18T20:35:50-07:00</time>
      </trkpt>
      <trkpt lat="36.77093043923378" lon="-118.38625461794436">
        <time>2005-06-18T20:35:52-07:00</time>
      </trkpt>
      <trkpt lat="36.77083706483245" lon="-118.38623416610062">
        <time>2005-06-18T20:35:55-07:00</time>
      </trkpt>
      <trkpt lat="36.77080697380006" lon="-118.3862235210836">
        <time>2005-06-18T20:36:02-07:00</time>
      </trkpt>
      <trkpt lat="36.770743019878864" lon="-118.38620851747692">
        <time>2005-06-18T20:36:03-07:00</time>
      </trkpt>
      <trkpt lat="36.77071049809456" lon="-118.38619384914637">
        <time>2005-06-18T20:36:11-07:00</time>
      </trkpt>
      <trkpt lat="36.770695159211755" lon="-118.38616685941815">
        <time>2005-06-18T20:36:13-07:00</time>
      </trkpt>
      <trkpt lat="36.77066506817937" lon="-118.3861405402422">
        <time>2005-06-18T20:36:19-07:00</time>
      </trkpt>
      <trkpt lat="36.77064361050725" lon="-118.386140037328">
        <time>2005-06-18T20:36:24-07:00</time>
      </trkpt>
      <trkpt lat="36.77062684670091" lon="-118.38614020496607">
        <time>2005-06-18T20:36:27-07:00</time>
      </trkpt>
      <trkpt lat="36.770535400137305" lon="-118.3861730620265">
        <time>2005-06-18T20:36:32-07:00</time>
      </trkpt>
      <trkpt lat="36.77050153724849" lon="-118.38618848472834">
        <time>2005-06-18T20:36:34-07:00</time>
      </trkpt>
      <trkpt lat="36.770452251657844" lon="-118.38620885275304">
        <time>2005-06-18T20:36:36-07:00</time>
      </trkpt>
      <trkpt lat="36.77038117311895" lon="-118.38621580973268">
        <time>2005-06-18T20:36:44-07:00</time>
      </trkpt>
      <trkpt lat="36.77036960609257" lon="-118.38621740229428">
        <time>2005-06-18T20:36:46-07:00</time>
      </trkpt>
      <trkpt lat="36.77030632272363" lon="-118.3862230181694">
        <time>2005-06-18T20:36:53-07:00</time>
      </trkpt>
      <trkpt lat="36.770280338823795" lon="-118.38622586801648">
        <time>2005-06-18T20:37:00-07:00</time>
      </trkpt>
      <trkpt lat="36.77027924917638" lon="-118.3862211741507">
        <time>2005-06-18T20:37:01-07:00</time>
      </trkpt>
      <trkpt lat="36.77024982869625" lon="-118.38618622161448">
        <time>2005-06-18T20:37:08-07:00</time>
      </trkpt>
      <trkpt lat="36.77024630829692" lon="-118.38618211448193">
        <time>2005-06-18T20:37:14-07:00</time>
      </trkpt>
      <trkpt lat="36.77018830552697" lon="-118.38621505536139">
        <time>2005-06-18T20:37:16-07:00</time>
      </trkpt>
      <trkpt lat="36.77010758779943" lon="-118.38624212890863">
        <time>2005-06-18T20:37:23-07:00</time>
      </trkpt>
      <trkpt lat="36.77003005519509" lon="-118.38628202676773">
        <time>2005-06-18T20:37:24-07:00</time>
      </trkpt>
      <trkpt lat="36.769981272518635" lon="-118.38628504425287">
        <time>2005-06-18T20:37:31-07:00</time>
      </trkpt>
      <trkpt lat="36.76996232941747" lon="-118.38628973811865">
        <time>2005-06-18T20:37:38-07:00</time>
      </trkpt>
      <trkpt lat="36.76989829167724" lon="-118.38631421327591">
        <time>2005-06-18T20:37:45-07:00</time>
      </trkpt>
      <trkpt lat="36.769882114604115" lon="-118.38630775921047">
        <time>2005-06-18T20:37:51-07:00</time>
      </trkpt>
      <trkpt lat="36.769835175946355" lon="-118.38628261350095">
        <time>2005-06-18T20:37:53-07:00</time>
      </trkpt>
      <trkpt lat="36.76980072632432" lon="-118.38626543059945">
        <time>2005-06-18T20:38:00-07:00</time>
      </trkpt>
      <trkpt lat="36.76978748291731" lon="-118.38625847361982">
        <time>2005-06-18T20:38:02-07:00</time>
      </trkpt>
      <trkpt lat="36.76978739909828" lon="-118.38625838980079">
        <time>2005-06-18T20:38:07-07:00</time>
      </trkpt>
      <trkpt lat="36.76975253038108" lon="-118.38623140007257">
        <time>2005-06-18T20:38:13-07:00</time>
      </trkpt>
      <trkpt lat="36.76975814625621" lon="-118.38617507368326">
        <time>2005-06-18T20:38:20-07:00</time>
      </trkpt>
      <trkpt lat="36.7697396222502" lon="-118.38611237704754">
        <time>2005-06-18T20:38:21-07:00</time>
      </trkpt>
      <trkpt lat="36.76973375491798" lon="-118.38608622550964">
        <time>2005-06-18T20:38:27-07:00</time>
      </trkpt>
      <trkpt lat="36.76971246488392" lon="-118.38602780364454">
        <time>2005-06-18T20:38:32-07:00</time>
      </trkpt>
      <trkpt lat="36.76968052983284" lon="-118.38600257411599">
        <time>2005-06-18T20:38:38-07:00</time>
      </trkpt>
      <trkpt lat="36.76967918872833" lon="-118.38599075563252">
        <time>2005-06-18T20:38:40-07:00</time>
      </trkpt>
      <trkpt lat="36.76967717707157" lon="-118.38599829934537">
        <time>2005-06-18T20:38:48-07:00</time>
      </trkpt>
      <trkpt lat="36.76968681626022" lon="-118.3859812002629">
        <time>2005-06-18T20:38:54-07:00</time>
      </trkpt>
      <trkpt lat="36.76969461143017" lon="-118.38597835041583">
        <time>2005-06-18T20:39:00-07:00</time>
      </trkpt>
      <trkpt lat="36.76968656480312" lon="-118.38597156107426">
        <time>2005-06-18T20:39:07-07:00</time>
      </trkpt>
      <trkpt lat="36.769695868715644" lon="-118.3859711419791">
        <time>2005-06-18T20:39:15-07:00</time>
      </trkpt>
      <trkpt lat="36.76968631334603" lon="-118.3859883248806">
        <time>2005-06-18T20:39:25-07:00</time>
      </trkpt>
      <trkpt lat="36.769682206213474" lon="-118.38598296046257">
        <time>2005-06-18T20:39:34-07:00</time>
      </trkpt>
      <trkpt lat="36.769687654450536" lon="-118.38597281835973">
        <time>2005-06-18T20:39:38-07:00</time>
      </trkpt>
      <trkpt lat="36.76966309547424" lon="-118.3859938569367">
        <time>2005-06-18T20:39:43-07:00</time>
      </trkpt>
      <trkpt lat="36.76967206411064" lon="-118.38598497211933">
        <time>2005-06-18T20:39:53-07:00</time>
      </trkpt>
      <trkpt lat="36.769676841795444" lon="-118.38598723523319">
        <time>2005-06-18T20:40:01-07:00</time>
      </trkpt>
      <trkpt lat="36.7696775123477" lon="-118.385986732319">
        <time>2005-06-18T20:40:13-07:00</time>
      </trkpt>
      <trkpt lat="36.76967818289995" lon="-118.38598011061549">
        <time>2005-06-18T20:40:20-07:00</time>
      </trkpt>
      <trkpt lat="36.769676338881254" lon="-118.38598044589162">
        <time>2005-06-18T20:40:24-07:00</time>
      </trkpt>
      <trkpt lat="36.76967558450997" lon="-118.38598748669028">
        <time>2005-06-18T20:40:25-07:00</time>
      </trkpt>
      <trkpt lat="36.76967969164252" lon="-118.38597449474037">
        <time>2005-06-18T20:40:32-07:00</time>
      </trkpt>
      <trkpt lat="36.76967449486256" lon="-118.38599804788828">
        <time>2005-06-18T20:40:38-07:00</time>
      </trkpt>
      <trkpt lat="36.76968430168927" lon="-118.38598220609128">
        <time>2005-06-18T20:40:46-07:00</time>
      </trkpt>
      <trkpt lat="36.76968187093735" lon="-118.38598530739546">
        <time>2005-06-18T20:40:56-07:00</time>
      </trkpt>
      <trkpt lat="36.76967759616673" lon="-118.38598748669028">
        <time>2005-06-18T20:41:02-07:00</time>
      </trkpt>
      <trkpt lat="36.769688576459885" lon="-118.38597223162651">
        <time>2005-06-18T20:41:09-07:00</time>
      </trkpt>
      <trkpt lat="36.769670471549034" lon="-118.38598505593836">
        <time>2005-06-18T20:41:10-07:00</time>
      </trkpt>
      <trkpt lat="36.76966686733067" lon="-118.38598555885255">
        <time>2005-06-18T20:41:12-07:00</time>
      </trkpt>
      <trkpt lat="36.76967206411064" lon="-118.38597659021616">
        <time>2005-06-18T20:41:18-07:00</time>
      </trkpt>
      <trkpt lat="36.769672986119986" lon="-118.3859764225781">
        <time>2005-06-18T20:41:27-07:00</time>
      </trkpt>
      <trkpt lat="36.76967524923384" lon="-118.38596921414137">
        <time>2005-06-18T20:41:34-07:00</time>
      </trkpt>
      <trkpt lat="36.76967273466289" lon="-118.38597466237843">
        <time>2005-06-18T20:41:38-07:00</time>
      </trkpt>
      <trkpt lat="36.76967265084386" lon="-118.38597374036908">
        <time>2005-06-18T20:41:39-07:00</time>
      </trkpt>
      <trkpt lat="36.76965027116239" lon="-118.38599779643118">
        <time>2005-06-18T20:41:40-07:00</time>
      </trkpt>
      <trkpt lat="36.76967860199511" lon="-118.38598312810063">
        <time>2005-06-18T20:41:41-07:00</time>
      </trkpt>
      <trkpt lat="36.76968363113701" lon="-118.38597793132067">
        <time>2005-06-18T20:41:42-07:00</time>
      </trkpt>
      <trkpt lat="36.769660748541355" lon="-118.38598388247192">
        <time>2005-06-18T20:41:48-07:00</time>
      </trkpt>
      <trkpt lat="36.76965773105621" lon="-118.3859830442816">
        <time>2005-06-18T20:41:52-07:00</time>
      </trkpt>
      <trkpt lat="36.76965789869428" lon="-118.3859830442816">
        <time>2005-06-18T20:41:58-07:00</time>
      </trkpt>
      <trkpt lat="36.769659826532006" lon="-118.38598572649062">
        <time>2005-06-18T20:42:01-07:00</time>
      </trkpt>
      <trkpt lat="36.769668543711305" lon="-118.3859796077013">
        <time>2005-06-18T20:42:02-07:00</time>
      </trkpt>
      <trkpt lat="36.76967650651932" lon="-118.38597994297743">
        <time>2005-06-18T20:42:04-07:00</time>
      </trkpt>
      <trkpt lat="36.76967801526189" lon="-118.38597860187292">
        <time>2005-06-18T20:42:10-07:00</time>
      </trkpt>
      <trkpt lat="36.7696706391871" lon="-118.38598153553903">
        <time>2005-06-18T20:42:19-07:00</time>
      </trkpt>
      <trkpt lat="36.76967474631965" lon="-118.38598480448127">
        <time>2005-06-18T20:42:28-07:00</time>
      </trkpt>
      <trkpt lat="36.769671561196446" lon="-118.38598664849997">
        <time>2005-06-18T20:42:29-07:00</time>
      </trkpt>
      <trkpt lat="36.76968497224152" lon="-118.38598689995706">
        <time>2005-06-18T20:42:35-07:00</time>
      </trkpt>
      <trkpt lat="36.769680781289935" lon="-118.38598044589162">
        <time>2005-06-18T20:42:43-07:00</time>
      </trkpt>
      <trkpt lat="36.76968899555504" lon="-118.3859798591584">
        <time>2005-06-18T20:42:48-07:00</time>
      </trkpt>
      <trkpt lat="36.76970249041915" lon="-118.38598907925189">
        <time>2005-06-18T20:43:00-07:00</time>
      </trkpt>
      <trkpt lat="36.76969528198242" lon="-118.3859885763377">
        <time>2005-06-18T20:43:11-07:00</time>
      </trkpt>
      <trkpt lat="36.76969553343952" lon="-118.38598866015673">
        <time>2005-06-18T20:43:18-07:00</time>
      </trkpt>
      <trkpt lat="36.76969679072499" lon="-118.3859830442816">
        <time>2005-06-18T20:43:28-07:00</time>
      </trkpt>
      <trkpt lat="36.76970240660012" lon="-118.38598849251866">
        <time>2005-06-18T20:43:35-07:00</time>
      </trkpt>
      <trkpt lat="36.76968480460346" lon="-118.38598949834704">
        <time>2005-06-18T20:43:38-07:00</time>
      </trkpt>
      <trkpt lat="36.76970408298075" lon="-118.38598044589162">
        <time>2005-06-18T20:43:42-07:00</time>
      </trkpt>
      <trkpt lat="36.769686648622155" lon="-118.3859848883003">
        <time>2005-06-18T20:43:51-07:00</time>
      </trkpt>
      <trkpt lat="36.76968203857541" lon="-118.38598597794771">
        <time>2005-06-18T20:44:04-07:00</time>
      </trkpt>
      <trkpt lat="36.769680278375745" lon="-118.38598522357643">
        <time>2005-06-18T20:44:13-07:00</time>
      </trkpt>
      <trkpt lat="36.76967801526189" lon="-118.38599025271833">
        <time>2005-06-18T20:44:21-07:00</time>
      </trkpt>
      <trkpt lat="36.76967759616673" lon="-118.38599612005055">
        <time>2005-06-18T20:44:27-07:00</time>
      </trkpt>
      <trkpt lat="36.76968061365187" lon="-118.38599184527993">
        <time>2005-06-18T20:44:29-07:00</time>
      </trkpt>
      <trkpt lat="36.76968002691865" lon="-118.3859915100038">
        <time>2005-06-18T20:44:31-07:00</time>
      </trkpt>
      <trkpt lat="36.769685223698616" lon="-118.3859793562442">
        <time>2005-06-18T20:44:34-07:00</time>
      </trkpt>
      <trkpt lat="36.76968497224152" lon="-118.38597281835973">
        <time>2005-06-18T20:44:39-07:00</time>
      </trkpt>
      <trkpt lat="36.76968430168927" lon="-118.38597977533937">
        <time>2005-06-18T20:44:40-07:00</time>
      </trkpt>
      <trkpt lat="36.76968337967992" lon="-118.38598824106157">
        <time>2005-06-18T20:44:45-07:00</time>
      </trkpt>
      <trkpt lat="36.769684134051204" lon="-118.38598757050931">
        <time>2005-06-18T20:44:47-07:00</time>
      </trkpt>
      <trkpt lat="36.76968581043184" lon="-118.38598555885255">
        <time>2005-06-18T20:44:48-07:00</time>
      </trkpt>
      <trkpt lat="36.769681284204125" lon="-118.38598924688995">
        <time>2005-06-18T20:44:55-07:00</time>
      </trkpt>
      <trkpt lat="36.76967767998576" lon="-118.38598866015673">
        <time>2005-06-18T20:44:56-07:00</time>
      </trkpt>
      <trkpt lat="36.76967315375805" lon="-118.38598924688995">
        <time>2005-06-18T20:44:58-07:00</time>
      </trkpt>
      <trkpt lat="36.76967130973935" lon="-118.38598966598511">
        <time>2005-06-18T20:44:59-07:00</time>
      </trkpt>
      <trkpt lat="36.769684720784426" lon="-118.38601179420948">
        <time>2005-06-18T20:45:00-07:00</time>
      </trkpt>
      <trkpt lat="36.76969042047858" lon="-118.38600986637175">
        <time>2005-06-18T20:45:01-07:00</time>
      </trkpt>
      <trkpt lat="36.7696962878108" lon="-118.38600844144821">
        <time>2005-06-18T20:45:02-07:00</time>
      </trkpt>
      <trkpt lat="36.76969184540212" lon="-118.38601305149496">
        <time>2005-06-18T20:45:08-07:00</time>
      </trkpt>
      <trkpt lat="36.76968304440379" lon="-118.38601305149496">
        <time>2005-06-18T20:45:13-07:00</time>
      </trkpt>
      <trkpt lat="36.769679775461555" lon="-118.38599662296474">
        <time>2005-06-18T20:45:14-07:00</time>
      </trkpt>
      <trkpt lat="36.76969092339277" lon="-118.38597843423486">
        <time>2005-06-18T20:45:16-07:00</time>
      </trkpt>
      <trkpt lat="36.7696962878108" lon="-118.38598019443452">
        <time>2005-06-18T20:45:17-07:00</time>
      </trkpt>
      <trkpt lat="36.76969955675304" lon="-118.38597977533937">
        <time>2005-06-18T20:45:26-07:00</time>
      </trkpt>
      <trkpt lat="36.76969461143017" lon="-118.38598254136741">
        <time>2005-06-18T20:45:35-07:00</time>
      </trkpt>
      <trkpt lat="36.76968446932733" lon="-118.3860039152205">
        <time>2005-06-18T20:45:37-07:00</time>
      </trkpt>
      <trkpt lat="36.76967893727124" lon="-118.38601271621883">
        <time>2005-06-18T20:45:38-07:00</time>
      </trkpt>
      <trkpt lat="36.7696806974709" lon="-118.38600349612534">
        <time>2005-06-18T20:45:46-07:00</time>
      </trkpt>
      <trkpt lat="36.76968446932733" lon="-118.38600777089596">
        <time>2005-06-18T20:45:54-07:00</time>
      </trkpt>
      <trkpt lat="36.769682792946696" lon="-118.38600349612534">
        <time>2005-06-18T20:46:02-07:00</time>
      </trkpt>
      <trkpt lat="36.76968933083117" lon="-118.38600290939212">
        <time>2005-06-18T20:46:12-07:00</time>
      </trkpt>
      <trkpt lat="36.769678266718984" lon="-118.38600936345756">
        <time>2005-06-18T20:46:20-07:00</time>
      </trkpt>
      <trkpt lat="36.769679775461555" lon="-118.38600299321115">
        <time>2005-06-18T20:46:23-07:00</time>
      </trkpt>
      <trkpt lat="36.76967952400446" lon="-118.38601062074304">
        <time>2005-06-18T20:46:27-07:00</time>
      </trkpt>
      <trkpt lat="36.769669968634844" lon="-118.3859954494983">
        <time>2005-06-18T20:46:31-07:00</time>
      </trkpt>
      <trkpt lat="36.769672986119986" lon="-118.3859949465841">
        <time>2005-06-18T20:46:34-07:00</time>
      </trkpt>
      <trkpt lat="36.76967457868159" lon="-118.38599134236574">
        <time>2005-06-18T20:46:43-07:00</time>
      </trkpt>
      <trkpt lat="36.769674411043525" lon="-118.38599117472768">
        <time>2005-06-18T20:46:50-07:00</time>
      </trkpt>
      <trkpt lat="36.76967415958643" lon="-118.38599662296474">
        <time>2005-06-18T20:46:55-07:00</time>
      </trkpt>
      <trkpt lat="36.769677847623825" lon="-118.38600031100214">
        <time>2005-06-18T20:47:00-07:00</time>
      </trkpt>
      <trkpt lat="36.769675919786096" lon="-118.38600609451532">
        <time>2005-06-18T20:47:01-07:00</time>
      </trkpt>
      <trkpt lat="36.76968044601381" lon="-118.38601573370397">
        <time>2005-06-18T20:47:04-07:00</time>
      </trkpt>
      <trkpt lat="36.769670555368066" lon="-118.38600969873369">
        <time>2005-06-18T20:47:06-07:00</time>
      </trkpt>
      <trkpt lat="36.76965764723718" lon="-118.3860110398382">
        <time>2005-06-18T20:47:07-07:00</time>
      </trkpt>
      <trkpt lat="36.76965856924653" lon="-118.38601523078978">
        <time>2005-06-18T20:47:08-07:00</time>
      </trkpt>
      <trkpt lat="36.76966770552099" lon="-118.3859951980412">
        <time>2005-06-18T20:47:10-07:00</time>
      </trkpt>
      <trkpt lat="36.76966887898743" lon="-118.3859883248806">
        <time>2005-06-18T20:47:14-07:00</time>
      </trkpt>
      <trkpt lat="36.76967508159578" lon="-118.385997293517">
        <time>2005-06-18T20:47:17-07:00</time>
      </trkpt>
      <trkpt lat="36.76967122592032" lon="-118.38598421774805">
        <time>2005-06-18T20:47:23-07:00</time>
      </trkpt>
      <trkpt lat="36.769655300304294" lon="-118.38599972426891">
        <time>2005-06-18T20:47:33-07:00</time>
      </trkpt>
      <trkpt lat="36.76966988481581" lon="-118.38599435985088">
        <time>2005-06-18T20:47:41-07:00</time>
      </trkpt>
      <trkpt lat="36.76968748681247" lon="-118.38599645532668">
        <time>2005-06-18T20:47:50-07:00</time>
      </trkpt>
      <trkpt lat="36.76969142630696" lon="-118.385997293517">
        <time>2005-06-18T20:47:54-07:00</time>
      </trkpt>
      <trkpt lat="36.76968656480312" lon="-118.38598723523319">
        <time>2005-06-18T20:47:59-07:00</time>
      </trkpt>
      <trkpt lat="36.76968237385154" lon="-118.38598698377609">
        <time>2005-06-18T20:48:01-07:00</time>
      </trkpt>
      <trkpt lat="36.76965865306556" lon="-118.38599880225956">
        <time>2005-06-18T20:48:05-07:00</time>
      </trkpt>
      <trkpt lat="36.769643649458885" lon="-118.38601363822818">
        <time>2005-06-18T20:48:09-07:00</time>
      </trkpt>
      <trkpt lat="36.76965563558042" lon="-118.38602310977876">
        <time>2005-06-18T20:48:19-07:00</time>
      </trkpt>
      <trkpt lat="36.76965789869428" lon="-118.38601699098945">
        <time>2005-06-18T20:48:27-07:00</time>
      </trkpt>
      <trkpt lat="36.769667621701956" lon="-118.38601179420948">
        <time>2005-06-18T20:48:35-07:00</time>
      </trkpt>
      <trkpt lat="36.76966619677842" lon="-118.38601665571332">
        <time>2005-06-18T20:48:43-07:00</time>
      </trkpt>
      <trkpt lat="36.769675919786096" lon="-118.38601388968527">
        <time>2005-06-18T20:48:45-07:00</time>
      </trkpt>
      <trkpt lat="36.769680781289935" lon="-118.38601246476173">
        <time>2005-06-18T20:48:53-07:00</time>
      </trkpt>
      <trkpt lat="36.76968899555504" lon="-118.38600659742951">
        <time>2005-06-18T20:48:54-07:00</time>
      </trkpt>
      <trkpt lat="36.76968044601381" lon="-118.38601120747626">
        <time>2005-06-18T20:48:59-07:00</time>
      </trkpt>
      <trkpt lat="36.769683714956045" lon="-118.38600676506758">
        <time>2005-06-18T20:49:06-07:00</time>
      </trkpt>
      <trkpt lat="36.769678266718984" lon="-118.38601229712367">
        <time>2005-06-18T20:49:14-07:00</time>
      </trkpt>
      <trkpt lat="36.76966393366456" lon="-118.38600584305823">
        <time>2005-06-18T20:49:20-07:00</time>
      </trkpt>
      <trkpt lat="36.76966619677842" lon="-118.38600567542017">
        <time>2005-06-18T20:49:28-07:00</time>
      </trkpt>
      <trkpt lat="36.7696600779891" lon="-118.38601045310497">
        <time>2005-06-18T20:49:37-07:00</time>
      </trkpt>
      <trkpt lat="36.76967742852867" lon="-118.3859899174422">
        <time>2005-06-18T20:49:44-07:00</time>
      </trkpt>
      <trkpt lat="36.76967809908092" lon="-118.3859864808619">
        <time>2005-06-18T20:49:46-07:00</time>
      </trkpt>
      <trkpt lat="36.76969025284052" lon="-118.3859748300165">
        <time>2005-06-18T20:49:53-07:00</time>
      </trkpt>
      <trkpt lat="36.76969067193568" lon="-118.3859745785594">
        <time>2005-06-18T20:49:59-07:00</time>
      </trkpt>
      <trkpt lat="36.76968287676573" lon="-118.3859851397574">
        <time>2005-06-18T20:50:01-07:00</time>
      </trkpt>
      <trkpt lat="36.76970215514302" lon="-118.38598455302417">
        <time>2005-06-18T20:50:10-07:00</time>
      </trkpt>
      <trkpt lat="36.769712967798114" lon="-118.38598606176674">
        <time>2005-06-18T20:50:12-07:00</time>
      </trkpt>
      <trkpt lat="36.76977038383484" lon="-118.38604448363185">
        <time>2005-06-18T20:50:22-07:00</time>
      </trkpt>
      <trkpt lat="36.76981195807457" lon="-118.38607558049262">
        <time>2005-06-18T20:50:27-07:00</time>
      </trkpt>
      <trkpt lat="36.76981866359711" lon="-118.38607667014003">
        <time>2005-06-18T20:50:28-07:00</time>
      </trkpt>
      <trkpt lat="36.76981749013066" lon="-118.38607650250196">
        <time>2005-06-18T20:50:35-07:00</time>
      </trkpt>
      <trkpt lat="36.76980994641781" lon="-118.38607650250196">
        <time>2005-06-18T20:50:41-07:00</time>
      </trkpt>
      <trkpt lat="36.76975739188492" lon="-118.38605144061148">
        <time>2005-06-18T20:50:51-07:00</time>
      </trkpt>
      <trkpt lat="36.76968840882182" lon="-118.38601824827492">
        <time>2005-06-18T20:51:03-07:00</time>
      </trkpt>
      <trkpt lat="36.7696806974709" lon="-118.38599092327058">
        <time>2005-06-18T20:51:12-07:00</time>
      </trkpt>
      <trkpt lat="36.76969025284052" lon="-118.3859748300165">
        <time>2005-06-18T20:51:18-07:00</time>
      </trkpt>
      <trkpt lat="36.769688660278916" lon="-118.38598052971065">
        <time>2005-06-18T20:51:25-07:00</time>
      </trkpt>
      <trkpt lat="36.76969025284052" lon="-118.3859748300165">
        <time>2005-06-18T20:51:30-07:00</time>
      </trkpt>
      <trkpt lat="36.76968790590763" lon="-118.38597466237843">
        <time>2005-06-18T20:51:41-07:00</time>
      </trkpt>
      <trkpt lat="36.769689582288265" lon="-118.38598287664354">
        <time>2005-06-18T20:51:47-07:00</time>
      </trkpt>
      <trkpt lat="36.769687151536345" lon="-118.385976171121">
        <time>2005-06-18T20:51:50-07:00</time>
      </trkpt>
      <trkpt lat="36.7696740757674" lon="-118.38599377311766">
        <time>2005-06-18T20:52:01-07:00</time>
      </trkpt>
      <trkpt lat="36.76967273466289" lon="-118.38599670678377">
        <time>2005-06-18T20:52:13-07:00</time>
      </trkpt>
      <trkpt lat="36.76968036219478" lon="-118.3859951980412">
        <time>2005-06-18T20:52:21-07:00</time>
      </trkpt>
      <trkpt lat="36.76969855092466" lon="-118.3859782665968">
        <time>2005-06-18T20:52:29-07:00</time>
      </trkpt>
      <trkpt lat="36.76969754509628" lon="-118.38597323745489">
        <time>2005-06-18T20:52:31-07:00</time>
      </trkpt>
      <trkpt lat="36.76968480460346" lon="-118.38597466237843">
        <time>2005-06-18T20:52:36-07:00</time>
      </trkpt>
      <trkpt lat="36.769684720784426" lon="-118.3859777636826">
        <time>2005-06-18T20:52:41-07:00</time>
      </trkpt>
      <trkpt lat="36.76969855092466" lon="-118.38598572649062">
        <time>2005-06-18T20:52:53-07:00</time>
      </trkpt>
      <trkpt lat="36.76968648098409" lon="-118.38600332848728">
        <time>2005-06-18T20:52:55-07:00</time>
      </trkpt>
      <trkpt lat="36.76968849264085" lon="-118.38601120747626">
        <time>2005-06-18T20:53:04-07:00</time>
      </trkpt>
      <trkpt lat="36.76969209685922" lon="-118.38601489551365">
        <time>2005-06-18T20:53:10-07:00</time>
      </trkpt>
      <trkpt lat="36.7696962878108" lon="-118.38599813170731">
        <time>2005-06-18T20:53:14-07:00</time>
      </trkpt>
      <trkpt lat="36.76968589425087" lon="-118.38600425049663">
        <time>2005-06-18T20:53:19-07:00</time>
      </trkpt>
      <trkpt lat="36.769686229527" lon="-118.3859951980412">
        <time>2005-06-18T20:53:23-07:00</time>
      </trkpt>
      <trkpt lat="36.76968052983284" lon="-118.3859748300165">
        <time>2005-06-18T20:53:32-07:00</time>
      </trkpt>
      <trkpt lat="36.76970777101815" lon="-118.38598891161382">
        <time>2005-06-18T20:53:41-07:00</time>
      </trkpt>
      <trkpt lat="36.769698383286595" lon="-118.38598195463419">
        <time>2005-06-18T20:53:48-07:00</time>
      </trkpt>
      <trkpt lat="36.76969871856272" lon="-118.38599595241249">
        <time>2005-06-18T20:54:00-07:00</time>
      </trkpt>
      <trkpt lat="36.769679775461555" lon="-118.3859798591584">
        <time>2005-06-18T20:54:08-07:00</time>
      </trkpt>
      <trkpt lat="36.76968304440379" lon="-118.38599125854671">
        <time>2005-06-18T20:54:16-07:00</time>
      </trkpt>
      <trkpt lat="36.76967483013868" lon="-118.38599637150764">
        <time>2005-06-18T20:54:23-07:00</time>
      </trkpt>
      <trkpt lat="36.76967516541481" lon="-118.38598740287125">
        <time>2005-06-18T20:54:32-07:00</time>
      </trkpt>
      <trkpt lat="36.769672902300954" lon="-118.3859936054796">
        <time>2005-06-18T20:54:40-07:00</time>
      </trkpt>
      <trkpt lat="36.76967625506222" lon="-118.38599226437509">
        <time>2005-06-18T20:54:47-07:00</time>
      </trkpt>
      <trkpt lat="36.769678266718984" lon="-118.38597130961716">
        <time>2005-06-18T20:54:51-07:00</time>
      </trkpt>
      <trkpt lat="36.76968916319311" lon="-118.38597055524588">
        <time>2005-06-18T20:54:55-07:00</time>
      </trkpt>
      <trkpt lat="36.76969025284052" lon="-118.3859748300165">
        <time>2005-06-18T20:54:56-07:00</time>
      </trkpt>
      <trkpt lat="36.76969025284052" lon="-118.3859748300165">
        <time>2005-06-18T20:55:08-07:00</time>
      </trkpt>
      <trkpt lat="36.76969025284052" lon="-118.3859748300165">
        <time>2005-06-18T20:55:11-07:00</time>
      </trkpt>
      <trkpt lat="36.769689582288265" lon="-118.3859748300165">
        <time>2005-06-18T20:55:17-07:00</time>
      </trkpt>
      <trkpt lat="36.76968161948025" lon="-118.38597927242517">
        <time>2005-06-18T20:55:19-07:00</time>
      </trkpt>
      <trkpt lat="36.76967801526189" lon="-118.38598438538611">
        <time>2005-06-18T20:55:20-07:00</time>
      </trkpt>
      <trkpt lat="36.76969083957374" lon="-118.3859862294048">
        <time>2005-06-18T20:55:29-07:00</time>
      </trkpt>
      <trkpt lat="36.76968698389828" lon="-118.38598212227225">
        <time>2005-06-18T20:55:36-07:00</time>
      </trkpt>
      <trkpt lat="36.769684217870235" lon="-118.38598656468093">
        <time>2005-06-18T20:55:43-07:00</time>
      </trkpt>
      <trkpt lat="36.76968145184219" lon="-118.38598480448127">
        <time>2005-06-18T20:55:49-07:00</time>
      </trkpt>
      <trkpt lat="36.76968019455671" lon="-118.3859846368432">
        <time>2005-06-18T20:55:51-07:00</time>
      </trkpt>
      <trkpt lat="36.76968019455671" lon="-118.3859846368432">
        <time>2005-06-18T20:55:54-07:00</time>
      </trkpt>
      <trkpt lat="36.76967315375805" lon="-118.38597558438778">
        <time>2005-06-18T20:55:55-07:00</time>
      </trkpt>
    </trkseg>
  </trk>
</gpx>
